  0.100000000000000E+001  0.279797452475558E+003  0.166106368584323E+000  0.931196061708204E+000  0.138548719353892E+000  0.331104508856947E+000 -0.131028262406404E+000 -0.139898726237779E+003
  0.100000000000000E+001  0.292231116928796E+003  0.106266459498519E+001  0.132970271923389E+001  0.631098041114592E+000  0.471267320341103E+000 -0.131028262406404E+000 -0.146115558464398E+003
  0.100000000000000E+001  0.293256814261775E+003  0.169293907198344E+001  0.168081061470062E+001  0.768206323346369E+000  0.277212013274526E+000 -0.131028262406404E+000 -0.146628407130887E+003
  0.100000000000000E+001  0.279188577811868E+003  0.102474935215988E+000  0.851673517410106E+000  0.357942438440553E+000  0.249901650279985E+000 -0.131028262406404E+000 -0.139594288905934E+003
  0.100000000000000E+001  0.281187905638466E+003  0.268918934220184E+000  0.150204295248666E+001  0.775478271476242E+000  0.479477013639766E+000 -0.131028262406404E+000 -0.140593952819233E+003
  0.100000000000000E+001  0.292673072303515E+003  0.198447111951253E+001  0.134536557273952E+001  0.993571498007206E+000  0.219848605228028E+000 -0.131028262406404E+000 -0.146336536151758E+003
  0.100000000000000E+001  0.282574727739056E+003  0.104475171024603E+001  0.128006213804659E+001  0.240234261243673E+000  0.142275600472144E+000 -0.131028262406404E+000 -0.141287363869528E+003
  0.100000000000000E+001  0.281071970569932E+003  0.493981970373443E+000  0.995026323116616E+000  0.171777527291097E+000  0.202522445284466E+000 -0.131028262406404E+000 -0.140535985284966E+003
  0.100000000000000E+001  0.285111937868013E+003  0.191884235171996E+001  0.199266742113482E+001  0.490825359439115E+000  0.119383851797133E+000 -0.131028262406404E+000 -0.142555968934006E+003
  0.100000000000000E+001  0.288528988344330E+003  0.934872357451916E+000  0.679601653752424E+000  0.295794640618066E+000  0.466425437912361E+000 -0.131028262406404E+000 -0.144264494172165E+003
  0.100000000000000E+001  0.279573795320892E+003  0.114499001607581E+000  0.168484277786307E+001  0.848791195633095E+000  0.452179413872207E+000 -0.131028262406404E+000 -0.139786897660446E+003
  0.100000000000000E+001  0.288429979806048E+003  0.130524084953001E+001  0.149561419806543E+001  0.407912698718002E+000  0.257924524310882E+000 -0.131028262406404E+000 -0.144214989903024E+003
  0.100000000000000E+001  0.312530201765041E+003  0.199552187156752E+001  0.128007126329862E+001  0.470523193465714E+000  0.486471013456463E+000 -0.131028262406404E+000 -0.156265100882521E+003
  0.100000000000000E+001  0.280919667197694E+003  0.814594639604605E+000  0.154665694080654E+001  0.317140731603256E-001  0.110727840150054E+000 -0.131028262406404E+000 -0.140459833598847E+003
  0.100000000000000E+001  0.298682966933324E+003  0.173671072897007E+001  0.564673322099102E+000  0.740982954854099E+000  0.445935207489724E+000 -0.131028262406404E+000 -0.149341483466662E+003
  0.100000000000000E+001  0.282823711640451E+003  0.797125607280608E+000  0.184146213338006E+001  0.608423107000192E+000  0.206380333289254E+000 -0.131028262406404E+000 -0.141411855820225E+003
  0.100000000000000E+001  0.286164192956090E+003  0.775360712397674E+000  0.159447259839686E+001  0.313630392625781E+000  0.389067310675442E+000 -0.131028262406404E+000 -0.143082096478045E+003
  0.100000000000000E+001  0.282933071194883E+003  0.556360001040818E+000  0.761026048835514E+000  0.191321569860348E+000  0.341703508650803E+000 -0.131028262406404E+000 -0.141466535597441E+003
  0.100000000000000E+001  0.280231510731631E+003  0.508428081624531E+000  0.959589079553799E+000  0.586888267106105E+000  0.128457946218991E+000 -0.131028262406404E+000 -0.140115755365816E+003
  0.100000000000000E+001  0.295876964130896E+003  0.145815340716009E+001  0.133148488460257E+001  0.835490347079597E+000  0.384447884670470E+000 -0.131028262406404E+000 -0.147938482065448E+003
  0.100000000000000E+001  0.279897011378841E+003  0.311115263768438E+000  0.138402288040809E+001  0.967377119286650E+000  0.169793249401882E+000 -0.131028262406404E+000 -0.139948505689421E+003
  0.100000000000000E+001  0.282475249879710E+003  0.484095082631424E+000  0.549028236463456E+000  0.104177603714866E+000  0.401707430760378E+000 -0.131028262406404E+000 -0.141237624939855E+003
  0.100000000000000E+001  0.289401832242851E+003  0.174320286328417E+001  0.600949612431085E+000  0.273594580963164E+000  0.216434376126319E+000 -0.131028262406404E+000 -0.144700916121425E+003
  0.100000000000000E+001  0.284222612634131E+003  0.129848544106140E+001  0.984253196181432E+000  0.928884468867804E+000  0.156998277360476E+000 -0.131028262406404E+000 -0.142111306317066E+003
  0.100000000000000E+001  0.283807367878134E+003  0.606914622110641E+000  0.637948817682208E+000  0.460328567646955E+000  0.402428427460738E+000 -0.131028262406404E+000 -0.141903683939067E+003
  0.100000000000000E+001  0.282722187866258E+003  0.849885157851509E+000  0.198354640600944E+001  0.690027608498886E+000  0.189792268753222E+000 -0.131028262406404E+000 -0.141361093933129E+003
  0.100000000000000E+001  0.294046882700241E+003  0.159351456520519E+001  0.192995943395056E+001  0.253710257169040E+000  0.331412339832117E+000 -0.131028262406404E+000 -0.147023441350120E+003
  0.100000000000000E+001  0.300445670115129E+003  0.178211850221791E+001  0.576731997830514E+000  0.214183947241607E+000  0.469895064692288E+000 -0.131028262406404E+000 -0.150222835057565E+003
  0.100000000000000E+001  0.286768375506515E+003  0.152927053782373E+001  0.111690871630100E+001  0.698932541732935E+000  0.183521634627629E+000 -0.131028262406404E+000 -0.143384187753258E+003
  0.100000000000000E+001  0.279513715071116E+003  0.267499061400656E+000  0.189881136490044E+001  0.218290990931337E+000  0.140202326283874E+000 -0.131028262406404E+000 -0.139756857535558E+003
  0.100000000000000E+001  0.279399440732096E+003  0.310914596731238E+000  0.786108055028491E+000  0.708616500677812E+000  0.103623007637437E+000 -0.131028262406404E+000 -0.139699720366048E+003
  0.100000000000000E+001  0.293436085023477E+003  0.142714396585670E+001  0.806125266916611E+000  0.886429142214930E+000  0.372345784515093E+000 -0.131028262406404E+000 -0.146718042511738E+003
  0.100000000000000E+001  0.282512082964986E+003  0.991549757366133E+000  0.958453847388625E+000  0.536391251040109E+000  0.149384267273028E+000 -0.131028262406404E+000 -0.141256041482493E+003
  0.100000000000000E+001  0.298648877304333E+003  0.193398168409542E+001  0.194027423595527E+001  0.145747854889734E+000  0.330508618056231E+000 -0.131028262406404E+000 -0.149324438652166E+003
  0.100000000000000E+001  0.281463372278933E+003  0.639061874466104E+000  0.136024670460670E+001  0.321890189908528E+000  0.175143595689455E+000 -0.131028262406404E+000 -0.140731686139466E+003
  0.100000000000000E+001  0.279502464838519E+003  0.108245960762167E+000  0.105492301236877E+001  0.584989548143436E+000  0.398045776047917E+000 -0.131028262406404E+000 -0.139751232419259E+003
  0.100000000000000E+001  0.286872539261851E+003  0.149162153187317E+001  0.115554195967816E+001  0.610036448435561E+000  0.190433419866597E+000 -0.131028262406404E+000 -0.143436269630925E+003
  0.100000000000000E+001  0.303105154579705E+003  0.180355670472339E+001  0.199275645335566E+001  0.277712049513691E+000  0.476818959861387E+000 -0.131028262406404E+000 -0.151552577289852E+003
  0.100000000000000E+001  0.281470738278817E+003  0.546863672842255E+000  0.641227982640984E+000  0.602001431354167E+000  0.220579757088377E+000 -0.131028262406404E+000 -0.140735369139409E+003
  0.100000000000000E+001  0.297627601483008E+003  0.189994556540582E+001  0.662232930565426E+000  0.172042172849538E+000  0.341433130592201E+000 -0.131028262406404E+000 -0.148813800741504E+003
  0.100000000000000E+001  0.281411192185681E+003  0.573449434277165E+000  0.153048472663420E+001  0.466312258615832E+000  0.194068592291578E+000 -0.131028262406404E+000 -0.140705596092840E+003
  0.100000000000000E+001  0.279705942613080E+003  0.206492464873965E+000  0.755601029725835E+000  0.794277174075916E-001  0.234323314783250E+000 -0.131028262406404E+000 -0.139852971306540E+003
  0.100000000000000E+001  0.285424989443320E+003  0.941794513764503E+000  0.199859672005441E+001  0.121744142794862E+000  0.288253777557891E+000 -0.131028262406404E+000 -0.142712494721660E+003
  0.100000000000000E+001  0.281220562776570E+003  0.746808282698863E+000  0.199542455673053E+001  0.498070949679736E+000  0.138807091155422E+000 -0.131028262406404E+000 -0.140610281388285E+003
  0.100000000000000E+001  0.289931694968707E+003  0.116275825468877E+001  0.129366519488143E+001  0.295767023036520E+000  0.339982695479422E+000 -0.131028262406404E+000 -0.144965847484353E+003
  0.100000000000000E+001  0.281202853442435E+003  0.761596947690688E+000  0.142037325249052E+001  0.581898809922918E+000  0.132538064875525E+000 -0.131028262406404E+000 -0.140601426721218E+003
  0.100000000000000E+001  0.281892918150290E+003  0.464511300948095E+000  0.198881620781322E+001  0.568948919986263E-001  0.325231757999347E+000 -0.131028262406404E+000 -0.140946459075145E+003
  0.100000000000000E+001  0.286219101922158E+003  0.819472930210868E+000  0.157333202659101E+001  0.876690533973607E+000  0.360789072646827E+000 -0.131028262406404E+000 -0.143109550961079E+003
  0.100000000000000E+001  0.307846816743939E+003  0.187232352209888E+001  0.118767968723894E+001  0.132052994206826E+000  0.463704620696808E+000 -0.131028262406404E+000 -0.153923408371969E+003
  0.100000000000000E+001  0.287752318611202E+003  0.133963958770931E+001  0.107323570347874E+001  0.600524526722489E+000  0.236738202534492E+000 -0.131028262406404E+000 -0.143876159305601E+003
  0.100000000000000E+001  0.289604606589056E+003  0.108132215290031E+001  0.173338103644552E+001  0.743401255063012E-001  0.380392312841937E+000 -0.131028262406404E+000 -0.144802303294528E+003
  0.100000000000000E+001  0.282525036582426E+003  0.679261669655018E+000  0.160399004426373E+001  0.447190207707379E+000  0.225807553372984E+000 -0.131028262406404E+000 -0.141262518291213E+003
  0.100000000000000E+001  0.289357966723824E+003  0.185674090999380E+001  0.150421699066478E+001  0.637024023969564E+000  0.188222367823118E+000 -0.131028262406404E+000 -0.144678983361912E+003
  0.100000000000000E+001  0.289263728884650E+003  0.157473971940769E+001  0.179721932980390E+001  0.941680929228326E+000  0.228421275674154E+000 -0.131028262406404E+000 -0.144631864442325E+003
  0.100000000000000E+001  0.279663307360103E+003  0.219946849024933E+000  0.149026269935068E+001  0.992036471002099E+000  0.200920589710337E+000 -0.131028262406404E+000 -0.139831653680052E+003
  0.100000000000000E+001  0.289244399430793E+003  0.112858678597850E+001  0.130971582434591E+001  0.766137769557254E-001  0.331569410482510E+000 -0.131028262406404E+000 -0.144622199715396E+003
  0.100000000000000E+001  0.280378904405263E+003  0.519976423452673E+000  0.148742819004140E+001  0.526572637784824E+000  0.136083858009469E+000 -0.131028262406404E+000 -0.140189452202632E+003
  0.100000000000000E+001  0.291327935137256E+003  0.116440809540452E+001  0.118396737514860E+001  0.188602000742347E+000  0.384994978031525E+000 -0.131028262406404E+000 -0.145663967568628E+003
  0.100000000000000E+001  0.282545106245938E+003  0.585974157148034E+000  0.139350714791383E+001  0.156706703371675E+000  0.267304847435495E+000 -0.131028262406404E+000 -0.141272553122969E+003
  0.100000000000000E+001  0.298117241063474E+003  0.137106643004312E+001  0.108557295298504E+001  0.952753034197081E+000  0.489222629927882E+000 -0.131028262406404E+000 -0.149058620531737E+003
  0.100000000000000E+001  0.283072076351446E+003  0.873966803590369E+000  0.146047666092062E+001  0.967808265177966E+000  0.192567526680335E+000 -0.131028262406404E+000 -0.141536038175723E+003
  0.100000000000000E+001  0.288113647641151E+003  0.102481916378236E+001  0.644067857509884E+000  0.316396562958189E+000  0.389533814634251E+000 -0.131028262406404E+000 -0.144056823820576E+003
  0.100000000000000E+001  0.285810498206357E+003  0.990234365185297E+000  0.114174882112993E+001  0.735126310693043E+000  0.266830225158957E+000 -0.131028262406404E+000 -0.142905249103179E+003
  0.100000000000000E+001  0.284657640100619E+003  0.198960474068250E+001  0.196775443509467E+001  0.395707358796389E-001  0.107640089692490E+000 -0.131028262406404E+000 -0.142328820050309E+003
  0.100000000000000E+001  0.289420712365101E+003  0.126320453335123E+001  0.711678783625925E+000  0.598999473649683E+000  0.322917713741268E+000 -0.131028262406404E+000 -0.144710356182551E+003
  0.100000000000000E+001  0.282312720600821E+003  0.905159417179002E+000  0.156812406019197E+001  0.855260064576336E+000  0.155581659301767E+000 -0.131028262406404E+000 -0.141156360300410E+003
  0.100000000000000E+001  0.286268751934887E+003  0.136340258240827E+001  0.764384555877067E+000  0.785168591914363E+000  0.202735492909449E+000 -0.131028262406404E+000 -0.143134375967444E+003
  0.100000000000000E+001  0.281053365125093E+003  0.326859304579077E+000  0.615017809554517E+000  0.395060099177547E+000  0.371330109487989E+000 -0.131028262406404E+000 -0.140526682562547E+003
  0.100000000000000E+001  0.292788416762757E+003  0.137169668028441E+001  0.159142102846311E+001  0.315914994333989E+000  0.347733369718337E+000 -0.131028262406404E+000 -0.146394208381379E+003
  0.100000000000000E+001  0.289323173149610E+003  0.973674323553942E+000  0.174930139197117E+001  0.581333980667954E+000  0.438900726332906E+000 -0.131028262406404E+000 -0.144661586574805E+003
  0.100000000000000E+001  0.297021745450506E+003  0.167652449803628E+001  0.123409195472208E+001  0.863236616883069E+000  0.342031690130761E+000 -0.131028262406404E+000 -0.148510872725253E+003
  0.100000000000000E+001  0.294381031610274E+003  0.145422429562988E+001  0.567752279319061E+000  0.657042583846976E+000  0.442418261111267E+000 -0.131028262406404E+000 -0.147190515805137E+003
  0.100000000000000E+001  0.281826232491578E+003  0.781670388364701E+000  0.172859178353009E+001  0.911342974062702E+000  0.159946936537129E+000 -0.131028262406404E+000 -0.140913116245789E+003
  0.100000000000000E+001  0.283323300892188E+003  0.838081846794438E+000  0.574683173637594E+000  0.631106517779350E+000  0.229225202844854E+000 -0.131028262406404E+000 -0.141661650446094E+003
  0.100000000000000E+001  0.279881787028296E+003  0.190509666921527E+000  0.122453622997391E+001  0.464109385923314E+000  0.293614248453863E+000 -0.131028262406404E+000 -0.139940893514148E+003
  0.100000000000000E+001  0.282808650027284E+003  0.551341301849131E+000  0.908002716909827E+000  0.634964166307991E+000  0.321294663884666E+000 -0.131028262406404E+000 -0.141404325013642E+003
  0.100000000000000E+001  0.291538597798706E+003  0.134340661650748E+001  0.565769006464619E+000  0.904795970609459E-001  0.391044470516641E+000 -0.131028262406404E+000 -0.145769298899353E+003
  0.100000000000000E+001  0.288712513460358E+003  0.120487757094137E+001  0.184567921278490E+001  0.201996669049869E+000  0.305206281895030E+000 -0.131028262406404E+000 -0.144356256730179E+003
  0.100000000000000E+001  0.282705996694263E+003  0.444622244679444E+000  0.958764289972555E+000  0.785835635004110E+000  0.414732788472232E+000 -0.131028262406404E+000 -0.141352998347131E+003
  0.100000000000000E+001  0.292220901245710E+003  0.191647596002752E+001  0.883673901902078E+000  0.376618917325340E+000  0.229467768061098E+000 -0.131028262406404E+000 -0.146110450622855E+003
  0.100000000000000E+001  0.279512635686989E+003  0.109171494532247E+000  0.135784044787862E+001  0.532515359519039E+000  0.397629547395379E+000 -0.131028262406404E+000 -0.139756317843495E+003
  0.100000000000000E+001  0.294134300592971E+003  0.121225470915365E+001  0.178917187278208E+001  0.418426962018219E+000  0.495676979046536E+000 -0.131028262406404E+000 -0.147067150296486E+003
  0.100000000000000E+001  0.286897364942927E+003  0.136633652726432E+001  0.572489314815903E+000  0.637243504369234E+000  0.226273769036953E+000 -0.131028262406404E+000 -0.143448682471464E+003
  0.100000000000000E+001  0.280899723146357E+003  0.367213060258153E+000  0.831487091608560E+000  0.278763869508568E+000  0.271083433206034E+000 -0.131028262406404E+000 -0.140449861573179E+003
  0.100000000000000E+001  0.281853029675487E+003  0.912950654244583E+000  0.803140953140435E+000  0.683107206987787E+000  0.137666060261039E+000 -0.131028262406404E+000 -0.140926514837744E+003
  0.100000000000000E+001  0.288767913895573E+003  0.113421443591832E+001  0.144450397517377E+001  0.577250773564321E+000  0.315171476327841E+000 -0.131028262406404E+000 -0.144383956947786E+003
  0.100000000000000E+001  0.291624219885712E+003  0.187813137223852E+001  0.681586052126369E+000  0.203225236161143E+000  0.233197814705890E+000 -0.131028262406404E+000 -0.145812109942856E+003
  0.100000000000000E+001  0.304800372401940E+003  0.198778627038998E+001  0.127702778060593E+001  0.400137475770626E+000  0.379846191925907E+000 -0.131028262406404E+000 -0.152400186200970E+003
  0.100000000000000E+001  0.284217427769175E+003  0.761769230379754E+000  0.122427736769625E+001  0.723099322848332E+000  0.282597099887660E+000 -0.131028262406404E+000 -0.142108713884587E+003
  0.100000000000000E+001  0.279414136182094E+003  0.319980069378752E+000  0.116680835521668E+001  0.772776683414759E+000  0.101770873219480E+000 -0.131028262406404E+000 -0.139707068091047E+003
  0.100000000000000E+001  0.296832021400098E+003  0.196556552134642E+001  0.903468448793919E+000  0.198574353805831E+000  0.290305830267171E+000 -0.131028262406404E+000 -0.148416010700049E+003
  0.100000000000000E+001  0.295253224259321E+003  0.137933042709921E+001  0.120085870125109E+001  0.107897208502020E+000  0.402670930695633E+000 -0.131028262406404E+000 -0.147626612129661E+003
  0.100000000000000E+001  0.298451461781560E+003  0.152229921805137E+001  0.167974882083427E+001  0.522900594196817E+000  0.434125724366782E+000 -0.131028262406404E+000 -0.149225730890780E+003
  0.100000000000000E+001  0.295011768464919E+003  0.155043109814467E+001  0.783897033874801E+000  0.670047551545084E+000  0.372024226857555E+000 -0.131028262406404E+000 -0.147505884232460E+003
  0.100000000000000E+001  0.279446319360488E+003  0.221285855554713E+000  0.197421444468119E+001  0.426458629317450E-002  0.159648200802537E+000 -0.131028262406404E+000 -0.139723159680244E+003
  0.100000000000000E+001  0.292748435180933E+003  0.151033490899409E+001  0.185752509947974E+001  0.259383820025392E+000  0.319606093312458E+000 -0.131028262406404E+000 -0.146374217590466E+003
  0.100000000000000E+001  0.286265700782372E+003  0.863818226902170E+000  0.156092313233151E+001  0.246846058053327E+000  0.337354388862864E+000 -0.131028262406404E+000 -0.143132850391186E+003
  0.100000000000000E+001  0.280920522224102E+003  0.346905230514395E+000  0.167082929596900E+001  0.865525410178922E+000  0.288374427343304E+000 -0.131028262406404E+000 -0.140460261112051E+003
  0.100000000000000E+001  0.289576393595216E+003  0.166845099615473E+001  0.148872567907060E+001  0.368133823834392E+000  0.215347885836649E+000 -0.131028262406404E+000 -0.144788196797608E+003
  0.100000000000000E+001  0.281975207195450E+003  0.970739133288077E+000  0.136224575493268E+001  0.824838134748214E+000  0.131774539639776E+000 -0.131028262406404E+000 -0.140987603597725E+003
  0.100000000000000E+001  0.279292922504653E+003  0.175442747036925E+000  0.898494426791518E+000  0.216837458195114E+000  0.162584915182536E+000 -0.131028262406404E+000 -0.139646461252326E+003
  0.100000000000000E+001  0.294407909326865E+003  0.181295496205844E+001  0.121004448199168E+001  0.669488121437443E+000  0.270801870162615E+000 -0.131028262406404E+000 -0.147203954663432E+003
  0.100000000000000E+001  0.284573603414516E+003  0.129467015404359E+001  0.874479670225595E+000  0.723353202470729E+000  0.167700649910126E+000 -0.131028262406404E+000 -0.142286801707258E+003
  0.100000000000000E+001  0.283241669646296E+003  0.647740055660690E+000  0.118077028366122E+001  0.700347823836706E+000  0.282407865979325E+000 -0.131028262406404E+000 -0.141620834823148E+003
  0.100000000000000E+001  0.292196253296757E+003  0.134516082710424E+001  0.139074518338979E+001  0.223338858871183E+000  0.337416226363501E+000 -0.131028262406404E+000 -0.146098126648378E+003
  0.100000000000000E+001  0.282915999927764E+003  0.664785343300371E+000  0.561500351647744E+000  0.533230846328332E+000  0.282806814924284E+000 -0.131028262406404E+000 -0.141457999963882E+003
  0.100000000000000E+001  0.284291306967067E+003  0.639781177149219E+000  0.941317591053578E+000  0.617324015746958E+000  0.371819082384349E+000 -0.131028262406404E+000 -0.142145653483533E+003
  0.100000000000000E+001  0.283033714907678E+003  0.756033876011415E+000  0.137028842016241E+001  0.424905444813256E+000  0.224103049482692E+000 -0.131028262406404E+000 -0.141516857453839E+003
  0.100000000000000E+001  0.284399907616540E+003  0.649300639941673E+000  0.648828445348597E+000  0.891017261673183E+000  0.416475142519150E+000 -0.131028262406404E+000 -0.142199953808270E+003
  0.100000000000000E+001  0.298599595305450E+003  0.146839221123610E+001  0.176000875584625E+001  0.184934533531195E+000  0.477996912982199E+000 -0.131028262406404E+000 -0.149299797652725E+003
  0.100000000000000E+001  0.286970885348246E+003  0.814318295455338E+000  0.923692243273232E+000  0.546369474593955E+000  0.419051794219936E+000 -0.131028262406404E+000 -0.143485442674123E+003
  0.100000000000000E+001  0.293543787882458E+003  0.150478576939717E+001  0.692048504182514E+000  0.393987507269865E+000  0.363818320927203E+000 -0.131028262406404E+000 -0.146771893941229E+003
  0.100000000000000E+001  0.281046094138926E+003  0.328810444569197E+000  0.121494467686431E+001  0.605875314911963E+000  0.320058318076543E+000 -0.131028262406404E+000 -0.140523047069463E+003
  0.100000000000000E+001  0.287705913710066E+003  0.108548268842281E+001  0.193076317998833E+001  0.640233139824075E+000  0.321805045298760E+000 -0.131028262406404E+000 -0.143852956855033E+003
  0.100000000000000E+001  0.284642558311118E+003  0.132963279572795E+001  0.172684666491067E+001  0.977423890850867E-001  0.163229323457257E+000 -0.131028262406404E+000 -0.142321279155559E+003
  0.100000000000000E+001  0.284846182021173E+003  0.693384667460296E+000  0.102196380488245E+001  0.409385482154610E+000  0.364926346443679E+000 -0.131028262406404E+000 -0.142423091010586E+003
  0.100000000000000E+001  0.289049831098879E+003  0.991189345300914E+000  0.788443890164679E+000  0.222109605254531E+000  0.428863740798774E+000 -0.131028262406404E+000 -0.144524915549440E+003
  0.100000000000000E+001  0.293055511287298E+003  0.184274444748626E+001  0.107093529837174E+001  0.370505091895792E+000  0.248095907905003E+000 -0.131028262406404E+000 -0.146527755643649E+003
  0.100000000000000E+001  0.284856007831736E+003  0.138735050040865E+001  0.116233191806943E+001  0.677086839159339E+000  0.160148964766977E+000 -0.131028262406404E+000 -0.142428003915868E+003
  0.100000000000000E+001  0.290015646468769E+003  0.997202271220599E+000  0.904105083273104E+000  0.549997132226472E+000  0.450981435124049E+000 -0.131028262406404E+000 -0.145007823234384E+003
  0.100000000000000E+001  0.286542324567138E+003  0.731938770048614E+000  0.125414271991843E+001  0.782782297935679E+000  0.436317207662373E+000 -0.131028262406404E+000 -0.143271162283569E+003
  0.100000000000000E+001  0.291683978467217E+003  0.153838202896325E+001  0.565643795068539E+000  0.269022041591136E+000  0.319424759394364E+000 -0.131028262406404E+000 -0.145841989233608E+003
  0.100000000000000E+001  0.288263888457596E+003  0.158238034104341E+001  0.112261239530585E+001  0.356186025848261E+000  0.205348347887299E+000 -0.131028262406404E+000 -0.144131944228798E+003
  0.100000000000000E+001  0.282096594411189E+003  0.492819254062789E+000  0.793540579641465E+000  0.826562267295727E+000  0.307408861807242E+000 -0.131028262406404E+000 -0.141048297205595E+003
  0.100000000000000E+001  0.288849777242157E+003  0.981646557998855E+000  0.133775858106542E+001  0.150836815622790E+000  0.383316424339367E+000 -0.131028262406404E+000 -0.144424888621078E+003
  0.100000000000000E+001  0.300427024465313E+003  0.191554661786926E+001  0.141604731512238E+001  0.649441115854863E+000  0.335886528128626E+000 -0.131028262406404E+000 -0.150213512232657E+003
  0.100000000000000E+001  0.297188278110744E+003  0.141875109418209E+001  0.145482737322556E+001  0.381962179052989E+000  0.432926045639154E+000 -0.131028262406404E+000 -0.148594139055372E+003
  0.100000000000000E+001  0.282880925918571E+003  0.131832686947036E+001  0.115931825169325E+001  0.726629680523809E+000  0.119702363460643E+000 -0.131028262406404E+000 -0.141440462959285E+003
  0.100000000000000E+001  0.281065773906835E+003  0.923837039706700E+000  0.124294510996022E+001  0.343126018757952E+000  0.103063076335174E+000 -0.131028262406404E+000 -0.140532886953417E+003
  0.100000000000000E+001  0.293439425551584E+003  0.191624889860582E+001  0.164419953767111E+001  0.622352080036462E+000  0.241232380759837E+000 -0.131028262406404E+000 -0.146719712775792E+003
  0.100000000000000E+001  0.280067993861256E+003  0.204853485684191E+000  0.956096209597544E+000  0.680833489207701E-001  0.324619962320580E+000 -0.131028262406404E+000 -0.140033996930628E+003
  0.100000000000000E+001  0.284314644199829E+003  0.731682649354078E+000  0.185636446616633E+001  0.992973689036399E+000  0.321473435248142E+000 -0.131028262406404E+000 -0.142157322099914E+003
  0.100000000000000E+001  0.283014783157335E+003  0.533554896330317E+000  0.156763605983938E+001  0.364365253843123E+000  0.345860240723711E+000 -0.131028262406404E+000 -0.141507391578668E+003
  0.100000000000000E+001  0.280595102208488E+003  0.411747223953995E+000  0.529298350787782E+000  0.554321982518240E+000  0.210250950839543E+000 -0.131028262406404E+000 -0.140297551104244E+003
  0.100000000000000E+001  0.281970915636121E+003  0.108169606475650E+001  0.147716340914830E+001  0.610754583997278E+000  0.117672417867581E+000 -0.131028262406404E+000 -0.140985457818061E+003
  0.100000000000000E+001  0.283996539513062E+003  0.770456648175847E+000  0.908491054932447E+000  0.632025383284555E+000  0.276181317868263E+000 -0.131028262406404E+000 -0.141998269756531E+003
  0.100000000000000E+001  0.280933055407873E+003  0.606544044150347E+000  0.143163563809533E+001  0.108317314348706E+000  0.151358342085597E+000 -0.131028262406404E+000 -0.140466527703937E+003
  0.100000000000000E+001  0.288066747918694E+003  0.144817830020955E+001  0.188817221184746E+001  0.776530969678329E+000  0.228043089643770E+000 -0.131028262406404E+000 -0.144033373959347E+003
  0.100000000000000E+001  0.288545200462283E+003  0.185046154983339E+001  0.155334752848730E+001  0.205290372368309E+000  0.176766936726870E+000 -0.131028262406404E+000 -0.144272600231142E+003
  0.100000000000000E+001  0.282544530805772E+003  0.981379821682663E+000  0.192282027911570E+001  0.394133816414763E+000  0.153574718177298E+000 -0.131028262406404E+000 -0.141272265402886E+003
  0.100000000000000E+001  0.281204629868603E+003  0.698565529239990E+000  0.121757407584804E+001  0.934735105503036E+000  0.145320218925767E+000 -0.131028262406404E+000 -0.140602314934302E+003
  0.100000000000000E+001  0.292696387901230E+003  0.106721277996054E+001  0.110833204845241E+001  0.742384181234409E+000  0.493805277501803E+000 -0.131028262406404E+000 -0.146348193950615E+003
  0.100000000000000E+001  0.285947947011159E+003  0.693934783391334E+000  0.173704169881676E+001  0.267380925927722E+000  0.473741727733894E+000 -0.131028262406404E+000 -0.142973973505580E+003
  0.100000000000000E+001  0.288655611474392E+003  0.107841895484761E+001  0.121000481743890E+001  0.719843627984930E+000  0.333298802791265E+000 -0.131028262406404E+000 -0.144327805737196E+003
  0.100000000000000E+001  0.282471832335627E+003  0.122951558959343E+001  0.867111380572002E+000  0.168141293088859E+000  0.118165328285700E+000 -0.131028262406404E+000 -0.141235916167813E+003
  0.100000000000000E+001  0.292930748810357E+003  0.140506354619080E+001  0.694451147751963E+000  0.272396418291455E+000  0.384011886521713E+000 -0.131028262406404E+000 -0.146465374405179E+003
  0.100000000000000E+001  0.282599764139963E+003  0.639263848608444E+000  0.163712368444155E+001  0.732842731321296E+000  0.247846597416003E+000 -0.131028262406404E+000 -0.141299882069982E+003
  0.100000000000000E+001  0.288727311121296E+003  0.106603022531933E+001  0.139588797688034E+001  0.225345987359355E+000  0.339244250945138E+000 -0.131028262406404E+000 -0.144363655560648E+003
  0.100000000000000E+001  0.288208372747204E+003  0.186387862815424E+001  0.981219157468498E+000  0.787678597645320E+000  0.171989510254435E+000 -0.131028262406404E+000 -0.144104186373602E+003
  0.100000000000000E+001  0.283517623985274E+003  0.468107524143586E+000  0.114977788750998E+001  0.420119131043195E+000  0.470420130345872E+000 -0.131028262406404E+000 -0.141758811992637E+003
  0.100000000000000E+001  0.280481406925935E+003  0.733315557512112E+000  0.104068763140118E+001  0.207041001441142E+000  0.100880608935118E+000 -0.131028262406404E+000 -0.140240703462967E+003
  0.100000000000000E+001  0.280261369878934E+003  0.176986899745884E+000  0.921545467834348E+000  0.189002612389954E+000  0.476721231504931E+000 -0.131028262406404E+000 -0.140130684939467E+003
  0.100000000000000E+001  0.288132053940064E+003  0.988936888625471E+000  0.661892972586468E+000  0.567947222218093E+000  0.409028267611885E+000 -0.131028262406404E+000 -0.144066026970032E+003
  0.100000000000000E+001  0.284075964519835E+003  0.528777728164730E+000  0.148479600908061E+001  0.913361395497517E-001  0.458528613873384E+000 -0.131028262406404E+000 -0.142037982259918E+003
  0.100000000000000E+001  0.280383815168592E+003  0.416730103196890E+000  0.197790824657413E+001  0.141970973114097E+000  0.177967493003647E+000 -0.131028262406404E+000 -0.140191907584296E+003
  0.100000000000000E+001  0.281665091238048E+003  0.438076553328850E+000  0.596626143525815E+000  0.727906954485381E-001  0.327471054382238E+000 -0.131028262406404E+000 -0.140832545619024E+003
  0.100000000000000E+001  0.291767372111043E+003  0.152755519154880E+001  0.158549146819281E+001  0.267164203250126E+000  0.282053488776582E+000 -0.131028262406404E+000 -0.145883686055521E+003
  0.100000000000000E+001  0.301231652751551E+003  0.161356939345106E+001  0.832620566576289E+000  0.640577328091921E+000  0.488613204502145E+000 -0.131028262406404E+000 -0.150615826375775E+003
  0.100000000000000E+001  0.299283102013419E+003  0.172302301618197E+001  0.678654018192042E+000  0.932292657591523E+000  0.432826205820769E+000 -0.131028262406404E+000 -0.149641551006710E+003
  0.100000000000000E+001  0.282663243405864E+003  0.704344505550423E+000  0.106890465767507E+001  0.604642513635319E+000  0.224733420047032E+000 -0.131028262406404E+000 -0.141331621702932E+003
  0.100000000000000E+001  0.285054808796825E+003  0.162404100861469E+001  0.129921130394967E+001  0.912301173565715E+000  0.139125784969606E+000 -0.131028262406404E+000 -0.142527404398413E+003
  0.100000000000000E+001  0.283197935307883E+003  0.121624320360458E+001  0.195332060581368E+001  0.817575815447284E+000  0.141062636819199E+000 -0.131028262406404E+000 -0.141598967653941E+003
  0.100000000000000E+001  0.279858933472741E+003  0.314623980870663E+000  0.149577275630168E+001  0.800571651438358E+000  0.162853169729710E+000 -0.131028262406404E+000 -0.139929466736371E+003
  0.100000000000000E+001  0.281314557891353E+003  0.407459522351138E+000  0.725943241999725E+000  0.898805683680365E+000  0.296313850463395E+000 -0.131028262406404E+000 -0.140657278945676E+003
  0.100000000000000E+001  0.285432176519640E+003  0.664501947804489E+000  0.109279667101288E+001  0.588653846654873E+000  0.425199245765831E+000 -0.131028262406404E+000 -0.142716088259820E+003
  0.100000000000000E+001  0.282739465682257E+003  0.143925360217876E+001  0.529504430489490E+000  0.542845135360544E+000  0.108052609498998E+000 -0.131028262406404E+000 -0.141369732841128E+003
  0.100000000000000E+001  0.285530266958884E+003  0.172623426876197E+001  0.538633978658809E+000  0.118776229844612E+000  0.143963245946746E+000 -0.131028262406404E+000 -0.142765133479442E+003
  0.100000000000000E+001  0.287018580298568E+003  0.118116356397067E+001  0.156194233588001E+001  0.679709096657565E+000  0.251378704752290E+000 -0.131028262406404E+000 -0.143509290149284E+003
  0.100000000000000E+001  0.282963920034235E+003  0.959163733346816E+000  0.635604125079700E+000  0.712880540261573E+000  0.176929542684361E+000 -0.131028262406404E+000 -0.141481960017118E+003
  0.100000000000000E+001  0.287266705538026E+003  0.177501861895190E+001  0.110188685053667E+001  0.186978627023944E+000  0.164690923727080E+000 -0.131028262406404E+000 -0.143633352769013E+003
  0.100000000000000E+001  0.282202238913855E+003  0.699060791956646E+000  0.182686592928966E+001  0.323242926113950E+000  0.203777292267790E+000 -0.131028262406404E+000 -0.141101119456928E+003
  0.100000000000000E+001  0.280200654985801E+003  0.327653827829398E+000  0.942309843921382E+000  0.900166322026573E+000  0.203363279134041E+000 -0.131028262406404E+000 -0.140100327492901E+003
  0.100000000000000E+001  0.284584481292006E+003  0.154473401849908E+001  0.677254062251965E+000  0.461876408738568E+000  0.140333353902941E+000 -0.131028262406404E+000 -0.142292240646003E+003
  0.100000000000000E+001  0.285078136814798E+003  0.198374227715915E+001  0.169385486976836E+001  0.830848357429302E+000  0.113703130257686E+000 -0.131028262406404E+000 -0.142539068407399E+003
  0.100000000000000E+001  0.285020252041746E+003  0.834218973272430E+000  0.857278261500201E+000  0.996100604179742E+000  0.304466614996147E+000 -0.131028262406404E+000 -0.142510126020873E+003
  0.100000000000000E+001  0.284888825915066E+003  0.130521887073731E+001  0.147304778169070E+001  0.708874404366087E+000  0.171354516533564E+000 -0.131028262406404E+000 -0.142444412957533E+003
  0.100000000000000E+001  0.284881211202478E+003  0.911914903655462E+000  0.124562477956609E+001  0.784101843056948E+000  0.255232817558838E+000 -0.131028262406404E+000 -0.142440605601239E+003
  0.100000000000000E+001  0.282503925158214E+003  0.407586213031917E+000  0.128382825799753E+001  0.405121539950799E+000  0.426019709197612E+000 -0.131028262406404E+000 -0.141251962579107E+003
  0.100000000000000E+001  0.296662830377002E+003  0.180061615532024E+001  0.932276972556948E+000  0.962627261381055E+000  0.320104031528094E+000 -0.131028262406404E+000 -0.148331415188501E+003
  0.100000000000000E+001  0.291002758717642E+003  0.134331005265980E+001  0.175444702741255E+001  0.641406475369145E+000  0.320084581247620E+000 -0.131028262406404E+000 -0.145501379358821E+003
  0.100000000000000E+001  0.297235762241229E+003  0.159305672050748E+001  0.735520560532469E+000  0.308945789212244E+000  0.420524485096056E+000 -0.131028262406404E+000 -0.148617881120614E+003
  0.100000000000000E+001  0.303483492868283E+003  0.168265196688614E+001  0.165437592378327E+001  0.262893268135380E+000  0.473909985973845E+000 -0.131028262406404E+000 -0.151741746434141E+003
  0.100000000000000E+001  0.283973467187644E+003  0.190737055551758E+001  0.937659743300662E+000  0.858107914554485E+000  0.100688718849102E+000 -0.131028262406404E+000 -0.141986733593822E+003
  0.100000000000000E+001  0.279159913453914E+003  0.138076121298460E+000  0.182522407702091E+001  0.158494506868759E+000  0.167026284596548E+000 -0.131028262406404E+000 -0.139579956726957E+003
  0.100000000000000E+001  0.283746392879769E+003  0.138511818762325E+001  0.177217644608063E+001  0.206159707120673E-001  0.135135990513809E+000 -0.131028262406404E+000 -0.141873196439884E+003
  0.100000000000000E+001  0.280544974304924E+003  0.393272929073151E+000  0.186674239373736E+001  0.717140895589642E+000  0.206921428463822E+000 -0.131028262406404E+000 -0.140272487152462E+003
  0.100000000000000E+001  0.281371447131194E+003  0.849505744578155E+000  0.114389530164817E+001  0.443128633884455E+000  0.125824818490535E+000 -0.131028262406404E+000 -0.140685723565597E+003
  0.100000000000000E+001  0.282632657775296E+003  0.595290317687395E+000  0.890671459758033E+000  0.214107234003486E+000  0.278145386570163E+000 -0.131028262406404E+000 -0.141316328887648E+003
  0.100000000000000E+001  0.298158768846109E+003  0.163550315471564E+001  0.667362268784139E+000  0.480069633240446E+000  0.443535225159769E+000 -0.131028262406404E+000 -0.149079384423055E+003
  0.100000000000000E+001  0.291292474419319E+003  0.129417999581877E+001  0.946707731398821E+000  0.974718003252025E+000  0.346549164938763E+000 -0.131028262406404E+000 -0.145646237209660E+003
  0.100000000000000E+001  0.282612857804236E+003  0.560528300468100E+000  0.622752473538656E+000  0.597271579879985E+000  0.322297611300872E+000 -0.131028262406404E+000 -0.141306428902118E+003
  0.100000000000000E+001  0.288787746265291E+003  0.120177868971043E+001  0.186889850750680E+001  0.844590251061428E-002  0.310407916377264E+000 -0.131028262406404E+000 -0.144393873132646E+003
  0.100000000000000E+001  0.294066927072089E+003  0.125612071709884E+001  0.910618138241143E+000  0.585843402283741E+000  0.452162737563910E+000 -0.131028262406404E+000 -0.147033463536045E+003
  0.100000000000000E+001  0.285652735601029E+003  0.909148382370714E+000  0.166025968418335E+001  0.616251841750270E+000  0.292307383371905E+000 -0.131028262406404E+000 -0.142826367800515E+003
  0.100000000000000E+001  0.279700572993052E+003  0.206239184683282E+000  0.501422324018786E+000  0.827374546662423E+000  0.246508656046836E+000 -0.131028262406404E+000 -0.139850286496526E+003
  0.100000000000000E+001  0.300584414672077E+003  0.196503410206117E+001  0.924437248520926E+000  0.821852927605504E-001  0.345633882334213E+000 -0.131028262406404E+000 -0.150292207336039E+003
  0.100000000000000E+001  0.283554625060359E+003  0.547890872350811E+000  0.164666251360745E+001  0.164363499562643E+000  0.391251030957204E+000 -0.131028262406404E+000 -0.141777312530180E+003
  0.100000000000000E+001  0.295900464748609E+003  0.161885181751348E+001  0.104020670190433E+001  0.627668111997297E+000  0.345239832491737E+000 -0.131028262406404E+000 -0.147950232374305E+003
  0.100000000000000E+001  0.291060528573743E+003  0.158753112518360E+001  0.178738324702754E+001  0.178056527432232E+000  0.261201662659171E+000 -0.131028262406404E+000 -0.145530264286871E+003
  0.100000000000000E+001  0.282152817861980E+003  0.117945598421167E+001  0.192277454016725E+001  0.155449813398655E+000  0.114077177074675E+000 -0.131028262406404E+000 -0.141076408930990E+003
  0.100000000000000E+001  0.297557703296213E+003  0.198797845362537E+001  0.142125709712864E+001  0.541818343350542E+000  0.283225907294462E+000 -0.131028262406404E+000 -0.148778851648107E+003
  0.100000000000000E+001  0.286011104632285E+003  0.152510277925456E+001  0.143548551149095E+001  0.841134815632097E+000  0.167954619285730E+000 -0.131028262406404E+000 -0.143005552316142E+003
  0.100000000000000E+001  0.293412201861675E+003  0.117651141602836E+001  0.172396682127661E+001  0.183315600252024E+000  0.477143514911456E+000 -0.131028262406404E+000 -0.146706100930838E+003
  0.100000000000000E+001  0.285815275136530E+003  0.749582444221216E+000  0.197115670261868E+001  0.487740352342444E+000  0.453435352338105E+000 -0.131028262406404E+000 -0.142907637568265E+003
  0.100000000000000E+001  0.294945137094912E+003  0.123988047032471E+001  0.100271789732309E+001  0.147833205605074E+000  0.476573443149490E+000 -0.131028262406404E+000 -0.147472568547456E+003
  0.100000000000000E+001  0.289054438222495E+003  0.155831463607901E+001  0.111482234247326E+001  0.266564903290821E+000  0.224282283665477E+000 -0.131028262406404E+000 -0.144527219111248E+003
  0.100000000000000E+001  0.280427264757044E+003  0.508301730709961E+000  0.163746584751821E+001  0.212027606178069E+000  0.143639564072527E+000 -0.131028262406404E+000 -0.140213632378522E+003
  0.100000000000000E+001  0.287592963679529E+003  0.893714427562110E+000  0.105674886238198E+001  0.671228547522147E+000  0.386828799338294E+000 -0.131028262406404E+000 -0.143796481839764E+003
  0.100000000000000E+001  0.281167594238151E+003  0.394032373157509E+000  0.165343281183470E+001  0.622208019977409E-001  0.275398588244126E+000 -0.131028262406404E+000 -0.140583797119076E+003
  0.100000000000000E+001  0.291896832895318E+003  0.100651768854343E+001  0.120266472896804E+001  0.129114437778036E+000  0.499547612298941E+000 -0.131028262406404E+000 -0.145948416447659E+003
  0.100000000000000E+001  0.292607353306602E+003  0.163803500450249E+001  0.159218135686499E+001  0.102992452257390E+000  0.274571845735697E+000 -0.131028262406404E+000 -0.146303676653301E+003
  0.100000000000000E+001  0.301636805610390E+003  0.194651465958147E+001  0.796793083775014E+000  0.287623634547901E+000  0.382408162388799E+000 -0.131028262406404E+000 -0.150818402805195E+003
  0.100000000000000E+001  0.286926604091970E+003  0.106108297961884E+001  0.103501027553277E+001  0.204036849391932E+000  0.286258930813689E+000 -0.131028262406404E+000 -0.143463302045985E+003
  0.100000000000000E+001  0.307098316124981E+003  0.188888864013838E+001  0.100794623708047E+001  0.383044455647147E+000  0.462409331475076E+000 -0.131028262406404E+000 -0.153549158062491E+003
  0.100000000000000E+001  0.281796700611614E+003  0.396401222688450E+000  0.198941228392593E+001  0.760137099570756E+000  0.416821410031279E+000 -0.131028262406404E+000 -0.140898350305807E+003
  0.100000000000000E+001  0.282496606021121E+003  0.822157971292114E+000  0.122394228191179E+001  0.826402759491531E+000  0.180403595448788E+000 -0.131028262406404E+000 -0.141248303010561E+003
  0.100000000000000E+001  0.280557931986257E+003  0.253604746622079E+000  0.196999977128112E+001  0.930947605123102E+000  0.414391329758457E+000 -0.131028262406404E+000 -0.140278965993128E+003
  0.100000000000000E+001  0.285720573277678E+003  0.790904172136131E+000  0.192511082559654E+001  0.562747364969802E+000  0.388575310944313E+000 -0.131028262406404E+000 -0.142860286638839E+003
  0.100000000000000E+001  0.284648971148547E+003  0.133472134583819E+001  0.620527920932644E+000  0.217776431415225E+000  0.167812715552502E+000 -0.131028262406404E+000 -0.142324485574273E+003
  0.100000000000000E+001  0.285474099423963E+003  0.742285637730974E+000  0.187036502033519E+001  0.798036664093020E+000  0.402565375604778E+000 -0.131028262406404E+000 -0.142737049711981E+003
  0.100000000000000E+001  0.288630474623679E+003  0.141485929866747E+001  0.187794021242296E+001  0.399868014168752E+000  0.247665793156915E+000 -0.131028262406404E+000 -0.144315237311839E+003
  0.100000000000000E+001  0.287311259247663E+003  0.758124733296209E+000  0.163586930233224E+001  0.830508980332707E+000  0.495711048605545E+000 -0.131028262406404E+000 -0.143655629623832E+003
  0.100000000000000E+001  0.280490038470408E+003  0.253784885716584E+000  0.199394689957639E+001  0.815444498445041E+000  0.391797601425489E+000 -0.131028262406404E+000 -0.140245019235204E+003
  0.100000000000000E+001  0.279530213378799E+003  0.183750217600251E+000  0.167055809375956E+001  0.277221597846278E+000  0.214125051364970E+000 -0.131028262406404E+000 -0.139765106689400E+003
  0.100000000000000E+001  0.280941345017806E+003  0.313667911808507E+000  0.521816933678973E+000  0.512793998901095E+000  0.390507411382591E+000 -0.131028262406404E+000 -0.140470672508903E+003
  0.100000000000000E+001  0.282935985208552E+003  0.558168946386107E+000  0.114335675100123E+001  0.509209758966166E+000  0.316271830804752E+000 -0.131028262406404E+000 -0.141467992604276E+003
  0.100000000000000E+001  0.285264384496806E+003  0.926019369343657E+000  0.510150118689177E+000  0.496966624872021E-001  0.308363758409298E+000 -0.131028262406404E+000 -0.142632192248403E+003
  0.100000000000000E+001  0.296562192314136E+003  0.164378672246121E+001  0.162269813760016E+001  0.257153701603911E+000  0.346243583649296E+000 -0.131028262406404E+000 -0.148281096157068E+003
  0.100000000000000E+001  0.286216059815661E+003  0.116619695087551E+001  0.179401699683130E+001  0.714261166672861E+000  0.236553042702264E+000 -0.131028262406404E+000 -0.143108029907831E+003
  0.100000000000000E+001  0.300708989781165E+003  0.186275234523008E+001  0.109713477335384E+001  0.582456254529852E+000  0.360013584205095E+000 -0.131028262406404E+000 -0.150354494890582E+003
  0.100000000000000E+001  0.281226532678445E+003  0.327645998028755E+000  0.501247063224029E+000  0.566744349243491E+000  0.443153888276401E+000 -0.131028262406404E+000 -0.140613266339223E+003
  0.100000000000000E+001  0.279619736675438E+003  0.158658187422283E+000  0.766569647795666E+000  0.382582068123458E+000  0.295421457012283E+000 -0.131028262406404E+000 -0.139809868337719E+003
  0.100000000000000E+001  0.282654555991040E+003  0.658293508575765E+000  0.844462344372732E+000  0.852650648469776E+000  0.248879042610661E+000 -0.131028262406404E+000 -0.141327277995520E+003
  0.100000000000000E+001  0.280106866112899E+003  0.324729614372732E+000  0.615002207128424E+000  0.892895480862609E+000  0.199431619079988E+000 -0.131028262406404E+000 -0.140053433056449E+003
  0.100000000000000E+001  0.290525184840513E+003  0.184152059361601E+001  0.180510460209631E+001  0.863057513256867E+000  0.211034537276979E+000 -0.131028262406404E+000 -0.145262592420256E+003
  0.100000000000000E+001  0.297115989167497E+003  0.171814583400830E+001  0.866986144864398E+000  0.207486577273341E+000  0.355272176046339E+000 -0.131028262406404E+000 -0.148557994583748E+003
  0.100000000000000E+001  0.290463682040947E+003  0.118615828203937E+001  0.108390911505365E+001  0.531131418884312E+000  0.353568968434322E+000 -0.131028262406404E+000 -0.145231841020474E+003
  0.100000000000000E+001  0.288461576370814E+003  0.190235247808516E+001  0.855165572649963E+000  0.719354314884473E+000  0.173606071915412E+000 -0.131028262406404E+000 -0.144230788185407E+003
  0.100000000000000E+001  0.309046335641522E+003  0.199853573778378E+001  0.138443670058020E+001  0.827814243080356E+000  0.434112966212230E+000 -0.131028262406404E+000 -0.154523167820761E+003
  0.100000000000000E+001  0.287820042831475E+003  0.198048303510728E+001  0.638664873911611E+000  0.994875793441200E+000  0.159250336158414E+000 -0.131028262406404E+000 -0.143910021415738E+003
  0.100000000000000E+001  0.285974074957627E+003  0.140977254120460E+001  0.191790537608705E+001  0.495544017674392E+000  0.186391625131369E+000 -0.131028262406404E+000 -0.142987037478814E+003
  0.100000000000000E+001  0.285440001077977E+003  0.663782393730172E+000  0.112605051335537E+001  0.719745946065575E+000  0.424541593455757E+000 -0.131028262406404E+000 -0.142720000538988E+003
  0.100000000000000E+001  0.287904829160442E+003  0.119648200773212E+001  0.935132761214040E+000  0.823266130798887E+000  0.279917590271922E+000 -0.131028262406404E+000 -0.143952414580221E+003
  0.100000000000000E+001  0.282897664876340E+003  0.427695872986533E+000  0.158080156352223E+001  0.238256608338809E+000  0.478186812661399E+000 -0.131028262406404E+000 -0.141448832438170E+003
  0.100000000000000E+001  0.287633282149525E+003  0.101328793293934E+001  0.156486930881198E+001  0.770233132750785E+000  0.325599314575573E+000 -0.131028262406404E+000 -0.143816641074763E+003
  0.100000000000000E+001  0.281897104047345E+003  0.375360705375503E+000  0.978082893852355E+000  0.637101651236806E-001  0.397482580668870E+000 -0.131028262406404E+000 -0.140948552023672E+003
  0.100000000000000E+001  0.282422819934916E+003  0.444860422203254E+000  0.135367661324708E+001  0.144440657461751E+000  0.366159923043733E+000 -0.131028262406404E+000 -0.141211409967458E+003
  0.100000000000000E+001  0.292498592056853E+003  0.190265220024692E+001  0.954569968240466E+000  0.613623964136695E+000  0.233607650533952E+000 -0.131028262406404E+000 -0.146249296028427E+003
  0.100000000000000E+001  0.279277723837479E+003  0.154895368445972E+000  0.195366933630604E+001  0.799892047850334E+000  0.185358416410300E+000 -0.131028262406404E+000 -0.139638861918740E+003
  0.100000000000000E+001  0.291381066795488E+003  0.182541687079024E+001  0.142275524257639E+001  0.328986123559981E+000  0.222163497490754E+000 -0.131028262406404E+000 -0.145690533397744E+003
  0.100000000000000E+001  0.303271685302131E+003  0.183974011879786E+001  0.105774327766028E+001  0.808397713339933E+000  0.410222078421643E+000 -0.131028262406404E+000 -0.151635842651066E+003
  0.100000000000000E+001  0.286504581832236E+003  0.986526272687614E+000  0.596759047434813E+000  0.199129682927307E+000  0.334532765148471E+000 -0.131028262406404E+000 -0.143252290916118E+003
  0.100000000000000E+001  0.296518131077679E+003  0.156462207083455E+001  0.152633335276085E+001  0.514285469910590E+000  0.365091179702299E+000 -0.131028262406404E+000 -0.148259065538840E+003
  0.100000000000000E+001  0.280561492316446E+003  0.305437323805477E+000  0.177995954499816E+001  0.307516821134893E+000  0.282712269259281E+000 -0.131028262406404E+000 -0.140280746158223E+003
  0.100000000000000E+001  0.287575723040131E+003  0.121227411569964E+001  0.522249104066423E+000  0.700028124722485E+000  0.296490584660337E+000 -0.131028262406404E+000 -0.143787861520065E+003
  0.100000000000000E+001  0.296828585198966E+003  0.189370156903957E+001  0.193267499596109E+001  0.988439468884205E-001  0.308625823483883E+000 -0.131028262406404E+000 -0.148414292599483E+003
  0.100000000000000E+001  0.296733278138053E+003  0.144626340065253E+001  0.847682458522098E+000  0.270485533676105E+000  0.448289008044005E+000 -0.131028262406404E+000 -0.148366639069027E+003
  0.100000000000000E+001  0.284453678515271E+003  0.718109394876665E+000  0.122078139562718E+001  0.471059239225671E+000  0.317434083820888E+000 -0.131028262406404E+000 -0.142226839257635E+003
  0.100000000000000E+001  0.282890958810963E+003  0.887007093674423E+000  0.847377288739169E+000  0.480537905951249E+000  0.186044707064013E+000 -0.131028262406404E+000 -0.141445479405481E+003
  0.100000000000000E+001  0.281095634271420E+003  0.276743457530522E+000  0.131048640235708E+001  0.270044893605754E+000  0.416558132100932E+000 -0.131028262406404E+000 -0.140547817135710E+003
  0.100000000000000E+001  0.298828807169871E+003  0.144173002841405E+001  0.132257396306409E+001  0.802228185479615E+000  0.460695138367846E+000 -0.131028262406404E+000 -0.149414403584935E+003
  0.100000000000000E+001  0.305141167702877E+003  0.188124459702631E+001  0.123728139619413E+001  0.850806115655138E+000  0.415823446223412E+000 -0.131028262406404E+000 -0.152570583851438E+003
  0.100000000000000E+001  0.293984015905523E+003  0.140553032128376E+001  0.140790228757254E+001  0.118493910342626E+000  0.359941563247033E+000 -0.131028262406404E+000 -0.146992007952761E+003
  0.100000000000000E+001  0.282034882321445E+003  0.584385428079653E+000  0.756832039385585E+000  0.629297895599782E+000  0.243606986361789E+000 -0.131028262406404E+000 -0.141017441160723E+003
  0.100000000000000E+001  0.282065164774393E+003  0.521020284044961E+000  0.172306299627072E+001  0.452806403437094E+000  0.275314241204907E+000 -0.131028262406404E+000 -0.141032582387197E+003
  0.100000000000000E+001  0.282652998855954E+003  0.624550451305173E+000  0.840166069116808E+000  0.707480816435394E+000  0.265705785498862E+000 -0.131028262406404E+000 -0.141326499427977E+003
  0.100000000000000E+001  0.284330117512318E+003  0.995224097506415E+000  0.116157375052996E+001  0.262401844966558E+000  0.212081404026183E+000 -0.131028262406404E+000 -0.142165058756159E+003
  0.100000000000000E+001  0.300064943824180E+003  0.181105325919920E+001  0.183548963843785E+001  0.310964431980886E+000  0.378205637899578E+000 -0.131028262406404E+000 -0.150032471912090E+003
  0.100000000000000E+001  0.286519483030494E+003  0.837072549765699E+000  0.167221613639286E+001  0.402637562383729E+000  0.372900487720184E+000 -0.131028262406404E+000 -0.143259741515247E+003
  0.100000000000000E+001  0.282449004883214E+003  0.129115437539834E+001  0.112413854586287E+001  0.750586529075457E+000  0.110983007167458E+000 -0.131028262406404E+000 -0.141224502441607E+003
  0.100000000000000E+001  0.292635298888946E+003  0.189340612746918E+001  0.194115920462790E+001  0.798839024483812E+000  0.240719123110155E+000 -0.131028262406404E+000 -0.146317649444473E+003
  0.100000000000000E+001  0.282306374267628E+003  0.455421135825615E+000  0.117363435336352E+001  0.404591646377988E+000  0.343054747961347E+000 -0.131028262406404E+000 -0.141153187133814E+003
  0.100000000000000E+001  0.285895785093928E+003  0.941132058944986E+000  0.120177038654690E+001  0.579912765281137E+000  0.285797149210430E+000 -0.131028262406404E+000 -0.142947892546964E+003
  0.100000000000000E+001  0.282646761314861E+003  0.425280475600357E+000  0.109527232162332E+001  0.470252527645186E+000  0.423392192514810E+000 -0.131028262406404E+000 -0.141323380657431E+003
  0.100000000000000E+001  0.280786482665109E+003  0.252704017499885E+000  0.615506124496146E+000  0.894392982416975E+000  0.472433310859487E+000 -0.131028262406404E+000 -0.140393241332554E+003
  0.100000000000000E+001  0.303016839669632E+003  0.168240466673597E+001  0.142219117015848E+001  0.548877746799921E+000  0.447448164575273E+000 -0.131028262406404E+000 -0.151508419834816E+003
  0.100000000000000E+001  0.283877744947022E+003  0.578001020393448E+000  0.859645618317632E+000  0.673366286299137E-001  0.400700162960881E+000 -0.131028262406404E+000 -0.141938872473511E+003
  0.100000000000000E+001  0.280110925026387E+003  0.323376386040288E+000  0.105153504445817E+001  0.199284726483037E+000  0.192531959151212E+000 -0.131028262406404E+000 -0.140055462513194E+003
  0.100000000000000E+001  0.289847734653106E+003  0.157423623731355E+001  0.786647642390341E+000  0.210832957343997E+000  0.246719088315695E+000 -0.131028262406404E+000 -0.144923867326553E+003
  0.100000000000000E+001  0.279089021594307E+003  0.130302737937069E+000  0.587756921525434E+000  0.799784070868815E+000  0.155245710382298E+000 -0.131028262406404E+000 -0.139544510797153E+003
  0.100000000000000E+001  0.283618219535867E+003  0.659948339654991E+000  0.610942013228598E+000  0.874982844493067E+000  0.340617214987261E+000 -0.131028262406404E+000 -0.141809109767934E+003
  0.100000000000000E+001  0.294178422748359E+003  0.194844152855802E+001  0.168400608890390E+001  0.976259726759686E+000  0.247642086668757E+000 -0.131028262406404E+000 -0.147089211374180E+003
  0.100000000000000E+001  0.279541653171039E+003  0.174059838750663E+000  0.179321406962359E+001  0.241106639594553E+000  0.234789565581591E+000 -0.131028262406404E+000 -0.139770826585519E+003
  0.100000000000000E+001  0.281392329431882E+003  0.420960982714098E+000  0.190091887852691E+001  0.409843788503804E+000  0.292909985689472E+000 -0.131028262406404E+000 -0.140696164715941E+003
  0.100000000000000E+001  0.297157125572797E+003  0.149658925870836E+001  0.950986945284453E+000  0.721183180440730E+000  0.421636780414568E+000 -0.131028262406404E+000 -0.148578562786399E+003
  0.100000000000000E+001  0.279642530003172E+003  0.129546803520749E+000  0.692219653088443E+000  0.730917799660966E+000  0.419256204792395E+000 -0.131028262406404E+000 -0.139821265001586E+003
  0.100000000000000E+001  0.290653317685852E+003  0.182653361723436E+001  0.170485140199828E+001  0.347433292790441E+000  0.213308308633471E+000 -0.131028262406404E+000 -0.145326658842926E+003
  0.100000000000000E+001  0.281608420755417E+003  0.337055374448422E+000  0.154345586717980E+001  0.539174805823066E+000  0.412855288818563E+000 -0.131028262406404E+000 -0.140804210377708E+003
  0.100000000000000E+001  0.299159164148545E+003  0.139059534058384E+001  0.120635135748437E+001  0.408052069630967E+000  0.498455238989949E+000 -0.131028262406404E+000 -0.149579582074272E+003
  0.100000000000000E+001  0.281044467852437E+003  0.767275943000784E+000  0.883126451007175E+000  0.615397593821709E+000  0.124827009992902E+000 -0.131028262406404E+000 -0.140522233926218E+003
  0.100000000000000E+001  0.288189016896524E+003  0.192998954019712E+001  0.170827784129473E+001  0.613137107161830E+000  0.164560298741735E+000 -0.131028262406404E+000 -0.144094508448262E+003
  0.100000000000000E+001  0.295916938785147E+003  0.140178422351341E+001  0.111866260941696E+001  0.534051849900411E-001  0.414302103071284E+000 -0.131028262406404E+000 -0.147958469392573E+003
  0.100000000000000E+001  0.293530956691820E+003  0.137995890739819E+001  0.165377436977651E+001  0.286129881209963E-001  0.366858168721693E+000 -0.131028262406404E+000 -0.146765478345910E+003
  0.100000000000000E+001  0.285596686383298E+003  0.195583365485449E+001  0.110218782163587E+001  0.424329896425861E+000  0.123340034509939E+000 -0.131028262406404E+000 -0.142798343191649E+003
  0.100000000000000E+001  0.281253391083291E+003  0.600427446000187E+000  0.178542217881758E+001  0.689723167060785E+000  0.176241292404945E+000 -0.131028262406404E+000 -0.140626695541646E+003
  0.100000000000000E+001  0.280395822431674E+003  0.362118554333952E+000  0.101631037915957E+001  0.926864853117425E+000  0.204558720766537E+000 -0.131028262406404E+000 -0.140197911215837E+003
  0.100000000000000E+001  0.284785653481892E+003  0.716738098457206E+000  0.187176744316672E+001  0.150579907250104E+000  0.369059478310722E+000 -0.131028262406404E+000 -0.142392826740946E+003
  0.100000000000000E+001  0.297159208208103E+003  0.164202877212688E+001  0.137979152606998E+001  0.841099007716543E+000  0.351958801190640E+000 -0.131028262406404E+000 -0.148579604104052E+003
  0.100000000000000E+001  0.285014724152877E+003  0.137750370264849E+001  0.122454650665609E+001  0.875557470947916E+000  0.164819428293797E+000 -0.131028262406404E+000 -0.142507362076438E+003
  0.100000000000000E+001  0.281638709510416E+003  0.724948839228203E+000  0.502234985927796E+000  0.744468671596603E+000  0.170710035210131E+000 -0.131028262406404E+000 -0.140819354755208E+003
  0.100000000000000E+001  0.298157592721705E+003  0.159628884560362E+001  0.172959447648439E+001  0.482357728016279E+000  0.401872864295870E+000 -0.131028262406404E+000 -0.149078796360852E+003
  0.100000000000000E+001  0.283263399847332E+003  0.619388623890159E+000  0.964963765182003E+000  0.702284928367201E+000  0.307217461068631E+000 -0.131028262406404E+000 -0.141631699923666E+003
  0.100000000000000E+001  0.281815411208888E+003  0.743898242405630E+000  0.180497588170213E+001  0.922509755315842E+000  0.169000747387281E+000 -0.131028262406404E+000 -0.140907705604444E+003
  0.100000000000000E+001  0.282244271582662E+003  0.498114298160154E+000  0.111755647569629E+001  0.176865197437423E+000  0.301373533072313E+000 -0.131028262406404E+000 -0.141122135791331E+003
  0.100000000000000E+001  0.282457137285393E+003  0.104785133637613E+001  0.173778381113488E+001  0.184136769484530E+000  0.138771153063343E+000 -0.131028262406404E+000 -0.141228568642697E+003
  0.100000000000000E+001  0.290116316384485E+003  0.971996480204121E+000  0.169021187179997E+001  0.409083121158250E+000  0.474496874168033E+000 -0.131028262406404E+000 -0.145058158192242E+003
  0.100000000000000E+001  0.280122247647396E+003  0.207431992523244E+000  0.998059980566075E+000  0.216938394302476E+000  0.332132736969589E+000 -0.131028262406404E+000 -0.140061123823698E+003
  0.100000000000000E+001  0.284831165284868E+003  0.797489601223189E+000  0.112863663879459E+001  0.945125576393196E+000  0.299452572332774E+000 -0.131028262406404E+000 -0.142415582642434E+003
  0.100000000000000E+001  0.288407117362582E+003  0.134792024461539E+001  0.139800205173688E+001  0.981562705127788E+000  0.247419487616066E+000 -0.131028262406404E+000 -0.144203558681291E+003
  0.100000000000000E+001  0.282748731058586E+003  0.447206764191761E+000  0.164664106733823E+001  0.800999691340543E+000  0.425906408827954E+000 -0.131028262406404E+000 -0.141374365529293E+003
  0.100000000000000E+001  0.283269487717431E+003  0.137976564436318E+001  0.146547086746274E+001  0.824674922492143E+000  0.123420153522447E+000 -0.131028262406404E+000 -0.141634743858715E+003
  0.100000000000000E+001  0.283296163688925E+003  0.614418583985095E+000  0.166118073875724E+001  0.923731252637784E+000  0.311420733499321E+000 -0.131028262406404E+000 -0.141648081844463E+003
  0.100000000000000E+001  0.281861411687144E+003  0.325667082493157E+000  0.110237560535225E+001  0.194477149402025E+000  0.473329470539936E+000 -0.131028262406404E+000 -0.140930705843572E+003
  0.100000000000000E+001  0.281194244612094E+003  0.404217304143299E+000  0.805695175033088E+000  0.941958850126021E+000  0.278058003428202E+000 -0.131028262406404E+000 -0.140597122306047E+003
  0.100000000000000E+001  0.279222947388282E+003  0.177843947560417E+000  0.601677410349132E+000  0.238745347006698E+000  0.145009886936574E+000 -0.131028262406404E+000 -0.139611473694141E+003
  0.100000000000000E+001  0.296136302134317E+003  0.183637299163138E+001  0.134115343135008E+001  0.754230015523807E+000  0.290834536969313E+000 -0.131028262406404E+000 -0.148068151067159E+003
  0.100000000000000E+001  0.286095339342969E+003  0.130739757650132E+001  0.197387705318290E+001  0.879106169118042E+000  0.207955495709104E+000 -0.131028262406404E+000 -0.143047669671485E+003
  0.100000000000000E+001  0.281353684651946E+003  0.413367793920591E+000  0.173847364590569E+001  0.281339733386898E+000  0.284758965426892E+000 -0.131028262406404E+000 -0.140676842325973E+003
  0.100000000000000E+001  0.289301364129401E+003  0.134757543844669E+001  0.644649616467554E+000  0.251565088772691E+000  0.297984913735602E+000 -0.131028262406404E+000 -0.144650682064701E+003
  0.100000000000000E+001  0.281690150197392E+003  0.305687994613730E+000  0.142972343555929E+001  0.211751704551905E+000  0.498028004273411E+000 -0.131028262406404E+000 -0.140845075098696E+003
  0.100000000000000E+001  0.296407858179053E+003  0.157463811530858E+001  0.967448704711839E+000  0.783339101946585E-001  0.374472711873885E+000 -0.131028262406404E+000 -0.148203929089527E+003
  0.100000000000000E+001  0.283116696753035E+003  0.496108642224682E+000  0.546829967256071E+000  0.724945488745576E+000  0.487543512546290E+000 -0.131028262406404E+000 -0.141558348376517E+003
  0.100000000000000E+001  0.294774130516059E+003  0.124354628313049E+001  0.174540783740945E+001  0.135540351592479E+000  0.488929781995297E+000 -0.131028262406404E+000 -0.147387065258030E+003
  0.100000000000000E+001  0.290859543803342E+003  0.150849822874231E+001  0.574431296767423E+000  0.200410209948280E+000  0.303640906833567E+000 -0.131028262406404E+000 -0.145429771901671E+003
  0.100000000000000E+001  0.285638774262782E+003  0.116436097706762E+001  0.110235730064989E+001  0.537889500399638E+000  0.216762575059416E+000 -0.131028262406404E+000 -0.142819387131391E+003
  0.100000000000000E+001  0.295996850526960E+003  0.130160059794887E+001  0.118668674663686E+001  0.390797064346291E+000  0.459078192019824E+000 -0.131028262406404E+000 -0.147998425263480E+003
  0.100000000000000E+001  0.291837943810157E+003  0.115264617037154E+001  0.163989741649973E+001  0.338072837725326E+000  0.417983222862117E+000 -0.131028262406404E+000 -0.145918971905078E+003
  0.100000000000000E+001  0.281914344096210E+003  0.940414144845340E+000  0.143840513005843E+001  0.764157750615691E+000  0.133931806376170E+000 -0.131028262406404E+000 -0.140957172048105E+003
  0.100000000000000E+001  0.287108405183176E+003  0.983191657916518E+000  0.197988084656497E+001  0.562065546882336E+000  0.351068562651913E+000 -0.131028262406404E+000 -0.143554202591588E+003
  0.100000000000000E+001  0.287263685722655E+003  0.903476121756511E+000  0.189170820272585E+001  0.140283655476418E+000  0.398298683925686E+000 -0.131028262406404E+000 -0.143631842861327E+003
  0.100000000000000E+001  0.283426510282189E+003  0.515785425557801E+000  0.107458820191833E+001  0.500392286132560E+000  0.401542651756556E+000 -0.131028262406404E+000 -0.141713255141095E+003
  0.100000000000000E+001  0.292498344783857E+003  0.142160721372361E+001  0.816929495040861E+000  0.698890552833718E+000  0.347555743574246E+000 -0.131028262406404E+000 -0.146249172391928E+003
  0.100000000000000E+001  0.310071478891744E+003  0.193071798582257E+001  0.985955555450923E+000  0.637324861807215E+000  0.498948981970355E+000 -0.131028262406404E+000 -0.155035739445872E+003
  0.100000000000000E+001  0.297643016891427E+003  0.149632768532993E+001  0.118389556084792E+001  0.332304332232621E+000  0.413268444490614E+000 -0.131028262406404E+000 -0.148821508445714E+003
  0.100000000000000E+001  0.282296559834436E+003  0.406405434762118E+000  0.178041573718514E+001  0.243875824453328E+000  0.449479033889744E+000 -0.131028262406404E+000 -0.141148279917218E+003
  0.100000000000000E+001  0.309477478536110E+003  0.187657226420022E+001  0.123875987038535E+001  0.861997170242968E+000  0.485967889620054E+000 -0.131028262406404E+000 -0.154738739268055E+003
  0.100000000000000E+001  0.309051902240335E+003  0.192016943876717E+001  0.129571483574655E+001  0.258670421679668E+000  0.461088359866367E+000 -0.131028262406404E+000 -0.154525951120167E+003
  0.100000000000000E+001  0.286073344228976E+003  0.139600876077412E+001  0.127068664354557E+001  0.690789880017086E+000  0.186241152493728E+000 -0.131028262406404E+000 -0.143036672114488E+003
  0.100000000000000E+001  0.280463027049704E+003  0.323250224867048E+000  0.157921996053273E+001  0.137122736576784E+000  0.241684194683526E+000 -0.131028262406404E+000 -0.140231513524852E+003
  0.100000000000000E+001  0.283673681926470E+003  0.165603840212195E+001  0.638710075438056E+000  0.790625112519905E+000  0.111950399994175E+000 -0.131028262406404E+000 -0.141836840963235E+003
  0.100000000000000E+001  0.294889054972383E+003  0.121338067979495E+001  0.133648931710760E+001  0.727765567693425E+000  0.471450632395438E+000 -0.131028262406404E+000 -0.147444527486191E+003
  0.100000000000000E+001  0.284437620972313E+003  0.134045836026806E+001  0.122766168155722E+001  0.930098878798872E+000  0.155815250925132E+000 -0.131028262406404E+000 -0.142218810486157E+003
  0.100000000000000E+001  0.282118536637828E+003  0.684620439340242E+000  0.145607222706456E+001  0.574995007563384E+000  0.199368349759530E+000 -0.131028262406404E+000 -0.141059268318914E+003
  0.100000000000000E+001  0.287871237173960E+003  0.942540253643204E+000  0.107294225674645E+001  0.102693256396020E+000  0.370965379822867E+000 -0.131028262406404E+000 -0.143935618586980E+003
  0.100000000000000E+001  0.281914381963237E+003  0.618465446794481E+000  0.956275697389894E+000  0.894954187542398E+000  0.213556749249353E+000 -0.131028262406404E+000 -0.140957190981619E+003
  0.100000000000000E+001  0.288061166754498E+003  0.183554930949470E+001  0.810897450654943E+000  0.532618753949169E+000  0.174723435847835E+000 -0.131028262406404E+000 -0.144030583377249E+003
  0.100000000000000E+001  0.296690007891792E+003  0.167138829838288E+001  0.642046753551693E+000  0.230638501673433E+000  0.396484977065396E+000 -0.131028262406404E+000 -0.148345003945896E+003
  0.100000000000000E+001  0.304551092253004E+003  0.195743794988097E+001  0.189429219452017E+001  0.913089698971492E+000  0.420173963872409E+000 -0.131028262406404E+000 -0.152275546126502E+003
  0.100000000000000E+001  0.280859631070491E+003  0.306752113574205E+000  0.185097370720764E+001  0.584129410441168E+000  0.347083008914643E+000 -0.131028262406404E+000 -0.140429815535245E+003
  0.100000000000000E+001  0.285697958310209E+003  0.103038354479809E+001  0.610614150828734E+000  0.794435866850670E+000  0.274439477032334E+000 -0.131028262406404E+000 -0.142848979155104E+003
  0.100000000000000E+001  0.289654124618011E+003  0.178620404675354E+001  0.566444587763201E+000  0.777600241758364E+000  0.216312345378679E+000 -0.131028262406404E+000 -0.144827062309006E+003
  0.100000000000000E+001  0.279182014650442E+003  0.157977116055808E+000  0.120697145846668E+001  0.248302771967021E+000  0.148587737894459E+000 -0.131028262406404E+000 -0.139591007325221E+003
  0.100000000000000E+001  0.290522826435948E+003  0.107811036674967E+001  0.161140924836839E+001  0.215210881120381E+000  0.407498959469034E+000 -0.131028262406404E+000 -0.145261413217974E+003
  0.100000000000000E+001  0.287619777670864E+003  0.937171121842029E+000  0.156961274135027E+001  0.920942066975908E+000  0.361389880643803E+000 -0.131028262406404E+000 -0.143809888835432E+003
  0.100000000000000E+001  0.288552436886790E+003  0.942806397828047E+000  0.153161811841208E+001  0.299212649171117E+000  0.398430658681474E+000 -0.131028262406404E+000 -0.144276218443395E+003
  0.100000000000000E+001  0.279333875967740E+003  0.136535137252280E+000  0.165032981735290E+001  0.476992084687541E+000  0.229014783237889E+000 -0.131028262406404E+000 -0.139666937983870E+003
  0.100000000000000E+001  0.300480660749909E+003  0.176218975797121E+001  0.118957450098496E+001  0.576001338325197E+000  0.378929490122414E+000 -0.131028262406404E+000 -0.150240330374955E+003
  0.100000000000000E+001  0.282893696525662E+003  0.780152045400298E+000  0.109378189657395E+001  0.508377543261883E+000  0.211170741608763E+000 -0.131028262406404E+000 -0.141446848262831E+003
  0.100000000000000E+001  0.285864288652267E+003  0.900745897350837E+000  0.100732692035947E+001  0.705261435081123E+000  0.306405377874401E+000 -0.131028262406404E+000 -0.142932144326134E+003
  0.100000000000000E+001  0.283587936225666E+003  0.709448043254512E+000  0.920454506598113E+000  0.596114589275087E+000  0.280662402084303E+000 -0.131028262406404E+000 -0.141793968112833E+003
  0.100000000000000E+001  0.303333311756250E+003  0.183109988158120E+001  0.108716692481647E+001  0.638481516382757E+000  0.411482183932569E+000 -0.131028262406404E+000 -0.151666655878125E+003
  0.100000000000000E+001  0.280957495463970E+003  0.519577263730254E+000  0.186293380917896E+001  0.107565496172197E+000  0.184510796941140E+000 -0.131028262406404E+000 -0.140478747731985E+003
  0.100000000000000E+001  0.287766321280382E+003  0.125741652027052E+001  0.549089774713744E+000  0.279217158382737E+000  0.285005949795820E+000 -0.131028262406404E+000 -0.143883160640191E+003
  0.100000000000000E+001  0.279496510471975E+003  0.166181459560288E+000  0.162186754626865E+001  0.526093508598559E+000  0.229749362836479E+000 -0.131028262406404E+000 -0.139748255235987E+003
  0.100000000000000E+001  0.292368213001982E+003  0.109791160951237E+001  0.874460317762367E+000  0.571400430034540E+000  0.490859411794271E+000 -0.131028262406404E+000 -0.146184106500991E+003
  0.100000000000000E+001  0.286460318841191E+003  0.132364238032922E+001  0.109089280171150E+001  0.671982076283129E+000  0.208147872108772E+000 -0.131028262406404E+000 -0.143230159420596E+003
  0.100000000000000E+001  0.284169063601844E+003  0.630544588557981E+000  0.162863059273022E+001  0.615510059774148E+000  0.365720158941346E+000 -0.131028262406404E+000 -0.142084531800922E+003
  0.100000000000000E+001  0.286712488450717E+003  0.188371066988846E+001  0.133616566625005E+001  0.326729472400564E+000  0.145332540134598E+000 -0.131028262406404E+000 -0.143356244225358E+003
  0.100000000000000E+001  0.288014137293852E+003  0.177284709080351E+001  0.112540499386026E+001  0.215198038769454E+000  0.177112075673717E+000 -0.131028262406404E+000 -0.144007068646926E+003
  0.100000000000000E+001  0.279422735670904E+003  0.167289264664122E+000  0.196988942206817E+001  0.320524806844133E+000  0.214380459178859E+000 -0.131028262406404E+000 -0.139711367835452E+003
  0.100000000000000E+001  0.300800995729383E+003  0.167538997745675E+001  0.108620075305869E+001  0.367693986998763E+000  0.418400217686031E+000 -0.131028262406404E+000 -0.150400497864692E+003
  0.100000000000000E+001  0.303925992604752E+003  0.174135842254418E+001  0.132059789770952E+001  0.147112668945388E+000  0.440908087829222E+000 -0.131028262406404E+000 -0.151962996302376E+003
  0.100000000000000E+001  0.281993485231284E+003  0.370174460369303E+000  0.124533921028478E+001  0.300355143936514E+000  0.408440452538143E+000 -0.131028262406404E+000 -0.140996742615642E+003
  0.100000000000000E+001  0.298801872068889E+003  0.159047922925626E+001  0.123701961024898E+001  0.780767421862084E+000  0.400932537462287E+000 -0.131028262406404E+000 -0.149400936034445E+003
  0.100000000000000E+001  0.279402351929030E+003  0.215811252720546E+000  0.131822036800293E+001  0.552820873161270E+000  0.150930880996116E+000 -0.131028262406404E+000 -0.139701175964515E+003
  0.100000000000000E+001  0.279542345947389E+003  0.288855823655503E+000  0.128024377565941E+001  0.430222617362566E+000  0.131596742236909E+000 -0.131028262406404E+000 -0.139771172973695E+003
  0.100000000000000E+001  0.290158774356723E+003  0.138906338412428E+001  0.194798016750723E+001  0.182143338723372E+000  0.296954888058757E+000 -0.131028262406404E+000 -0.145079387178361E+003
  0.100000000000000E+001  0.283971932296951E+003  0.926900623043947E+000  0.172248546244987E+001  0.883923841002302E+000  0.218151665473336E+000 -0.131028262406404E+000 -0.141985966148476E+003
  0.100000000000000E+001  0.299828382286301E+003  0.167948955311079E+001  0.816621578275241E+000  0.249469215811989E+000  0.431982628629466E+000 -0.131028262406404E+000 -0.149914191143151E+003
  0.100000000000000E+001  0.284480801661843E+003  0.150235219063870E+001  0.132231003414567E+001  0.631833898675142E+000  0.138950278655261E+000 -0.131028262406404E+000 -0.142240400830921E+003
  0.100000000000000E+001  0.280487430878586E+003  0.704921732105463E+000  0.113863180719433E+001  0.952944852623523E-001  0.105257442513764E+000 -0.131028262406404E+000 -0.140243715439293E+003
  0.100000000000000E+001  0.290707479161910E+003  0.115401432934725E+001  0.637359774496352E+000  0.605197388626946E+000  0.439965771787027E+000 -0.131028262406404E+000 -0.145353739580955E+003
  0.100000000000000E+001  0.284521668623771E+003  0.663795785499405E+000  0.192868281904992E+001  0.144280775836262E+000  0.407547740369194E+000 -0.131028262406404E+000 -0.142260834311885E+003
  0.100000000000000E+001  0.283374840240485E+003  0.820026030378676E+000  0.926703434156147E+000  0.163041516524380E-001  0.224912511963356E+000 -0.131028262406404E+000 -0.141687420120243E+003
  0.100000000000000E+001  0.279583513912335E+003  0.359559980200380E+000  0.104985189604636E+001  0.480177940742798E+000  0.109842509769292E+000 -0.131028262406404E+000 -0.139791756956168E+003
  0.100000000000000E+001  0.288578419361921E+003  0.187866271579805E+001  0.591045654563740E+000  0.756517696706248E+000  0.183246545554515E+000 -0.131028262406404E+000 -0.144289209680961E+003
  0.100000000000000E+001  0.282069997390699E+003  0.106662212180833E+001  0.194900720054842E+001  0.973201973991047E+000  0.124212447418115E+000 -0.131028262406404E+000 -0.141034998695350E+003
  0.100000000000000E+001  0.282840790663398E+003  0.569242003195243E+000  0.196959741485489E+001  0.928568649529064E+000  0.332463151201868E+000 -0.131028262406404E+000 -0.141420395331699E+003
  0.100000000000000E+001  0.279927910187490E+003  0.243242530069882E+000  0.876350734796282E+000  0.896409142487648E+000  0.234659060752989E+000 -0.131028262406404E+000 -0.139963955093745E+003
  0.100000000000000E+001  0.284928823031657E+003  0.175772517228965E+001  0.186364543510226E+001  0.145981519408579E+000  0.127034448943229E+000 -0.131028262406404E+000 -0.142464411515828E+003
  0.100000000000000E+001  0.284275295899774E+003  0.187494990241020E+001  0.151826983084207E+001  0.524942450422305E+000  0.107065542312375E+000 -0.131028262406404E+000 -0.142137647949887E+003
  0.100000000000000E+001  0.290122092180902E+003  0.103328185729667E+001  0.738254298260594E+000  0.898042422830629E+000  0.464264145596275E+000 -0.131028262406404E+000 -0.145061046090451E+003
  0.100000000000000E+001  0.292305892955730E+003  0.177268815688127E+001  0.999433070894931E+000  0.512953737027274E+000  0.249380641475366E+000 -0.131028262406404E+000 -0.146152946477865E+003
  0.100000000000000E+001  0.284576372244178E+003  0.621766991921142E+000  0.818410283388027E+000  0.698425000252745E-002  0.427149605438551E+000 -0.131028262406404E+000 -0.142288186122089E+003
  0.100000000000000E+001  0.280634654782318E+003  0.237075529969594E+000  0.753633304339728E+000  0.318585110460102E-001  0.435178195631893E+000 -0.131028262406404E+000 -0.140317327391159E+003
  0.100000000000000E+001  0.288208048342879E+003  0.192817601067346E+001  0.983437553381868E+000  0.744897921376569E+000  0.165729584427405E+000 -0.131028262406404E+000 -0.144104024171439E+003
  0.100000000000000E+001  0.279616446044067E+003  0.139716693848620E+000  0.107109626985025E+001  0.303012221020512E-001  0.329376268496092E+000 -0.131028262406404E+000 -0.139808223022034E+003
  0.100000000000000E+001  0.282812950988906E+003  0.503973664164311E+000  0.139163398310891E+001  0.928210300405114E+000  0.347594271931645E+000 -0.131028262406404E+000 -0.141406475494453E+003
  0.100000000000000E+001  0.284784563846163E+003  0.844363797179404E+000  0.860818162126188E+000  0.448725445880556E+000  0.287482510657822E+000 -0.131028262406404E+000 -0.142392281923082E+003
  0.100000000000000E+001  0.279438805499452E+003  0.259080344760599E+000  0.795328027128058E+000  0.233105780690126E+000  0.132185334075250E+000 -0.131028262406404E+000 -0.139719402749726E+003
  0.100000000000000E+001  0.280736922109783E+003  0.241512792457878E+000  0.171762023476055E+001  0.378764211866683E+000  0.462719780217497E+000 -0.131028262406404E+000 -0.140368461054892E+003
  0.100000000000000E+001  0.291540471510615E+003  0.131826861452323E+001  0.123281358848139E+001  0.469108745448539E+000  0.331256307025061E+000 -0.131028262406404E+000 -0.145770235755308E+003
  0.100000000000000E+001  0.279821348233411E+003  0.440882850879294E+000  0.939782585473456E+000  0.727666160362842E+000  0.111219633041657E+000 -0.131028262406404E+000 -0.139910674116705E+003
  0.100000000000000E+001  0.283770082097756E+003  0.599780002486398E+000  0.187916441880166E+001  0.903517331867281E+000  0.388824029702639E+000 -0.131028262406404E+000 -0.141885041048878E+003
  0.100000000000000E+001  0.283865874273550E+003  0.721113732336142E+000  0.815940762799406E+000  0.369739744504683E+000  0.297984572104342E+000 -0.131028262406404E+000 -0.141932937136775E+003
  0.100000000000000E+001  0.288458878412522E+003  0.899866806895639E+000  0.178358050253338E+001  0.406046831614877E+000  0.457340133602964E+000 -0.131028262406404E+000 -0.144229439206261E+003
  0.100000000000000E+001  0.281510431393178E+003  0.863430617039701E+000  0.199580205175066E+001  0.952540076784732E+000  0.131644261075207E+000 -0.131028262406404E+000 -0.140755215696589E+003
  0.100000000000000E+001  0.280025509364792E+003  0.336592072747900E+000  0.134825924721033E+001  0.921699035596907E+000  0.172160773655301E+000 -0.131028262406404E+000 -0.140012754682396E+003
  0.100000000000000E+001  0.281744009260438E+003  0.337271392522082E+000  0.122804840179927E+001  0.174678433629473E+000  0.423658860993017E+000 -0.131028262406404E+000 -0.140872004630219E+003
  0.100000000000000E+001  0.279916268714902E+003  0.142947425730139E+000  0.129724055233249E+001  0.278911420397450E+000  0.455812313128332E+000 -0.131028262406404E+000 -0.139958134357451E+003
  0.100000000000000E+001  0.291589173985692E+003  0.103629849621931E+001  0.155599758865816E+001  0.557295139097508E+000  0.476872791963800E+000 -0.131028262406404E+000 -0.145794586992846E+003
  0.100000000000000E+001  0.287493417244529E+003  0.179079147397515E+001  0.169681532091142E+001  0.842893221416057E+000  0.167016593265169E+000 -0.131028262406404E+000 -0.143746708622265E+003
  0.100000000000000E+001  0.279476596525577E+003  0.149196013957861E+000  0.190524321666845E+001  0.260590830419679E+000  0.266652167864137E+000 -0.131028262406404E+000 -0.139738298262789E+003
  0.100000000000000E+001  0.288581663720704E+003  0.115588481251689E+001  0.941089454461084E+000  0.598373172337076E+000  0.313811044818279E+000 -0.131028262406404E+000 -0.144290831860352E+003
  0.100000000000000E+001  0.289578682064516E+003  0.163084300271214E+001  0.143846256419932E+001  0.159452883793454E+000  0.220741112443763E+000 -0.131028262406404E+000 -0.144789341032258E+003
  0.100000000000000E+001  0.290810165366585E+003  0.133552211050205E+001  0.599053154696654E+000  0.731537619132897E-001  0.359735143311236E+000 -0.131028262406404E+000 -0.145405082683292E+003
  0.100000000000000E+001  0.290563053175615E+003  0.156328565722538E+001  0.114715985842403E+001  0.339759692091667E+000  0.251880266649774E+000 -0.131028262406404E+000 -0.145281526587808E+003
  0.100000000000000E+001  0.285819378483326E+003  0.102209020253053E+001  0.573339527034192E+000  0.612613673778002E+000  0.286713604322021E+000 -0.131028262406404E+000 -0.142909689241663E+003
  0.100000000000000E+001  0.286863226088904E+003  0.137444562754366E+001  0.103690782216966E+001  0.132611299109416E+000  0.209695620607101E+000 -0.131028262406404E+000 -0.143431613044452E+003
  0.100000000000000E+001  0.294429905808149E+003  0.164231340220189E+001  0.796181546561060E+000  0.949082428327650E+000  0.328665406817026E+000 -0.131028262406404E+000 -0.147214952904075E+003
  0.100000000000000E+001  0.287076335059413E+003  0.731639941497221E+000  0.135896463225094E+001  0.952015200072507E+000  0.475455708017958E+000 -0.131028262406404E+000 -0.143538167529707E+003
  0.100000000000000E+001  0.280874986115147E+003  0.389624045812663E+000  0.160900013042615E+001  0.449695302218289E-002  0.242429527292889E+000 -0.131028262406404E+000 -0.140437493057574E+003
  0.100000000000000E+001  0.280287958960797E+003  0.254474855684940E+000  0.860759849033422E+000  0.351304549526989E+000  0.296529521586694E+000 -0.131028262406404E+000 -0.140143979480398E+003
  0.100000000000000E+001  0.291491616382979E+003  0.198732243586349E+001  0.178083748489377E+001  0.857217846288769E-001  0.206814725872244E+000 -0.131028262406404E+000 -0.145745808191489E+003
  0.100000000000000E+001  0.285751404983748E+003  0.134774192688416E+001  0.984782026338326E+000  0.498337156878786E+000  0.188242801950314E+000 -0.131028262406404E+000 -0.142875702491874E+003
  0.100000000000000E+001  0.279978851217904E+003  0.157141161954637E+000  0.161718513926679E+001  0.499842915111703E-002  0.455389658378571E+000 -0.131028262406404E+000 -0.139989425608952E+003
  0.100000000000000E+001  0.310034111715437E+003  0.191095809988094E+001  0.142898270428487E+001  0.865706362073273E+000  0.480709961070274E+000 -0.131028262406404E+000 -0.155017055857719E+003
  0.100000000000000E+001  0.297763442939449E+003  0.133101074775253E+001  0.125755986551474E+001  0.758755131102542E+000  0.491473325443967E+000 -0.131028262406404E+000 -0.148881721469725E+003
  0.100000000000000E+001  0.293885585093420E+003  0.125680808793672E+001  0.171960370304795E+001  0.141480180534703E+000  0.441641133719564E+000 -0.131028262406404E+000 -0.146942792546710E+003
  0.100000000000000E+001  0.279644354718332E+003  0.192104004511029E+000  0.197205521519686E+001  0.759012474481951E+000  0.243390083745597E+000 -0.131028262406404E+000 -0.139822177359166E+003
  0.100000000000000E+001  0.280586190854125E+003  0.671120980187454E+000  0.192720711892183E+001  0.727275892850604E+000  0.117545409275024E+000 -0.131028262406404E+000 -0.140293095427062E+003
  0.100000000000000E+001  0.286564211575543E+003  0.101175818754907E+001  0.637243785874013E+000  0.714304558482423E+000  0.319598023918116E+000 -0.131028262406404E+000 -0.143282105787772E+003
  0.100000000000000E+001  0.281240192508960E+003  0.391629220430487E+000  0.164176947398110E+001  0.261191758493311E+000  0.286298455652195E+000 -0.131028262406404E+000 -0.140620096254480E+003
  0.100000000000000E+001  0.280126578543012E+003  0.171308262473899E+000  0.120224465891270E+001  0.920577148848761E-001  0.427086492749906E+000 -0.131028262406404E+000 -0.140063289271506E+003
  0.100000000000000E+001  0.286028631253109E+003  0.149042867517506E+001  0.129981293065150E+001  0.409264101925934E+000  0.172544897087307E+000 -0.131028262406404E+000 -0.143014315626554E+003
  0.100000000000000E+001  0.287133654256887E+003  0.114736928860672E+001  0.137395261099734E+001  0.153411887621873E+000  0.261908863090799E+000 -0.131028262406404E+000 -0.143566827128443E+003
  0.100000000000000E+001  0.285433349851819E+003  0.147278818893330E+001  0.102470588131625E+001  0.745573242703444E+000  0.163497296825591E+000 -0.131028262406404E+000 -0.142716674925909E+003
  0.100000000000000E+001  0.279048649527659E+003  0.107111870140995E+000  0.770010607528240E+000  0.430871365642803E+000  0.171968688599740E+000 -0.131028262406404E+000 -0.139524324763829E+003
  0.100000000000000E+001  0.287444701210457E+003  0.791800358269178E+000  0.102264234876626E+001  0.202997731825382E+000  0.454272531386425E+000 -0.131028262406404E+000 -0.143722350605228E+003
  0.100000000000000E+001  0.285623726356471E+003  0.885478848081421E+000  0.124041162997370E+001  0.151508102656593E+000  0.295629738031769E+000 -0.131028262406404E+000 -0.142811863178235E+003
  0.100000000000000E+001  0.280311191871387E+003  0.219924188172105E+000  0.729284840118814E+000  0.105158542807432E+000  0.384144730640423E+000 -0.131028262406404E+000 -0.140155595935694E+003
  0.100000000000000E+001  0.297200372974630E+003  0.184116991440194E+001  0.128989179501962E+001  0.416069991163363E+000  0.306018425434973E+000 -0.131028262406404E+000 -0.148600186487315E+003
  0.100000000000000E+001  0.285910611270414E+003  0.135201830248465E+001  0.935872707736622E+000  0.156064248137432E+000  0.192155080625746E+000 -0.131028262406404E+000 -0.142955305635207E+003
  0.100000000000000E+001  0.298620994322480E+003  0.146366791033836E+001  0.144526730213411E+001  0.762196053814869E+000  0.447393502084389E+000 -0.131028262406404E+000 -0.149310497161240E+003
  0.100000000000000E+001  0.285527237404539E+003  0.109316586490468E+001  0.507315693063683E+000  0.475826355995049E-001  0.253872050484729E+000 -0.131028262406404E+000 -0.142763618702270E+003
  0.100000000000000E+001  0.281547528567656E+003  0.979512074276427E+000  0.154093665364392E+001  0.710431427944401E+000  0.115015678736042E+000 -0.131028262406404E+000 -0.140773764283828E+003
  0.100000000000000E+001  0.290931562225756E+003  0.101852316243609E+001  0.138586001783208E+001  0.924339508464040E+000  0.448382682646384E+000 -0.131028262406404E+000 -0.145465781112878E+003
  0.100000000000000E+001  0.290014253564811E+003  0.961645763902322E+000  0.960204527343118E+000  0.525528895715083E+000  0.467514874481683E+000 -0.131028262406404E+000 -0.145007126782406E+003
  0.100000000000000E+001  0.295602341409224E+003  0.146166794345172E+001  0.157937223342927E+001  0.369805349835265E+000  0.382695795154682E+000 -0.131028262406404E+000 -0.147801170704612E+003
  0.100000000000000E+001  0.296117409072778E+003  0.142843271428817E+001  0.877489815329319E+000  0.973219870499188E+000  0.434468677883717E+000 -0.131028262406404E+000 -0.148058704536389E+003
  0.100000000000000E+001  0.286596452613896E+003  0.130129542255758E+001  0.186084558320792E+001  0.571252882546970E+000  0.219501782433989E+000 -0.131028262406404E+000 -0.143298226306948E+003
  0.100000000000000E+001  0.282035161810507E+003  0.446790064691827E+000  0.854475593410800E+000  0.638524324864387E+000  0.338235039799876E+000 -0.131028262406404E+000 -0.141017580905253E+003
  0.100000000000000E+001  0.295644801757329E+003  0.126919370204658E+001  0.143664636990087E+001  0.571672460373754E+000  0.465754236107100E+000 -0.131028262406404E+000 -0.147822400878664E+003
  0.100000000000000E+001  0.280637499061704E+003  0.304304060351590E+000  0.794819222275834E+000  0.548941229440225E+000  0.300785670847210E+000 -0.131028262406404E+000 -0.140318749530852E+003
  0.100000000000000E+001  0.280538308745132E+003  0.262958292982279E+000  0.820169821218415E+000  0.183607401903382E+000  0.341781091598065E+000 -0.131028262406404E+000 -0.140269154372566E+003
  0.100000000000000E+001  0.292184928324873E+003  0.107663590870716E+001  0.140499751624683E+001  0.947258575154051E+000  0.461793444978132E+000 -0.131028262406404E+000 -0.146092464162437E+003
  0.100000000000000E+001  0.279347379641809E+003  0.141307426989642E+000  0.549259187945611E+000  0.927967651194070E+000  0.240423886370079E+000 -0.131028262406404E+000 -0.139673689820904E+003
  0.100000000000000E+001  0.281436143613629E+003  0.427899812324586E+000  0.769129570261928E+000  0.377809030439998E+000  0.289686964011070E+000 -0.131028262406404E+000 -0.140718071806815E+003
  0.100000000000000E+001  0.296905038249133E+003  0.142011155250975E+001  0.943146243118643E+000  0.581375354362593E+000  0.449444260340463E+000 -0.131028262406404E+000 -0.148452519124566E+003
  0.100000000000000E+001  0.308935902980627E+003  0.192062864559244E+001  0.177670507096497E+001  0.890757711138009E+000  0.495091792140811E+000 -0.131028262406404E+000 -0.154467951490313E+003
  0.100000000000000E+001  0.283328320319326E+003  0.539195392608846E+000  0.193397363303188E+001  0.413701773454823E+000  0.426156140041603E+000 -0.131028262406404E+000 -0.141664160159663E+003
  0.100000000000000E+001  0.298436054966377E+003  0.153135313466897E+001  0.172904530243938E+001  0.748134836439868E+000  0.435698047833299E+000 -0.131028262406404E+000 -0.149218027483188E+003
  0.100000000000000E+001  0.287146432587238E+003  0.120437005439006E+001  0.145760609573609E+001  0.210474338114095E+000  0.248195906069074E+000 -0.131028262406404E+000 -0.143573216293619E+003
  0.100000000000000E+001  0.279487223780856E+003  0.356074921002630E+000  0.665020520034074E+000  0.181975858233980E+000  0.100716117488064E+000 -0.131028262406404E+000 -0.139743611890428E+003
  0.100000000000000E+001  0.279545260661815E+003  0.105029144968384E+000  0.117814972333102E+001  0.671991397269889E-002  0.441577096711670E+000 -0.131028262406404E+000 -0.139772630330908E+003
  0.100000000000000E+001  0.301371892158317E+003  0.163681651980928E+001  0.905643823344795E+000  0.638780736793486E+000  0.467032917842424E+000 -0.131028262406404E+000 -0.150685946079159E+003
  0.100000000000000E+001  0.301519962411802E+003  0.160396842764469E+001  0.112856952005271E+001  0.115370250792076E+000  0.456660795862427E+000 -0.131028262406404E+000 -0.150759981205901E+003
  0.100000000000000E+001  0.286318741768676E+003  0.106786247287851E+001  0.156962927959858E+001  0.117236063989138E+000  0.260582814974599E+000 -0.131028262406404E+000 -0.143159370884338E+003
  0.100000000000000E+001  0.285640320230784E+003  0.173885917919036E+001  0.165695008680510E+001  0.748363222096062E+000  0.140244475673942E+000 -0.131028262406404E+000 -0.142820160115392E+003
  0.100000000000000E+001  0.289851216508939E+003  0.957370362686790E+000  0.152188066591524E+001  0.270070070739607E+000  0.450258127790567E+000 -0.131028262406404E+000 -0.144925608254470E+003
  0.100000000000000E+001  0.307209854951264E+003  0.188997253784397E+001  0.866032543154686E+000  0.313071663891827E+000  0.487693727743756E+000 -0.131028262406404E+000 -0.153604927475632E+003
  0.100000000000000E+001  0.281705516007249E+003  0.368130738656515E+000  0.156910607213391E+001  0.123008262855569E+000  0.377838136513558E+000 -0.131028262406404E+000 -0.140852758003625E+003
  0.100000000000000E+001  0.294021445146217E+003  0.143324185656513E+001  0.735093342806576E+000  0.974280356266429E+000  0.397905295006567E+000 -0.131028262406404E+000 -0.147010722573109E+003
  0.100000000000000E+001  0.288955015505447E+003  0.990235289309826E+000  0.176905150516407E+001  0.560387402374694E-001  0.410403311083726E+000 -0.131028262406404E+000 -0.144477507752724E+003
  0.100000000000000E+001  0.279636640434050E+003  0.153440158655191E+000  0.154764704524324E+001  0.194119230665973E+000  0.300705353833466E+000 -0.131028262406404E+000 -0.139818320217025E+003
  0.100000000000000E+001  0.291495299718705E+003  0.184324900548448E+001  0.145381657029270E+001  0.117221088815120E+000  0.221532105531477E+000 -0.131028262406404E+000 -0.145747649859352E+003
  0.100000000000000E+001  0.286177011369278E+003  0.160071785315809E+001  0.970596928489326E+000  0.235134663330095E+000  0.164444683684133E+000 -0.131028262406404E+000 -0.143088505684639E+003
  0.100000000000000E+001  0.289304803930086E+003  0.153816133112187E+001  0.143194566513835E+001  0.883735817399357E+000  0.230496772467131E+000 -0.131028262406404E+000 -0.144652401965043E+003
  0.100000000000000E+001  0.305550945605592E+003  0.170026491048791E+001  0.113258252429772E+001  0.368252380219258E+000  0.496068846668938E+000 -0.131028262406404E+000 -0.152775472802796E+003
  0.100000000000000E+001  0.289741612299610E+003  0.108901682569133E+001  0.812094430055566E+000  0.467281911748271E+000  0.398307379108259E+000 -0.131028262406404E+000 -0.144870806149805E+003
  0.100000000000000E+001  0.280554056402695E+003  0.231015791255289E+000  0.176304635173106E+001  0.753048469363901E+000  0.437735930256221E+000 -0.131028262406404E+000 -0.140277028201347E+003
  0.100000000000000E+001  0.301585032724949E+003  0.180042152608103E+001  0.196421182285069E+001  0.619956227277705E+000  0.434283682099216E+000 -0.131028262406404E+000 -0.150792516362475E+003
  0.100000000000000E+001  0.298714865386033E+003  0.147708677450786E+001  0.100854915200962E+001  0.445278285597550E+000  0.460673017722984E+000 -0.131028262406404E+000 -0.149357432693017E+003
  0.100000000000000E+001  0.290990812913739E+003  0.101402341227644E+001  0.123456686980326E+001  0.503035427786919E+000  0.453542167752776E+000 -0.131028262406404E+000 -0.145495406456870E+003
  0.100000000000000E+001  0.284193517509402E+003  0.769278048797774E+000  0.170299137985046E+001  0.299251892089510E+000  0.284155733171532E+000 -0.131028262406404E+000 -0.142096758754701E+003
  0.100000000000000E+001  0.292171018095775E+003  0.199120117841338E+001  0.690652419461773E+000  0.747894783804711E+000  0.225206053583886E+000 -0.131028262406404E+000 -0.146085509047888E+003
  0.100000000000000E+001  0.279484172633354E+003  0.323818613483581E+000  0.116914373845218E+001  0.300542898705850E+000  0.109489005289934E+000 -0.131028262406404E+000 -0.139742086316677E+003
  0.100000000000000E+001  0.296814165178831E+003  0.192121574349458E+001  0.164101500674650E+001  0.705466784856928E-001  0.288145756076458E+000 -0.131028262406404E+000 -0.148407082589415E+003
  0.100000000000000E+001  0.279502462324661E+003  0.271293875126714E+000  0.178512219016554E+001  0.736862311130672E+000  0.135519946979305E+000 -0.131028262406404E+000 -0.139751231162330E+003
  0.100000000000000E+001  0.285159076409036E+003  0.188629062624345E+001  0.656816088763537E+000  0.432371670531487E-001  0.123088499478549E+000 -0.131028262406404E+000 -0.142579538204518E+003
  0.100000000000000E+001  0.293817176353044E+003  0.193382248039818E+001  0.146859900893403E+001  0.741381336596325E+000  0.242063887820095E+000 -0.131028262406404E+000 -0.146908588176522E+003
  0.100000000000000E+001  0.283010584371240E+003  0.102453868448093E+001  0.733543232536146E+000  0.208589077524938E+000  0.164244545487732E+000 -0.131028262406404E+000 -0.141505292185620E+003
  0.100000000000000E+001  0.290799747972700E+003  0.144818638063844E+001  0.133352465859610E+001  0.791148078030552E+000  0.278141521066278E+000 -0.131028262406404E+000 -0.145399873986350E+003
  0.100000000000000E+001  0.280920630344916E+003  0.624753353150812E+000  0.192436688984013E+001  0.385793681259536E+000  0.148489450196089E+000 -0.131028262406404E+000 -0.140460315172458E+003
  0.100000000000000E+001  0.281620072370539E+003  0.487310191309395E+000  0.183175156393575E+001  0.255869813446009E+000  0.260675100724052E+000 -0.131028262406404E+000 -0.140810036185269E+003
  0.100000000000000E+001  0.284221403530087E+003  0.884611969793956E+000  0.509421439054923E+000  0.445740913077690E+000  0.266182439620753E+000 -0.131028262406404E+000 -0.142110701765043E+003
  0.100000000000000E+001  0.291395407814880E+003  0.143589473164024E+001  0.517248586407317E+000  0.692517145740357E+000  0.355844781730694E+000 -0.131028262406404E+000 -0.145697703907440E+003
  0.100000000000000E+001  0.282861592444705E+003  0.127644978345009E+001  0.188510797582188E+001  0.600331807581547E-001  0.124312881159606E+000 -0.131028262406404E+000 -0.141430796222352E+003
  0.100000000000000E+001  0.280178273037195E+003  0.570619077607984E+000  0.163544449783253E+001  0.344593608626314E+000  0.109878214471630E+000 -0.131028262406404E+000 -0.140089136518598E+003
  0.100000000000000E+001  0.280806344983445E+003  0.394106462414592E+000  0.584908115851099E+000  0.989086927214646E+000  0.248406263130926E+000 -0.131028262406404E+000 -0.140403172491723E+003
  0.100000000000000E+001  0.279784568174953E+003  0.377192595410117E+000  0.107884244019788E+001  0.236488654489309E+000  0.126455616008207E+000 -0.131028262406404E+000 -0.139892284087476E+003
  0.100000000000000E+001  0.279886871058271E+003  0.171202588291246E+000  0.191992602435911E+001  0.383471288256593E+000  0.396342436256073E+000 -0.131028262406404E+000 -0.139943435529136E+003
  0.100000000000000E+001  0.286187124421018E+003  0.939179257183949E+000  0.162426157606958E+001  0.751623745884029E+000  0.301373556979560E+000 -0.131028262406404E+000 -0.143093562210509E+003
  0.100000000000000E+001  0.291649965099879E+003  0.103339704915886E+001  0.934795904476139E+000  0.132441568346214E+000  0.494470207575167E+000 -0.131028262406404E+000 -0.145824982549939E+003
  0.100000000000000E+001  0.284869539051408E+003  0.182414743182988E+001  0.157328307509569E+001  0.236209811442959E+000  0.120289192628655E+000 -0.131028262406404E+000 -0.142434769525704E+003
  0.100000000000000E+001  0.280407823973245E+003  0.426298105149251E+000  0.126346290838259E+001  0.841226562196811E-001  0.170684161502862E+000 -0.131028262406404E+000 -0.140203911986622E+003
  0.100000000000000E+001  0.280483900182530E+003  0.320320028463313E+000  0.164059413029114E+001  0.221441080781773E+000  0.248734321718972E+000 -0.131028262406404E+000 -0.140241950091265E+003
  0.100000000000000E+001  0.288036728657035E+003  0.130119815975815E+001  0.797537404370602E+000  0.384226145232059E+000  0.262153218699135E+000 -0.131028262406404E+000 -0.144018364328518E+003
  0.100000000000000E+001  0.280927517658296E+003  0.542186122302565E+000  0.126803834812534E+001  0.286546706640029E+000  0.170203403716652E+000 -0.131028262406404E+000 -0.140463758829148E+003
  0.100000000000000E+001  0.304181451358625E+003  0.198015130536882E+001  0.182999093964814E+001  0.410439916190876E+000  0.396883781639376E+000 -0.131028262406404E+000 -0.152090725679312E+003
  0.100000000000000E+001  0.291239148421670E+003  0.136082846522622E+001  0.150699584188371E+001  0.131556469944053E+000  0.311178624126934E+000 -0.131028262406404E+000 -0.145619574210835E+003
  0.100000000000000E+001  0.283338952421831E+003  0.547011172044095E+000  0.668196936751251E+000  0.584286429998288E-001  0.409712660695814E+000 -0.131028262406404E+000 -0.141669476210915E+003
  0.100000000000000E+001  0.284622336676550E+003  0.809851157448469E+000  0.132861187523667E+001  0.365649078698930E+000  0.281128264027372E+000 -0.131028262406404E+000 -0.142311168338275E+003
  0.100000000000000E+001  0.288188761134674E+003  0.940166484866369E+000  0.133438528905405E+001  0.866472732629981E+000  0.378300821566530E+000 -0.131028262406404E+000 -0.144094380567337E+003
  0.100000000000000E+001  0.279389030632985E+003  0.255679483938794E+000  0.811931397183422E+000  0.237057255337343E+000  0.125440291439635E+000 -0.131028262406404E+000 -0.139694515316492E+003
  0.100000000000000E+001  0.286120017359047E+003  0.149502225460088E+001  0.170753022825760E+001  0.103838700804052E-001  0.175155560032449E+000 -0.131028262406404E+000 -0.143060008679524E+003
  0.100000000000000E+001  0.287218287018124E+003  0.129349748890542E+001  0.118860737004249E+001  0.170685274417167E+000  0.231331269719007E+000 -0.131028262406404E+000 -0.143609143509062E+003
  0.100000000000000E+001  0.279630834686927E+003  0.109874470791389E+000  0.131886651366842E+001  0.392499512715723E+000  0.477201557997249E+000 -0.131028262406404E+000 -0.139815417343463E+003
  0.100000000000000E+001  0.298350613845197E+003  0.188257337487401E+001  0.105245566439077E+001  0.888648783850585E+000  0.321690303837891E+000 -0.131028262406404E+000 -0.149175306922599E+003
  0.100000000000000E+001  0.296350745458124E+003  0.144286486303484E+001  0.108039930400741E+001  0.336867457707839E+000  0.410917704802184E+000 -0.131028262406404E+000 -0.148175372729062E+003
  0.100000000000000E+001  0.282179590535615E+003  0.108717530613618E+001  0.148352525681179E+001  0.263400800409940E+000  0.123815017363888E+000 -0.131028262406404E+000 -0.141089795267808E+003
  0.100000000000000E+001  0.287821098266345E+003  0.969102851676484E+000  0.167251338980180E+001  0.174608284474001E+000  0.359606059932073E+000 -0.131028262406404E+000 -0.143910549133172E+003
  0.100000000000000E+001  0.284289516154069E+003  0.689595603236687E+000  0.152450427736497E+001  0.870663071181270E+000  0.326240154205229E+000 -0.131028262406404E+000 -0.142144758077035E+003
  0.100000000000000E+001  0.285108846726794E+003  0.162652285694094E+001  0.745557386743313E+000  0.320641107117493E+000  0.142711694545682E+000 -0.131028262406404E+000 -0.142554423363397E+003
  0.100000000000000E+001  0.292117900153927E+003  0.122849650496151E+001  0.902620145135959E+000  0.626198106713662E+000  0.403250670713576E+000 -0.131028262406404E+000 -0.146058950076963E+003
  0.100000000000000E+001  0.291940767324298E+003  0.113767914510614E+001  0.853100383757846E+000  0.121602176170088E+000  0.452460843400743E+000 -0.131028262406404E+000 -0.145970383662149E+003
  0.100000000000000E+001  0.295393680850892E+003  0.136347767043679E+001  0.744931855871193E+000  0.409827228953151E+000  0.471965886268030E+000 -0.131028262406404E+000 -0.147696840425446E+003
  0.100000000000000E+001  0.287466835533686E+003  0.195842560471410E+001  0.894876865536311E+000  0.951974710671750E+000  0.152646149908672E+000 -0.131028262406404E+000 -0.143733417766843E+003
  0.100000000000000E+001  0.296939666464317E+003  0.187634812566800E+001  0.622561197887012E+000  0.110653344321884E-001  0.339969289944059E+000 -0.131028262406404E+000 -0.148469833232159E+003
  0.100000000000000E+001  0.283944300645183E+003  0.601685337918215E+000  0.194632192492005E+001  0.972883037722661E+000  0.423261033210174E+000 -0.131028262406404E+000 -0.141972150322592E+003
  0.100000000000000E+001  0.286823813088283E+003  0.865244009120033E+000  0.136274863628170E+001  0.647029323760989E-001  0.358354519570284E+000 -0.131028262406404E+000 -0.143411906544142E+003
  0.100000000000000E+001  0.296262337828018E+003  0.169941409366292E+001  0.101287484990556E+001  0.788930288068620E+000  0.332271689914881E+000 -0.131028262406404E+000 -0.148131168914009E+003
  0.100000000000000E+001  0.281299958726630E+003  0.911490806307781E+000  0.109701849721314E+001  0.134143171802180E+000  0.114140011857622E+000 -0.131028262406404E+000 -0.140649979363315E+003
  0.100000000000000E+001  0.291285563863045E+003  0.136267136895181E+001  0.904018189591982E+000  0.157359953349790E+000  0.326577763060850E+000 -0.131028262406404E+000 -0.145642781931523E+003
  0.100000000000000E+001  0.280204131403059E+003  0.297341244303013E+000  0.527411063561655E+000  0.731820484608787E+000  0.245160245186664E+000 -0.131028262406404E+000 -0.140102065701530E+003
  0.100000000000000E+001  0.282596628962139E+003  0.529125148016972E+000  0.825942701961298E+000  0.642004627434648E+000  0.325474695997123E+000 -0.131028262406404E+000 -0.141298314481069E+003
  0.100000000000000E+001  0.292202180294832E+003  0.160656631541680E+001  0.155373671076741E+001  0.813896692275081E+000  0.272912838005491E+000 -0.131028262406404E+000 -0.146101090147416E+003
  0.100000000000000E+001  0.279287068573067E+003  0.146139223425142E+000  0.185682573360691E+001  0.980988095411558E+000  0.199522127831724E+000 -0.131028262406404E+000 -0.139643534286533E+003
  0.100000000000000E+001  0.286538224959561E+003  0.863612244878081E+000  0.193565177229976E+001  0.668991591466977E+000  0.390027797185606E+000 -0.131028262406404E+000 -0.143269112479780E+003
  0.100000000000000E+001  0.279427000388031E+003  0.115284923258266E+000  0.994452449180890E+000  0.821957170061857E+000  0.326710403049225E+000 -0.131028262406404E+000 -0.139713500194015E+003
  0.100000000000000E+001  0.291044060678265E+003  0.111539351781717E+001  0.145963288250492E+001  0.287413405975208E+000  0.397913343765605E+000 -0.131028262406404E+000 -0.145522030339132E+003
  0.100000000000000E+001  0.287062124968104E+003  0.759350872811168E+000  0.885779683604654E+000  0.100958171001420E-001  0.476609615473635E+000 -0.131028262406404E+000 -0.143531062484052E+003
  0.100000000000000E+001  0.291426438404661E+003  0.123913849316512E+001  0.998442234177043E+000  0.682596268177437E+000  0.367273085330262E+000 -0.131028262406404E+000 -0.145713219202330E+003
  0.100000000000000E+001  0.283244676817502E+003  0.152788124961470E+001  0.128641677494512E+001  0.402306399028033E+000  0.110533081037242E+000 -0.131028262406404E+000 -0.141622338408751E+003
  0.100000000000000E+001  0.285199448929245E+003  0.783339363290125E+000  0.640048394373268E+000  0.168158312633317E-001  0.370325667125998E+000 -0.131028262406404E+000 -0.142599724464623E+003
  0.100000000000000E+001  0.290015321737445E+003  0.130631825838804E+001  0.527732385752870E+000  0.423371403556427E+000  0.356381464978661E+000 -0.131028262406404E+000 -0.145007660868722E+003
  0.100000000000000E+001  0.282981146723735E+003  0.838162610811786E+000  0.172747339108991E+001  0.981551465671921E+000  0.200107508724188E+000 -0.131028262406404E+000 -0.141490573361868E+003
  0.100000000000000E+001  0.307610016185601E+003  0.198757717048744E+001  0.128674227387810E+001  0.573010599007894E+000  0.418290653664352E+000 -0.131028262406404E+000 -0.153805008092800E+003
  0.100000000000000E+001  0.295464012887553E+003  0.174082594852534E+001  0.953755166337683E+000  0.633814473666876E+000  0.311587831501270E+000 -0.131028262406404E+000 -0.147732006443776E+003
  0.100000000000000E+001  0.280787716301060E+003  0.488824141547383E+000  0.988519497606620E+000  0.964035022267334E+000  0.180540046492566E+000 -0.131028262406404E+000 -0.140393858150530E+003
  0.100000000000000E+001  0.281230016825401E+003  0.308832739110550E+000  0.740246589061673E+000  0.807085528395031E+000  0.421644213497592E+000 -0.131028262406404E+000 -0.140615008412700E+003
  0.100000000000000E+001  0.279101125025127E+003  0.141891807311681E+000  0.185648864500356E+001  0.962703392414594E+000  0.143082362593531E+000 -0.131028262406404E+000 -0.139550562512564E+003
  0.100000000000000E+001  0.283416530312223E+003  0.448597788669137E+000  0.122450347624498E+001  0.422683174426929E-001  0.488103461143303E+000 -0.131028262406404E+000 -0.141708265156111E+003
  0.100000000000000E+001  0.283099019618386E+003  0.665184318104398E+000  0.154774767694697E+001  0.688089267551673E+000  0.265506559079828E+000 -0.131028262406404E+000 -0.141549509809193E+003
  0.100000000000000E+001  0.282759077596377E+003  0.453294216693559E+000  0.750314509711758E+000  0.344059577189929E+000  0.440326231214948E+000 -0.131028262406404E+000 -0.141379538798189E+003
  0.100000000000000E+001  0.280549347248965E+003  0.331157619256569E+000  0.167456775027253E+001  0.453876742919069E+000  0.249292944623101E+000 -0.131028262406404E+000 -0.140274673624482E+003
  0.100000000000000E+001  0.286323550417408E+003  0.137889753766583E+001  0.137754416341353E+001  0.868753173147148E-001  0.194233590090099E+000 -0.131028262406404E+000 -0.143161775208704E+003
  0.100000000000000E+001  0.305363266750626E+003  0.187231888940197E+001  0.925631883713802E+000  0.849698318119015E+000  0.450623842240218E+000 -0.131028262406404E+000 -0.152681633375313E+003
  0.100000000000000E+001  0.303284588387110E+003  0.184893219422748E+001  0.179444304192231E+001  0.648693239184887E+000  0.420121033764565E+000 -0.131028262406404E+000 -0.151642294193555E+003
  0.100000000000000E+001  0.282779897217757E+003  0.571598163975066E+000  0.153647799808471E+001  0.916601579587254E+000  0.295414334394472E+000 -0.131028262406404E+000 -0.141389948608878E+003
  0.100000000000000E+001  0.287964062796848E+003  0.113501247920406E+001  0.147905742636562E+001  0.986098758550701E+000  0.290792086686218E+000 -0.131028262406404E+000 -0.143982031398424E+003
  0.100000000000000E+001  0.281526898115693E+003  0.430008836552194E+000  0.124674327676602E+001  0.390960653641672E+000  0.281042128271903E+000 -0.131028262406404E+000 -0.140763449057847E+003
  0.100000000000000E+001  0.307247090381525E+003  0.184539425143839E+001  0.131706903218984E+001  0.588489865991862E+000  0.459215317872880E+000 -0.131028262406404E+000 -0.153623545190762E+003
  0.100000000000000E+001  0.302621506337308E+003  0.198026635443572E+001  0.852913803896582E+000  0.342813275414140E+000  0.381536459072966E+000 -0.131028262406404E+000 -0.151310753168654E+003
  0.100000000000000E+001  0.282918833014412E+003  0.491213292156519E+000  0.155909854591055E+001  0.427365955036807E+000  0.378539538275179E+000 -0.131028262406404E+000 -0.141459416507206E+003
  0.100000000000000E+001  0.280028182375159E+003  0.239154671975933E+000  0.180361055584627E+001  0.805590746703832E+000  0.263413508575318E+000 -0.131028262406404E+000 -0.140014091187580E+003
  0.100000000000000E+001  0.278950567587641E+003  0.101133528498888E+000  0.765747526969563E+000  0.776025728529058E+000  0.137071738312512E+000 -0.131028262406404E+000 -0.139475283793820E+003
  0.100000000000000E+001  0.299629755531940E+003  0.156378132202838E+001  0.122658388265866E+001  0.955294999150995E+000  0.427977311914020E+000 -0.131028262406404E+000 -0.149814877765970E+003
  0.100000000000000E+001  0.283697078043009E+003  0.133661682035340E+001  0.821141555045273E+000  0.105592419935600E+000  0.140100800352915E+000 -0.131028262406404E+000 -0.141848539021504E+003
  0.100000000000000E+001  0.286667390193092E+003  0.726402350391131E+000  0.973905672066903E+000  0.792202678968829E+000  0.467507203371078E+000 -0.131028262406404E+000 -0.143333695096546E+003
  0.100000000000000E+001  0.291229331805715E+003  0.150895517517125E+001  0.156271952684485E+001  0.252403578917148E+000  0.274972402944305E+000 -0.131028262406404E+000 -0.145614665902858E+003
  0.100000000000000E+001  0.297504619344755E+003  0.185449925635918E+001  0.148805261005492E+001  0.110651967820077E+000  0.307801741224519E+000 -0.131028262406404E+000 -0.148752309672378E+003
  0.100000000000000E+001  0.280283364111291E+003  0.233304393904103E+000  0.113038120650798E+001  0.194999796222865E+000  0.318308477454118E+000 -0.131028262406404E+000 -0.140141682055646E+003
  0.100000000000000E+001  0.279660490651431E+003  0.243135939672696E+000  0.129127210287225E+001  0.707377380817742E+000  0.179030024593673E+000 -0.131028262406404E+000 -0.139830245325716E+003
  0.100000000000000E+001  0.288143170129493E+003  0.105703205696512E+001  0.931048332728925E+000  0.677080974518419E+000  0.337314038453874E+000 -0.131028262406404E+000 -0.144071585064746E+003
  0.100000000000000E+001  0.281975373425716E+003  0.416677639971147E+000  0.835618768874771E+000  0.242945743532348E-001  0.366501927536409E+000 -0.131028262406404E+000 -0.140987686712858E+003
  0.100000000000000E+001  0.279218322955883E+003  0.227117692708395E+000  0.686742128602964E+000  0.587130994142430E+000  0.109866313466209E+000 -0.131028262406404E+000 -0.139609161477942E+003
  0.100000000000000E+001  0.288106355807234E+003  0.101094213239679E+001  0.841613879331897E+000  0.918693437381413E+000  0.365691458714621E+000 -0.131028262406404E+000 -0.144053177903617E+003
  0.100000000000000E+001  0.295074134004482E+003  0.143990677128354E+001  0.115165980967116E+001  0.270897937165154E+000  0.377671609060470E+000 -0.131028262406404E+000 -0.147537067002241E+003
  0.100000000000000E+001  0.285520186642755E+003  0.160935613265623E+001  0.957395961325548E+000  0.649429360595852E-001  0.150793873663566E+000 -0.131028262406404E+000 -0.142760093321377E+003
  0.100000000000000E+001  0.281473776549392E+003  0.474687895487529E+000  0.765588204706112E+000  0.360358892118111E+000  0.257526282974512E+000 -0.131028262406404E+000 -0.140736888274696E+003
  0.100000000000000E+001  0.287968527067088E+003  0.112867859409013E+001  0.563949996906227E+000  0.822237644226957E+000  0.342391380437872E+000 -0.131028262406404E+000 -0.143984263533544E+003
  0.100000000000000E+001  0.298749826281613E+003  0.171038669605447E+001  0.717005919901465E+000  0.798102494757260E+000  0.415898135525633E+000 -0.131028262406404E+000 -0.149374913140807E+003
  0.100000000000000E+001  0.290168521452489E+003  0.109055870991267E+001  0.972097552813791E+000  0.267517974578969E+000  0.394456054490089E+000 -0.131028262406404E+000 -0.145084260726245E+003
  0.100000000000000E+001  0.281241341890291E+003  0.415835067239284E+000  0.997779242433874E+000  0.724620762001716E+000  0.265899532574227E+000 -0.131028262406404E+000 -0.140620670945146E+003
  0.100000000000000E+001  0.287354909192512E+003  0.193084112213676E+001  0.132188246964930E+001  0.778837340790280E+000  0.151201952507135E+000 -0.131028262406404E+000 -0.143677454596256E+003
  0.100000000000000E+001  0.291489522465163E+003  0.113889738989758E+001  0.958013842810454E+000  0.225544767017970E+000  0.419502490815108E+000 -0.131028262406404E+000 -0.145744761232581E+003
  0.100000000000000E+001  0.288631152810682E+003  0.180958129561102E+001  0.180186307197789E+001  0.938636392537039E+000  0.184601123688942E+000 -0.131028262406404E+000 -0.144315576405341E+003
  0.100000000000000E+001  0.310009217010217E+003  0.194640725457673E+001  0.167797081648299E+001  0.677792144921801E+000  0.486893080016295E+000 -0.131028262406404E+000 -0.155004608505109E+003
  0.100000000000000E+001  0.285535481855209E+003  0.695199421265166E+000  0.771309849956795E+000  0.713835475389247E+000  0.445108425068216E+000 -0.131028262406404E+000 -0.142767740927605E+003
  0.100000000000000E+001  0.282622613281085E+003  0.420650921760711E+000  0.116976386481208E+001  0.947458163822155E+000  0.423798858447652E+000 -0.131028262406404E+000 -0.141311306640543E+003
  0.100000000000000E+001  0.284609454710921E+003  0.859830164800784E+000  0.177141950360113E+001  0.425510285742573E-001  0.269179686772141E+000 -0.131028262406404E+000 -0.142304727355461E+003
  0.100000000000000E+001  0.282827419750427E+003  0.476966195987287E+000  0.862376330841507E+000  0.126794560776439E+000  0.399458496313226E+000 -0.131028262406404E+000 -0.141413709875214E+003
  0.100000000000000E+001  0.285616011943499E+003  0.180137836876804E+001  0.171632915399146E+001  0.789029477793613E+000  0.134933619071126E+000 -0.131028262406404E+000 -0.142808005971750E+003
  0.100000000000000E+001  0.286786252225663E+003  0.751209413922590E+000  0.912497414449343E+000  0.407699903448213E+000  0.460909587484153E+000 -0.131028262406404E+000 -0.143393126112832E+003
  0.100000000000000E+001  0.281397134778517E+003  0.334169690095889E+000  0.117276609521070E+001  0.443149561620657E+000  0.369717685377539E+000 -0.131028262406404E+000 -0.140698567389259E+003
  0.100000000000000E+001  0.293799314100909E+003  0.159148863073503E+001  0.191397224691912E+001  0.918584243204543E+000  0.324861095336663E+000 -0.131028262406404E+000 -0.146899657050455E+003
  0.100000000000000E+001  0.281168637300181E+003  0.529080185752386E+000  0.115974438105490E+001  0.230310972673698E+000  0.193541010350801E+000 -0.131028262406404E+000 -0.140584318650090E+003
  0.100000000000000E+001  0.282674001073952E+003  0.832620629404093E+000  0.676411595860629E+000  0.829804483478892E+000  0.193417073314932E+000 -0.131028262406404E+000 -0.141337000536976E+003
  0.100000000000000E+001  0.286636698476336E+003  0.786992692655852E+000  0.923776809857136E+000  0.194812627811070E+000  0.419520456981198E+000 -0.131028262406404E+000 -0.143318349238168E+003
  0.100000000000000E+001  0.286381041233357E+003  0.795013204501066E+000  0.110409530457002E+001  0.740283786987088E+000  0.383581940013732E+000 -0.131028262406404E+000 -0.143190520616678E+003
  0.100000000000000E+001  0.299255861993409E+003  0.149517834319529E+001  0.183511390277314E+001  0.359457045382196E+000  0.498844055460073E+000 -0.131028262406404E+000 -0.149627930996705E+003
  0.100000000000000E+001  0.280723593195213E+003  0.302218148243550E+000  0.164277053607848E+001  0.202895603564246E+000  0.309006254825162E+000 -0.131028262406404E+000 -0.140361796597607E+003
  0.100000000000000E+001  0.301578580047826E+003  0.170933689917969E+001  0.163734266191080E+001  0.659413200569721E+000  0.421451045799602E+000 -0.131028262406404E+000 -0.150789290023913E+003
  0.100000000000000E+001  0.281733704746744E+003  0.367728837317637E+000  0.159707719740061E+001  0.338659406248583E+000  0.385619136406777E+000 -0.131028262406404E+000 -0.140866852373372E+003
  0.100000000000000E+001  0.278963127205580E+003  0.121759595169787E+000  0.162208250935977E+001  0.360077890509575E+000  0.116147093639151E+000 -0.131028262406404E+000 -0.139481563602790E+003
  0.100000000000000E+001  0.284889272135733E+003  0.914935953843012E+000  0.166547327727665E+001  0.873618980875109E+000  0.257935119144187E+000 -0.131028262406404E+000 -0.142444636067867E+003
  0.100000000000000E+001  0.282082345798966E+003  0.104970046514458E+001  0.150730204674842E+001  0.923087777197535E+000  0.125182588730950E+000 -0.131028262406404E+000 -0.141041172899483E+003
  0.100000000000000E+001  0.282211898570794E+003  0.103022606500299E+001  0.165971758532390E+001  0.240646901848434E+000  0.132475756513489E+000 -0.131028262406404E+000 -0.141105949285397E+003
  0.100000000000000E+001  0.285654558055046E+003  0.970157539488655E+000  0.172831372174871E+001  0.112776157383963E+000  0.271873199530451E+000 -0.131028262406404E+000 -0.142827279027523E+003
  0.100000000000000E+001  0.293017164710982E+003  0.165218342706988E+001  0.774373798480851E+000  0.609244841955865E+000  0.297937784488014E+000 -0.131028262406404E+000 -0.146508582355491E+003
  0.100000000000000E+001  0.288850185766619E+003  0.988202244233852E+000  0.127257922381612E+001  0.528949135217799E+000  0.380246084636203E+000 -0.131028262406404E+000 -0.144425092883309E+003
  0.100000000000000E+001  0.298631676591624E+003  0.166267728460807E+001  0.818751762938945E+000  0.327364550981489E-001  0.411363390416876E+000 -0.131028262406404E+000 -0.149315838295812E+003
  0.100000000000000E+001  0.282999374666657E+003  0.989422349515605E+000  0.183346643737878E+001  0.446698018604268E+000  0.168192671564374E+000 -0.131028262406404E+000 -0.141499687333328E+003
  0.100000000000000E+001  0.294119744609403E+003  0.130165027396734E+001  0.185507214983887E+001  0.765376970559338E+000  0.447215232818271E+000 -0.131028262406404E+000 -0.147059872304702E+003
  0.100000000000000E+001  0.284789132057427E+003  0.706440585979225E+000  0.122921504290313E+001  0.816757076230132E+000  0.344262713845079E+000 -0.131028262406404E+000 -0.142394566028714E+003
  0.100000000000000E+001  0.288780765217393E+003  0.126312294202696E+001  0.153253095777875E+001  0.433052348429893E+000  0.277655382034282E+000 -0.131028262406404E+000 -0.144390382608697E+003
  0.100000000000000E+001  0.287890627497956E+003  0.161517778279771E+001  0.850911255996484E+000  0.326614854520240E+000  0.197830318799640E+000 -0.131028262406404E+000 -0.143945313748978E+003
  0.100000000000000E+001  0.287219343127150E+003  0.815097941635075E+000  0.661206651592194E+000  0.356643148223332E+000  0.489106585218505E+000 -0.131028262406404E+000 -0.143609671563575E+003
  0.100000000000000E+001  0.289174781493572E+003  0.191086897360017E+001  0.127611473872950E+001  0.721769513123573E+000  0.179804190357735E+000 -0.131028262406404E+000 -0.144587390746786E+003
  0.100000000000000E+001  0.291609165775882E+003  0.158965094112294E+001  0.155370749945915E+001  0.310004854758097E+000  0.265398748833856E+000 -0.131028262406404E+000 -0.145804582887941E+003
  0.100000000000000E+001  0.281033580318536E+003  0.262150140137011E+000  0.994155997691431E+000  0.818161942713285E+000  0.445796737645215E+000 -0.131028262406404E+000 -0.140516790159268E+003
  0.100000000000000E+001  0.285666290625867E+003  0.146032234963734E+001  0.120015778081961E+001  0.221282752373790E+000  0.168979871683390E+000 -0.131028262406404E+000 -0.142833145312933E+003
  0.100000000000000E+001  0.288607241499335E+003  0.982555775325889E+000  0.855296086546542E+000  0.161290577972138E+000  0.402192210056215E+000 -0.131028262406404E+000 -0.144303620749667E+003
  0.100000000000000E+001  0.284993899267510E+003  0.879034901065687E+000  0.584569381179308E+000  0.391240669604951E+000  0.306339180485165E+000 -0.131028262406404E+000 -0.142496949633755E+003
  0.100000000000000E+001  0.279390487121450E+003  0.243844715114675E+000  0.145818143324408E+001  0.882727217479955E-001  0.130724640739849E+000 -0.131028262406404E+000 -0.139695243560725E+003
  0.100000000000000E+001  0.283672151708195E+003  0.571063229445935E+000  0.171431963315211E+001  0.842364122946962E+000  0.385487248955163E+000 -0.131028262406404E+000 -0.141836075854097E+003
  0.100000000000000E+001  0.281444364448541E+003  0.290782834330553E+000  0.869984391932608E+000  0.540078486765189E+000  0.489394733334399E+000 -0.131028262406404E+000 -0.140722182224270E+003
  0.100000000000000E+001  0.281479221087841E+003  0.380688995415799E+000  0.126977886002979E+001  0.627299343724331E-001  0.320879033358495E+000 -0.131028262406404E+000 -0.140739610543921E+003
  0.100000000000000E+001  0.279341464951362E+003  0.117566657139212E+000  0.984931675942457E+000  0.442156858256223E-001  0.277226380195214E+000 -0.131028262406404E+000 -0.139670732475681E+003
  0.100000000000000E+001  0.282325323831939E+003  0.517981482816430E+000  0.167410303192571E+001  0.530450848004151E+000  0.299250380845825E+000 -0.131028262406404E+000 -0.141162661915969E+003
  0.100000000000000E+001  0.282320136371453E+003  0.104280405114971E+001  0.930409573174305E+000  0.543574900722624E+000  0.135098491413686E+000 -0.131028262406404E+000 -0.141160068185726E+003
  0.100000000000000E+001  0.293671991780096E+003  0.119411426473398E+001  0.860932295129462E+000  0.832825981911776E+000  0.482572632514428E+000 -0.131028262406404E+000 -0.146835995890048E+003
  0.100000000000000E+001  0.279835802750847E+003  0.211468168043486E+000  0.107485342670815E+001  0.960534923266228E+000  0.249955832466002E+000 -0.131028262406404E+000 -0.139917901375423E+003
  0.100000000000000E+001  0.279237513052166E+003  0.106812068079159E+000  0.199772166789830E+001  0.630209288825145E+000  0.278524624167039E+000 -0.131028262406404E+000 -0.139618756526083E+003
  0.100000000000000E+001  0.292437835710787E+003  0.156193773945991E+001  0.100084916234238E+001  0.144863559907567E+000  0.293273744761274E+000 -0.131028262406404E+000 -0.146218917855393E+003
  0.100000000000000E+001  0.302083496320977E+003  0.183942855937943E+001  0.576162827768957E+000  0.858513337454133E+000  0.487452136734469E+000 -0.131028262406404E+000 -0.151041748160489E+003
  0.100000000000000E+001  0.283358028836310E+003  0.702528270889636E+000  0.173780969003677E+001  0.696186726774520E+000  0.268867271036574E+000 -0.131028262406404E+000 -0.141679014418155E+003
  0.100000000000000E+001  0.282700072729827E+003  0.126512340947496E+001  0.190335647306407E+001  0.279503516828373E+000  0.121128817039706E+000 -0.131028262406404E+000 -0.141350036364913E+003
  0.100000000000000E+001  0.294414223906409E+003  0.131920592577040E+001  0.149621809706673E+001  0.248564542841631E+000  0.406470757083015E+000 -0.131028262406404E+000 -0.147207111953205E+003
  0.100000000000000E+001  0.284035414377969E+003  0.132727881171724E+001  0.178150034367151E+001  0.193695989265524E+000  0.148749896848329E+000 -0.131028262406404E+000 -0.142017707188985E+003
  0.100000000000000E+001  0.282379934929936E+003  0.945110744306363E+000  0.194794185685307E+001  0.841430169157891E+000  0.153803008420523E+000 -0.131028262406404E+000 -0.141189967464968E+003
  0.100000000000000E+001  0.283933144200110E+003  0.869688015368240E+000  0.521958347418709E+000  0.868102208730505E-001  0.254729466155709E+000 -0.131028262406404E+000 -0.141966572100055E+003
  0.100000000000000E+001  0.285439863782622E+003  0.897719105590173E+000  0.577496372156836E+000  0.847377660194963E+000  0.324205486262628E+000 -0.131028262406404E+000 -0.142719931891311E+003
  0.100000000000000E+001  0.281820623597142E+003  0.507078990057263E+000  0.165315731035915E+001  0.134184148544567E+000  0.260059459627606E+000 -0.131028262406404E+000 -0.140910311798571E+003
  0.100000000000000E+001  0.280024484726202E+003  0.189993050203317E+000  0.199054478222614E+001  0.812187820783628E-002  0.412629009361841E+000 -0.131028262406404E+000 -0.140012242363101E+003
  0.100000000000000E+001  0.292223085800358E+003  0.114001024900128E+001  0.113179688706173E+001  0.788805159552205E+000  0.429264030549379E+000 -0.131028262406404E+000 -0.146111542900179E+003
  0.100000000000000E+001  0.281458238133548E+003  0.435576310476685E+000  0.166410377666106E+001  0.538806510470141E+000  0.275008194691903E+000 -0.131028262406404E+000 -0.140729119066774E+003
  0.100000000000000E+001  0.282233594896274E+003  0.488628417199229E+000  0.169158733103698E+001  0.391211754932220E+000  0.315092487282422E+000 -0.131028262406404E+000 -0.141116797448137E+003
  0.100000000000000E+001  0.287071060539572E+003  0.105710496078860E+001  0.803538187816368E+000  0.678209033095057E+000  0.305856561157728E+000 -0.131028262406404E+000 -0.143535530269786E+003
  0.100000000000000E+001  0.290700043155846E+003  0.116352202058092E+001  0.196195779501335E+001  0.657668965381659E+000  0.415362874717796E+000 -0.131028262406404E+000 -0.145350021577923E+003
  0.100000000000000E+001  0.309066549674064E+003  0.194008574773806E+001  0.142211793754931E+001  0.480033839894026E+000  0.454377474281925E+000 -0.131028262406404E+000 -0.154533274837032E+003
  0.100000000000000E+001  0.280903953828390E+003  0.752682926032027E+000  0.569975039468534E+000  0.649623132372634E+000  0.121951036318157E+000 -0.131028262406404E+000 -0.140451976914195E+003
  0.100000000000000E+001  0.282360804118673E+003  0.434583910889778E+000  0.574277319823094E+000  0.174789419997739E+000  0.452522414621152E+000 -0.131028262406404E+000 -0.141180402059337E+003
  0.100000000000000E+001  0.286390941678878E+003  0.746608697323024E+000  0.177971083159635E+001  0.621524061218166E+000  0.459138224793024E+000 -0.131028262406404E+000 -0.143195470839439E+003
  0.100000000000000E+001  0.279314989885368E+003  0.191107248490198E+000  0.165590315807832E+001  0.631718792022192E+000  0.152629137115916E+000 -0.131028262406404E+000 -0.139657494942684E+003
  0.100000000000000E+001  0.299134945965067E+003  0.164733268532140E+001  0.182734138779736E+001  0.353739356743647E+000  0.416231641366579E+000 -0.131028262406404E+000 -0.149567472982534E+003
  0.100000000000000E+001  0.294540968178937E+003  0.118316624096249E+001  0.146249224640723E+001  0.783655390466174E+000  0.483754331375231E+000 -0.131028262406404E+000 -0.147270484089468E+003
  0.100000000000000E+001  0.279913052511680E+003  0.198447148859412E+000  0.912442108112958E+000  0.405705793491023E+000  0.296133538979388E+000 -0.131028262406404E+000 -0.139956526255840E+003
  0.100000000000000E+001  0.281391196098738E+003  0.416442691493554E+000  0.136673733605482E+001  0.644193623957624E+000  0.277042010819187E+000 -0.131028262406404E+000 -0.140695598049369E+003
  0.100000000000000E+001  0.282598328511848E+003  0.749337495842380E+000  0.169389487554981E+001  0.765846772443035E+000  0.206896069929003E+000 -0.131028262406404E+000 -0.141299164255924E+003
  0.100000000000000E+001  0.291525250151341E+003  0.189838652499622E+001  0.188947756614550E+001  0.683466933807484E+000  0.220919051007567E+000 -0.131028262406404E+000 -0.145762625075670E+003
  0.100000000000000E+001  0.279297233715332E+003  0.128369793976153E+000  0.199433353652784E+001  0.863026683937124E+000  0.244263218577586E+000 -0.131028262406404E+000 -0.139648616857666E+003
  0.100000000000000E+001  0.288642260589109E+003  0.104359597765395E+001  0.861002748993618E+000  0.879546354227399E+000  0.369810166867804E+000 -0.131028262406404E+000 -0.144321130294554E+003
  0.100000000000000E+001  0.291809384362784E+003  0.113839020469986E+001  0.690793690010640E+000  0.678527749881813E+000  0.484937509673369E+000 -0.131028262406404E+000 -0.145904692181392E+003
  0.100000000000000E+001  0.285284852469244E+003  0.924656326122867E+000  0.139537574771233E+001  0.431339621289819E+000  0.266541934859699E+000 -0.131028262406404E+000 -0.142642426234622E+003
  0.100000000000000E+001  0.289932706721879E+003  0.158685587217461E+001  0.749243351643678E+000  0.427173283651743E+000  0.247873654228575E+000 -0.131028262406404E+000 -0.144966353360939E+003
  0.100000000000000E+001  0.286518643374856E+003  0.190768702138403E+001  0.945575946154659E+000  0.768802713857821E+000  0.141787912965908E+000 -0.131028262406404E+000 -0.143259321687428E+003
  0.100000000000000E+001  0.286779845391210E+003  0.777068972864515E+000  0.115573716660757E+001  0.789910783661906E+000  0.416739013913601E+000 -0.131028262406404E+000 -0.143389922695605E+003
  0.100000000000000E+001  0.281130779719130E+003  0.300108803351924E+000  0.103189208074497E+001  0.437661867781325E+000  0.383776532211796E+000 -0.131028262406404E+000 -0.140565389859565E+003
  0.100000000000000E+001  0.286161888353693E+003  0.108927196712322E+001  0.191801794788978E+001  0.993885731329262E+000  0.260398827771209E+000 -0.131028262406404E+000 -0.143080944176846E+003
  0.100000000000000E+001  0.285228035150769E+003  0.152040318197902E+001  0.119770445466978E+001  0.869504297113576E-001  0.152886772539992E+000 -0.131028262406404E+000 -0.142614017575384E+003
  0.100000000000000E+001  0.288767021597634E+003  0.177764830876375E+001  0.122749386715219E+001  0.920372211357093E-001  0.188163626014261E+000 -0.131028262406404E+000 -0.144383510798817E+003
  0.100000000000000E+001  0.287416398272924E+003  0.838370386774932E+000  0.155812776587096E+001  0.414366355522590E+000  0.413651778194878E+000 -0.131028262406404E+000 -0.143708199136462E+003
  0.100000000000000E+001  0.288363404366954E+003  0.159031656275117E+001  0.105659755789941E+001  0.285985891972064E+000  0.206916723934817E+000 -0.131028262406404E+000 -0.144181702183477E+003
  0.100000000000000E+001  0.280144452757204E+003  0.550334671355283E+000  0.194437766049177E+001  0.354274813939003E+000  0.112601614641578E+000 -0.131028262406404E+000 -0.140072226378602E+003
  0.100000000000000E+001  0.288118274795708E+003  0.974518055687038E+000  0.502735113564689E+000  0.176996630994081E+000  0.470106029116107E+000 -0.131028262406404E+000 -0.144059137397854E+003
  0.100000000000000E+001  0.280232786425258E+003  0.222812277587835E+000  0.858755810566300E+000  0.857553674094684E+000  0.339433705482156E+000 -0.131028262406404E+000 -0.140116393212629E+003
  0.100000000000000E+001  0.290089903801764E+003  0.116335783463187E+001  0.918074190775224E+000  0.268040567136471E+000  0.362929264809751E+000 -0.131028262406404E+000 -0.145044951900882E+003
  0.100000000000000E+001  0.282873830055586E+003  0.155016350529991E+001  0.900481883591862E+000  0.218906914906234E+000  0.101571533651429E+000 -0.131028262406404E+000 -0.141436915027793E+003
  0.100000000000000E+001  0.287330451913292E+003  0.807738792951008E+000  0.130321949276151E+001  0.643287230803216E+000  0.421965596053519E+000 -0.131028262406404E+000 -0.143665225956646E+003
  0.100000000000000E+001  0.285906059935695E+003  0.795425727540921E+000  0.154148316304127E+001  0.863813376241303E+000  0.356994491062235E+000 -0.131028262406404E+000 -0.142953029967848E+003
  0.100000000000000E+001  0.298490012044221E+003  0.180486579727327E+001  0.157281714126410E+001  0.492491976414913E+000  0.335593423248478E+000 -0.131028262406404E+000 -0.149245006022111E+003
  0.100000000000000E+001  0.278929661590972E+003  0.101423444068395E+000  0.197048013730013E+001  0.458492162309570E+000  0.127644451221011E+000 -0.131028262406404E+000 -0.139464830795486E+003
  0.100000000000000E+001  0.286386979112590E+003  0.142622824004202E+001  0.116985422443745E+001  0.511566816424469E+000  0.189320440165086E+000 -0.131028262406404E+000 -0.143193489556295E+003
  0.100000000000000E+001  0.284935272709839E+003  0.863136435110309E+000  0.686301158438148E+000  0.650425764943420E+000  0.299888073560627E+000 -0.131028262406404E+000 -0.142467636354919E+003
  0.100000000000000E+001  0.281196034317614E+003  0.644178808118836E+000  0.914041620433141E+000  0.191500480438991E+000  0.159568051431885E+000 -0.131028262406404E+000 -0.140598017158807E+003
  0.100000000000000E+001  0.284645057436504E+003  0.611863700957948E+000  0.162144199398890E+001  0.799615546951538E+000  0.426119318842635E+000 -0.131028262406404E+000 -0.142322528718252E+003
  0.100000000000000E+001  0.301092839652395E+003  0.168527611968032E+001  0.106993534915771E+001  0.393488682254113E+000  0.421832302507824E+000 -0.131028262406404E+000 -0.150546419826197E+003
  0.100000000000000E+001  0.285057692688159E+003  0.164538759883023E+001  0.158276281912289E+001  0.891933452809716E-001  0.137508135171774E+000 -0.131028262406404E+000 -0.142528846344080E+003
  0.100000000000000E+001  0.289490745977234E+003  0.964478770805237E+000  0.138853169671358E+001  0.699918011877513E+000  0.421315493170235E+000 -0.131028262406404E+000 -0.144745372988617E+003
  0.100000000000000E+001  0.284481342927983E+003  0.153288164944445E+001  0.192588261833442E+001  0.238161436812964E+000  0.137960106455843E+000 -0.131028262406404E+000 -0.142240671463991E+003
  0.100000000000000E+001  0.297838795695125E+003  0.147008357441142E+001  0.176511412429173E+001  0.525409159736436E+000  0.455487478643212E+000 -0.131028262406404E+000 -0.148919397847562E+003
  0.100000000000000E+001  0.285127935533952E+003  0.101517704223877E+001  0.146676134608619E+001  0.411801330233371E+000  0.234047041435623E+000 -0.131028262406404E+000 -0.142563967766976E+003
  0.100000000000000E+001  0.288360514087937E+003  0.880802065522834E+000  0.133982397185427E+001  0.194811077088260E+000  0.423539049356774E+000 -0.131028262406404E+000 -0.144180257043969E+003
  0.100000000000000E+001  0.284845610653625E+003  0.713521517752953E+000  0.843253638185241E+000  0.565288768554531E+000  0.366132005623128E+000 -0.131028262406404E+000 -0.142422805326812E+003
  0.100000000000000E+001  0.291666177696826E+003  0.188786372074208E+001  0.506777554727202E+000  0.302679958747436E+000  0.242587565540257E+000 -0.131028262406404E+000 -0.145833088848413E+003
  0.100000000000000E+001  0.280480538227288E+003  0.312913556452589E+000  0.862688428692708E+000  0.406350286510278E+000  0.259905779144651E+000 -0.131028262406404E+000 -0.140240269113644E+003
  0.100000000000000E+001  0.284322917292710E+003  0.986954989001286E+000  0.553202127384483E+000  0.606974651058061E+000  0.231230456020539E+000 -0.131028262406404E+000 -0.142161458646355E+003
  0.100000000000000E+001  0.280443684115742E+003  0.685607595850001E+000  0.127336242333961E+001  0.536615109653306E+000  0.105742710422911E+000 -0.131028262406404E+000 -0.140221842057871E+003
  0.100000000000000E+001  0.282159552961445E+003  0.887174484372720E+000  0.655905173434180E+000  0.707493952947027E+000  0.156919959128977E+000 -0.131028262406404E+000 -0.141079776480722E+003
  0.100000000000000E+001  0.284856476674724E+003  0.815031879370857E+000  0.173697595355927E+001  0.503090317040186E-001  0.299494497104372E+000 -0.131028262406404E+000 -0.142428238337362E+003
  0.100000000000000E+001  0.296475938833216E+003  0.127851197801963E+001  0.146420226637305E+001  0.618744263725318E+000  0.488603145677251E+000 -0.131028262406404E+000 -0.148237969416608E+003
  0.100000000000000E+001  0.287665738357755E+003  0.104922167859764E+001  0.585745940315721E+000  0.478740807066619E+000  0.364165013105492E+000 -0.131028262406404E+000 -0.143832869178877E+003
  0.100000000000000E+001  0.280146863896789E+003  0.503204651088434E+000  0.604811079442436E+000  0.872462748418993E+000  0.124980289368506E+000 -0.131028262406404E+000 -0.140073431948395E+003
  0.100000000000000E+001  0.287122720886716E+003  0.114439008747622E+001  0.103802413314783E+001  0.809807058041893E+000  0.267127705219609E+000 -0.131028262406404E+000 -0.143561360443358E+003
  0.100000000000000E+001  0.281787695963954E+003  0.638717779224677E+000  0.154130003221255E+001  0.857966008916554E+000  0.195569716975457E+000 -0.131028262406404E+000 -0.140893847981977E+003
  0.100000000000000E+001  0.285354752098977E+003  0.859360550573746E+000  0.121508765406351E+001  0.450262746835749E-001  0.295058459204407E+000 -0.131028262406404E+000 -0.142677376049489E+003
  0.100000000000000E+001  0.294482140494303E+003  0.143610106834890E+001  0.688665806082696E+000  0.527888750239997E+000  0.420393627705195E+000 -0.131028262406404E+000 -0.147241070247151E+003
  0.100000000000000E+001  0.279319588491458E+003  0.218574607067159E+000  0.617404949392761E+000  0.573318150079012E+000  0.135740223341349E+000 -0.131028262406404E+000 -0.139659794245729E+003
  0.100000000000000E+001  0.286555435232767E+003  0.189054678532221E+001  0.136069665466905E+001  0.321489600651064E+000  0.142348263878309E+000 -0.131028262406404E+000 -0.143277717616383E+003
  0.100000000000000E+001  0.284509148457733E+003  0.124257665914162E+001  0.131675720650973E+001  0.731241030539083E+000  0.170614825819174E+000 -0.131028262406404E+000 -0.142254574228867E+003
  0.100000000000000E+001  0.284763871642665E+003  0.114792473122551E+001  0.147275953477681E+001  0.911398659905383E+000  0.193351782097553E+000 -0.131028262406404E+000 -0.142381935821333E+003
  0.100000000000000E+001  0.283629458253024E+003  0.648985086085896E+000  0.827264041568420E+000  0.758780663447339E+000  0.324353261086791E+000 -0.131028262406404E+000 -0.141814729126512E+003
  0.100000000000000E+001  0.283024026489756E+003  0.144661818120355E+001  0.175430920787611E+001  0.273349611587297E+000  0.112386772210935E+000 -0.131028262406404E+000 -0.141512013244878E+003
  0.100000000000000E+001  0.298715964182232E+003  0.178364668421760E+001  0.162683399899404E+001  0.284344215287651E+000  0.346608799086837E+000 -0.131028262406404E+000 -0.149357982091116E+003
  0.100000000000000E+001  0.284573955189915E+003  0.881124150394534E+000  0.103796581505303E+001  0.222101341133635E-001  0.256355590652516E+000 -0.131028262406404E+000 -0.142286977594958E+003
  0.100000000000000E+001  0.290906732071951E+003  0.133213554321646E+001  0.160963464130443E+001  0.845653588253170E+000  0.314245765594272E+000 -0.131028262406404E+000 -0.145453366035976E+003
  0.100000000000000E+001  0.284776298328398E+003  0.630701965452729E+000  0.141203410684800E+001  0.589834504502701E+000  0.402261174919032E+000 -0.131028262406404E+000 -0.142388149164199E+003
  0.100000000000000E+001  0.286680057012267E+003  0.190001240613006E+001  0.115630183985207E+001  0.382602677544971E+000  0.143895639238175E+000 -0.131028262406404E+000 -0.143340028506133E+003
  0.100000000000000E+001  0.280510146682501E+003  0.239437343764821E+000  0.188084603498104E+001  0.903268129016923E+000  0.418296079799886E+000 -0.131028262406404E+000 -0.140255073341251E+003
  0.100000000000000E+001  0.300227644599191E+003  0.149375508237170E+001  0.140696201820092E+001  0.132725391574683E+000  0.470689544637536E+000 -0.131028262406404E+000 -0.150113822299596E+003
  0.100000000000000E+001  0.304429643772305E+003  0.179782554743515E+001  0.177933415139417E+001  0.481087803664243E+000  0.460444051340700E+000 -0.131028262406404E+000 -0.152214821886153E+003
  0.100000000000000E+001  0.294334133540979E+003  0.190881429221531E+001  0.739234883179489E+000  0.216662936161641E+000  0.271367182510067E+000 -0.131028262406404E+000 -0.147167066770489E+003
  0.100000000000000E+001  0.279182032192919E+003  0.204711872604500E+000  0.102417880920697E+001  0.233161048108774E+000  0.113595120388790E+000 -0.131028262406404E+000 -0.139591016096459E+003
  0.100000000000000E+001  0.300930067287413E+003  0.192706871438531E+001  0.507134078808008E+000  0.102297479172009E+000  0.447254118049421E+000 -0.131028262406404E+000 -0.150465033643706E+003
  0.100000000000000E+001  0.285050014405358E+003  0.625745303641785E+000  0.156064821689676E+001  0.847031280730769E+000  0.441699671704950E+000 -0.131028262406404E+000 -0.142525007202679E+003
  0.100000000000000E+001  0.298999352870059E+003  0.190513284091893E+001  0.656225861398540E+000  0.764229131460333E+000  0.368511692214704E+000 -0.131028262406404E+000 -0.149499676435029E+003
  0.100000000000000E+001  0.290045346891986E+003  0.115473891600105E+001  0.629099294099689E+000  0.721857444269000E+000  0.411159865127326E+000 -0.131028262406404E+000 -0.145022673445993E+003
  0.100000000000000E+001  0.303965732239459E+003  0.192360248456027E+001  0.197287068165536E+001  0.262177881732863E+000  0.437230579019166E+000 -0.131028262406404E+000 -0.151982866119730E+003
  0.100000000000000E+001  0.283279608853017E+003  0.121713340360039E+001  0.816261195354669E+000  0.411624811823379E+000  0.143074490450652E+000 -0.131028262406404E+000 -0.141639804426509E+003
  0.100000000000000E+001  0.296569442221130E+003  0.185938120064285E+001  0.546752456323830E+000  0.543011931120177E+000  0.350266469015974E+000 -0.131028262406404E+000 -0.148284721110565E+003
  0.100000000000000E+001  0.301869123756600E+003  0.158284246673729E+001  0.122199166247840E+001  0.960337252459408E+000  0.467475475411646E+000 -0.131028262406404E+000 -0.150934561878300E+003
  0.100000000000000E+001  0.288875247056505E+003  0.114949544750818E+001  0.131273319310720E+001  0.693137047654307E+000  0.312807242979738E+000 -0.131028262406404E+000 -0.144437623528253E+003
  0.100000000000000E+001  0.291754224119515E+003  0.141201015061115E+001  0.107066378778348E+001  0.301259454182640E+000  0.313716826903131E+000 -0.131028262406404E+000 -0.145877112059757E+003
  0.100000000000000E+001  0.281182747112570E+003  0.400446288798250E+000  0.776901490213997E+000  0.344636155105710E+000  0.281689714122378E+000 -0.131028262406404E+000 -0.140591373556285E+003
  0.100000000000000E+001  0.284898914610835E+003  0.142241471570407E+001  0.614565482591077E+000  0.664379571725875E+000  0.162399277537283E+000 -0.131028262406404E+000 -0.142449457305418E+003
  0.100000000000000E+001  0.299704239607771E+003  0.152953709991218E+001  0.181613663973581E+001  0.599109837796982E+000  0.486877641361334E+000 -0.131028262406404E+000 -0.149852119803885E+003
  0.100000000000000E+001  0.290008918413766E+003  0.162233275646487E+001  0.532657294081544E+000  0.640018834789572E+000  0.256143589739334E+000 -0.131028262406404E+000 -0.145004459206883E+003
  0.100000000000000E+001  0.288756903775656E+003  0.845607690209468E+000  0.147044982985167E+001  0.298603234800187E-001  0.481123621145108E+000 -0.131028262406404E+000 -0.144378451887828E+003
  0.100000000000000E+001  0.296086629253053E+003  0.128420525718640E+001  0.144044131112482E+001  0.848696787760157E-001  0.471092897983141E+000 -0.131028262406404E+000 -0.148043314626526E+003
  0.100000000000000E+001  0.283247100345181E+003  0.589090716480436E+000  0.532472538975175E+000  0.211397230102322E+000  0.382796951945282E+000 -0.131028262406404E+000 -0.141623550172590E+003
  0.100000000000000E+001  0.280105993416241E+003  0.222073940964927E+000  0.587129787796741E+000  0.107523243608143E+000  0.334339646189405E+000 -0.131028262406404E+000 -0.140052996708121E+003
  0.100000000000000E+001  0.285422457139260E+003  0.145522156022395E+001  0.186939040908758E+001  0.560749927364184E+000  0.166704033281971E+000 -0.131028262406404E+000 -0.142711228569630E+003
  0.100000000000000E+001  0.289639771331172E+003  0.110500607224319E+001  0.111542151535398E+001  0.587627697116724E+000  0.358828873293824E+000 -0.131028262406404E+000 -0.144819885665586E+003
  0.100000000000000E+001  0.291542044283977E+003  0.192391425675692E+001  0.115282597738265E+001  0.549982761122275E+000  0.213137511704829E+000 -0.131028262406404E+000 -0.145771022141989E+003
  0.100000000000000E+001  0.294695343919665E+003  0.126192306130213E+001  0.163607053442977E+001  0.211366978114318E+000  0.455681382728005E+000 -0.131028262406404E+000 -0.147347671959832E+003
  0.100000000000000E+001  0.287000292957508E+003  0.771559164928616E+000  0.754047942738881E+000  0.872378382981986E+000  0.488267382817276E+000 -0.131028262406404E+000 -0.143500146478754E+003
  0.100000000000000E+001  0.293554522444232E+003  0.150946319447234E+001  0.154063663781993E+001  0.862016015828555E+000  0.321515088887707E+000 -0.131028262406404E+000 -0.146777261222116E+003
  0.100000000000000E+001  0.303687837026595E+003  0.183295692263924E+001  0.128410195176486E+001  0.748274417247909E+000  0.406712321056458E+000 -0.131028262406404E+000 -0.151843918513297E+003
  0.100000000000000E+001  0.283014717290087E+003  0.761787531868070E+000  0.198623682482199E+001  0.730909758061839E+000  0.233127518113979E+000 -0.131028262406404E+000 -0.141507358645043E+003
  0.100000000000000E+001  0.294580999746630E+003  0.139557226248329E+001  0.179527398372083E+001  0.684629226001506E-001  0.402545426262366E+000 -0.131028262406404E+000 -0.147290499873315E+003
  0.100000000000000E+001  0.284886635237479E+003  0.614414414629254E+000  0.134030374621176E+001  0.471589970832222E+000  0.425573116918631E+000 -0.131028262406404E+000 -0.142443317618740E+003
  0.100000000000000E+001  0.283910056835349E+003  0.146184463608308E+001  0.186837859404765E+001  0.640738433510095E+000  0.131827389348658E+000 -0.131028262406404E+000 -0.141955028417675E+003
  0.100000000000000E+001  0.293424369947380E+003  0.127195025446167E+001  0.124311666956417E+001  0.473522824556876E+000  0.397979964430588E+000 -0.131028262406404E+000 -0.146712184973690E+003
  0.100000000000000E+001  0.281620826221841E+003  0.462814897461369E+000  0.136138891037823E+001  0.271762451118094E+000  0.266085781907007E+000 -0.131028262406404E+000 -0.140810413110920E+003
  0.100000000000000E+001  0.281900713033737E+003  0.469013241396637E+000  0.947189857880201E+000  0.848329462471685E+000  0.296873395234904E+000 -0.131028262406404E+000 -0.140950356516868E+003
  0.100000000000000E+001  0.285732189640826E+003  0.193248245088473E+001  0.178124314419073E+001  0.903762397318288E+000  0.127388683274416E+000 -0.131028262406404E+000 -0.142866094820413E+003
  0.100000000000000E+001  0.281800621968833E+003  0.948269393602994E+000  0.635470106517861E+000  0.186709869371948E+000  0.131325510846158E+000 -0.131028262406404E+000 -0.140900310984416E+003
  0.100000000000000E+001  0.304084978258216E+003  0.185817155270261E+001  0.891162214661343E+000  0.100194468048525E+000  0.438488643939468E+000 -0.131028262406404E+000 -0.152042489129108E+003
  0.100000000000000E+001  0.279325798117758E+003  0.127499077947744E+000  0.175996418478312E+001  0.591705085631094E+000  0.248653840878824E+000 -0.131028262406404E+000 -0.139662899058879E+003
  0.100000000000000E+001  0.279397074543838E+003  0.168377024467824E+000  0.117866946240076E+001  0.472313970343042E+000  0.196311786930178E+000 -0.131028262406404E+000 -0.139698537271919E+003
  0.100000000000000E+001  0.306831776714740E+003  0.181781235575265E+001  0.172282849055259E+001  0.179802797206776E+000  0.491277383353332E+000 -0.131028262406404E+000 -0.153415888357370E+003
  0.100000000000000E+001  0.279704369310715E+003  0.156368738539970E+000  0.108425153866111E+001  0.480759303219822E+000  0.316092485982979E+000 -0.131028262406404E+000 -0.139852184655357E+003
  0.100000000000000E+001  0.284178436185458E+003  0.125665793174925E+001  0.897633782352309E+000  0.808240409000517E-001  0.162252070812159E+000 -0.131028262406404E+000 -0.142089218092729E+003
  0.100000000000000E+001  0.279299755176192E+003  0.205457639217080E+000  0.140045744308990E+001  0.757305656667402E+000  0.137366851007921E+000 -0.131028262406404E+000 -0.139649877588096E+003
  0.100000000000000E+001  0.280124614391881E+003  0.286030611156667E+000  0.159822246264980E+001  0.603245734600144E+000  0.223290577252545E+000 -0.131028262406404E+000 -0.140062307195940E+003
  0.100000000000000E+001  0.290315512538435E+003  0.143542531096928E+001  0.851766839250950E+000  0.773082838631064E+000  0.284809361285960E+000 -0.131028262406404E+000 -0.145157756269217E+003
  0.100000000000000E+001  0.287791287236276E+003  0.108005852422924E+001  0.107926754555849E+001  0.575955227059814E+000  0.307644452876320E+000 -0.131028262406404E+000 -0.143895643618138E+003
  0.100000000000000E+001  0.285155727961175E+003  0.111843505251051E+001  0.155159005630246E+001  0.505609415405081E+000  0.211230973224470E+000 -0.131028262406404E+000 -0.142577863980588E+003
  0.100000000000000E+001  0.295991304732769E+003  0.145350364796676E+001  0.171140735356505E+001  0.923538871062155E+000  0.405689801370453E+000 -0.131028262406404E+000 -0.147995652366385E+003
  0.100000000000000E+001  0.293052364800992E+003  0.169809224386245E+001  0.198614705123075E+001  0.741388130943322E+000  0.287454807681746E+000 -0.131028262406404E+000 -0.146526182400496E+003
  0.100000000000000E+001  0.287230745193254E+003  0.799299476093322E+000  0.174473966684603E+001  0.878363519689459E+000  0.462346035129381E+000 -0.131028262406404E+000 -0.143615372596627E+003
  0.100000000000000E+001  0.287747198689322E+003  0.141216983829485E+001  0.925913118476448E+000  0.924545269609963E+000  0.225822712522788E+000 -0.131028262406404E+000 -0.143873599344661E+003
  0.100000000000000E+001  0.282053612986737E+003  0.426717926080413E+000  0.597978074357996E+000  0.980594514193601E+000  0.404197803042997E+000 -0.131028262406404E+000 -0.141026806493368E+003
  0.100000000000000E+001  0.290082710246077E+003  0.189742951829720E+001  0.631594346294219E+000  0.235086429762528E+000  0.205777139955011E+000 -0.131028262406404E+000 -0.145041355123039E+003
  0.100000000000000E+001  0.283183099370748E+003  0.570415364913850E+000  0.804135763961383E+000  0.936822844404369E+000  0.348829455532446E+000 -0.131028262406404E+000 -0.141591549685374E+003
  0.100000000000000E+001  0.293480006012076E+003  0.121275621302050E+001  0.155497310523158E+001  0.689889380602766E+000  0.434701121093731E+000 -0.131028262406404E+000 -0.146740003006038E+003
  0.100000000000000E+001  0.282505394925177E+003  0.616324601251476E+000  0.752798601750075E+000  0.122889550725983E+000  0.263603809631438E+000 -0.131028262406404E+000 -0.141252697462588E+003
  0.100000000000000E+001  0.299502982649060E+003  0.159702341054338E+001  0.190508560817993E+001  0.284946254884058E+000  0.464133483569266E+000 -0.131028262406404E+000 -0.149751491324530E+003
  0.100000000000000E+001  0.283503266642926E+003  0.537057382732423E+000  0.130466947915874E+001  0.502996777790272E+000  0.380703441130005E+000 -0.131028262406404E+000 -0.141751633321463E+003
  0.100000000000000E+001  0.287089483168202E+003  0.883715806334128E+000  0.119381815019838E+001  0.257843737627193E+000  0.362436832433294E+000 -0.131028262406404E+000 -0.143544741584101E+003
  0.100000000000000E+001  0.302739607978212E+003  0.186648663504222E+001  0.147699404840915E+001  0.121975949936374E+000  0.382566122351113E+000 -0.131028262406404E+000 -0.151369803989106E+003
  0.100000000000000E+001  0.280107439312861E+003  0.391818989984142E+000  0.909905090852539E+000  0.581383240885861E+000  0.156768799117583E+000 -0.131028262406404E+000 -0.140053719656431E+003
  0.100000000000000E+001  0.280131574932350E+003  0.169903001515246E+000  0.118638264027850E+001  0.559169190780582E+000  0.434670243570986E+000 -0.131028262406404E+000 -0.140065787466175E+003
  0.100000000000000E+001  0.282983689738006E+003  0.972505707640366E+000  0.159734038923466E+001  0.563696223490039E+000  0.168820122941907E+000 -0.131028262406404E+000 -0.141491844869003E+003
  0.100000000000000E+001  0.283739062797853E+003  0.617445755452190E+000  0.838667849658384E+000  0.361864794732719E-001  0.355295092544757E+000 -0.131028262406404E+000 -0.141869531398926E+003
  0.100000000000000E+001  0.294575563407382E+003  0.143713092542495E+001  0.124270327168687E+001  0.436939692825084E+000  0.364038726012450E+000 -0.131028262406404E+000 -0.147287781703691E+003
  0.100000000000000E+001  0.283496752711902E+003  0.726310685489176E+000  0.132821973821370E+001  0.622004705227964E+000  0.259246010076481E+000 -0.131028262406404E+000 -0.141748376355951E+003
  0.100000000000000E+001  0.287111281457919E+003  0.792664982469514E+000  0.185366364574217E+001  0.259416444072916E+000  0.489481753772609E+000 -0.131028262406404E+000 -0.143555640728960E+003
  0.100000000000000E+001  0.280188357179083E+003  0.253974176744427E+000  0.156387572502070E+001  0.976094359623239E+000  0.268917515248355E+000 -0.131028262406404E+000 -0.140094178589542E+003
  0.100000000000000E+001  0.286793714639328E+003  0.189451674314563E+001  0.548071741569058E+000  0.587788525511851E+000  0.151512421051236E+000 -0.131028262406404E+000 -0.143396857319664E+003
  0.100000000000000E+001  0.291266346842311E+003  0.125435740350883E+001  0.132533106867257E+001  0.151511813760900E+000  0.344339297595088E+000 -0.131028262406404E+000 -0.145633173421156E+003
  0.100000000000000E+001  0.280396935916725E+003  0.285575270384618E+000  0.644191175183666E+000  0.414558154204521E+000  0.290621220571684E+000 -0.131028262406404E+000 -0.140198467958363E+003
  0.100000000000000E+001  0.285267522780798E+003  0.144878764566114E+001  0.538970515546418E+000  0.443747586021193E-002  0.169547442679541E+000 -0.131028262406404E+000 -0.142633761390399E+003
  0.100000000000000E+001  0.296656023414252E+003  0.157662735183472E+001  0.728489569824627E+000  0.273816935693488E+000  0.413608256302653E+000 -0.131028262406404E+000 -0.148328011707126E+003
  0.100000000000000E+001  0.281538530361801E+003  0.803859971209030E+000  0.729019999368079E+000  0.530811816507756E+000  0.143561119876251E+000 -0.131028262406404E+000 -0.140769265180901E+003
  0.100000000000000E+001  0.292949794166592E+003  0.182965615154649E+001  0.105186736776325E+001  0.991594068639621E+000  0.249000408527250E+000 -0.131028262406404E+000 -0.146474897083296E+003
  0.100000000000000E+001  0.279421698980848E+003  0.271511708217052E+000  0.855557675778503E+000  0.568389238878877E+000  0.122708444027070E+000 -0.131028262406404E+000 -0.139710849490424E+003
  0.100000000000000E+001  0.279424387220679E+003  0.163291112981310E+000  0.174919468230003E+001  0.271221121894618E+000  0.214981068350592E+000 -0.131028262406404E+000 -0.139712193610339E+003
  0.100000000000000E+001  0.291906930314887E+003  0.131191668905023E+001  0.122777624290593E+001  0.671605708538722E+000  0.342687101699854E+000 -0.131028262406404E+000 -0.145953465157443E+003
  0.100000000000000E+001  0.289885803266518E+003  0.173532156283433E+001  0.181348436005995E+001  0.893437695145121E+000  0.215224967228821E+000 -0.131028262406404E+000 -0.144942901633259E+003
  0.100000000000000E+001  0.294699346687120E+003  0.195710008038803E+001  0.667978339836561E+000  0.993389707473749E+000  0.273809900694049E+000 -0.131028262406404E+000 -0.147349673343560E+003
  0.100000000000000E+001  0.284884421489653E+003  0.119970931854184E+001  0.510481363553381E+000  0.656138090114655E+000  0.201375746906303E+000 -0.131028262406404E+000 -0.142442210744826E+003
  0.100000000000000E+001  0.280800584973674E+003  0.576263675767539E+000  0.160575959176675E+001  0.691262306811786E+000  0.151317483977359E+000 -0.131028262406404E+000 -0.140400292486837E+003
  0.100000000000000E+001  0.283273526895134E+003  0.630111718593312E+000  0.167013061608455E+001  0.439799754329515E+000  0.299989474817492E+000 -0.131028262406404E+000 -0.141636763447567E+003
  0.100000000000000E+001  0.279715998392873E+003  0.262581308618683E+000  0.175628085258580E+001  0.847512841644072E+000  0.176317312287666E+000 -0.131028262406404E+000 -0.139857999196437E+003
  0.100000000000000E+001  0.283061554038820E+003  0.103561963929539E+001  0.177561168988225E+001  0.869505449144653E+000  0.161601594551909E+000 -0.131028262406404E+000 -0.141530777019410E+003
  0.100000000000000E+001  0.287055009506397E+003  0.105596690409814E+001  0.134642914855003E+001  0.493511208135075E+000  0.286493172351593E+000 -0.131028262406404E+000 -0.143527504753199E+003
  0.100000000000000E+001  0.292270777957908E+003  0.130503411579694E+001  0.177607182265237E+001  0.502439453076419E-001  0.371623435443016E+000 -0.131028262406404E+000 -0.146135388978954E+003
  0.100000000000000E+001  0.287451008217389E+003  0.111682368303387E+001  0.504850251000820E+000  0.567014258874288E+000  0.333857576975137E+000 -0.131028262406404E+000 -0.143725504108695E+003
  0.100000000000000E+001  0.293453413980676E+003  0.139880343234955E+001  0.152000950700671E+001  0.109316835470621E+000  0.352035816210574E+000 -0.131028262406404E+000 -0.146726706990338E+003
  0.100000000000000E+001  0.289703289571217E+003  0.191999452767697E+001  0.838951256040864E+000  0.960725548833765E+000  0.191345954367876E+000 -0.131028262406404E+000 -0.144851644785608E+003
  0.100000000000000E+001  0.282124217476397E+003  0.688780036305286E+000  0.844912443051342E+000  0.829805843952591E+000  0.203288772239482E+000 -0.131028262406404E+000 -0.141062108738199E+003
  0.100000000000000E+001  0.285478718581246E+003  0.733833129179427E+000  0.193179509087782E+001  0.207063246465466E-002  0.425809732558969E+000 -0.131028262406404E+000 -0.142739359290623E+003
  0.100000000000000E+001  0.289490438214828E+003  0.147618004779148E+001  0.175026782128952E+001  0.831340623137409E+000  0.250174717079717E+000 -0.131028262406404E+000 -0.144745219107414E+003
  0.100000000000000E+001  0.287670863253962E+003  0.101604739548609E+001  0.171242165104537E+001  0.641265935848271E+000  0.333061678254365E+000 -0.131028262406404E+000 -0.143835431626981E+003
  0.100000000000000E+001  0.298641914473102E+003  0.149074885445522E+001  0.911011398747504E+000  0.756206095070110E+000  0.466681497687148E+000 -0.131028262406404E+000 -0.149320957236551E+003
  0.100000000000000E+001  0.297618794985628E+003  0.161906129123127E+001  0.132402005948421E+001  0.490727800702342E+000  0.367238843503211E+000 -0.131028262406404E+000 -0.148809397492814E+003
  0.100000000000000E+001  0.289157192138699E+003  0.951554955644621E+000  0.104988206367724E+001  0.649055014854929E+000  0.424649135142040E+000 -0.131028262406404E+000 -0.144578596069350E+003
  0.100000000000000E+001  0.290924149777306E+003  0.159064201858451E+001  0.802871040229869E+000  0.951705529891204E+000  0.265581939582140E+000 -0.131028262406404E+000 -0.145462074888653E+003
  0.100000000000000E+001  0.298887331955703E+003  0.175761683909858E+001  0.145588633684577E+001  0.648476476176137E+000  0.351017430707415E+000 -0.131028262406404E+000 -0.149443665977851E+003
  0.100000000000000E+001  0.291114085481352E+003  0.127247122830112E+001  0.788974388522820E+000  0.419961210428200E+000  0.365898549663003E+000 -0.131028262406404E+000 -0.145557042740676E+003
  0.100000000000000E+001  0.282234539154346E+003  0.489067893185066E+000  0.134986999382985E+001  0.207117479923463E+000  0.304769718320227E+000 -0.131028262406404E+000 -0.141117269577173E+003
  0.100000000000000E+001  0.284248693042054E+003  0.117964338890209E+001  0.130685136902475E+001  0.492747171202273E+000  0.173121966182116E+000 -0.131028262406404E+000 -0.142124346521027E+003
  0.100000000000000E+001  0.279855160116547E+003  0.298784011758832E+000  0.778431084713537E+000  0.891859144743086E+000  0.175355113531164E+000 -0.131028262406404E+000 -0.139927580058273E+003
  0.100000000000000E+001  0.283188654929986E+003  0.537915501099205E+000  0.881151983688346E+000  0.924816329820554E-001  0.370886009260234E+000 -0.131028262406404E+000 -0.141594327464993E+003
  0.100000000000000E+001  0.289650261864320E+003  0.110474258746671E+001  0.136244975827655E+001  0.407073877829313E+000  0.353954177938276E+000 -0.131028262406404E+000 -0.144825130932160E+003
  0.100000000000000E+001  0.282848251389960E+003  0.836844435135833E+000  0.795250017053444E+000  0.606411273227371E+000  0.197871119825382E+000 -0.131028262406404E+000 -0.141424125694980E+003
  0.100000000000000E+001  0.283565717343436E+003  0.704659912938389E+000  0.798696391379588E+000  0.960619556622073E+000  0.288479247179181E+000 -0.131028262406404E+000 -0.141782858671718E+003
  0.100000000000000E+001  0.290402370811244E+003  0.196400436547223E+001  0.102416532247912E+001  0.648327782119078E+000  0.193820280554148E+000 -0.131028262406404E+000 -0.145201185405622E+003
  0.100000000000000E+001  0.288562711575772E+003  0.188444099910352E+001  0.172337651497037E+001  0.916121991466095E+000  0.174684185015720E+000 -0.131028262406404E+000 -0.144281355787886E+003
  0.100000000000000E+001  0.280189147734272E+003  0.224654874166295E+000  0.564695209278267E+000  0.242058156584634E-001  0.359867885882429E+000 -0.131028262406404E+000 -0.140094573867136E+003
  0.100000000000000E+001  0.280551542235514E+003  0.480945614435950E+000  0.162035804450649E+001  0.371034680775143E-001  0.162835229443107E+000 -0.131028262406404E+000 -0.140275771117757E+003
  0.100000000000000E+001  0.292355547480547E+003  0.159087137127503E+001  0.160587812085059E+001  0.799146222670926E+000  0.280025614621060E+000 -0.131028262406404E+000 -0.146177773740273E+003
  0.100000000000000E+001  0.299898019302020E+003  0.154580376152861E+001  0.154389262611820E+001  0.352515614625375E+000  0.445460079430687E+000 -0.131028262406404E+000 -0.149949009651010E+003
  0.100000000000000E+001  0.287263862092685E+003  0.165143348699816E+001  0.967261444621321E+000  0.380606774104964E+000  0.179310121874416E+000 -0.131028262406404E+000 -0.143631931046343E+003
  0.100000000000000E+001  0.303007283321917E+003  0.176676710142476E+001  0.147019398430826E+001  0.316269795326729E+000  0.417489583447317E+000 -0.131028262406404E+000 -0.151503641660959E+003
  0.100000000000000E+001  0.280767300382528E+003  0.683167587968691E+000  0.698077280606984E+000  0.299043090540870E+000  0.126359835415636E+000 -0.131028262406404E+000 -0.140383650191264E+003
  0.100000000000000E+001  0.284719218953450E+003  0.733143602291129E+000  0.125739575138841E+001  0.696473091173450E+000  0.323741696759146E+000 -0.131028262406404E+000 -0.142359609476725E+003
  0.100000000000000E+001  0.288838426995775E+003  0.111269164430738E+001  0.109330358039253E+001  0.281796968558685E+000  0.329965507443369E+000 -0.131028262406404E+000 -0.144419213497887E+003
  0.100000000000000E+001  0.280559232781847E+003  0.449611416413973E+000  0.585093173861866E+000  0.627083450885073E+000  0.183262903257625E+000 -0.131028262406404E+000 -0.140279616390924E+003
  0.100000000000000E+001  0.279610455973704E+003  0.266508910882827E+000  0.145550344274644E+001  0.326868281532178E+000  0.154218624539445E+000 -0.131028262406404E+000 -0.139805227986852E+003
  0.100000000000000E+001  0.288738255105362E+003  0.193903063827758E+001  0.757913928345682E+000  0.647485420088127E+000  0.175739766335703E+000 -0.131028262406404E+000 -0.144369127552681E+003
  0.100000000000000E+001  0.280236101547926E+003  0.303582157486139E+000  0.685281659801233E+000  0.808310961536599E+000  0.235937811856757E+000 -0.131028262406404E+000 -0.140118050773963E+003
  0.100000000000000E+001  0.285458968147126E+003  0.847259926791793E+000  0.664333603545854E+000  0.790387385296865E+000  0.341678339126054E+000 -0.131028262406404E+000 -0.142729484073563E+003
  0.100000000000000E+001  0.282564374505305E+003  0.542167507925330E+000  0.501996590012311E+000  0.601298776292580E+000  0.354249329287966E+000 -0.131028262406404E+000 -0.141282187252652E+003
  0.100000000000000E+001  0.284045622906704E+003  0.133102757254760E+001  0.766787742005152E+000  0.296357493047337E+000  0.150249121830959E+000 -0.131028262406404E+000 -0.142022811453352E+003
  0.100000000000000E+001  0.286085266898393E+003  0.176073757592517E+001  0.981961517229371E+000  0.186708266417555E+000  0.146731881797579E+000 -0.131028262406404E+000 -0.143042633449197E+003
  0.100000000000000E+001  0.303082963217119E+003  0.181062314836048E+001  0.162703124058946E+001  0.446922600254212E+000  0.412317211511929E+000 -0.131028262406404E+000 -0.151541481608559E+003
  0.100000000000000E+001  0.291795846119757E+003  0.139263280036912E+001  0.137040136817651E+001  0.775313502980728E+000  0.313757091741323E+000 -0.131028262406404E+000 -0.145897923059879E+003
  0.100000000000000E+001  0.301455102281247E+003  0.190935454036302E+001  0.110664395450718E+001  0.480630545988597E+000  0.359072631448051E+000 -0.131028262406404E+000 -0.150727551140623E+003
  0.100000000000000E+001  0.279900682119483E+003  0.268054604855879E+000  0.847284026549415E+000  0.380270081119561E+000  0.205139584912977E+000 -0.131028262406404E+000 -0.139950341059742E+003
  0.100000000000000E+001  0.295900468422239E+003  0.169701088504962E+001  0.134666837309816E+001  0.472872288564280E-001  0.316255742883953E+000 -0.131028262406404E+000 -0.147950234211119E+003
  0.100000000000000E+001  0.284152516847075E+003  0.811288334924413E+000  0.160386844759890E+001  0.423944635958841E+000  0.261143342612261E+000 -0.131028262406404E+000 -0.142076258423538E+003
  0.100000000000000E+001  0.291627660984123E+003  0.168252813394451E+001  0.121583512891828E+001  0.703851638020772E+000  0.248721648886857E+000 -0.131028262406404E+000 -0.145813830492062E+003
  0.100000000000000E+001  0.281432388809905E+003  0.337394580176762E+000  0.637911458633803E+000  0.222635196172172E-002  0.430670722771537E+000 -0.131028262406404E+000 -0.140716194404953E+003
  0.100000000000000E+001  0.279271690840989E+003  0.103179476681103E+000  0.173395009148930E+001  0.223199957180809E+000  0.294533442495750E+000 -0.131028262406404E+000 -0.139635845420494E+003
  0.100000000000000E+001  0.291152859511263E+003  0.137416420985065E+001  0.680053462394071E+000  0.211280516657663E+000  0.342674030833906E+000 -0.131028262406404E+000 -0.145576429755632E+003
  0.100000000000000E+001  0.279565731214192E+003  0.163663410546025E+000  0.116693019187976E+001  0.567783703698213E+000  0.252512986693884E+000 -0.131028262406404E+000 -0.139782865607096E+003
  0.100000000000000E+001  0.294532140681038E+003  0.182928560973381E+001  0.116958597961907E+001  0.617432201584682E+000  0.270564237663617E+000 -0.131028262406404E+000 -0.147266070340519E+003
  0.100000000000000E+001  0.288227521780348E+003  0.881443749310593E+000  0.783008244106244E+000  0.275717478258547E+000  0.465006686913353E+000 -0.131028262406404E+000 -0.144113760890174E+003
  0.100000000000000E+001  0.281439247404158E+003  0.793691550246041E+000  0.107247074900128E+001  0.151285280551473E+000  0.138519459142673E+000 -0.131028262406404E+000 -0.140719623702079E+003
  0.100000000000000E+001  0.279631189922628E+003  0.309538365468297E+000  0.942664065185710E+000  0.580327858628280E+000  0.135365216108213E+000 -0.131028262406404E+000 -0.139815594961314E+003
  0.100000000000000E+001  0.280348516280495E+003  0.204873475192034E+000  0.182668101701118E+001  0.644706336861246E+000  0.479561788232803E+000 -0.131028262406404E+000 -0.140174258140248E+003
  0.100000000000000E+001  0.280942804400436E+003  0.439748728961233E+000  0.523579111615051E+000  0.852499470882137E+000  0.235042958841427E+000 -0.131028262406404E+000 -0.140471402200218E+003
  0.100000000000000E+001  0.284539140178205E+003  0.871907327278408E+000  0.910951605654119E+000  0.540392665599110E+000  0.262209003078335E+000 -0.131028262406404E+000 -0.142269570089102E+003
  0.100000000000000E+001  0.289325532797327E+003  0.123670143702474E+001  0.153562383071081E+001  0.121439414678693E+000  0.299648973319189E+000 -0.131028262406404E+000 -0.144662766398664E+003
  0.100000000000000E+001  0.286976228371982E+003  0.152300328615853E+001  0.169523272846469E+001  0.633826769791936E+000  0.188996759606344E+000 -0.131028262406404E+000 -0.143488114185991E+003
  0.100000000000000E+001  0.285743989674503E+003  0.123051539798211E+001  0.170541350969828E+001  0.571302690939140E+000  0.207378005356857E+000 -0.131028262406404E+000 -0.142871994837251E+003
  0.100000000000000E+001  0.281578796473753E+003  0.412374685905950E+000  0.904950223779437E+000  0.848550627024474E+000  0.313137995125610E+000 -0.131028262406404E+000 -0.140789398236876E+003
  0.100000000000000E+001  0.280253534963842E+003  0.182301966071996E+000  0.852978444418923E+000  0.873947737212476E+000  0.462285772852737E+000 -0.131028262406404E+000 -0.140126767481921E+003
  0.100000000000000E+001  0.282376580925720E+003  0.538712860485635E+000  0.611385511283045E+000  0.986935931343007E+000  0.316926257780013E+000 -0.131028262406404E+000 -0.141188290462860E+003
  0.100000000000000E+001  0.285808879388345E+003  0.117443646197038E+001  0.198338956251835E+001  0.521401554156880E+000  0.228095127144721E+000 -0.131028262406404E+000 -0.142904439694173E+003
  0.100000000000000E+001  0.292306091119539E+003  0.127696389249668E+001  0.168077449142646E+001  0.767459492876194E+000  0.376011909058254E+000 -0.131028262406404E+000 -0.146153045559770E+003
  0.100000000000000E+001  0.290569887330710E+003  0.122791539646295E+001  0.949814834076531E+000  0.279675180728658E+000  0.349538808023927E+000 -0.131028262406404E+000 -0.145284943665355E+003
  0.100000000000000E+001  0.283664602106934E+003  0.100377167398329E+001  0.141909181813235E+001  0.440344245106674E+000  0.186218784814221E+000 -0.131028262406404E+000 -0.141832301053467E+003
  0.100000000000000E+001  0.289772050483306E+003  0.163628400208387E+001  0.107596984026621E+001  0.528351965517332E+000  0.225857466359954E+000 -0.131028262406404E+000 -0.144886025241653E+003
  0.100000000000000E+001  0.279568327500587E+003  0.120340571188743E+000  0.161449324606605E+001  0.195826966667366E+000  0.393930941866611E+000 -0.131028262406404E+000 -0.139784163750294E+003
  0.100000000000000E+001  0.284665924095738E+003  0.545007601330458E+000  0.123008842817770E+001  0.535611357961635E+000  0.488865426802616E+000 -0.131028262406404E+000 -0.142332962047869E+003
  0.100000000000000E+001  0.284332075474467E+003  0.633841594188238E+000  0.197079800766625E+001  0.477569622325774E+000  0.435960352374288E+000 -0.131028262406404E+000 -0.142166037737233E+003
  0.100000000000000E+001  0.286029810616491E+003  0.134527834269320E+001  0.612630227615987E+000  0.565683429466188E+000  0.204195787516886E+000 -0.131028262406404E+000 -0.143014905308246E+003
  0.100000000000000E+001  0.297831533725811E+003  0.192770998395131E+001  0.144798629113345E+001  0.562764350632130E+000  0.297724104265431E+000 -0.131028262406404E+000 -0.148915766862906E+003
  0.100000000000000E+001  0.281784235948333E+003  0.475958135336660E+000  0.136200736747061E+001  0.131053608192745E-001  0.272442959687379E+000 -0.131028262406404E+000 -0.140892117974166E+003
  0.100000000000000E+001  0.281830883232050E+003  0.461148083663502E+000  0.105775931841190E+001  0.897235414556997E+000  0.291609208492953E+000 -0.131028262406404E+000 -0.140915441616025E+003
  0.100000000000000E+001  0.285943680898776E+003  0.171463442422018E+001  0.779388531620780E+000  0.142266102820893E+000  0.150107089827948E+000 -0.131028262406404E+000 -0.142971840449388E+003
  0.100000000000000E+001  0.287686791461809E+003  0.110613665560745E+001  0.675645978836236E+000  0.523102450862677E+000  0.323639757202300E+000 -0.131028262406404E+000 -0.143843395730905E+003
  0.100000000000000E+001  0.291194518298670E+003  0.135205293651097E+001  0.183074351620184E+001  0.749749315027454E-001  0.327720641661883E+000 -0.131028262406404E+000 -0.145597259149335E+003
  0.100000000000000E+001  0.284088794460826E+003  0.498643571385665E+000  0.107566917484585E+001  0.967030247486311E-001  0.497514586687717E+000 -0.131028262406404E+000 -0.142044397230413E+003
  0.100000000000000E+001  0.292444984282991E+003  0.188822892230212E+001  0.517354155329921E+000  0.397771164914322E+000  0.257210065170164E+000 -0.131028262406404E+000 -0.146222492141495E+003
  0.100000000000000E+001  0.279184801112971E+003  0.102696099644286E+000  0.198834565647580E+001  0.371801822687857E+000  0.258802164712873E+000 -0.131028262406404E+000 -0.139592400556486E+003
  0.100000000000000E+001  0.288914505867987E+003  0.198382577716247E+001  0.998074383978336E+000  0.629661135490179E+000  0.170785843343216E+000 -0.131028262406404E+000 -0.144457252933993E+003
  0.100000000000000E+001  0.300343007198650E+003  0.175466347964926E+001  0.179028937838281E+001  0.605932016379609E+000  0.396749665215422E+000 -0.131028262406404E+000 -0.150171503599325E+003
  0.100000000000000E+001  0.279793458199162E+003  0.336607248958707E+000  0.114877978340497E+001  0.508318464971332E+000  0.143438968364179E+000 -0.131028262406404E+000 -0.139896729099581E+003
  0.100000000000000E+001  0.296745751104232E+003  0.136416718038603E+001  0.182160836589121E+001  0.119539650425668E+000  0.496593498992137E+000 -0.131028262406404E+000 -0.148372875552116E+003
  0.100000000000000E+001  0.279621837391927E+003  0.165020985428656E+000  0.861759412294471E+000  0.371963643353671E+000  0.276060938751362E+000 -0.131028262406404E+000 -0.139810918695964E+003
  0.100000000000000E+001  0.291487606787025E+003  0.199764149818088E+001  0.147704715819052E+001  0.185853203065392E+000  0.202629557866708E+000 -0.131028262406404E+000 -0.145743803393513E+003
  0.100000000000000E+001  0.288929036693057E+003  0.137824740998688E+001  0.173867284599730E+001  0.721723953916863E+000  0.258105460650287E+000 -0.131028262406404E+000 -0.144464518346529E+003
  0.100000000000000E+001  0.297102802227098E+003  0.195431005092903E+001  0.132832270479479E+001  0.342385498190016E+000  0.283157402142577E+000 -0.131028262406404E+000 -0.148551401113549E+003
  0.100000000000000E+001  0.283447368469760E+003  0.160238093884232E+001  0.145901671715008E+001  0.800899265527122E+000  0.109360824302091E+000 -0.131028262406404E+000 -0.141723684234880E+003
  0.100000000000000E+001  0.288595790222113E+003  0.129224807156687E+001  0.120995416923909E+001  0.265292978970515E+000  0.265577601942861E+000 -0.131028262406404E+000 -0.144297895111057E+003
  0.100000000000000E+001  0.297910539517779E+003  0.156076186420494E+001  0.655175352862904E+000  0.775358495824331E+000  0.474952416443897E+000 -0.131028262406404E+000 -0.148955269758890E+003
  0.100000000000000E+001  0.285749208379565E+003  0.779532401674783E+000  0.147703854714327E+001  0.582439192925956E-001  0.355705969825747E+000 -0.131028262406404E+000 -0.142874604189782E+003
  0.100000000000000E+001  0.281973752890561E+003  0.476741061139391E+000  0.116080821107748E+001  0.363065321010515E+000  0.291097816749437E+000 -0.131028262406404E+000 -0.140986876445281E+003
  0.100000000000000E+001  0.290131248748866E+003  0.197218420418703E+001  0.173565722191544E+001  0.522487309445254E+000  0.188751911328166E+000 -0.131028262406404E+000 -0.145065624374433E+003
  0.100000000000000E+001  0.284334406307605E+003  0.630083076964819E+000  0.129432941920663E+001  0.714544291214958E+000  0.367252732426449E+000 -0.131028262406404E+000 -0.142167203153802E+003
  0.100000000000000E+001  0.284267183490555E+003  0.702471642599714E+000  0.125354895973238E+001  0.426572353911166E+000  0.314787984338402E+000 -0.131028262406404E+000 -0.142133591745277E+003
  0.100000000000000E+001  0.279055387699155E+003  0.101038165693448E+000  0.187550193187419E+001  0.451803454376078E+000  0.187108778363629E+000 -0.131028262406404E+000 -0.139527693849577E+003
  0.100000000000000E+001  0.302198633684961E+003  0.196342517385964E+001  0.148823198567064E+001  0.961918704599561E+000  0.350326166470925E+000 -0.131028262406404E+000 -0.151099316842481E+003
  0.100000000000000E+001  0.296847420111476E+003  0.160432124794541E+001  0.512460134973991E+000  0.519543996241349E+000  0.473671162320081E+000 -0.131028262406404E+000 -0.148423710055738E+003
  0.100000000000000E+001  0.302324815668470E+003  0.155350885630821E+001  0.114046274488142E+001  0.167950834353277E+000  0.495889669732396E+000 -0.131028262406404E+000 -0.151162407834235E+003
  0.100000000000000E+001  0.283527115771495E+003  0.502939291257040E+000  0.169685928441917E+001  0.405010331412178E+000  0.459204971607693E+000 -0.131028262406404E+000 -0.141763557885747E+003
  0.100000000000000E+001  0.280833953695566E+003  0.483495056344453E+000  0.173869640987944E+001  0.981808426235983E+000  0.187260253860216E+000 -0.131028262406404E+000 -0.140416976847783E+003
  0.100000000000000E+001  0.283515078551804E+003  0.460649679047429E+000  0.106112684083371E+001  0.911965448414497E+000  0.486799369110359E+000 -0.131028262406404E+000 -0.141757539275902E+003
  0.100000000000000E+001  0.287389808127432E+003  0.142336879603705E+001  0.650150164591154E+000  0.700039698130749E-001  0.224405630600584E+000 -0.131028262406404E+000 -0.143694904063716E+003
  0.100000000000000E+001  0.281226044743080E+003  0.924169334907503E+000  0.125286423100883E+001  0.844686624212872E+000  0.109388923347605E+000 -0.131028262406404E+000 -0.140613022371540E+003
  0.100000000000000E+001  0.300394961674811E+003  0.175697604411883E+001  0.126315164147487E+001  0.556768742073278E+000  0.376568670264743E+000 -0.131028262406404E+000 -0.150197480837405E+003
  0.100000000000000E+001  0.283945142543647E+003  0.612616136898164E+000  0.183856334287268E+001  0.113750868259124E+000  0.386330759711344E+000 -0.131028262406404E+000 -0.141972571271824E+003
  0.100000000000000E+001  0.291992296919155E+003  0.179283427621674E+001  0.162375245677856E+001  0.565427486732475E+000  0.237744600748049E+000 -0.131028262406404E+000 -0.145996148459577E+003
  0.100000000000000E+001  0.284414347394585E+003  0.921466153330780E+000  0.581324500805800E+000  0.829758925825713E-001  0.256036779432251E+000 -0.131028262406404E+000 -0.142207173697293E+003
  0.100000000000000E+001  0.281819930125880E+003  0.597089271444238E+000  0.987429020510283E+000  0.202779573389572E+000  0.215195902244646E+000 -0.131028262406404E+000 -0.140909965062940E+003
  0.100000000000000E+001  0.282330136153177E+003  0.393412308462753E+000  0.154531548261206E+001  0.128500814150890E+000  0.439174384659391E+000 -0.131028262406404E+000 -0.141165068076589E+003
  0.100000000000000E+001  0.280487642898591E+003  0.351543271833840E+000  0.153644887684705E+001  0.836197564553699E+000  0.221809330577182E+000 -0.131028262406404E+000 -0.140243821449296E+003
  0.100000000000000E+001  0.298622089239894E+003  0.197374479102873E+001  0.101265508628188E+001  0.829722432359000E+000  0.308841667421648E+000 -0.131028262406404E+000 -0.149311044619947E+003
  0.100000000000000E+001  0.286724719770706E+003  0.147770563340694E+001  0.154781431613944E+001  0.636101434987922E+000  0.188935862298817E+000 -0.131028262406404E+000 -0.143362359885353E+003
  0.100000000000000E+001  0.292517509907353E+003  0.191175791730167E+001  0.101851973855097E+001  0.681318389014274E+000  0.231013510257844E+000 -0.131028262406404E+000 -0.146258754953676E+003
  0.100000000000000E+001  0.294119060687525E+003  0.147294138664594E+001  0.195756346269689E+001  0.300829605146659E+000  0.379427884712159E+000 -0.131028262406404E+000 -0.147059530343763E+003
  0.100000000000000E+001  0.284745914291996E+003  0.745853638837759E+000  0.951692483944410E+000  0.676199871461270E-001  0.329367103437632E+000 -0.131028262406404E+000 -0.142372957145998E+003
  0.100000000000000E+001  0.285634971346648E+003  0.662215698806928E+000  0.172566356673440E+001  0.623425104294879E+000  0.482716845173524E+000 -0.131028262406404E+000 -0.142817485673324E+003
  0.100000000000000E+001  0.288001332526348E+003  0.904806170415511E+000  0.883146028861855E+000  0.481360430487031E+000  0.417541985262096E+000 -0.131028262406404E+000 -0.144000666263174E+003
  0.100000000000000E+001  0.280322439421023E+003  0.314798182277794E+000  0.153353013992022E+001  0.440678874342944E-001  0.227851058533318E+000 -0.131028262406404E+000 -0.140161219710511E+003
  0.100000000000000E+001  0.286868363519133E+003  0.179527360409028E+001  0.160473559250771E+001  0.667406017963020E+000  0.155834110663199E+000 -0.131028262406404E+000 -0.143434181759567E+003
  0.100000000000000E+001  0.285574807188764E+003  0.178884460129058E+001  0.946957573941127E+000  0.614563835499329E+000  0.135719229238199E+000 -0.131028262406404E+000 -0.142787403594382E+003
  0.100000000000000E+001  0.284504272830344E+003  0.171424360215973E+001  0.180548757053798E+001  0.626454510599906E+000  0.122339717942773E+000 -0.131028262406404E+000 -0.142252136415172E+003
  0.100000000000000E+001  0.298772027666973E+003  0.149848739853525E+001  0.179748218633787E+001  0.531281519581123E+000  0.473182257997364E+000 -0.131028262406404E+000 -0.149386013833487E+003
  0.100000000000000E+001  0.281658965205850E+003  0.478588171051194E+000  0.877325664876311E+000  0.904016455397240E+000  0.268379736281099E+000 -0.131028262406404E+000 -0.140829482602925E+003
  0.100000000000000E+001  0.279682848532268E+003  0.208216259831789E+000  0.113789243490487E+001  0.302611641216113E+000  0.218223008863270E+000 -0.131028262406404E+000 -0.139841424266134E+003
  0.100000000000000E+001  0.297272023126821E+003  0.179501622993151E+001  0.150550343047782E+001  0.265753958065574E+000  0.317198840975539E+000 -0.131028262406404E+000 -0.148636011563411E+003
  0.100000000000000E+001  0.285405373191469E+003  0.194359283363032E+001  0.141246152406624E+001  0.824184407544198E+000  0.120840756651914E+000 -0.131028262406404E+000 -0.142702686595734E+003
  0.100000000000000E+001  0.282107048705410E+003  0.114815127265061E+001  0.899407937146822E+000  0.219134506300848E+000  0.115566059171766E+000 -0.131028262406404E+000 -0.141053524352705E+003
  0.100000000000000E+001  0.288298344330757E+003  0.169628456911480E+001  0.118692115275296E+001  0.765321647237106E-001  0.190276646328627E+000 -0.131028262406404E+000 -0.144149172165379E+003
  0.100000000000000E+001  0.297062401746265E+003  0.187434345766191E+001  0.163032907676257E+001  0.763407548765208E+000  0.300391919800768E+000 -0.131028262406404E+000 -0.148531200873133E+003
  0.100000000000000E+001  0.283697473979372E+003  0.546569036855225E+000  0.142455354287984E+001  0.874379890543021E+000  0.391695564136140E+000 -0.131028262406404E+000 -0.141848736989686E+003
  0.100000000000000E+001  0.283820954789807E+003  0.559487996249528E+000  0.740094489198183E+000  0.302481405671176E+000  0.434870265471846E+000 -0.131028262406404E+000 -0.141910477394903E+003
  0.100000000000000E+001  0.280626719280680E+003  0.617784981459059E+000  0.698293722510056E+000  0.338433475876482E+000  0.131563728726769E+000 -0.131028262406404E+000 -0.140313359640340E+003
  0.100000000000000E+001  0.286012350831403E+003  0.701429744853727E+000  0.702957642100619E+000  0.678928692973096E+000  0.496118964410493E+000 -0.131028262406404E+000 -0.143006175415701E+003
  0.100000000000000E+001  0.279856398137780E+003  0.432903646774592E+000  0.101055346377271E+001  0.212157267614479E+000  0.116476965098919E+000 -0.131028262406404E+000 -0.139928199068890E+003
  0.100000000000000E+001  0.280497391633573E+003  0.212802877007853E+000  0.154254220992515E+001  0.678567923351647E+000  0.440531413440435E+000 -0.131028262406404E+000 -0.140248695816786E+003
  0.100000000000000E+001  0.284844563488890E+003  0.741932500326731E+000  0.849078493942148E+000  0.267261931544977E+000  0.346066912427016E+000 -0.131028262406404E+000 -0.142422281744445E+003
  0.100000000000000E+001  0.288006619602185E+003  0.155284119349878E+001  0.139157422144969E+001  0.648033671999807E+000  0.203306730348755E+000 -0.131028262406404E+000 -0.144003309801092E+003
  0.100000000000000E+001  0.285132367282815E+003  0.666596671764371E+000  0.111302436236287E+001  0.151946512919649E+000  0.400136759844660E+000 -0.131028262406404E+000 -0.142566183641408E+003
  0.100000000000000E+001  0.285823157575944E+003  0.681190875715362E+000  0.133146474099676E+001  0.635851467566751E+000  0.432940812969106E+000 -0.131028262406404E+000 -0.142911578787972E+003
  0.100000000000000E+001  0.279709535786325E+003  0.266315884716861E+000  0.721502550644390E+000  0.950874174700858E+000  0.175080207891377E+000 -0.131028262406404E+000 -0.139854767893163E+003
  0.100000000000000E+001  0.292328179571511E+003  0.169453874105048E+001  0.152037207858789E+001  0.610245431148608E+000  0.257994023555038E+000 -0.131028262406404E+000 -0.146164089785756E+003
  0.100000000000000E+001  0.290926231620623E+003  0.112103278088186E+001  0.826826182757268E+000  0.723035459829026E+000  0.426554157351692E+000 -0.131028262406404E+000 -0.145463115810312E+003
  0.100000000000000E+001  0.297977814990973E+003  0.162168025298009E+001  0.106327582494333E+001  0.673793435040207E+000  0.383529292913571E+000 -0.131028262406404E+000 -0.148988907495486E+003
  0.100000000000000E+001  0.281936823328194E+003  0.718345982536581E+000  0.146801880519431E+001  0.696132210834348E+000  0.179563027439953E+000 -0.131028262406404E+000 -0.140968411664097E+003
  0.100000000000000E+001  0.291100720527404E+003  0.195759888035893E+001  0.164019690139856E+001  0.630023696653822E+000  0.202957034613716E+000 -0.131028262406404E+000 -0.145550360263702E+003
  0.100000000000000E+001  0.289187248920904E+003  0.117885100501720E+001  0.183013448986965E+001  0.115626073236359E+000  0.329287564408928E+000 -0.131028262406404E+000 -0.144593624460452E+003
  0.100000000000000E+001  0.301815585434951E+003  0.161599042901099E+001  0.994406188621678E+000  0.740544050335711E+000  0.471870184037301E+000 -0.131028262406404E+000 -0.150907792717475E+003
  0.100000000000000E+001  0.289306797831483E+003  0.180509605439504E+001  0.181248320842675E+001  0.571677299241774E+000  0.196278019389215E+000 -0.131028262406404E+000 -0.144653398915742E+003
  0.100000000000000E+001  0.285483748949783E+003  0.799024356513067E+000  0.144447971082996E+001  0.661651931746234E+000  0.329444765954911E+000 -0.131028262406404E+000 -0.142741874474891E+003
  0.100000000000000E+001  0.291125521073631E+003  0.142399554365684E+001  0.148098190747636E+001  0.792680882908143E+000  0.291352854842280E+000 -0.131028262406404E+000 -0.145562760536816E+003
  0.100000000000000E+001  0.282232664969682E+003  0.682464928975620E+000  0.189298141470439E+001  0.414721375681291E+000  0.213048520968223E+000 -0.131028262406404E+000 -0.141116332484841E+003
  0.100000000000000E+001  0.282223416643400E+003  0.115164738134137E+001  0.198307003683541E+001  0.333222368115830E+000  0.119486176245255E+000 -0.131028262406404E+000 -0.141111708321700E+003
  0.100000000000000E+001  0.300789964189618E+003  0.166656019861404E+001  0.106480758316182E+001  0.213444762098933E-001  0.423137976428954E+000 -0.131028262406404E+000 -0.150394982094809E+003
  0.100000000000000E+001  0.280118539479372E+003  0.191959585432864E+000  0.134583575630773E+001  0.130326041867257E+000  0.360312995963316E+000 -0.131028262406404E+000 -0.140059269739686E+003
  0.100000000000000E+001  0.290094152910260E+003  0.125287844769175E+001  0.671994752082937E+000  0.295702750334873E+000  0.355939849558531E+000 -0.131028262406404E+000 -0.145047076455130E+003
  0.100000000000000E+001  0.294799827962343E+003  0.138980350576790E+001  0.567851043161243E+000  0.986383017942583E+000  0.495239632429014E+000 -0.131028262406404E+000 -0.147399913981172E+003
  0.100000000000000E+001  0.280911894232357E+003  0.320292060562796E+000  0.149688292514616E+001  0.881352177960308E+000  0.311799290442059E+000 -0.131028262406404E+000 -0.140455947116179E+003
  0.100000000000000E+001  0.286941379371954E+003  0.857971191488746E+000  0.129242263331679E+001  0.167681744008826E+000  0.368119110343674E+000 -0.131028262406404E+000 -0.143470689685977E+003
  0.100000000000000E+001  0.282456091038337E+003  0.418875841430162E+000  0.140842290794937E+001  0.171716514333818E+000  0.405432868218773E+000 -0.131028262406404E+000 -0.141228045519168E+003
  0.100000000000000E+001  0.296441501077610E+003  0.177658594226673E+001  0.124170444116961E+001  0.512710355036234E-001  0.308661801770139E+000 -0.131028262406404E+000 -0.148220750538805E+003
  0.100000000000000E+001  0.287703551196269E+003  0.822704004857163E+000  0.914963092858733E+000  0.167020754621643E+000  0.457439187852642E+000 -0.131028262406404E+000 -0.143851775598135E+003
  0.100000000000000E+001  0.279858318517133E+003  0.330832135220714E+000  0.884869990233742E+000  0.847989094811440E+000  0.155932037328652E+000 -0.131028262406404E+000 -0.139929159258566E+003
  0.100000000000000E+001  0.279694775138867E+003  0.224293260854208E+000  0.612769680782080E+000  0.421940632523772E+000  0.214177706463125E+000 -0.131028262406404E+000 -0.139847387569433E+003
  0.100000000000000E+001  0.279684498428584E+003  0.123510627120291E+000  0.673070632820367E+000  0.988430622410505E+000  0.485410376621926E+000 -0.131028262406404E+000 -0.139842249214292E+003
  0.100000000000000E+001  0.306485898949051E+003  0.196624295327302E+001  0.142511747273590E+001  0.542560000702411E+000  0.408090201189490E+000 -0.131028262406404E+000 -0.153242949474526E+003
  0.100000000000000E+001  0.281012505402603E+003  0.267567684704368E+000  0.158668787708752E+001  0.123060943443438E+000  0.441552151992900E+000 -0.131028262406404E+000 -0.140506252701301E+003
  0.100000000000000E+001  0.281299094337251E+003  0.581219435021106E+000  0.118495231543792E+001  0.628126412842362E+000  0.183423512874666E+000 -0.131028262406404E+000 -0.140649547168625E+003
  0.100000000000000E+001  0.279763560004902E+003  0.248105381623447E+000  0.113661890419165E+001  0.145702800406728E+000  0.194130348372673E+000 -0.131028262406404E+000 -0.139881780002451E+003
  0.100000000000000E+001  0.287217423622431E+003  0.748165610943190E+000  0.107384336636342E+001  0.498907861902264E+000  0.474338669227555E+000 -0.131028262406404E+000 -0.143608711811216E+003
  0.100000000000000E+001  0.282329386103410E+003  0.907452338113657E+000  0.129285802196437E+001  0.723063433217327E+000  0.155475211118342E+000 -0.131028262406404E+000 -0.141164693051705E+003
  0.100000000000000E+001  0.294410628760132E+003  0.147763455060874E+001  0.116480874328862E+001  0.809388290280832E+000  0.349893219551109E+000 -0.131028262406404E+000 -0.147205314380066E+003
  0.100000000000000E+001  0.286039681248504E+003  0.133277630090110E+001  0.699048245879517E+000  0.220153072020250E+000  0.203977540223805E+000 -0.131028262406404E+000 -0.143019840624252E+003
  0.100000000000000E+001  0.299142082684000E+003  0.188680150517994E+001  0.734480764753905E+000  0.396921391030179E+000  0.363475271044543E+000 -0.131028262406404E+000 -0.149571041342000E+003
  0.100000000000000E+001  0.292979046748143E+003  0.199663745876178E+001  0.195900036402977E+001  0.646294910396525E-001  0.231368855001763E+000 -0.131028262406404E+000 -0.146489523374072E+003
  0.100000000000000E+001  0.281655581387899E+003  0.619311208887303E+000  0.180743864865188E+001  0.478725453753723E+000  0.197175092761119E+000 -0.131028262406404E+000 -0.140827790693949E+003
  0.100000000000000E+001  0.283499609911453E+003  0.759288626513291E+000  0.191825507301274E+001  0.880768363520674E+000  0.259381588377893E+000 -0.131028262406404E+000 -0.141749804955726E+003
  0.100000000000000E+001  0.284246585324278E+003  0.775071741848073E+000  0.689142202666949E+000  0.560277392884835E+000  0.303566042105719E+000 -0.131028262406404E+000 -0.142123292662139E+003
  0.100000000000000E+001  0.291754702501262E+003  0.108964977063009E+001  0.129785259067499E+001  0.974181415302376E+000  0.435216709045136E+000 -0.131028262406404E+000 -0.145877351250631E+003
  0.100000000000000E+001  0.283907748535450E+003  0.524994200787358E+000  0.928006677417746E+000  0.566632294455622E+000  0.455030052113739E+000 -0.131028262406404E+000 -0.141953874267725E+003
  0.100000000000000E+001  0.287948956356435E+003  0.147163854498801E+001  0.157497503652200E+001  0.546714704510982E+000  0.215454194680464E+000 -0.131028262406404E+000 -0.143974478178218E+003
  0.100000000000000E+001  0.296999637747595E+003  0.169259910263484E+001  0.101410972758346E+001  0.920214725902099E+000  0.347445794047904E+000 -0.131028262406404E+000 -0.148499818873798E+003
  0.100000000000000E+001  0.297955085153495E+003  0.151895597925671E+001  0.927630269867799E+000  0.996905672094858E+000  0.434745419065999E+000 -0.131028262406404E+000 -0.148977542576747E+003
  0.100000000000000E+001  0.279122958139139E+003  0.191019805105477E+000  0.112847830424996E+001  0.806424632006632E-001  0.108593829647717E+000 -0.131028262406404E+000 -0.139561479069570E+003
  0.100000000000000E+001  0.279489246054025E+003  0.251776080720055E+000  0.162638706283544E+001  0.780026356556158E+000  0.143638164128333E+000 -0.131028262406404E+000 -0.139744623027013E+003
  0.100000000000000E+001  0.281103170709130E+003  0.460372125097226E+000  0.170293236208751E+001  0.334690577966919E+000  0.222875190181672E+000 -0.131028262406404E+000 -0.140551585354565E+003
  0.100000000000000E+001  0.288411804441888E+003  0.141675435953290E+001  0.186701461784939E+001  0.917800693785110E+000  0.241641272612974E+000 -0.131028262406404E+000 -0.144205902220944E+003
  0.100000000000000E+001  0.279413478306733E+003  0.146244840617068E+000  0.184690012881926E+001  0.421476374728031E+000  0.245157905858470E+000 -0.131028262406404E+000 -0.139706739153367E+003
  0.100000000000000E+001  0.288764581488219E+003  0.146664554113544E+001  0.115098783508257E+001  0.212615802271568E+000  0.233725138315006E+000 -0.131028262406404E+000 -0.144382290744109E+003
  0.100000000000000E+001  0.286519296557742E+003  0.118151450533053E+001  0.645588941126099E+000  0.650895291257369E+000  0.255518877122399E+000 -0.131028262406404E+000 -0.143259648278871E+003
  0.100000000000000E+001  0.279105277557117E+003  0.172450631456151E+000  0.102203604534148E+001  0.210276228420068E+000  0.116537430594778E+000 -0.131028262406404E+000 -0.139552638778558E+003
  0.100000000000000E+001  0.285414942574912E+003  0.130777717193641E+001  0.648566647625268E+000  0.252242700611985E-001  0.192611640943793E+000 -0.131028262406404E+000 -0.142707471287456E+003
  0.100000000000000E+001  0.297200131312126E+003  0.186246882629656E+001  0.920413250329489E+000  0.196919877992870E+000  0.315938708175674E+000 -0.131028262406404E+000 -0.148600065656063E+003
  0.100000000000000E+001  0.293496915976790E+003  0.149666077489835E+001  0.630443951871257E+000  0.819795472463238E+000  0.376801403674888E+000 -0.131028262406404E+000 -0.146748457988395E+003
  0.100000000000000E+001  0.292640250911656E+003  0.198236099201515E+001  0.188804491726249E+001  0.263993116263442E+000  0.226130251839241E+000 -0.131028262406404E+000 -0.146320125455828E+003
  0.100000000000000E+001  0.283086305274273E+003  0.480048913711703E+000  0.629617470662682E+000  0.192835215127293E+000  0.478682321103766E+000 -0.131028262406404E+000 -0.141543152637136E+003
  0.100000000000000E+001  0.279766377544559E+003  0.400392886682680E+000  0.151416023135842E+001  0.831792157060945E+000  0.116790700849786E+000 -0.131028262406404E+000 -0.139883188772279E+003
  0.100000000000000E+001  0.283744876595235E+003  0.951335628456347E+000  0.151880088165498E+001  0.948331366332956E+000  0.200852191192888E+000 -0.131028262406404E+000 -0.141872438297618E+003
  0.100000000000000E+001  0.292413501980584E+003  0.138494131902672E+001  0.628484331442548E+000  0.757672119716495E+000  0.389040128264657E+000 -0.131028262406404E+000 -0.146206750990292E+003
  0.100000000000000E+001  0.297323917087936E+003  0.134329963077341E+001  0.122916992733474E+001  0.704171957182300E+000  0.472889363501740E+000 -0.131028262406404E+000 -0.148661958543968E+003
  0.100000000000000E+001  0.295924866636119E+003  0.125382139130870E+001  0.146954263457012E+001  0.297526119776504E+000  0.486419729547613E+000 -0.131028262406404E+000 -0.147962433318060E+003
  0.100000000000000E+001  0.305172044032195E+003  0.192269828826333E+001  0.877499498676354E+000  0.294848591633121E+000  0.437835196847527E+000 -0.131028262406404E+000 -0.152586022016097E+003
  0.100000000000000E+001  0.285227302805455E+003  0.101393663907024E+001  0.192222902562369E+001  0.484706049779502E+000  0.248577551670183E+000 -0.131028262406404E+000 -0.142613651402727E+003
  0.100000000000000E+001  0.287307375090069E+003  0.835227907603552E+000  0.190437239716774E+001  0.745426191849239E+000  0.469997247308790E+000 -0.131028262406404E+000 -0.143653687545034E+003
  0.100000000000000E+001  0.285390894023160E+003  0.933324793643192E+000  0.876706234295633E+000  0.140443036365740E+000  0.278957811572388E+000 -0.131028262406404E+000 -0.142695447011580E+003
  0.100000000000000E+001  0.283133226783919E+003  0.743559373407967E+000  0.898968802315813E+000  0.509940543697176E+000  0.240074639716133E+000 -0.131028262406404E+000 -0.141566613391960E+003
  0.100000000000000E+001  0.282322662507963E+003  0.125868459915579E+001  0.187781524060240E+001  0.721239025239010E+000  0.111163318957391E+000 -0.131028262406404E+000 -0.141161331253982E+003
  0.100000000000000E+001  0.282569962361236E+003  0.133665998979485E+001  0.145305573735502E+001  0.890871272025862E-001  0.109998459281493E+000 -0.131028262406404E+000 -0.141284981180618E+003
  0.100000000000000E+001  0.282812545598022E+003  0.757572357114190E+000  0.516903472456777E+000  0.938718277596113E+000  0.232474546743931E+000 -0.131028262406404E+000 -0.141406272799011E+003
  0.100000000000000E+001  0.283944990648051E+003  0.877093681270632E+000  0.147910854617552E+001  0.745327485697103E+000  0.227986047900395E+000 -0.131028262406404E+000 -0.141972495324025E+003
  0.100000000000000E+001  0.295904260343934E+003  0.129229266624135E+001  0.129257835937162E+001  0.193115105864277E+000  0.458155589510370E+000 -0.131028262406404E+000 -0.147952130171967E+003
  0.100000000000000E+001  0.284943907677862E+003  0.633111927466178E+000  0.114342054976542E+001  0.153159380739517E+000  0.414301977842440E+000 -0.131028262406404E+000 -0.142471953838931E+003
  0.100000000000000E+001  0.288893659670469E+003  0.197449242308282E+001  0.174843488814103E+001  0.278017235282750E+000  0.171014732450739E+000 -0.131028262406404E+000 -0.144446829835234E+003
  0.100000000000000E+001  0.285895949000490E+003  0.174826605539275E+001  0.186597746501251E+001  0.757320553703406E+000  0.145063360882516E+000 -0.131028262406404E+000 -0.142947974500245E+003
  0.100000000000000E+001  0.293414461527222E+003  0.125058204254907E+001  0.164883634924576E+001  0.149103392321214E+000  0.420369492076419E+000 -0.131028262406404E+000 -0.146707230763611E+003
  0.100000000000000E+001  0.280483571044908E+003  0.215746503842052E+000  0.151084060143614E+001  0.587907017820895E+000  0.420944945699817E+000 -0.131028262406404E+000 -0.140241785522454E+003
  0.100000000000000E+001  0.279689868818328E+003  0.219812712179876E+000  0.161845998358531E+001  0.927701392837233E+000  0.207915967015409E+000 -0.131028262406404E+000 -0.139844934409164E+003
  0.100000000000000E+001  0.279682775115871E+003  0.276342799296215E+000  0.744767281012951E+000  0.855638552031357E+000  0.163120923939422E+000 -0.131028262406404E+000 -0.139841387557936E+003
  0.100000000000000E+001  0.282381499776225E+003  0.802401094171084E+000  0.187145133579236E+001  0.922101037425365E+000  0.183617375206708E+000 -0.131028262406404E+000 -0.141190749888113E+003
  0.100000000000000E+001  0.286865871527651E+003  0.178005253883916E+001  0.113386138448893E+001  0.847017015610322E+000  0.157364607884977E+000 -0.131028262406404E+000 -0.143432935763825E+003
  0.100000000000000E+001  0.288201256849953E+003  0.804423831459918E+000  0.148030721572736E+001  0.522377391128994E-001  0.487322876160110E+000 -0.131028262406404E+000 -0.144100628424976E+003
  0.100000000000000E+001  0.279870061871632E+003  0.237712522617282E+000  0.112890278878099E+001  0.661813337035682E+000  0.224347273978698E+000 -0.131028262406404E+000 -0.139935030935816E+003
  0.100000000000000E+001  0.287163001161704E+003  0.994158655145825E+000  0.636901841791310E+000  0.556774187656618E+000  0.358767673568328E+000 -0.131028262406404E+000 -0.143581500580852E+003
  0.100000000000000E+001  0.284073103953218E+003  0.162929240769333E+001  0.131548402945785E+001  0.443909783488912E-001  0.119791838211250E+000 -0.131028262406404E+000 -0.142036551976609E+003
  0.100000000000000E+001  0.283365507400571E+003  0.625596135860443E+000  0.941626370027397E+000  0.247690790987890E-001  0.312039049466162E+000 -0.131028262406404E+000 -0.141682753700286E+003
  0.100000000000000E+001  0.284823182806849E+003  0.116192303747604E+001  0.101364047722386E+001  0.901327268968018E+000  0.194573800812069E+000 -0.131028262406404E+000 -0.142411591403424E+003
  0.100000000000000E+001  0.286376721331299E+003  0.849803259359155E+000  0.172832554379065E+001  0.504728651115053E+000  0.361655853771055E+000 -0.131028262406404E+000 -0.143188360665650E+003
  0.100000000000000E+001  0.288258397921511E+003  0.153359976901535E+001  0.158565884990118E+001  0.537872589473528E+000  0.211927456980878E+000 -0.131028262406404E+000 -0.144129198960756E+003
  0.100000000000000E+001  0.287354036417916E+003  0.128693007979158E+001  0.113790921891143E+001  0.535701777230290E+000  0.236742761928492E+000 -0.131028262406404E+000 -0.143677018208958E+003
  0.100000000000000E+001  0.281702647679956E+003  0.113029940639403E+001  0.668901523360304E+000  0.307369135169174E+000  0.105414429823356E+000 -0.131028262406404E+000 -0.140851323839978E+003
  0.100000000000000E+001  0.281329262490188E+003  0.338060519946170E+000  0.795829073298091E+000  0.720381710111921E+000  0.379440751215621E+000 -0.131028262406404E+000 -0.140664631245094E+003
  0.100000000000000E+001  0.286808997917221E+003  0.803218967971148E+000  0.196627748166881E+001  0.544123702685554E+000  0.485868755888087E+000 -0.131028262406404E+000 -0.143404498958610E+003
  0.100000000000000E+001  0.286596336003882E+003  0.733161382173288E+000  0.126927854833017E+001  0.230383969105890E+000  0.438716900470929E+000 -0.131028262406404E+000 -0.143298168001941E+003
  0.100000000000000E+001  0.286759847460520E+003  0.127200982930250E+001  0.114678551514856E+001  0.886979027877193E-001  0.224615017496693E+000 -0.131028262406404E+000 -0.143379923730260E+003
  0.100000000000000E+001  0.290176391251311E+003  0.155494706349737E+001  0.170330450803046E+001  0.534971942381518E+000  0.247698252638398E+000 -0.131028262406404E+000 -0.145088195625655E+003
  0.100000000000000E+001  0.293414826124343E+003  0.128368739750796E+001  0.156169224224543E+001  0.129598477722668E+000  0.397449659480546E+000 -0.131028262406404E+000 -0.146707413062172E+003
  0.100000000000000E+001  0.281824709273944E+003  0.617656820339841E+000  0.162395944268301E+001  0.801636620270224E+000  0.206210674435124E+000 -0.131028262406404E+000 -0.140912354636972E+003
  0.100000000000000E+001  0.282808831264398E+003  0.123895350153399E+001  0.900511380232183E+000  0.863192603722889E-001  0.126584788727592E+000 -0.131028262406404E+000 -0.141404415632199E+003
  0.100000000000000E+001  0.279819089306637E+003  0.164627221734163E+000  0.132254419826152E+001  0.427961157504293E+000  0.332314215845081E+000 -0.131028262406404E+000 -0.139909544653319E+003
  0.100000000000000E+001  0.288947147187877E+003  0.145531717684418E+001  0.171202887065683E+001  0.623305176817503E+000  0.241608657765928E+000 -0.131028262406404E+000 -0.144473573593939E+003
  0.100000000000000E+001  0.286762048195588E+003  0.180684700273182E+001  0.582859668039064E+000  0.491015326954581E+000  0.158757500400158E+000 -0.131028262406404E+000 -0.143381024097794E+003
  0.100000000000000E+001  0.282410076691121E+003  0.589920946528700E+000  0.892774613709722E+000  0.334639461688772E+000  0.264054381700662E+000 -0.131028262406404E+000 -0.141205038345560E+003
  0.100000000000000E+001  0.285576810527987E+003  0.621945344369703E+000  0.149921730531132E+001  0.757363905767181E+000  0.492501899515700E+000 -0.131028262406404E+000 -0.142788405263993E+003
  0.100000000000000E+001  0.280693649576691E+003  0.476900645039980E+000  0.173536742138458E+001  0.145697364092221E+000  0.177664060417095E+000 -0.131028262406404E+000 -0.140346824788345E+003
  0.100000000000000E+001  0.280707132698815E+003  0.495974628439720E+000  0.941582690766769E+000  0.408147289840003E+000  0.171390728253135E+000 -0.131028262406404E+000 -0.140353566349407E+003
  0.100000000000000E+001  0.288483683739208E+003  0.172054499649213E+001  0.165068276275220E+001  0.933798297525293E+000  0.190965567405376E+000 -0.131028262406404E+000 -0.144241841869604E+003
  0.100000000000000E+001  0.298213633798186E+003  0.143076140514029E+001  0.157932105064867E+001  0.667906756179873E+000  0.462105225862095E+000 -0.131028262406404E+000 -0.149106816899093E+003
  0.100000000000000E+001  0.297363126172312E+003  0.170237708694751E+001  0.134969942302982E+001  0.243895336971933E+000  0.339518681186835E+000 -0.131028262406404E+000 -0.148681563086156E+003
  0.100000000000000E+001  0.301575152502509E+003  0.165914695726819E+001  0.163464093530487E+001  0.954990177894538E+000  0.440991515947676E+000 -0.131028262406404E+000 -0.150787576251255E+003
  0.100000000000000E+001  0.309880435048319E+003  0.197163241879598E+001  0.152231726429085E+001  0.490853461417553E+000  0.459687614191118E+000 -0.131028262406404E+000 -0.154940217524159E+003
  0.100000000000000E+001  0.305613531465095E+003  0.199233032922228E+001  0.180893019103132E+001  0.810493490724840E-002  0.413680199529682E+000 -0.131028262406404E+000 -0.152806765732548E+003
  0.100000000000000E+001  0.293327054630318E+003  0.163286035155891E+001  0.175918004297704E+001  0.538187335706616E+000  0.294268887754119E+000 -0.131028262406404E+000 -0.146663527315159E+003
  0.100000000000000E+001  0.290524747165189E+003  0.140157081841616E+001  0.185507476311468E+001  0.591505868141369E+000  0.296500148755057E+000 -0.131028262406404E+000 -0.145262373582595E+003
  0.100000000000000E+001  0.280615355212788E+003  0.266318272262287E+000  0.593968832759595E+000  0.408041051780398E+000  0.387759700320851E+000 -0.131028262406404E+000 -0.140307677606394E+003
  0.100000000000000E+001  0.279392543972805E+003  0.182535839775284E+000  0.101870774685137E+001  0.391071018519117E+000  0.179578230341832E+000 -0.131028262406404E+000 -0.139696271986403E+003
  0.100000000000000E+001  0.289989051981506E+003  0.135907814670262E+001  0.116156060443771E+001  0.291543336798541E+000  0.283707552129801E+000 -0.131028262406404E+000 -0.144994525990753E+003
  0.100000000000000E+001  0.290567557559383E+003  0.142443942738414E+001  0.137730735005027E+001  0.178080557141955E+000  0.278581945056570E+000 -0.131028262406404E+000 -0.145283778779691E+003
  0.100000000000000E+001  0.293100530062453E+003  0.172842825076444E+001  0.117365063830465E+001  0.464176251121424E+000  0.265889411103338E+000 -0.131028262406404E+000 -0.146550265031227E+003
  0.100000000000000E+001  0.294708866053725E+003  0.154968132468493E+001  0.514135901697825E+000  0.865014758421972E+000  0.424761325211170E+000 -0.131028262406404E+000 -0.147354433026862E+003
  0.100000000000000E+001  0.285113846968392E+003  0.154084012397549E+001  0.185354067434205E+001  0.122336943879001E+000  0.149998423306370E+000 -0.131028262406404E+000 -0.142556923484196E+003
  0.100000000000000E+001  0.280388155083326E+003  0.295499861293286E+000  0.114017044879421E+001  0.778606017125938E+000  0.255354772804892E+000 -0.131028262406404E+000 -0.140194077541663E+003
  0.100000000000000E+001  0.279772800010741E+003  0.396557212821389E+000  0.655321992018271E+000  0.963765886943645E+000  0.120527717131007E+000 -0.131028262406404E+000 -0.139886400005370E+003
  0.100000000000000E+001  0.285089926058914E+003  0.825287175338644E+000  0.818028372677483E+000  0.625819501174397E+000  0.315578449304087E+000 -0.131028262406404E+000 -0.142544963029457E+003
  0.100000000000000E+001  0.284621319144246E+003  0.742546471129941E+000  0.130654914843323E+001  0.730755029321536E+000  0.312761050639694E+000 -0.131028262406404E+000 -0.142310659572123E+003
  0.100000000000000E+001  0.283463403341841E+003  0.685739409398737E+000  0.627982370242364E+000  0.512530175744983E+000  0.306986939975076E+000 -0.131028262406404E+000 -0.141731701670920E+003
  0.100000000000000E+001  0.281354531482330E+003  0.347812257511331E+000  0.195205292700483E+001  0.454560178381966E+000  0.404034278444886E+000 -0.131028262406404E+000 -0.140677265741165E+003
  0.100000000000000E+001  0.279076405456683E+003  0.146056037704516E+000  0.156811052388148E+001  0.328367881476515E+000  0.129780521040677E+000 -0.131028262406404E+000 -0.139538202728341E+003
  0.100000000000000E+001  0.293723344542572E+003  0.118226323394215E+001  0.171253294510929E+001  0.472969547097338E+000  0.484076423287266E+000 -0.131028262406404E+000 -0.146861672271286E+003
  0.100000000000000E+001  0.306322557601046E+003  0.182123003110433E+001  0.122426583393511E+001  0.784456329446830E+000  0.455450123263919E+000 -0.131028262406404E+000 -0.153161278800523E+003
  0.100000000000000E+001  0.285266854358401E+003  0.103532022146019E+001  0.749446791717895E+000  0.177297482510320E+000  0.246058231117400E+000 -0.131028262406404E+000 -0.142633427179201E+003
  0.100000000000000E+001  0.296523844101442E+003  0.187331606913111E+001  0.788405817576616E+000  0.412152350582402E+000  0.312646163874954E+000 -0.131028262406404E+000 -0.148261922050721E+003
  0.100000000000000E+001  0.297034536461760E+003  0.173520580813412E+001  0.170241646476096E+001  0.534639529759793E+000  0.334312043279535E+000 -0.131028262406404E+000 -0.148517268230880E+003
  0.100000000000000E+001  0.288919984400386E+003  0.963866928449188E+000  0.148492262871168E+001  0.852725397843776E+000  0.399704645867667E+000 -0.131028262406404E+000 -0.144459992200193E+003
  0.100000000000000E+001  0.282444758229732E+003  0.722486516851742E+000  0.674242091497809E+000  0.420883469511848E+000  0.215583906798806E+000 -0.131028262406404E+000 -0.141222379114866E+003
  0.100000000000000E+001  0.285891631589265E+003  0.780008734288638E+000  0.163175853674237E+001  0.527452513816971E+000  0.371680177987251E+000 -0.131028262406404E+000 -0.142945815794633E+003
  0.100000000000000E+001  0.285580058671419E+003  0.106814325075208E+001  0.132453016709402E+001  0.864797169930473E+000  0.235138245990639E+000 -0.131028262406404E+000 -0.142790029335710E+003
  0.100000000000000E+001  0.285431632899188E+003  0.692001942948393E+000  0.582882233415828E+000  0.477190301516439E+000  0.493390975999303E+000 -0.131028262406404E+000 -0.142715816449594E+003
  0.100000000000000E+001  0.282162016467363E+003  0.580428409699585E+000  0.178540244637103E+001  0.824300275141666E-001  0.250203424973132E+000 -0.131028262406404E+000 -0.141081008233682E+003
  0.100000000000000E+001  0.279212574236271E+003  0.115427899932555E+000  0.654439285068179E+000  0.927497989394288E-002  0.234638382257490E+000 -0.131028262406404E+000 -0.139606287118135E+003
  0.100000000000000E+001  0.305122447941662E+003  0.182556015993731E+001  0.121935315591868E+001  0.358463597506300E+000  0.434293379104774E+000 -0.131028262406404E+000 -0.152561223970831E+003
  0.100000000000000E+001  0.303792398665007E+003  0.182165904127793E+001  0.151197154922674E+001  0.222005775566614E+000  0.413928321557577E+000 -0.131028262406404E+000 -0.151896199332504E+003
  0.100000000000000E+001  0.281550999568375E+003  0.603479434306774E+000  0.887699949309732E+000  0.755438316299097E+000  0.195882799883902E+000 -0.131028262406404E+000 -0.140775499784187E+003
  0.100000000000000E+001  0.300350060939000E+003  0.158950096760620E+001  0.144065318122236E+001  0.679688234798084E+000  0.431765428294778E+000 -0.131028262406404E+000 -0.150175030469500E+003
  0.100000000000000E+001  0.283737502255685E+003  0.925882348035478E+000  0.103269935717074E+001  0.492236804449706E-001  0.208529576006361E+000 -0.131028262406404E+000 -0.141868751127843E+003
  0.100000000000000E+001  0.303556850852384E+003  0.193479269251327E+001  0.952668420805722E+000  0.931124853345804E+000  0.396985358862249E+000 -0.131028262406404E+000 -0.151778425426192E+003
  0.100000000000000E+001  0.300234399230036E+003  0.194932303507425E+001  0.185749617501285E+001  0.169510152814828E+000  0.344799008267048E+000 -0.131028262406404E+000 -0.150117199615018E+003
  0.100000000000000E+001  0.291869704141326E+003  0.142831839195614E+001  0.720290045691136E+000  0.596240101563787E+000  0.339476739631512E+000 -0.131028262406404E+000 -0.145934852070663E+003
  0.100000000000000E+001  0.293271855986299E+003  0.156984350214508E+001  0.146830909473576E+001  0.488010115802920E+000  0.299532665494500E+000 -0.131028262406404E+000 -0.146635927993149E+003
  0.100000000000000E+001  0.297235304303003E+003  0.170499182578894E+001  0.131602134600493E+001  0.498735499781743E+000  0.336965693480991E+000 -0.131028262406404E+000 -0.148617652151501E+003
  0.100000000000000E+001  0.280295940210173E+003  0.304788769605707E+000  0.770305951973762E+000  0.274896044802460E+000  0.241349643833499E+000 -0.131028262406404E+000 -0.140147970105086E+003
  0.100000000000000E+001  0.292889769843986E+003  0.185839767212138E+001  0.111951697157508E+001  0.207595154268191E+000  0.242177015294036E+000 -0.131028262406404E+000 -0.146444884921993E+003
  0.100000000000000E+001  0.288771952572412E+003  0.914356424974281E+000  0.149989261026746E+001  0.315774371173433E+000  0.426267557316699E+000 -0.131028262406404E+000 -0.144385976286206E+003
  0.100000000000000E+001  0.281702399428257E+003  0.364728190825739E+000  0.161725410170054E+001  0.893057195888227E+000  0.387077195591433E+000 -0.131028262406404E+000 -0.140851199714128E+003
  0.100000000000000E+001  0.283911746979912E+003  0.534311015935340E+000  0.122247993244616E+001  0.235051830899101E+000  0.423762937753493E+000 -0.131028262406404E+000 -0.141955873489956E+003
  0.100000000000000E+001  0.280034115812193E+003  0.149513312044013E+000  0.979673750403774E+000  0.759792638400043E+000  0.490400678681333E+000 -0.131028262406404E+000 -0.140017057906097E+003
  0.100000000000000E+001  0.279866471253883E+003  0.355122077689549E+000  0.185144368435547E+001  0.126878442093785E+000  0.145836443518750E+000 -0.131028262406404E+000 -0.139933235626942E+003
  0.100000000000000E+001  0.284984810597592E+003  0.654578863645754E+000  0.191552367701429E+001  0.507472366331066E+000  0.472836784679091E+000 -0.131028262406404E+000 -0.142492405298796E+003
  0.100000000000000E+001  0.281606580256007E+003  0.367027592736433E+000  0.156289853843548E+001  0.700255444340869E+000  0.362967175867311E+000 -0.131028262406404E+000 -0.140803290128003E+003
  0.100000000000000E+001  0.281658191727167E+003  0.372196466116086E+000  0.180621703296087E+001  0.687751745491373E+000  0.391078657575424E+000 -0.131028262406404E+000 -0.140829095863583E+003
  0.100000000000000E+001  0.287247948970297E+003  0.144585474134013E+001  0.140884714304247E+001  0.230672178073114E+000  0.204087541644688E+000 -0.131028262406404E+000 -0.143623974485148E+003
  0.100000000000000E+001  0.278947781955754E+003  0.133625777795832E+000  0.975656998891966E+000  0.116078942486368E-001  0.100611682195934E+000 -0.131028262406404E+000 -0.139473890977877E+003
  0.100000000000000E+001  0.290187394591319E+003  0.991941083798195E+000  0.903282752498496E+000  0.807963024366130E+000  0.462650481683866E+000 -0.131028262406404E+000 -0.145093697295659E+003
  0.100000000000000E+001  0.292553255023415E+003  0.197315098472873E+001  0.130001562079713E+001  0.712568662971435E+000  0.219814528156352E+000 -0.131028262406404E+000 -0.146276627511707E+003
  0.100000000000000E+001  0.286087840360500E+003  0.133789803351249E+001  0.189686961920271E+001  0.281059885697280E-001  0.200374027356812E+000 -0.131028262406404E+000 -0.143043920180250E+003
  0.100000000000000E+001  0.298179263040685E+003  0.148349342522333E+001  0.117742688598893E+001  0.566705806038073E+000  0.430824330497461E+000 -0.131028262406404E+000 -0.149089631520343E+003
  0.100000000000000E+001  0.284665556423048E+003  0.751490362514849E+000  0.134237300788454E+001  0.988680072575412E+000  0.310436131400165E+000 -0.131028262406404E+000 -0.142332778211524E+003
  0.100000000000000E+001  0.293142587169472E+003  0.137505034804532E+001  0.172972088869183E+001  0.503318109906631E+000  0.364122794865740E+000 -0.131028262406404E+000 -0.146571293584736E+003
  0.100000000000000E+001  0.281369914620980E+003  0.573649765993477E+000  0.198421976409016E+001  0.799348691238330E+000  0.198075567526440E+000 -0.131028262406404E+000 -0.140684957310490E+003
  0.100000000000000E+001  0.297840835869375E+003  0.171862140344083E+001  0.187522712873678E+001  0.853257048366436E+000  0.368678844294759E+000 -0.131028262406404E+000 -0.148920417934687E+003
  0.100000000000000E+001  0.287344848667401E+003  0.101613596097828E+001  0.564357931184165E+000  0.870295579821018E+000  0.370189382984287E+000 -0.131028262406404E+000 -0.143672424333701E+003
  0.100000000000000E+001  0.285410484537951E+003  0.133062616756755E+001  0.168783840642697E+001  0.242757347738403E+000  0.181656196240037E+000 -0.131028262406404E+000 -0.142705242268976E+003
  0.100000000000000E+001  0.279868055169842E+003  0.431307961599167E+000  0.979586926024397E+000  0.409468684546489E+000  0.118120031206276E+000 -0.131028262406404E+000 -0.139934027584921E+003
  0.100000000000000E+001  0.291324226371023E+003  0.131384020535631E+001  0.575096866938150E+000  0.950756565458996E+000  0.394667199371942E+000 -0.131028262406404E+000 -0.145662113185511E+003
  0.100000000000000E+001  0.282191356884171E+003  0.117658432152276E+001  0.930796470099547E+000  0.362365390373851E+000  0.115083690257879E+000 -0.131028262406404E+000 -0.141095678442086E+003
  0.100000000000000E+001  0.283289827517265E+003  0.984862612544194E+000  0.135869036858192E+001  0.257822988982578E+000  0.176795067011705E+000 -0.131028262406404E+000 -0.141644913758633E+003
  0.100000000000000E+001  0.291019297737235E+003  0.176307948131474E+001  0.182277235321200E+001  0.841139183975831E+000  0.230631490464821E+000 -0.131028262406404E+000 -0.145509648868618E+003
  0.100000000000000E+001  0.280976333947684E+003  0.319739679568986E+000  0.580397361505720E+000  0.746787188739070E+000  0.373571005839610E+000 -0.131028262406404E+000 -0.140488166973842E+003
  0.100000000000000E+001  0.288845076935187E+003  0.933929800082688E+000  0.109231089835307E+001  0.609386574052176E+000  0.418389490601309E+000 -0.131028262406404E+000 -0.144422538467593E+003
  0.100000000000000E+001  0.286006724089293E+003  0.103082508424586E+001  0.670360097300163E+000  0.368205212069657E+000  0.282810957851753E+000 -0.131028262406404E+000 -0.143003362044647E+003
  0.100000000000000E+001  0.290406636947015E+003  0.196989349035258E+001  0.540808047356215E+000  0.827711155971500E+000  0.205241009552532E+000 -0.131028262406404E+000 -0.145203318473508E+003
  0.100000000000000E+001  0.289563968974875E+003  0.130360370810972E+001  0.543908490374557E+000  0.179475863339407E+000  0.336450832793443E+000 -0.131028262406404E+000 -0.144781984487437E+003
  0.100000000000000E+001  0.284133195612256E+003  0.629211829499469E+000  0.124094100876445E+001  0.907971647876688E+000  0.353700175707344E+000 -0.131028262406404E+000 -0.142066597806128E+003
  0.100000000000000E+001  0.282375619192887E+003  0.458746655452270E+000  0.130596093603266E+001  0.409040352485969E+000  0.345672096074204E+000 -0.131028262406404E+000 -0.141187809596444E+003
  0.100000000000000E+001  0.286941155497555E+003  0.132687588592922E+001  0.978506230034462E+000  0.964553349479153E+000  0.221279112694366E+000 -0.131028262406404E+000 -0.143470577748777E+003
  0.100000000000000E+001  0.295579858175312E+003  0.162200324267221E+001  0.991752876991888E+000  0.796830548005816E+000  0.341249359141838E+000 -0.131028262406404E+000 -0.147789929087656E+003
  0.100000000000000E+001  0.285049542757985E+003  0.121009391603522E+001  0.159711457829149E+001  0.111716428608529E+000  0.190983411978804E+000 -0.131028262406404E+000 -0.142524771378992E+003
  0.100000000000000E+001  0.285744615940308E+003  0.196513187741719E+001  0.154375014267271E+001  0.929924969980355E+000  0.124723681034338E+000 -0.131028262406404E+000 -0.142872307970154E+003
  0.100000000000000E+001  0.288361699164326E+003  0.969082522525805E+000  0.199682416140531E+001  0.180609969569101E+000  0.441492649364558E+000 -0.131028262406404E+000 -0.144180849582163E+003
  0.100000000000000E+001  0.286745345081739E+003  0.122120518559826E+001  0.887913358519375E+000  0.208546463427942E+000  0.240923976525907E+000 -0.131028262406404E+000 -0.143372672540870E+003
  0.100000000000000E+001  0.279826119325580E+003  0.188044354785936E+000  0.543256774089937E+000  0.533959486273277E+000  0.323857595407544E+000 -0.131028262406404E+000 -0.139913059662790E+003
  0.100000000000000E+001  0.298704763379172E+003  0.167478319268719E+001  0.161317629539750E+001  0.820748789797785E+000  0.376735182906648E+000 -0.131028262406404E+000 -0.149352381689586E+003
  0.100000000000000E+001  0.282038315820756E+003  0.371454821532662E+000  0.158061261209207E+001  0.504153609598725E+000  0.432865020075263E+000 -0.131028262406404E+000 -0.141019157910378E+003
  0.100000000000000E+001  0.293562696062991E+003  0.135812019059345E+001  0.132525339714276E+001  0.662170707273055E+000  0.366330646281602E+000 -0.131028262406404E+000 -0.146781348031496E+003
  0.100000000000000E+001  0.288867601608758E+003  0.167365355690524E+001  0.668076356666243E+000  0.534196477857689E+000  0.213830475222975E+000 -0.131028262406404E+000 -0.144433800804379E+003
  0.100000000000000E+001  0.284112295226033E+003  0.731272795224325E+000  0.158907294380813E+001  0.911152267534480E+000  0.294110761455032E+000 -0.131028262406404E+000 -0.142056147613017E+003
  0.100000000000000E+001  0.294588012819081E+003  0.124359252742581E+001  0.175184469899580E+001  0.960674405492577E+000  0.482635627416513E+000 -0.131028262406404E+000 -0.147294006409541E+003
  0.100000000000000E+001  0.284293311751228E+003  0.145979776426642E+001  0.151060890608374E+001  0.918301852067664E+000  0.139205511338478E+000 -0.131028262406404E+000 -0.142146655875614E+003
  0.100000000000000E+001  0.290854679341402E+003  0.130407232366482E+001  0.127186543712410E+001  0.969463540906445E+000  0.317838930820447E+000 -0.131028262406404E+000 -0.145427339670701E+003
  0.100000000000000E+001  0.289681091403951E+003  0.113924143430782E+001  0.187421032698533E+001  0.174444067546723E+000  0.369872998355661E+000 -0.131028262406404E+000 -0.144840545701976E+003
  0.100000000000000E+001  0.303421065541241E+003  0.166471358060911E+001  0.127277519091526E+001  0.317715856946970E-001  0.462365751603199E+000 -0.131028262406404E+000 -0.151710532770620E+003
  0.100000000000000E+001  0.284510820389434E+003  0.138077806204634E+001  0.125195399955821E+001  0.585582516731953E+000  0.152648380159224E+000 -0.131028262406404E+000 -0.142255410194717E+003
  0.100000000000000E+001  0.300105764830255E+003  0.161705994170387E+001  0.148406989385910E+001  0.113238729318079E+000  0.417518621242952E+000 -0.131028262406404E+000 -0.150052882415128E+003
  0.100000000000000E+001  0.279743774680477E+003  0.242074761602211E+000  0.566229439752190E+000  0.322354859594618E+000  0.207275780995037E+000 -0.131028262406404E+000 -0.139871887340238E+003
  0.100000000000000E+001  0.285195115170659E+003  0.104903843138550E+001  0.525207538137910E+000  0.710990006077565E+000  0.252404592666522E+000 -0.131028262406404E+000 -0.142597557585330E+003
  0.100000000000000E+001  0.283512649405627E+003  0.953692785199829E+000  0.169208818511349E+001  0.979074833343477E+000  0.193145671635962E+000 -0.131028262406404E+000 -0.141756324702813E+003
  0.100000000000000E+001  0.297264959963962E+003  0.182203372660097E+001  0.195793110532293E+001  0.253474947725131E+000  0.336321337665892E+000 -0.131028262406404E+000 -0.148632479981981E+003
  0.100000000000000E+001  0.279945792218770E+003  0.398043064344013E+000  0.641891468473865E+000  0.931647425423288E+000  0.138987620178414E+000 -0.131028262406404E+000 -0.139972896109385E+003
  0.100000000000000E+001  0.286235931218893E+003  0.179221390160811E+001  0.879195742557294E+000  0.676272507178246E+000  0.147279263529946E+000 -0.131028262406404E+000 -0.143117965609447E+003
  0.100000000000000E+001  0.293148089324123E+003  0.178225794515051E+001  0.161564744847687E+001  0.175964324613475E+000  0.257440329365801E+000 -0.131028262406404E+000 -0.146574044662062E+003
  0.100000000000000E+001  0.295501517966894E+003  0.198908298007922E+001  0.752991552159926E+000  0.618307845103772E+000  0.274987664429055E+000 -0.131028262406404E+000 -0.147750758983447E+003
  0.100000000000000E+001  0.287008074671596E+003  0.115118416540013E+001  0.927108704898218E+000  0.566245971548600E+000  0.265541886366281E+000 -0.131028262406404E+000 -0.143504037335798E+003
  0.100000000000000E+001  0.288920717634040E+003  0.137498722857048E+001  0.165186907714602E+001  0.253457563274593E+000  0.256364180667058E+000 -0.131028262406404E+000 -0.144460358817020E+003
  0.100000000000000E+001  0.280476702629656E+003  0.407626466013724E+000  0.137453738639553E+001  0.526802704016250E+000  0.186134473925629E+000 -0.131028262406404E+000 -0.140238351314828E+003
  0.100000000000000E+001  0.294066618709802E+003  0.184386199374651E+001  0.109256181108886E+001  0.540520152266152E+000  0.262788914913832E+000 -0.131028262406404E+000 -0.147033309354901E+003
  0.100000000000000E+001  0.285927342898500E+003  0.171481496770461E+001  0.102814619106378E+001  0.359010339908467E+000  0.147824276483891E+000 -0.131028262406404E+000 -0.142963671449250E+003
  0.100000000000000E+001  0.305910624770367E+003  0.180009269896709E+001  0.157744119710264E+001  0.365336313728841E+000  0.462851668492114E+000 -0.131028262406404E+000 -0.152955312385183E+003
  0.100000000000000E+001  0.279288259957510E+003  0.270637081899558E+000  0.920195057298599E+000  0.722699738875006E+000  0.101866122868216E+000 -0.131028262406404E+000 -0.139644129978755E+003
  0.100000000000000E+001  0.287734175730494E+003  0.116162418474459E+001  0.179308897195722E+001  0.756265446877177E+000  0.285054166514526E+000 -0.131028262406404E+000 -0.143867087865247E+003
  0.100000000000000E+001  0.300228681804148E+003  0.175551716172907E+001  0.889613631765079E+000  0.369444156108538E-001  0.401633956940801E+000 -0.131028262406404E+000 -0.150114340902074E+003
  0.100000000000000E+001  0.290637505282888E+003  0.146184641142968E+001  0.182121551286607E+001  0.808584382144180E+000  0.281533268188385E+000 -0.131028262406404E+000 -0.145318752641444E+003
  0.100000000000000E+001  0.282797113579491E+003  0.927044192141599E+000  0.587570770593463E+000  0.468102711923932E+000  0.177911455717212E+000 -0.131028262406404E+000 -0.141398556789745E+003
  0.100000000000000E+001  0.286618079064765E+003  0.148225709316144E+001  0.945367856522082E+000  0.586229155664331E+000  0.188701733763937E+000 -0.131028262406404E+000 -0.143309039532382E+003
  0.100000000000000E+001  0.292434790334330E+003  0.126095470372878E+001  0.114113696068980E+001  0.775942118124280E+000  0.378694482948501E+000 -0.131028262406404E+000 -0.146217395167165E+003
  0.100000000000000E+001  0.281127749410112E+003  0.474483385050684E+000  0.516481512427164E+000  0.822281992774056E+000  0.233825106576280E+000 -0.131028262406404E+000 -0.140563874705056E+003
  0.100000000000000E+001  0.279574366316667E+003  0.119478060251170E+000  0.765127534419316E+000  0.540301756040010E+000  0.414694263978805E+000 -0.131028262406404E+000 -0.139787183158334E+003
  0.100000000000000E+001  0.281448768714527E+003  0.339709212905198E+000  0.183432919600989E+001  0.619315564651618E-001  0.418371220427792E+000 -0.131028262406404E+000 -0.140724384357264E+003
  0.100000000000000E+001  0.281466695513662E+003  0.491931892442954E+000  0.571406496178223E+000  0.618926168478831E+000  0.256558976605045E+000 -0.131028262406404E+000 -0.140733347756831E+003
  0.100000000000000E+001  0.288559006690138E+003  0.155653070850651E+001  0.192369551030770E+001  0.236699235683575E+000  0.220582147608846E+000 -0.131028262406404E+000 -0.144279503345069E+003
  0.100000000000000E+001  0.283079957993376E+003  0.105820921414585E+001  0.129330636422678E+001  0.881623620325721E+000  0.156912717691246E+000 -0.131028262406404E+000 -0.141539978996688E+003
  0.100000000000000E+001  0.282880760420232E+003  0.499214163396311E+000  0.103300566600941E+001  0.254929573739301E+000  0.365695829386415E+000 -0.131028262406404E+000 -0.141440380210116E+003
  0.100000000000000E+001  0.286675676587930E+003  0.187980411147477E+001  0.124570395907825E+001  0.856023117298961E+000  0.145209533079106E+000 -0.131028262406404E+000 -0.143337838293965E+003
  0.100000000000000E+001  0.289939191123436E+003  0.148829261053848E+001  0.587715767088015E+000  0.575205820298941E-002  0.281878504410170E+000 -0.131028262406404E+000 -0.144969595561718E+003
  0.100000000000000E+001  0.279463683686518E+003  0.103692613479322E+000  0.173479474518732E+001  0.561412812690405E+000  0.447072765310893E+000 -0.131028262406404E+000 -0.139731841843259E+003
  0.100000000000000E+001  0.284454218184272E+003  0.917199953711338E+000  0.193803278518929E+001  0.227902431748874E+000  0.248162225068153E+000 -0.131028262406404E+000 -0.142227109092136E+003
  0.100000000000000E+001  0.279816148645649E+003  0.173031537280059E+000  0.126460032972937E+001  0.257187096497875E+000  0.310436020571704E+000 -0.131028262406404E+000 -0.139908074322825E+003
  0.100000000000000E+001  0.288465184656064E+003  0.137285740874513E+001  0.169770285204554E+001  0.614391769616026E+000  0.247201240440524E+000 -0.131028262406404E+000 -0.144232592328032E+003
  0.100000000000000E+001  0.285570836887439E+003  0.140033984522603E+001  0.109859000159772E+001  0.228350186985339E+000  0.175235667400511E+000 -0.131028262406404E+000 -0.142785418443719E+003
  0.100000000000000E+001  0.301257044621242E+003  0.191472732478208E+001  0.164321667764962E+001  0.184750300013454E+000  0.353938900380460E+000 -0.131028262406404E+000 -0.150628522310621E+003
  0.100000000000000E+001  0.301157235984304E+003  0.190387486824096E+001  0.177276003423562E+001  0.784366126359743E+000  0.363906529319348E+000 -0.131028262406404E+000 -0.150578617992152E+003
  0.100000000000000E+001  0.281008850418888E+003  0.262400148635793E+000  0.129644835145319E+001  0.905104349085385E+000  0.429691626158110E+000 -0.131028262406404E+000 -0.140504425209444E+003
  0.100000000000000E+001  0.282756508398685E+003  0.557640546813284E+000  0.742055842508933E+000  0.453077969470125E+000  0.325412376174148E+000 -0.131028262406404E+000 -0.141378254199343E+003
  0.100000000000000E+001  0.280561103710638E+003  0.548996580197359E+000  0.193423345616401E+001  0.680306508455254E+000  0.144018025751971E+000 -0.131028262406404E+000 -0.140280551855319E+003
  0.100000000000000E+001  0.279708992619595E+003  0.132165954258111E+000  0.586355959697410E+000  0.496972844533878E+000  0.477066833009759E+000 -0.131028262406404E+000 -0.139854496309797E+003
  0.100000000000000E+001  0.297956045560603E+003  0.139920271793759E+001  0.162239048940696E+001  0.752548125566079E+000  0.477144377342698E+000 -0.131028262406404E+000 -0.148978022780302E+003
  0.100000000000000E+001  0.287270825349785E+003  0.144826920285863E+001  0.577128396432096E+000  0.151834472837452E+000  0.219739596573473E+000 -0.131028262406404E+000 -0.143635412674893E+003
  0.100000000000000E+001  0.286279546434935E+003  0.908802271143960E+000  0.128172310763259E+001  0.109215991429609E+000  0.313125814640985E+000 -0.131028262406404E+000 -0.143139773217467E+003
  0.100000000000000E+001  0.289489355801796E+003  0.158501198392133E+001  0.723316602612444E+000  0.158213036169298E+000  0.239843359743431E+000 -0.131028262406404E+000 -0.144744677900898E+003
  0.100000000000000E+001  0.293943338925479E+003  0.117278813049281E+001  0.167257424460155E+001  0.858349789101715E+000  0.493451252834206E+000 -0.131028262406404E+000 -0.146971669462740E+003
  0.100000000000000E+001  0.286952906966463E+003  0.744889394085044E+000  0.152681713426224E+001  0.722976819874405E+000  0.464926314043165E+000 -0.131028262406404E+000 -0.143476453483231E+003
  0.100000000000000E+001  0.283138466766047E+003  0.962193089077753E+000  0.127431230429047E+001  0.395690745616360E+000  0.175878199087416E+000 -0.131028262406404E+000 -0.141569233383023E+003
  0.100000000000000E+001  0.288011176120329E+003  0.874634542925690E+000  0.185868336349628E+001  0.317653652013365E+000  0.469631225256354E+000 -0.131028262406404E+000 -0.144005588060164E+003
  0.100000000000000E+001  0.284786262848008E+003  0.116960067068983E+001  0.188257309358348E+001  0.468673595234048E+000  0.194491466684037E+000 -0.131028262406404E+000 -0.142393131424004E+003
  0.100000000000000E+001  0.284413296677122E+003  0.104077728699268E+001  0.747168427892886E+000  0.841552084628696E-001  0.212256267004846E+000 -0.131028262406404E+000 -0.142206648338561E+003
  0.100000000000000E+001  0.284566530276620E+003  0.543689216866718E+000  0.149174843479756E+001  0.248798018230748E-001  0.497472330237227E+000 -0.131028262406404E+000 -0.142283265138310E+003
  0.100000000000000E+001  0.283524135331945E+003  0.592205057191177E+000  0.540314352731615E+000  0.211586734879668E+000  0.411278931729366E+000 -0.131028262406404E+000 -0.141762067665972E+003
  0.100000000000000E+001  0.299219579277278E+003  0.164159958288136E+001  0.107913294013252E+001  0.530879828790876E+000  0.400125894533465E+000 -0.131028262406404E+000 -0.149609789638639E+003
  0.100000000000000E+001  0.285228888914034E+003  0.612343137434738E+000  0.154410993543916E+001  0.293581339588564E+000  0.475360057772007E+000 -0.131028262406404E+000 -0.142614444457017E+003
  0.100000000000000E+001  0.291156441159699E+003  0.149973712822615E+001  0.117903576945041E+001  0.228792362269392E-002  0.275837081017153E+000 -0.131028262406404E+000 -0.145578220579849E+003
  0.100000000000000E+001  0.282726069812924E+003  0.737603365935614E+000  0.164231970650500E+001  0.202876930179841E+000  0.216644980982652E+000 -0.131028262406404E+000 -0.141363034906462E+003
  0.100000000000000E+001  0.281752613515222E+003  0.340118846983956E+000  0.101363211710267E+001  0.959283565548891E-001  0.429113569278064E+000 -0.131028262406404E+000 -0.140876306757611E+003
  0.100000000000000E+001  0.298124250211435E+003  0.161956138020516E+001  0.988019635333532E+000  0.241165488965527E+000  0.393576221360468E+000 -0.131028262406404E+000 -0.149062125105717E+003
  0.100000000000000E+001  0.284903645382617E+003  0.112825375160698E+001  0.512108649908703E+000  0.478293673110550E+000  0.218388890959274E+000 -0.131028262406404E+000 -0.142451822691308E+003
  0.100000000000000E+001  0.296880816227477E+003  0.173917373504497E+001  0.652204290651165E+000  0.633396534226041E+000  0.375025853082813E+000 -0.131028262406404E+000 -0.148440408113739E+003
  0.100000000000000E+001  0.285054318407054E+003  0.165145438426085E+001  0.107021170745146E+001  0.875077741316214E+000  0.137267450705740E+000 -0.131028262406404E+000 -0.142527159203527E+003
  0.100000000000000E+001  0.289929066692880E+003  0.978892181184667E+000  0.925670487461505E+000  0.592187207332704E+000  0.456180880629252E+000 -0.131028262406404E+000 -0.144964533346440E+003
  0.100000000000000E+001  0.287233247711395E+003  0.869787219810185E+000  0.133101667738723E+001  0.757247611276539E-001  0.375120268918835E+000 -0.131028262406404E+000 -0.143616623855698E+003
  0.100000000000000E+001  0.293796015147860E+003  0.141561266942329E+001  0.614213250247823E+000  0.451731862425993E+000  0.426506984788909E+000 -0.131028262406404E+000 -0.146898007573930E+003
  0.100000000000000E+001  0.287818277551588E+003  0.178020688769168E+001  0.149934335290019E+001  0.228726120887682E+000  0.172405569296188E+000 -0.131028262406404E+000 -0.143909138775794E+003
  0.100000000000000E+001  0.290392154609052E+003  0.122828927765664E+001  0.868763521911406E+000  0.205665160149310E+000  0.351078333769242E+000 -0.131028262406404E+000 -0.145196077304526E+003
  0.100000000000000E+001  0.286232946440476E+003  0.194264927875396E+001  0.180349337625647E+001  0.881321120151331E+000  0.134536416995433E+000 -0.131028262406404E+000 -0.143116473220238E+003
  0.100000000000000E+001  0.301348416594615E+003  0.181893457349063E+001  0.837771242609611E+000  0.686905561883079E-001  0.409886520498936E+000 -0.131028262406404E+000 -0.150674208297308E+003
  0.100000000000000E+001  0.279129633475563E+003  0.105106467846470E+000  0.173491236272310E+001  0.867644757795947E+000  0.211820893239930E+000 -0.131028262406404E+000 -0.139564816737782E+003
  0.100000000000000E+001  0.279934068833407E+003  0.351340943652131E+000  0.150033812035429E+001  0.278277993322532E+000  0.153739002921044E+000 -0.131028262406404E+000 -0.139967034416704E+003
  0.100000000000000E+001  0.294344962929033E+003  0.127617039679488E+001  0.143750068740532E+001  0.681989258824077E+000  0.422425968489433E+000 -0.131028262406404E+000 -0.147172481464517E+003
  0.100000000000000E+001  0.296216957386878E+003  0.170215702564416E+001  0.539257205845405E+000  0.436594944330127E+000  0.397841043000326E+000 -0.131028262406404E+000 -0.148108478693439E+003
  0.100000000000000E+001  0.285153916825370E+003  0.880612954117262E+000  0.190215939109313E+001  0.902584423270294E+000  0.294374154264358E+000 -0.131028262406404E+000 -0.142576958412685E+003
  0.100000000000000E+001  0.281373111195898E+003  0.321439465482825E+000  0.128900160401642E+001  0.705684786543485E+000  0.384866493031103E+000 -0.131028262406404E+000 -0.140686555597949E+003
  0.100000000000000E+001  0.292070437738117E+003  0.121785705813457E+001  0.795211226023248E+000  0.325931577295870E+000  0.423323929263524E+000 -0.131028262406404E+000 -0.146035218869059E+003
  0.100000000000000E+001  0.307330449109992E+003  0.198505993576234E+001  0.147030131938113E+001  0.383051985216815E+000  0.415457472494855E+000 -0.131028262406404E+000 -0.153665224554996E+003
  0.100000000000000E+001  0.289677261751609E+003  0.107734264184469E+001  0.158274533238219E+001  0.305619148284308E+000  0.373450832436542E+000 -0.131028262406404E+000 -0.144838630875804E+003
  0.100000000000000E+001  0.282644159208365E+003  0.804495588126820E+000  0.181352191131968E+001  0.547695352202149E+000  0.194887405945058E+000 -0.131028262406404E+000 -0.141322079604183E+003
  0.100000000000000E+001  0.287269575087552E+003  0.124653866355593E+001  0.156992629906351E+001  0.671652891760553E+000  0.242835262384527E+000 -0.131028262406404E+000 -0.143634787543776E+003
  0.100000000000000E+001  0.284416950932094E+003  0.140374583825085E+001  0.188183283801014E+001  0.476646690391926E+000  0.149825173419359E+000 -0.131028262406404E+000 -0.142208475466047E+003
  0.100000000000000E+001  0.290298742099900E+003  0.102623479856203E+001  0.666629060540677E+000  0.401696235971259E+000  0.499567811306920E+000 -0.131028262406404E+000 -0.145149371049950E+003
  0.100000000000000E+001  0.285130672038790E+003  0.111298905815249E+001  0.188690343323904E+001  0.634544055626715E+000  0.217376193568185E+000 -0.131028262406404E+000 -0.142565336019395E+003
  0.100000000000000E+001  0.282315051809139E+003  0.741111427890860E+000  0.522288047550409E+000  0.225743451533072E+000  0.206712003275202E+000 -0.131028262406404E+000 -0.141157525904570E+003
  0.100000000000000E+001  0.280319750126456E+003  0.205765521152057E+000  0.162935422106503E+001  0.377449523575465E+000  0.408388410826569E+000 -0.131028262406404E+000 -0.140159875063228E+003
  0.100000000000000E+001  0.302034278413458E+003  0.190445494325593E+001  0.539557170329020E+000  0.712909182470741E+000  0.472501743219413E+000 -0.131028262406404E+000 -0.151017139206729E+003
  0.100000000000000E+001  0.280981532029691E+003  0.312438969876603E+000  0.189517715780578E+001  0.865958505947909E+000  0.372426722671935E+000 -0.131028262406404E+000 -0.140490766014846E+003
  0.100000000000000E+001  0.281764163848892E+003  0.491225099655559E+000  0.104558160465978E+001  0.304285449438875E+000  0.264111221738261E+000 -0.131028262406404E+000 -0.140882081924446E+003
  0.100000000000000E+001  0.279540727707007E+003  0.161597262264688E+000  0.176094261646172E+001  0.947702272321240E+000  0.256079037563808E+000 -0.131028262406404E+000 -0.139770363853504E+003
  0.100000000000000E+001  0.284702875983123E+003  0.127552476292524E+001  0.154703797376379E+001  0.962290613955263E-002  0.171163844200489E+000 -0.131028262406404E+000 -0.142351437991562E+003
  0.100000000000000E+001  0.281428554490974E+003  0.421362133921867E+000  0.135066456314293E+001  0.955502097684226E+000  0.277118001266516E+000 -0.131028262406404E+000 -0.140714277245487E+003
  0.100000000000000E+001  0.289876534030263E+003  0.195510911089458E+001  0.722589441576944E+000  0.903303445538648E+000  0.192607511476531E+000 -0.131028262406404E+000 -0.144938267015132E+003
  0.100000000000000E+001  0.287563997200099E+003  0.968503748316474E+000  0.105887187990959E+001  0.947935566727732E+000  0.345774504214933E+000 -0.131028262406404E+000 -0.143781998600050E+003
  0.100000000000000E+001  0.282343506396626E+003  0.137487215374258E+001  0.124607967580411E+001  0.441214531853751E+000  0.101279900926327E+000 -0.131028262406404E+000 -0.141171753198313E+003
  0.100000000000000E+001  0.302244178361603E+003  0.168907900171072E+001  0.816783724342317E+000  0.183550687197267E+000  0.481753997010730E+000 -0.131028262406404E+000 -0.151122089180802E+003
  0.100000000000000E+001  0.310919263834269E+003  0.194065944563031E+001  0.147665769860126E+001  0.305962175240408E+000  0.485293511781144E+000 -0.131028262406404E+000 -0.155459631917134E+003
  0.100000000000000E+001  0.281766917053339E+003  0.373074377263941E+000  0.153053519699410E+001  0.270021956502871E+000  0.377475538391513E+000 -0.131028262406404E+000 -0.140883458526669E+003
  0.100000000000000E+001  0.291595801608805E+003  0.146599089296588E+001  0.953377167197445E+000  0.782929078371591E+000  0.301255065097871E+000 -0.131028262406404E+000 -0.145797900804402E+003
  0.100000000000000E+001  0.279641893074122E+003  0.330978271522479E+000  0.998780686778867E+000  0.909457744845334E+000  0.127263865733715E+000 -0.131028262406404E+000 -0.139820946537061E+003
  0.100000000000000E+001  0.295483405772893E+003  0.190906690092556E+001  0.988791304382594E+000  0.176111244290212E+000  0.276259560313659E+000 -0.131028262406404E+000 -0.147741702886446E+003
  0.100000000000000E+001  0.279015591183141E+003  0.123570432198303E+000  0.985177567888383E+000  0.990752724830005E+000  0.133296926077497E+000 -0.131028262406404E+000 -0.139507795591570E+003
  0.100000000000000E+001  0.284474990621344E+003  0.140603684617899E+001  0.735347966991669E+000  0.697966759882374E+000  0.152297091111265E+000 -0.131028262406404E+000 -0.142237495310672E+003
  0.100000000000000E+001  0.291315485471335E+003  0.141442465424495E+001  0.107323205506328E+001  0.406289613964050E+000  0.302839290652355E+000 -0.131028262406404E+000 -0.145657742735667E+003
  0.100000000000000E+001  0.290143450768747E+003  0.175006531153298E+001  0.842303232458155E+000  0.386490779329682E+000  0.220609289259607E+000 -0.131028262406404E+000 -0.145071725384373E+003
  0.100000000000000E+001  0.287173727588219E+003  0.193419798811478E+001  0.511293509631152E+000  0.166643664749855E+000  0.154991212199644E+000 -0.131028262406404E+000 -0.143586863794110E+003
  0.100000000000000E+001  0.281174605134909E+003  0.324310886690195E+000  0.181124703783600E+001  0.334907908852039E+000  0.380222781813595E+000 -0.131028262406404E+000 -0.140587302567455E+003
  0.100000000000000E+001  0.287696286475829E+003  0.147536022345077E+001  0.159972763670527E+001  0.126097007769939E+000  0.209841917192125E+000 -0.131028262406404E+000 -0.143848143237915E+003
  0.100000000000000E+001  0.287305663894561E+003  0.110117405779173E+001  0.704711055695846E+000  0.534579096625344E+000  0.306912941898183E+000 -0.131028262406404E+000 -0.143652831947281E+003
  0.100000000000000E+001  0.281749768228034E+003  0.411637584841503E+000  0.678591150799802E+000  0.904710862528906E+000  0.360309133604316E+000 -0.131028262406404E+000 -0.140874884114017E+003
  0.100000000000000E+001  0.283264367837143E+003  0.468129385447857E+000  0.726015990949303E+000  0.499055873683540E-001  0.495918804914207E+000 -0.131028262406404E+000 -0.141632183918571E+003
  0.100000000000000E+001  0.288004594917891E+003  0.906197270134988E+000  0.160108646569003E+001  0.632703089583043E+000  0.400369312743217E+000 -0.131028262406404E+000 -0.144002297458945E+003
  0.100000000000000E+001  0.280502768023458E+003  0.257034696482094E+000  0.105171002928406E+001  0.289923538170919E+000  0.329052225503899E+000 -0.131028262406404E+000 -0.140251384011729E+003
  0.100000000000000E+001  0.295618533134361E+003  0.129787344726230E+001  0.177088914832612E+001  0.734751869737191E+000  0.488602804418229E+000 -0.131028262406404E+000 -0.147809266567180E+003
  0.100000000000000E+001  0.284129367623133E+003  0.154822077587713E+001  0.191090806383409E+001  0.637929208118650E+000  0.128925657472543E+000 -0.131028262406404E+000 -0.142064683811567E+003
  0.100000000000000E+001  0.285857020025719E+003  0.101786992520757E+001  0.190568084063065E+001  0.175506384266689E+000  0.271504450892335E+000 -0.131028262406404E+000 -0.142928510012860E+003
  0.100000000000000E+001  0.288936126005889E+003  0.115386592710578E+001  0.108013428212244E+001  0.267320730425206E+000  0.318604860181923E+000 -0.131028262406404E+000 -0.144468063002944E+003
  0.100000000000000E+001  0.281771890701459E+003  0.789952149468723E+000  0.872413639728226E+000  0.242085563635343E+000  0.156447506961769E+000 -0.131028262406404E+000 -0.140885945350730E+003
  0.100000000000000E+001  0.283955944618476E+003  0.134078415791958E+001  0.114235842598808E+001  0.501425834285432E+000  0.144323862341765E+000 -0.131028262406404E+000 -0.141977972309238E+003
  0.100000000000000E+001  0.282301998155417E+003  0.414613063319753E+000  0.148863063613056E+001  0.557169570572137E+000  0.394112826289889E+000 -0.131028262406404E+000 -0.141150999077708E+003
  0.100000000000000E+001  0.286553666290012E+003  0.137228536201509E+001  0.987202603628802E+000  0.121200386047443E+000  0.203545262371029E+000 -0.131028262406404E+000 -0.143276833145006E+003
  0.100000000000000E+001  0.280832963530170E+003  0.621652653065341E+000  0.140113865897071E+001  0.724908917209577E+000  0.141211837132648E+000 -0.131028262406404E+000 -0.140416481765085E+003
  0.100000000000000E+001  0.289089618824696E+003  0.156022503082017E+001  0.163702359521669E+001  0.692860283669798E+000  0.224428384277520E+000 -0.131028262406404E+000 -0.144544809412348E+003
  0.100000000000000E+001  0.294790135469786E+003  0.178641171796948E+001  0.699506544844193E+000  0.401971152584138E+000  0.309043861406101E+000 -0.131028262406404E+000 -0.147395067734893E+003
  0.100000000000000E+001  0.288202294676471E+003  0.125615021830640E+001  0.141142326745657E+001  0.741845504017448E+000  0.263351829810304E+000 -0.131028262406404E+000 -0.144101147338235E+003
  0.100000000000000E+001  0.286995658920137E+003  0.107954398127318E+001  0.953665943001509E+000  0.372196049610684E+000  0.285879247424182E+000 -0.131028262406404E+000 -0.143497829460069E+003
  0.100000000000000E+001  0.296735113664532E+003  0.152879855869952E+001  0.163813716561554E+001  0.706170624059439E+000  0.387463945577412E+000 -0.131028262406404E+000 -0.148367556832266E+003
  0.100000000000000E+001  0.282502466040965E+003  0.128158672735220E+001  0.849606982935835E+000  0.229547980413710E-001  0.114034497898714E+000 -0.131028262406404E+000 -0.141251233020483E+003
  0.100000000000000E+001  0.281664265886753E+003  0.769196105324582E+000  0.141704676471222E+001  0.963282359001622E+000  0.153523369886501E+000 -0.131028262406404E+000 -0.140832132943377E+003
  0.100000000000000E+001  0.289630833195995E+003  0.115133487198432E+001  0.120988690039198E+001  0.433923282950598E+000  0.336598546984263E+000 -0.131028262406404E+000 -0.144815416597997E+003
  0.100000000000000E+001  0.282548667562546E+003  0.405763767351077E+000  0.145600049088686E+001  0.957153731102721E+000  0.444038835178945E+000 -0.131028262406404E+000 -0.141274333781273E+003
  0.100000000000000E+001  0.287373922289513E+003  0.134707533323041E+001  0.178903213151186E+001  0.563315269052730E+000  0.228416689964808E+000 -0.131028262406404E+000 -0.143686961144757E+003
  0.100000000000000E+001  0.285674424487253E+003  0.847293356143573E+000  0.554826157879266E+000  0.430422302944453E+000  0.375997163466856E+000 -0.131028262406404E+000 -0.142837212243626E+003
  0.100000000000000E+001  0.289999719802762E+003  0.152504610583828E+001  0.161919922805554E+001  0.103090745228406E+000  0.248147559606544E+000 -0.131028262406404E+000 -0.144999859901381E+003
  0.100000000000000E+001  0.282475776876716E+003  0.101426013174138E+001  0.105789490491193E+001  0.571668644192491E+000  0.143989773751294E+000 -0.131028262406404E+000 -0.141237888438358E+003
  0.100000000000000E+001  0.285608531949749E+003  0.109835809536310E+001  0.186128007795484E+001  0.703979733023044E+000  0.236169424362719E+000 -0.131028262406404E+000 -0.142804265974874E+003
  0.100000000000000E+001  0.295139728227207E+003  0.146112541605299E+001  0.508197050726556E+000  0.148695964111795E+000  0.493024765879556E+000 -0.131028262406404E+000 -0.147569864113604E+003
  0.100000000000000E+001  0.281419553545584E+003  0.289128290897410E+000  0.134512530706720E+001  0.302224879039129E-001  0.465925241439931E+000 -0.131028262406404E+000 -0.140709776772792E+003
  0.100000000000000E+001  0.281067512712162E+003  0.793060897618637E+000  0.866755190026807E+000  0.254975820904526E+000  0.121734518744916E+000 -0.131028262406404E+000 -0.140533756356081E+003
  0.100000000000000E+001  0.285835660480011E+003  0.181564885707263E+001  0.677797799863622E+000  0.986235376703665E+000  0.140094240243973E+000 -0.131028262406404E+000 -0.142917830240006E+003
  0.100000000000000E+001  0.282642597039400E+003  0.791084024479767E+000  0.157727044275991E+001  0.762029804351255E+000  0.195543904311405E+000 -0.131028262406404E+000 -0.141321298519700E+003
  0.100000000000000E+001  0.282591373587300E+003  0.117085364355544E+001  0.168122769194830E+001  0.381374279644472E+000  0.127245469093865E+000 -0.131028262406404E+000 -0.141295686793650E+003
  0.100000000000000E+001  0.279173863597449E+003  0.148344732731788E+000  0.882412488371940E+000  0.272547748129428E+000  0.158216134880251E+000 -0.131028262406404E+000 -0.139586931798725E+003
  0.100000000000000E+001  0.282719262258563E+003  0.804431619649719E+000  0.813442062203404E+000  0.794865665011285E+000  0.200277121842697E+000 -0.131028262406404E+000 -0.141359631129281E+003
  0.100000000000000E+001  0.282211399397973E+003  0.550814488414075E+000  0.151322711283870E+001  0.893066682785545E+000  0.263298735028713E+000 -0.131028262406404E+000 -0.141105699698987E+003
  0.100000000000000E+001  0.286962506265634E+003  0.909868482723966E+000  0.621138433625141E+000  0.693288009143419E+000  0.403354305412212E+000 -0.131028262406404E+000 -0.143481253132817E+003
  0.100000000000000E+001  0.288619303292374E+003  0.102332806355060E+001  0.610686626763122E+000  0.135539889035742E+000  0.425988839362100E+000 -0.131028262406404E+000 -0.144309651646187E+003
  0.100000000000000E+001  0.290280912600223E+003  0.197123642974852E+001  0.122454405199966E+001  0.564883892222983E+000  0.189495427771423E+000 -0.131028262406404E+000 -0.145140456300112E+003
  0.100000000000000E+001  0.283288055618146E+003  0.456580746040078E+000  0.121742171175035E+001  0.750879673650119E+000  0.457216454569282E+000 -0.131028262406404E+000 -0.141644027809073E+003
  0.100000000000000E+001  0.281542947939653E+003  0.103209317111630E+001  0.112464680531749E+001  0.903675066539746E+000  0.108882374015303E+000 -0.131028262406404E+000 -0.140771473969827E+003
  0.100000000000000E+001  0.283475628353505E+003  0.504393160498477E+000  0.103693332281758E+001  0.111565106598422E+000  0.422453359092284E+000 -0.131028262406404E+000 -0.141737814176752E+003
  0.100000000000000E+001  0.297389345254014E+003  0.159149929846450E+001  0.133165537319486E+001  0.234440586006401E+000  0.371247425352025E+000 -0.131028262406404E+000 -0.148694672627007E+003
  0.100000000000000E+001  0.281672108440898E+003  0.116450136421359E+001  0.196814884053631E+001  0.937859124237362E+000  0.100890004676177E+000 -0.131028262406404E+000 -0.140836054220449E+003
  0.100000000000000E+001  0.279778808263858E+003  0.220178214799841E+000  0.789915174242227E+000  0.262738535805299E-001  0.232686535593728E+000 -0.131028262406404E+000 -0.139889404131929E+003
  0.100000000000000E+001  0.295558615880657E+003  0.143888137087218E+001  0.182441660468253E+001  0.574602060517227E+000  0.414966439182639E+000 -0.131028262406404E+000 -0.147779307940329E+003
  0.100000000000000E+001  0.297148061782152E+003  0.160665026223252E+001  0.169077250495253E+001  0.924665328535564E+000  0.373106609428685E+000 -0.131028262406404E+000 -0.148574030891076E+003
  0.100000000000000E+001  0.280860944374316E+003  0.470835091753999E+000  0.148520595315707E+001  0.819798468004833E+000  0.192910079417264E+000 -0.131028262406404E+000 -0.140430472187158E+003
  0.100000000000000E+001  0.287189080543864E+003  0.773037606243497E+000  0.103245733185204E+001  0.962629936793766E+000  0.453485615596219E+000 -0.131028262406404E+000 -0.143594540271932E+003
  0.100000000000000E+001  0.292683795319778E+003  0.156552089477886E+001  0.117060793235828E+001  0.489383597775595E+000  0.291472742148330E+000 -0.131028262406404E+000 -0.146341897659889E+003
  0.100000000000000E+001  0.301391980963601E+003  0.193910065558859E+001  0.103287072640002E+001  0.294131339364145E-002  0.355456517083453E+000 -0.131028262406404E+000 -0.150695990481801E+003
  0.100000000000000E+001  0.286766392728729E+003  0.152050528115863E+001  0.172543952279670E+001  0.539584753286086E+000  0.185378537724950E+000 -0.131028262406404E+000 -0.143383196364364E+003
  0.100000000000000E+001  0.286698078129149E+003  0.197060393455607E+001  0.117756833483671E+001  0.152299865625916E+000  0.138683314428477E+000 -0.131028262406404E+000 -0.143349039064574E+003
  0.100000000000000E+001  0.286278354462519E+003  0.133438391082932E+001  0.612944938747013E+000  0.201194577744274E+000  0.213279774513178E+000 -0.131028262406404E+000 -0.143139177231259E+003
  0.100000000000000E+001  0.297545356803339E+003  0.150945720379496E+001  0.743590176643949E+000  0.945485623048235E+000  0.463767565888568E+000 -0.131028262406404E+000 -0.148772678401669E+003
  0.100000000000000E+001  0.281927581138135E+003  0.548611824669189E+000  0.752417273633898E+000  0.667543542081490E+000  0.254578396966056E+000 -0.131028262406404E+000 -0.140963790569068E+003
  0.100000000000000E+001  0.281610299669320E+003  0.455376209295407E+000  0.102675237677765E+001  0.502906969870281E+000  0.274575942089717E+000 -0.131028262406404E+000 -0.140805149834660E+003
  0.100000000000000E+001  0.289857907366344E+003  0.140908918664763E+001  0.543877582189286E+000  0.485475661283136E+000  0.308101398839101E+000 -0.131028262406404E+000 -0.144928953683172E+003
  0.100000000000000E+001  0.287244108159049E+003  0.146984846767779E+001  0.146947051686605E+001  0.800160308669537E-001  0.200485889840154E+000 -0.131028262406404E+000 -0.143622054079525E+003
  0.100000000000000E+001  0.285073142910604E+003  0.839337181573027E+000  0.139425043525596E+001  0.705465180052950E+000  0.289868675326574E+000 -0.131028262406404E+000 -0.142536571455302E+003
  0.100000000000000E+001  0.280428540970339E+003  0.186093615533228E+000  0.127177273549815E+001  0.950477537252298E+000  0.495188795288806E+000 -0.131028262406404E+000 -0.140214270485170E+003
  0.100000000000000E+001  0.299225485932104E+003  0.174896080515327E+001  0.154023546105103E+001  0.684475358676051E+000  0.360914341160724E+000 -0.131028262406404E+000 -0.149612742966052E+003
  0.100000000000000E+001  0.292366666817703E+003  0.120633859277959E+001  0.967246694503648E+000  0.785884882618836E+000  0.414355417511219E+000 -0.131028262406404E+000 -0.146183333408851E+003
  0.100000000000000E+001  0.279682443136565E+003  0.430581978547880E+000  0.108909711681713E+001  0.892309616957482E+000  0.100520015650830E+000 -0.131028262406404E+000 -0.139841221568282E+003
  0.100000000000000E+001  0.288863918289282E+003  0.120905514556997E+001  0.145315781170635E+001  0.142892752446349E+000  0.293965398789706E+000 -0.131028262406404E+000 -0.144431959144641E+003
  0.100000000000000E+001  0.285447437183413E+003  0.130661426883932E+001  0.116962594181740E+001  0.605269385120272E+000  0.185390701738947E+000 -0.131028262406404E+000 -0.142723718591706E+003
  0.100000000000000E+001  0.294020729465270E+003  0.180943778644789E+001  0.120792752538231E+001  0.535341532940529E+000  0.265557900608379E+000 -0.131028262406404E+000 -0.147010364732635E+003
  0.100000000000000E+001  0.279914316098089E+003  0.238164404553776E+000  0.133631078299276E+001  0.421733620778464E+000  0.231493005126353E+000 -0.131028262406404E+000 -0.139957158049045E+003
  0.100000000000000E+001  0.280609931213152E+003  0.225756743105013E+000  0.729563124059391E+000  0.970444643772506E+000  0.466131507827707E+000 -0.131028262406404E+000 -0.140304965606576E+003
  0.100000000000000E+001  0.291772911788901E+003  0.136165700537904E+001  0.183961361129295E+001  0.170285770961811E+000  0.341211473003547E+000 -0.131028262406404E+000 -0.145886455894450E+003
  0.100000000000000E+001  0.287167481403430E+003  0.916330537909896E+000  0.113339967795691E+001  0.573901027933882E+000  0.350900223469080E+000 -0.131028262406404E+000 -0.143583740701715E+003
  0.100000000000000E+001  0.302208105032693E+003  0.163477501569194E+001  0.150117658323990E+001  0.569242974003286E+000  0.454239082922442E+000 -0.131028262406404E+000 -0.151104052516346E+003
  0.100000000000000E+001  0.284300496626936E+003  0.651945126215069E+000  0.759026593746938E+000  0.199092406786853E+000  0.383888095211576E+000 -0.131028262406404E+000 -0.142150248313468E+003
  0.100000000000000E+001  0.286100316432636E+003  0.808426831737646E+000  0.156833557473434E+001  0.158155692275139E+000  0.360921091853643E+000 -0.131028262406404E+000 -0.143050158216318E+003
  0.100000000000000E+001  0.294027456491485E+003  0.151099887382941E+001  0.649813860644180E+000  0.352251200504644E+000  0.383068436160424E+000 -0.131028262406404E+000 -0.147013728245743E+003
  0.100000000000000E+001  0.280077010460965E+003  0.526896179804082E+000  0.136019858111214E+001  0.436047577966289E-001  0.111416899645215E+000 -0.131028262406404E+000 -0.140038505230483E+003
  0.100000000000000E+001  0.281896090614934E+003  0.936713676767059E+000  0.147301108867591E+001  0.952619698666593E+000  0.133823182484397E+000 -0.131028262406404E+000 -0.140948045307467E+003
  0.100000000000000E+001  0.280264936081856E+003  0.215555474195272E+000  0.172525315204736E+001  0.491148399392738E+000  0.370355949723129E+000 -0.131028262406404E+000 -0.140132468040928E+003
  0.100000000000000E+001  0.283912063296249E+003  0.769234554386994E+000  0.794637746804177E+000  0.420797138504611E+000  0.277976315374099E+000 -0.131028262406404E+000 -0.141956031648125E+003
  0.100000000000000E+001  0.284497839254172E+003  0.636900115987641E+000  0.146485145220736E+001  0.841256193100731E+000  0.376858810592238E+000 -0.131028262406404E+000 -0.142248919627086E+003
  0.100000000000000E+001  0.279496001534626E+003  0.137878335853719E+000  0.111246891804643E+001  0.508951308235925E+000  0.284601230078782E+000 -0.131028262406404E+000 -0.139748000767313E+003
  0.100000000000000E+001  0.290059512185693E+003  0.105394072683018E+001  0.184904853779445E+001  0.999535689160165E+000  0.435416809680167E+000 -0.131028262406404E+000 -0.145029756092846E+003
  0.100000000000000E+001  0.291835852253580E+003  0.121330908805446E+001  0.134034003919741E+001  0.492922128286515E+000  0.376181513540917E+000 -0.131028262406404E+000 -0.145917926126790E+003
  0.100000000000000E+001  0.288464903486473E+003  0.106865244677749E+001  0.541795523562703E+000  0.361975321435681E-001  0.406744125650004E+000 -0.131028262406404E+000 -0.144232451743237E+003
  0.100000000000000E+001  0.281028184637310E+003  0.316546522725386E+000  0.969148072875015E+000  0.316752826657315E+000  0.342249489541053E+000 -0.131028262406404E+000 -0.140514092318655E+003
  0.100000000000000E+001  0.280733273967687E+003  0.240246624718354E+000  0.914972842868479E+000  0.836401111448393E+000  0.430924972921075E+000 -0.131028262406404E+000 -0.140366636983843E+003
  0.100000000000000E+001  0.285891526113163E+003  0.747461233168857E+000  0.160333747176046E+001  0.290788434923628E-002  0.393833939866627E+000 -0.131028262406404E+000 -0.142945763056581E+003
  0.100000000000000E+001  0.296969919864406E+003  0.156022648793785E+001  0.103347957891637E+001  0.946206657679220E+000  0.385488730912655E+000 -0.131028262406404E+000 -0.148484959932203E+003
  0.100000000000000E+001  0.284149926711032E+003  0.713276594219912E+000  0.192692309267619E+001  0.597022166638552E+000  0.329114371976321E+000 -0.131028262406404E+000 -0.142074963355516E+003
  0.100000000000000E+001  0.284118082685906E+003  0.542341881190836E+000  0.172171057906867E+001  0.968601586283487E+000  0.483972236309014E+000 -0.131028262406404E+000 -0.142059041342953E+003
  0.100000000000000E+001  0.287143357833183E+003  0.100994975618758E+001  0.991898894204553E+000  0.920265938622564E+000  0.314687217555074E+000 -0.131028262406404E+000 -0.143571678916592E+003
  0.100000000000000E+001  0.292161543294138E+003  0.147210930517299E+001  0.107624274671681E+001  0.312881120561701E+000  0.306402991077438E+000 -0.131028262406404E+000 -0.146080771647069E+003
  0.100000000000000E+001  0.285358126289124E+003  0.715745307947078E+000  0.187662178429332E+001  0.258768338370351E+000  0.420977000196054E+000 -0.131028262406404E+000 -0.142679063144562E+003
  0.100000000000000E+001  0.283515517895751E+003  0.876928283205039E+000  0.183238360869538E+001  0.616970906703120E+000  0.215211376993124E+000 -0.131028262406404E+000 -0.141757758947876E+003
  0.100000000000000E+001  0.296711315401267E+003  0.140568301755797E+001  0.185951865750679E+001  0.720702646875193E-001  0.476867397364202E+000 -0.131028262406404E+000 -0.148355657700633E+003
  0.100000000000000E+001  0.284047389527344E+003  0.154754996445003E+001  0.992158176529172E+000  0.432246369021716E+000  0.126542117064695E+000 -0.131028262406404E+000 -0.142023694763672E+003
  0.100000000000000E+001  0.302995954422921E+003  0.165223498096625E+001  0.178193928078159E+001  0.240158855118002E+000  0.499776317853111E+000 -0.131028262406404E+000 -0.151497977211460E+003
  0.100000000000000E+001  0.285873951235571E+003  0.876807738172129E+000  0.105241879642630E+001  0.285410257328216E+000  0.315459354422252E+000 -0.131028262406404E+000 -0.142936975617786E+003
  0.100000000000000E+001  0.279960992488098E+003  0.433863180146897E+000  0.936675805111661E+000  0.604792358358590E+000  0.126346847937831E+000 -0.131028262406404E+000 -0.139980496244049E+003
  0.100000000000000E+001  0.283290426793416E+003  0.685828659417476E+000  0.141319113152927E+001  0.207063338108187E+000  0.265639481549024E+000 -0.131028262406404E+000 -0.141645213396708E+003
  0.100000000000000E+001  0.282653465915111E+003  0.986716810392044E+000  0.117586710580179E+001  0.620057449770038E+000  0.154174865879164E+000 -0.131028262406404E+000 -0.141326732957555E+003
  0.100000000000000E+001  0.289742031770647E+003  0.143165535331727E+001  0.737222083639859E+000  0.485712815594336E+000  0.278837129971001E+000 -0.131028262406404E+000 -0.144871015885324E+003
  0.100000000000000E+001  0.290817573137155E+003  0.122235008935181E+001  0.168129209041330E+001  0.514855065045749E+000  0.353531860174040E+000 -0.131028262406404E+000 -0.145408786568577E+003
  0.100000000000000E+001  0.283043036057838E+003  0.433083615458510E+000  0.141903666284939E+001  0.100161149455531E+000  0.469891270177518E+000 -0.131028262406404E+000 -0.141521518028919E+003
  0.100000000000000E+001  0.295851772435659E+003  0.199816974852544E+001  0.132513376527294E+001  0.377218243300414E+000  0.259674880082550E+000 -0.131028262406404E+000 -0.147925886217829E+003
  0.100000000000000E+001  0.292204144672806E+003  0.154033453447026E+001  0.137899732857540E+001  0.234094427032995E+000  0.285497397308860E+000 -0.131028262406404E+000 -0.146102072336403E+003
  0.100000000000000E+001  0.279124771441376E+003  0.140281559726502E+000  0.993391820287969E+000  0.778872492242601E+000  0.151228744636176E+000 -0.131028262406404E+000 -0.139562385720688E+003
  0.100000000000000E+001  0.295555303380039E+003  0.133579651950165E+001  0.118380203424769E+001  0.754340960166729E+000  0.430073784619635E+000 -0.131028262406404E+000 -0.147777651690019E+003
  0.100000000000000E+001  0.286970631115687E+003  0.891533322718660E+000  0.151696541059637E+001  0.487503651041390E+000  0.354205896859009E+000 -0.131028262406404E+000 -0.143485315557844E+003
  0.100000000000000E+001  0.279182709269911E+003  0.214653282498375E+000  0.194988329589095E+001  0.564799589597536E+000  0.109162229425749E+000 -0.131028262406404E+000 -0.139591354634955E+003
  0.100000000000000E+001  0.284894170184597E+003  0.126341708111194E+001  0.113928505814627E+001  0.740126311020413E-001  0.178221226279608E+000 -0.131028262406404E+000 -0.142447085092299E+003
  0.100000000000000E+001  0.299212943998878E+003  0.170284234052516E+001  0.133338619417774E+001  0.292247174483117E+000  0.371034064207686E+000 -0.131028262406404E+000 -0.149606471999439E+003
  0.100000000000000E+001  0.282299684650925E+003  0.662926343439196E+000  0.160851521693226E+001  0.182871734773704E+000  0.218687961231729E+000 -0.131028262406404E+000 -0.141149842325463E+003
  0.100000000000000E+001  0.299558334778052E+003  0.168339867332806E+001  0.181959103459053E+001  0.711444842237669E+000  0.410289269855207E+000 -0.131028262406404E+000 -0.149779167389026E+003
  0.100000000000000E+001  0.290859403407643E+003  0.158402033071613E+001  0.187687600781886E+001  0.528088097611997E+000  0.261408023820159E+000 -0.131028262406404E+000 -0.145429701703821E+003
  0.100000000000000E+001  0.280854276262458E+003  0.510163558656688E+000  0.108649751918799E+001  0.307726380453831E+000  0.176817531392960E+000 -0.131028262406404E+000 -0.140427138131229E+003
  0.100000000000000E+001  0.294089149324944E+003  0.148567050678615E+001  0.153337095708010E+001  0.774597290203432E+000  0.339258920638007E+000 -0.131028262406404E+000 -0.147044574662472E+003
  0.100000000000000E+001  0.279531354843017E+003  0.187094086990982E+000  0.160705397858910E+001  0.769015474936103E-001  0.209075768524633E+000 -0.131028262406404E+000 -0.139765677421509E+003
  0.100000000000000E+001  0.290888842302392E+003  0.113554662956122E+001  0.782591932483390E+000  0.105184200421897E+000  0.424825274464278E+000 -0.131028262406404E+000 -0.145444421151196E+003
  0.100000000000000E+001  0.285968944481421E+003  0.128666851587003E+001  0.187572372706471E+001  0.636555326523179E+000  0.205998419930622E+000 -0.131028262406404E+000 -0.142984472240710E+003
  0.100000000000000E+001  0.284271711204597E+003  0.621516842694250E+000  0.145193819271362E+001  0.915718601296568E+000  0.371888511158788E+000 -0.131028262406404E+000 -0.142135855602299E+003
  0.100000000000000E+001  0.287611870812283E+003  0.862058143796823E+000  0.106130207897265E+001  0.806248042014611E+000  0.407445039155584E+000 -0.131028262406404E+000 -0.143805935406141E+003
  0.100000000000000E+001  0.296087707943522E+003  0.176711309804404E+001  0.142651731795787E+001  0.512710075793011E+000  0.303888011772023E+000 -0.131028262406404E+000 -0.148043853971761E+003
  0.100000000000000E+001  0.286733133743676E+003  0.888097016238011E+000  0.141238669350161E+001  0.467843050424135E+000  0.342557352003019E+000 -0.131028262406404E+000 -0.143366566871838E+003
  0.100000000000000E+001  0.290736293103301E+003  0.164287484889063E+001  0.785417500714413E+000  0.851393302666660E+000  0.252081304160188E+000 -0.131028262406404E+000 -0.145368146551650E+003
  0.100000000000000E+001  0.282915640973773E+003  0.108036499054542E+001  0.103443153881188E+001  0.697721827305481E+000  0.149114068903349E+000 -0.131028262406404E+000 -0.141457820486887E+003
  0.100000000000000E+001  0.289711075792038E+003  0.112754028000939E+001  0.187791318844530E+001  0.619393609968968E+000  0.377718373552327E+000 -0.131028262406404E+000 -0.144855537896019E+003
  0.100000000000000E+001  0.285649104366663E+003  0.189934545746936E+001  0.108494789109558E+001  0.621066738123644E+000  0.128052340883711E+000 -0.131028262406404E+000 -0.142824552183331E+003
  0.100000000000000E+001  0.300272111243145E+003  0.170372113596716E+001  0.138752968530068E+001  0.322803483264639E+000  0.389070273038849E+000 -0.131028262406404E+000 -0.150136055621573E+003
  0.100000000000000E+001  0.288038339388978E+003  0.849132337014596E+000  0.791903475000038E+000  0.217188570943518E+000  0.478417881861970E+000 -0.131028262406404E+000 -0.144019169694489E+003
  0.100000000000000E+001  0.290500165782707E+003  0.107456297905258E+001  0.171068711524924E+001  0.969653591457732E+000  0.419174676967086E+000 -0.131028262406404E+000 -0.145250082891353E+003
  0.100000000000000E+001  0.288728124096155E+003  0.993116972230843E+000  0.195756718864009E+001  0.757801391532534E+000  0.433279679417333E+000 -0.131028262406404E+000 -0.144364062048078E+003
  0.100000000000000E+001  0.292847088781793E+003  0.175917451791865E+001  0.187679570412632E+001  0.825746675579848E-001  0.264587435088958E+000 -0.131028262406404E+000 -0.146423544390896E+003
  0.100000000000000E+001  0.286315334136516E+003  0.106379779915010E+001  0.188979064437692E+001  0.698457064980987E+000  0.272727560702192E+000 -0.131028262406404E+000 -0.143157667068258E+003
  0.100000000000000E+001  0.280417620193951E+003  0.599782436861404E+000  0.149057373499540E+001  0.588679422324766E+000  0.119778089971812E+000 -0.131028262406404E+000 -0.140208810096976E+003
  0.100000000000000E+001  0.287437161301411E+003  0.900359960381103E+000  0.158113255453789E+001  0.992035780673493E+000  0.374423352446437E+000 -0.131028262406404E+000 -0.143718580650706E+003
  0.100000000000000E+001  0.287084705373203E+003  0.852884075461913E+000  0.588097028528387E+000  0.176455489688370E+000  0.468171949281144E+000 -0.131028262406404E+000 -0.143542352686601E+003
  0.100000000000000E+001  0.288355109699949E+003  0.990541926548671E+000  0.543035558660255E+000  0.739287972422831E+000  0.456362204425184E+000 -0.131028262406404E+000 -0.144177554849974E+003
  0.100000000000000E+001  0.282267391389213E+003  0.693195341332924E+000  0.175045991062563E+001  0.410341671604905E+000  0.208109573584944E+000 -0.131028262406404E+000 -0.141133695694607E+003
  0.100000000000000E+001  0.283344931719367E+003  0.503944458646862E+000  0.131912318057772E+001  0.312775698540366E+000  0.400496644790881E+000 -0.131028262406404E+000 -0.141672465859684E+003
  0.100000000000000E+001  0.279510184039730E+003  0.205281085218574E+000  0.157734587238720E+001  0.337442035742193E+000  0.183374919302524E+000 -0.131028262406404E+000 -0.139755092019865E+003
  0.100000000000000E+001  0.297743165660441E+003  0.170458823077397E+001  0.767142558345359E+000  0.447925343623803E+000  0.385680476093033E+000 -0.131028262406404E+000 -0.148871582830220E+003
  0.100000000000000E+001  0.286681636449695E+003  0.751487340119952E+000  0.860056300047474E+000  0.787689042539315E+000  0.461852219971491E+000 -0.131028262406404E+000 -0.143340818224848E+003
  0.100000000000000E+001  0.282696019405170E+003  0.814572134364702E+000  0.101123766551567E+001  0.453323442283154E+000  0.193016604774133E+000 -0.131028262406404E+000 -0.141348009702585E+003
  0.100000000000000E+001  0.279887964351958E+003  0.268931457818523E+000  0.540537647117555E+000  0.467456920968886E+000  0.211193153304730E+000 -0.131028262406404E+000 -0.139943982175979E+003
  0.100000000000000E+001  0.280783545472258E+003  0.272585576588027E+000  0.166494036755108E+001  0.997878824290354E+000  0.374723782619782E+000 -0.131028262406404E+000 -0.140391772736129E+003
  0.100000000000000E+001  0.283565555980836E+003  0.126143358338494E+001  0.116415386974009E+001  0.270993805089275E-001  0.143577410254047E+000 -0.131028262406404E+000 -0.141782777990418E+003
  0.100000000000000E+001  0.306081975165458E+003  0.195243445092465E+001  0.165665104419881E+001  0.625586015684777E+000  0.417413463137274E+000 -0.131028262406404E+000 -0.153040987582729E+003
  0.100000000000000E+001  0.284620234304878E+003  0.915786359191689E+000  0.625098152826043E+000  0.279265799421724E+000  0.265468211915916E+000 -0.131028262406404E+000 -0.142310117152439E+003
  0.100000000000000E+001  0.282507509418019E+003  0.835302853522933E+000  0.109592981410097E+001  0.791425096961406E+000  0.178513507904657E+000 -0.131028262406404E+000 -0.141253754709010E+003
  0.100000000000000E+001  0.281580491411070E+003  0.625425045905190E+000  0.147027536436504E+001  0.539342105543842E+000  0.186778900514045E+000 -0.131028262406404E+000 -0.140790245705535E+003
  0.100000000000000E+001  0.286797915429467E+003  0.195836493716752E+001  0.147964858011322E+001  0.432098849696847E+000  0.140829584298848E+000 -0.131028262406404E+000 -0.143398957714734E+003
  0.100000000000000E+001  0.285538980473334E+003  0.994665540668065E+000  0.522460332901189E+000  0.769527341987496E+000  0.289798541337954E+000 -0.131028262406404E+000 -0.142769490236667E+003
  0.100000000000000E+001  0.280391897569430E+003  0.338091008001595E+000  0.162203691626669E+001  0.739820904288508E+000  0.220332942062102E+000 -0.131028262406404E+000 -0.140195948784715E+003
  0.100000000000000E+001  0.303224200606889E+003  0.185767390239817E+001  0.621209824945591E+000  0.553460585247871E+000  0.489592914836982E+000 -0.131028262406404E+000 -0.151612100303445E+003
  0.100000000000000E+001  0.290518958617274E+003  0.135240524738518E+001  0.145656615111335E+001  0.192213900980118E-001  0.295803920368277E+000 -0.131028262406404E+000 -0.145259479308637E+003
  0.100000000000000E+001  0.287627372139937E+003  0.146807791999909E+001  0.853301750665529E+000  0.467804223098271E+000  0.214984366118722E+000 -0.131028262406404E+000 -0.143813686069968E+003
  0.100000000000000E+001  0.293905305335719E+003  0.115622161940176E+001  0.140834212241826E+001  0.539277610294452E+000  0.475165718856280E+000 -0.131028262406404E+000 -0.146952652667860E+003
  0.100000000000000E+001  0.287680021150960E+003  0.107949501842587E+001  0.147883320395817E+001  0.751561290563590E-001  0.300047913268367E+000 -0.131028262406404E+000 -0.143840010575480E+003
  0.100000000000000E+001  0.281574814429975E+003  0.421803278015854E+000  0.679720408454557E+000  0.919003457719234E-001  0.322002397597493E+000 -0.131028262406404E+000 -0.140787407214988E+003
  0.100000000000000E+001  0.297400249605909E+003  0.161394739542997E+001  0.991489682993759E+000  0.726286967093438E+000  0.380268922639345E+000 -0.131028262406404E+000 -0.148700124802954E+003
  0.100000000000000E+001  0.292663409357680E+003  0.142669828815812E+001  0.563002121118223E+000  0.740691166108995E+000  0.394724074780293E+000 -0.131028262406404E+000 -0.146331704678840E+003
  0.100000000000000E+001  0.279284284358930E+003  0.140019946687632E+000  0.910057579943751E+000  0.467414182998320E-001  0.206051547777539E+000 -0.131028262406404E+000 -0.139642142179465E+003
  0.100000000000000E+001  0.280063748554714E+003  0.534022559089836E+000  0.108418423755211E+001  0.828598707034368E+000  0.109122986960779E+000 -0.131028262406404E+000 -0.140031874277357E+003
  0.100000000000000E+001  0.284212750365916E+003  0.706181823330441E+000  0.647040801719866E+000  0.660785060947570E-001  0.350258692817345E+000 -0.131028262406404E+000 -0.142106375182958E+003
  0.100000000000000E+001  0.287444690831469E+003  0.182725829131961E+001  0.176742637525486E+001  0.463240786873670E+000  0.163161586815988E+000 -0.131028262406404E+000 -0.143722345415734E+003
  0.100000000000000E+001  0.281635174054858E+003  0.341364684246881E+000  0.177821130055431E+001  0.549719794866386E+000  0.450389242633373E+000 -0.131028262406404E+000 -0.140817587027429E+003
  0.100000000000000E+001  0.284351659507403E+003  0.795239461203835E+000  0.198353278699306E+001  0.668802049429691E+000  0.298218745517119E+000 -0.131028262406404E+000 -0.142175829753701E+003
  0.100000000000000E+001  0.290216303936069E+003  0.105403395525680E+001  0.148517059578916E+001  0.406798518633094E+000  0.401092566276707E+000 -0.131028262406404E+000 -0.145108151968034E+003
  0.100000000000000E+001  0.281414535264332E+003  0.852645310049702E+000  0.139367951079425E+001  0.575556214255077E+000  0.126982297983945E+000 -0.131028262406404E+000 -0.140707267632166E+003
  0.100000000000000E+001  0.297098210561512E+003  0.150456830827278E+001  0.872984014867389E+000  0.833838656007863E-001  0.427920690846511E+000 -0.131028262406404E+000 -0.148549105280756E+003
  0.100000000000000E+001  0.299692934645370E+003  0.169932809189059E+001  0.198100051178650E+001  0.631303128721447E+000  0.436945775300285E+000 -0.131028262406404E+000 -0.149846467322685E+003
  0.100000000000000E+001  0.281023299414806E+003  0.710870245493047E+000  0.794601065035596E+000  0.645817076415300E-001  0.134755686144615E+000 -0.131028262406404E+000 -0.140511649707403E+003
  0.100000000000000E+001  0.304724178805285E+003  0.180165307494524E+001  0.104055040835758E+001  0.286403258058297E+000  0.449418638226965E+000 -0.131028262406404E+000 -0.152362089402643E+003
  0.100000000000000E+001  0.287039168952204E+003  0.199498606685756E+001  0.854371575166980E+000  0.329306117247210E+000  0.143584461204016E+000 -0.131028262406404E+000 -0.143519584476102E+003
  0.100000000000000E+001  0.292160261451210E+003  0.133952274629547E+001  0.133720585301700E+001  0.496386120351267E+000  0.338358328514290E+000 -0.131028262406404E+000 -0.146080130725605E+003
  0.100000000000000E+001  0.283418122330426E+003  0.112896307646364E+001  0.763256439002152E+000  0.766143769791564E-001  0.160301983135366E+000 -0.131028262406404E+000 -0.141709061165213E+003
  0.100000000000000E+001  0.285899419636782E+003  0.121736307065356E+001  0.184246447144495E+001  0.252820301287313E+000  0.216951282471965E+000 -0.131028262406404E+000 -0.142949709818391E+003
  0.100000000000000E+001  0.280701202177120E+003  0.745315340542866E+000  0.168271153545613E+001  0.207014116866166E+000  0.110536215621952E+000 -0.131028262406404E+000 -0.140350601088560E+003
  0.100000000000000E+001  0.285560367056973E+003  0.778662516624936E+000  0.182995041697040E+001  0.390972881021114E+000  0.371531597014633E+000 -0.131028262406404E+000 -0.142780183528487E+003
  0.100000000000000E+001  0.283416509709777E+003  0.887223136192075E+000  0.177568864211172E+001  0.883968183112168E+000  0.206849711089690E+000 -0.131028262406404E+000 -0.141708254854889E+003
  0.100000000000000E+001  0.283915781293682E+003  0.184557821626055E+001  0.886458740181326E+000  0.479678140671304E+000  0.103311102847521E+000 -0.131028262406404E+000 -0.141957890646841E+003
  0.100000000000000E+001  0.296996005594324E+003  0.175931909611565E+001  0.196401122717415E+001  0.944882546420591E+000  0.349512104986750E+000 -0.131028262406404E+000 -0.148498002797162E+003
  0.100000000000000E+001  0.306530143695197E+003  0.182707858515050E+001  0.116062073230918E+001  0.245645235398876E+000  0.460378239139389E+000 -0.131028262406404E+000 -0.153265071847598E+003
  0.100000000000000E+001  0.283795073614012E+003  0.592311866516349E+000  0.191803441374400E+001  0.119890797370152E-001  0.409264504367901E+000 -0.131028262406404E+000 -0.141897536807006E+003
  0.100000000000000E+001  0.285168534080867E+003  0.116603272916062E+001  0.143631827006697E+001  0.521595537685966E+000  0.201454955915166E+000 -0.131028262406404E+000 -0.142584267040434E+003
  0.100000000000000E+001  0.285141943670141E+003  0.169730901940225E+001  0.154487304506199E+001  0.624756175669507E+000  0.134550251461745E+000 -0.131028262406404E+000 -0.142570971835071E+003
  0.100000000000000E+001  0.301643250365267E+003  0.156644645008310E+001  0.171538852558609E+001  0.301197034197917E+000  0.499470766338546E+000 -0.131028262406404E+000 -0.150821625182634E+003
  0.100000000000000E+001  0.284281054919569E+003  0.605754763696067E+000  0.102067746337405E+001  0.369197780957600E+000  0.393619184417003E+000 -0.131028262406404E+000 -0.142140527459785E+003
  0.100000000000000E+001  0.286614227089356E+003  0.981560785204558E+000  0.664192012760575E+000  0.148350907380632E+000  0.333017927338754E+000 -0.131028262406404E+000 -0.143307113544678E+003
  0.100000000000000E+001  0.299902414083928E+003  0.175318870024524E+001  0.197474129522629E+001  0.848151514893455E+000  0.417251167683363E+000 -0.131028262406404E+000 -0.149951207041964E+003
  0.100000000000000E+001  0.292808299566089E+003  0.125129227671780E+001  0.190215148022498E+001  0.489662111442772E-001  0.437640792248021E+000 -0.131028262406404E+000 -0.146404149783045E+003
  0.100000000000000E+001  0.286581868627679E+003  0.168300423329830E+001  0.199335758935140E+001  0.612595805896584E+000  0.165395431887510E+000 -0.131028262406404E+000 -0.143290934313840E+003
  0.100000000000000E+001  0.291798893478835E+003  0.145934180885817E+001  0.181298781580754E+001  0.797755303878256E+000  0.308813059938456E+000 -0.131028262406404E+000 -0.145899446739417E+003
  0.100000000000000E+001  0.282104470781981E+003  0.535194563853462E+000  0.182843388630716E+001  0.160032376459309E+000  0.274320235210323E+000 -0.131028262406404E+000 -0.141052235390991E+003
  0.100000000000000E+001  0.290883998559726E+003  0.128690378603341E+001  0.810416038897105E+000  0.231046289667317E+000  0.350175625083282E+000 -0.131028262406404E+000 -0.145441999279863E+003
  0.100000000000000E+001  0.298922841670535E+003  0.162684658863285E+001  0.122867589819562E+001  0.400381512884714E+000  0.391285762755718E+000 -0.131028262406404E+000 -0.149461420835268E+003
  0.100000000000000E+001  0.293115656686930E+003  0.114305946300393E+001  0.900279681365604E+000  0.150179313984077E+000  0.486155008193571E+000 -0.131028262406404E+000 -0.146557828343465E+003
  0.100000000000000E+001  0.292814363385863E+003  0.119946643145327E+001  0.150127376894801E+001  0.297714094208210E-001  0.416283520410453E+000 -0.131028262406404E+000 -0.146407181692931E+003
  0.100000000000000E+001  0.279525907763296E+003  0.273295721148230E+000  0.199883573763731E+001  0.400929283402691E+000  0.139804300293947E+000 -0.131028262406404E+000 -0.139762953881648E+003
  0.100000000000000E+001  0.296051193633514E+003  0.193697468356444E+001  0.184683468124485E+001  0.623005488784926E+000  0.282052314190739E+000 -0.131028262406404E+000 -0.148025596816757E+003
  0.100000000000000E+001  0.279629239564886E+003  0.213822365516790E+000  0.192443314821630E+001  0.534387114485383E+000  0.207186751629672E+000 -0.131028262406404E+000 -0.139814619782443E+003
  0.100000000000000E+001  0.287505680750043E+003  0.198677221996638E+001  0.116498056135028E+001  0.363602477169516E+000  0.149251720478095E+000 -0.131028262406404E+000 -0.143752840375021E+003
  0.100000000000000E+001  0.299946039788423E+003  0.172511425818048E+001  0.837104612361343E+000  0.712839214625019E+000  0.414127514019320E+000 -0.131028262406404E+000 -0.149973019894212E+003
  0.100000000000000E+001  0.280698988224059E+003  0.481850452215139E+000  0.176114410782052E+001  0.866623494238144E+000  0.176395182285979E+000 -0.131028262406404E+000 -0.140349494112030E+003
  0.100000000000000E+001  0.281169510429664E+003  0.459919244809035E+000  0.163706671048741E+001  0.435990870767129E+000  0.228232714503038E+000 -0.131028262406404E+000 -0.140584755214832E+003
  0.100000000000000E+001  0.280817283028678E+003  0.334654596582393E+000  0.141871435236618E+001  0.128459449954876E+000  0.279508917676499E+000 -0.131028262406404E+000 -0.140408641514339E+003
  0.100000000000000E+001  0.295641402099486E+003  0.148048747366242E+001  0.108325245432584E+001  0.701982416831741E+000  0.380208924764557E+000 -0.131028262406404E+000 -0.147820701049743E+003
  0.100000000000000E+001  0.282357178219783E+003  0.900669749910791E+000  0.188968988217912E+001  0.383840816049486E+000  0.160577404869567E+000 -0.131028262406404E+000 -0.141178589109891E+003
  0.100000000000000E+001  0.279619048637069E+003  0.168215391766262E+000  0.189234321535652E+001  0.418895677007981E+000  0.276815762167416E+000 -0.131028262406404E+000 -0.139809524318534E+003
  0.100000000000000E+001  0.287410582418016E+003  0.113868243426087E+001  0.168040675975076E+001  0.859560249812429E+000  0.277338862263294E+000 -0.131028262406404E+000 -0.143705291209008E+003
  0.100000000000000E+001  0.293083719976116E+003  0.164410320050666E+001  0.658096547213616E+000  0.257933766306573E+000  0.312862463149051E+000 -0.131028262406404E+000 -0.146541859988058E+003
  0.100000000000000E+001  0.303131058726370E+003  0.184295738707994E+001  0.942418528508246E+000  0.501216332353359E+000  0.419258740859222E+000 -0.131028262406404E+000 -0.151565529363185E+003
  0.100000000000000E+001  0.293861190124735E+003  0.145514112712161E+001  0.108948341852328E+001  0.606466320310865E+000  0.348150360621541E+000 -0.131028262406404E+000 -0.146930595062368E+003
  0.100000000000000E+001  0.283438230917104E+003  0.160461457433704E+001  0.196007705507615E+001  0.805926389683407E+000  0.110111675269651E+000 -0.131028262406404E+000 -0.141719115458552E+003
  0.100000000000000E+001  0.284173835718783E+003  0.138403609894551E+001  0.178514101544003E+001  0.327299814040483E+000  0.145568200597553E+000 -0.131028262406404E+000 -0.142086917859391E+003
  0.100000000000000E+001  0.301439737865902E+003  0.151520383501377E+001  0.116098562448747E+001  0.425405466341717E+000  0.492883788526928E+000 -0.131028262406404E+000 -0.150719868932951E+003
  0.100000000000000E+001  0.281077327874569E+003  0.521776212722424E+000  0.946850001849478E+000  0.983021986864710E+000  0.191528331011315E+000 -0.131028262406404E+000 -0.140538663937285E+003
  0.100000000000000E+001  0.304497688658042E+003  0.183215924339730E+001  0.118920716760432E+001  0.896543865168859E+000  0.423394180729222E+000 -0.131028262406404E+000 -0.152248844329021E+003
  0.100000000000000E+001  0.282645994463630E+003  0.117085622587613E+001  0.170290383486055E+001  0.302846650470588E+000  0.128938254463667E+000 -0.131028262406404E+000 -0.141322997231815E+003
  0.100000000000000E+001  0.288128381006579E+003  0.100684584561070E+001  0.617519428587879E+000  0.856952613520922E+000  0.407648509645495E+000 -0.131028262406404E+000 -0.144064190503289E+003
  0.100000000000000E+001  0.294122310193537E+003  0.145803714868036E+001  0.820833515770867E+000  0.212447347183538E+000  0.377323021929908E+000 -0.131028262406404E+000 -0.147061155096769E+003
  0.100000000000000E+001  0.290432883182285E+003  0.133746903270754E+001  0.176173256387837E+001  0.101023992805375E-001  0.307294225271074E+000 -0.131028262406404E+000 -0.145216441591143E+003
  0.100000000000000E+001  0.286114549088934E+003  0.134540579166864E+001  0.190760160763261E+001  0.706487740749367E+000  0.199986255225959E+000 -0.131028262406404E+000 -0.143057274544467E+003
  0.100000000000000E+001  0.281015338708209E+003  0.282716300855082E+000  0.848376063917304E+000  0.581307831135684E+000  0.410335053630501E+000 -0.131028262406404E+000 -0.140507669354104E+003
  0.100000000000000E+001  0.299495629553393E+003  0.175448705948163E+001  0.640778755085987E+000  0.547932348816087E+000  0.435702004452707E+000 -0.131028262406404E+000 -0.149747814776696E+003
  0.100000000000000E+001  0.281874210732680E+003  0.942740041771968E+000  0.199560301113936E+001  0.753077122882238E+000  0.134393330527877E+000 -0.131028262406404E+000 -0.140937105366340E+003
  0.100000000000000E+001  0.282020389352970E+003  0.117855664798193E+001  0.186962965231615E+001  0.850052446670788E+000  0.109955388730323E+000 -0.131028262406404E+000 -0.141010194676485E+003
  0.100000000000000E+001  0.282848539189492E+003  0.423043959317109E+000  0.119931742444035E+001  0.285177166963674E+000  0.450939579963192E+000 -0.131028262406404E+000 -0.141424269594746E+003
  0.100000000000000E+001  0.287959079652232E+003  0.116149131250244E+001  0.596621002018264E+000  0.927651629099186E+000  0.322188385732895E+000 -0.131028262406404E+000 -0.143979539826116E+003
  0.100000000000000E+001  0.286375298322356E+003  0.890707015537943E+000  0.744580369077992E+000  0.911592578182706E+000  0.358476802828329E+000 -0.131028262406404E+000 -0.143187649161178E+003
  0.100000000000000E+001  0.285337285094373E+003  0.114374081960539E+001  0.847068160591598E+000  0.822408534256651E+000  0.217169785852183E+000 -0.131028262406404E+000 -0.142668642547187E+003
  0.100000000000000E+001  0.281546965780748E+003  0.680932153681874E+000  0.167390978382345E+001  0.977320513219248E+000  0.169501616482293E+000 -0.131028262406404E+000 -0.140773482890374E+003
  0.100000000000000E+001  0.284293338049584E+003  0.735687486756026E+000  0.132977264466556E+001  0.774804056537695E+000  0.298200009930261E+000 -0.131028262406404E+000 -0.142146669024792E+003
  0.100000000000000E+001  0.279518660392144E+003  0.211749968558171E+000  0.570137684604804E+000  0.695510446615390E+000  0.187146843210883E+000 -0.131028262406404E+000 -0.139759330196072E+003
  0.100000000000000E+001  0.280728371417798E+003  0.264575180629774E+000  0.647904640557287E+000  0.361290154876647E+000  0.412888099515044E+000 -0.131028262406404E+000 -0.140364185708899E+003
  0.100000000000000E+001  0.300350907520336E+003  0.156107937025075E+001  0.955565176416979E+000  0.379906775253879E+000  0.468868906235487E+000 -0.131028262406404E+000 -0.150175453760168E+003
  0.100000000000000E+001  0.307216783402383E+003  0.196343453320856E+001  0.173455794099376E+001  0.387467306760826E+000  0.440141547776476E+000 -0.131028262406404E+000 -0.153608391701192E+003
  0.100000000000000E+001  0.279634024012064E+003  0.145319423457720E+000  0.643198961540572E+000  0.647522264645556E+000  0.355136108091193E+000 -0.131028262406404E+000 -0.139817012006032E+003
  0.100000000000000E+001  0.288952058207806E+003  0.116094662784389E+001  0.131755273970629E+001  0.824410140593352E+000  0.311219042632484E+000 -0.131028262406404E+000 -0.144476029103903E+003
  0.100000000000000E+001  0.292424645367312E+003  0.171270582694128E+001  0.121100243110148E+001  0.923987373182125E+000  0.256936226892641E+000 -0.131028262406404E+000 -0.146212322683656E+003
  0.100000000000000E+001  0.292209183677604E+003  0.179735893307408E+001  0.692680034197855E+000  0.224795531582063E+000  0.256932897960284E+000 -0.131028262406404E+000 -0.146104591838802E+003
  0.100000000000000E+001  0.284114138884284E+003  0.169385368013361E+001  0.179703767114444E+001  0.851039100299138E+000  0.116502550384040E+000 -0.131028262406404E+000 -0.142057069442142E+003
  0.100000000000000E+001  0.285520591374388E+003  0.955946955768392E+000  0.536767829726219E+000  0.914546284945176E+000  0.304675366504859E+000 -0.131028262406404E+000 -0.142760295687194E+003
  0.100000000000000E+001  0.279591313920885E+003  0.207961849686200E+000  0.110244071757032E+001  0.267418492253562E+000  0.198385580927923E+000 -0.131028262406404E+000 -0.139795656960442E+003
  0.100000000000000E+001  0.288082062464784E+003  0.799832641381257E+000  0.111445652041907E+001  0.519327350595194E+000  0.478582514509658E+000 -0.131028262406404E+000 -0.144041031232392E+003
  0.100000000000000E+001  0.296080149238373E+003  0.178591770554579E+001  0.778356178817787E+000  0.493531053746297E+000  0.326316311503874E+000 -0.131028262406404E+000 -0.148040074619186E+003
  0.100000000000000E+001  0.303838126004522E+003  0.192122714716621E+001  0.847624390865456E+000  0.636886721304496E+000  0.420287490791792E+000 -0.131028262406404E+000 -0.151919063002261E+003
  0.100000000000000E+001  0.280498790551507E+003  0.400365356239402E+000  0.616508717750885E+000  0.184437195002010E+000  0.202276177586251E+000 -0.131028262406404E+000 -0.140249395275754E+003
  0.100000000000000E+001  0.284678065865314E+003  0.700298743350677E+000  0.159356291470118E+001  0.974587043901259E+000  0.347434725878728E+000 -0.131028262406404E+000 -0.142339032932657E+003
  0.100000000000000E+001  0.291560112916199E+003  0.198341366544976E+001  0.190488343759687E+001  0.167638818643190E+000  0.210768400915676E+000 -0.131028262406404E+000 -0.145780056458099E+003
  0.100000000000000E+001  0.282627886909189E+003  0.535026921303761E+000  0.176077090457152E+001  0.720293206635906E+000  0.319657766645981E+000 -0.131028262406404E+000 -0.141313943454595E+003
  0.100000000000000E+001  0.284879622168660E+003  0.677773393449380E+000  0.156387550543228E+001  0.785760836807144E+000  0.376583118834049E+000 -0.131028262406404E+000 -0.142439811084330E+003
  0.100000000000000E+001  0.285259906828074E+003  0.108969730174793E+001  0.546718148041855E+000  0.379986085272177E+000  0.240948541729393E+000 -0.131028262406404E+000 -0.142629953414037E+003
  0.100000000000000E+001  0.285661024155510E+003  0.119336883886741E+001  0.142538720081511E+001  0.297980491793853E+000  0.209893149259912E+000 -0.131028262406404E+000 -0.142830512077755E+003
  0.100000000000000E+001  0.283957688048254E+003  0.798313625190643E+000  0.885388940697972E+000  0.867031081600651E+000  0.263228494805077E+000 -0.131028262406404E+000 -0.141978844024127E+003
  0.100000000000000E+001  0.281307103314333E+003  0.576089737104791E+000  0.613426967942035E+000  0.180223033049746E+000  0.194726757938524E+000 -0.131028262406404E+000 -0.140653551657166E+003
  0.100000000000000E+001  0.287927239361340E+003  0.122506991329392E+001  0.965156149015225E+000  0.926463414528559E+000  0.271276428541305E+000 -0.131028262406404E+000 -0.143963619680670E+003
  0.100000000000000E+001  0.293946793466578E+003  0.170045495149038E+001  0.172528975016203E+001  0.905685783125073E+000  0.289263060710787E+000 -0.131028262406404E+000 -0.146973396733289E+003
  0.100000000000000E+001  0.299812324128635E+003  0.157195632197583E+001  0.172836319663253E+001  0.113806736821231E+000  0.451012142081971E+000 -0.131028262406404E+000 -0.149906162064317E+003
  0.100000000000000E+001  0.284087411203893E+003  0.116703350658965E+001  0.990485634262772E+000  0.683905835315069E+000  0.172261412564083E+000 -0.131028262406404E+000 -0.142043705601946E+003
  0.100000000000000E+001  0.298382298568555E+003  0.192470991303549E+001  0.192552843373926E+001  0.747439132212916E+000  0.326878560625380E+000 -0.131028262406404E+000 -0.149191149284277E+003
  0.100000000000000E+001  0.304249758192718E+003  0.178440549267770E+001  0.146306719623109E+001  0.496203137183554E+000  0.432579590947981E+000 -0.131028262406404E+000 -0.152124879096359E+003
  0.100000000000000E+001  0.289184536330222E+003  0.174098255153798E+001  0.181963197318961E+001  0.516379399026729E+000  0.202512477554561E+000 -0.131028262406404E+000 -0.144592268165111E+003
  0.100000000000000E+001  0.286851767678956E+003  0.983261891045008E+000  0.159702540329028E+001  0.423578810445426E+000  0.309176388081655E+000 -0.131028262406404E+000 -0.143425883839478E+003
  0.100000000000000E+001  0.290032799741381E+003  0.105619634027096E+001  0.156862134984512E+001  0.620910229810285E+000  0.397268410749106E+000 -0.131028262406404E+000 -0.145016399870691E+003
  0.100000000000000E+001  0.282566915392508E+003  0.111097155617572E+001  0.114844008523599E+001  0.815817445860712E+000  0.133393020998592E+000 -0.131028262406404E+000 -0.141283457696254E+003
  0.100000000000000E+001  0.287003610581612E+003  0.101142629608564E+001  0.187411941229228E+001  0.876585237546895E+000  0.319633166911772E+000 -0.131028262406404E+000 -0.143501805290806E+003
  0.100000000000000E+001  0.284657875596682E+003  0.678354887451582E+000  0.180094116650609E+001  0.443062004593300E+000  0.382135901140127E+000 -0.131028262406404E+000 -0.142328937798341E+003
  0.100000000000000E+001  0.285341475232671E+003  0.641425936960482E+000  0.173760651684525E+001  0.309573672543864E-001  0.483516747809292E+000 -0.131028262406404E+000 -0.142670737616336E+003
  0.100000000000000E+001  0.290796291299620E+003  0.102649257085381E+001  0.149838622902243E+001  0.400540489460423E+000  0.442622513910058E+000 -0.131028262406404E+000 -0.145398145649810E+003
  0.100000000000000E+001  0.295000377163597E+003  0.153556022514168E+001  0.584341970697723E+000  0.732650460659813E+000  0.418735018826232E+000 -0.131028262406404E+000 -0.147500188581799E+003
  0.100000000000000E+001  0.284324545739071E+003  0.162280594321274E+001  0.127231019291501E+001  0.161162664929009E+000  0.125220605463011E+000 -0.131028262406404E+000 -0.142162272869536E+003
  0.100000000000000E+001  0.291345480605408E+003  0.140393511765670E+001  0.138337822482769E+001  0.105441770341909E+000  0.300625999111228E+000 -0.131028262406404E+000 -0.145672740302704E+003
  0.100000000000000E+001  0.283610547136485E+003  0.124738105870996E+001  0.180802546507636E+001  0.253820791119149E+000  0.147649420841146E+000 -0.131028262406404E+000 -0.141805273568242E+003
  0.100000000000000E+001  0.286732340987702E+003  0.864710758320229E+000  0.763350238893864E+000  0.477579316514240E+000  0.392395795871832E+000 -0.131028262406404E+000 -0.143366170493851E+003
  0.100000000000000E+001  0.289864991758358E+003  0.190662734720248E+001  0.566059825679210E+000  0.329114782578443E+000  0.203143908937193E+000 -0.131028262406404E+000 -0.144932495879179E+003
  0.100000000000000E+001  0.280841100567177E+003  0.358766341127657E+000  0.166795996981754E+001  0.896089004037203E+000  0.265060994341823E+000 -0.131028262406404E+000 -0.140420550283588E+003
  0.100000000000000E+001  0.298135828365603E+003  0.184419271791928E+001  0.121405042617770E+001  0.432063043373743E+000  0.320681165930585E+000 -0.131028262406404E+000 -0.149067914182802E+003
  0.100000000000000E+001  0.284296726270818E+003  0.179394346052249E+001  0.699864892588483E+000  0.910595260774793E+000  0.114021241871726E+000 -0.131028262406404E+000 -0.142148363135409E+003
  0.100000000000000E+001  0.283299995687192E+003  0.587081572945293E+000  0.187317875881445E+001  0.568542935900593E+000  0.351091882742979E+000 -0.131028262406404E+000 -0.141649997843596E+003
  0.100000000000000E+001  0.280391964380033E+003  0.259967641407400E+000  0.898254708870417E+000  0.322703095996041E+000  0.308390060016600E+000 -0.131028262406404E+000 -0.140195982190016E+003
  0.100000000000000E+001  0.279729012455488E+003  0.234344783904333E+000  0.887006541967453E+000  0.908229033421070E+000  0.203348466124720E+000 -0.131028262406404E+000 -0.139864506227744E+003
  0.100000000000000E+001  0.295055965018170E+003  0.142225548273184E+001  0.125247889358414E+001  0.246591498520997E+000  0.379913291007676E+000 -0.131028262406404E+000 -0.147527982509085E+003
  0.100000000000000E+001  0.284908042654533E+003  0.857286500413438E+000  0.538889567631714E+000  0.502990364853632E+000  0.318927922792824E+000 -0.131028262406404E+000 -0.142454021327266E+003
  0.100000000000000E+001  0.280934875066168E+003  0.358602493279028E+000  0.110366604586901E+001  0.405897200529184E+000  0.274213390523259E+000 -0.131028262406404E+000 -0.140467437533084E+003
  0.100000000000000E+001  0.287153456655345E+003  0.143671386693020E+001  0.630711370688626E+000  0.219929783075590E+000  0.216562641668171E+000 -0.131028262406404E+000 -0.143576728327672E+003
  0.100000000000000E+001  0.282906377351175E+003  0.483571400152119E+000  0.684377738463165E+000  0.506570963983844E+000  0.431848513797180E+000 -0.131028262406404E+000 -0.141453188675587E+003
  0.100000000000000E+001  0.296363209019175E+003  0.145275502817251E+001  0.124124570557176E+001  0.339893751286704E+000  0.398970291733805E+000 -0.131028262406404E+000 -0.148181604509587E+003
  0.100000000000000E+001  0.285720005098045E+003  0.913637471499714E+000  0.180375299349778E+001  0.829181144185543E+000  0.300440780656286E+000 -0.131028262406404E+000 -0.142860002549022E+003
  0.100000000000000E+001  0.284002654167919E+003  0.498294558464142E+000  0.122662775245633E+001  0.627084317187624E+000  0.482575391416077E+000 -0.131028262406404E+000 -0.142001327083960E+003
  0.100000000000000E+001  0.295930814824493E+003  0.142809161849039E+001  0.141585782918217E+001  0.715568764650795E+000  0.397315441811012E+000 -0.131028262406404E+000 -0.147965407412246E+003
  0.100000000000000E+001  0.282110412523352E+003  0.110444826746792E+001  0.839696183216854E+000  0.250843946012805E+000  0.120736241463073E+000 -0.131028262406404E+000 -0.141055206261676E+003
  0.100000000000000E+001  0.282009834966824E+003  0.117818548827410E+001  0.938937390058108E+000  0.466468081275725E+000  0.109436466976397E+000 -0.131028262406404E+000 -0.141004917483412E+003
  0.100000000000000E+001  0.292086791266856E+003  0.117243771157735E+001  0.109285106177940E+001  0.948628290648587E+000  0.410515723942600E+000 -0.131028262406404E+000 -0.146043395633428E+003
  0.100000000000000E+001  0.282757482318096E+003  0.151168629102909E+001  0.108751534542629E+001  0.202767597367441E+000  0.101283345578461E+000 -0.131028262406404E+000 -0.141378741159048E+003
  0.100000000000000E+001  0.296523068991136E+003  0.188510689847526E+001  0.102043659668008E+001  0.314616030279173E-001  0.295004337107868E+000 -0.131028262406404E+000 -0.148261534495568E+003
  0.100000000000000E+001  0.298822394427687E+003  0.175005204364583E+001  0.162032395842809E+001  0.849332405472256E+000  0.357062992409092E+000 -0.131028262406404E+000 -0.149411197213843E+003
  0.100000000000000E+001  0.294921520102819E+003  0.121077703409336E+001  0.121436977283075E+001  0.778133624394315E+000  0.475618567772565E+000 -0.131028262406404E+000 -0.147460760051409E+003
  0.100000000000000E+001  0.281065189995491E+003  0.347956125415783E+000  0.805965799330575E+000  0.809868231376969E+000  0.318343952576454E+000 -0.131028262406404E+000 -0.140532594997745E+003
  0.100000000000000E+001  0.279196076583317E+003  0.216753945190098E+000  0.169985414371734E+001  0.650937434386221E+000  0.109928064176562E+000 -0.131028262406404E+000 -0.139598038291659E+003
  0.100000000000000E+001  0.282042756272762E+003  0.816554474562503E+000  0.116122546675660E+001  0.846763687136969E-001  0.161523710486923E+000 -0.131028262406404E+000 -0.141021378136381E+003
  0.100000000000000E+001  0.285184691405949E+003  0.821355765839292E+000  0.168842122742472E+001  0.567790658441967E+000  0.311035406275721E+000 -0.131028262406404E+000 -0.142592345702974E+003
  0.100000000000000E+001  0.284939737625802E+003  0.716229171352696E+000  0.164639856694958E+001  0.541591860793082E+000  0.357005372965989E+000 -0.131028262406404E+000 -0.142469868812901E+003
  0.100000000000000E+001  0.287143244778227E+003  0.935688140204733E+000  0.803032892703598E+000  0.576618586215201E-001  0.365504976526604E+000 -0.131028262406404E+000 -0.143571622389113E+003
  0.100000000000000E+001  0.289574011936186E+003  0.184902565647255E+001  0.737539998903957E+000  0.290699811860713E+000  0.200091269418637E+000 -0.131028262406404E+000 -0.144787005968093E+003
  0.100000000000000E+001  0.282768598241354E+003  0.814093676221187E+000  0.611671885531360E+000  0.948325530285319E+000  0.205603043890958E+000 -0.131028262406404E+000 -0.141384299120677E+003
  0.100000000000000E+001  0.284152181403057E+003  0.147969205670056E+001  0.900098634141554E+000  0.196465700626481E+000  0.135456365430229E+000 -0.131028262406404E+000 -0.142076090701529E+003
  0.100000000000000E+001  0.279376884342417E+003  0.237810612712693E+000  0.197865672630882E+001  0.638723900332122E+000  0.134102000501505E+000 -0.131028262406404E+000 -0.139688442171209E+003
  0.100000000000000E+001  0.300995755037512E+003  0.191928063860968E+001  0.553935076686756E+000  0.557767482688789E+000  0.434417530405957E+000 -0.131028262406404E+000 -0.150497877518756E+003
  0.100000000000000E+001  0.284368147064324E+003  0.985716727177868E+000  0.185517034372517E+001  0.842214493735837E+000  0.220919778863988E+000 -0.131028262406404E+000 -0.142184073532162E+003
  0.100000000000000E+001  0.294128491633695E+003  0.129781065673414E+001  0.166267150881316E+001  0.220019667141795E+000  0.420217644642217E+000 -0.131028262406404E+000 -0.147064245816848E+003
  0.100000000000000E+001  0.286661886260726E+003  0.148745381140808E+001  0.854596566473563E+000  0.833763098751251E-001  0.190394014244867E+000 -0.131028262406404E+000 -0.143330943130363E+003
  0.100000000000000E+001  0.292838221648452E+003  0.126273438042910E+001  0.612388821898648E+000  0.670523052002647E+000  0.475232386743616E+000 -0.131028262406404E+000 -0.146419110824226E+003
  0.100000000000000E+001  0.291912004632468E+003  0.144402873770681E+001  0.177278264199279E+001  0.667785058093400E+000  0.313401538873415E+000 -0.131028262406404E+000 -0.145956002316234E+003
  0.100000000000000E+001  0.280814331889871E+003  0.324533908382925E+000  0.789906480741654E+000  0.201259632224154E+000  0.306787459569141E+000 -0.131028262406404E+000 -0.140407165944935E+003
  0.100000000000000E+001  0.279583735172601E+003  0.219080564673283E+000  0.765422400207967E+000  0.799405311973940E+000  0.190151399279315E+000 -0.131028262406404E+000 -0.139791867586301E+003
  0.100000000000000E+001  0.282742333189832E+003  0.453575592154829E+000  0.145511683098201E+001  0.519356329349677E+000  0.397429944748607E+000 -0.131028262406404E+000 -0.141371166594916E+003
  0.100000000000000E+001  0.282362536750629E+003  0.953389466528046E+000  0.160345558188264E+001  0.849598533340520E+000  0.149227517413816E+000 -0.131028262406404E+000 -0.141181268375315E+003
  0.100000000000000E+001  0.282971140360660E+003  0.510719227837333E+000  0.109626222858979E+001  0.582570745782845E+000  0.360232033805235E+000 -0.131028262406404E+000 -0.141485570180330E+003
  0.100000000000000E+001  0.291916869709960E+003  0.153989555927440E+001  0.104586206455251E+001  0.682745632884409E+000  0.285970148639181E+000 -0.131028262406404E+000 -0.145958434854980E+003
  0.100000000000000E+001  0.295593310284320E+003  0.157041462380358E+001  0.898352168114744E+000  0.356087332296306E+000  0.364912298063632E+000 -0.131028262406404E+000 -0.147796655142160E+003
  0.100000000000000E+001  0.285463824646351E+003  0.156058594885819E+001  0.178240981770632E+001  0.995648134668684E+000  0.154562253573262E+000 -0.131028262406404E+000 -0.142731912323175E+003
  0.100000000000000E+001  0.279223639362064E+003  0.156356106815881E+000  0.155614955721157E+001  0.947382664984542E+000  0.162455578549782E+000 -0.131028262406404E+000 -0.139611819681032E+003
  0.100000000000000E+001  0.290239184498335E+003  0.148526024852451E+001  0.646436789885585E+000  0.632270100156371E+000  0.285312354432828E+000 -0.131028262406404E+000 -0.145119592249168E+003
  0.100000000000000E+001  0.291291532028126E+003  0.182901321969732E+001  0.166116679500631E+001  0.794679961615378E+000  0.222191746697352E+000 -0.131028262406404E+000 -0.145645766014063E+003
  0.100000000000000E+001  0.303637012956667E+003  0.169295475711893E+001  0.129157772375777E+001  0.691507833649203E+000  0.454613986327755E+000 -0.131028262406404E+000 -0.151818506478333E+003
  0.100000000000000E+001  0.285884968704190E+003  0.108028857684752E+001  0.517406565312714E+000  0.248241805189679E+000  0.273146712323988E+000 -0.131028262406404E+000 -0.142942484352095E+003
  0.100000000000000E+001  0.281053364523926E+003  0.326274430545057E+000  0.550798066961232E+000  0.738140690616216E+000  0.386011674591652E+000 -0.131028262406404E+000 -0.140526682261963E+003
  0.100000000000000E+001  0.285826850433300E+003  0.110481214809715E+001  0.189637774691646E+001  0.666852277644934E+000  0.243144884911307E+000 -0.131028262406404E+000 -0.142913425216650E+003
  0.100000000000000E+001  0.292116222662227E+003  0.197724406376333E+001  0.131827700148156E+001  0.447888276048278E+000  0.213373513887469E+000 -0.131028262406404E+000 -0.146058111331114E+003
  0.100000000000000E+001  0.286496790328963E+003  0.172180585778170E+001  0.198519465266834E+001  0.560289860089493E-001  0.159577764948180E+000 -0.131028262406404E+000 -0.143248395164482E+003
  0.100000000000000E+001  0.287526147018761E+003  0.964416585315830E+000  0.189043778557391E+001  0.980118964787815E+000  0.371213814810879E+000 -0.131028262406404E+000 -0.143763073509381E+003
  0.100000000000000E+001  0.279842533069722E+003  0.198474281440345E+000  0.183903242899825E+001  0.835465085373028E+000  0.284362634225449E+000 -0.131028262406404E+000 -0.139921266534861E+003
  0.100000000000000E+001  0.297666399161048E+003  0.180974408426848E+001  0.159478527904355E+001  0.776185962783757E+000  0.322210438133278E+000 -0.131028262406404E+000 -0.148833199580524E+003
  0.100000000000000E+001  0.280803589321394E+003  0.558653034891928E+000  0.796473272509023E+000  0.519181340675362E+000  0.158980649158024E+000 -0.131028262406404E+000 -0.140401794660697E+003
  0.100000000000000E+001  0.287678353703025E+003  0.167451745253467E+001  0.136459860945961E+001  0.154228177457465E+000  0.181540023671276E+000 -0.131028262406404E+000 -0.143839176851513E+003
  0.100000000000000E+001  0.279948149579577E+003  0.161894043946577E+000  0.165979445779796E+001  0.373851293661896E+000  0.419415866977102E+000 -0.131028262406404E+000 -0.139974074789788E+003
  0.100000000000000E+001  0.303548219281278E+003  0.191698529128486E+001  0.830516276992910E+000  0.113893480344400E+000  0.419465929794717E+000 -0.131028262406404E+000 -0.151774109640639E+003
  0.100000000000000E+001  0.301958397975749E+003  0.175158661927339E+001  0.137322228441925E+001  0.878306838014774E+000  0.402993127371838E+000 -0.131028262406404E+000 -0.150979198987875E+003
  0.100000000000000E+001  0.284648379655350E+003  0.108800978322112E+001  0.125379880902228E+001  0.679740809067793E+000  0.201552902286802E+000 -0.131028262406404E+000 -0.142324189827675E+003
  0.100000000000000E+001  0.296972354008322E+003  0.172246511907491E+001  0.937950784700334E+000  0.529485503806160E+000  0.344656460304826E+000 -0.131028262406404E+000 -0.148486177004161E+003
  0.100000000000000E+001  0.279723196292313E+003  0.163879563190720E+000  0.188753630831507E+001  0.408479592361466E+000  0.331532978040676E+000 -0.131028262406404E+000 -0.139861598146156E+003
  0.100000000000000E+001  0.291290630249086E+003  0.172738944662823E+001  0.111926690939125E+001  0.147597430934409E+000  0.237154865863920E+000 -0.131028262406404E+000 -0.145645315124543E+003
  0.100000000000000E+001  0.289160797975547E+003  0.110628281855593E+001  0.177469163288531E+001  0.319568935499865E-001  0.354594760090999E+000 -0.131028262406404E+000 -0.144580398987773E+003
  0.100000000000000E+001  0.279212454033937E+003  0.143117970588478E+000  0.169464191627135E+001  0.292313164882681E+000  0.176381193266638E+000 -0.131028262406404E+000 -0.139606227016968E+003
  0.100000000000000E+001  0.280400445535335E+003  0.342876149004566E+000  0.195093786023886E+001  0.886872814350833E+000  0.226410722026802E+000 -0.131028262406404E+000 -0.140200222767668E+003
  0.100000000000000E+001  0.281740952994901E+003  0.882950552177386E+000  0.757386244904090E+000  0.630361419007793E+000  0.138251852926838E+000 -0.131028262406404E+000 -0.140870476497450E+003
  0.100000000000000E+001  0.283036167159168E+003  0.481062566796281E+000  0.643652319173093E+000  0.839953498488769E+000  0.465058814134751E+000 -0.131028262406404E+000 -0.141518083579584E+003
  0.100000000000000E+001  0.279915511319131E+003  0.234259357975681E+000  0.195112599390174E+001  0.370131592848696E+000  0.251171563247381E+000 -0.131028262406404E+000 -0.139957755659565E+003
  0.100000000000000E+001  0.301822055714286E+003  0.186889631550329E+001  0.163491952476312E+001  0.469661576770516E+000  0.374182051154977E+000 -0.131028262406404E+000 -0.150911027857143E+003
  0.100000000000000E+001  0.284563561961719E+003  0.147034823629925E+001  0.821631989062283E+000  0.225705777803998E+000  0.146218435443262E+000 -0.131028262406404E+000 -0.142281780980859E+003
  0.100000000000000E+001  0.291433959536334E+003  0.110510064093270E+001  0.160900623436191E+001  0.126766568538864E+000  0.427508117555954E+000 -0.131028262406404E+000 -0.145716979768167E+003
  0.100000000000000E+001  0.283963714697721E+003  0.725163321311191E+000  0.140987852634499E+001  0.530621754782170E+000  0.285449391665478E+000 -0.131028262406404E+000 -0.141981857348861E+003
  0.100000000000000E+001  0.287766462500049E+003  0.105741136839516E+001  0.104718432920081E+001  0.816858531158452E+000  0.316464763711314E+000 -0.131028262406404E+000 -0.143883231250024E+003
  0.100000000000000E+001  0.287225339831476E+003  0.915825379154326E+000  0.103076109192463E+001  0.508056540381117E+000  0.358996623571040E+000 -0.131028262406404E+000 -0.143612669915738E+003
  0.100000000000000E+001  0.280756482285892E+003  0.436358916843686E+000  0.138184617360693E+001  0.226334709648402E+000  0.199444354342901E+000 -0.131028262406404E+000 -0.140378241142946E+003
  0.100000000000000E+001  0.279484434906110E+003  0.255003661715482E+000  0.838873925644466E+000  0.424415418539236E+000  0.142048253003072E+000 -0.131028262406404E+000 -0.139742217453055E+003
  0.100000000000000E+001  0.282389370933942E+003  0.414166257028973E+000  0.178079206753062E+001  0.645074874350196E+000  0.452032527615993E+000 -0.131028262406404E+000 -0.141194685466971E+003
  0.100000000000000E+001  0.288157482720509E+003  0.131999594719931E+001  0.522010381116204E+000  0.459240282280005E+000  0.281877032071987E+000 -0.131028262406404E+000 -0.144078741360254E+003
  0.100000000000000E+001  0.282557572541873E+003  0.141633435164414E+001  0.198603300139491E+001  0.890425400152466E+000  0.104379430523713E+000 -0.131028262406404E+000 -0.141278786270936E+003
  0.100000000000000E+001  0.280700490875236E+003  0.522623509380974E+000  0.724765648607159E+000  0.239293188484167E+000  0.163762329723731E+000 -0.131028262406404E+000 -0.140350245437618E+003
  0.100000000000000E+001  0.284449801487762E+003  0.596872900520237E+000  0.614948923084218E+000  0.194006140395242E+000  0.494225974704615E+000 -0.131028262406404E+000 -0.142224900743881E+003
  0.100000000000000E+001  0.288676510426095E+003  0.880871975749778E+000  0.876776829380893E+000  0.834304255940385E+000  0.472826278560965E+000 -0.131028262406404E+000 -0.144338255213047E+003
  0.100000000000000E+001  0.283219764655883E+003  0.531455998992464E+000  0.164072492963852E+001  0.490521008301872E+000  0.373299178317775E+000 -0.131028262406404E+000 -0.141609882327942E+003
  0.100000000000000E+001  0.295947706997685E+003  0.149012918396368E+001  0.182770937565473E+001  0.451631330967199E+000  0.403153340422836E+000 -0.131028262406404E+000 -0.147973853498843E+003
  0.100000000000000E+001  0.301992832112926E+003  0.185679604851322E+001  0.839037333298626E+000  0.667459407274872E+000  0.409399135645194E+000 -0.131028262406404E+000 -0.150996416056463E+003
  0.100000000000000E+001  0.286159352370775E+003  0.719602282191840E+000  0.164181650810299E+001  0.255762266286957E+000  0.443919686332171E+000 -0.131028262406404E+000 -0.143079676185387E+003
  0.100000000000000E+001  0.283899259346460E+003  0.615705231463723E+000  0.192321019521589E+001  0.977261083646488E-001  0.393638622912692E+000 -0.131028262406404E+000 -0.141949629673230E+003
  0.100000000000000E+001  0.282600952413959E+003  0.586471998689758E+000  0.648583617231507E+000  0.188137088536131E+000  0.298064987500839E+000 -0.131028262406404E+000 -0.141300476206979E+003
  0.100000000000000E+001  0.286558174243521E+003  0.843329534164935E+000  0.196645345893463E+001  0.582723701857040E+000  0.416001272547794E+000 -0.131028262406404E+000 -0.143279087121760E+003
  0.100000000000000E+001  0.297385136865077E+003  0.197691677299943E+001  0.141597619146025E+001  0.827169918405660E+000  0.282835839645574E+000 -0.131028262406404E+000 -0.148692568432538E+003
  0.100000000000000E+001  0.279749056776167E+003  0.252185730326747E+000  0.167131002900818E+001  0.916238017479819E+000  0.189421309395448E+000 -0.131028262406404E+000 -0.139874528388084E+003
  0.100000000000000E+001  0.282388335618223E+003  0.906901133201408E+000  0.100926505447155E+001  0.336482951363034E+000  0.159075098457851E+000 -0.131028262406404E+000 -0.141194167809112E+003
  0.100000000000000E+001  0.280620652216966E+003  0.380930395498688E+000  0.592196666519592E+000  0.438469180481572E+000  0.232672989885831E+000 -0.131028262406404E+000 -0.140310326108483E+003
  0.100000000000000E+001  0.280266067976142E+003  0.210556825060669E+000  0.157495239458407E+001  0.708632928012894E+000  0.369009607916848E+000 -0.131028262406404E+000 -0.140133033988071E+003
  0.100000000000000E+001  0.296779274357040E+003  0.188543537507618E+001  0.671520280338992E+000  0.557547644100898E+000  0.327262786610843E+000 -0.131028262406404E+000 -0.148389637178520E+003
  0.100000000000000E+001  0.287769937071678E+003  0.192137895657427E+001  0.753627702623267E+000  0.809560816899063E+000  0.162218177760909E+000 -0.131028262406404E+000 -0.143884968535839E+003
  0.100000000000000E+001  0.280442471818366E+003  0.472653321535485E+000  0.895253655665222E+000  0.940007021147207E+000  0.157681736274030E+000 -0.131028262406404E+000 -0.140221235909183E+003
  0.100000000000000E+001  0.308692293658333E+003  0.198565333131225E+001  0.148829908045935E+001  0.956914645575708E+000  0.435438845720763E+000 -0.131028262406404E+000 -0.154346146829166E+003
  0.100000000000000E+001  0.300873088196329E+003  0.155031753365977E+001  0.102625514490869E+001  0.296041289828467E-001  0.476019590004760E+000 -0.131028262406404E+000 -0.150436544098164E+003
  0.100000000000000E+001  0.293162180001277E+003  0.132258263573926E+001  0.527873806276423E+000  0.341726571005215E+000  0.485549116172644E+000 -0.131028262406404E+000 -0.146581090000639E+003
  0.100000000000000E+001  0.285781129442660E+003  0.177840687186991E+001  0.123630009652649E+001  0.244659578969341E+000  0.139012884625933E+000 -0.131028262406404E+000 -0.142890564721330E+003
  0.100000000000000E+001  0.287018178357085E+003  0.811496449236756E+000  0.126737685384405E+001  0.169932875633968E+000  0.401965516542694E+000 -0.131028262406404E+000 -0.143509089178543E+003
  0.100000000000000E+001  0.280520698792353E+003  0.409687918991408E+000  0.120309336823902E+001  0.902677425821351E-001  0.189889769163135E+000 -0.131028262406404E+000 -0.140260349396176E+003
  0.100000000000000E+001  0.286080358028280E+003  0.134648896953181E+001  0.112505735094215E+001  0.595516255179225E+000  0.194802889362899E+000 -0.131028262406404E+000 -0.143040179014140E+003
  0.100000000000000E+001  0.305866717156814E+003  0.191249292875064E+001  0.191178725443611E+001  0.907559115739620E+000  0.466765175334222E+000 -0.131028262406404E+000 -0.152933358578407E+003
  0.100000000000000E+001  0.284054622474537E+003  0.145517457693242E+001  0.544086336500408E+000  0.306486260756798E+000  0.138724836432866E+000 -0.131028262406404E+000 -0.142027311237268E+003
  0.100000000000000E+001  0.285970563310097E+003  0.739194616763258E+000  0.147123106457984E+001  0.280852746509914E+000  0.397078344566852E+000 -0.131028262406404E+000 -0.142985281655049E+003
  0.100000000000000E+001  0.282327846746403E+003  0.135445098376879E+001  0.741946938418950E+000  0.342608373950854E+000  0.103475884214561E+000 -0.131028262406404E+000 -0.141163923373201E+003
  0.100000000000000E+001  0.286671041855254E+003  0.173238006299807E+001  0.151126508796687E+001  0.121565590309333E+000  0.158181333910617E+000 -0.131028262406404E+000 -0.143335520927627E+003
  0.100000000000000E+001  0.297267343955507E+003  0.164360603215079E+001  0.158546491443332E+001  0.701216295642672E+000  0.357873751595282E+000 -0.131028262406404E+000 -0.148633671977753E+003
  0.100000000000000E+001  0.282728768892546E+003  0.835289445404333E+000  0.773722542492427E+000  0.405775295145579E+000  0.193064630072369E+000 -0.131028262406404E+000 -0.141364384446273E+003
  0.100000000000000E+001  0.280099281528053E+003  0.215403123203158E+000  0.184450633467059E+001  0.776550937913228E+000  0.329291756587700E+000 -0.131028262406404E+000 -0.140049640764027E+003
  0.100000000000000E+001  0.300628972136709E+003  0.176828048514681E+001  0.798423861776234E+000  0.440782943328707E-001  0.419728625214038E+000 -0.131028262406404E+000 -0.150314486068354E+003
  0.100000000000000E+001  0.284852438735549E+003  0.705526007714728E+000  0.162895238599490E+001  0.488901735472617E+000  0.357612731636246E+000 -0.131028262406404E+000 -0.142426219367775E+003
  0.100000000000000E+001  0.285436656816746E+003  0.771396745579227E+000  0.174410837761568E+001  0.848409920807974E-001  0.358843513398029E+000 -0.131028262406404E+000 -0.142718328408373E+003
  0.100000000000000E+001  0.282487712357828E+003  0.141953236997370E+001  0.101314250606238E+001  0.611592600002871E+000  0.101753211824907E+000 -0.131028262406404E+000 -0.141243856178914E+003
  0.100000000000000E+001  0.289197774949934E+003  0.118042617161516E+001  0.589937422597635E+000  0.185555331465770E+000  0.368061682527620E+000 -0.131028262406404E+000 -0.144598887474967E+003
  0.100000000000000E+001  0.280129877494612E+003  0.165428684520481E+000  0.124827405916122E+001  0.388693996850663E+000  0.452945750037293E+000 -0.131028262406404E+000 -0.140064938747306E+003
  0.100000000000000E+001  0.285007048115432E+003  0.146796731378529E+001  0.952279817944265E+000  0.835304024245635E+000  0.155303504427554E+000 -0.131028262406404E+000 -0.142503524057716E+003
  0.100000000000000E+001  0.304505895149746E+003  0.192046187477852E+001  0.147126789771923E+001  0.672049134677366E+000  0.393594678068856E+000 -0.131028262406404E+000 -0.152252947574873E+003
  0.100000000000000E+001  0.284410955846043E+003  0.193957561721173E+001  0.732625069991430E+000  0.981767917116910E+000  0.106760451681785E+000 -0.131028262406404E+000 -0.142205477923022E+003
  0.100000000000000E+001  0.309652849133021E+003  0.194739350975046E+001  0.132366315665363E+001  0.679372814683147E+000  0.460135229315353E+000 -0.131028262406404E+000 -0.154826424566510E+003
  0.100000000000000E+001  0.280691330113806E+003  0.543631190822907E+000  0.786266953447633E+000  0.901977354454436E+000  0.155312864155782E+000 -0.131028262406404E+000 -0.140345665056903E+003
  0.100000000000000E+001  0.287090439557572E+003  0.100291588332706E+001  0.175830712910867E+001  0.760428018770362E+000  0.318301828743191E+000 -0.131028262406404E+000 -0.143545219778786E+003
  0.100000000000000E+001  0.284878666407947E+003  0.186900898755514E+001  0.156654048077732E+001  0.252064271317133E+000  0.117437317953982E+000 -0.131028262406404E+000 -0.142439333203973E+003
  0.100000000000000E+001  0.284119908810866E+003  0.881591014781701E+000  0.191790021361908E+001  0.991136797653281E+000  0.244100689508776E+000 -0.131028262406404E+000 -0.142059954405433E+003
  0.100000000000000E+001  0.283737962176412E+003  0.493832931562838E+000  0.142273475842962E+001  0.352416635087078E+000  0.464416208505180E+000 -0.131028262406404E+000 -0.141868981088206E+003
  0.100000000000000E+001  0.284127470319465E+003  0.642106797180890E+000  0.763178317733224E+000  0.715816048203573E+000  0.376976589840855E+000 -0.131028262406404E+000 -0.142063735159732E+003
  0.100000000000000E+001  0.286139495542715E+003  0.187189935038859E+001  0.839727234989361E+000  0.438720318417764E+000  0.139258012510381E+000 -0.131028262406404E+000 -0.143069747771357E+003
  0.100000000000000E+001  0.283906103056104E+003  0.709934403241770E+000  0.116701927842259E+001  0.425649853975187E+000  0.291077255709906E+000 -0.131028262406404E+000 -0.141953051528052E+003
  0.100000000000000E+001  0.295132321651999E+003  0.148220951479652E+001  0.154474073232078E+001  0.375933442601070E+000  0.363295342830258E+000 -0.131028262406404E+000 -0.147566160826000E+003
  0.100000000000000E+001  0.279820339636842E+003  0.181172928917304E+000  0.132359110836062E+001  0.309166161365484E-001  0.294220973819906E+000 -0.131028262406404E+000 -0.139910169818421E+003
  0.100000000000000E+001  0.286876747818331E+003  0.910501785030456E+000  0.160634416888025E+001  0.689783757140886E+000  0.343788884553645E+000 -0.131028262406404E+000 -0.143438373909166E+003
  0.100000000000000E+001  0.284642792387792E+003  0.790265631765998E+000  0.650524348138374E+000  0.797206726084993E+000  0.325112446539581E+000 -0.131028262406404E+000 -0.142321396193896E+003
  0.100000000000000E+001  0.280267446709823E+003  0.287071239553727E+000  0.152084689256690E+001  0.432004625012952E-001  0.244572046027062E+000 -0.131028262406404E+000 -0.140133723354912E+003
  0.100000000000000E+001  0.281425413791118E+003  0.597589733927125E+000  0.801379112697723E+000  0.458413837624799E+000  0.190853988171204E+000 -0.131028262406404E+000 -0.140712706895559E+003
  0.100000000000000E+001  0.287192236179313E+003  0.803008256857490E+000  0.796237218776864E+000  0.424905508382686E+000  0.462810433699063E+000 -0.131028262406404E+000 -0.143596118089656E+003
  0.100000000000000E+001  0.301205220506583E+003  0.177515117434949E+001  0.132432050986867E+001  0.778609259578547E-001  0.383522291824875E+000 -0.131028262406404E+000 -0.150602610253292E+003
  0.100000000000000E+001  0.281899349207719E+003  0.566344934466336E+000  0.181949291853065E+001  0.906259689427701E+000  0.238159598119273E+000 -0.131028262406404E+000 -0.140949674603859E+003
  0.100000000000000E+001  0.284456224681273E+003  0.148164063335409E+001  0.174731616495303E+001  0.312669966871880E-001  0.141380150301156E+000 -0.131028262406404E+000 -0.142228112340636E+003
  0.100000000000000E+001  0.279449555954497E+003  0.152814060854713E+000  0.556696931298914E+000  0.227430529304162E+000  0.256981931111567E+000 -0.131028262406404E+000 -0.139724777977249E+003
  0.100000000000000E+001  0.280904535549004E+003  0.655890757374333E+000  0.976409109824425E+000  0.722222423682840E+000  0.138581567154367E+000 -0.131028262406404E+000 -0.140452267774502E+003
  0.100000000000000E+001  0.283702516828055E+003  0.126987883456830E+001  0.161068582898257E+001  0.157878714044145E+000  0.146268547913846E+000 -0.131028262406404E+000 -0.141851258414028E+003
  0.100000000000000E+001  0.292273324781203E+003  0.127259112606368E+001  0.631368264439696E+000  0.923299360046760E+000  0.439568551703422E+000 -0.131028262406404E+000 -0.146136662390601E+003
  0.100000000000000E+001  0.296511908938484E+003  0.183947026732330E+001  0.972499145526116E+000  0.966878007530262E+000  0.306474644297718E+000 -0.131028262406404E+000 -0.148255954469242E+003
  0.100000000000000E+001  0.285206746750562E+003  0.821592084707851E+000  0.147545016833758E+001  0.218603074770094E+000  0.304908284799531E+000 -0.131028262406404E+000 -0.142603373375281E+003
  0.100000000000000E+001  0.285637092163224E+003  0.611111042384530E+000  0.121977796254831E+001  0.979268441219217E+000  0.495858564324377E+000 -0.131028262406404E+000 -0.142818546081612E+003
  0.100000000000000E+001  0.299502135958040E+003  0.184188828912759E+001  0.130600214710435E+001  0.302345836704281E+000  0.339784381112822E+000 -0.131028262406404E+000 -0.149751067979020E+003
  0.100000000000000E+001  0.289748206892213E+003  0.122244115715698E+001  0.162676216413592E+001  0.261458370310812E+000  0.318759155169725E+000 -0.131028262406404E+000 -0.144874103446106E+003
  0.100000000000000E+001  0.291878986256905E+003  0.104277562191126E+001  0.112724604403574E+001  0.903110582082866E+000  0.475973457860301E+000 -0.131028262406404E+000 -0.145939493128453E+003
  0.100000000000000E+001  0.280565855377971E+003  0.315438115111248E+000  0.108736700173131E+001  0.175365759223802E+000  0.263840362412059E+000 -0.131028262406404E+000 -0.140282927688986E+003
  0.100000000000000E+001  0.285420133911819E+003  0.963431751615470E+000  0.806644193154275E+000  0.867843956454495E+000  0.272903937988549E+000 -0.131028262406404E+000 -0.142710066955909E+003
  0.100000000000000E+001  0.295332195475101E+003  0.178394646684377E+001  0.572442705457202E+000  0.384395989430892E+000  0.338794959886647E+000 -0.131028262406404E+000 -0.147666097737550E+003
  0.100000000000000E+001  0.286024711718628E+003  0.169992570572967E+001  0.113938457332044E+001  0.211666336139094E-001  0.150400055556069E+000 -0.131028262406404E+000 -0.143012355859314E+003
  0.100000000000000E+001  0.287966501721821E+003  0.114972985866903E+001  0.180570307056665E+001  0.946510992152719E+000  0.297206266809971E+000 -0.131028262406404E+000 -0.143983250860910E+003
  0.100000000000000E+001  0.280511507900785E+003  0.290838488837755E+000  0.536915741760722E+000  0.363420347101535E+000  0.321060784047426E+000 -0.131028262406404E+000 -0.140255753950392E+003
  0.100000000000000E+001  0.279411919259500E+003  0.136907473319530E+000  0.731387662048687E+000  0.721093288815427E+000  0.267959540233369E+000 -0.131028262406404E+000 -0.139705959629750E+003
  0.100000000000000E+001  0.286509459549853E+003  0.120659807727101E+001  0.125327088211350E+001  0.264991371723962E-001  0.230593501412314E+000 -0.131028262406404E+000 -0.143254729774926E+003
  0.100000000000000E+001  0.280440405396178E+003  0.469723737745314E+000  0.753795923570427E+000  0.799278478362023E+000  0.160072532839854E+000 -0.131028262406404E+000 -0.140220202698089E+003
  0.100000000000000E+001  0.301711097316062E+003  0.169218608391984E+001  0.191200049244235E+001  0.404932115806174E+000  0.475703506487088E+000 -0.131028262406404E+000 -0.150855548658031E+003
  0.100000000000000E+001  0.285197482714184E+003  0.115919587359085E+001  0.185380847833698E+001  0.906968140014253E+000  0.208527864776513E+000 -0.131028262406404E+000 -0.142598741357092E+003
  0.100000000000000E+001  0.311831811348291E+003  0.199870313445298E+001  0.124741615286694E+001  0.239788502519540E-001  0.476143770678092E+000 -0.131028262406404E+000 -0.155915905674146E+003
  0.100000000000000E+001  0.282078690164478E+003  0.113187379376685E+001  0.786529536806982E+000  0.323229147124102E+000  0.116880090644185E+000 -0.131028262406404E+000 -0.141039345082239E+003
  0.100000000000000E+001  0.280101472402070E+003  0.161690977816910E+000  0.125497478139778E+001  0.424889914269579E+000  0.456756445106470E+000 -0.131028262406404E+000 -0.140050736201035E+003
  0.100000000000000E+001  0.283943760946210E+003  0.838941153579309E+000  0.141228218634394E+001  0.402896752976644E+000  0.239443332503024E+000 -0.131028262406404E+000 -0.141971880473105E+003
  0.100000000000000E+001  0.279753860468742E+003  0.174911335490672E+000  0.191182203663253E+001  0.948933738430871E+000  0.314470152372221E+000 -0.131028262406404E+000 -0.139876930234371E+003
  0.100000000000000E+001  0.286775309361174E+003  0.183546287467198E+001  0.189846933339195E+001  0.219108030943119E+000  0.152571948806861E+000 -0.131028262406404E+000 -0.143387654680587E+003
  0.100000000000000E+001  0.284574737401656E+003  0.630222532122400E+000  0.167775142244068E+001  0.189574923407111E+000  0.405922955885076E+000 -0.131028262406404E+000 -0.142287368700828E+003
  0.100000000000000E+001  0.304417598858796E+003  0.175102109599109E+001  0.919512291139591E+000  0.648496580529456E+000  0.480259931826356E+000 -0.131028262406404E+000 -0.152208799429398E+003
  0.100000000000000E+001  0.288879870058255E+003  0.120364134823120E+001  0.189607899149089E+001  0.133266726683532E+000  0.314983304093677E+000 -0.131028262406404E+000 -0.144439935029127E+003
  0.100000000000000E+001  0.280745452700833E+003  0.452310026014575E+000  0.148151581709572E+001  0.207583532922727E+000  0.191012692246964E+000 -0.131028262406404E+000 -0.140372726350416E+003
  0.100000000000000E+001  0.281539715936571E+003  0.597131780136805E+000  0.176404103468873E+001  0.437515482715703E+000  0.196743002564174E+000 -0.131028262406404E+000 -0.140769857968286E+003
  0.100000000000000E+001  0.285751537683687E+003  0.737744629311435E+000  0.625395662296430E+000  0.907110139438526E-001  0.458114836322206E+000 -0.131028262406404E+000 -0.142875768841843E+003
  0.100000000000000E+001  0.283385236192127E+003  0.499740456808550E+000  0.108699667478038E+001  0.676276138094510E+000  0.414881474468751E+000 -0.131028262406404E+000 -0.141692618096063E+003
  0.100000000000000E+001  0.281071656428368E+003  0.336932679810829E+000  0.844862606234030E+000  0.295455071486405E+000  0.330392071091083E+000 -0.131028262406404E+000 -0.140535828214184E+003
  0.100000000000000E+001  0.297685218882309E+003  0.146493812084368E+001  0.995433062989468E+000  0.717695903292977E+000  0.442384369679611E+000 -0.131028262406404E+000 -0.148842609441154E+003
  0.100000000000000E+001  0.282460389858391E+003  0.604529528929197E+000  0.137795013054348E+001  0.706862182337584E+000  0.251810978888927E+000 -0.131028262406404E+000 -0.141230194929196E+003
  0.100000000000000E+001  0.295909565171314E+003  0.169120612926290E+001  0.195211396903524E+001  0.907478119062973E-001  0.345706990209312E+000 -0.131028262406404E+000 -0.147954782585657E+003
  0.100000000000000E+001  0.279954256236422E+003  0.159941265521234E+000  0.147075846162418E+001  0.640659915217152E-001  0.407351895212696E+000 -0.131028262406404E+000 -0.139977128118211E+003
  0.100000000000000E+001  0.283085125444431E+003  0.454596313037179E+000  0.171145285220394E+001  0.314997173589548E+000  0.484535950121939E+000 -0.131028262406404E+000 -0.141542562722216E+003
  0.100000000000000E+001  0.288511853894041E+003  0.117467541855660E+001  0.908755407248754E+000  0.846800316636579E+000  0.307098159411766E+000 -0.131028262406404E+000 -0.144255926947020E+003
  0.100000000000000E+001  0.297888510052926E+003  0.143972053984053E+001  0.120092040634227E+001  0.642254218397142E+000  0.441654984781886E+000 -0.131028262406404E+000 -0.148944255026463E+003
  0.100000000000000E+001  0.292549235023778E+003  0.191887749742229E+001  0.184216547510335E+001  0.591621207756417E+000  0.232326622921731E+000 -0.131028262406404E+000 -0.146274617511889E+003
  0.100000000000000E+001  0.289731636446048E+003  0.109905140593169E+001  0.727934555335627E+000  0.252596935582779E+000  0.406907322039253E+000 -0.131028262406404E+000 -0.144865818223024E+003
  0.100000000000000E+001  0.284543846563875E+003  0.827779583743906E+000  0.113130434828914E+001  0.823193928361576E-001  0.272495027577057E+000 -0.131028262406404E+000 -0.142271923281937E+003
  0.100000000000000E+001  0.297882391815894E+003  0.180494746171912E+001  0.604561819973614E+000  0.954581019909678E+000  0.386667573246920E+000 -0.131028262406404E+000 -0.148941195907947E+003
  0.100000000000000E+001  0.279662502719668E+003  0.377382155404593E+000  0.148814688043607E+001  0.244125539711556E+000  0.112871516895921E+000 -0.131028262406404E+000 -0.139831251359834E+003
  0.100000000000000E+001  0.282754543151279E+003  0.809876869359908E+000  0.629138700090281E+000  0.907853812532881E+000  0.205558035173318E+000 -0.131028262406404E+000 -0.141377271575640E+003
  0.100000000000000E+001  0.283532696760728E+003  0.771009378111910E+000  0.733447139265648E+000  0.559356280825355E+000  0.258609924059890E+000 -0.131028262406404E+000 -0.141766348380364E+003
  0.100000000000000E+001  0.280564309921929E+003  0.237772363651421E+000  0.154749329939861E+001  0.271267365751476E+000  0.386337221003465E+000 -0.131028262406404E+000 -0.140282154960965E+003
  0.100000000000000E+001  0.282845965843697E+003  0.952593555377959E+000  0.181387580986856E+001  0.920655522626937E+000  0.169234742438785E+000 -0.131028262406404E+000 -0.141422982921849E+003
  0.100000000000000E+001  0.280787252182848E+003  0.357401544097422E+000  0.117995261059986E+001  0.244994143204804E+000  0.254800051498483E+000 -0.131028262406404E+000 -0.140393626091424E+003
  0.100000000000000E+001  0.284079150904308E+003  0.662999373835785E+000  0.127833634275312E+001  0.838570141405028E+000  0.326382583106354E+000 -0.131028262406404E+000 -0.142039575452154E+003
  0.100000000000000E+001  0.284220989020242E+003  0.142846180637848E+001  0.109119070411887E+001  0.540388752244786E+000  0.141220312654373E+000 -0.131028262406404E+000 -0.142110494510121E+003
  0.100000000000000E+001  0.288762626603904E+003  0.162519455027587E+001  0.713014338305563E+000  0.857927384386087E+000  0.217742471715977E+000 -0.131028262406404E+000 -0.144381313301952E+003
  0.100000000000000E+001  0.281180782131645E+003  0.330870208779897E+000  0.119088669140612E+001  0.970667478505857E-001  0.338923478730912E+000 -0.131028262406404E+000 -0.140590391065823E+003
  0.100000000000000E+001  0.294395377322192E+003  0.191225669202761E+001  0.183160187225573E+001  0.630150691928091E+000  0.260753763823758E+000 -0.131028262406404E+000 -0.147197688661096E+003
  0.100000000000000E+001  0.291394621566276E+003  0.103661709046674E+001  0.923098107307397E+000  0.724053806630678E+000  0.482870272048310E+000 -0.131028262406404E+000 -0.145697310783138E+003
  0.100000000000000E+001  0.303436224901603E+003  0.176616917630613E+001  0.103439665644280E+001  0.738087901789112E+000  0.439912511765113E+000 -0.131028262406404E+000 -0.151718112450801E+003
  0.100000000000000E+001  0.284714605433918E+003  0.110642347106222E+001  0.706915235407057E+000  0.662399867656588E+000  0.208957363027327E+000 -0.131028262406404E+000 -0.142357302716959E+003
  0.100000000000000E+001  0.281942999907579E+003  0.520044848905621E+000  0.107197622597040E+001  0.231765681692947E+000  0.261186268409689E+000 -0.131028262406404E+000 -0.140971499953789E+003
  0.100000000000000E+001  0.279442798206149E+003  0.314945741542072E+000  0.110535769116553E+001  0.964285892311515E+000  0.107299562381915E+000 -0.131028262406404E+000 -0.139721399103075E+003
  0.100000000000000E+001  0.282548637559420E+003  0.528772618559228E+000  0.194968386319561E+001  0.932764492702618E+000  0.336100443738611E+000 -0.131028262406404E+000 -0.141274318779710E+003
  0.100000000000000E+001  0.294095705990097E+003  0.181147287175965E+001  0.716408575818179E+000  0.530705226137486E+000  0.288167624406105E+000 -0.131028262406404E+000 -0.147047852995048E+003
  0.100000000000000E+001  0.288980024823127E+003  0.151131204357252E+001  0.655416466232350E+000  0.814545510715891E+000  0.246316876662536E+000 -0.131028262406404E+000 -0.144490012411564E+003
  0.100000000000000E+001  0.288408863367260E+003  0.181616025227254E+001  0.100133826263927E+001  0.362302646323534E+000  0.179968984172590E+000 -0.131028262406404E+000 -0.144204431683630E+003
  0.100000000000000E+001  0.283702970266466E+003  0.904704503354277E+000  0.696907962838210E+000  0.704687553887384E+000  0.221247831913975E+000 -0.131028262406404E+000 -0.141851485133233E+003
  0.100000000000000E+001  0.286172367372851E+003  0.143577348247020E+001  0.109653473965551E+001  0.931981264984822E+000  0.183823425886058E+000 -0.131028262406404E+000 -0.143086183686426E+003
  0.100000000000000E+001  0.284128193960293E+003  0.192263234197815E+001  0.142083488869331E+001  0.301988741794929E+000  0.101908069557502E+000 -0.131028262406404E+000 -0.142064096980146E+003
  0.100000000000000E+001  0.284239315121992E+003  0.647860681280693E+000  0.706077907769243E+000  0.289143823249817E-001  0.390926871618720E+000 -0.131028262406404E+000 -0.142119657560996E+003
  0.100000000000000E+001  0.283233090829817E+003  0.440709555639861E+000  0.130409631263673E+001  0.138790157501579E+000  0.477437340005054E+000 -0.131028262406404E+000 -0.141616545414908E+003
  0.100000000000000E+001  0.297506215483834E+003  0.169624675456567E+001  0.116483452730207E+001  0.711865282971915E+000  0.347496944623049E+000 -0.131028262406404E+000 -0.148753107741917E+003
  0.100000000000000E+001  0.282665182642457E+003  0.866981840010298E+000  0.865251884562855E+000  0.205873362176249E+000  0.180616464147726E+000 -0.131028262406404E+000 -0.141332591321229E+003
  0.100000000000000E+001  0.280860879385567E+003  0.491538040575555E+000  0.154671553429409E+001  0.894402184486482E+000  0.184331029685471E+000 -0.131028262406404E+000 -0.140430439692783E+003
  0.100000000000000E+001  0.287338778255434E+003  0.131855976791499E+001  0.199490948294580E+001  0.381996631364243E+000  0.240548151804673E+000 -0.131028262406404E+000 -0.143669389127717E+003
  0.100000000000000E+001  0.294542043867816E+003  0.167811148013694E+001  0.110736937998271E+001  0.146303812215123E+000  0.302191517068883E+000 -0.131028262406404E+000 -0.147271021933908E+003
  0.100000000000000E+001  0.284147561254567E+003  0.187741515692330E+001  0.160030904062152E+001  0.592937377355928E+000  0.104881545254922E+000 -0.131028262406404E+000 -0.142073780627284E+003
  0.100000000000000E+001  0.284827317077059E+003  0.569675038528712E+000  0.127952616953337E+001  0.848861922767011E+000  0.471919844401459E+000 -0.131028262406404E+000 -0.142413658538529E+003
  0.100000000000000E+001  0.296070214564598E+003  0.199361702213640E+001  0.188605125493715E+001  0.586569272537397E+000  0.274112478724216E+000 -0.131028262406404E+000 -0.148035107282299E+003
  0.100000000000000E+001  0.290618774143920E+003  0.115238298721365E+001  0.154724967992890E+001  0.739570433354130E+000  0.369327115373749E+000 -0.131028262406404E+000 -0.145309387071960E+003
  0.100000000000000E+001  0.280468365148088E+003  0.436857440146684E+000  0.662604987485352E+000  0.284307191111458E+000  0.178101281113927E+000 -0.131028262406404E+000 -0.140234182574044E+003
  0.100000000000000E+001  0.282002682233860E+003  0.478855620047793E+000  0.117985672567839E+001  0.356390005339048E+000  0.291923438999024E+000 -0.131028262406404E+000 -0.141001341116930E+003
  0.100000000000000E+001  0.281112169459770E+003  0.379388961456891E+000  0.102317353751505E+001  0.754756412439818E+000  0.280267313294546E+000 -0.131028262406404E+000 -0.140556084729885E+003
  0.100000000000000E+001  0.280216002762571E+003  0.601640011871841E+000  0.812541248186117E+000  0.546641149237603E+000  0.107118477914237E+000 -0.131028262406404E+000 -0.140108001381286E+003
  0.100000000000000E+001  0.292827058803022E+003  0.112755732443859E+001  0.160706758665433E+001  0.499583165801245E+000  0.469439850722384E+000 -0.131028262406404E+000 -0.146413529401511E+003
  0.100000000000000E+001  0.281417608099600E+003  0.434931554660197E+000  0.189536477055471E+001  0.795455694023085E+000  0.282636938698820E+000 -0.131028262406404E+000 -0.140708804049800E+003
  0.100000000000000E+001  0.289206511802376E+003  0.134259994775845E+001  0.116810468766924E+001  0.602915788220372E+000  0.269078833979202E+000 -0.131028262406404E+000 -0.144603255901188E+003
  0.100000000000000E+001  0.304113334026292E+003  0.193149287820421E+001  0.189205086782798E+001  0.412783112922560E+000  0.420967782589909E+000 -0.131028262406404E+000 -0.152056667013146E+003
  0.100000000000000E+001  0.288868873416335E+003  0.149622990362988E+001  0.143081608103326E+001  0.142797405597205E-001  0.229123485968682E+000 -0.131028262406404E+000 -0.144434436708167E+003
  0.100000000000000E+001  0.294658473794665E+003  0.158174894218229E+001  0.123527986900740E+001  0.854659705696454E+000  0.323616996651380E+000 -0.131028262406404E+000 -0.147329236897332E+003
  0.100000000000000E+001  0.287120288662405E+003  0.940605174580651E+000  0.586537797419100E+000  0.444122051265515E+000  0.400189626523402E+000 -0.131028262406404E+000 -0.143560144331202E+003
  0.100000000000000E+001  0.288299200240861E+003  0.105697943866019E+001  0.691416232273772E+000  0.299141972022680E+000  0.371639435758215E+000 -0.131028262406404E+000 -0.144149600120431E+003
  0.100000000000000E+001  0.290781272930693E+003  0.133747256790100E+001  0.108347586817911E+001  0.432256234675099E+000  0.311114142185746E+000 -0.131028262406404E+000 -0.145390636465347E+003
  0.100000000000000E+001  0.283858586347806E+003  0.656297740676857E+000  0.192963307383719E+001  0.687878473987956E+000  0.349702229874198E+000 -0.131028262406404E+000 -0.141929293173903E+003
  0.100000000000000E+001  0.282341201389351E+003  0.959122863455518E+000  0.171075221824739E+001  0.721323790184156E+000  0.147985913970064E+000 -0.131028262406404E+000 -0.141170600694675E+003
  0.100000000000000E+001  0.302571946032422E+003  0.185363751978642E+001  0.103984764193671E+001  0.357458487236261E+000  0.396113979081804E+000 -0.131028262406404E+000 -0.151285973016211E+003
  0.100000000000000E+001  0.300938848417718E+003  0.168421753752296E+001  0.168212071633530E+001  0.851284982844379E+000  0.422444033832828E+000 -0.131028262406404E+000 -0.150469424208859E+003
  0.100000000000000E+001  0.290357367304286E+003  0.157077849052573E+001  0.138581454274439E+001  0.347466568505436E+000  0.244625046985370E+000 -0.131028262406404E+000 -0.145178683652143E+003
  0.100000000000000E+001  0.284337048424524E+003  0.907056619314807E+000  0.166224346466880E+001  0.587265536126180E+000  0.237573018130694E+000 -0.131028262406404E+000 -0.142168524212262E+003
  0.100000000000000E+001  0.285716936160883E+003  0.817337890930122E+000  0.166759878580577E+001  0.468554601421502E+000  0.340334137393054E+000 -0.131028262406404E+000 -0.142858468080441E+003
  0.100000000000000E+001  0.283426911533280E+003  0.653842983670119E+000  0.190626023080283E+001  0.668019271940114E+000  0.311957650633254E+000 -0.131028262406404E+000 -0.141713455766640E+003
  0.100000000000000E+001  0.280121282996085E+003  0.182258614403711E+000  0.680184497114016E+000  0.745682321492285E+000  0.440812635680043E+000 -0.131028262406404E+000 -0.140060641498042E+003
  0.100000000000000E+001  0.294844110644465E+003  0.163192267960971E+001  0.665889453658867E+000  0.830397429617772E+000  0.358529437142556E+000 -0.131028262406404E+000 -0.147422055322233E+003
  0.100000000000000E+001  0.288872058539861E+003  0.974720191424372E+000  0.183106156007959E+001  0.967052456764398E+000  0.427799218803176E+000 -0.131028262406404E+000 -0.144436029269931E+003
  0.100000000000000E+001  0.279191516654115E+003  0.101746855410793E+000  0.180539766468124E+001  0.410526224648832E+000  0.255855154162317E+000 -0.131028262406404E+000 -0.139595758327057E+003
  0.100000000000000E+001  0.280699922144935E+003  0.241339468907986E+000  0.173434688412505E+001  0.162636280411531E+000  0.451857882235264E+000 -0.131028262406404E+000 -0.140349961072467E+003
  0.100000000000000E+001  0.285040850613367E+003  0.133378674553240E+001  0.115049857418611E+001  0.361854053210879E+000  0.171582854451989E+000 -0.131028262406404E+000 -0.142520425306683E+003
  0.100000000000000E+001  0.304605761932996E+003  0.176593562450678E+001  0.183950613583387E+001  0.108241071215078E+000  0.491435241382813E+000 -0.131028262406404E+000 -0.152302880966498E+003
  0.100000000000000E+001  0.282447380492782E+003  0.471899622892298E+000  0.746118570758318E+000  0.226545240848599E+000  0.374121744458888E+000 -0.131028262406404E+000 -0.141223690246391E+003
  0.100000000000000E+001  0.281789435585335E+003  0.762280777327230E+000  0.146420303546867E+001  0.286157556427639E+000  0.161197441114603E+000 -0.131028262406404E+000 -0.140894717792668E+003
  0.100000000000000E+001  0.285644362852373E+003  0.773541636723650E+000  0.826535338972956E+000  0.245787400690104E+000  0.378985510345385E+000 -0.131028262406404E+000 -0.142822181426187E+003
  0.100000000000000E+001  0.282262064770524E+003  0.401014462236330E+000  0.128938715585248E+001  0.741382353273582E+000  0.401292557490688E+000 -0.131028262406404E+000 -0.141131032385262E+003
  0.100000000000000E+001  0.279406729160488E+003  0.103570239625482E+000  0.136518016926738E+001  0.590651929959986E+000  0.358818908287064E+000 -0.131028262406404E+000 -0.139703364580244E+003
  0.100000000000000E+001  0.279791467149611E+003  0.206102481474456E+000  0.172486778430127E+001  0.668952919479503E+000  0.251418873656937E+000 -0.131028262406404E+000 -0.139895733574806E+003
  0.100000000000000E+001  0.279890311551238E+003  0.376569887984746E+000  0.141584115481127E+001  0.264015487030712E+000  0.137901887436683E+000 -0.131028262406404E+000 -0.139945155775619E+003
  0.100000000000000E+001  0.283540618855056E+003  0.989341476974055E+000  0.139715654280340E+001  0.337927062037645E+000  0.184782472303412E+000 -0.131028262406404E+000 -0.141770309427528E+003
  0.100000000000000E+001  0.289467982560541E+003  0.105022439304621E+001  0.672791229564926E+000  0.926068000639972E+000  0.436595947702565E+000 -0.131028262406404E+000 -0.144733991280271E+003
  0.100000000000000E+001  0.291599952914780E+003  0.148040616657548E+001  0.106312530367604E+001  0.274453042926035E+000  0.292727728116016E+000 -0.131028262406404E+000 -0.145799976457390E+003
  0.100000000000000E+001  0.287861646769704E+003  0.889265628519722E+000  0.751267406842329E+000  0.723153682589086E+000  0.444031706597678E+000 -0.131028262406404E+000 -0.143930823384852E+003
  0.100000000000000E+001  0.282635670368634E+003  0.139272194150299E+001  0.827710928262432E+000  0.868590143696007E+000  0.107920831976080E+000 -0.131028262406404E+000 -0.141317835184317E+003
  0.100000000000000E+001  0.283296271084729E+003  0.103730327196787E+001  0.150508226729193E+001  0.530461598063478E+000  0.167650997274533E+000 -0.131028262406404E+000 -0.141648135542365E+003
  0.100000000000000E+001  0.281092117415090E+003  0.879037493563734E+000  0.112526122025187E+001  0.980924875027031E+000  0.109712227894171E+000 -0.131028262406404E+000 -0.140546058707545E+003
  0.100000000000000E+001  0.296835374868352E+003  0.128740527817374E+001  0.136880664505630E+001  0.853344763376040E+000  0.489878898611915E+000 -0.131028262406404E+000 -0.148417687434176E+003
  0.100000000000000E+001  0.285390775149278E+003  0.104761452833550E+001  0.137853227321238E+001  0.961275109523192E+000  0.234151884335902E+000 -0.131028262406404E+000 -0.142695387574639E+003
  0.100000000000000E+001  0.282154531296646E+003  0.624356707493555E+000  0.120002753904201E+001  0.803788166480006E+000  0.223536225771971E+000 -0.131028262406404E+000 -0.141077265648323E+003
  0.100000000000000E+001  0.286587715010294E+003  0.828204525581551E+000  0.191635276503766E+001  0.460831056134982E+000  0.420461222219356E+000 -0.131028262406404E+000 -0.143293857505147E+003
  0.100000000000000E+001  0.307670936399054E+003  0.191145626440000E+001  0.123380051996130E+001  0.395055978742576E+000  0.444897384503614E+000 -0.131028262406404E+000 -0.153835468199527E+003
  0.100000000000000E+001  0.280112230271921E+003  0.162022835027783E+000  0.143237897837821E+001  0.661671177610029E+000  0.474876629423346E+000 -0.131028262406404E+000 -0.140056115135960E+003
  0.100000000000000E+001  0.295042769808051E+003  0.135847904938818E+001  0.113512406891331E+001  0.869424059914820E+000  0.409171861176526E+000 -0.131028262406404E+000 -0.147521384904026E+003
  0.100000000000000E+001  0.289408179292547E+003  0.110298382252119E+001  0.111175523195852E+001  0.327325180896301E+000  0.352023043076797E+000 -0.131028262406404E+000 -0.144704089646273E+003
  0.100000000000000E+001  0.302225114370343E+003  0.180459744260899E+001  0.104565187611140E+001  0.827719337240491E+000  0.404709741296617E+000 -0.131028262406404E+000 -0.151112557185171E+003
  0.100000000000000E+001  0.293170197622762E+003  0.142039341306886E+001  0.698516725378422E+000  0.209563877703240E+000  0.384344456969585E+000 -0.131028262406404E+000 -0.146585098811381E+003
  0.100000000000000E+001  0.282977069773556E+003  0.513760988038393E+000  0.197416011574520E+001  0.626387157405917E-001  0.423148257212535E+000 -0.131028262406404E+000 -0.141488534886778E+003
  0.100000000000000E+001  0.287534860800276E+003  0.994575054182479E+000  0.177109769440982E+001  0.471933007564119E-001  0.341791743227127E+000 -0.131028262406404E+000 -0.143767430400138E+003
  0.100000000000000E+001  0.286818156095535E+003  0.188825820776746E+001  0.705528646492116E+000  0.852619353183931E+000  0.150357406834365E+000 -0.131028262406404E+000 -0.143409078047768E+003
  0.100000000000000E+001  0.285280489054045E+003  0.838464644813055E+000  0.640028508002783E+000  0.104760027513796E+000  0.339225822133924E+000 -0.131028262406404E+000 -0.142640244527023E+003
  0.100000000000000E+001  0.281909862423759E+003  0.882305575542316E+000  0.542841740437763E+000  0.356894303844810E+000  0.148181980230611E+000 -0.131028262406404E+000 -0.140954931211880E+003
  0.100000000000000E+001  0.282470011704765E+003  0.511603562000978E+000  0.197560325040404E+001  0.500181722884047E+000  0.348763676442686E+000 -0.131028262406404E+000 -0.141235005852382E+003
  0.100000000000000E+001  0.279258627329435E+003  0.119367262399875E+000  0.547846204434129E+000  0.431613136003578E-001  0.253734187642263E+000 -0.131028262406404E+000 -0.139629313664718E+003
  0.100000000000000E+001  0.285214488233282E+003  0.703375598590320E+000  0.720144516690991E+000  0.248866063938311E+000  0.421477313973911E+000 -0.131028262406404E+000 -0.142607244116641E+003
  0.100000000000000E+001  0.290541140171592E+003  0.143531652955550E+001  0.187118169878745E+001  0.670236680674498E+000  0.288703432287787E+000 -0.131028262406404E+000 -0.145270570085796E+003
  0.100000000000000E+001  0.290272096889575E+003  0.121166482177717E+001  0.132164401326450E+001  0.518809239272508E+000  0.331950357206881E+000 -0.131028262406404E+000 -0.145136048444787E+003
  0.100000000000000E+001  0.285913072560912E+003  0.101677851584610E+001  0.188712362631433E+001  0.244370925884090E+000  0.273098393076414E+000 -0.131028262406404E+000 -0.142956536280456E+003
  0.100000000000000E+001  0.283694575402329E+003  0.127955121319099E+001  0.861130965699464E+000  0.223506309821478E-001  0.146459206458128E+000 -0.131028262406404E+000 -0.141847287701165E+003
  0.100000000000000E+001  0.279737789007003E+003  0.375277982828487E+000  0.714978634751376E+000  0.478944826695282E-001  0.123477758301669E+000 -0.131028262406404E+000 -0.139868894503502E+003
  0.100000000000000E+001  0.291835312891443E+003  0.150930435484941E+001  0.163194408984789E+001  0.275903970560793E+000  0.288780905838950E+000 -0.131028262406404E+000 -0.145917656445722E+003
  0.100000000000000E+001  0.296000831217128E+003  0.176097112984349E+001  0.108818173608184E+001  0.805627851767711E+000  0.309469370109050E+000 -0.131028262406404E+000 -0.148000415608564E+003
  0.100000000000000E+001  0.286142640972285E+003  0.107722038844359E+001  0.147320113182004E+001  0.104980495212587E-001  0.251051155403041E+000 -0.131028262406404E+000 -0.143071320486142E+003
  0.100000000000000E+001  0.285891579083364E+003  0.732198773718179E+000  0.127357859091473E+001  0.829651998827561E+000  0.393873829102815E+000 -0.131028262406404E+000 -0.142945789541682E+003
  0.100000000000000E+001  0.280948723518190E+003  0.555762619829264E+000  0.124750902287447E+001  0.226165767497818E+000  0.167294814747317E+000 -0.131028262406404E+000 -0.140474361759095E+003
  0.100000000000000E+001  0.282145791656050E+003  0.980933365282593E+000  0.567952103327821E+000  0.827810947950247E+000  0.140775222504236E+000 -0.131028262406404E+000 -0.141072895828025E+003
  0.100000000000000E+001  0.300858674593265E+003  0.164419016626212E+001  0.138067871662231E+001  0.102133829938084E-001  0.419912534924703E+000 -0.131028262406404E+000 -0.150429337296632E+003
  0.100000000000000E+001  0.280828657195848E+003  0.284655845538368E+000  0.101319464907703E+001  0.151659642433752E+000  0.351943467641821E+000 -0.131028262406404E+000 -0.140414328597924E+003
  0.100000000000000E+001  0.281090586093131E+003  0.492401486503438E+000  0.147813489668475E+001  0.472900041289982E+000  0.202752706189221E+000 -0.131028262406404E+000 -0.140545293046566E+003
  0.100000000000000E+001  0.288283706928168E+003  0.197966775688231E+001  0.178373907956348E+001  0.502002596794248E+000  0.162040540182340E+000 -0.131028262406404E+000 -0.144141853464084E+003
  0.100000000000000E+001  0.283215953885747E+003  0.100481401343147E+001  0.148726603260830E+001  0.364864957068101E+000  0.170642805209872E+000 -0.131028262406404E+000 -0.141607976942874E+003
  0.100000000000000E+001  0.287449867826134E+003  0.119050107805371E+001  0.806523509198747E+000  0.216347431674369E+000  0.274202993733940E+000 -0.131028262406404E+000 -0.143724933913067E+003
  0.100000000000000E+001  0.282491449576662E+003  0.448910902588759E+000  0.143577203056157E+001  0.591390948728462E+000  0.371605085620498E+000 -0.131028262406404E+000 -0.141245724788331E+003
  0.100000000000000E+001  0.300398830321157E+003  0.189205704090590E+001  0.196420782500561E+001  0.684079425745686E+000  0.376235695984310E+000 -0.131028262406404E+000 -0.150199415160579E+003
  0.100000000000000E+001  0.280230285116229E+003  0.209111220340306E+000  0.169442738427845E+001  0.169376477085191E+000  0.372889633802652E+000 -0.131028262406404E+000 -0.140115142558114E+003
  0.100000000000000E+001  0.287851420603223E+003  0.100131005552812E+001  0.122976281277646E+001  0.909725040252771E+000  0.336146719098447E+000 -0.131028262406404E+000 -0.143925710301611E+003
  0.100000000000000E+001  0.281069660852315E+003  0.510363526683115E+000  0.139240940212080E+001  0.697059077479218E+000  0.192910732767671E+000 -0.131028262406404E+000 -0.140534830426158E+003
  0.100000000000000E+001  0.292206291601198E+003  0.113653485091129E+001  0.190963531107384E+001  0.429777058001117E+000  0.499267933091832E+000 -0.131028262406404E+000 -0.146103145800599E+003
  0.100000000000000E+001  0.290947685972525E+003  0.100780657775551E+001  0.135242103588062E+001  0.865183425614435E+000  0.455663313116312E+000 -0.131028262406404E+000 -0.145473842986262E+003
  0.100000000000000E+001  0.290493698489259E+003  0.153357570978894E+001  0.169007707714303E+001  0.752918231262984E+000  0.257838469785315E+000 -0.131028262406404E+000 -0.145246849244630E+003
  0.100000000000000E+001  0.290276710930854E+003  0.129093166680332E+001  0.189835754741696E+001  0.367246440289288E+000  0.328270341902778E+000 -0.131028262406404E+000 -0.145138355465427E+003
  0.100000000000000E+001  0.282161555642457E+003  0.480866598771572E+000  0.511128265645722E+000  0.571937245645382E+000  0.366538794755676E+000 -0.131028262406404E+000 -0.141080777821228E+003
  0.100000000000000E+001  0.301998346146665E+003  0.156368821254629E+001  0.121777073619359E+001  0.651635331535932E+000  0.479138574535353E+000 -0.131028262406404E+000 -0.150999173073332E+003
  0.100000000000000E+001  0.280299414985704E+003  0.233157535747582E+000  0.196618410144554E+001  0.987701316480212E+000  0.373022824266880E+000 -0.131028262406404E+000 -0.140149707492852E+003
  0.100000000000000E+001  0.286704153979456E+003  0.115784746109085E+001  0.128013764255646E+001  0.641223949134111E+000  0.247090933062678E+000 -0.131028262406404E+000 -0.143352076989728E+003
  0.100000000000000E+001  0.298077468692834E+003  0.173303711168104E+001  0.172746741693509E+001  0.603642545323359E+000  0.355092089991405E+000 -0.131028262406404E+000 -0.149038734346417E+003
  0.100000000000000E+001  0.282001802032440E+003  0.782458841514295E+000  0.195861116887723E+001  0.366922543441995E+000  0.171064585928064E+000 -0.131028262406404E+000 -0.141000901016220E+003
  0.100000000000000E+001  0.288033320954386E+003  0.146884707602975E+001  0.674598539899994E+000  0.738839483083603E+000  0.230678931264213E+000 -0.131028262406404E+000 -0.144016660477193E+003
  0.100000000000000E+001  0.288247611616483E+003  0.938803541560783E+000  0.112281372853249E+001  0.800168911809579E-001  0.386732015323673E+000 -0.131028262406404E+000 -0.144123805808242E+003
  0.100000000000000E+001  0.281592369384590E+003  0.801073983869547E+000  0.110168801302073E+001  0.708065655590290E+000  0.144207716581451E+000 -0.131028262406404E+000 -0.140796184692295E+003
  0.100000000000000E+001  0.281409061765257E+003  0.719549006057179E+000  0.196998954530002E+001  0.678049412203488E+000  0.154834885722101E+000 -0.131028262406404E+000 -0.140704530882629E+003
  0.100000000000000E+001  0.280242010743523E+003  0.331975529129283E+000  0.755338951463915E+000  0.900795351583710E+000  0.210154084488117E+000 -0.131028262406404E+000 -0.140121005371761E+003
  0.100000000000000E+001  0.295958919923197E+003  0.192176657849359E+001  0.109820134459196E+001  0.846323812343847E+000  0.277170358088891E+000 -0.131028262406404E+000 -0.147979459961598E+003
  0.100000000000000E+001  0.282071002390313E+003  0.811824053173239E+000  0.169788021353961E+001  0.479398957368629E+000  0.164654684801511E+000 -0.131028262406404E+000 -0.141035501195156E+003
  0.100000000000000E+001  0.287444494729212E+003  0.828498032503946E+000  0.139472267071940E+001  0.690912055603042E+000  0.414041262782903E+000 -0.131028262406404E+000 -0.143722247364606E+003
  0.100000000000000E+001  0.286035382944902E+003  0.119427437575195E+001  0.187815662268341E+001  0.990171584805495E+000  0.226942657039359E+000 -0.131028262406404E+000 -0.143017691472451E+003
  0.100000000000000E+001  0.295711025325946E+003  0.158724531207445E+001  0.762779447273489E+000  0.473769600986251E+000  0.379510300402780E+000 -0.131028262406404E+000 -0.147855512662973E+003
  0.100000000000000E+001  0.285506242130021E+003  0.822740255633095E+000  0.761148832397555E+000  0.489748441357398E+000  0.346564968002310E+000 -0.131028262406404E+000 -0.142753121065010E+003
  0.100000000000000E+001  0.282751280105081E+003  0.409567820553270E+000  0.132157818863752E+001  0.338015971625541E+000  0.461165570413604E+000 -0.131028262406404E+000 -0.141375640052540E+003
  0.100000000000000E+001  0.293931540594166E+003  0.143175834754787E+001  0.146562722978361E+001  0.458390707348810E+000  0.350893515768355E+000 -0.131028262406404E+000 -0.146965770297083E+003
  0.100000000000000E+001  0.287706037172050E+003  0.101629199532979E+001  0.120754414537202E+001  0.731341059456370E-001  0.324982058387212E+000 -0.131028262406404E+000 -0.143853018586025E+003
  0.100000000000000E+001  0.282476891324698E+003  0.438138144942580E+000  0.158071770904745E+001  0.576410454732396E-001  0.392193617361770E+000 -0.131028262406404E+000 -0.141238445662349E+003
  0.100000000000000E+001  0.290403835464498E+003  0.128141867624164E+001  0.589333861530569E+000  0.617302407294147E+000  0.370221952506497E+000 -0.131028262406404E+000 -0.145201917732249E+003
  0.100000000000000E+001  0.284731641680274E+003  0.822397450369209E+000  0.189714363932423E+001  0.620640287716275E+000  0.299358698079658E+000 -0.131028262406404E+000 -0.142365820840137E+003
  0.100000000000000E+001  0.284220214710064E+003  0.159529066264557E+001  0.140452709060103E+001  0.150020649968882E+000  0.125346856902419E+000 -0.131028262406404E+000 -0.142110107355032E+003
  0.100000000000000E+001  0.282808556085219E+003  0.548359545464205E+000  0.125742344088151E+001  0.961123191745699E+000  0.310916120433667E+000 -0.131028262406404E+000 -0.141404278042610E+003
  0.100000000000000E+001  0.281248795595662E+003  0.303850530196973E+000  0.146233241493837E+001  0.630681801054142E+000  0.398880619829422E+000 -0.131028262406404E+000 -0.140624397797831E+003
  0.100000000000000E+001  0.287744715370794E+003  0.191564018486438E+001  0.122522215149910E+001  0.729654238150429E+000  0.158485718010465E+000 -0.131028262406404E+000 -0.143872357685397E+003
  0.100000000000000E+001  0.286739339671485E+003  0.733254222873627E+000  0.162137074328620E+001  0.568232755252834E+000  0.474125619461074E+000 -0.131028262406404E+000 -0.143369669835743E+003
  0.100000000000000E+001  0.283150485097707E+003  0.604015411672746E+000  0.141752673101802E+001  0.696217889733234E+000  0.300304694493367E+000 -0.131028262406404E+000 -0.141575242548854E+003
  0.100000000000000E+001  0.286329574372259E+003  0.956318284389861E+000  0.908853316431596E+000  0.737775943591684E+000  0.308439171042295E+000 -0.131028262406404E+000 -0.143164787186130E+003
  0.100000000000000E+001  0.285436766517593E+003  0.815190559130025E+000  0.851928619984398E+000  0.413290512322115E+000  0.337449037760925E+000 -0.131028262406404E+000 -0.142718383258797E+003
  0.100000000000000E+001  0.292426531462910E+003  0.138097693118484E+001  0.176999133732672E+001  0.558723881982488E+000  0.346161200026861E+000 -0.131028262406404E+000 -0.146213265731455E+003
  0.100000000000000E+001  0.281797048621268E+003  0.386534900461104E+000  0.115029568697427E+001  0.750357683053824E+000  0.358360562632052E+000 -0.131028262406404E+000 -0.140898524310634E+003
  0.100000000000000E+001  0.281059274825404E+003  0.792071238016525E+000  0.173651447822746E+001  0.630955377520712E-001  0.121073534827691E+000 -0.131028262406404E+000 -0.140529637412702E+003
  0.100000000000000E+001  0.307132320047004E+003  0.189893238253732E+001  0.110477813610542E+001  0.397763495931655E+000  0.449042372769583E+000 -0.131028262406404E+000 -0.153566160023502E+003
  0.100000000000000E+001  0.279828255563937E+003  0.153994741876347E+000  0.195181261051712E+001  0.853708948769095E+000  0.481847879017693E+000 -0.131028262406404E+000 -0.139914127781968E+003
  0.100000000000000E+001  0.280043023426464E+003  0.326832566384331E+000  0.141444338857189E+001  0.248337693613915E+000  0.180103738740318E+000 -0.131028262406404E+000 -0.140021511713232E+003
  0.100000000000000E+001  0.292555816620563E+003  0.121574912202588E+001  0.160135435897280E+001  0.721474311781602E+000  0.405941366001919E+000 -0.131028262406404E+000 -0.146277908310281E+003
  0.100000000000000E+001  0.284292018014555E+003  0.173003853630717E+001  0.132942577106133E+001  0.827579723333378E+000  0.116563877011525E+000 -0.131028262406404E+000 -0.142146009007278E+003
  0.100000000000000E+001  0.281188059013992E+003  0.277113473258301E+000  0.128085013861335E+001  0.352819548442664E+000  0.437029142538881E+000 -0.131028262406404E+000 -0.140594029506996E+003
  0.100000000000000E+001  0.291557728759001E+003  0.126661175373107E+001  0.611589901535844E+000  0.737223709269283E+000  0.419091857352721E+000 -0.131028262406404E+000 -0.145778864379501E+003
  0.100000000000000E+001  0.298956067060959E+003  0.182124346232736E+001  0.181343934290362E+001  0.894756970459926E+000  0.353003281337693E+000 -0.131028262406404E+000 -0.149478033530480E+003
  0.100000000000000E+001  0.304376872188855E+003  0.178922427325333E+001  0.102791125346877E+001  0.291643224193085E+000  0.449194419349632E+000 -0.131028262406404E+000 -0.152188436094427E+003
  0.100000000000000E+001  0.304607962802143E+003  0.172684729819842E+001  0.110661159128646E+001  0.438365218342650E+000  0.469140873593973E+000 -0.131028262406404E+000 -0.152303981401071E+003
  0.100000000000000E+001  0.288060097985776E+003  0.192205248455593E+001  0.110913634780361E+001  0.214769080679109E+000  0.163133138088788E+000 -0.131028262406404E+000 -0.144030048992888E+003
  0.100000000000000E+001  0.282009571722160E+003  0.564840903091207E+000  0.121863742295517E+001  0.450234996974913E+000  0.239999188529742E+000 -0.131028262406404E+000 -0.141004785861080E+003
  0.100000000000000E+001  0.291740216141886E+003  0.195261278692451E+001  0.139641287772721E+001  0.217214988918573E+000  0.211087869511980E+000 -0.131028262406404E+000 -0.145870108070943E+003
  0.100000000000000E+001  0.289425636845759E+003  0.124091489023871E+001  0.616302675225649E+000  0.535391793982466E+000  0.344844290694944E+000 -0.131028262406404E+000 -0.144712818422880E+003
  0.100000000000000E+001  0.282455262329253E+003  0.786125397788596E+000  0.794859750000780E+000  0.575694737536693E+000  0.192557426602266E+000 -0.131028262406404E+000 -0.141227631164626E+003
  0.100000000000000E+001  0.296403528301083E+003  0.172690281233712E+001  0.618069099429554E+000  0.120188455045464E+000  0.374454789408588E+000 -0.131028262406404E+000 -0.148201764150541E+003
  0.100000000000000E+001  0.279912639425708E+003  0.342698788859019E+000  0.185457807089845E+001  0.314441675561538E+000  0.157540593824583E+000 -0.131028262406404E+000 -0.139956319712854E+003
  0.100000000000000E+001  0.281362431417427E+003  0.293635060039864E+000  0.963855609371446E+000  0.207494116883668E+000  0.451020288391161E+000 -0.131028262406404E+000 -0.140681215708713E+003
  0.100000000000000E+001  0.305221251776218E+003  0.182637040658192E+001  0.139803509908706E+001  0.100845945314460E+000  0.432750343376633E+000 -0.131028262406404E+000 -0.152610625888109E+003
  0.100000000000000E+001  0.290235882734380E+003  0.119203105451335E+001  0.152326958183969E+001  0.582118248755973E+000  0.340255418169601E+000 -0.131028262406404E+000 -0.145117941367190E+003
  0.100000000000000E+001  0.289310681781001E+003  0.109881763061017E+001  0.103736694587901E+001  0.731861038039650E+000  0.354468630888326E+000 -0.131028262406404E+000 -0.144655340890501E+003
  0.100000000000000E+001  0.293880034202338E+003  0.198540646981208E+001  0.119041550895492E+001  0.636326447245662E+000  0.236911424724103E+000 -0.131028262406404E+000 -0.146940017101169E+003
  0.100000000000000E+001  0.279712155505145E+003  0.133704305153600E+000  0.183776250170426E+001  0.870778353191312E+000  0.482152942038706E+000 -0.131028262406404E+000 -0.139856077752572E+003
  0.100000000000000E+001  0.297757578109735E+003  0.152983069203842E+001  0.194320704226155E+001  0.272428656215568E-001  0.458544839245923E+000 -0.131028262406404E+000 -0.148878789054868E+003
  0.100000000000000E+001  0.301769403067269E+003  0.193330638924989E+001  0.545323245359539E+000  0.512766275628997E+000  0.451057510784921E+000 -0.131028262406404E+000 -0.150884701533634E+003
  0.100000000000000E+001  0.280459308853610E+003  0.257341453304132E+000  0.562640657525826E+000  0.979497151971624E+000  0.368716126684365E+000 -0.131028262406404E+000 -0.140229654426805E+003
  0.100000000000000E+001  0.279748301672377E+003  0.157196385541333E+000  0.192993794986651E+001  0.313015422094740E+000  0.379102355622431E+000 -0.131028262406404E+000 -0.139874150836188E+003
  0.100000000000000E+001  0.289622011092787E+003  0.113216237577969E+001  0.110972829101653E+001  0.933439536804956E+000  0.347216279569366E+000 -0.131028262406404E+000 -0.144811005546394E+003
  0.100000000000000E+001  0.298344807496742E+003  0.182131694743949E+001  0.176681343980761E+001  0.280385893384839E-001  0.338842678824787E+000 -0.131028262406404E+000 -0.149172403748371E+003
  0.100000000000000E+001  0.295714761369166E+003  0.167111383346081E+001  0.193704992866815E+001  0.379857347438022E+000  0.345863022710052E+000 -0.131028262406404E+000 -0.147857380684583E+003
  0.100000000000000E+001  0.302671816041950E+003  0.170549373260585E+001  0.112366504324257E+001  0.406528345012356E+000  0.439831814107804E+000 -0.131028262406404E+000 -0.151335908020975E+003
  0.100000000000000E+001  0.282030376452041E+003  0.393957387418530E+000  0.501714539350052E+000  0.152927995666304E+000  0.494279239190597E+000 -0.131028262406404E+000 -0.141015188226021E+003
  0.100000000000000E+001  0.296826273274846E+003  0.160247430768439E+001  0.685108463396687E+000  0.562895257755442E-001  0.417185778876897E+000 -0.131028262406404E+000 -0.148413136637423E+003
  0.100000000000000E+001  0.280905917526089E+003  0.388561331412775E+000  0.165330251174736E+001  0.797910825193655E+000  0.247900384993737E+000 -0.131028262406404E+000 -0.140452958763044E+003
  0.100000000000000E+001  0.288283474099390E+003  0.125981750450541E+001  0.550029180678760E+000  0.167114613615992E+000  0.303330998281137E+000 -0.131028262406404E+000 -0.144141737049695E+003
  0.100000000000000E+001  0.281108156456338E+003  0.269219584326761E+000  0.910601273419729E+000  0.464687541672732E+000  0.455811919769659E+000 -0.131028262406404E+000 -0.140554078228169E+003
  0.100000000000000E+001  0.300658301794179E+003  0.164196434035043E+001  0.144743992650990E+001  0.673844000178146E+000  0.417993180678684E+000 -0.131028262406404E+000 -0.150329150897090E+003
  0.100000000000000E+001  0.299428341877786E+003  0.183383010345637E+001  0.169473751635898E+001  0.528548156935127E+000  0.348873705608598E+000 -0.131028262406404E+000 -0.149714170938893E+003
  0.100000000000000E+001  0.287669616309019E+003  0.110366786961922E+001  0.500618002020306E+000  0.444185275334545E+000  0.352668309663833E+000 -0.131028262406404E+000 -0.143834808154509E+003
  0.100000000000000E+001  0.291007151217347E+003  0.102211729663204E+001  0.144218386739286E+001  0.775338019785902E+000  0.451484539619344E+000 -0.131028262406404E+000 -0.145503575608673E+003
  0.100000000000000E+001  0.279345190868571E+003  0.133792901849473E+000  0.905032018425326E+000  0.311137826415003E+000  0.240649629752543E+000 -0.131028262406404E+000 -0.139672595434285E+003
  0.100000000000000E+001  0.286664688333891E+003  0.952817314797425E+000  0.766647272691174E+000  0.275638701821883E+000  0.337265091345179E+000 -0.131028262406404E+000 -0.143332344166945E+003
  0.100000000000000E+001  0.296414008333535E+003  0.146587989680205E+001  0.646353359109332E+000  0.632468882077061E+000  0.479974211569818E+000 -0.131028262406404E+000 -0.148207004166768E+003
  0.100000000000000E+001  0.283967678932509E+003  0.995052295948243E+000  0.132646979680345E+001  0.124230309578075E-001  0.198557308193027E+000 -0.131028262406404E+000 -0.141983839466255E+003
  0.100000000000000E+001  0.286502503242226E+003  0.140328402369188E+001  0.116698848227418E+001  0.298682449449135E+000  0.195315080500931E+000 -0.131028262406404E+000 -0.143251251621113E+003
  0.100000000000000E+001  0.285584018074222E+003  0.151835307222032E+001  0.541922918918472E+000  0.810741457030095E-001  0.167919565452898E+000 -0.131028262406404E+000 -0.142792009037111E+003
  0.100000000000000E+001  0.291932932427511E+003  0.103771894635391E+001  0.145451657997611E+001  0.416638577529724E+000  0.482145778035414E+000 -0.131028262406404E+000 -0.145966466213756E+003
  0.100000000000000E+001  0.286200323870774E+003  0.124335446209670E+001  0.101588534461063E+001  0.879031611653563E-001  0.217651562756548E+000 -0.131028262406404E+000 -0.143100161935387E+003
  0.100000000000000E+001  0.279883767362082E+003  0.435295267934778E+000  0.105772396006820E+001  0.722749946140970E+000  0.118258880161423E+000 -0.131028262406404E+000 -0.139941883681041E+003
  0.100000000000000E+001  0.289054649533266E+003  0.189880302625703E+001  0.176016706732472E+001  0.766331092505190E+000  0.181021748820006E+000 -0.131028262406404E+000 -0.144527324766633E+003
  0.100000000000000E+001  0.302434294302069E+003  0.180464959710477E+001  0.112410912323248E+001  0.194417090254168E+000  0.402194531731516E+000 -0.131028262406404E+000 -0.151217147151034E+003
  0.100000000000000E+001  0.285829264157294E+003  0.918725949255107E+000  0.100362455772355E+001  0.477997677141260E+000  0.297514388008872E+000 -0.131028262406404E+000 -0.142914632078647E+003
  0.100000000000000E+001  0.280309392790740E+003  0.307618398406466E+000  0.103846194896344E+001  0.178544458768346E+000  0.233257115788814E+000 -0.131028262406404E+000 -0.140154696395370E+003
  0.100000000000000E+001  0.280051881122204E+003  0.161982511784290E+000  0.872345847332724E+000  0.766166890391646E+000  0.454619597878781E+000 -0.131028262406404E+000 -0.140025940561102E+003
  0.100000000000000E+001  0.297649779725965E+003  0.175875600661469E+001  0.895076624749511E+000  0.851905312766266E+000  0.351274677079961E+000 -0.131028262406404E+000 -0.148824889862982E+003
  0.100000000000000E+001  0.286440650996006E+003  0.192804031136783E+001  0.173531256838908E+001  0.362665582149392E+000  0.138495623551995E+000 -0.131028262406404E+000 -0.143220325498003E+003
  0.100000000000000E+001  0.280844569771736E+003  0.446708191586876E+000  0.144028537568680E+001  0.751775956452269E+000  0.202733179183604E+000 -0.131028262406404E+000 -0.140422284885868E+003
  0.100000000000000E+001  0.291685149133418E+003  0.104117872600568E+001  0.127491023144113E+001  0.215307857577685E+000  0.463477762761980E+000 -0.131028262406404E+000 -0.145842574566709E+003
  0.100000000000000E+001  0.279520731660425E+003  0.118724323247373E+000  0.175630352627007E+001  0.969841431617147E+000  0.390333543055761E+000 -0.131028262406404E+000 -0.139760365830213E+003
  0.100000000000000E+001  0.291429006227842E+003  0.120311576177619E+001  0.742640564241474E+000  0.239155661423780E+000  0.417148770836836E+000 -0.131028262406404E+000 -0.145714503113921E+003
  0.100000000000000E+001  0.279703442628989E+003  0.181745693580726E+000  0.546476651800210E+000  0.307343715376179E+000  0.291422904292437E+000 -0.131028262406404E+000 -0.139851721314494E+003
  0.100000000000000E+001  0.296220350315234E+003  0.188420605172609E+001  0.188223442853087E+001  0.260137342213297E+000  0.297030244272235E+000 -0.131028262406404E+000 -0.148110175157617E+003
  0.100000000000000E+001  0.289400175412294E+003  0.136949288042498E+001  0.147909953719203E+001  0.399118731847817E+000  0.265900631038954E+000 -0.131028262406404E+000 -0.144700087706147E+003
  0.100000000000000E+001  0.279233924281788E+003  0.157657326692009E+000  0.158323229911959E+001  0.424351255992346E+000  0.164095516041581E+000 -0.131028262406404E+000 -0.139616962140894E+003
  0.100000000000000E+001  0.290216106126381E+003  0.110628546441842E+001  0.975346703660647E+000  0.225188488522811E+000  0.388074953221061E+000 -0.131028262406404E+000 -0.145108053063190E+003
  0.100000000000000E+001  0.279305180107863E+003  0.113825196475289E+000  0.855695138160254E+000  0.558709679248050E+000  0.275966817230743E+000 -0.131028262406404E+000 -0.139652590053932E+003
  0.100000000000000E+001  0.281496305644411E+003  0.425566135887996E+000  0.926356143467025E+000  0.738941844586498E-001  0.289795879531675E+000 -0.131028262406404E+000 -0.140748152822205E+003
  0.100000000000000E+001  0.291120227124949E+003  0.108879738490881E+001  0.132728495406029E+001  0.992715366881873E+000  0.412322603762030E+000 -0.131028262406404E+000 -0.145560113562474E+003
  0.100000000000000E+001  0.279510361211602E+003  0.243055014447160E+000  0.121968394776418E+001  0.795686407120109E+000  0.152302598829130E+000 -0.131028262406404E+000 -0.139755180605801E+003
  0.100000000000000E+001  0.286569031468287E+003  0.111504851123394E+001  0.116433239394951E+001  0.737313956791954E-001  0.255315431203908E+000 -0.131028262406404E+000 -0.143284515734144E+003
  0.100000000000000E+001  0.295054142118786E+003  0.138879041325087E+001  0.111586846074957E+001  0.653188182940697E+000  0.398253465602929E+000 -0.131028262406404E+000 -0.147527071059393E+003
  0.100000000000000E+001  0.280432431956692E+003  0.372883457885352E+000  0.142303231270434E+001  0.444889869440772E+000  0.200360909020638E+000 -0.131028262406404E+000 -0.140216215978346E+003
  0.100000000000000E+001  0.296008552690438E+003  0.142883702879480E+001  0.164445064340645E+001  0.392935679820143E-001  0.410323960154839E+000 -0.131028262406404E+000 -0.148004276345219E+003
  0.100000000000000E+001  0.304383700906676E+003  0.193517934436296E+001  0.110626505094362E+001  0.846863257081714E+000  0.395657330366516E+000 -0.131028262406404E+000 -0.152191850453338E+003
  0.100000000000000E+001  0.282205442368704E+003  0.490515649362217E+000  0.160074514207668E+001  0.489146528044626E+000  0.306193475949934E+000 -0.131028262406404E+000 -0.141102721184352E+003
  0.100000000000000E+001  0.280114569689885E+003  0.228663325020988E+000  0.597658372241832E+000  0.646230585065422E+000  0.321176423578935E+000 -0.131028262406404E+000 -0.140057284844943E+003
  0.100000000000000E+001  0.283234858264713E+003  0.679488807166756E+000  0.189966135306575E+001  0.981811482409794E+000  0.280925971233481E+000 -0.131028262406404E+000 -0.141617429132356E+003
  0.100000000000000E+001  0.288211679331558E+003  0.192233031629330E+001  0.101590845380564E+001  0.533190841235126E+000  0.166044728000486E+000 -0.131028262406404E+000 -0.144105839665779E+003
  0.100000000000000E+001  0.303914334458249E+003  0.187248778131586E+001  0.900501499981261E+000  0.637721920401120E+000  0.429127050895832E+000 -0.131028262406404E+000 -0.151957167229124E+003
  0.100000000000000E+001  0.287133188291215E+003  0.825014224206817E+000  0.652494722376499E+000  0.868945617468835E+000  0.476037988472196E+000 -0.131028262406404E+000 -0.143566594145607E+003
  0.100000000000000E+001  0.297085363739048E+003  0.149198870687689E+001  0.159092898226838E+001  0.719930202447057E+000  0.406314918892253E+000 -0.131028262406404E+000 -0.148542681869524E+003
  0.100000000000000E+001  0.296790596028314E+003  0.197818027315256E+001  0.592489367989934E+000  0.928439501909465E+000  0.315377586732332E+000 -0.131028262406404E+000 -0.148395298014157E+003
  0.100000000000000E+001  0.285271594802822E+003  0.166419551597820E+001  0.634475702696656E+000  0.995476869164117E+000  0.143533331267540E+000 -0.131028262406404E+000 -0.142635797401411E+003
  0.100000000000000E+001  0.283775394373075E+003  0.106808026748804E+001  0.193740818568137E+001  0.758059149185049E+000  0.182341641925981E+000 -0.131028262406404E+000 -0.141887697186537E+003
  0.100000000000000E+001  0.293339848974529E+003  0.132518576954781E+001  0.146140807160758E+001  0.514855561864823E+000  0.374074546494958E+000 -0.131028262406404E+000 -0.146669924487265E+003
  0.100000000000000E+001  0.289726727354963E+003  0.117435982049776E+001  0.142937525540912E+001  0.709517812280549E+000  0.329718150216290E+000 -0.131028262406404E+000 -0.144863363677482E+003
  0.100000000000000E+001  0.290141015267069E+003  0.119788020461132E+001  0.192886170905949E+001  0.896528181684683E+000  0.366358680425173E+000 -0.131028262406404E+000 -0.145070507633534E+003
  0.100000000000000E+001  0.300680038589132E+003  0.162442247984554E+001  0.187265114040282E+001  0.345905557582785E+000  0.474315549649048E+000 -0.131028262406404E+000 -0.150340019294566E+003
  0.100000000000000E+001  0.283783750241723E+003  0.105447508869140E+001  0.115672765035109E+001  0.957818811627188E+000  0.181011988003249E+000 -0.131028262406404E+000 -0.141891875120862E+003
  0.100000000000000E+001  0.288844788585770E+003  0.100651505175365E+001  0.552517644843587E+000  0.750016405989191E+000  0.471743812828895E+000 -0.131028262406404E+000 -0.144422394292885E+003
  0.100000000000000E+001  0.285795286452580E+003  0.666531962337774E+000  0.173817019452762E+001  0.189881371673080E+000  0.498265292608279E+000 -0.131028262406404E+000 -0.142897643226290E+003
  0.100000000000000E+001  0.281272457067191E+003  0.576964892734029E+000  0.105736182638216E+001  0.532215045797829E+000  0.183944089567535E+000 -0.131028262406404E+000 -0.140636228533595E+003
  0.100000000000000E+001  0.309353487711973E+003  0.187570280782193E+001  0.161245867276730E+001  0.168412847164484E+000  0.497564452157024E+000 -0.131028262406404E+000 -0.154676743855986E+003
  0.100000000000000E+001  0.279553640718141E+003  0.132571184406972E+000  0.163865277731343E+001  0.917898059436945E+000  0.332973709512853E+000 -0.131028262406404E+000 -0.139776820359071E+003
  0.100000000000000E+001  0.282004243188491E+003  0.737793537057891E+000  0.172537815316923E+001  0.876437121983923E+000  0.179631892757377E+000 -0.131028262406404E+000 -0.141002121594245E+003
  0.100000000000000E+001  0.291713225853534E+003  0.134422929194697E+001  0.110409593287278E+001  0.498104813502607E+000  0.331451808154863E+000 -0.131028262406404E+000 -0.145856612926767E+003
  0.100000000000000E+001  0.287647185631178E+003  0.880918394310037E+000  0.795419880208259E+000  0.731581411261315E+000  0.428859837843597E+000 -0.131028262406404E+000 -0.143823592815589E+003
  0.100000000000000E+001  0.298596063468593E+003  0.152536333141929E+001  0.155638385798693E+001  0.579544531538980E-001  0.425281728063453E+000 -0.131028262406404E+000 -0.149298031734296E+003
  0.100000000000000E+001  0.287689970637810E+003  0.774141950625771E+000  0.139099587404842E+001  0.818284510850357E+000  0.476349326223235E+000 -0.131028262406404E+000 -0.143844985318905E+003
  0.100000000000000E+001  0.285276416070761E+003  0.925815577325679E+000  0.122533824942109E+001  0.244284251928868E+000  0.266504438775704E+000 -0.131028262406404E+000 -0.142638208035380E+003
  0.100000000000000E+001  0.279690679529941E+003  0.393596390433528E+000  0.162580386197037E+001  0.251995363115300E+000  0.111192548226724E+000 -0.131028262406404E+000 -0.139845339764971E+003
  0.100000000000000E+001  0.295223404339962E+003  0.177372512890503E+001  0.197558496401953E+001  0.538543688714399E+000  0.311479779003653E+000 -0.131028262406404E+000 -0.147611702169981E+003
  0.100000000000000E+001  0.282581399348478E+003  0.101152603756650E+001  0.181640191469504E+001  0.447866375104949E-001  0.149015785900141E+000 -0.131028262406404E+000 -0.141290699674239E+003
  0.100000000000000E+001  0.284527132730207E+003  0.934664742715378E+000  0.739655319015424E+000  0.708842223741138E+000  0.247328486692693E+000 -0.131028262406404E+000 -0.142263566365104E+003
  0.100000000000000E+001  0.288298206700149E+003  0.170078169189485E+001  0.190187036031709E+001  0.836017103572072E-001  0.193631022361192E+000 -0.131028262406404E+000 -0.144149103350075E+003
  0.100000000000000E+001  0.282648248914923E+003  0.585879154962309E+000  0.125767966714987E+001  0.563605639835959E+000  0.274877785332055E+000 -0.131028262406404E+000 -0.141324124457461E+003
  0.100000000000000E+001  0.282976019598727E+003  0.539112530220368E+000  0.174323224181347E+001  0.704637593102807E+000  0.349467632466976E+000 -0.131028262406404E+000 -0.141488009799363E+003
  0.100000000000000E+001  0.285184380877864E+003  0.840237519107695E+000  0.177262883492642E+001  0.814939254316446E+000  0.306372910220362E+000 -0.131028262406404E+000 -0.142592190438932E+003
  0.100000000000000E+001  0.282693980933655E+003  0.122500005227767E+001  0.956465389710164E+000  0.568304946185972E+000  0.124599506441276E+000 -0.131028262406404E+000 -0.141346990466827E+003
  0.100000000000000E+001  0.283264484020705E+003  0.571822079022761E+000  0.175286665524632E+001  0.569957171994168E+000  0.348337453100988E+000 -0.131028262406404E+000 -0.141632242010353E+003
  0.100000000000000E+001  0.296829911256753E+003  0.181089093900500E+001  0.525366411236229E+000  0.358215344768985E+000  0.377584200664501E+000 -0.131028262406404E+000 -0.148414955628376E+003
  0.100000000000000E+001  0.294050417559189E+003  0.170696239313586E+001  0.154417138905681E+001  0.429756282335297E+000  0.284699696107454E+000 -0.131028262406404E+000 -0.147025208779595E+003
  0.100000000000000E+001  0.280255640012799E+003  0.493578889482488E+000  0.125509909916200E+001  0.899295001743381E+000  0.133688119923735E+000 -0.131028262406404E+000 -0.140127820006399E+003
  0.100000000000000E+001  0.294449843740467E+003  0.176981633995389E+001  0.134014596047967E+001  0.166208367265255E-001  0.277832655895058E+000 -0.131028262406404E+000 -0.147224921870233E+003
  0.100000000000000E+001  0.303847688049312E+003  0.174362628338706E+001  0.185599654530742E+001  0.353730625573720E+000  0.488756290772941E+000 -0.131028262406404E+000 -0.151923844024656E+003
  0.100000000000000E+001  0.281031452405818E+003  0.396701184909063E+000  0.185786951144329E+001  0.964580654158312E+000  0.264599950586685E+000 -0.131028262406404E+000 -0.140515726202909E+003
  0.100000000000000E+001  0.281568800313666E+003  0.386449556970782E+000  0.644686319867653E+000  0.945660728413289E+000  0.370912613093413E+000 -0.131028262406404E+000 -0.140784400156833E+003
  0.100000000000000E+001  0.285609284096085E+003  0.197265967521329E+001  0.106248436709604E+001  0.676989820239743E+000  0.122544900974709E+000 -0.131028262406404E+000 -0.142804642048042E+003
  0.100000000000000E+001  0.284446999263499E+003  0.801451863356521E+000  0.190505220251233E+001  0.510745711259870E+000  0.294193317153506E+000 -0.131028262406404E+000 -0.142223499631750E+003
  0.100000000000000E+001  0.283140936554270E+003  0.135928003497610E+001  0.951510785866872E+000  0.299334936437418E+000  0.122976791246513E+000 -0.131028262406404E+000 -0.141570468277135E+003
  0.100000000000000E+001  0.280247123378525E+003  0.200902514904485E+000  0.191793877315898E+001  0.340128297119785E+000  0.477215182744507E+000 -0.131028262406404E+000 -0.140123561689263E+003
  0.100000000000000E+001  0.282107786146773E+003  0.108649380626594E+001  0.741826450893229E+000  0.609890920608778E+000  0.123283188937344E+000 -0.131028262406404E+000 -0.141053893073387E+003
  0.100000000000000E+001  0.279725642424241E+003  0.410680013317181E+000  0.165147172803577E+001  0.394655567329912E+000  0.109935587341903E+000 -0.131028262406404E+000 -0.139862821212121E+003
  0.100000000000000E+001  0.280047760956561E+003  0.257375323661009E+000  0.739502421856183E+000  0.167738595280637E+000  0.247808502025713E+000 -0.131028262406404E+000 -0.140023880478281E+003
  0.100000000000000E+001  0.280627768490706E+003  0.351550279764918E+000  0.194882304019666E+001  0.885986730347067E-001  0.253159267003149E+000 -0.131028262406404E+000 -0.140313884245353E+003
  0.100000000000000E+001  0.298582075371869E+003  0.176493223689401E+001  0.118935245259332E+001  0.201376947826596E+000  0.346937038367892E+000 -0.131028262406404E+000 -0.149291037685934E+003
  0.100000000000000E+001  0.292915324695469E+003  0.124458119766013E+001  0.180317102640249E+001  0.111915429212049E-001  0.426609697515365E+000 -0.131028262406404E+000 -0.146457662347735E+003
  0.100000000000000E+001  0.284322505475144E+003  0.984606579792863E+000  0.157700133867673E+001  0.901313747551882E+000  0.214485923824124E+000 -0.131028262406404E+000 -0.142161252737572E+003
  0.100000000000000E+001  0.282043580073764E+003  0.363407507439844E+000  0.122529741114351E+001  0.619302648817966E+000  0.428154489591115E+000 -0.131028262406404E+000 -0.141021790036882E+003
  0.100000000000000E+001  0.288449581877148E+003  0.147057172575917E+001  0.104785869926909E+001  0.413128522504987E+000  0.228087459321094E+000 -0.131028262406404E+000 -0.144224790938574E+003
  0.100000000000000E+001  0.283330913910979E+003  0.598486631217966E+000  0.170313097642895E+001  0.123489650513197E+000  0.328062034927159E+000 -0.131028262406404E+000 -0.141665456955489E+003
  0.100000000000000E+001  0.285051479502696E+003  0.112754851748312E+001  0.187314741142201E+001  0.317091844012017E+000  0.211166576858410E+000 -0.131028262406404E+000 -0.142525739751348E+003
  0.100000000000000E+001  0.282738894602981E+003  0.415064628581923E+000  0.151448374152267E+001  0.727724758187430E+000  0.465108096967863E+000 -0.131028262406404E+000 -0.141369447301491E+003
  0.100000000000000E+001  0.282207138870849E+003  0.395157328595615E+000  0.614166564266349E+000  0.993424036606261E-001  0.483984871758183E+000 -0.131028262406404E+000 -0.141103569435424E+003
  0.100000000000000E+001  0.282649388632796E+003  0.515146867030881E+000  0.161137278264377E+001  0.743385037458771E+000  0.329385805422268E+000 -0.131028262406404E+000 -0.141324694316398E+003
  0.100000000000000E+001  0.296555314544831E+003  0.156448671454762E+001  0.514519247330631E+000  0.264616973666832E-001  0.484146023677054E+000 -0.131028262406404E+000 -0.148277657272416E+003
  0.100000000000000E+001  0.308793915057168E+003  0.196004561472329E+001  0.828488005993373E+000  0.641469673366591E-001  0.497102244927898E+000 -0.131028262406404E+000 -0.154396957528584E+003
  0.100000000000000E+001  0.286386459524179E+003  0.107122670166810E+001  0.988562130691468E+000  0.957100570718543E+000  0.266140391938787E+000 -0.131028262406404E+000 -0.143193229762090E+003
  0.100000000000000E+001  0.286270895670198E+003  0.155158802518253E+001  0.176071322862384E+001  0.537631106196047E+000  0.171706552056994E+000 -0.131028262406404E+000 -0.143135447835099E+003
  0.100000000000000E+001  0.307280148784566E+003  0.189764482524084E+001  0.144488353751858E+001  0.609807219324295E+000  0.442104737504424E+000 -0.131028262406404E+000 -0.153640074392283E+003
  0.100000000000000E+001  0.281471888946999E+003  0.367123232124749E+000  0.100126658946088E+001  0.365379098312067E+000  0.343284037056487E+000 -0.131028262406404E+000 -0.140735944473499E+003
  0.100000000000000E+001  0.300770190132028E+003  0.172393653119595E+001  0.923238549064496E+000  0.405349363801250E+000  0.418281731578224E+000 -0.131028262406404E+000 -0.150385095066014E+003
  0.100000000000000E+001  0.284842540217120E+003  0.137799859067822E+001  0.785391833700392E+000  0.577958398039445E-001  0.164240287278657E+000 -0.131028262406404E+000 -0.142421270108560E+003
  0.100000000000000E+001  0.285133815509164E+003  0.797834273559933E+000  0.930142649308029E+000  0.118473667177482E+000  0.324030415551302E+000 -0.131028262406404E+000 -0.142566907754582E+003
  0.100000000000000E+001  0.287175622938521E+003  0.103860993558997E+001  0.101089398430333E+001  0.787234122634920E+000  0.303947125220998E+000 -0.131028262406404E+000 -0.143587811469260E+003
  0.100000000000000E+001  0.283710001834703E+003  0.725290080275062E+000  0.758016092515618E+000  0.922837572378078E+000  0.289797626234125E+000 -0.131028262406404E+000 -0.141855000917352E+003
  0.100000000000000E+001  0.299912105230107E+003  0.151580898687821E+001  0.167695124005477E+001  0.912260398101352E+000  0.474624963869153E+000 -0.131028262406404E+000 -0.149956052615053E+003
  0.100000000000000E+001  0.282433450975569E+003  0.500571203726217E+000  0.130558371508596E+001  0.738014629732482E+000  0.314116688569956E+000 -0.131028262406404E+000 -0.141216725487784E+003
  0.100000000000000E+001  0.282312485376493E+003  0.128296974333978E+001  0.112566894926043E+001  0.275149153500733E+000  0.108050525236957E+000 -0.131028262406404E+000 -0.141156242688247E+003
  0.100000000000000E+001  0.288534709100334E+003  0.144907601708845E+001  0.110644605651060E+001  0.621584813610179E+000  0.232748737603049E+000 -0.131028262406404E+000 -0.144267354550167E+003
  0.100000000000000E+001  0.285813211482533E+003  0.742988976748481E+000  0.545108107604423E+000  0.783774552264624E+000  0.487652904412505E+000 -0.131028262406404E+000 -0.142906605741267E+003
  0.100000000000000E+001  0.291804684641653E+003  0.118520883014723E+001  0.736871880954561E+000  0.949976730211631E+000  0.443089047486346E+000 -0.131028262406404E+000 -0.145902342320826E+003
  0.100000000000000E+001  0.296645499327717E+003  0.142728565094416E+001  0.155068163006304E+001  0.606258944172329E+000  0.420229308469832E+000 -0.131028262406404E+000 -0.148322749663859E+003
  0.100000000000000E+001  0.280447284157956E+003  0.283317312478961E+000  0.104259318941924E+001  0.547623071805099E-001  0.280988527713797E+000 -0.131028262406404E+000 -0.140223642078978E+003
  0.100000000000000E+001  0.285398652395882E+003  0.621536717037449E+000  0.149012010668224E+001  0.162101585112502E+000  0.473385601381417E+000 -0.131028262406404E+000 -0.142699326197941E+003
  0.100000000000000E+001  0.279801332102762E+003  0.210024206776038E+000  0.764017393457514E+000  0.932951978597298E+000  0.253454149514595E+000 -0.131028262406404E+000 -0.139900666051381E+003
  0.100000000000000E+001  0.302938262818454E+003  0.170359899401920E+001  0.106881314433342E+001  0.653149516708651E+000  0.450312388017451E+000 -0.131028262406404E+000 -0.151469131409227E+003
  0.100000000000000E+001  0.285517713797958E+003  0.119360747396047E+001  0.172696870041182E+001  0.823853024783266E+000  0.208584528530284E+000 -0.131028262406404E+000 -0.142758856898979E+003
  0.100000000000000E+001  0.286756342240237E+003  0.180575557913682E+001  0.190287266821831E+001  0.301470257424019E-001  0.155026298753374E+000 -0.131028262406404E+000 -0.143378171120118E+003
  0.100000000000000E+001  0.280035674945979E+003  0.156103389415129E+000  0.121655969600235E+001  0.405222496173997E+000  0.450273769355660E+000 -0.131028262406404E+000 -0.140017837472990E+003
  0.100000000000000E+001  0.280534878755195E+003  0.440877147816866E+000  0.127721531406586E+001  0.748733617363722E+000  0.176423985351601E+000 -0.131028262406404E+000 -0.140267439377598E+003
  0.100000000000000E+001  0.280329459176651E+003  0.203412872981315E+000  0.101077229587834E+001  0.743349171192199E-001  0.402794843938539E+000 -0.131028262406404E+000 -0.140164729588326E+003
  0.100000000000000E+001  0.298924336651450E+003  0.185813652920511E+001  0.666129940213248E+000  0.891805124837035E+000  0.379455513001301E+000 -0.131028262406404E+000 -0.149462168325725E+003
  0.100000000000000E+001  0.293804127983051E+003  0.152313437966414E+001  0.158679274856798E+001  0.783253748028374E+000  0.324248399674888E+000 -0.131028262406404E+000 -0.146902063991525E+003
  0.100000000000000E+001  0.299513176783953E+003  0.171590419002995E+001  0.945513868339669E+000  0.111467328634763E+000  0.393850228146709E+000 -0.131028262406404E+000 -0.149756588391976E+003
  0.100000000000000E+001  0.288223873071450E+003  0.122475208536749E+001  0.910624538440778E+000  0.173222136637723E+000  0.282437257733043E+000 -0.131028262406404E+000 -0.144111936535725E+003
  0.100000000000000E+001  0.285615158860028E+003  0.140352215696720E+001  0.544903881224772E+000  0.232733006977784E+000  0.185049790677255E+000 -0.131028262406404E+000 -0.142807579430014E+003
  0.100000000000000E+001  0.292322288581586E+003  0.108315241509349E+001  0.145126927868486E+001  0.122900461081298E+000  0.465250117244875E+000 -0.131028262406404E+000 -0.146161144290793E+003
  0.100000000000000E+001  0.283111809559270E+003  0.479991092601723E+000  0.163446846002007E+001  0.643724794119660E+000  0.425200366201058E+000 -0.131028262406404E+000 -0.141555904779635E+003
  0.100000000000000E+001  0.288846000733008E+003  0.919974323365749E+000  0.187668688807873E+001  0.327765005821651E+000  0.489634096235145E+000 -0.131028262406404E+000 -0.144423000366504E+003
  0.100000000000000E+001  0.290062777531028E+003  0.108007092005236E+001  0.195977107016341E+001  0.986619095134777E+000  0.442207499316702E+000 -0.131028262406404E+000 -0.145031388765514E+003
  0.100000000000000E+001  0.281624228333250E+003  0.110148123745427E+001  0.942393626636467E+000  0.425195904994979E+000  0.104802069015956E+000 -0.131028262406404E+000 -0.140812114166625E+003
  0.100000000000000E+001  0.288334387205519E+003  0.976115357724870E+000  0.108769762543249E+001  0.188018435389415E+000  0.372159211709326E+000 -0.131028262406404E+000 -0.144167193602759E+003
  0.100000000000000E+001  0.285356863090150E+003  0.105857918772917E+001  0.937301189874999E+000  0.142011928731652E+000  0.235937895358079E+000 -0.131028262406404E+000 -0.142678431545075E+003
  0.100000000000000E+001  0.288131641564719E+003  0.937130574279530E+000  0.146462787868365E+001  0.185586033141651E-001  0.379713400362249E+000 -0.131028262406404E+000 -0.144065820782360E+003
  0.100000000000000E+001  0.286993423998642E+003  0.948789510698307E+000  0.118957007235965E+001  0.583047009673556E+000  0.326567818144845E+000 -0.131028262406404E+000 -0.143496711999321E+003
  0.100000000000000E+001  0.283282305168311E+003  0.145011112094022E+001  0.174956693814281E+001  0.218031458577496E+000  0.118048625403643E+000 -0.131028262406404E+000 -0.141641152584155E+003
  0.100000000000000E+001  0.279947457834102E+003  0.158877880860503E+000  0.124252232126006E+001  0.242211491000889E+000  0.399349052730581E+000 -0.131028262406404E+000 -0.139973728917051E+003
  0.100000000000000E+001  0.298002571241803E+003  0.150799485780260E+001  0.905376309860519E+000  0.769705625722630E+000  0.443869675053270E+000 -0.131028262406404E+000 -0.149001285620902E+003
  0.100000000000000E+001  0.279560902420497E+003  0.295128083086691E+000  0.522963729784554E+000  0.960420025848385E-002  0.135282196653554E+000 -0.131028262406404E+000 -0.139780451210248E+003
  0.100000000000000E+001  0.308040851096524E+003  0.196157236121242E+001  0.166029446821552E+001  0.472919329753677E+000  0.445679767863258E+000 -0.131028262406404E+000 -0.154020425548262E+003
  0.100000000000000E+001  0.301213311468833E+003  0.176713826312999E+001  0.194946986836348E+001  0.698887989472948E+000  0.436648277027773E+000 -0.131028262406404E+000 -0.150606655734417E+003
  0.100000000000000E+001  0.292363256098547E+003  0.132396253162900E+001  0.196666988011782E+001  0.843763345736264E+000  0.392733569015113E+000 -0.131028262406404E+000 -0.146181628049273E+003
  0.100000000000000E+001  0.280357385510965E+003  0.649276919082406E+000  0.653441840456738E+000  0.531041135333828E+000  0.108195295018999E+000 -0.131028262406404E+000 -0.140178692755482E+003
  0.100000000000000E+001  0.291156628438039E+003  0.114806063820485E+001  0.131074933863015E+001  0.875486267941134E+000  0.384060875599280E+000 -0.131028262406404E+000 -0.145578314219020E+003
  0.100000000000000E+001  0.298462224348836E+003  0.173085599511683E+001  0.149979038019511E+001  0.227454433485242E+000  0.351866832345379E+000 -0.131028262406404E+000 -0.149231112174418E+003
  0.100000000000000E+001  0.286842777638346E+003  0.803301021275006E+000  0.163680578229545E+001  0.130030902819128E+000  0.413950100375614E+000 -0.131028262406404E+000 -0.143421388819173E+003
  0.100000000000000E+001  0.294835315796671E+003  0.138698547190398E+001  0.118245977054821E+001  0.258665295464906E+000  0.390091814098100E+000 -0.131028262406404E+000 -0.147417657898335E+003
  0.100000000000000E+001  0.296728641064653E+003  0.163709785377843E+001  0.165352752947965E+001  0.567577715823420E+000  0.352881062946958E+000 -0.131028262406404E+000 -0.148364320532326E+003
  0.100000000000000E+001  0.284170964928751E+003  0.175329916761604E+001  0.181794270372004E+001  0.101043132173244E-001  0.113483741025873E+000 -0.131028262406404E+000 -0.142085482464375E+003
  0.100000000000000E+001  0.296538441177846E+003  0.183329955464387E+001  0.169960220366800E+001  0.123714309992061E+000  0.303236456988258E+000 -0.131028262406404E+000 -0.148269220588923E+003
  0.100000000000000E+001  0.280953352790975E+003  0.877384463473913E+000  0.779898958198448E+000  0.641686667852235E+000  0.104838076189812E+000 -0.131028262406404E+000 -0.140476676395487E+003
  0.100000000000000E+001  0.280095689551676E+003  0.519182284094035E+000  0.193155233236844E+001  0.695176327794402E+000  0.115849958465070E+000 -0.131028262406404E+000 -0.140047844775838E+003
  0.100000000000000E+001  0.300860405915523E+003  0.175660950327107E+001  0.146078173180851E+001  0.689096754226638E+000  0.383959127775201E+000 -0.131028262406404E+000 -0.150430202957761E+003
  0.100000000000000E+001  0.284374019118381E+003  0.557671169615148E+000  0.120727517978548E+001  0.864395036926076E+000  0.442168361473349E+000 -0.131028262406404E+000 -0.142187009559190E+003
  0.100000000000000E+001  0.285423926180596E+003  0.113518294946666E+001  0.163464268397867E+001  0.294980333721717E+000  0.216610157278618E+000 -0.131028262406404E+000 -0.142711963090298E+003
  0.100000000000000E+001  0.291643630327931E+003  0.175576840826260E+001  0.162405324784326E+001  0.292392331877408E-001  0.237929725752997E+000 -0.131028262406404E+000 -0.145821815163965E+003
  0.100000000000000E+001  0.284012671688922E+003  0.134359768932274E+001  0.624291218200761E+000  0.338378308289161E+000  0.149489232654039E+000 -0.131028262406404E+000 -0.142006335844461E+003
  0.100000000000000E+001  0.280068005761652E+003  0.266772736255086E+000  0.197858059477303E+001  0.207149382176933E+000  0.244710815491868E+000 -0.131028262406404E+000 -0.140034002880826E+003
  0.100000000000000E+001  0.292551206203659E+003  0.105300736902333E+001  0.118971441532664E+001  0.881319474007819E+000  0.493191760630104E+000 -0.131028262406404E+000 -0.146275603101829E+003
  0.100000000000000E+001  0.279777175179596E+003  0.386053678750215E+000  0.923739630543370E+000  0.490493710613769E+000  0.123121029403761E+000 -0.131028262406404E+000 -0.139888587589798E+003
  0.100000000000000E+001  0.293775835299424E+003  0.140728872908344E+001  0.134460668195999E+001  0.764988992746429E+000  0.354380606927505E+000 -0.131028262406404E+000 -0.146887917649712E+003
  0.100000000000000E+001  0.279981433581699E+003  0.214058667876377E+000  0.185257906120711E+001  0.282679682217011E+000  0.296357106535964E+000 -0.131028262406404E+000 -0.139990716790850E+003
  0.100000000000000E+001  0.279235000190453E+003  0.116740711462753E+000  0.153872077492920E+001  0.438827097291232E+000  0.229582753608071E+000 -0.131028262406404E+000 -0.139617500095227E+003
  0.100000000000000E+001  0.281036899850697E+003  0.397059844562810E+000  0.676863091767176E+000  0.287659119991451E+000  0.271783218490685E+000 -0.131028262406404E+000 -0.140518449925348E+003
  0.100000000000000E+001  0.280911251169587E+003  0.243226608235120E+000  0.109061461506009E+001  0.879718773348401E+000  0.457475099666239E+000 -0.131028262406404E+000 -0.140455625584794E+003
  0.100000000000000E+001  0.293742014902790E+003  0.142021079370410E+001  0.514775689663044E+000  0.457753739241326E+000  0.456240584536232E+000 -0.131028262406404E+000 -0.146871007451395E+003
  0.100000000000000E+001  0.279983961824764E+003  0.279920247231134E+000  0.723411083108145E+000  0.597889372085800E+000  0.212484076323797E+000 -0.131028262406404E+000 -0.139991980912382E+003
  0.100000000000000E+001  0.300667878677005E+003  0.156230663689032E+001  0.178420473700894E+001  0.460115265600367E+000  0.488579964744822E+000 -0.131028262406404E+000 -0.150333939338502E+003
  0.100000000000000E+001  0.283652501249556E+003  0.168017511341344E+001  0.159031081587168E+001  0.416696152570030E+000  0.108205608301223E+000 -0.131028262406404E+000 -0.141826250624778E+003
  0.100000000000000E+001  0.286170383528670E+003  0.108597221685936E+001  0.509095263126936E+000  0.309977747908482E+000  0.284957801831557E+000 -0.131028262406404E+000 -0.143085191764335E+003
  0.100000000000000E+001  0.284717177706183E+003  0.639131492900309E+000  0.121617074111898E+001  0.709927343641471E-001  0.389188048087666E+000 -0.131028262406404E+000 -0.142358588853092E+003
  0.100000000000000E+001  0.283549527016919E+003  0.629959476119825E+000  0.791395996957784E+000  0.565138567908030E+000  0.334822469345896E+000 -0.131028262406404E+000 -0.141774763508459E+003
  0.100000000000000E+001  0.279521113389774E+003  0.173776329376159E+000  0.125151564025461E+001  0.631986235434271E+000  0.222568571325200E+000 -0.131028262406404E+000 -0.139760556694887E+003
  0.100000000000000E+001  0.279939883669195E+003  0.212564670514021E+000  0.108389759169474E+001  0.379717034125397E+000  0.272812013845541E+000 -0.131028262406404E+000 -0.139969941834598E+003
  0.100000000000000E+001  0.279116088149913E+003  0.179257752178306E+000  0.157645061553932E+001  0.810912197216441E+000  0.114389424323660E+000 -0.131028262406404E+000 -0.139558044074957E+003
  0.100000000000000E+001  0.287383924364103E+003  0.157042585443887E+001  0.182609209613429E+001  0.669851344763951E+000  0.192368827452150E+000 -0.131028262406404E+000 -0.143691962182052E+003
  0.100000000000000E+001  0.287691594347083E+003  0.767689963888539E+000  0.143560503178475E+001  0.100534551396512E+000  0.486469821885966E+000 -0.131028262406404E+000 -0.143845797173541E+003
  0.100000000000000E+001  0.281409689104100E+003  0.104768231183742E+001  0.525829971064576E+000  0.949896349671788E+000  0.104406312055064E+000 -0.131028262406404E+000 -0.140704844552050E+003
  0.100000000000000E+001  0.282860408764199E+003  0.136197208749500E+001  0.178340566630474E+001  0.889481883924099E+000  0.115696933389544E+000 -0.131028262406404E+000 -0.141430204382100E+003
  0.100000000000000E+001  0.293092489213301E+003  0.122796940231864E+001  0.192755530253975E+001  0.511747177823172E+000  0.473158275199014E+000 -0.131028262406404E+000 -0.146546244606650E+003
  0.100000000000000E+001  0.296970769343312E+003  0.148751692594406E+001  0.182934796432578E+001  0.681996108485287E+000  0.432782825792642E+000 -0.131028262406404E+000 -0.148485384671656E+003
  0.100000000000000E+001  0.278895824367068E+003  0.104922636810887E+000  0.115075998307413E+001  0.509379733710539E+000  0.107265771943787E+000 -0.131028262406404E+000 -0.139447912183534E+003
  0.100000000000000E+001  0.292417334336019E+003  0.184777869337870E+001  0.108381421725121E+001  0.636664440511452E+000  0.237329928959571E+000 -0.131028262406404E+000 -0.146208667168009E+003
  0.100000000000000E+001  0.293589382502905E+003  0.167474094486680E+001  0.102350689919999E+001  0.346052454169767E+000  0.289151123978913E+000 -0.131028262406404E+000 -0.146794691251453E+003
  0.100000000000000E+001  0.282709495227091E+003  0.130090539028473E+001  0.121661778508313E+001  0.793689494612292E+000  0.116819468700593E+000 -0.131028262406404E+000 -0.141354747613546E+003
  0.100000000000000E+001  0.279407071386988E+003  0.147535449077796E+000  0.135836075216906E+001  0.751411280816388E+000  0.230595512985349E+000 -0.131028262406404E+000 -0.139703535693494E+003
  0.100000000000000E+001  0.294365312342195E+003  0.152263409277870E+001  0.172972178328748E+001  0.789403196659483E+000  0.343294523201574E+000 -0.131028262406404E+000 -0.147182656171098E+003
  0.100000000000000E+001  0.306103301703335E+003  0.196467023142484E+001  0.174845857214200E+001  0.487816720814638E+000  0.423119169908248E+000 -0.131028262406404E+000 -0.153051650851667E+003
  0.100000000000000E+001  0.294319892021105E+003  0.154721320866941E+001  0.788061034473165E+000  0.337412034485781E+000  0.355579546449207E+000 -0.131028262406404E+000 -0.147159946010552E+003
  0.100000000000000E+001  0.282399560222041E+003  0.473184401287452E+000  0.132526250659229E+001  0.736251089533949E-001  0.334321809402189E+000 -0.131028262406404E+000 -0.141199780111021E+003
  0.100000000000000E+001  0.299930689973309E+003  0.151408735433380E+001  0.169571226955789E+001  0.572560576946795E+000  0.478949071504699E+000 -0.131028262406404E+000 -0.149965344986655E+003
  0.100000000000000E+001  0.295403503215904E+003  0.178923976386704E+001  0.129409285516928E+001  0.475999686671574E+000  0.289225337136300E+000 -0.131028262406404E+000 -0.147701751607952E+003
  0.100000000000000E+001  0.293206333244101E+003  0.143143007816213E+001  0.569148364148264E+000  0.718620869800559E+000  0.410513944441880E+000 -0.131028262406404E+000 -0.146603166622050E+003
  0.100000000000000E+001  0.284124520524992E+003  0.611696427789149E+000  0.124215307408048E+001  0.282222605311076E+000  0.366693035471627E+000 -0.131028262406404E+000 -0.142062260262496E+003
  0.100000000000000E+001  0.282934151059962E+003  0.924008601095411E+000  0.127946564511703E+001  0.610914723574283E-001  0.175877498420711E+000 -0.131028262406404E+000 -0.141467075529981E+003
  0.100000000000000E+001  0.288682516879812E+003  0.118317751339886E+001  0.615373212256934E+000  0.278391144968009E+000  0.340176502804065E+000 -0.131028262406404E+000 -0.144341258439906E+003
  0.100000000000000E+001  0.279191248481052E+003  0.112562202008104E+000  0.616748145115931E+000  0.871829257958651E+000  0.233028577630700E+000 -0.131028262406404E+000 -0.139595624240526E+003
  0.100000000000000E+001  0.287296985765946E+003  0.186618574633063E+001  0.119024633810800E+001  0.702863810293443E+000  0.156169805993554E+000 -0.131028262406404E+000 -0.143648492882973E+003
  0.100000000000000E+001  0.298484842502784E+003  0.149766898562253E+001  0.137516080018001E+001  0.438413638875247E+000  0.427620277979276E+000 -0.131028262406404E+000 -0.149242421251392E+003
  0.100000000000000E+001  0.284331749312519E+003  0.679551979196282E+000  0.155900937479229E+001  0.396289991226999E+000  0.336773777598288E+000 -0.131028262406404E+000 -0.142165874656260E+003
  0.100000000000000E+001  0.290076607481426E+003  0.179768944236671E+001  0.692278348340381E+000  0.684048223104418E-001  0.217381544185210E+000 -0.131028262406404E+000 -0.145038303740713E+003
  0.100000000000000E+001  0.294067216596742E+003  0.126272826948749E+001  0.144684106640832E+001  0.446011077217866E+000  0.421116789600092E+000 -0.131028262406404E+000 -0.147033608298371E+003
  0.100000000000000E+001  0.291355257429965E+003  0.148740351177616E+001  0.100115583605909E+001  0.163895947321284E+000  0.288233796387298E+000 -0.131028262406404E+000 -0.145677628714983E+003
  0.100000000000000E+001  0.283061538533445E+003  0.117809490395349E+001  0.154850959245722E+001  0.366470174537838E+000  0.139761788804384E+000 -0.131028262406404E+000 -0.141530769266723E+003
  0.100000000000000E+001  0.280158417402319E+003  0.609738228665043E+000  0.140069503262663E+001  0.338148859230265E+000  0.101117718839578E+000 -0.131028262406404E+000 -0.140079208701160E+003
  0.100000000000000E+001  0.282273753142550E+003  0.110000655626883E+001  0.129710903914286E+001  0.914390999682650E+000  0.125264630038796E+000 -0.131028262406404E+000 -0.141136876571275E+003
  0.100000000000000E+001  0.279789357195774E+003  0.158186564088661E+000  0.114673009947077E+001  0.669901161380342E+000  0.340595590636002E+000 -0.131028262406404E+000 -0.139894678597887E+003
  0.100000000000000E+001  0.295986426553151E+003  0.167723468942503E+001  0.115777317273175E+001  0.540025917109157E+000  0.326019988162270E+000 -0.131028262406404E+000 -0.147993213276575E+003
  0.100000000000000E+001  0.279945881489838E+003  0.150822165543156E+000  0.113141277651078E+001  0.576495265790675E-001  0.432161620707494E+000 -0.131028262406404E+000 -0.139972940744919E+003
  0.100000000000000E+001  0.288804491548857E+003  0.143338331490900E+001  0.123284273167344E+001  0.527952972177244E+000  0.239798565692370E+000 -0.131028262406404E+000 -0.144402245774429E+003
  0.100000000000000E+001  0.309161523141656E+003  0.186325896822943E+001  0.128873552255468E+001  0.431682269041977E+000  0.484474786174516E+000 -0.131028262406404E+000 -0.154580761570828E+003
  0.100000000000000E+001  0.282470660463123E+003  0.101303574191820E+001  0.188473089902394E+001  0.389122165440651E+000  0.145326794603722E+000 -0.131028262406404E+000 -0.141235330231561E+003
  0.100000000000000E+001  0.289638706889204E+003  0.115753317957502E+001  0.166589836235625E+001  0.586304080610008E+000  0.341228932794873E+000 -0.131028262406404E+000 -0.144819353444602E+003
  0.100000000000000E+001  0.287013881488409E+003  0.159465030614377E+001  0.125214780831712E+001  0.744346089004148E+000  0.179275527969200E+000 -0.131028262406404E+000 -0.143506940744205E+003
  0.100000000000000E+001  0.279794197175603E+003  0.136310585374334E+000  0.100397608958653E+001  0.333563096249574E-001  0.429092354334844E+000 -0.131028262406404E+000 -0.139897098587801E+003
  0.100000000000000E+001  0.284409955860965E+003  0.130083635491965E+001  0.133630675938138E+001  0.477124828355477E-001  0.159973657948933E+000 -0.131028262406404E+000 -0.142204977930483E+003
  0.100000000000000E+001  0.297503935709719E+003  0.167108454759289E+001  0.147169286387684E+001  0.964667497930576E+000  0.350958507583763E+000 -0.131028262406404E+000 -0.148751967854859E+003
  0.100000000000000E+001  0.279464637788034E+003  0.275021949960278E+000  0.516563940492411E+000  0.684975878976263E+000  0.130213696822696E+000 -0.131028262406404E+000 -0.139732318894017E+003
  0.100000000000000E+001  0.289382135178606E+003  0.148804741030667E+001  0.604719192979153E+000  0.492825022978349E-002  0.265275694936165E+000 -0.131028262406404E+000 -0.144691067589303E+003
  0.100000000000000E+001  0.287223183587195E+003  0.801824835137816E+000  0.180802698605497E+001  0.166123501513551E+000  0.474184824056822E+000 -0.131028262406404E+000 -0.143611591793597E+003
  0.100000000000000E+001  0.284132070315417E+003  0.800558840978973E+000  0.677156065191048E+000  0.900306462104404E+000  0.284458457247497E+000 -0.131028262406404E+000 -0.142066035157708E+003
  0.100000000000000E+001  0.295591234310012E+003  0.163524445446842E+001  0.113212231438927E+001  0.915803076933199E+000  0.330400187588098E+000 -0.131028262406404E+000 -0.147795617155006E+003
  0.100000000000000E+001  0.279472233400238E+003  0.138768915748134E+000  0.967943371397857E+000  0.341574869730428E+000  0.277075003713908E+000 -0.131028262406404E+000 -0.139736116700119E+003
  0.100000000000000E+001  0.279362996653975E+003  0.115288952316642E+000  0.177626585944542E+001  0.470174436881319E+000  0.305018138492112E+000 -0.131028262406404E+000 -0.139681498326988E+003
  0.100000000000000E+001  0.295147871263939E+003  0.167083622413947E+001  0.147980788461010E+001  0.669138801506909E-001  0.310074917467427E+000 -0.131028262406404E+000 -0.147573935631970E+003
  0.100000000000000E+001  0.285192193226087E+003  0.788151275416035E+000  0.995209000402249E+000  0.755917195897463E-001  0.328437189436612E+000 -0.131028262406404E+000 -0.142596096613043E+003
  0.100000000000000E+001  0.290506474107810E+003  0.128251360311966E+001  0.982858659833241E+000  0.604414447610524E-002  0.325955245061959E+000 -0.131028262406404E+000 -0.145253237053905E+003
  0.100000000000000E+001  0.279561748616694E+003  0.122586768048245E+000  0.141093690246182E+001  0.956118768583236E+000  0.363762819469376E+000 -0.131028262406404E+000 -0.139780874308347E+003
  0.100000000000000E+001  0.286874398335574E+003  0.165736211177219E+001  0.611257720668829E+000  0.985562620485112E+000  0.177092165532056E+000 -0.131028262406404E+000 -0.143437199167787E+003
  0.100000000000000E+001  0.284292851619051E+003  0.595462423659407E+000  0.130330661185297E+001  0.499762100677270E-002  0.393931474164438E+000 -0.131028262406404E+000 -0.142146425809526E+003
  0.100000000000000E+001  0.281638085854579E+003  0.950839259297427E+000  0.567980117980688E+000  0.521802669220530E-001  0.124886429816504E+000 -0.131028262406404E+000 -0.140819042927289E+003
  0.100000000000000E+001  0.285964528322866E+003  0.153087186981890E+001  0.756203866455199E+000  0.868752191476546E+000  0.170963156293517E+000 -0.131028262406404E+000 -0.142982264161433E+003
  0.100000000000000E+001  0.282347121271935E+003  0.439582525041425E+000  0.110501715192798E+001  0.141987618752613E+000  0.366719805673825E+000 -0.131028262406404E+000 -0.141173560635967E+003
  0.100000000000000E+001  0.295458967775387E+003  0.125833570816054E+001  0.102932735811091E+001  0.965769676438729E+000  0.479257535918785E+000 -0.131028262406404E+000 -0.147729483887694E+003
  0.100000000000000E+001  0.282211075835670E+003  0.420492132590094E+000  0.542326127837337E+000  0.896963606904089E+000  0.461008917777486E+000 -0.131028262406404E+000 -0.141105537917835E+003
  0.100000000000000E+001  0.299653899662925E+003  0.158273667827288E+001  0.120494621832205E+001  0.980048665953838E+000  0.422089760252834E+000 -0.131028262406404E+000 -0.149826949831463E+003
  0.100000000000000E+001  0.280822791866512E+003  0.351426001262747E+000  0.143291980910812E+001  0.807147688628584E+000  0.264319303628155E+000 -0.131028262406404E+000 -0.140411395933256E+003
  0.100000000000000E+001  0.289317330465146E+003  0.121797360343522E+001  0.566753751676267E+000  0.841736216246723E+000  0.359775836895714E+000 -0.131028262406404E+000 -0.144658665232573E+003
  0.100000000000000E+001  0.283896312693280E+003  0.182963396540161E+001  0.650837989224407E+000  0.313902381261934E+000  0.104720400921184E+000 -0.131028262406404E+000 -0.141948156346640E+003
  0.100000000000000E+001  0.284390041676760E+003  0.860300756965124E+000  0.147136261399578E+001  0.878238834150508E+000  0.252137259829620E+000 -0.131028262406404E+000 -0.142195020838380E+003
  0.100000000000000E+001  0.291265450499143E+003  0.101911750588573E+001  0.141906640137727E+001  0.656094417101427E+000  0.463894225106095E+000 -0.131028262406404E+000 -0.145632725249571E+003
  0.100000000000000E+001  0.294317157106627E+003  0.187964697087700E+001  0.106264421534275E+001  0.872285205060302E+000  0.261390283964725E+000 -0.131028262406404E+000 -0.147158578553314E+003
  0.100000000000000E+001  0.290355225611596E+003  0.155354693801052E+001  0.124500322211722E+001  0.442392524291291E+000  0.248377208430009E+000 -0.131028262406404E+000 -0.145177612805798E+003
  0.100000000000000E+001  0.296400720684834E+003  0.150383765989753E+001  0.109376900163634E+001  0.372605139422518E+000  0.388240476408644E+000 -0.131028262406404E+000 -0.148200360342417E+003
  0.100000000000000E+001  0.302818393299486E+003  0.197011086753684E+001  0.125246031869890E+001  0.161951835335057E-001  0.357879282274963E+000 -0.131028262406404E+000 -0.151409196649743E+003
  0.100000000000000E+001  0.286196373779984E+003  0.752913335690520E+000  0.894941909635775E+000  0.590528181292139E+000  0.421909159700720E+000 -0.131028262406404E+000 -0.143098186889992E+003
  0.100000000000000E+001  0.280851765766470E+003  0.722241082183078E+000  0.678115419278536E+000  0.227383164027532E+000  0.123834645377668E+000 -0.131028262406404E+000 -0.140425882883235E+003
  0.100000000000000E+001  0.293906411076100E+003  0.137408339678616E+001  0.790271912585983E+000  0.692798342376267E+000  0.410014238914071E+000 -0.131028262406404E+000 -0.146953205538050E+003
  0.100000000000000E+001  0.279442222143546E+003  0.193616355120029E+000  0.187834759705876E+001  0.693864966208204E-001  0.183182657580680E+000 -0.131028262406404E+000 -0.139721111071773E+003
  0.100000000000000E+001  0.279746364080754E+003  0.312069428392381E+000  0.109567148810375E+001  0.376620726682355E+000  0.149229886039314E+000 -0.131028262406404E+000 -0.139873182040377E+003
  0.100000000000000E+001  0.281949844994590E+003  0.812333277205874E+000  0.822211341856843E+000  0.747092978527680E+000  0.160698966221464E+000 -0.131028262406404E+000 -0.140974922497295E+003
  0.100000000000000E+001  0.291593456601538E+003  0.125663520127726E+001  0.167338560344224E+001  0.643164158671627E-001  0.362650197303418E+000 -0.131028262406404E+000 -0.145796728300769E+003
  0.100000000000000E+001  0.286902420474391E+003  0.160059192365576E+001  0.128504760188811E+001  0.104713649432565E-001  0.176372609073814E+000 -0.131028262406404E+000 -0.143451210237195E+003
  0.100000000000000E+001  0.279759918615924E+003  0.186598135325222E+000  0.878464847767948E+000  0.121934638643636E+000  0.276050345567052E+000 -0.131028262406404E+000 -0.139879959307962E+003
  0.100000000000000E+001  0.285262310077478E+003  0.656203859927796E+000  0.918895679608883E+000  0.233607868376987E+000  0.436465737535225E+000 -0.131028262406404E+000 -0.142631155038739E+003
  0.100000000000000E+001  0.279787090407062E+003  0.133748192798120E+000  0.114549625500865E+001  0.453253496100003E+000  0.430494659519219E+000 -0.131028262406404E+000 -0.139893545203531E+003
  0.100000000000000E+001  0.292820261118004E+003  0.163031367123871E+001  0.693631315620167E+000  0.969914570283399E+000  0.306476167182763E+000 -0.131028262406404E+000 -0.146410130559002E+003
  0.100000000000000E+001  0.289670625537251E+003  0.942172683464170E+000  0.138564895777050E+001  0.921231862495785E+000  0.444925532357538E+000 -0.131028262406404E+000 -0.144835312768626E+003
  0.100000000000000E+001  0.298102818911237E+003  0.170323261389069E+001  0.147464977233703E+001  0.510033499116801E+000  0.352668511305116E+000 -0.131028262406404E+000 -0.149051409455619E+003
  0.100000000000000E+001  0.290738740129522E+003  0.129000797735917E+001  0.157712435532213E+001  0.655908605457371E+000  0.321960133995280E+000 -0.131028262406404E+000 -0.145369370064761E+003
  0.100000000000000E+001  0.298168869755331E+003  0.180422784379987E+001  0.100963894975419E+001  0.294619237734525E+000  0.339391873086443E+000 -0.131028262406404E+000 -0.149084434877666E+003
  0.100000000000000E+001  0.283412716121813E+003  0.121761812150527E+001  0.136492737660356E+001  0.481266890515423E+000  0.144502640851932E+000 -0.131028262406404E+000 -0.141706358060906E+003
  0.100000000000000E+001  0.282744615364057E+003  0.492488932363642E+000  0.947273390216567E+000  0.123066448687279E+000  0.364237708840348E+000 -0.131028262406404E+000 -0.141372307682029E+003
  0.100000000000000E+001  0.284941132675031E+003  0.880773457407222E+000  0.175548269986737E+001  0.528026230172030E+000  0.275734144907112E+000 -0.131028262406404E+000 -0.142470566337515E+003
  0.100000000000000E+001  0.294425393313581E+003  0.144912334856474E+001  0.625182280804803E+000  0.901649616545356E+000  0.428682096199522E+000 -0.131028262406404E+000 -0.147212696656790E+003
  0.100000000000000E+001  0.293586321492357E+003  0.188011976929615E+001  0.787683104443291E+000  0.645414573351134E+000  0.260981064356793E+000 -0.131028262406404E+000 -0.146793160746178E+003
  0.100000000000000E+001  0.286310250091685E+003  0.131178952911805E+001  0.149079663245244E+001  0.919525399109631E+000  0.205111943092389E+000 -0.131028262406404E+000 -0.143155125045843E+003
  0.100000000000000E+001  0.282953346736485E+003  0.100052488362062E+001  0.985579714962765E+000  0.524556792397639E+000  0.163624553900709E+000 -0.131028262406404E+000 -0.141476673368242E+003
  0.100000000000000E+001  0.279710264396813E+003  0.195790236375308E+000  0.129469683576083E+001  0.771224254910810E+000  0.239887044450056E+000 -0.131028262406404E+000 -0.139855132198407E+003
  0.100000000000000E+001  0.280892571852748E+003  0.406989999005109E+000  0.184693212133358E+001  0.982826338127872E+000  0.238485080112322E+000 -0.131028262406404E+000 -0.140446285926374E+003
  0.100000000000000E+001  0.291170222846458E+003  0.178047526684279E+001  0.758689990030005E+000  0.163910122596464E+000  0.237243738805746E+000 -0.131028262406404E+000 -0.145585111423229E+003
  0.100000000000000E+001  0.281769019683419E+003  0.671999351100849E+000  0.173519607404098E+001  0.382610473339945E+000  0.185590547158345E+000 -0.131028262406404E+000 -0.140884509841709E+003
  0.100000000000000E+001  0.293130762881818E+003  0.150470636160562E+001  0.120335590543953E+001  0.563499847516288E+000  0.314226764906816E+000 -0.131028262406404E+000 -0.146565381440909E+003
  0.100000000000000E+001  0.297504431702725E+003  0.184225100372396E+001  0.117228495464648E+001  0.503567391982229E+000  0.312773237973314E+000 -0.131028262406404E+000 -0.148752215851363E+003
  0.100000000000000E+001  0.296571790818943E+003  0.179040495092465E+001  0.979030102946277E+000  0.812684277629059E-001  0.317861635536477E+000 -0.131028262406404E+000 -0.148285895409471E+003
  0.100000000000000E+001  0.286375041218039E+003  0.193138696064636E+001  0.197354181631581E+001  0.607707102306985E+000  0.138691185302208E+000 -0.131028262406404E+000 -0.143187520609019E+003
  0.100000000000000E+001  0.299339161877858E+003  0.180214737156350E+001  0.170388565596488E+001  0.918491817987510E+000  0.356364965227265E+000 -0.131028262406404E+000 -0.149669580938929E+003
  0.100000000000000E+001  0.298753842827275E+003  0.182981593401620E+001  0.875348914485072E+000  0.679305410540855E+000  0.354124517643963E+000 -0.131028262406404E+000 -0.149376921413637E+003
  0.100000000000000E+001  0.300342819266834E+003  0.176341616411053E+001  0.870463150372546E+000  0.342282023990896E+000  0.403910430740123E+000 -0.131028262406404E+000 -0.150171409633417E+003
  0.100000000000000E+001  0.290327263104964E+003  0.163787787696791E+001  0.129551459745803E+001  0.707936275959450E+000  0.232986930862404E+000 -0.131028262406404E+000 -0.145163631552482E+003
  0.100000000000000E+001  0.289861703354640E+003  0.125064289021784E+001  0.109000911916538E+001  0.310746544792077E+000  0.313109226634339E+000 -0.131028262406404E+000 -0.144930851677320E+003
  0.100000000000000E+001  0.285994255825493E+003  0.863852577470930E+000  0.118059407285419E+001  0.812317086258098E+000  0.322632938057774E+000 -0.131028262406404E+000 -0.142997127912746E+003
  0.100000000000000E+001  0.295692257151715E+003  0.174786738642763E+001  0.630431055987520E+000  0.552799385782470E+000  0.348225986827293E+000 -0.131028262406404E+000 -0.147846128575858E+003
  0.100000000000000E+001  0.297406273527134E+003  0.155019624179834E+001  0.111074325363592E+001  0.759177390852995E+000  0.392545671806894E+000 -0.131028262406404E+000 -0.148703136763567E+003
  0.100000000000000E+001  0.293648647454912E+003  0.115974294710018E+001  0.152699596542048E+001  0.422463054834918E-001  0.471204564730590E+000 -0.131028262406404E+000 -0.146824323727456E+003
  0.100000000000000E+001  0.281003207273662E+003  0.559710473802821E+000  0.165320757501860E+001  0.888579316846499E+000  0.170892567262386E+000 -0.131028262406404E+000 -0.140501603636831E+003
  0.100000000000000E+001  0.281864959257878E+003  0.597178405090740E+000  0.188077841509039E+001  0.654718423167220E+000  0.222618340503166E+000 -0.131028262406404E+000 -0.140932479628939E+003
  0.100000000000000E+001  0.280489930966042E+003  0.214627339620647E+000  0.175257385608249E+001  0.780529604817926E+000  0.480333220110597E+000 -0.131028262406404E+000 -0.140244965483021E+003
  0.100000000000000E+001  0.281064632402644E+003  0.469290128108936E+000  0.176267660487408E+001  0.268977652854077E+000  0.215529745409057E+000 -0.131028262406404E+000 -0.140532316201322E+003
  0.100000000000000E+001  0.287944286580455E+003  0.140387716850410E+001  0.148963651845251E+001  0.418981650447995E+000  0.226399569230156E+000 -0.131028262406404E+000 -0.143972143290228E+003
  0.100000000000000E+001  0.283535004689351E+003  0.718791050952153E+000  0.125353411770290E+001  0.391137093511412E-001  0.264887820691638E+000 -0.131028262406404E+000 -0.141767502344676E+003
  0.100000000000000E+001  0.301401685753120E+003  0.176345801657010E+001  0.138654233563174E+001  0.605203513041160E+000  0.389990315502319E+000 -0.131028262406404E+000 -0.150700842876560E+003
  0.100000000000000E+001  0.295405416375502E+003  0.121212301144153E+001  0.143482238245067E+001  0.606324689209246E+000  0.493698560942845E+000 -0.131028262406404E+000 -0.147702708187751E+003
  0.100000000000000E+001  0.290818223896401E+003  0.147025662799172E+001  0.915858270993703E+000  0.567463860969253E+000  0.284455882628645E+000 -0.131028262406404E+000 -0.145409111948201E+003
  0.100000000000000E+001  0.281915794107471E+003  0.396125932442696E+000  0.184556427878739E+001  0.510691821929182E+000  0.405706804210544E+000 -0.131028262406404E+000 -0.140957897053735E+003
  0.100000000000000E+001  0.287518986455614E+003  0.168741742830118E+001  0.602552129010571E+000  0.134723086725959E-001  0.186588634756951E+000 -0.131028262406404E+000 -0.143759493227807E+003
  0.100000000000000E+001  0.282375042653540E+003  0.447433330767282E+000  0.805432922016426E+000  0.203836016463369E+000  0.385999440184087E+000 -0.131028262406404E+000 -0.141187521326770E+003
  0.100000000000000E+001  0.284301268532794E+003  0.681526164432945E+000  0.180024035393541E+001  0.631851615350166E+000  0.350285712070438E+000 -0.131028262406404E+000 -0.142150634266397E+003
  0.100000000000000E+001  0.281101002619441E+003  0.425441851719117E+000  0.170949316920062E+001  0.351323842479006E+000  0.244759367585760E+000 -0.131028262406404E+000 -0.140550501309720E+003
  0.100000000000000E+001  0.294390626890584E+003  0.161363166705222E+001  0.124015545266606E+001  0.766451358635601E+000  0.310687439327225E+000 -0.131028262406404E+000 -0.147195313445292E+003
  0.100000000000000E+001  0.285052588902697E+003  0.675674456447261E+000  0.153716247991101E+001  0.100652528360897E+000  0.389376790915824E+000 -0.131028262406404E+000 -0.142526294451349E+003
  0.100000000000000E+001  0.289067804509198E+003  0.118401076175681E+001  0.741470456210892E+000  0.855864882233270E+000  0.337388012476461E+000 -0.131028262406404E+000 -0.144533902254599E+003
  0.100000000000000E+001  0.283773216779001E+003  0.999536830892102E+000  0.124869168088605E+001  0.426671451503662E+000  0.191030655223538E+000 -0.131028262406404E+000 -0.141886608389501E+003
  0.100000000000000E+001  0.286019592413923E+003  0.166171449807318E+001  0.197793105504241E+001  0.506913313155247E+000  0.156725860056533E+000 -0.131028262406404E+000 -0.143009796206961E+003
  0.100000000000000E+001  0.292467110523085E+003  0.104134071952370E+001  0.118191591828099E+001  0.984841518956876E+000  0.498622743752082E+000 -0.131028262406404E+000 -0.146233555261543E+003
  0.100000000000000E+001  0.284886830051710E+003  0.110811477124238E+001  0.114068821525878E+001  0.976292050027615E+000  0.205597158063098E+000 -0.131028262406404E+000 -0.142443415025855E+003
  0.100000000000000E+001  0.285654922081294E+003  0.116962172381428E+001  0.110644881981176E+001  0.951948775596868E+000  0.216075218065919E+000 -0.131028262406404E+000 -0.142827461040647E+003
  0.100000000000000E+001  0.290536859306204E+003  0.127669863060021E+001  0.191670308402234E+001  0.810279495719319E+000  0.343965097472023E+000 -0.131028262406404E+000 -0.145268429653102E+003
  0.100000000000000E+001  0.282440507884681E+003  0.527207330394568E+000  0.105407902313285E+001  0.884400792701256E+000  0.299564737690935E+000 -0.131028262406404E+000 -0.141220253942341E+003
  0.100000000000000E+001  0.279708209858108E+003  0.167007923130722E+000  0.194615956105242E+001  0.567528890703648E+000  0.322129562593668E+000 -0.131028262406404E+000 -0.139854104929054E+003
  0.100000000000000E+001  0.305131934610193E+003  0.190512838540910E+001  0.805245971836421E+000  0.230900092825472E+000  0.457147163377081E+000 -0.131028262406404E+000 -0.152565967305096E+003
  0.100000000000000E+001  0.282618513776681E+003  0.683543088296202E+000  0.170596287123720E+001  0.384071568525979E+000  0.231520348381295E+000 -0.131028262406404E+000 -0.141309256888341E+003
  0.100000000000000E+001  0.284128462483614E+003  0.136387233281340E+001  0.122425899456191E+001  0.273405375029782E+000  0.145647744190426E+000 -0.131028262406404E+000 -0.142064231241807E+003
  0.100000000000000E+001  0.286805611851372E+003  0.155820366927561E+001  0.121802546347138E+001  0.100362221421286E+000  0.179925479631753E+000 -0.131028262406404E+000 -0.143402805925686E+003
  0.100000000000000E+001  0.283568705929210E+003  0.503153515338245E+000  0.123750073554395E+001  0.966418107990570E+000  0.425417943009546E+000 -0.131028262406404E+000 -0.141784352964605E+003
  0.100000000000000E+001  0.285599975191185E+003  0.197192578162311E+001  0.826507235080616E+000  0.559827715693713E-001  0.123409003563014E+000 -0.131028262406404E+000 -0.142799987595592E+003
  0.100000000000000E+001  0.294955267756119E+003  0.160361848079199E+001  0.716141104319165E+000  0.499519512035561E+000  0.362621253867651E+000 -0.131028262406404E+000 -0.147477633878059E+003
  0.100000000000000E+001  0.287609607798442E+003  0.883604639662932E+000  0.199267300104312E+001  0.110561020168518E+000  0.470360222834427E+000 -0.131028262406404E+000 -0.143804803899221E+003
  0.100000000000000E+001  0.300045996066119E+003  0.193858617231174E+001  0.169635131564213E+001  0.596691699631238E+000  0.333157008819717E+000 -0.131028262406404E+000 -0.150022998033060E+003
  0.100000000000000E+001  0.283499303850352E+003  0.132241225044063E+001  0.514139370604691E+000  0.859669636540917E+000  0.139490624116921E+000 -0.131028262406404E+000 -0.141749651925176E+003
  0.100000000000000E+001  0.283830667063770E+003  0.945200988574015E+000  0.199573675002216E+001  0.177882461658327E+000  0.214298399841844E+000 -0.131028262406404E+000 -0.141915333531885E+003
  0.100000000000000E+001  0.281620701651397E+003  0.380183055018907E+000  0.827041574954707E+000  0.884706983802144E+000  0.362739265151244E+000 -0.131028262406404E+000 -0.140810350825698E+003
  0.100000000000000E+001  0.291430882742859E+003  0.116792251261285E+001  0.112116288344307E+001  0.229899005925421E+000  0.389623659412788E+000 -0.131028262406404E+000 -0.145715441371429E+003
  0.100000000000000E+001  0.287664020404701E+003  0.190573900965866E+001  0.914916546657196E+000  0.606686968155528E+000  0.160113826402395E+000 -0.131028262406404E+000 -0.143832010202351E+003
  0.100000000000000E+001  0.280557373130901E+003  0.740663629196563E+000  0.138518587570678E+001  0.713174109582281E+000  0.103519986998340E+000 -0.131028262406404E+000 -0.140278686565451E+003
  0.100000000000000E+001  0.285954540215890E+003  0.672419556124696E+000  0.131126038713709E+001  0.337924343551224E+000  0.451496923608399E+000 -0.131028262406404E+000 -0.142977270107945E+003
  0.100000000000000E+001  0.280310366800316E+003  0.372391024257720E+000  0.155305396832185E+001  0.218095221955751E+000  0.187300426488517E+000 -0.131028262406404E+000 -0.140155183400158E+003
  0.100000000000000E+001  0.282542328196873E+003  0.397006633888780E+000  0.139223282081064E+001  0.819423854278900E+000  0.454463015006050E+000 -0.131028262406404E+000 -0.141271164098436E+003
  0.100000000000000E+001  0.291380034192205E+003  0.146326312161542E+001  0.125863046136928E+001  0.642893174025785E+000  0.287415471055200E+000 -0.131028262406404E+000 -0.145690017096103E+003
  0.100000000000000E+001  0.288119667217547E+003  0.130755234055252E+001  0.119392123622519E+001  0.533199808601621E+000  0.250490147691719E+000 -0.131028262406404E+000 -0.144059833608773E+003
  0.100000000000000E+001  0.288293046250701E+003  0.106020854325521E+001  0.729474164512842E+000  0.384714680922141E+000  0.363674203999173E+000 -0.131028262406404E+000 -0.144146523125350E+003
  0.100000000000000E+001  0.283352866294129E+003  0.461634854353598E+000  0.103949720086640E+001  0.216030161931177E+000  0.465869174342951E+000 -0.131028262406404E+000 -0.141676433147064E+003
  0.100000000000000E+001  0.305461186936800E+003  0.181577912469966E+001  0.171329683261766E+001  0.522853291712584E+000  0.463178894975237E+000 -0.131028262406404E+000 -0.152730593468400E+003
  0.100000000000000E+001  0.293252660313096E+003  0.113742966552772E+001  0.131847165962868E+001  0.346611603266437E+000  0.461189167672719E+000 -0.131028262406404E+000 -0.146626330156548E+003
  0.100000000000000E+001  0.279701620153122E+003  0.206584286133715E+000  0.168994407986621E+001  0.174137829604325E+000  0.227494261702553E+000 -0.131028262406404E+000 -0.139850810076561E+003
  0.100000000000000E+001  0.292452415177595E+003  0.139042548071313E+001  0.180564216839014E+001  0.768114815870424E-002  0.346485034101728E+000 -0.131028262406404E+000 -0.146226207588797E+003
  0.100000000000000E+001  0.285984614942801E+003  0.142046336259170E+001  0.193709828282561E+001  0.602501717074501E+000  0.185385385495825E+000 -0.131028262406404E+000 -0.142992307471400E+003
  0.100000000000000E+001  0.292771584305527E+003  0.134613823920344E+001  0.529214635737987E+000  0.877212622610258E+000  0.452511756908480E+000 -0.131028262406404E+000 -0.146385792152764E+003
  0.100000000000000E+001  0.286113043242793E+003  0.704994696246772E+000  0.979759706645693E+000  0.142959019814445E+000  0.447431422459664E+000 -0.131028262406404E+000 -0.143056521621396E+003
  0.100000000000000E+001  0.290926241270536E+003  0.139712924281301E+001  0.147653501233491E+001  0.800257888641402E+000  0.293675630352667E+000 -0.131028262406404E+000 -0.145463120635268E+003
  0.100000000000000E+001  0.288820461297517E+003  0.103062554487179E+001  0.538369365799544E+000  0.978324383162600E+000  0.456495197510503E+000 -0.131028262406404E+000 -0.144410230648759E+003
  0.100000000000000E+001  0.288193205322159E+003  0.169534816056899E+001  0.814735771136157E+000  0.668176688237629E-001  0.193530324865822E+000 -0.131028262406404E+000 -0.144096602661080E+003
  0.100000000000000E+001  0.280789185982910E+003  0.269990609302634E+000  0.170919836785389E+001  0.903793058607654E+000  0.387712326238861E+000 -0.131028262406404E+000 -0.140394592991455E+003
  0.100000000000000E+001  0.280647577223403E+003  0.772845289587032E+000  0.143914496674017E+001  0.356378080650206E+000  0.103536659813805E+000 -0.131028262406404E+000 -0.140323788611702E+003
  0.100000000000000E+001  0.305919110324946E+003  0.176979399922433E+001  0.171812381279777E+001  0.294234510338251E+000  0.494508822306782E+000 -0.131028262406404E+000 -0.152959555162473E+003
  0.100000000000000E+001  0.287841393985603E+003  0.109395890856062E+001  0.171575880411630E+001  0.135926360464906E-001  0.307867249246444E+000 -0.131028262406404E+000 -0.143920696992802E+003
  0.100000000000000E+001  0.292096093836101E+003  0.121668938275224E+001  0.139932077238328E+001  0.822900204922684E+000  0.382748011082629E+000 -0.131028262406404E+000 -0.146048046918051E+003
  0.100000000000000E+001  0.294366872396213E+003  0.167439405950701E+001  0.931252136198153E+000  0.274489281255610E-001  0.308335773230615E+000 -0.131028262406404E+000 -0.147183436198106E+003
  0.100000000000000E+001  0.282087382538314E+003  0.594976653304863E+000  0.138977044218557E+001  0.131297908103498E+000  0.231034037577990E+000 -0.131028262406404E+000 -0.141043691269157E+003
  0.100000000000000E+001  0.287498784774316E+003  0.102873324408726E+001  0.167154199164184E+001  0.235874195540428E+000  0.318595648576059E+000 -0.131028262406404E+000 -0.143749392387158E+003
  0.100000000000000E+001  0.291955479173064E+003  0.193339235296153E+001  0.116257464532194E+001  0.545771268315435E+000  0.217692011006539E+000 -0.131028262406404E+000 -0.145977739586532E+003
  0.100000000000000E+001  0.281738314975528E+003  0.560747862675500E+000  0.701942224314434E+000  0.627217076882911E+000  0.233960567165943E+000 -0.131028262406404E+000 -0.140869157487764E+003
  0.100000000000000E+001  0.292648406552629E+003  0.138595890950781E+001  0.150128715753840E+001  0.699715433221695E+000  0.336743342015769E+000 -0.131028262406404E+000 -0.146324203276315E+003
  0.100000000000000E+001  0.289365864928185E+003  0.140288401393436E+001  0.104427781486961E+001  0.237619724779347E-001  0.261903688836736E+000 -0.131028262406404E+000 -0.144682932464093E+003
  0.100000000000000E+001  0.284165671064131E+003  0.586007483385158E+000  0.148887735226413E+001  0.223306406590519E+000  0.397564369132289E+000 -0.131028262406404E+000 -0.142082835532065E+003
  0.100000000000000E+001  0.282698376217805E+003  0.117020231968449E+001  0.103002027183683E+001  0.570480081479871E+000  0.130579388116307E+000 -0.131028262406404E+000 -0.141349188108903E+003
  0.100000000000000E+001  0.289159168975574E+003  0.100314258988112E+001  0.118824823596977E+001  0.655385910245318E+000  0.386731958383484E+000 -0.131028262406404E+000 -0.144579584487787E+003
  0.100000000000000E+001  0.284077231026876E+003  0.646789364475914E+000  0.182127304954140E+001  0.875049320972057E+000  0.363032384306328E+000 -0.131028262406404E+000 -0.142038615513438E+003
  0.100000000000000E+001  0.281741106127009E+003  0.419718521984006E+000  0.138228658552956E+001  0.796843227595555E+000  0.313631739588264E+000 -0.131028262406404E+000 -0.140870553063504E+003
  0.100000000000000E+001  0.294674306750186E+003  0.141745230402561E+001  0.531214449097151E+000  0.768110141502109E+000  0.489557793134213E+000 -0.131028262406404E+000 -0.147337153375093E+003
  0.100000000000000E+001  0.292505094327202E+003  0.116054009367377E+001  0.188546374555938E+001  0.213745258967157E+000  0.486210944135885E+000 -0.131028262406404E+000 -0.146252547163601E+003
  0.100000000000000E+001  0.299063813993001E+003  0.161096470513075E+001  0.185015441051732E+001  0.178471515909072E+000  0.433948619377156E+000 -0.131028262406404E+000 -0.149531906996501E+003
  0.100000000000000E+001  0.308821555700625E+003  0.196036378324554E+001  0.116652795283766E+001  0.638908299353088E+000  0.449494826780043E+000 -0.131028262406404E+000 -0.154410777850312E+003
  0.100000000000000E+001  0.286847625633423E+003  0.959103776996451E+000  0.565078821555099E+000  0.267794921526601E+000  0.375921045525816E+000 -0.131028262406404E+000 -0.143423812816712E+003
  0.100000000000000E+001  0.280786040283314E+003  0.691442393761947E+000  0.196767046170983E+001  0.743659395735292E+000  0.125563109800391E+000 -0.131028262406404E+000 -0.140393020141657E+003
  0.100000000000000E+001  0.285546809844557E+003  0.871267341350368E+000  0.761997568261291E+000  0.615480997838136E+000  0.321923518039670E+000 -0.131028262406404E+000 -0.142773404922278E+003
  0.100000000000000E+001  0.305496821227706E+003  0.178117322478170E+001  0.155092224393781E+001  0.965751689087981E+000  0.460788798268290E+000 -0.131028262406404E+000 -0.152748410613853E+003
  0.100000000000000E+001  0.290492989755422E+003  0.123601073000956E+001  0.138371866508207E+001  0.461395448129631E+000  0.329634095014235E+000 -0.131028262406404E+000 -0.145246494877711E+003
  0.100000000000000E+001  0.280448218958236E+003  0.504581582506257E+000  0.110711997878967E+001  0.618285095251622E-001  0.146232302942743E+000 -0.131028262406404E+000 -0.140224109479118E+003
  0.100000000000000E+001  0.284643766560627E+003  0.633251822269743E+000  0.796718305771965E+000  0.145155618986025E+000  0.425254960700196E+000 -0.131028262406404E+000 -0.142321883280314E+003
  0.100000000000000E+001  0.295466560946122E+003  0.149780573694993E+001  0.146175439322478E+001  0.376620709573918E+000  0.363005713961636E+000 -0.131028262406404E+000 -0.147733280473061E+003
  0.100000000000000E+001  0.283532434896961E+003  0.103520749879787E+001  0.146682788780819E+001  0.904898454119340E+000  0.175793284758797E+000 -0.131028262406404E+000 -0.141766217448480E+003
  0.100000000000000E+001  0.282140387693284E+003  0.728126317151981E+000  0.117303654203583E+001  0.133590236418907E+000  0.187821709196983E+000 -0.131028262406404E+000 -0.141070193846642E+003
  0.100000000000000E+001  0.284663336533929E+003  0.153743449667046E+001  0.993851902537935E+000  0.203957588520791E+000  0.140349054818327E+000 -0.131028262406404E+000 -0.142331668266964E+003
  0.100000000000000E+001  0.285751690797968E+003  0.718019876642210E+000  0.185443326166765E+001  0.753066758454263E+000  0.451655084047929E+000 -0.131028262406404E+000 -0.142875845398984E+003
  0.100000000000000E+001  0.293000539359075E+003  0.137915585422753E+001  0.576505947093453E+000  0.820115443357903E+000  0.426914734903618E+000 -0.131028262406404E+000 -0.146500269679537E+003
  0.100000000000000E+001  0.284582874348102E+003  0.179300006843026E+001  0.176807177985762E+001  0.922681590301800E+000  0.117974005399789E+000 -0.131028262406404E+000 -0.142291437174051E+003
  0.100000000000000E+001  0.288035412356618E+003  0.166568584766977E+001  0.166380053133266E+001  0.202132743031952E+000  0.190090561092433E+000 -0.131028262406404E+000 -0.144017706178309E+003
  0.100000000000000E+001  0.289747108501806E+003  0.108724927298629E+001  0.576259155003069E+000  0.428345431983855E+000  0.455077552345172E+000 -0.131028262406404E+000 -0.144873554250903E+003
  0.100000000000000E+001  0.283631966645621E+003  0.141529664968661E+001  0.113551369893237E+001  0.828136376483913E+000  0.128865820828562E+000 -0.131028262406404E+000 -0.141815983322810E+003
  0.100000000000000E+001  0.303692151793844E+003  0.195368794967679E+001  0.170055296496815E+001  0.696164582675927E+000  0.383883989702642E+000 -0.131028262406404E+000 -0.151846075896922E+003
  0.100000000000000E+001  0.281593001045801E+003  0.633478482668067E+000  0.760247948460564E+000  0.895395744804715E+000  0.190469148394444E+000 -0.131028262406404E+000 -0.140796500522901E+003
  0.100000000000000E+001  0.283356168488735E+003  0.160194970966415E+001  0.189884354535498E+001  0.598454431988591E+000  0.108376000741363E+000 -0.131028262406404E+000 -0.141678084244368E+003
  0.100000000000000E+001  0.279720563413331E+003  0.153226963361476E+000  0.629979045742039E+000  0.270079477341191E+000  0.372046449736659E+000 -0.131028262406404E+000 -0.139860281706665E+003
  0.100000000000000E+001  0.298729744777167E+003  0.183564257465563E+001  0.119468531960060E+001  0.626255508300541E+000  0.332069337163110E+000 -0.131028262406404E+000 -0.149364872388584E+003
  0.100000000000000E+001  0.281265706599869E+003  0.596169272658325E+000  0.846008065036573E+000  0.576379953733590E+000  0.179380787498581E+000 -0.131028262406404E+000 -0.140632853299935E+003
  0.100000000000000E+001  0.282002409660556E+003  0.810875605893129E+000  0.675200111891217E+000  0.579588845357118E+000  0.165571697249494E+000 -0.131028262406404E+000 -0.141001204830278E+003
  0.100000000000000E+001  0.282182645140361E+003  0.109506696156443E+001  0.154676233904551E+001  0.190704666458697E+000  0.123072491704473E+000 -0.131028262406404E+000 -0.141091322570181E+003
  0.100000000000000E+001  0.281411766733221E+003  0.693204124048915E+000  0.114588187132540E+001  0.749721709602035E+000  0.158113137151018E+000 -0.131028262406404E+000 -0.140705883366610E+003
  0.100000000000000E+001  0.285752530478347E+003  0.107945626999447E+001  0.897178568653365E+000  0.475163647308811E+000  0.245220437848955E+000 -0.131028262406404E+000 -0.142876265239174E+003
  0.100000000000000E+001  0.283214480218067E+003  0.672489685714618E+000  0.570089995058418E+000  0.892966747294407E-001  0.301954782502050E+000 -0.131028262406404E+000 -0.141607240109034E+003
  0.100000000000000E+001  0.282967041229799E+003  0.106264402300512E+001  0.967155305835322E+000  0.376746509236006E+000  0.153914708078095E+000 -0.131028262406404E+000 -0.141483520614900E+003
  0.100000000000000E+001  0.282735154340107E+003  0.134214615585519E+001  0.129581965251499E+001  0.209779845116229E-001  0.113690737359020E+000 -0.131028262406404E+000 -0.141367577170053E+003
  0.100000000000000E+001  0.282000101938776E+003  0.101267599632789E+001  0.164687243353392E+001  0.542578909821416E+000  0.127374661419584E+000 -0.131028262406404E+000 -0.141000050969388E+003
  0.100000000000000E+001  0.295086319940586E+003  0.142499991931464E+001  0.614485967624005E+000  0.141199009542267E+000  0.467440014049425E+000 -0.131028262406404E+000 -0.147543159970293E+003
  0.100000000000000E+001  0.291215173076858E+003  0.184941469674772E+001  0.104711147359034E+001  0.957329620303028E+000  0.219433288676672E+000 -0.131028262406404E+000 -0.145607586538429E+003
  0.100000000000000E+001  0.279872185663860E+003  0.145981923972554E+000  0.106347074340339E+001  0.498182732772061E+000  0.421002098980441E+000 -0.131028262406404E+000 -0.139936092831930E+003
  0.100000000000000E+001  0.304545846133049E+003  0.177576981735178E+001  0.128934812136948E+001  0.829618521908443E+000  0.439707998983407E+000 -0.131028262406404E+000 -0.152272923066525E+003
  0.100000000000000E+001  0.294575254156996E+003  0.163847404894622E+001  0.167363697483050E+001  0.520743636412563E+000  0.312724261776204E+000 -0.131028262406404E+000 -0.147287627078498E+003
  0.100000000000000E+001  0.283524859871864E+003  0.510470965633799E+000  0.935235173691700E+000  0.609332748828180E+000  0.430222229816252E+000 -0.131028262406404E+000 -0.141762429935932E+003
  0.100000000000000E+001  0.281296942301717E+003  0.613268175171485E+000  0.114330331737830E+001  0.930536095252479E+000  0.173105149596622E+000 -0.131028262406404E+000 -0.140648471150859E+003
  0.100000000000000E+001  0.298613937274656E+003  0.139304408591102E+001  0.150619590377328E+001  0.429445876478250E+000  0.487817673073815E+000 -0.131028262406404E+000 -0.149306968637328E+003
  0.100000000000000E+001  0.292319203181365E+003  0.170071069030618E+001  0.962146599346706E+000  0.795762290476413E+000  0.263560753398020E+000 -0.131028262406404E+000 -0.146159601590683E+003
  0.100000000000000E+001  0.280050528149774E+003  0.410134242224109E+000  0.777385405696598E+000  0.781144313374608E+000  0.144360824651440E+000 -0.131028262406404E+000 -0.140025264074887E+003
  0.100000000000000E+001  0.287035671358964E+003  0.762656069021481E+000  0.175807141017298E+001  0.143005164345040E+000  0.493779038550421E+000 -0.131028262406404E+000 -0.143517835679482E+003
  0.100000000000000E+001  0.284982965079785E+003  0.898575552265694E+000  0.650462082088569E+000  0.255775020214182E+000  0.289399340800973E+000 -0.131028262406404E+000 -0.142491482539893E+003
  0.100000000000000E+001  0.289164086649823E+003  0.129275910956199E+001  0.190148593083646E+001  0.661504290110404E-001  0.294378360618696E+000 -0.131028262406404E+000 -0.144582043324911E+003
  0.100000000000000E+001  0.289778747360071E+003  0.137482277477029E+001  0.629185977254854E+000  0.860657885347212E+000  0.305972471221664E+000 -0.131028262406404E+000 -0.144889373680035E+003
  0.100000000000000E+001  0.282066735513846E+003  0.397143715963788E+000  0.192052319577152E+001  0.827926043889499E+000  0.462938413118577E+000 -0.131028262406404E+000 -0.141033367756923E+003
  0.100000000000000E+001  0.286124144756875E+003  0.163588587187083E+001  0.929065691676868E+000  0.205405079656909E+000  0.159976139917437E+000 -0.131028262406404E+000 -0.143062072378438E+003
  0.100000000000000E+001  0.288701666182828E+003  0.978003895342632E+000  0.117545951545396E+001  0.138623674242068E+000  0.382132242107184E+000 -0.131028262406404E+000 -0.144350833091414E+003
  0.100000000000000E+001  0.285509645035948E+003  0.187367291806802E+001  0.139246049309805E+001  0.588660310337221E+000  0.127183487311155E+000 -0.131028262406404E+000 -0.142754822517974E+003
  0.100000000000000E+001  0.281733989192515E+003  0.561961806656017E+000  0.729377257411384E+000  0.669267279436820E+000  0.231836830666001E+000 -0.131028262406404E+000 -0.140866994596257E+003
  0.100000000000000E+001  0.281656492828823E+003  0.799065936911444E+000  0.978481892220378E+000  0.518975574732924E+000  0.148212005891889E+000 -0.131028262406404E+000 -0.140828246414411E+003
  0.100000000000000E+001  0.301070692312469E+003  0.183189678948383E+001  0.151809296235210E+001  0.331255010098357E+000  0.367459448335663E+000 -0.131028262406404E+000 -0.150535346156235E+003
  0.100000000000000E+001  0.281375852967839E+003  0.793502558765993E+000  0.111391852939211E+001  0.186706396906884E+000  0.135423919079403E+000 -0.131028262406404E+000 -0.140687926483919E+003
  0.100000000000000E+001  0.303349378050593E+003  0.181906074917606E+001  0.106971720789063E+001  0.493351038681446E+000  0.417018047139808E+000 -0.131028262406404E+000 -0.151674689025296E+003
  0.100000000000000E+001  0.295152296691285E+003  0.183554699270551E+001  0.144034376937260E+001  0.973140382937836E+000  0.276517862316331E+000 -0.131028262406404E+000 -0.147576148345642E+003
  0.100000000000000E+001  0.282508709154905E+003  0.479926484254095E+000  0.183340195654166E+001  0.265777546677986E+000  0.370545884376424E+000 -0.131028262406404E+000 -0.141254354577452E+003
  0.100000000000000E+001  0.288057281711559E+003  0.137413817060788E+001  0.180262824596884E+001  0.164747533163406E+000  0.239957440668684E+000 -0.131028262406404E+000 -0.144028640855780E+003
  0.100000000000000E+001  0.279196754707064E+003  0.229333494247343E+000  0.158323229602303E+001  0.338092169710961E+000  0.103608087401017E+000 -0.131028262406404E+000 -0.139598377353532E+003
  0.100000000000000E+001  0.282706734312722E+003  0.138042322674941E+001  0.908345286117605E+000  0.217320413985670E+000  0.110434346372692E+000 -0.131028262406404E+000 -0.141353367156361E+003
  0.100000000000000E+001  0.290136882964431E+003  0.159461403896929E+001  0.133418180375264E+001  0.955987699520676E+000  0.236530278192536E+000 -0.131028262406404E+000 -0.145068441482216E+003
  0.100000000000000E+001  0.283079011871643E+003  0.503754171628977E+000  0.114780161413295E+001  0.696862384930202E+000  0.375713273492248E+000 -0.131028262406404E+000 -0.141539505935822E+003
  0.100000000000000E+001  0.305501584183399E+003  0.189478044328669E+001  0.199757075553407E+001  0.947031484460509E+000  0.490699829700013E+000 -0.131028262406404E+000 -0.152750792091700E+003
  0.100000000000000E+001  0.280615441619903E+003  0.358436586391322E+000  0.671951630146514E+000  0.236874410088041E+000  0.246496874256946E+000 -0.131028262406404E+000 -0.140307720809952E+003
  0.100000000000000E+001  0.285259034331293E+003  0.136238699521210E+001  0.641107851845507E+000  0.508143038932745E+000  0.179606590259982E+000 -0.131028262406404E+000 -0.142629517165647E+003
  0.100000000000000E+001  0.288858931721120E+003  0.137589737638722E+001  0.815009518096139E+000  0.228401638956206E+000  0.264979029199133E+000 -0.131028262406404E+000 -0.144429465860560E+003
  0.100000000000000E+001  0.279681111347888E+003  0.117473628263336E+000  0.153158148967924E+001  0.919953122179849E+000  0.492398320223913E+000 -0.131028262406404E+000 -0.139840555673944E+003
  0.100000000000000E+001  0.283793810631464E+003  0.777456243223265E+000  0.158278643217881E+001  0.355997432017068E+000  0.256229300222483E+000 -0.131028262406404E+000 -0.141896905315732E+003
  0.100000000000000E+001  0.286937141384038E+003  0.142088836208920E+001  0.132370631932410E+001  0.660111580648006E+000  0.201372262903535E+000 -0.131028262406404E+000 -0.143468570692019E+003
  0.100000000000000E+001  0.281292395805505E+003  0.387266126955518E+000  0.102896423759247E+001  0.756755055110535E+000  0.295595980333372E+000 -0.131028262406404E+000 -0.140646197902753E+003
  0.100000000000000E+001  0.300816610429454E+003  0.162991918927398E+001  0.737471651652608E+000  0.167426198200468E+000  0.495401674063984E+000 -0.131028262406404E+000 -0.150408305214727E+003
  0.100000000000000E+001  0.286439151324178E+003  0.949785451919269E+000  0.619163501548565E+000  0.266165297267447E+000  0.347120630327720E+000 -0.131028262406404E+000 -0.143219575662089E+003
  0.100000000000000E+001  0.294640371139776E+003  0.130390928751082E+001  0.116667069951576E+001  0.325483762687601E+000  0.420571171159114E+000 -0.131028262406404E+000 -0.147320185569888E+003
  0.100000000000000E+001  0.291566892850943E+003  0.179524201328322E+001  0.505378045101337E+000  0.699761622376143E+000  0.258129311852647E+000 -0.131028262406404E+000 -0.145783446425471E+003
  0.100000000000000E+001  0.286189857903051E+003  0.136986938733045E+001  0.599326687039733E+000  0.754155842248618E+000  0.204562719579466E+000 -0.131028262406404E+000 -0.143094928951526E+003
  0.100000000000000E+001  0.281491829228462E+003  0.450883864525357E+000  0.786199139643708E+000  0.773747289978292E+000  0.275874009101293E+000 -0.131028262406404E+000 -0.140745914614231E+003
  0.100000000000000E+001  0.283308917899677E+003  0.885538431365860E+000  0.191296078373062E+001  0.269925269923909E+000  0.205562932026909E+000 -0.131028262406404E+000 -0.141654458949839E+003
  0.100000000000000E+001  0.283142459845717E+003  0.109784230149667E+001  0.648285994490155E+000  0.857233445898178E+000  0.157678653063499E+000 -0.131028262406404E+000 -0.141571229922859E+003
  0.100000000000000E+001  0.282240580957807E+003  0.661144147546096E+000  0.167884846560872E+001  0.983393638801577E+000  0.216832887370680E+000 -0.131028262406404E+000 -0.141120290478904E+003
  0.100000000000000E+001  0.291259754340043E+003  0.109123021512767E+001  0.164232248349187E+001  0.288868895828712E+000  0.432623789016361E+000 -0.131028262406404E+000 -0.145629877170021E+003
  0.100000000000000E+001  0.286925757550684E+003  0.103236923020147E+001  0.168381837519542E+001  0.555876136218924E+000  0.296360287993838E+000 -0.131028262406404E+000 -0.143462878775342E+003
  0.100000000000000E+001  0.295449224881615E+003  0.195842908833943E+001  0.506671783513193E+000  0.964982138895846E+000  0.305194614128064E+000 -0.131028262406404E+000 -0.147724612440807E+003
  0.100000000000000E+001  0.283779528498260E+003  0.744742596183480E+000  0.198138059956534E+001  0.279654911033344E+000  0.288373324535238E+000 -0.131028262406404E+000 -0.141889764249130E+003
  0.100000000000000E+001  0.289304752996743E+003  0.880944212430882E+000  0.159471620717731E+001  0.347204009417113E+000  0.496706511233209E+000 -0.131028262406404E+000 -0.144652376498371E+003
  0.100000000000000E+001  0.282035173085791E+003  0.735964477473419E+000  0.914497121037867E+000  0.583224189786921E+000  0.182602839430084E+000 -0.131028262406404E+000 -0.141017586542895E+003
  0.100000000000000E+001  0.282343894983849E+003  0.487565495664754E+000  0.525788393216453E+000  0.180285106661789E+000  0.382602772007920E+000 -0.131028262406404E+000 -0.141171947491925E+003
  0.100000000000000E+001  0.281702734585599E+003  0.474611725836279E+000  0.903566159752328E+000  0.734897337754792E+000  0.274430083987657E+000 -0.131028262406404E+000 -0.140851367292800E+003
  0.100000000000000E+001  0.293425058869593E+003  0.115574997649606E+001  0.147820665410023E+001  0.255833704106802E+000  0.461487569727931E+000 -0.131028262406404E+000 -0.146712529434797E+003
  0.100000000000000E+001  0.295716864868922E+003  0.160400357365527E+001  0.103379635991823E+001  0.179302317593298E+000  0.346215271159400E+000 -0.131028262406404E+000 -0.147858432434461E+003
  0.100000000000000E+001  0.281877626689365E+003  0.107095434131497E+001  0.192670828378440E+001  0.538813745454988E+000  0.117004009354202E+000 -0.131028262406404E+000 -0.140938813344683E+003
  0.100000000000000E+001  0.288246382346743E+003  0.109438567962693E+001  0.174147068125709E+001  0.823521243824363E+000  0.323465645300505E+000 -0.131028262406404E+000 -0.144123191173372E+003
  0.100000000000000E+001  0.305921489113947E+003  0.181768739174808E+001  0.163621532511001E+001  0.265325574231774E+000  0.461541429627169E+000 -0.131028262406404E+000 -0.152960744556974E+003
  0.100000000000000E+001  0.290834139811505E+003  0.111163837159340E+001  0.778752399415725E+000  0.474235259107251E+000  0.437163834205260E+000 -0.131028262406404E+000 -0.145417069905752E+003
  0.100000000000000E+001  0.289886662996907E+003  0.999602512957437E+000  0.954033158101735E+000  0.206612060560658E+000  0.436683566812329E+000 -0.131028262406404E+000 -0.144943331498453E+003
  0.100000000000000E+001  0.281324156531805E+003  0.402526265493453E+000  0.627265780344995E+000  0.394936074121188E+000  0.312440081040745E+000 -0.131028262406404E+000 -0.140662078265903E+003
  0.100000000000000E+001  0.281131706204817E+003  0.716446489063725E+000  0.139768257453984E+001  0.237599243604748E+000  0.137539099888468E+000 -0.131028262406404E+000 -0.140565853102409E+003
  0.100000000000000E+001  0.280512854991617E+003  0.740768190976044E+000  0.179382801991511E+001  0.769450956076683E-001  0.101714534615685E+000 -0.131028262406404E+000 -0.140256427495808E+003
  0.100000000000000E+001  0.284469767495573E+003  0.141357999787773E+001  0.169640130039298E+001  0.578786445841233E+000  0.148674139709771E+000 -0.131028262406404E+000 -0.142234883747787E+003
  0.100000000000000E+001  0.296024291380405E+003  0.140731598208908E+001  0.128859379956101E+001  0.584340432712082E-001  0.407753324945634E+000 -0.131028262406404E+000 -0.148012145690202E+003
  0.100000000000000E+001  0.292944955928239E+003  0.146886043355388E+001  0.645686349239062E+000  0.715029169815934E+000  0.367924740875037E+000 -0.131028262406404E+000 -0.146472477964120E+003
  0.100000000000000E+001  0.280389672606464E+003  0.263497145910517E+000  0.191782860306520E+001  0.453973557844266E+000  0.320627774167560E+000 -0.131028262406404E+000 -0.140194836303232E+003
  0.100000000000000E+001  0.290771395225060E+003  0.107084701871274E+001  0.179858706299128E+001  0.451535897069425E+000  0.448649043697341E+000 -0.131028262406404E+000 -0.145385697612530E+003
  0.100000000000000E+001  0.282490442739586E+003  0.470358540496693E+000  0.926451638033039E+000  0.533665070991941E+000  0.360882762056853E+000 -0.131028262406404E+000 -0.141245221369793E+003
  0.100000000000000E+001  0.302014295032688E+003  0.183234200160107E+001  0.905365346748618E+000  0.624080458907657E+000  0.407855789786209E+000 -0.131028262406404E+000 -0.151007147516344E+003
  0.100000000000000E+001  0.288927472516363E+003  0.143336771792491E+001  0.110599872460122E+001  0.517318244316308E+000  0.244251580302684E+000 -0.131028262406404E+000 -0.144463736258181E+003
  0.100000000000000E+001  0.287948517472590E+003  0.850516077291632E+000  0.116758673813661E+001  0.152502028336028E+000  0.426742913315297E+000 -0.131028262406404E+000 -0.143974258736295E+003
  0.100000000000000E+001  0.297168209009261E+003  0.173214616319130E+001  0.167917004207874E+001  0.283984744928842E+000  0.336198087666212E+000 -0.131028262406404E+000 -0.148584104504630E+003
  0.100000000000000E+001  0.279986093416280E+003  0.416446425226692E+000  0.602085561729815E+000  0.699403550962101E+000  0.136871569747959E+000 -0.131028262406404E+000 -0.139993046708140E+003
  0.100000000000000E+001  0.288499324633022E+003  0.103612626376991E+001  0.171648277609578E+001  0.511718047512851E+000  0.357343675157294E+000 -0.131028262406404E+000 -0.144249662316511E+003
  0.100000000000000E+001  0.282511802565622E+003  0.119375321148085E+001  0.660980337338253E+000  0.310750519413646E+000  0.124264100712794E+000 -0.131028262406404E+000 -0.141255901282811E+003
  0.100000000000000E+001  0.280591442963797E+003  0.771657404322850E+000  0.706715288649416E+000  0.742846553684818E+000  0.102016683474759E+000 -0.131028262406404E+000 -0.140295721481899E+003
  0.100000000000000E+001  0.287933764916480E+003  0.126386632973561E+001  0.121766415556759E+001  0.827329861132424E+000  0.255512980555721E+000 -0.131028262406404E+000 -0.143966882458240E+003
  0.100000000000000E+001  0.284455435027993E+003  0.168355739983242E+001  0.922765652228830E+000  0.329301070344391E+000  0.123887539550516E+000 -0.131028262406404E+000 -0.142227717513996E+003
  0.100000000000000E+001  0.281975940776798E+003  0.342744560310011E+000  0.109253941371485E+001  0.103604397961179E+000  0.459413813589746E+000 -0.131028262406404E+000 -0.140987970388399E+003
  0.100000000000000E+001  0.281953260186509E+003  0.730018096306077E+000  0.135408980135552E+001  0.148731604485336E+000  0.177128405987934E+000 -0.131028262406404E+000 -0.140976630093254E+003
  0.100000000000000E+001  0.290180607420491E+003  0.101417838717654E+001  0.160615356885320E+001  0.412988427732751E+000  0.432695597457344E+000 -0.131028262406404E+000 -0.145090303710246E+003
  0.100000000000000E+001  0.288900011450457E+003  0.175414190521906E+001  0.141090996123800E+001  0.714929132434368E+000  0.192639212207921E+000 -0.131028262406404E+000 -0.144450005725229E+003
  0.100000000000000E+001  0.285389852473753E+003  0.106924237690816E+001  0.157132499247174E+001  0.342167581206442E+000  0.229973480708794E+000 -0.131028262406404E+000 -0.142694926236877E+003
  0.100000000000000E+001  0.280168759162564E+003  0.371646141320317E+000  0.146614486596973E+001  0.939887057213850E+000  0.171110460687299E+000 -0.131028262406404E+000 -0.140084379581282E+003
  0.100000000000000E+001  0.287464490762385E+003  0.137275257037244E+001  0.138445005354740E+001  0.580211863606892E+000  0.221024585472908E+000 -0.131028262406404E+000 -0.143732245381192E+003
  0.100000000000000E+001  0.280515941757182E+003  0.364985161657625E+000  0.646478086182917E+000  0.314872049063894E+000  0.227891829417767E+000 -0.131028262406404E+000 -0.140257970878591E+003
  0.100000000000000E+001  0.298395201520472E+003  0.150106516478979E+001  0.162303935939058E+001  0.589349963074696E+000  0.436478313313181E+000 -0.131028262406404E+000 -0.149197600760236E+003
  0.100000000000000E+001  0.281582594414784E+003  0.418050051034223E+000  0.118286793401713E+001  0.805216732785345E+000  0.297917453171315E+000 -0.131028262406404E+000 -0.140791297207392E+003
  0.100000000000000E+001  0.295278347189727E+003  0.172740720340233E+001  0.104845178916415E+001  0.692786350682793E+000  0.306387682637757E+000 -0.131028262406404E+000 -0.147639173594864E+003
  0.100000000000000E+001  0.280992458406141E+003  0.492877467790156E+000  0.118955490285309E+001  0.926036365070111E+000  0.194431683379035E+000 -0.131028262406404E+000 -0.140496229203071E+003
  0.100000000000000E+001  0.284825020807973E+003  0.848308625770995E+000  0.919274106997739E+000  0.575634955591426E+000  0.284693398891128E+000 -0.131028262406404E+000 -0.142412510403986E+003
  0.100000000000000E+001  0.283086689794516E+003  0.492929095235715E+000  0.198477814430011E+001  0.830074216442898E+000  0.499391440720239E+000 -0.131028262406404E+000 -0.141543344897258E+003
  0.100000000000000E+001  0.294376433927493E+003  0.145504871944182E+001  0.697785942181811E+000  0.270982274561949E+000  0.406656440166825E+000 -0.131028262406404E+000 -0.147188216963747E+003
  0.100000000000000E+001  0.284725219002234E+003  0.819769387742141E+000  0.147784502509026E+001  0.718133259071442E+000  0.282735048863085E+000 -0.131028262406404E+000 -0.142362609501117E+003
  0.100000000000000E+001  0.300396702922403E+003  0.172655450270627E+001  0.877505574862335E+000  0.137572063081484E-001  0.416474444367403E+000 -0.131028262406404E+000 -0.150198351461201E+003
  0.100000000000000E+001  0.295501558157219E+003  0.136591046214819E+001  0.160917161990902E+001  0.878581196074579E+000  0.422246104349177E+000 -0.131028262406404E+000 -0.147750779078609E+003
  0.100000000000000E+001  0.290180039041973E+003  0.131609548965814E+001  0.109600078000772E+001  0.374916631407938E+000  0.301705960466768E+000 -0.131028262406404E+000 -0.145090019520987E+003
  0.100000000000000E+001  0.298001465831998E+003  0.170296056472477E+001  0.119875865293340E+001  0.594049534257420E+000  0.353059655078283E+000 -0.131028262406404E+000 -0.149000732915999E+003
  0.100000000000000E+001  0.289985068690309E+003  0.916016146651155E+000  0.138152626290582E+001  0.753130148659698E+000  0.481626174183731E+000 -0.131028262406404E+000 -0.144992534345154E+003
  0.100000000000000E+001  0.288867910310581E+003  0.172656105885711E+001  0.525076950129256E+000  0.642768989542716E+000  0.211432189023251E+000 -0.131028262406404E+000 -0.144433955155291E+003
  0.100000000000000E+001  0.287109517133192E+003  0.102664246098846E+001  0.167596087719871E+001  0.351035826239191E+000  0.304991312276581E+000 -0.131028262406404E+000 -0.143554758566596E+003
  0.100000000000000E+001  0.304205474917820E+003  0.171021823291269E+001  0.102845425393095E+001  0.233623953275880E-001  0.476555462736403E+000 -0.131028262406404E+000 -0.152102737458910E+003
  0.100000000000000E+001  0.280278893704464E+003  0.276705684340834E+000  0.163743480330698E+001  0.639537598457864E+000  0.260170801941425E+000 -0.131028262406404E+000 -0.140139446852232E+003
  0.100000000000000E+001  0.287071916285543E+003  0.920999734175596E+000  0.118703839732980E+001  0.611297920361676E+000  0.342674881181860E+000 -0.131028262406404E+000 -0.143535958142771E+003
  0.100000000000000E+001  0.281270372931410E+003  0.749009525423146E+000  0.587944638992460E+000  0.580242688547725E+000  0.142316942955124E+000 -0.131028262406404E+000 -0.140635186465705E+003
  0.100000000000000E+001  0.284980606590060E+003  0.657839557561265E+000  0.113231433153316E+001  0.343693227419762E+000  0.395586365388332E+000 -0.131028262406404E+000 -0.142490303295030E+003
  0.100000000000000E+001  0.288232295931316E+003  0.169374207814079E+001  0.145248648891360E+001  0.104037585715359E+000  0.188867850502561E+000 -0.131028262406404E+000 -0.144116147965658E+003
  0.100000000000000E+001  0.282542052255134E+003  0.379274420240448E+000  0.122573908365628E+001  0.280074774739806E+000  0.483168301477583E+000 -0.131028262406404E+000 -0.141271026127567E+003
  0.100000000000000E+001  0.289822713627615E+003  0.117316424730042E+001  0.923818318407346E+000  0.714410873482483E+000  0.349345561349229E+000 -0.131028262406404E+000 -0.144911356813808E+003
  0.100000000000000E+001  0.308909528195801E+003  0.199790254376604E+001  0.803392764388722E+000  0.471444339910656E+000  0.490845674349497E+000 -0.131028262406404E+000 -0.154454764097900E+003
  0.100000000000000E+001  0.282419996498449E+003  0.107247126585874E+001  0.116356151767457E+001  0.337959262548526E+000  0.133588324901927E+000 -0.131028262406404E+000 -0.141209998249224E+003
  0.100000000000000E+001  0.301517830627828E+003  0.164521187877755E+001  0.149014084895868E+001  0.322206730120622E-003  0.435225409428523E+000 -0.131028262406404E+000 -0.150758915313914E+003
  0.100000000000000E+001  0.288903828694165E+003  0.116348352025691E+001  0.181882772333590E+001  0.757965495380040E+000  0.324698128888717E+000 -0.131028262406404E+000 -0.144451914347082E+003
  0.100000000000000E+001  0.282848626966943E+003  0.446440925626078E+000  0.158685052683676E+001  0.517210203364881E+000  0.434317307650321E+000 -0.131028262406404E+000 -0.141424313483471E+003
  0.100000000000000E+001  0.290911010041700E+003  0.103540670059425E+001  0.152681352324965E+001  0.298895123300571E+000  0.443647583996087E+000 -0.131028262406404E+000 -0.145455505020850E+003
  0.100000000000000E+001  0.283387106672901E+003  0.746224096394135E+000  0.663988588383107E+000  0.368964811210087E+000  0.265124679868137E+000 -0.131028262406404E+000 -0.141693553336450E+003
  0.100000000000000E+001  0.293748410554609E+003  0.127580690741647E+001  0.104771691322512E+001  0.301612489093467E+000  0.416274540635377E+000 -0.131028262406404E+000 -0.146874205277304E+003
  0.100000000000000E+001  0.279285031740560E+003  0.121555617865221E+000  0.724136277286110E+000  0.235986726889752E+000  0.250616216018161E+000 -0.131028262406404E+000 -0.139642515870280E+003
  0.100000000000000E+001  0.279348753272628E+003  0.218365184407716E+000  0.118442548758109E+001  0.268063304647929E+000  0.138618609114945E+000 -0.131028262406404E+000 -0.139674376636314E+003
  0.100000000000000E+001  0.284584812971471E+003  0.779179145676970E+000  0.562470648192721E+000  0.880221451606804E+000  0.341141573912464E+000 -0.131028262406404E+000 -0.142292406485735E+003
  0.100000000000000E+001  0.283689136389067E+003  0.583087214859471E+000  0.743308268293233E+000  0.384935235733487E+000  0.394365511501141E+000 -0.131028262406404E+000 -0.141844568194534E+003
  0.100000000000000E+001  0.286508147212936E+003  0.131929102440232E+001  0.158173317573676E+001  0.850072413325701E+000  0.209217021946716E+000 -0.131028262406404E+000 -0.143254073606468E+003
  0.100000000000000E+001  0.280951576123936E+003  0.704942079610994E+000  0.821998742832691E+000  0.494098563695147E+000  0.131779873936766E+000 -0.131028262406404E+000 -0.140475788061968E+003
  0.100000000000000E+001  0.293359464577629E+003  0.175920050746027E+001  0.121922380686777E+001  0.770371475160283E+000  0.263830299624336E+000 -0.131028262406404E+000 -0.146679732288814E+003
  0.100000000000000E+001  0.289576953547982E+003  0.133188318364353E+001  0.819958214893855E+000  0.500178211169910E+000  0.295709112196631E+000 -0.131028262406404E+000 -0.144788476773991E+003
  0.100000000000000E+001  0.280514765265256E+003  0.203065166292423E+000  0.140064465618409E+001  0.816012582014220E+000  0.468341624929989E+000 -0.131028262406404E+000 -0.140257382632628E+003
  0.100000000000000E+001  0.283450155844147E+003  0.809285399720562E+000  0.606726039676002E+000  0.769707427424918E+000  0.245365640988443E+000 -0.131028262406404E+000 -0.141725077922073E+003
  0.100000000000000E+001  0.285390390226837E+003  0.143171679356138E+001  0.985535747292650E+000  0.170317693466890E+000  0.167955375565945E+000 -0.131028262406404E+000 -0.142695195113419E+003
  0.100000000000000E+001  0.281068840422827E+003  0.563111228987352E+000  0.104496811269996E+001  0.458403846308567E+000  0.174437958258447E+000 -0.131028262406404E+000 -0.140534420211414E+003
  0.100000000000000E+001  0.281721220574883E+003  0.675715771247394E+000  0.842133363854030E+000  0.866970980633519E-002  0.183373908220477E+000 -0.131028262406404E+000 -0.140860610287441E+003
  0.100000000000000E+001  0.290111714651412E+003  0.157696225534773E+001  0.795045834326567E+000  0.808374286309493E+000  0.251448832155755E+000 -0.131028262406404E+000 -0.145055857325706E+003
  0.100000000000000E+001  0.280396939071995E+003  0.306480554126737E+000  0.618796601761565E+000  0.291016088302167E+000  0.265808691187074E+000 -0.131028262406404E+000 -0.140198469535998E+003
  0.100000000000000E+001  0.283620812413369E+003  0.112022984736821E+001  0.137023292144814E+001  0.839692622116887E+000  0.164098985313864E+000 -0.131028262406404E+000 -0.141810406206684E+003
  0.100000000000000E+001  0.288843299298189E+003  0.935366277641538E+000  0.181570323822539E+001  0.577858388548364E+000  0.456427927214888E+000 -0.131028262406404E+000 -0.144421649649094E+003
  0.100000000000000E+001  0.288338178577420E+003  0.102738274863836E+001  0.198942422125850E+001  0.158627998444695E+000  0.391670521913406E+000 -0.131028262406404E+000 -0.144169089288710E+003
  0.100000000000000E+001  0.297544916464637E+003  0.184739572882981E+001  0.185582194118281E+001  0.261973494303636E+000  0.325432262022444E+000 -0.131028262406404E+000 -0.148772458232319E+003
  0.100000000000000E+001  0.282444605431066E+003  0.850230402805022E+000  0.108156810976361E+001  0.199840663689539E+000  0.172479573614820E+000 -0.131028262406404E+000 -0.141222302715533E+003
  0.100000000000000E+001  0.300139854616397E+003  0.181773765832684E+001  0.183839271287047E+001  0.359673196853358E+000  0.377845288425761E+000 -0.131028262406404E+000 -0.150069927308198E+003
  0.100000000000000E+001  0.293091625008656E+003  0.180667145121699E+001  0.135737164016807E+001  0.565413971529869E+000  0.250643519337464E+000 -0.131028262406404E+000 -0.146545812504328E+003
  0.100000000000000E+001  0.290781989429799E+003  0.135520012778289E+001  0.102273453600098E+001  0.377535655065838E+000  0.308645558170000E+000 -0.131028262406404E+000 -0.145390994714900E+003
  0.100000000000000E+001  0.279988504522596E+003  0.470414823457601E+000  0.190928032120061E+001  0.675192514643580E+000  0.119074219029924E+000 -0.131028262406404E+000 -0.139994252261298E+003
  0.100000000000000E+001  0.284501535104102E+003  0.116924797321991E+001  0.108468954173653E+001  0.694527871055738E+000  0.183116398897713E+000 -0.131028262406404E+000 -0.142250767552051E+003
  0.100000000000000E+001  0.290324826887766E+003  0.181809639411311E+001  0.163916282674221E+001  0.465287377738366E+000  0.208470445063556E+000 -0.131028262406404E+000 -0.145162413443883E+003
  0.100000000000000E+001  0.280484699683337E+003  0.576100530079916E+000  0.184542918566615E+001  0.649288855589635E-001  0.130703887082730E+000 -0.131028262406404E+000 -0.140242349841668E+003
  0.100000000000000E+001  0.282416425070447E+003  0.900233309462365E+000  0.950347908407866E+000  0.792366127183645E+000  0.161963257770627E+000 -0.131028262406404E+000 -0.141208212535224E+003
  0.100000000000000E+001  0.281592337707910E+003  0.477522787196131E+000  0.770228736715164E+000  0.701787326310487E-001  0.267656688306940E+000 -0.131028262406404E+000 -0.140796168853955E+003
  0.100000000000000E+001  0.279666694975337E+003  0.396585821267814E+000  0.123714083180726E+001  0.155411410686024E-002  0.107632846612637E+000 -0.131028262406404E+000 -0.139833347487668E+003
  0.100000000000000E+001  0.288655872920686E+003  0.112510868470851E+001  0.177557299201034E+001  0.367469375464450E+000  0.328011384580069E+000 -0.131028262406404E+000 -0.144327936460343E+003
  0.100000000000000E+001  0.292155073563146E+003  0.150680703666097E+001  0.161356700305168E+001  0.605251745322013E+000  0.295427939456302E+000 -0.131028262406404E+000 -0.146077536781573E+003
  0.100000000000000E+001  0.280839234169388E+003  0.707377752862285E+000  0.197820752989083E+001  0.115113511703292E+000  0.125588370914529E+000 -0.131028262406404E+000 -0.140419617084694E+003
  0.100000000000000E+001  0.289878431162625E+003  0.117658333926519E+001  0.192074782125303E+001  0.447553189003370E+000  0.365409153668027E+000 -0.131028262406404E+000 -0.144939215581312E+003
  0.100000000000000E+001  0.282656509280149E+003  0.460401654364310E+000  0.193863994948863E+001  0.209521057487129E+000  0.455773277279121E+000 -0.131028262406404E+000 -0.141328254640075E+003
  0.100000000000000E+001  0.284094597794153E+003  0.793131052564069E+000  0.148224077752157E+001  0.508261414093922E+000  0.263401226462690E+000 -0.131028262406404E+000 -0.142047298897077E+003
  0.100000000000000E+001  0.281551339973539E+003  0.372939377622615E+000  0.134343302560329E+001  0.794845298771589E+000  0.339521631863120E+000 -0.131028262406404E+000 -0.140775669986770E+003
  0.100000000000000E+001  0.294879905475243E+003  0.130428459372655E+001  0.753979068529143E+000  0.970608424263886E+000  0.485189065696676E+000 -0.131028262406404E+000 -0.147439952737622E+003
  0.100000000000000E+001  0.279793122664598E+003  0.275060358714818E+000  0.104003847164480E+001  0.530529396148849E+000  0.178765798795395E+000 -0.131028262406404E+000 -0.139896561332299E+003
  0.100000000000000E+001  0.285168560544817E+003  0.659057676647705E+000  0.142849585072829E+001  0.416928202483882E+000  0.407209883143001E+000 -0.131028262406404E+000 -0.142584280272408E+003
  0.100000000000000E+001  0.303818364359761E+003  0.177184627046802E+001  0.918593898095295E+000  0.367685561810298E+000  0.460520470506562E+000 -0.131028262406404E+000 -0.151909182179881E+003
  0.100000000000000E+001  0.299274563699080E+003  0.195103791888142E+001  0.666236186954197E+000  0.655233358057055E+000  0.358983426794131E+000 -0.131028262406404E+000 -0.149637281849540E+003
  0.100000000000000E+001  0.287290220092211E+003  0.184846073997006E+001  0.174863279908017E+001  0.836336210857564E+000  0.158535298141833E+000 -0.131028262406404E+000 -0.143645110046106E+003
  0.100000000000000E+001  0.281086414366061E+003  0.377678241852696E+000  0.107964741142743E+001  0.255741531520617E-001  0.276964235169028E+000 -0.131028262406404E+000 -0.140543207183031E+003
  0.100000000000000E+001  0.294637924877720E+003  0.167506599736942E+001  0.724548080771615E+000  0.192405907841383E+000  0.332065637386035E+000 -0.131028262406404E+000 -0.147318962438860E+003
  0.100000000000000E+001  0.284100452068986E+003  0.150976064075387E+001  0.166041505211336E+001  0.712092757380535E+000  0.130647373129440E+000 -0.131028262406404E+000 -0.142050226034493E+003
  0.100000000000000E+001  0.294302824090694E+003  0.195562192009346E+001  0.953640023253137E+000  0.911047334902798E+000  0.252471311690970E+000 -0.131028262406404E+000 -0.147151412045347E+003
  0.100000000000000E+001  0.302566308275769E+003  0.198494947800288E+001  0.100001305207209E+001  0.368645080381190E+000  0.363993655208602E+000 -0.131028262406404E+000 -0.151283154137884E+003
  0.100000000000000E+001  0.284630853297598E+003  0.540928106569641E+000  0.116828411691624E+001  0.359772245424383E+000  0.491726509914420E+000 -0.131028262406404E+000 -0.142315426648799E+003
  0.100000000000000E+001  0.284321676456179E+003  0.755610392721230E+000  0.126294453546025E+001  0.833095813725230E+000  0.290437918624204E+000 -0.131028262406404E+000 -0.142160838228090E+003
  0.100000000000000E+001  0.281677851258763E+003  0.376989543305057E+000  0.171406983134073E+001  0.956387510243888E+000  0.373249790161866E+000 -0.131028262406404E+000 -0.140838925629381E+003
  0.100000000000000E+001  0.281961970894968E+003  0.608970277572628E+000  0.850102441773139E+000  0.783641563570263E+000  0.223220371691380E+000 -0.131028262406404E+000 -0.140980985447484E+003
  0.100000000000000E+001  0.287215670331409E+003  0.102070812027658E+001  0.119072072215783E+001  0.584559334808790E+000  0.305966384886431E+000 -0.131028262406404E+000 -0.143607835165705E+003
  0.100000000000000E+001  0.287343527922994E+003  0.826467963150002E+000  0.167008578739774E+001  0.984807668875496E+000  0.430801764745023E+000 -0.131028262406404E+000 -0.143671763961497E+003
  0.100000000000000E+001  0.282852656951312E+003  0.904801776646967E+000  0.198106035552660E+001  0.299435664979868E+000  0.182148175404207E+000 -0.131028262406404E+000 -0.141426328475656E+003
  0.100000000000000E+001  0.304632832967796E+003  0.176064212022680E+001  0.104766985395735E+001  0.545166150172915E+000  0.462277992369081E+000 -0.131028262406404E+000 -0.152316416483898E+003
  0.100000000000000E+001  0.284594484256351E+003  0.729230303358127E+000  0.662731139279984E+000  0.635116871267792E+000  0.360773884288438E+000 -0.131028262406404E+000 -0.142297242128175E+003
  0.100000000000000E+001  0.285358462441083E+003  0.141763231311796E+001  0.184853094588964E+001  0.312780470550778E+000  0.169860162596760E+000 -0.131028262406404E+000 -0.142679231220542E+003
  0.100000000000000E+001  0.295212744152400E+003  0.175975130690361E+001  0.637672633835162E+000  0.298344643000551E-001  0.332634724857814E+000 -0.131028262406404E+000 -0.147606372076200E+003
  0.100000000000000E+001  0.284962566555626E+003  0.174720687258174E+001  0.146377393030662E+001  0.156183198194461E+000  0.127288334338399E+000 -0.131028262406404E+000 -0.142481283277813E+003
  0.100000000000000E+001  0.290346194824390E+003  0.121520721122804E+001  0.867292002788538E+000  0.395797417368318E+000  0.354948742972675E+000 -0.131028262406404E+000 -0.145173097412195E+003
  0.100000000000000E+001  0.280767169350517E+003  0.548248418023837E+000  0.183148790119789E+001  0.276002180316898E+000  0.158824968918544E+000 -0.131028262406404E+000 -0.140383584675259E+003
  0.100000000000000E+001  0.283231901774224E+003  0.506167337081172E+000  0.109301878700307E+001  0.841031172875772E+000  0.391078019289310E+000 -0.131028262406404E+000 -0.141615950887112E+003
  0.100000000000000E+001  0.282497460688185E+003  0.455304965177678E+000  0.850333512342917E+000  0.953594214339015E+000  0.386448701298526E+000 -0.131028262406404E+000 -0.141248730344093E+003
  0.100000000000000E+001  0.312078294801315E+003  0.197726256059802E+001  0.114055861992087E+001  0.758836283646857E+000  0.494262216872065E+000 -0.131028262406404E+000 -0.156039147400658E+003
  0.100000000000000E+001  0.293417335615660E+003  0.117097725953130E+001  0.168974980591166E+001  0.255669017938795E-001  0.475241672700386E+000 -0.131028262406404E+000 -0.146708667807830E+003
  0.100000000000000E+001  0.282884148068115E+003  0.100716491159845E+001  0.108012930850519E+001  0.588320823562745E+000  0.159361368464173E+000 -0.131028262406404E+000 -0.141442074034058E+003
  0.100000000000000E+001  0.287051346104374E+003  0.110951208037280E+001  0.645980967932961E+000  0.129556448725898E+000  0.299356863391146E+000 -0.131028262406404E+000 -0.143525673052187E+003
  0.100000000000000E+001  0.281464877666410E+003  0.105932509505137E+001  0.967661039813921E+000  0.626231230286423E+000  0.103612340950566E+000 -0.131028262406404E+000 -0.140732438833205E+003
  0.100000000000000E+001  0.284269548854799E+003  0.533440033485787E+000  0.858978546786956E+000  0.524275992025403E+000  0.494901529568579E+000 -0.131028262406404E+000 -0.142134774427399E+003
  0.100000000000000E+001  0.285113484158993E+003  0.821826150531691E+000  0.174864742995263E+001  0.209807735188441E+000  0.310392312474139E+000 -0.131028262406404E+000 -0.142556742079496E+003
  0.100000000000000E+001  0.279654066618417E+003  0.227033439439554E+000  0.950133003291875E+000  0.680482540797408E+000  0.194193011270593E+000 -0.131028262406404E+000 -0.139827033309208E+003
  0.100000000000000E+001  0.287481147081299E+003  0.813041508654921E+000  0.136564820242602E+001  0.342545475002653E+000  0.427214642994084E+000 -0.131028262406404E+000 -0.143740573540649E+003
  0.100000000000000E+001  0.286169431260961E+003  0.822877152287396E+000  0.640066312311666E+000  0.158854443728987E+000  0.410645551738952E+000 -0.131028262406404E+000 -0.143084715630480E+003
  0.100000000000000E+001  0.287743787568942E+003  0.102957667015363E+001  0.167822915816190E+001  0.445890667091534E+000  0.327937088753691E+000 -0.131028262406404E+000 -0.143871893784471E+003
  0.100000000000000E+001  0.284215371970008E+003  0.115619209872273E+001  0.116562314335931E+001  0.342180916587117E+000  0.176445269507420E+000 -0.131028262406404E+000 -0.142107685985004E+003
  0.100000000000000E+001  0.284244624719586E+003  0.109716479925722E+001  0.157023943905255E+001  0.167254898130248E-001  0.187687470129812E+000 -0.131028262406404E+000 -0.142122312359793E+003
  0.100000000000000E+001  0.284741708638236E+003  0.626686730535817E+000  0.780891715941150E+000  0.918847171943469E+000  0.443979554199064E+000 -0.131028262406404E+000 -0.142370854319118E+003
  0.100000000000000E+001  0.283064111192592E+003  0.109056367735817E+001  0.152867086903320E+001  0.201710629779604E+000  0.151660093896786E+000 -0.131028262406404E+000 -0.141532055596296E+003
  0.100000000000000E+001  0.285855455117927E+003  0.770973863140488E+000  0.918834088444822E+000  0.477673303824684E+000  0.383487130026935E+000 -0.131028262406404E+000 -0.142927727558963E+003
  0.100000000000000E+001  0.287113784381043E+003  0.872947715755850E+000  0.114992353416548E+001  0.428938760084582E+000  0.371118873602431E+000 -0.131028262406404E+000 -0.143556892190521E+003
  0.100000000000000E+001  0.281111850469506E+003  0.271462197575888E+000  0.170167578985078E+001  0.762906618403666E+000  0.491749266230375E+000 -0.131028262406404E+000 -0.140555925234753E+003
  0.100000000000000E+001  0.286849508713042E+003  0.167483137522390E+001  0.894092047002457E+000  0.325301205714030E+000  0.169781990362928E+000 -0.131028262406404E+000 -0.143424754356521E+003
  0.100000000000000E+001  0.288638376354764E+003  0.965881236090201E+000  0.551339500848884E+000  0.773445307132501E+000  0.493195366479762E+000 -0.131028262406404E+000 -0.144319188177382E+003
  0.100000000000000E+001  0.293888251069181E+003  0.163952350631434E+001  0.138966096395203E+001  0.883477294851462E+000  0.294599643238129E+000 -0.131028262406404E+000 -0.146944125534591E+003
  0.100000000000000E+001  0.282315188097008E+003  0.969674329035479E+000  0.167690216274802E+001  0.463561543247909E+000  0.145128901319314E+000 -0.131028262406404E+000 -0.141157594048504E+003
  0.100000000000000E+001  0.280819607438550E+003  0.294843102609882E+000  0.698656505963576E+000  0.707414360824089E+000  0.362781191159702E+000 -0.131028262406404E+000 -0.140409803719275E+003
  0.100000000000000E+001  0.279615842730390E+003  0.346986031474962E+000  0.592817176630270E+000  0.257346361138260E+000  0.119856084318102E+000 -0.131028262406404E+000 -0.139807921365195E+003
  0.100000000000000E+001  0.283237569123271E+003  0.648142164916014E+000  0.150035940897448E+001  0.410074505338128E+000  0.282057813212360E+000 -0.131028262406404E+000 -0.141618784561636E+003
  0.100000000000000E+001  0.288113254793317E+003  0.946437118322004E+000  0.591194864397808E+000  0.104280792425764E+000  0.458740295901578E+000 -0.131028262406404E+000 -0.144056627396658E+003
  0.100000000000000E+001  0.302755344520396E+003  0.197290697872301E+001  0.192783464645528E+001  0.723790938786516E+000  0.388561286828809E+000 -0.131028262406404E+000 -0.151377672260198E+003
  0.100000000000000E+001  0.282043193738412E+003  0.378717618760358E+000  0.186062322243837E+001  0.279932963228991E+000  0.487979660827356E+000 -0.131028262406404E+000 -0.141021596869206E+003
  0.100000000000000E+001  0.293489789011058E+003  0.152211193898025E+001  0.713728812154515E+000  0.827596057995933E+000  0.352931523940793E+000 -0.131028262406404E+000 -0.146744894505529E+003
  0.100000000000000E+001  0.283829635480358E+003  0.512875447953503E+000  0.952061948272081E+000  0.401277785508946E+000  0.459182734988430E+000 -0.131028262406404E+000 -0.141914817740179E+003
  0.100000000000000E+001  0.302687888497483E+003  0.168256845476070E+001  0.106881996880374E+001  0.280961669369943E+000  0.453644053888527E+000 -0.131028262406404E+000 -0.151343944248741E+003
  0.100000000000000E+001  0.296975515160177E+003  0.182292136737679E+001  0.199887043149975E+001  0.802010876897573E+000  0.335157303829957E+000 -0.131028262406404E+000 -0.148487757580088E+003
  0.100000000000000E+001  0.293909140116988E+003  0.125561588916645E+001  0.834602997897577E+000  0.870758096063832E+000  0.460521726846542E+000 -0.131028262406404E+000 -0.146954570058494E+003
  0.100000000000000E+001  0.291181811141496E+003  0.109281001267234E+001  0.789387706240551E+000  0.381411584576137E+000  0.461551276115693E+000 -0.131028262406404E+000 -0.145590905570748E+003
  0.100000000000000E+001  0.293455202446381E+003  0.117425042725308E+001  0.115276811165656E+001  0.809737595652991E-001  0.451050845427431E+000 -0.131028262406404E+000 -0.146727601223190E+003
  0.100000000000000E+001  0.300208575757874E+003  0.155413940200502E+001  0.144004314709851E+001  0.919758610004024E+000  0.443425584773825E+000 -0.131028262406404E+000 -0.150104287878937E+003
  0.100000000000000E+001  0.280377664227305E+003  0.210744148698240E+000  0.143978153911520E+001  0.459774547714633E+000  0.394883977614513E+000 -0.131028262406404E+000 -0.140188832113653E+003
  0.100000000000000E+001  0.303161660106598E+003  0.180121253223016E+001  0.679390840129061E+000  0.599457121166324E+000  0.492121061013172E+000 -0.131028262406404E+000 -0.151580830053299E+003
  0.100000000000000E+001  0.280893985169765E+003  0.532720066190419E+000  0.146430531350813E+001  0.307148086113784E+000  0.171046983556402E+000 -0.131028262406404E+000 -0.140446992584882E+003
  0.100000000000000E+001  0.281118999853545E+003  0.421036778474756E+000  0.129396961365766E+001  0.827873394189483E+000  0.244542032949554E+000 -0.131028262406404E+000 -0.140559499926772E+003
  0.100000000000000E+001  0.279651523229560E+003  0.134032339614388E+000  0.500869098334071E+000  0.928179225315181E+000  0.455121930519050E+000 -0.131028262406404E+000 -0.139825761614780E+003
  0.100000000000000E+001  0.279856381051191E+003  0.356460373136403E+000  0.506515007323148E+000  0.944069765793285E+000  0.147485394160395E+000 -0.131028262406404E+000 -0.139928190525596E+003
  0.100000000000000E+001  0.312437925211246E+003  0.197339160931389E+001  0.147834743244997E+001  0.317091174391022E+000  0.496532668495850E+000 -0.131028262406404E+000 -0.156218962605623E+003
  0.100000000000000E+001  0.289485172770930E+003  0.104790237408404E+001  0.105542681767530E+001  0.920180333407191E+000  0.383274584742328E+000 -0.131028262406404E+000 -0.144742586385465E+003
  0.100000000000000E+001  0.284423663179649E+003  0.891278566233692E+000  0.118925651642303E+001  0.617333176134521E+000  0.243885444479795E+000 -0.131028262406404E+000 -0.142211831589825E+003
  0.100000000000000E+001  0.282896645770778E+003  0.529901946839730E+000  0.171108382415805E+001  0.290885563013160E-001  0.347304685740808E+000 -0.131028262406404E+000 -0.141448322885389E+003
  0.100000000000000E+001  0.279749579144279E+003  0.157894988959372E+000  0.181052977983538E+001  0.556143761549387E+000  0.355045406884381E+000 -0.131028262406404E+000 -0.139874789572139E+003
  0.100000000000000E+001  0.292584418713654E+003  0.136461506420318E+001  0.868444323067112E+000  0.654307525500215E+000  0.364496591379622E+000 -0.131028262406404E+000 -0.146292209356827E+003
  0.100000000000000E+001  0.281024804589953E+003  0.535472626704953E+000  0.186343596040117E+001  0.878128985947436E+000  0.183676163385018E+000 -0.131028262406404E+000 -0.140512402294977E+003
  0.100000000000000E+001  0.286445953904874E+003  0.153160929209068E+001  0.718488600592329E+000  0.249209269258221E+000  0.182078365206644E+000 -0.131028262406404E+000 -0.143222976952437E+003
  0.100000000000000E+001  0.283711580954954E+003  0.481065250169129E+000  0.145402597471757E+001  0.680098207490255E+000  0.486031197770666E+000 -0.131028262406404E+000 -0.141855790477477E+003
  0.100000000000000E+001  0.282656602718692E+003  0.805143961243302E+000  0.170773343191187E+001  0.991244024238690E+000  0.193740449183127E+000 -0.131028262406404E+000 -0.141328301359346E+003
  0.100000000000000E+001  0.283225702329564E+003  0.584223281502617E+000  0.138536205509533E+001  0.291877062311029E+000  0.318566281707837E+000 -0.131028262406404E+000 -0.141612851164782E+003
  0.100000000000000E+001  0.296172612118144E+003  0.135576914475595E+001  0.159426362045371E+001  0.414319540138423E-001  0.445204929099004E+000 -0.131028262406404E+000 -0.148086306059072E+003
  0.100000000000000E+001  0.283823626397911E+003  0.502791979044097E+000  0.839004182855796E+000  0.152730494789452E+000  0.490306507792954E+000 -0.131028262406404E+000 -0.141911813198955E+003
  0.100000000000000E+001  0.280207239057965E+003  0.367884249119757E+000  0.123308884346572E+001  0.355349137073737E+000  0.177344608273676E+000 -0.131028262406404E+000 -0.140103619528983E+003
  0.100000000000000E+001  0.287116778883317E+003  0.114984024040666E+001  0.819518273106358E+000  0.481457916259893E+000  0.274666313314794E+000 -0.131028262406404E+000 -0.143558389441659E+003
  0.100000000000000E+001  0.288640797171917E+003  0.192971978770311E+001  0.157303979664819E+001  0.637981480534097E+000  0.170446406407787E+000 -0.131028262406404E+000 -0.144320398585958E+003
  0.100000000000000E+001  0.287791486062604E+003  0.158092148844642E+001  0.147397284964944E+001  0.583772345342214E+000  0.195472107149944E+000 -0.131028262406404E+000 -0.143895743031302E+003
  0.100000000000000E+001  0.285660262055658E+003  0.119976991471822E+001  0.501862526963100E+000  0.863558277519841E+000  0.228952258590035E+000 -0.131028262406404E+000 -0.142830131027829E+003
  0.100000000000000E+001  0.280191307459139E+003  0.196736724973379E+000  0.114169878399230E+001  0.972983248806364E-001  0.371447811917768E+000 -0.131028262406404E+000 -0.140095653729569E+003
  0.100000000000000E+001  0.290601680296194E+003  0.165907198204375E+001  0.609743486738688E+000  0.285711753644280E+000  0.256419635995085E+000 -0.131028262406404E+000 -0.145300840148097E+003
  0.100000000000000E+001  0.305814101608225E+003  0.195345964195357E+001  0.103612246902935E+001  0.570701591927761E+000  0.417606296878598E+000 -0.131028262406404E+000 -0.152907050804113E+003
  0.100000000000000E+001  0.285168268460923E+003  0.112868970598959E+001  0.548723432689532E+000  0.400235904428208E+000  0.226438162833414E+000 -0.131028262406404E+000 -0.142584134230462E+003
  0.100000000000000E+001  0.281124035262387E+003  0.434476118365430E+000  0.500084333121733E+000  0.152183428503809E-001  0.264672140899212E+000 -0.131028262406404E+000 -0.140562017631194E+003
  0.100000000000000E+001  0.280478078097100E+003  0.456816083749939E+000  0.156252976012699E+001  0.316292154730323E+000  0.165210334325077E+000 -0.131028262406404E+000 -0.140239039048550E+003
  0.100000000000000E+001  0.282204246339336E+003  0.714267233352339E+000  0.156568744000949E+001  0.201793248607236E-001  0.195469403411914E+000 -0.131028262406404E+000 -0.141102123169668E+003
  0.100000000000000E+001  0.280440029590941E+003  0.254873581597936E+000  0.569747538731477E+000  0.734296665569115E+000  0.367108941833173E+000 -0.131028262406404E+000 -0.140220014795470E+003
  0.100000000000000E+001  0.286043230227666E+003  0.900402485383676E+000  0.172893952366104E+001  0.743490392158673E+000  0.317038452718534E+000 -0.131028262406404E+000 -0.143021615113833E+003
  0.100000000000000E+001  0.291024390596273E+003  0.103970217638395E+001  0.114758948917748E+001  0.812438687071250E+000  0.441891374090448E+000 -0.131028262406404E+000 -0.145512195298137E+003
  0.100000000000000E+001  0.293857944448481E+003  0.173917669931059E+001  0.537617232798931E+000  0.197298653365597E-001  0.321643392729464E+000 -0.131028262406404E+000 -0.146928972224241E+003
  0.100000000000000E+001  0.283648681818026E+003  0.630643135446590E+000  0.126325645353903E+001  0.763789901668525E+000  0.318246740117742E+000 -0.131028262406404E+000 -0.141824340909013E+003
  0.100000000000000E+001  0.285714928509818E+003  0.989516817476885E+000  0.534906647956618E+000  0.900608045060315E+000  0.299794590707599E+000 -0.131028262406404E+000 -0.142857464254909E+003
  0.100000000000000E+001  0.298811051312935E+003  0.184104801514343E+001  0.114016240586088E+001  0.338809105819341E+000  0.333996481317861E+000 -0.131028262406404E+000 -0.149405525656467E+003
  0.100000000000000E+001  0.297555336007492E+003  0.151052410571034E+001  0.763713956804004E+000  0.837266779847549E+000  0.458601786611608E+000 -0.131028262406404E+000 -0.148777668003746E+003
  0.100000000000000E+001  0.280486859276457E+003  0.276069112225852E+000  0.193850089353224E+001  0.121609828034518E+000  0.324743918467388E+000 -0.131028262406404E+000 -0.140243429638229E+003
  0.100000000000000E+001  0.286824099449539E+003  0.832514032869640E+000  0.763429135384519E+000  0.980019990333976E+000  0.421125704690700E+000 -0.131028262406404E+000 -0.143412049724770E+003
  0.100000000000000E+001  0.289948317153024E+003  0.103291235760441E+001  0.665155571710011E+000  0.150386226825341E+000  0.476016195555876E+000 -0.131028262406404E+000 -0.144974158576512E+003
  0.100000000000000E+001  0.284341573192785E+003  0.932942614262231E+000  0.707739494047906E+000  0.190189115332763E+000  0.241092817912938E+000 -0.131028262406404E+000 -0.142170786596393E+003
  0.100000000000000E+001  0.280065990967354E+003  0.271515542072913E+000  0.149032242770297E+001  0.350130070857799E+000  0.225676226146441E+000 -0.131028262406404E+000 -0.140032995483677E+003
  0.100000000000000E+001  0.285256666321106E+003  0.885883310281021E+000  0.951830755846963E+000  0.341622028884064E+000  0.287895619343733E+000 -0.131028262406404E+000 -0.142628333160553E+003
  0.100000000000000E+001  0.281220198756313E+003  0.337338359370622E+000  0.582395678326530E+000  0.603514402110441E+000  0.396334144502035E+000 -0.131028262406404E+000 -0.140610099378157E+003
  0.100000000000000E+001  0.279348792554667E+003  0.115200596632284E+000  0.841353059731047E+000  0.736295307142103E+000  0.294646210279283E+000 -0.131028262406404E+000 -0.139674396277334E+003
  0.100000000000000E+001  0.283683810948810E+003  0.605567376395262E+000  0.110379422442720E+001  0.256743305461492E+000  0.341720030082346E+000 -0.131028262406404E+000 -0.141841905474405E+003
  0.100000000000000E+001  0.282603766491027E+003  0.521725249909677E+000  0.195682930741062E+001  0.850458348514356E+000  0.351646091989643E+000 -0.131028262406404E+000 -0.141301883245514E+003
  0.100000000000000E+001  0.282195475822273E+003  0.416445055531678E+000  0.615427998321033E+000  0.861998404797896E+000  0.441474132337159E+000 -0.131028262406404E+000 -0.141097737911137E+003
  0.100000000000000E+001  0.282824486517461E+003  0.435108046230965E+000  0.155194927107700E+001  0.760004539392127E+000  0.445856198623881E+000 -0.131028262406404E+000 -0.141412243258730E+003
  0.100000000000000E+001  0.304231223102492E+003  0.164432274800201E+001  0.140698346421531E+001  0.568190789895985E+000  0.488160853309460E+000 -0.131028262406404E+000 -0.152115611551246E+003
  0.100000000000000E+001  0.295097166200523E+003  0.133740028855942E+001  0.184222617645445E+001  0.588212883238296E+000  0.458355373260424E+000 -0.131028262406404E+000 -0.147548583100262E+003
  0.100000000000000E+001  0.284241457717655E+003  0.782201351571373E+000  0.145181712541907E+001  0.612339126035418E+000  0.274758702846676E+000 -0.131028262406404E+000 -0.142120728858828E+003
  0.100000000000000E+001  0.281665868831779E+003  0.460805869385996E+000  0.169731211615767E+001  0.676248925237529E+000  0.278821640115909E+000 -0.131028262406404E+000 -0.140832934415889E+003
  0.100000000000000E+001  0.285420624143967E+003  0.118414139471983E+001  0.785468336252566E+000  0.690360120658144E+000  0.212719472978547E+000 -0.131028262406404E+000 -0.142710312071984E+003
  0.100000000000000E+001  0.282558461683295E+003  0.108240731767353E+001  0.181335379565643E+001  0.558600047847942E+000  0.137794235677263E+000 -0.131028262406404E+000 -0.141279230841648E+003
  0.100000000000000E+001  0.300827055355904E+003  0.195231675021507E+001  0.163134920338133E+001  0.662223272035328E+000  0.338226071216883E+000 -0.131028262406404E+000 -0.150413527677952E+003
  0.100000000000000E+001  0.280394150758810E+003  0.298574550756099E+000  0.680516620820795E+000  0.410682513319154E+000  0.270320653402985E+000 -0.131028262406404E+000 -0.140197075379405E+003
  0.100000000000000E+001  0.288012780575628E+003  0.817598877194581E+000  0.119987862275971E+001  0.495414167056490E+000  0.454786410104087E+000 -0.131028262406404E+000 -0.144006390287814E+003
  0.100000000000000E+001  0.281368338934303E+003  0.833272396915497E+000  0.100820265582580E+001  0.178887301008843E-001  0.128647560777708E+000 -0.131028262406404E+000 -0.140684169467152E+003
  0.100000000000000E+001  0.302200180481820E+003  0.190540934019825E+001  0.174465460127680E+001  0.645003899100294E+000  0.377859378483104E+000 -0.131028262406404E+000 -0.151100090240910E+003
  0.100000000000000E+001  0.281907794665966E+003  0.526229179165268E+000  0.168292272813616E+001  0.313132063522209E+000  0.256784923617398E+000 -0.131028262406404E+000 -0.140953897332983E+003
  0.100000000000000E+001  0.280235201935703E+003  0.333641133455313E+000  0.161088105779889E+001  0.962723220447828E+000  0.202359348289828E+000 -0.131028262406404E+000 -0.140117600967852E+003
  0.100000000000000E+001  0.288113626467112E+003  0.188890703624072E+001  0.122127038946929E+001  0.305608700393386E-001  0.166452814989103E+000 -0.131028262406404E+000 -0.144056813233556E+003
  0.100000000000000E+001  0.286650306727046E+003  0.119114354650554E+001  0.628171375320275E+000  0.444390576700504E+000  0.258530688483309E+000 -0.131028262406404E+000 -0.143325153363523E+003
  0.100000000000000E+001  0.304225259187166E+003  0.196255788519213E+001  0.132139070232586E+001  0.282535889140343E+000  0.377619669547194E+000 -0.131028262406404E+000 -0.152112629593583E+003
  0.100000000000000E+001  0.279278539901379E+003  0.241317840584471E+000  0.115451423965974E+001  0.557589219505453E+000  0.112546268371628E+000 -0.131028262406404E+000 -0.139639269950690E+003
  0.100000000000000E+001  0.282608679957440E+003  0.703971222277756E+000  0.189323328044560E+001  0.283319330994220E+000  0.228004738863023E+000 -0.131028262406404E+000 -0.141304339978720E+003
  0.100000000000000E+001  0.293740723673374E+003  0.126123518912972E+001  0.151165313608523E+001  0.149531668276751E-001  0.414865259174525E+000 -0.131028262406404E+000 -0.146870361836687E+003
  0.100000000000000E+001  0.282819742754712E+003  0.419803433649291E+000  0.978581005057929E+000  0.342695234153130E+000  0.465429470519613E+000 -0.131028262406404E+000 -0.141409871377356E+003
  0.100000000000000E+001  0.290062433750103E+003  0.151640967688227E+001  0.565890123896079E+000  0.358045245662651E+000  0.279980910602165E+000 -0.131028262406404E+000 -0.145031216875052E+003
  0.100000000000000E+001  0.294135070162576E+003  0.196016374343977E+001  0.108138414586054E+001  0.858857607645637E+000  0.245823729679392E+000 -0.131028262406404E+000 -0.147067535081288E+003
  0.100000000000000E+001  0.279978977776000E+003  0.165591527208944E+000  0.182977580749079E+001  0.993352397131827E+000  0.467246442158123E+000 -0.131028262406404E+000 -0.139989488888000E+003
  0.100000000000000E+001  0.282901812537077E+003  0.646999850901994E+000  0.175507976332141E+001  0.711645655369672E+000  0.267789827653549E+000 -0.131028262406404E+000 -0.141450906268538E+003
  0.100000000000000E+001  0.295370510425791E+003  0.140090538223878E+001  0.747892681633044E+000  0.450408232737074E+000  0.451113974833927E+000 -0.131028262406404E+000 -0.147685255212896E+003
  0.100000000000000E+001  0.284111782938435E+003  0.106485835891454E+001  0.197575559460064E+001  0.348348288807969E+000  0.195552092156274E+000 -0.131028262406404E+000 -0.142055891469217E+003
  0.100000000000000E+001  0.287052229711834E+003  0.113765625516363E+001  0.760540377469213E+000  0.593092413459585E+000  0.279926442155395E+000 -0.131028262406404E+000 -0.143526114855917E+003
  0.100000000000000E+001  0.290017080717948E+003  0.197922178010054E+001  0.136198899071575E+001  0.141283211941278E+000  0.184606956374491E+000 -0.131028262406404E+000 -0.145008540358974E+003
  0.100000000000000E+001  0.279808104608342E+003  0.392527931303902E+000  0.689796786688088E+000  0.770371386719028E+000  0.125496553451083E+000 -0.131028262406404E+000 -0.139904052304171E+003
  0.100000000000000E+001  0.301162202451123E+003  0.151307001071071E+001  0.155452581861194E+001  0.573987671810745E+000  0.493790214766235E+000 -0.131028262406404E+000 -0.150581101225561E+003
  0.100000000000000E+001  0.280091682495292E+003  0.272264232056000E+000  0.174944423040672E+001  0.282859617878395E+000  0.234147418289541E+000 -0.131028262406404E+000 -0.140045841247646E+003
  0.100000000000000E+001  0.284426773950911E+003  0.166478149794583E+001  0.166552028282851E+001  0.708915273071982E+000  0.124204297396567E+000 -0.131028262406404E+000 -0.142213386975456E+003
  0.100000000000000E+001  0.280592401117185E+003  0.547148589642648E+000  0.169062112250014E+001  0.719127908769898E+000  0.145158238967653E+000 -0.131028262406404E+000 -0.140296200558592E+003
  0.100000000000000E+001  0.281024312474730E+003  0.640735585721917E+000  0.184444960255595E+001  0.246559145182506E+000  0.150274836678005E+000 -0.131028262406404E+000 -0.140512156237365E+003
  0.100000000000000E+001  0.289503227698997E+003  0.104747549639433E+001  0.154852889456914E+001  0.141975094362529E+000  0.380081901573623E+000 -0.131028262406404E+000 -0.144751613849498E+003
  0.100000000000000E+001  0.288595938887201E+003  0.112489610109964E+001  0.180539036600248E+001  0.524466236926954E+000  0.328198533539062E+000 -0.131028262406404E+000 -0.144297969443600E+003
  0.100000000000000E+001  0.285150523201528E+003  0.100122391077194E+001  0.164833642756390E+001  0.719514390429920E+000  0.240927508998882E+000 -0.131028262406404E+000 -0.142575261600764E+003
  0.100000000000000E+001  0.280187020716944E+003  0.437655106717239E+000  0.191646553714773E+001  0.862184355762796E-003  0.147884376836704E+000 -0.131028262406404E+000 -0.140093510358472E+003
  0.100000000000000E+001  0.292099807394954E+003  0.122085588213292E+001  0.145362227134063E+001  0.655222296698694E+000  0.382103353160889E+000 -0.131028262406404E+000 -0.146049903697477E+003
  0.100000000000000E+001  0.287284390935669E+003  0.112223884834738E+001  0.945525426146211E+000  0.444067005381177E-001  0.282281750134546E+000 -0.131028262406404E+000 -0.143642195467834E+003
  0.100000000000000E+001  0.294447722272887E+003  0.132884816709466E+001  0.116160048847973E+001  0.776690581186824E+000  0.404618038380403E+000 -0.131028262406404E+000 -0.147223861136444E+003
  0.100000000000000E+001  0.280774647174019E+003  0.767139663162215E+000  0.605577224177344E+000  0.872904971997194E+000  0.112514371241218E+000 -0.131028262406404E+000 -0.140387323587010E+003
  0.100000000000000E+001  0.295120690731853E+003  0.165133026268498E+001  0.674721958129788E+000  0.145658618410832E+000  0.357566881758661E+000 -0.131028262406404E+000 -0.147560345365927E+003
  0.100000000000000E+001  0.296217058189640E+003  0.156405862197342E+001  0.188061202882090E+001  0.560478726591212E+000  0.387327337010933E+000 -0.131028262406404E+000 -0.148108529094820E+003
  0.100000000000000E+001  0.292036756103223E+003  0.136624657874085E+001  0.143233503711349E+001  0.657044252660341E+000  0.327314412176798E+000 -0.131028262406404E+000 -0.146018378051612E+003
  0.100000000000000E+001  0.288818611794627E+003  0.131532077019211E+001  0.906024210942053E+000  0.499470219610505E+000  0.274557176601412E+000 -0.131028262406404E+000 -0.144409305897314E+003
  0.100000000000000E+001  0.284579605566643E+003  0.834681590396126E+000  0.963577045368353E+000  0.475434087379113E+000  0.276472870018475E+000 -0.131028262406404E+000 -0.142289802783322E+003
  0.100000000000000E+001  0.290979337110961E+003  0.131908068904145E+001  0.129173420581872E+001  0.929406636143968E+000  0.316171468061990E+000 -0.131028262406404E+000 -0.145489668555480E+003
  0.100000000000000E+001  0.281566686412294E+003  0.312837926002623E+000  0.773654039870509E+000  0.794292662675164E+000  0.482425959864974E+000 -0.131028262406404E+000 -0.140783343206147E+003
  0.100000000000000E+001  0.283117666646576E+003  0.130384291656828E+001  0.982295309286713E+000  0.389553619699603E+000  0.127745504307296E+000 -0.131028262406404E+000 -0.141558833323288E+003
  0.100000000000000E+001  0.283262277942059E+003  0.129325028035640E+001  0.959464547180114E+000  0.796363338446097E+000  0.132757466753244E+000 -0.131028262406404E+000 -0.141631138971029E+003
  0.100000000000000E+001  0.291475692534106E+003  0.195861710721566E+001  0.179696700051937E+001  0.597307621350178E+000  0.210321094870006E+000 -0.131028262406404E+000 -0.145737846267053E+003
  0.100000000000000E+001  0.281320563437330E+003  0.963991762854822E+000  0.104383111879062E+001  0.740636147543014E+000  0.108592409481937E+000 -0.131028262406404E+000 -0.140660281718665E+003
  0.100000000000000E+001  0.282398144566738E+003  0.620416236457263E+000  0.171162893299960E+001  0.331543506286423E+000  0.245006394528428E+000 -0.131028262406404E+000 -0.141199072283369E+003
  0.100000000000000E+001  0.286149742679670E+003  0.713381395488758E+000  0.131738533552112E+001  0.737222538154623E+000  0.426253198266804E+000 -0.131028262406404E+000 -0.143074871339835E+003
  0.100000000000000E+001  0.303934269833822E+003  0.173745351436097E+001  0.908306237869043E+000  0.331781361100972E+000  0.478237098793385E+000 -0.131028262406404E+000 -0.151967134916911E+003
  0.100000000000000E+001  0.284534243755169E+003  0.630324300097222E+000  0.132572673260506E+001  0.166773733858824E+000  0.382052563037420E+000 -0.131028262406404E+000 -0.142267121877585E+003
  0.100000000000000E+001  0.297667507564422E+003  0.152297696736227E+001  0.952514009669877E+000  0.243974857081744E+000  0.422967977998219E+000 -0.131028262406404E+000 -0.148833753782211E+003
  0.100000000000000E+001  0.290429220438660E+003  0.131512315696713E+001  0.718703080709546E+000  0.171882400201024E+000  0.336231268661036E+000 -0.131028262406404E+000 -0.145214610219330E+003
  0.100000000000000E+001  0.301251933701813E+003  0.166984968133416E+001  0.706011979598907E+000  0.599464222998157E+000  0.497107314261012E+000 -0.131028262406404E+000 -0.150625966850907E+003
  0.100000000000000E+001  0.280955712663422E+003  0.280762713356068E+000  0.686325318663164E+000  0.518164914163399E+000  0.428001954845116E+000 -0.131028262406404E+000 -0.140477856331711E+003
  0.100000000000000E+001  0.292620376622732E+003  0.143817367334007E+001  0.124053261609254E+001  0.211515785544618E-001  0.320550604783407E+000 -0.131028262406404E+000 -0.146310188311366E+003
  0.100000000000000E+001  0.282373952430422E+003  0.423584533307893E+000  0.589461382690687E+000  0.738186933768511E+000  0.469694409857278E+000 -0.131028262406404E+000 -0.141186976215211E+003
  0.100000000000000E+001  0.281624668857641E+003  0.706540640044725E+000  0.115393396266578E+001  0.145643187466854E+000  0.166370634750306E+000 -0.131028262406404E+000 -0.140812334428820E+003
  0.100000000000000E+001  0.287847019117229E+003  0.121602432600096E+001  0.608592448395398E+000  0.958684464083516E+000  0.295574022099380E+000 -0.131028262406404E+000 -0.143923509558615E+003
  0.100000000000000E+001  0.289259341752650E+003  0.989245419846000E+000  0.152271462220233E+001  0.520980502706814E+000  0.401159991671706E+000 -0.131028262406404E+000 -0.144629670876325E+003
  0.100000000000000E+001  0.287672394397139E+003  0.175705209316726E+001  0.120642801342268E+001  0.186971238644498E+000  0.172696818685489E+000 -0.131028262406404E+000 -0.143836197198570E+003
  0.100000000000000E+001  0.288800508279364E+003  0.913284150088207E+000  0.103413857986696E+001  0.224385482956793E+000  0.434605384067184E+000 -0.131028262406404E+000 -0.144400254139682E+003
  0.100000000000000E+001  0.282587040708499E+003  0.137411274489478E+001  0.108351562143722E+001  0.894748103844311E+000  0.107563072566984E+000 -0.131028262406404E+000 -0.141293520354250E+003
  0.100000000000000E+001  0.305253867753965E+003  0.173096731400638E+001  0.148212309052635E+001  0.309419101402053E-001  0.472825783030056E+000 -0.131028262406404E+000 -0.152626933876982E+003
  0.100000000000000E+001  0.282840742590890E+003  0.768220668862976E+000  0.186287615027876E+001  0.598953067784173E+000  0.216959756173766E+000 -0.131028262406404E+000 -0.141420371295445E+003
  0.100000000000000E+001  0.280799868517767E+003  0.233745521631833E+000  0.926276941359490E+000  0.850554651020398E+000  0.467149631004309E+000 -0.131028262406404E+000 -0.140399934258883E+003
  0.100000000000000E+001  0.282099042803646E+003  0.430973015312124E+000  0.130647497927106E+001  0.966710262503464E+000  0.343267406630960E+000 -0.131028262406404E+000 -0.141049521401823E+003
  0.100000000000000E+001  0.285656960346934E+003  0.131029125181285E+001  0.864405510011900E+000  0.137640319399308E+000  0.193790691936230E+000 -0.131028262406404E+000 -0.142828480173467E+003
  0.100000000000000E+001  0.281622217780319E+003  0.881846515828332E+000  0.131288391724741E+001  0.911961809169505E+000  0.131216620484772E+000 -0.131028262406404E+000 -0.140811108890160E+003
  0.100000000000000E+001  0.287343869089693E+003  0.165133457270880E+001  0.138181740978421E+001  0.599585954871908E+000  0.178340293754951E+000 -0.131028262406404E+000 -0.143671934544846E+003
  0.100000000000000E+001  0.282143212734441E+003  0.631987614184173E+000  0.512711785683422E+000  0.501978382164326E+000  0.241172772206511E+000 -0.131028262406404E+000 -0.141071606367221E+003
  0.100000000000000E+001  0.282406451787958E+003  0.111072667957162E+001  0.189516430399139E+001  0.692439108597933E+000  0.129626534394206E+000 -0.131028262406404E+000 -0.141203225893979E+003
  0.100000000000000E+001  0.282855896679818E+003  0.454296003944472E+000  0.157977554922972E+001  0.240131172968692E+000  0.421720741971571E+000 -0.131028262406404E+000 -0.141427948339909E+003
  0.100000000000000E+001  0.281317252552728E+003  0.317301165321307E+000  0.194316233596675E+001  0.890498868628242E+000  0.489346539634654E+000 -0.131028262406404E+000 -0.140658626276364E+003
  0.100000000000000E+001  0.281926765657671E+003  0.640827766018792E+000  0.695175624637317E+000  0.647436430535089E+000  0.212223841022011E+000 -0.131028262406404E+000 -0.140963382828835E+003
  0.100000000000000E+001  0.281373153230123E+003  0.680126665678799E+000  0.180083924311360E+001  0.489651944397424E+000  0.160790705913970E+000 -0.131028262406404E+000 -0.140686576615061E+003
  0.100000000000000E+001  0.283501188761188E+003  0.169055455668760E+001  0.185439057804871E+001  0.754101217260730E+000  0.105159431755926E+000 -0.131028262406404E+000 -0.141750594380594E+003
  0.100000000000000E+001  0.300428469615855E+003  0.149868103818213E+001  0.168381127535704E+001  0.175528357247297E-001  0.499980700002697E+000 -0.131028262406404E+000 -0.150214234807928E+003
  0.100000000000000E+001  0.289210924244377E+003  0.861095301919677E+000  0.134265179193195E+001  0.795719187715976E+000  0.485978644567848E+000 -0.131028262406404E+000 -0.144605462122188E+003
  0.100000000000000E+001  0.287797017649242E+003  0.127858036405878E+001  0.994837859618049E+000  0.430704600486928E+000  0.253153508592703E+000 -0.131028262406404E+000 -0.143898508824621E+003
  0.100000000000000E+001  0.284980815025904E+003  0.163291201595938E+001  0.133926616980752E+001  0.610656057732520E+000  0.136903197324410E+000 -0.131028262406404E+000 -0.142490407512952E+003
  0.100000000000000E+001  0.295330519743170E+003  0.147862287759893E+001  0.153417313737296E+001  0.468018193418813E+000  0.368478714705115E+000 -0.131028262406404E+000 -0.147665259871585E+003
  0.100000000000000E+001  0.279374071498693E+003  0.143642155501258E+000  0.993493129851163E+000  0.248932565444282E+000  0.229524600875941E+000 -0.131028262406404E+000 -0.139687035749347E+003
  0.100000000000000E+001  0.291801823020949E+003  0.142356043756261E+001  0.189653602244093E+001  0.563243759629933E+000  0.326060563734107E+000 -0.131028262406404E+000 -0.145900911510474E+003
  0.100000000000000E+001  0.301600617156893E+003  0.182747492492053E+001  0.128445438577626E+001  0.782515089053544E+000  0.375670948331340E+000 -0.131028262406404E+000 -0.150800308578446E+003
  0.100000000000000E+001  0.287842420089554E+003  0.109499612427246E+001  0.734508991448130E+000  0.798307889107378E+000  0.327866906426914E+000 -0.131028262406404E+000 -0.143921210044777E+003
  0.100000000000000E+001  0.284378110494400E+003  0.722344446155838E+000  0.891918179327635E+000  0.664856227894914E+000  0.324633720874888E+000 -0.131028262406404E+000 -0.142189055247200E+003
  0.100000000000000E+001  0.286208179472264E+003  0.110223687226285E+001  0.185894945526546E+001  0.213848727911961E+000  0.255450658380746E+000 -0.131028262406404E+000 -0.143104089736132E+003
  0.100000000000000E+001  0.280492186440662E+003  0.458288066732800E+000  0.167294461632064E+001  0.574604710547273E-001  0.166591176091925E+000 -0.131028262406404E+000 -0.140246093220331E+003
  0.100000000000000E+001  0.299767208759170E+003  0.153858554107149E+001  0.182290750943701E+001  0.933237417352418E+000  0.484960334953243E+000 -0.131028262406404E+000 -0.149883604379585E+003
  0.100000000000000E+001  0.285999937784226E+003  0.150882150899875E+001  0.143028630591157E+001  0.550953048216305E+000  0.169659959169903E+000 -0.131028262406404E+000 -0.142999968892113E+003
  0.100000000000000E+001  0.279268642515341E+003  0.234550768632241E+000  0.133059341896441E+001  0.462975495058386E+000  0.114000422108574E+000 -0.131028262406404E+000 -0.139634321257670E+003
  0.100000000000000E+001  0.282005637136156E+003  0.365044697851422E+000  0.179855690829579E+001  0.878809174794261E+000  0.495958724865596E+000 -0.131028262406404E+000 -0.141002818568078E+003
  0.100000000000000E+001  0.285361879882991E+003  0.102048388095796E+001  0.130673307455703E+001  0.306548519144219E+000  0.240388341224468E+000 -0.131028262406404E+000 -0.142680939941496E+003
  0.100000000000000E+001  0.295898774995831E+003  0.158800185616562E+001  0.690260525329138E+000  0.365173516264154E+000  0.397067547008771E+000 -0.131028262406404E+000 -0.147949387497916E+003
  0.100000000000000E+001  0.280043543646800E+003  0.190648761055718E+000  0.629136625317871E+000  0.503960221069992E+000  0.389477418077528E+000 -0.131028262406404E+000 -0.140021771823400E+003
  0.100000000000000E+001  0.286076167497295E+003  0.192592437561496E+001  0.104267407202029E+001  0.421221622968923E-001  0.133002134662890E+000 -0.131028262406404E+000 -0.143038083748647E+003
  0.100000000000000E+001  0.289893884950817E+003  0.102406281018691E+001  0.948239454721942E+000  0.151704349809172E+000  0.422640632981453E+000 -0.131028262406404E+000 -0.144946942475408E+003
  0.100000000000000E+001  0.299820752540877E+003  0.198837685446498E+001  0.173410821445024E+001  0.505584479261044E+000  0.321011961831710E+000 -0.131028262406404E+000 -0.149910376270438E+003
  0.100000000000000E+001  0.287206055285755E+003  0.888828736160343E+000  0.854967005750924E+000  0.567732797994376E+000  0.389896236347907E+000 -0.131028262406404E+000 -0.143603027642877E+003
  0.100000000000000E+001  0.280994587009583E+003  0.469365432416109E+000  0.829815902623486E+000  0.910676551218340E+000  0.210766044548315E+000 -0.131028262406404E+000 -0.140497293504791E+003
  0.100000000000000E+001  0.284589464300894E+003  0.706798581859669E+000  0.179209960726188E+001  0.827808287532718E+000  0.351968282322100E+000 -0.131028262406404E+000 -0.142294732150447E+003
  0.100000000000000E+001  0.290143113351347E+003  0.190106056437942E+001  0.128221552438470E+001  0.770298868512774E+000  0.194859294667169E+000 -0.131028262406404E+000 -0.145071556675674E+003
  0.100000000000000E+001  0.283832309720514E+003  0.519904186222160E+000  0.158177484152345E+001  0.411087485257466E+000  0.453384636562188E+000 -0.131028262406404E+000 -0.141916154860257E+003
  0.100000000000000E+001  0.285525659592627E+003  0.736372414940726E+000  0.608888253017729E+000  0.797119224228338E+000  0.444524789949314E+000 -0.131028262406404E+000 -0.142762829796313E+003
  0.100000000000000E+001  0.299401845209400E+003  0.147814438939379E+001  0.889334758295279E+000  0.676622346642728E+000  0.496345921494780E+000 -0.131028262406404E+000 -0.149700922604700E+003
  0.100000000000000E+001  0.299991599902849E+003  0.162569995228269E+001  0.146993963704531E+001  0.388209740215423E+000  0.411562146394069E+000 -0.131028262406404E+000 -0.149995799951424E+003
  0.100000000000000E+001  0.283207040688497E+003  0.749279698656372E+000  0.117574296486361E+001  0.288457019697852E+000  0.236138162512828E+000 -0.131028262406404E+000 -0.141603520344248E+003
  0.100000000000000E+001  0.286088267697992E+003  0.705618713102350E+000  0.702380417238000E+000  0.836283438530501E+000  0.498281318216925E+000 -0.131028262406404E+000 -0.143044133848996E+003
  0.100000000000000E+001  0.289994841409531E+003  0.138027441812592E+001  0.130670599243371E+001  0.579123584982442E+000  0.276588739361983E+000 -0.131028262406404E+000 -0.144997420704766E+003
  0.100000000000000E+001  0.283427274714992E+003  0.173022719673020E+001  0.769372768108610E+000  0.960181443403285E+000  0.101620095404819E+000 -0.131028262406404E+000 -0.141713637357496E+003
  0.100000000000000E+001  0.281669070195322E+003  0.338061264989712E+000  0.135403827477643E+001  0.944236447112613E+000  0.410264901501549E+000 -0.131028262406404E+000 -0.140834535097661E+003
  0.100000000000000E+001  0.282579613549898E+003  0.600496028276981E+000  0.165390608233932E+001  0.439387388158229E+000  0.266370943644686E+000 -0.131028262406404E+000 -0.141289806774949E+003
  0.100000000000000E+001  0.288410093466628E+003  0.160640274320862E+001  0.169244766260565E+001  0.286797702114420E+000  0.205197818416694E+000 -0.131028262406404E+000 -0.144205046733314E+003
  0.100000000000000E+001  0.282662582923557E+003  0.132839637970445E+001  0.121528856538329E+001  0.392754043987392E+000  0.113125667907135E+000 -0.131028262406404E+000 -0.141331291461779E+003
  0.100000000000000E+001  0.281519590954957E+003  0.550664949473389E+000  0.184853839565904E+001  0.140824678802513E+000  0.216417915230026E+000 -0.131028262406404E+000 -0.140759795477478E+003
  0.100000000000000E+001  0.287350945907315E+003  0.114243898311440E+001  0.789610252117005E+000  0.441080241448921E+000  0.286897099455933E+000 -0.131028262406404E+000 -0.143675472953657E+003
  0.100000000000000E+001  0.283390816484325E+003  0.155657645603248E+001  0.189206445387144E+001  0.808000045921785E+000  0.112401343847053E+000 -0.131028262406404E+000 -0.141695408242163E+003
  0.100000000000000E+001  0.285892963688366E+003  0.727976912501042E+000  0.108950177126292E+001  0.963645570004474E+000  0.403447865022558E+000 -0.131028262406404E+000 -0.142946481844183E+003
  0.100000000000000E+001  0.288794539659481E+003  0.950183147381728E+000  0.105338073723113E+001  0.952165247778894E+000  0.408799030647515E+000 -0.131028262406404E+000 -0.144397269829740E+003
  0.100000000000000E+001  0.294734571283403E+003  0.172201094105443E+001  0.172099794951329E+001  0.602087715080873E-001  0.298219486297614E+000 -0.131028262406404E+000 -0.147367285641702E+003
  0.100000000000000E+001  0.292062532242093E+003  0.159758894258820E+001  0.189312887980656E+001  0.903458242887825E+000  0.284185821915743E+000 -0.131028262406404E+000 -0.146031266121046E+003
  0.100000000000000E+001  0.300724373291848E+003  0.148114372569921E+001  0.132608739529751E+001  0.912384507140792E-001  0.487803094762684E+000 -0.131028262406404E+000 -0.150362186645924E+003
  0.100000000000000E+001  0.288890801431314E+003  0.153991342619197E+001  0.836113270519418E+000  0.996854427945475E+000  0.230674798988522E+000 -0.131028262406404E+000 -0.144445400715657E+003
  0.100000000000000E+001  0.291182932510463E+003  0.185976741859037E+001  0.981967963080821E+000  0.344966826471757E+000  0.218799309110004E+000 -0.131028262406404E+000 -0.145591466255232E+003
  0.100000000000000E+001  0.290503183005612E+003  0.127423606531240E+001  0.108111398839584E+001  0.839326620881315E+000  0.323421917009499E+000 -0.131028262406404E+000 -0.145251591502806E+003
  0.100000000000000E+001  0.281175091594036E+003  0.364510234929430E+000  0.589573632859838E+000  0.875757105550958E+000  0.340431471568908E+000 -0.131028262406404E+000 -0.140587545797018E+003
  0.100000000000000E+001  0.280494877293126E+003  0.638483058576531E+000  0.110259390016742E+001  0.245360614665933E+000  0.117120509026402E+000 -0.131028262406404E+000 -0.140247438646563E+003
  0.100000000000000E+001  0.299138592663896E+003  0.177056631603212E+001  0.139206276903719E+001  0.100122315156114E+000  0.351180833883193E+000 -0.131028262406404E+000 -0.149569296331948E+003
  0.100000000000000E+001  0.285771402912093E+003  0.129408184615809E+001  0.564745513139760E+000  0.260285010715660E+000  0.208332070251857E+000 -0.131028262406404E+000 -0.142885701456046E+003
  0.100000000000000E+001  0.284456777599697E+003  0.634931976237243E+000  0.156814356151909E+001  0.178603133006531E+000  0.380853076168989E+000 -0.131028262406404E+000 -0.142228388799848E+003
  0.100000000000000E+001  0.281386819131116E+003  0.644801914087623E+000  0.167866418531399E+001  0.105368531680067E+000  0.170176009654087E+000 -0.131028262406404E+000 -0.140693409565558E+003
  0.100000000000000E+001  0.290598035889063E+003  0.944352746243565E+000  0.112022418554051E+001  0.193009123680985E+000  0.492109573961134E+000 -0.131028262406404E+000 -0.145299017944531E+003
  0.100000000000000E+001  0.286332009019284E+003  0.100060771490673E+001  0.143538655512473E+001  0.989798352304906E+000  0.280290922191768E+000 -0.131028262406404E+000 -0.143166004509642E+003
  0.100000000000000E+001  0.297887999838442E+003  0.142437320013338E+001  0.176768119100642E+001  0.980664767630942E+000  0.483920464763873E+000 -0.131028262406404E+000 -0.148943999919221E+003
  0.100000000000000E+001  0.299168037428605E+003  0.150282308443330E+001  0.166696230633736E+001  0.476223532124871E+000  0.460264170890531E+000 -0.131028262406404E+000 -0.149584018714302E+003
  0.100000000000000E+001  0.286842697354295E+003  0.105756805841386E+001  0.717121027769634E+000  0.272851879033081E+000  0.303884214639627E+000 -0.131028262406404E+000 -0.143421348677148E+003
  0.100000000000000E+001  0.292257023723730E+003  0.182064971336856E+001  0.683303133532347E+000  0.634298379303908E+000  0.254143566176523E+000 -0.131028262406404E+000 -0.146128511861865E+003
  0.100000000000000E+001  0.282355553256933E+003  0.398495583253319E+000  0.180707438694421E+001  0.832580879970066E+000  0.495312455563437E+000 -0.131028262406404E+000 -0.141177776628467E+003
  0.100000000000000E+001  0.284082025414357E+003  0.622421147531916E+000  0.163846343989573E+001  0.747044964159098E+000  0.366305795616377E+000 -0.131028262406404E+000 -0.142041012707179E+003
  0.100000000000000E+001  0.293171907813373E+003  0.172864345795009E+001  0.552706126332738E+000  0.870371205697760E+000  0.305453885552467E+000 -0.131028262406404E+000 -0.146585953906686E+003
  0.100000000000000E+001  0.280071927227855E+003  0.368300470617819E+000  0.143830005393602E+001  0.971719761788328E+000  0.161685194109842E+000 -0.131028262406404E+000 -0.140035963613927E+003
  0.100000000000000E+001  0.296759025308362E+003  0.192868139160873E+001  0.119340258221494E+001  0.609983216538033E+000  0.284807685469916E+000 -0.131028262406404E+000 -0.148379512654181E+003
  0.100000000000000E+001  0.289728452441893E+003  0.186925100692943E+001  0.104712025458495E+001  0.375558111214959E-001  0.194212953928829E+000 -0.131028262406404E+000 -0.144864226220946E+003
  0.100000000000000E+001  0.280652889950649E+003  0.498335607708088E+000  0.664151992832550E+000  0.744598768489645E+000  0.169597693966662E+000 -0.131028262406404E+000 -0.140326444975324E+003
  0.100000000000000E+001  0.285518269871953E+003  0.122710556045728E+001  0.195915941644293E+001  0.199038026789765E+000  0.206862063592276E+000 -0.131028262406404E+000 -0.142759134935976E+003
  0.100000000000000E+001  0.279201844520516E+003  0.143281186334065E+000  0.188300889691428E+001  0.807235734335894E+000  0.175022548015030E+000 -0.131028262406404E+000 -0.139600922260258E+003
  0.100000000000000E+001  0.290492140439943E+003  0.102474151172358E+001  0.177890908970550E+001  0.168930559351966E-001  0.467130409977830E+000 -0.131028262406404E+000 -0.145246070219972E+003
  0.100000000000000E+001  0.285502125078396E+003  0.172464206988389E+001  0.185221168919195E+001  0.682711863679652E+000  0.139991878768960E+000 -0.131028262406404E+000 -0.142751062539198E+003
  0.100000000000000E+001  0.283000396487720E+003  0.473817751966217E+000  0.187084596979901E+001  0.761514244941612E+000  0.474431351414761E+000 -0.131028262406404E+000 -0.141500198243860E+003
  0.100000000000000E+001  0.284474740055539E+003  0.126655611111642E+001  0.107107524382433E+001  0.858259900296467E+000  0.167275411804469E+000 -0.131028262406404E+000 -0.142237370027770E+003
  0.100000000000000E+001  0.293167569852881E+003  0.189589983792155E+001  0.146580137784140E+001  0.287794195350137E+000  0.238441160424010E+000 -0.131028262406404E+000 -0.146583784926441E+003
  0.100000000000000E+001  0.292317834601334E+003  0.173896459284096E+001  0.758499049903988E+000  0.136565462393897E+000  0.266102196340503E+000 -0.131028262406404E+000 -0.146158917300667E+003
  0.100000000000000E+001  0.290843205709243E+003  0.185585356514889E+001  0.107434549626443E+001  0.779565239685268E+000  0.212461281434139E+000 -0.131028262406404E+000 -0.145421602854622E+003
  0.100000000000000E+001  0.279693127448600E+003  0.259589387065255E+000  0.804074723361076E+000  0.647312613623102E+000  0.175933116177275E+000 -0.131028262406404E+000 -0.139846563724300E+003
  0.100000000000000E+001  0.285114610776870E+003  0.701825122997090E+000  0.119465814736681E+001  0.343667601835375E+000  0.368506098960712E+000 -0.131028262406404E+000 -0.142557305388435E+003
  0.100000000000000E+001  0.283211131306465E+003  0.447108440592104E+000  0.992674190032154E+000  0.329146200216898E+000  0.474288568473604E+000 -0.131028262406404E+000 -0.141605565653233E+003
  0.100000000000000E+001  0.285584177069601E+003  0.931120710086375E+000  0.194646118936193E+001  0.948889121639193E+000  0.296445591674098E+000 -0.131028262406404E+000 -0.142792088534801E+003
  0.100000000000000E+001  0.295413266353282E+003  0.144123213723123E+001  0.171364632592992E+001  0.986977361317879E-001  0.396119327849214E+000 -0.131028262406404E+000 -0.147706633176641E+003
  0.100000000000000E+001  0.281249638745383E+003  0.889147357532968E+000  0.107644740512273E+001  0.457118431526654E+000  0.115070006401267E+000 -0.131028262406404E+000 -0.140624819372692E+003
  0.100000000000000E+001  0.282637278433098E+003  0.713756824969628E+000  0.167456266545783E+001  0.376243299366345E+000  0.220591018782984E+000 -0.131028262406404E+000 -0.141318639216549E+003
  0.100000000000000E+001  0.282326140576389E+003  0.858127986474380E+000  0.147333665560000E+001  0.559163736945413E+000  0.164963845247596E+000 -0.131028262406404E+000 -0.141163070288194E+003
  0.100000000000000E+001  0.286908417206804E+003  0.775782093668853E+000  0.172313069473812E+001  0.129491911123889E+000  0.457838388139756E+000 -0.131028262406404E+000 -0.143454208603402E+003
  0.100000000000000E+001  0.283736139620375E+003  0.577840474104382E+000  0.679101143260319E+000  0.905420638527426E+000  0.417272252359864E+000 -0.131028262406404E+000 -0.141868069810187E+003
  0.100000000000000E+001  0.280099685150730E+003  0.246419672109318E+000  0.893638367941578E+000  0.740552702331686E+000  0.265940660984555E+000 -0.131028262406404E+000 -0.140049842575365E+003
  0.100000000000000E+001  0.281618393297050E+003  0.390574767590361E+000  0.124130213388369E+001  0.781881101308791E+000  0.328333078069426E+000 -0.131028262406404E+000 -0.140809196648525E+003
  0.100000000000000E+001  0.291597773568948E+003  0.162007875444658E+001  0.518745553318324E+000  0.108004884252526E+000  0.299252769708922E+000 -0.131028262406404E+000 -0.145798886784474E+003
  0.100000000000000E+001  0.281622614851610E+003  0.650967395781877E+000  0.573075586508475E+000  0.443004056991767E+000  0.191032476711852E+000 -0.131028262406404E+000 -0.140811307425805E+003
  0.100000000000000E+001  0.288456825150262E+003  0.146266267442255E+001  0.539287748201789E+000  0.943968557617655E+000  0.251056668486473E+000 -0.131028262406404E+000 -0.144228412575131E+003
  0.100000000000000E+001  0.281666910432112E+003  0.942653427824379E+000  0.942928083342079E+000  0.535785149905229E+000  0.124956074777432E+000 -0.131028262406404E+000 -0.140833455216056E+003
  0.100000000000000E+001  0.290112521448327E+003  0.132758240873693E+001  0.542063884168142E+000  0.747534213851092E-001  0.348016516135921E+000 -0.131028262406404E+000 -0.145056260724164E+003
  0.100000000000000E+001  0.291545386037319E+003  0.118325472759035E+001  0.590570579900242E+000  0.687531616375460E-001  0.476187419797640E+000 -0.131028262406404E+000 -0.145772693018659E+003
  0.100000000000000E+001  0.284654879447461E+003  0.705401582840607E+000  0.581399725795301E+000  0.882477172695880E+000  0.402567003723564E+000 -0.131028262406404E+000 -0.142327439723731E+003
  0.100000000000000E+001  0.295024086949340E+003  0.197427209672369E+001  0.508959140610339E+000  0.675471252052512E+000  0.292380071310542E+000 -0.131028262406404E+000 -0.147512043474670E+003
  0.100000000000000E+001  0.279147735058526E+003  0.209201671129319E+000  0.142272569665414E+001  0.518362661122779E+000  0.103804682129361E+000 -0.131028262406404E+000 -0.139573867529263E+003
  0.100000000000000E+001  0.292576481661627E+003  0.145648092949919E+001  0.149669342126664E+001  0.997379132116496E-001  0.314448243116965E+000 -0.131028262406404E+000 -0.146288240830814E+003
  0.100000000000000E+001  0.282969323413153E+003  0.116079417178196E+001  0.500225971508558E+000  0.781905198963467E+000  0.144463157025102E+000 -0.131028262406404E+000 -0.141484661706576E+003
  0.100000000000000E+001  0.286940357480789E+003  0.110867653129076E+001  0.575946602896838E+000  0.678988219002508E+000  0.302833690356593E+000 -0.131028262406404E+000 -0.143470178740394E+003
  0.100000000000000E+001  0.280149239347603E+003  0.252830880769730E+000  0.108699554808433E+001  0.270474675045264E-001  0.262052424813413E+000 -0.131028262406404E+000 -0.140074619673802E+003
  0.100000000000000E+001  0.302348503215235E+003  0.177247533868006E+001  0.160127781516830E+001  0.325317984520656E+000  0.410500663708842E+000 -0.131028262406404E+000 -0.151174251607617E+003
  0.100000000000000E+001  0.305911816853546E+003  0.176557800067126E+001  0.126744568942434E+001  0.961375288533615E+000  0.468008627436574E+000 -0.131028262406404E+000 -0.152955908426773E+003
  0.100000000000000E+001  0.279588823032311E+003  0.194834882329251E+000  0.891435548422979E+000  0.760476357071388E+000  0.216218776240257E+000 -0.131028262406404E+000 -0.139794411516156E+003
  0.100000000000000E+001  0.282954597793671E+003  0.520785729773571E+000  0.164667071992917E+001  0.303022686692115E+000  0.357065473300312E+000 -0.131028262406404E+000 -0.141477298896836E+003
  0.100000000000000E+001  0.281087568913567E+003  0.680849862766045E+000  0.848481950005510E+000  0.282401632572537E+000  0.144496877090507E+000 -0.131028262406404E+000 -0.140543784456784E+003
  0.100000000000000E+001  0.279953899085802E+003  0.323788873888384E+000  0.140431085624142E+001  0.701220104210360E+000  0.170153976664631E+000 -0.131028262406404E+000 -0.139976949542901E+003
  0.100000000000000E+001  0.281908467929069E+003  0.109121553971094E+001  0.120192361918918E+001  0.478696727695644E+000  0.114640691460773E+000 -0.131028262406404E+000 -0.140954233964535E+003
  0.100000000000000E+001  0.283943489288955E+003  0.111032476628868E+001  0.188747910542885E+001  0.900420014073684E+000  0.179205235877117E+000 -0.131028262406404E+000 -0.141971744644478E+003
  0.100000000000000E+001  0.287908750844486E+003  0.162184344718478E+001  0.127952593836427E+001  0.662281004157576E+000  0.192280734523294E+000 -0.131028262406404E+000 -0.143954375422243E+003
  0.100000000000000E+001  0.302444535368625E+003  0.165419021887448E+001  0.125434482699945E+001  0.732890903270860E-001  0.448121408564802E+000 -0.131028262406404E+000 -0.151222267684313E+003
  0.100000000000000E+001  0.279461981967456E+003  0.157121510253054E+000  0.119129999024148E+001  0.495522761398840E+000  0.231825174814780E+000 -0.131028262406404E+000 -0.139730990983728E+003
  0.100000000000000E+001  0.280021196930093E+003  0.493471903691778E+000  0.622101329605251E+000  0.888656120373223E+000  0.116757534102670E+000 -0.131028262406404E+000 -0.140010598465047E+003
  0.100000000000000E+001  0.282538708218256E+003  0.119457213712043E+001  0.162824706315554E+001  0.150438584450827E+000  0.122933878386147E+000 -0.131028262406404E+000 -0.141269354109128E+003
  0.100000000000000E+001  0.286273179513753E+003  0.189344628260663E+001  0.706099259981543E+000  0.565375444314154E+000  0.140866729950508E+000 -0.131028262406404E+000 -0.143136589756877E+003
  0.100000000000000E+001  0.282675954827072E+003  0.116614281949262E+001  0.143432489249165E+001  0.942679965944657E+000  0.129794562892240E+000 -0.131028262406404E+000 -0.141337977413536E+003
  0.100000000000000E+001  0.289697152569156E+003  0.139645338768036E+001  0.101872256687057E+001  0.153642729525782E+000  0.271858375949862E+000 -0.131028262406404E+000 -0.144848576284578E+003
  0.100000000000000E+001  0.284880845104900E+003  0.134606151146917E+001  0.161158505579710E+001  0.689709212008391E+000  0.166115595390281E+000 -0.131028262406404E+000 -0.142440422552450E+003
  0.100000000000000E+001  0.279372798591800E+003  0.150343224680922E+000  0.721495418267189E+000  0.900710506375345E+000  0.224197464396096E+000 -0.131028262406404E+000 -0.139686399295900E+003
  0.100000000000000E+001  0.282196820949274E+003  0.572981091174179E+000  0.683055341903854E+000  0.141049735593137E+000  0.267608978476560E+000 -0.131028262406404E+000 -0.141098410474637E+003
  0.100000000000000E+001  0.305359711440693E+003  0.193737037209997E+001  0.178263991988944E+001  0.781365920166072E+000  0.424320140818086E+000 -0.131028262406404E+000 -0.152679855720347E+003
  0.100000000000000E+001  0.287893527394153E+003  0.127095519228282E+001  0.132438227276511E+001  0.732770472041832E+000  0.252011564337007E+000 -0.131028262406404E+000 -0.143946763697076E+003
  0.100000000000000E+001  0.280515131387107E+003  0.370775169906801E+000  0.149760513314910E+001  0.329090593045550E+000  0.211696765383047E+000 -0.131028262406404E+000 -0.140257565693554E+003
  0.100000000000000E+001  0.286555470721274E+003  0.111741162157903E+001  0.175682720715711E+001  0.220257229225304E+000  0.258854858633349E+000 -0.131028262406404E+000 -0.143277735360637E+003
  0.100000000000000E+001  0.295476715345333E+003  0.152581934235670E+001  0.574541703122222E+000  0.276875909339187E-001  0.442229297825555E+000 -0.131028262406404E+000 -0.147738357672666E+003
  0.100000000000000E+001  0.279476448949008E+003  0.210372198185385E+000  0.120394856146434E+001  0.908146325970384E+000  0.170729102088709E+000 -0.131028262406404E+000 -0.139738224474504E+003
  0.100000000000000E+001  0.298426303290359E+003  0.156786006271494E+001  0.159740336020092E+001  0.551654005328050E+000  0.407200074460849E+000 -0.131028262406404E+000 -0.149213151645179E+003
  0.100000000000000E+001  0.280814884651814E+003  0.257081339475461E+000  0.937440906651306E+000  0.292901136751355E+000  0.408582950158114E+000 -0.131028262406404E+000 -0.140407442325907E+003
  0.100000000000000E+001  0.287185523446287E+003  0.860968589578730E+000  0.161766330188832E+001  0.731799096265508E+000  0.389175325566139E+000 -0.131028262406404E+000 -0.143592761723143E+003
  0.100000000000000E+001  0.280066886882767E+003  0.401349166381188E+000  0.925994325270611E+000  0.918468259277794E-001  0.148350753496447E+000 -0.131028262406404E+000 -0.140033443441384E+003
  0.100000000000000E+001  0.291745838935978E+003  0.110183603875313E+001  0.175466734491920E+001  0.298949972805086E+000  0.463937545147534E+000 -0.131028262406404E+000 -0.145872919467989E+003
  0.100000000000000E+001  0.289861584490375E+003  0.182226809322483E+001  0.608935776134365E+000  0.855030685641495E+000  0.213078828870133E+000 -0.131028262406404E+000 -0.144930792245187E+003
  0.100000000000000E+001  0.289251199188183E+003  0.103488060409742E+001  0.867620185100109E+000  0.338672197961681E+000  0.399258077296120E+000 -0.131028262406404E+000 -0.144625599594091E+003
  0.100000000000000E+001  0.287739443112950E+003  0.150852940412222E+001  0.152190083020417E+001  0.225763964021962E+000  0.204995057945437E+000 -0.131028262406404E+000 -0.143869721556475E+003
  0.100000000000000E+001  0.297431003111793E+003  0.145165614477321E+001  0.192998075121137E+001  0.877982350555372E+000  0.491931614039547E+000 -0.131028262406404E+000 -0.148715501555896E+003
  0.100000000000000E+001  0.290155685106937E+003  0.948397244264230E+000  0.159159396036902E+001  0.334066673556478E+000  0.482010220251984E+000 -0.131028262406404E+000 -0.145077842553468E+003
  0.100000000000000E+001  0.308141889850766E+003  0.197969324206301E+001  0.193919061255877E+001  0.258135173134178E+000  0.490387756368303E+000 -0.131028262406404E+000 -0.154070944925383E+003
  0.100000000000000E+001  0.280706089761074E+003  0.352375956286828E+000  0.185095606110612E+001  0.863097321670271E+000  0.259192210002396E+000 -0.131028262406404E+000 -0.140353044880537E+003
  0.100000000000000E+001  0.279917820545445E+003  0.247698902332653E+000  0.185057673859917E+001  0.719554177219816E+000  0.230165429720997E+000 -0.131028262406404E+000 -0.139958910272723E+003
  0.100000000000000E+001  0.283031772836933E+003  0.484037152153454E+000  0.700933933816006E+000  0.588653491195282E+000  0.444709068779303E+000 -0.131028262406404E+000 -0.141515886418467E+003
  0.100000000000000E+001  0.279608652890256E+003  0.210000795829791E+000  0.984186774127750E+000  0.774166607271964E+000  0.201376835773450E+000 -0.131028262406404E+000 -0.139804326445128E+003
  0.100000000000000E+001  0.294805449762505E+003  0.129049137510284E+001  0.157700749571361E+001  0.496189973725076E+000  0.436964083211820E+000 -0.131028262406404E+000 -0.147402724881253E+003
  0.100000000000000E+001  0.288040586220247E+003  0.147572447165931E+001  0.114451986371871E+001  0.260595555859248E+000  0.217133243308711E+000 -0.131028262406404E+000 -0.144020293110123E+003
  0.100000000000000E+001  0.283730120149476E+003  0.525928501236960E+000  0.174288126334747E+001  0.801265591453727E-001  0.459859771780300E+000 -0.131028262406404E+000 -0.141865060074738E+003
  0.100000000000000E+001  0.282798766539764E+003  0.143103736877991E+001  0.157044890749830E+001  0.170199453727867E+000  0.108016803367374E+000 -0.131028262406404E+000 -0.141399383269882E+003
  0.100000000000000E+001  0.285151313519347E+003  0.139704065027895E+001  0.745672895199155E+000  0.654999126857569E+000  0.169875329542696E+000 -0.131028262406404E+000 -0.142575656759673E+003
  0.100000000000000E+001  0.280074068881047E+003  0.350374527351494E+000  0.149721353979117E+001  0.330281576800921E+000  0.171036898297895E+000 -0.131028262406404E+000 -0.140037034440523E+003
  0.100000000000000E+001  0.281063830651245E+003  0.495696076663116E+000  0.146228958945847E+001  0.151039739366241E+000  0.198955048902823E+000 -0.131028262406404E+000 -0.140531915325622E+003
  0.100000000000000E+001  0.289471258084199E+003  0.129465687691686E+001  0.859713677951662E+000  0.688249101119027E-001  0.300999016248199E+000 -0.131028262406404E+000 -0.144735629042099E+003
  0.100000000000000E+001  0.291192442115984E+003  0.197357418166091E+001  0.157363445239882E+001  0.761124571455994E+000  0.201839852719013E+000 -0.131028262406404E+000 -0.145596221057992E+003
  0.100000000000000E+001  0.305219349497847E+003  0.179844446870428E+001  0.142612402590961E+001  0.864656940424485E+000  0.443144209789044E+000 -0.131028262406404E+000 -0.152609674748923E+003
  0.100000000000000E+001  0.291920498667650E+003  0.159800939787721E+001  0.162517467916149E+001  0.233324765942272E+000  0.270842382032513E+000 -0.131028262406404E+000 -0.145960249333825E+003
  0.100000000000000E+001  0.287691058139678E+003  0.958073720916357E+000  0.654620233547005E+000  0.804528163947752E+000  0.406351609609722E+000 -0.131028262406404E+000 -0.143845529069839E+003
  0.100000000000000E+001  0.281321601304108E+003  0.619918735635182E+000  0.153194004605231E+001  0.279098371249606E+000  0.172531078769454E+000 -0.131028262406404E+000 -0.140660800652054E+003
  0.100000000000000E+001  0.279052717354299E+003  0.173135204495294E+000  0.101963878107458E+001  0.608758221315809E+000  0.102968697345537E+000 -0.131028262406404E+000 -0.139526358677149E+003
  0.100000000000000E+001  0.285945952364211E+003  0.724762907078556E+000  0.183418660222302E+001  0.884633539418529E+000  0.457305863411919E+000 -0.131028262406404E+000 -0.142972976182106E+003
  0.100000000000000E+001  0.290220221610544E+003  0.100191959925729E+001  0.100939919717536E+001  0.177252086785165E+000  0.443441948545785E+000 -0.131028262406404E+000 -0.145110110805272E+003
  0.100000000000000E+001  0.295409303131532E+003  0.183629999800031E+001  0.158370070868744E+001  0.620437653797260E+000  0.281951844042036E+000 -0.131028262406404E+000 -0.147704651565766E+003
  0.100000000000000E+001  0.279587321585168E+003  0.393976303321615E+000  0.671439189240840E+000  0.755786151612246E+000  0.101275555196709E+000 -0.131028262406404E+000 -0.139793660792584E+003
  0.100000000000000E+001  0.305967724371907E+003  0.178987379212558E+001  0.176199618084697E+001  0.293615392148894E-003  0.493659959306728E+000 -0.131028262406404E+000 -0.152983862185954E+003
  0.100000000000000E+001  0.288341957840564E+003  0.123298396400364E+001  0.861770424898139E+000  0.830948671363692E+000  0.286211989121655E+000 -0.131028262406404E+000 -0.144170978920282E+003
  0.100000000000000E+001  0.306535815390622E+003  0.181383865037512E+001  0.126911812826601E+001  0.724438433332355E+000  0.460125167628817E+000 -0.131028262406404E+000 -0.153267907695311E+003
  0.100000000000000E+001  0.285466425999158E+003  0.719490081271015E+000  0.555192915394665E+000  0.471631760501220E+000  0.475634032545097E+000 -0.131028262406404E+000 -0.142733212999579E+003
  0.100000000000000E+001  0.294889293677164E+003  0.155140097348117E+001  0.575170865986343E+000  0.212306864224034E+000  0.410660404377457E+000 -0.131028262406404E+000 -0.147444646838582E+003
  0.100000000000000E+001  0.282170274229009E+003  0.741618131168189E+000  0.197524532555575E+001  0.864614527216978E+000  0.191562918714892E+000 -0.131028262406404E+000 -0.141085137114504E+003
  0.100000000000000E+001  0.293927123057803E+003  0.126257095682997E+001  0.196248255747825E+001  0.457562967196065E+000  0.497116896986921E+000 -0.131028262406404E+000 -0.146963561528901E+003
  0.100000000000000E+001  0.284115473909177E+003  0.175880358999986E+001  0.148966898501310E+001  0.476970832746659E+000  0.111483072727641E+000 -0.131028262406404E+000 -0.142057736954588E+003
  0.100000000000000E+001  0.279942221424108E+003  0.188037996634821E+000  0.561060468588654E+000  0.722099202533317E+000  0.368965616458301E+000 -0.131028262406404E+000 -0.139971110712054E+003
  0.100000000000000E+001  0.282348492270331E+003  0.421542038932263E+000  0.194617927654876E+001  0.896029927720885E+000  0.484719850978817E+000 -0.131028262406404E+000 -0.141174246135165E+003
  0.100000000000000E+001  0.280739705734882E+003  0.651130541590524E+000  0.930775373787698E+000  0.681094399652697E+000  0.129951893736423E+000 -0.131028262406404E+000 -0.140369852867441E+003
  0.100000000000000E+001  0.286065014477132E+003  0.726009617507497E+000  0.773418627065869E+000  0.423588156618986E+000  0.457092691419956E+000 -0.131028262406404E+000 -0.143032507238566E+003
  0.100000000000000E+001  0.283347176000822E+003  0.130238670721855E+001  0.181684456665479E+001  0.763084378483537E+000  0.134157631728424E+000 -0.131028262406404E+000 -0.141673588000411E+003
  0.100000000000000E+001  0.281181413495556E+003  0.448493312075112E+000  0.104656993156606E+001  0.260867149647934E-001  0.235924338943643E+000 -0.131028262406404E+000 -0.140590706747778E+003
  0.100000000000000E+001  0.281088588371485E+003  0.261600845906072E+000  0.159562742975153E+001  0.581368534778446E+000  0.491853811007772E+000 -0.131028262406404E+000 -0.140544294185743E+003
  0.100000000000000E+001  0.286399968874435E+003  0.685801943325536E+000  0.928475063616564E+000  0.474231803332586E+000  0.495391844967147E+000 -0.131028262406404E+000 -0.143199984437217E+003
  0.100000000000000E+001  0.283828972589095E+003  0.169425981150206E+001  0.889717945406738E+000  0.957531079934214E+000  0.111264876805336E+000 -0.131028262406404E+000 -0.141914486294547E+003
  0.100000000000000E+001  0.286894189255192E+003  0.143655616839822E+001  0.862280239077342E+000  0.669862889097356E+000  0.203294013025313E+000 -0.131028262406404E+000 -0.143447094627596E+003
  0.100000000000000E+001  0.281325406489561E+003  0.467617374757766E+000  0.117908394605842E+001  0.519173088882467E+000  0.236296141736298E+000 -0.131028262406404E+000 -0.140662703244780E+003
  0.100000000000000E+001  0.283884229988640E+003  0.637662404003981E+000  0.167835274469758E+001  0.230338768235562E+000  0.340993933254231E+000 -0.131028262406404E+000 -0.141942114994320E+003
  0.100000000000000E+001  0.282247398097058E+003  0.489353502375654E+000  0.127228777026384E+001  0.671138036766066E+000  0.305832756548118E+000 -0.131028262406404E+000 -0.141123699048529E+003
  0.100000000000000E+001  0.308137790284164E+003  0.185860157443132E+001  0.172862693805169E+001  0.553967369891760E+000  0.499434333804928E+000 -0.131028262406404E+000 -0.154068895142082E+003
  0.100000000000000E+001  0.291342151413391E+003  0.106503737062810E+001  0.151627193343572E+001  0.493074251592418E+000  0.441325931248029E+000 -0.131028262406404E+000 -0.145671075706696E+003
  0.100000000000000E+001  0.285918356589171E+003  0.924133520337498E+000  0.977699888375960E+000  0.251271420537303E+000  0.300328217160119E+000 -0.131028262406404E+000 -0.142959178294585E+003
  0.100000000000000E+001  0.303393939335516E+003  0.199552900881916E+001  0.869813593945628E+000  0.116732705610160E+000  0.387472880408996E+000 -0.131028262406404E+000 -0.151696969667758E+003
  0.100000000000000E+001  0.282291429377460E+003  0.588747866211223E+000  0.129169995862092E+001  0.861972288111630E+000  0.247953718797179E+000 -0.131028262406404E+000 -0.141145714688730E+003
  0.100000000000000E+001  0.282305243145019E+003  0.443801467191036E+000  0.166153588335704E+001  0.664899103152676E+000  0.368626178136664E+000 -0.131028262406404E+000 -0.141152621572510E+003
  0.100000000000000E+001  0.286748264139644E+003  0.172015239742811E+001  0.174046322656471E+001  0.104298304629824E-001  0.161835785877873E+000 -0.131028262406404E+000 -0.143374132069822E+003
  0.100000000000000E+001  0.287337733273056E+003  0.778938617540438E+000  0.969205478931308E+000  0.803007902430505E+000  0.464733188759009E+000 -0.131028262406404E+000 -0.143668866636528E+003
  0.100000000000000E+001  0.283597955502003E+003  0.761501085645678E+000  0.148902221839084E+001  0.784253722900794E+000  0.251153608060415E+000 -0.131028262406404E+000 -0.141798977751001E+003
  0.100000000000000E+001  0.283657852673578E+003  0.827530296318839E+000  0.109796272456206E+001  0.704898394856712E-002  0.232299799138901E+000 -0.131028262406404E+000 -0.141828926336789E+003
  0.100000000000000E+001  0.289386372952776E+003  0.116423997736672E+001  0.174922516621728E+001  0.125270532962435E-001  0.335561266286049E+000 -0.131028262406404E+000 -0.144693186476388E+003
  0.100000000000000E+001  0.289383429280038E+003  0.181667538359334E+001  0.132734754503451E+001  0.170480321105562E+000  0.192982086557716E+000 -0.131028262406404E+000 -0.144691714640019E+003
  0.100000000000000E+001  0.290187504313113E+003  0.110147951206869E+001  0.862514958863539E+000  0.921089229164252E+000  0.402363787276083E+000 -0.131028262406404E+000 -0.145093752156556E+003
  0.100000000000000E+001  0.286256536105244E+003  0.791340632519192E+000  0.840183172468825E+000  0.575231809030803E+000  0.403469112902669E+000 -0.131028262406404E+000 -0.143128268052622E+003
  0.100000000000000E+001  0.282675981397119E+003  0.579409110048709E+000  0.177447376894169E+001  0.505048368615290E+000  0.291581588604377E+000 -0.131028262406404E+000 -0.141337990698560E+003
  0.100000000000000E+001  0.295844885752246E+003  0.157895480799851E+001  0.177383573217835E+001  0.299776745260796E+000  0.361285483000728E+000 -0.131028262406404E+000 -0.147922442876123E+003
  0.100000000000000E+001  0.296898626978737E+003  0.143458433771146E+001  0.760310567009528E+000  0.824786582698792E+000  0.477823194272745E+000 -0.131028262406404E+000 -0.148449313489368E+003
  0.100000000000000E+001  0.279725162426407E+003  0.386503366079742E+000  0.186859032880972E+001  0.784563040203491E+000  0.117774242554219E+000 -0.131028262406404E+000 -0.139862581213203E+003
  0.100000000000000E+001  0.283015797375614E+003  0.101630325793846E+001  0.765229709959666E+000  0.203938739872776E+000  0.165476263636006E+000 -0.131028262406404E+000 -0.141507898687807E+003
  0.100000000000000E+001  0.282724297204383E+003  0.623218192843986E+000  0.198161020946473E+001  0.640735004812388E+000  0.281046295917317E+000 -0.131028262406404E+000 -0.141362148602191E+003
  0.100000000000000E+001  0.298472232120777E+003  0.159040181681917E+001  0.124879539622325E+001  0.461071582748223E+000  0.394094029405156E+000 -0.131028262406404E+000 -0.149236116060388E+003
  0.100000000000000E+001  0.295183895066075E+003  0.145038861567057E+001  0.585602259433010E+000  0.697630239187081E+000  0.467415955830990E+000 -0.131028262406404E+000 -0.147591947533037E+003
  0.100000000000000E+001  0.292891196280690E+003  0.133280695218993E+001  0.682911370885557E+000  0.808609563628521E+000  0.417836452158129E+000 -0.131028262406404E+000 -0.146445598140345E+003
  0.100000000000000E+001  0.288376759200645E+003  0.945069932979650E+000  0.684069563790403E+000  0.323270067241444E+000  0.448241647456014E+000 -0.131028262406404E+000 -0.144188379600323E+003
  0.100000000000000E+001  0.280034144585232E+003  0.174798527707346E+000  0.762882144471167E+000  0.415699501438953E+000  0.414410008972150E+000 -0.131028262406404E+000 -0.140017072292616E+003
  0.100000000000000E+001  0.286634379200714E+003  0.183648058280674E+001  0.179240609165429E+001  0.535820010993794E+000  0.149330212275067E+000 -0.131028262406404E+000 -0.143317189600357E+003
  0.100000000000000E+001  0.300932975644177E+003  0.157492982480517E+001  0.903664267704681E+000  0.583782146172268E+000  0.484805073903846E+000 -0.131028262406404E+000 -0.150466487822089E+003
  0.100000000000000E+001  0.280221571570263E+003  0.198006562049149E+000  0.787841436318982E+000  0.171756761320076E+000  0.406620308102549E+000 -0.131028262406404E+000 -0.140110785785131E+003
  0.100000000000000E+001  0.280929505708612E+003  0.455930488684807E+000  0.109598757556337E+001  0.696783737134601E+000  0.207009172093240E+000 -0.131028262406404E+000 -0.140464752854306E+003
  0.100000000000000E+001  0.279661393139583E+003  0.114658529687715E+000  0.856234685556391E+000  0.593609668085698E+000  0.484954808090420E+000 -0.131028262406404E+000 -0.139830696569792E+003
  0.100000000000000E+001  0.297418415010455E+003  0.162709561138799E+001  0.118702435709783E+001  0.945831525274131E+000  0.364384219307804E+000 -0.131028262406404E+000 -0.148709207505227E+003
  0.100000000000000E+001  0.280815376727968E+003  0.350598365160088E+000  0.181401263048300E+001  0.397613469886703E+000  0.275582378742133E+000 -0.131028262406404E+000 -0.140407688363984E+003
  0.100000000000000E+001  0.299445542750770E+003  0.167918485594897E+001  0.688827577896721E+000  0.842154220221934E+000  0.452276521968413E+000 -0.131028262406404E+000 -0.149722771375385E+003
  0.100000000000000E+001  0.289337538652193E+003  0.935932320940283E+000  0.757826426052620E+000  0.674921481499150E+000  0.491204764138175E+000 -0.131028262406404E+000 -0.144668769326096E+003
  0.100000000000000E+001  0.282811345842136E+003  0.735215762809968E+000  0.144686151013100E+001  0.688651593392770E+000  0.220005006195876E+000 -0.131028262406404E+000 -0.141405672921068E+003
  0.100000000000000E+001  0.300345731934895E+003  0.184440547013890E+001  0.579751052025172E+000  0.592074283457834E-001  0.439404029648838E+000 -0.131028262406404E+000 -0.150172865967448E+003
  0.100000000000000E+001  0.280796444818132E+003  0.422744751988881E+000  0.145896741198440E+001  0.320149661023568E+000  0.210882291570614E+000 -0.131028262406404E+000 -0.140398222409066E+003
  0.100000000000000E+001  0.284756677393693E+003  0.140707869215273E+001  0.599418645670536E+000  0.134462894679047E-001  0.161080296230747E+000 -0.131028262406404E+000 -0.142378338696847E+003
  0.100000000000000E+001  0.285037132978104E+003  0.125774677678407E+001  0.623371937819175E+000  0.404195677670399E+000  0.191235899192228E+000 -0.131028262406404E+000 -0.142518566489052E+003
  0.100000000000000E+001  0.291164696798609E+003  0.135108228042089E+001  0.167444734760695E+001  0.699076281315080E+000  0.317583616639096E+000 -0.131028262406404E+000 -0.145582348399304E+003
  0.100000000000000E+001  0.283716682097964E+003  0.163467801569918E+001  0.136894007177303E+001  0.646312152332530E+000  0.112419986154896E+000 -0.131028262406404E+000 -0.141858341048982E+003
  0.100000000000000E+001  0.280044334910036E+003  0.217650410125036E+000  0.175619058368289E+001  0.280846312231283E+000  0.300383587151858E+000 -0.131028262406404E+000 -0.140022167455018E+003
  0.100000000000000E+001  0.280628854761414E+003  0.786788084959287E+000  0.538470465353633E+000  0.237344200880620E+000  0.102483978346684E+000 -0.131028262406404E+000 -0.140314427380707E+003
  0.100000000000000E+001  0.283894126076326E+003  0.615099583979416E+000  0.125249159573001E+001  0.858417292386901E+000  0.346574023532717E+000 -0.131028262406404E+000 -0.141947063038163E+003
  0.100000000000000E+001  0.282914172525408E+003  0.577788233583998E+000  0.147601018941291E+001  0.415626368628690E+000  0.300399354198207E+000 -0.131028262406404E+000 -0.141457086262704E+003
  0.100000000000000E+001  0.287786838580174E+003  0.120851673719345E+001  0.182946574730865E+001  0.835499380481651E+000  0.274280334457362E+000 -0.131028262406404E+000 -0.143893419290087E+003
  0.100000000000000E+001  0.289270878176256E+003  0.930232631160347E+000  0.113774929150069E+001  0.298007877971439E-001  0.437826962592297E+000 -0.131028262406404E+000 -0.144635439088128E+003
  0.100000000000000E+001  0.287471499453173E+003  0.760739324613377E+000  0.130387894765412E+001  0.301378237688416E+000  0.471778806949505E+000 -0.131028262406404E+000 -0.143735749726587E+003
  0.100000000000000E+001  0.282419364734887E+003  0.523874187163954E+000  0.129431670350101E+001  0.103647978551682E+000  0.295569724836787E+000 -0.131028262406404E+000 -0.141209682367444E+003
  0.100000000000000E+001  0.282285531744611E+003  0.843300401362315E+000  0.629874547532295E+000  0.485387532633743E+000  0.172697380780188E+000 -0.131028262406404E+000 -0.141142765872306E+003
  0.100000000000000E+001  0.290061227534940E+003  0.101187189040979E+001  0.164059258358431E+001  0.500083569102391E+000  0.432510280474973E+000 -0.131028262406404E+000 -0.145030613767470E+003
  0.100000000000000E+001  0.279808442382036E+003  0.351039368578398E+000  0.164356864446117E+001  0.117464576769692E+000  0.139370620344681E+000 -0.131028262406404E+000 -0.139904221191018E+003
  0.100000000000000E+001  0.293215602921040E+003  0.137123073486896E+001  0.182942464578627E+001  0.640691319919333E+000  0.377705831599487E+000 -0.131028262406404E+000 -0.146607801460520E+003
  0.100000000000000E+001  0.285141546427952E+003  0.141432471787233E+001  0.169028892462004E+001  0.841052839056260E+000  0.163884325535434E+000 -0.131028262406404E+000 -0.142570773213976E+003
  0.100000000000000E+001  0.290040125455643E+003  0.134887493308182E+001  0.199391598502168E+001  0.866460322965836E+000  0.310111316926713E+000 -0.131028262406404E+000 -0.145020062727822E+003
  0.100000000000000E+001  0.294053818808273E+003  0.197499561689598E+001  0.174672403432887E+001  0.477216717746843E+000  0.243432995664495E+000 -0.131028262406404E+000 -0.147026909404137E+003
  0.100000000000000E+001  0.299314862181460E+003  0.166766858251756E+001  0.174752587000032E+001  0.124109315244009E+000  0.402037129964695E+000 -0.131028262406404E+000 -0.149657431090730E+003
  0.100000000000000E+001  0.283118752815898E+003  0.468140391781244E+000  0.154874782061395E+001  0.466591953642943E+000  0.433815417867101E+000 -0.131028262406404E+000 -0.141559376407949E+003
  0.100000000000000E+001  0.286135846796573E+003  0.105351430574806E+001  0.958777662546283E+000  0.683992699145742E+000  0.263859161328767E+000 -0.131028262406404E+000 -0.143067923398286E+003
  0.100000000000000E+001  0.287596299372772E+003  0.108960426170394E+001  0.125285212724777E+001  0.449106392450619E+000  0.293749691239154E+000 -0.131028262406404E+000 -0.143798149686386E+003
  0.100000000000000E+001  0.300335457090338E+003  0.196224015074544E+001  0.154261529669164E+001  0.731320682857188E+000  0.326359029846271E+000 -0.131028262406404E+000 -0.150167728545169E+003
  0.100000000000000E+001  0.279330001294490E+003  0.130552482400506E+000  0.193589867556156E+001  0.569736818311955E+000  0.250858501758278E+000 -0.131028262406404E+000 -0.139665000647245E+003
  0.100000000000000E+001  0.291306925027521E+003  0.165849947489592E+001  0.141241033629197E+001  0.757799938118198E+000  0.246323582220957E+000 -0.131028262406404E+000 -0.145653462513761E+003
  0.100000000000000E+001  0.297371889144952E+003  0.146807427014530E+001  0.170079169835039E+001  0.744802272206017E+000  0.434152489931021E+000 -0.131028262406404E+000 -0.148685944572476E+003
  0.100000000000000E+001  0.285526120881565E+003  0.181419977983160E+001  0.154106851371267E+001  0.928579577423047E+000  0.131933693135588E+000 -0.131028262406404E+000 -0.142763060440782E+003
  0.100000000000000E+001  0.280491902874708E+003  0.333931155261196E+000  0.535729275216641E+000  0.643527491374367E+000  0.258892082099233E+000 -0.131028262406404E+000 -0.140245951437354E+003
  0.100000000000000E+001  0.296775990284598E+003  0.170577370115998E+001  0.157079986116701E+001  0.177038588398177E+000  0.331649276005370E+000 -0.131028262406404E+000 -0.148387995142299E+003
  0.100000000000000E+001  0.288970797074797E+003  0.928634106337759E+000  0.118174600825838E+001  0.860656904963897E+000  0.422772620306748E+000 -0.131028262406404E+000 -0.144485398537399E+003
  0.100000000000000E+001  0.283284953453721E+003  0.140321311796937E+001  0.188606934087992E+001  0.295534732552966E+000  0.122796166090218E+000 -0.131028262406404E+000 -0.141642476726861E+003
  0.100000000000000E+001  0.291496383849310E+003  0.124281818888767E+001  0.148289561022059E+001  0.556190579970191E+000  0.356388034729642E+000 -0.131028262406404E+000 -0.145748191924655E+003
  0.100000000000000E+001  0.279866466808592E+003  0.325094514810213E+000  0.107357378202502E+001  0.275066992001051E+000  0.158663040076462E+000 -0.131028262406404E+000 -0.139933233404296E+003
  0.100000000000000E+001  0.283034937429131E+003  0.582364373977761E+000  0.140703711570702E+001  0.976022462033441E+000  0.305541924759745E+000 -0.131028262406404E+000 -0.141517468714565E+003
  0.100000000000000E+001  0.282642928931886E+003  0.141695535167373E+001  0.136915498176427E+001  0.913854771711851E-001  0.105308312834487E+000 -0.131028262406404E+000 -0.141321464465943E+003
  0.100000000000000E+001  0.307762704445538E+003  0.187844027294190E+001  0.116172452121773E+001  0.465016091320088E+000  0.461806240760515E+000 -0.131028262406404E+000 -0.153881352222769E+003
  0.100000000000000E+001  0.288222415242979E+003  0.119869079775920E+001  0.192844547161413E+001  0.333041255776301E+000  0.297246567137697E+000 -0.131028262406404E+000 -0.144111207621490E+003
  0.100000000000000E+001  0.295837525255655E+003  0.195687329039260E+001  0.150642190974580E+001  0.270025653362135E+000  0.266196458456379E+000 -0.131028262406404E+000 -0.147918762627827E+003
  0.100000000000000E+001  0.283690319629618E+003  0.111491994382611E+001  0.729165968237211E+000  0.407580198032774E+000  0.172014282373073E+000 -0.131028262406404E+000 -0.141845159814809E+003
  0.100000000000000E+001  0.295998699447839E+003  0.140361384351687E+001  0.143843577559910E+001  0.939225735963058E+000  0.409323492704705E+000 -0.131028262406404E+000 -0.147999349723919E+003
  0.100000000000000E+001  0.280099455845845E+003  0.165391685820481E+000  0.142799568976924E+001  0.751101885103904E+000  0.449936979904615E+000 -0.131028262406404E+000 -0.140049727922922E+003
  0.100000000000000E+001  0.284185369559177E+003  0.191349063393856E+001  0.535235096306984E+000  0.322985565177755E-001  0.105360732345353E+000 -0.131028262406404E+000 -0.142092684779589E+003
  0.100000000000000E+001  0.286719247206038E+003  0.127777379802463E+001  0.767742778984713E+000  0.417553580738061E+000  0.231612540893631E+000 -0.131028262406404E+000 -0.143359623603019E+003
  0.100000000000000E+001  0.280384464967157E+003  0.346852573221073E+000  0.195099507247232E+001  0.464184550688878E+000  0.220841907827321E+000 -0.131028262406404E+000 -0.140192232483578E+003
  0.100000000000000E+001  0.284724646932976E+003  0.553973001095419E+000  0.135386213149093E+001  0.253794305156579E+000  0.485963106621787E+000 -0.131028262406404E+000 -0.142362323466488E+003
  0.100000000000000E+001  0.295140414416307E+003  0.191899558968643E+001  0.116215679252805E+001  0.943649237904081E-001  0.264485419689742E+000 -0.131028262406404E+000 -0.147570207208153E+003
  0.100000000000000E+001  0.281314657877177E+003  0.357677041386255E+000  0.165208099967630E+001  0.482183836350276E+000  0.335315908003289E+000 -0.131028262406404E+000 -0.140657328938589E+003
  0.100000000000000E+001  0.292203099030938E+003  0.119786779179535E+001  0.168393866075574E+001  0.970132903920720E+000  0.410781377419763E+000 -0.131028262406404E+000 -0.146101549515469E+003
  0.100000000000000E+001  0.286564216375535E+003  0.871428490482615E+000  0.135487556682918E+001  0.113903621053247E+000  0.342911838899440E+000 -0.131028262406404E+000 -0.143282108187767E+003
  0.100000000000000E+001  0.279363174301811E+003  0.204614885829836E+000  0.150105943247434E+001  0.573568083092115E+000  0.151608705958240E+000 -0.131028262406404E+000 -0.139681587150905E+003
  0.100000000000000E+001  0.280598415986439E+003  0.232589890454614E+000  0.175307424032273E+001  0.120425587967094E+000  0.448480948056952E+000 -0.131028262406404E+000 -0.140299207993219E+003
  0.100000000000000E+001  0.287785297862134E+003  0.183503717796060E+001  0.154317964277256E+001  0.251345554982754E+000  0.166513702461177E+000 -0.131028262406404E+000 -0.143892648931067E+003
  0.100000000000000E+001  0.284932018107942E+003  0.737771894669940E+000  0.134249869424900E+001  0.556802190696793E+000  0.332766981887259E+000 -0.131028262406404E+000 -0.142466009053971E+003
  0.100000000000000E+001  0.281371624350600E+003  0.278754241941241E+000  0.134933121812683E+001  0.587820208775476E+000  0.483688433899942E+000 -0.131028262406404E+000 -0.140685812175300E+003
  0.100000000000000E+001  0.280975442311503E+003  0.243224267872914E+000  0.146504344290706E+001  0.124273410555901E+000  0.494947279629039E+000 -0.131028262406404E+000 -0.140487721155751E+003
  0.100000000000000E+001  0.283026338989621E+003  0.700537305784407E+000  0.622600486995406E+000  0.426104302579170E+000  0.266089120644681E+000 -0.131028262406404E+000 -0.141513169494810E+003
  0.100000000000000E+001  0.279664820008311E+003  0.254120897086117E+000  0.159738584727743E+001  0.563853705664852E+000  0.172273848372180E+000 -0.131028262406404E+000 -0.139832410004156E+003
  0.100000000000000E+001  0.280497103553270E+003  0.280193672721882E+000  0.845528973027521E+000  0.271581424256762E+000  0.303326754053814E+000 -0.131028262406404E+000 -0.140248551776635E+003
  0.100000000000000E+001  0.290307541428824E+003  0.107691005465310E+001  0.965217302080551E+000  0.654969187466243E+000  0.407580684083530E+000 -0.131028262406404E+000 -0.145153770714412E+003
  0.100000000000000E+001  0.279999051845294E+003  0.548309542264849E+000  0.177810189365843E+001  0.998750733534426E+000  0.101798612800242E+000 -0.131028262406404E+000 -0.139999525922647E+003
  0.100000000000000E+001  0.285525433117992E+003  0.640436050035683E+000  0.929135616423882E+000  0.211699232525960E-001  0.473352921576055E+000 -0.131028262406404E+000 -0.142762716558996E+003
  0.100000000000000E+001  0.286043154452800E+003  0.115403021882000E+001  0.777738433961633E+000  0.171259936562027E+000  0.239856790238560E+000 -0.131028262406404E+000 -0.143021577226400E+003
  0.100000000000000E+001  0.285635773957676E+003  0.725652553214420E+000  0.966872786081570E+000  0.331356171835473E+000  0.397998622772077E+000 -0.131028262406404E+000 -0.142817886978838E+003
  0.100000000000000E+001  0.293940480614584E+003  0.130480964324517E+001  0.172676994987702E+001  0.610009352193848E-001  0.418048045403011E+000 -0.131028262406404E+000 -0.146970240307292E+003
  0.100000000000000E+001  0.279636467423669E+003  0.160351942377969E+000  0.191153669012974E+001  0.312872697251962E+000  0.305745021994921E+000 -0.131028262406404E+000 -0.139818233711834E+003
  0.100000000000000E+001  0.302125940174661E+003  0.165706815883237E+001  0.163875455644991E+001  0.525087377666422E+000  0.454099232554601E+000 -0.131028262406404E+000 -0.151062970087330E+003
  0.100000000000000E+001  0.281151818011275E+003  0.415621708032557E+000  0.185571525782557E+001  0.340092548387173E+000  0.263746803299068E+000 -0.131028262406404E+000 -0.140575909005637E+003
  0.100000000000000E+001  0.285796224743849E+003  0.678702577677868E+000  0.142170254879122E+001  0.508361635830416E+000  0.436436474120360E+000 -0.131028262406404E+000 -0.142898112371925E+003
  0.100000000000000E+001  0.284791491403834E+003  0.101692494244737E+001  0.586234431430071E+000  0.131532667358411E+000  0.240855868665811E+000 -0.131028262406404E+000 -0.142395745701917E+003
  0.100000000000000E+001  0.279588028587696E+003  0.329966568866594E+000  0.618296243407349E+000  0.236152845682784E+000  0.122655794884133E+000 -0.131028262406404E+000 -0.139794014293848E+003
  0.100000000000000E+001  0.284260992165732E+003  0.772720156970448E+000  0.130193452544799E+001  0.148437798646713E+000  0.279334661372953E+000 -0.131028262406404E+000 -0.142130496082866E+003
  0.100000000000000E+001  0.279143757949658E+003  0.209040568307933E+000  0.122829315040910E+001  0.615411183569351E+000  0.103094237790694E+000 -0.131028262406404E+000 -0.139571878974829E+003
  0.100000000000000E+001  0.281320611435691E+003  0.489573194044303E+000  0.172812043543436E+001  0.731615093374879E+000  0.227417035818231E+000 -0.131028262406404E+000 -0.140660305717845E+003
  0.100000000000000E+001  0.295535496393535E+003  0.158258466513206E+001  0.186619396406544E+001  0.931185649149358E+000  0.362364155524161E+000 -0.131028262406404E+000 -0.147767748196767E+003
  0.100000000000000E+001  0.287016207983917E+003  0.113439280666091E+001  0.126638147713380E+001  0.274807887977061E+000  0.262364034903312E+000 -0.131028262406404E+000 -0.143508103991958E+003
  0.100000000000000E+001  0.282290183388047E+003  0.464449775575979E+000  0.969772447420974E+000  0.854123527576022E+000  0.341307817081659E+000 -0.131028262406404E+000 -0.141145091694024E+003
  0.100000000000000E+001  0.290834738062286E+003  0.121611089013617E+001  0.550733648949155E+000  0.475381828522212E+000  0.434550381369660E+000 -0.131028262406404E+000 -0.145417369031143E+003
  0.100000000000000E+001  0.281344612937860E+003  0.859602711350528E+000  0.916204499105366E+000  0.137873913757696E+000  0.123828426738136E+000 -0.131028262406404E+000 -0.140672306468930E+003
  0.100000000000000E+001  0.280050635835415E+003  0.179384706303869E+000  0.144373300404608E+001  0.655100673561134E-001  0.376178980360758E+000 -0.131028262406404E+000 -0.140025317917707E+003
  0.100000000000000E+001  0.278872603557272E+003  0.102500162351605E+000  0.120594055285855E+001  0.160541851004841E+000  0.100001752588832E+000 -0.131028262406404E+000 -0.139436301778636E+003
  0.100000000000000E+001  0.283447506775237E+003  0.168131723647868E+001  0.125031208824177E+001  0.114114351372480E+000  0.104112670228152E+000 -0.131028262406404E+000 -0.141723753387618E+003
  0.100000000000000E+001  0.284669066949619E+003  0.108657943082086E+001  0.183295506962726E+001  0.734660332753668E-001  0.206778450997094E+000 -0.131028262406404E+000 -0.142334533474809E+003
  0.100000000000000E+001  0.288004727486779E+003  0.119359655358197E+001  0.850869427234785E+000  0.816974655519846E+000  0.288372116322101E+000 -0.131028262406404E+000 -0.144002363743389E+003
  0.100000000000000E+001  0.282862084946531E+003  0.415467884626771E+000  0.107259395266886E+001  0.725464635291998E+000  0.470737173997956E+000 -0.131028262406404E+000 -0.141431042473266E+003
  0.100000000000000E+001  0.289869417797919E+003  0.120792329663327E+001  0.136701921150839E+001  0.896837635265660E+000  0.321795995649698E+000 -0.131028262406404E+000 -0.144934708898960E+003
  0.100000000000000E+001  0.287525863636423E+003  0.117541762755851E+001  0.137093987316087E+001  0.394887878081262E+000  0.265685578343271E+000 -0.131028262406404E+000 -0.143762931818211E+003
  0.100000000000000E+001  0.279879681778161E+003  0.390974612781236E+000  0.126960136824795E+001  0.324638592201354E+000  0.131466404412873E+000 -0.131028262406404E+000 -0.139939840889080E+003
  0.100000000000000E+001  0.280749545575545E+003  0.583034231189146E+000  0.129338871715285E+001  0.448990381735716E+000  0.145514517482614E+000 -0.131028262406404E+000 -0.140374772787772E+003
  0.100000000000000E+001  0.292013969404105E+003  0.115324554225319E+001  0.165367108590686E+001  0.987165343850811E+000  0.425688138093406E+000 -0.131028262406404E+000 -0.146006984702052E+003
  0.100000000000000E+001  0.293908748703737E+003  0.132957391590872E+001  0.193699225758126E+001  0.515868488309718E+000  0.440707725607121E+000 -0.131028262406404E+000 -0.146954374351869E+003
  0.100000000000000E+001  0.282129905799204E+003  0.481727711159791E+000  0.149117934233912E+001  0.858264457568896E+000  0.302492702980984E+000 -0.131028262406404E+000 -0.141064952899602E+003
  0.100000000000000E+001  0.284702138190380E+003  0.982155270871148E+000  0.177681680386304E+001  0.224670327100692E+000  0.232616655750536E+000 -0.131028262406404E+000 -0.142351069095190E+003
  0.100000000000000E+001  0.280067308059884E+003  0.320146001076576E+000  0.132848174302647E+001  0.282065525543371E+000  0.187377511398884E+000 -0.131028262406404E+000 -0.140033654029942E+003
  0.100000000000000E+001  0.283504668529662E+003  0.800186788432932E+000  0.144183623620403E+001  0.426916597111881E+000  0.232394542990059E+000 -0.131028262406404E+000 -0.141752334264831E+003
  0.100000000000000E+001  0.283762019396222E+003  0.748079632505441E+000  0.861381849291888E+000  0.706743819240730E+000  0.275379039448503E+000 -0.131028262406404E+000 -0.141881009698111E+003
  0.100000000000000E+001  0.283708682493632E+003  0.583516550608667E+000  0.673154671829834E+000  0.883763084656761E+000  0.409238260380188E+000 -0.131028262406404E+000 -0.141854341246816E+003
  0.100000000000000E+001  0.292506201320386E+003  0.113103518954288E+001  0.157093123686510E+001  0.864369699580603E+000  0.449901658698641E+000 -0.131028262406404E+000 -0.146253100660193E+003
  0.100000000000000E+001  0.286134362755684E+003  0.694764145688418E+000  0.148601039863145E+001  0.181040458880758E+000  0.450784842133932E+000 -0.131028262406404E+000 -0.143067181377842E+003
  0.100000000000000E+001  0.295881016947114E+003  0.156214692183310E+001  0.105093886107696E+001  0.352368098788655E+000  0.360788347727043E+000 -0.131028262406404E+000 -0.147940508473557E+003
  0.100000000000000E+001  0.285697398732087E+003  0.121271876068159E+001  0.173198148645219E+001  0.809583752714915E+000  0.209954594641787E+000 -0.131028262406404E+000 -0.142848699366044E+003
  0.100000000000000E+001  0.297031149797333E+003  0.194719851268443E+001  0.870616523502613E+000  0.189387947829084E+000  0.298935636765737E+000 -0.131028262406404E+000 -0.148515574898667E+003
  0.100000000000000E+001  0.287453574155573E+003  0.875095306466661E+000  0.958854713875290E+000  0.332276364364134E+000  0.399665207359605E+000 -0.131028262406404E+000 -0.143726787077786E+003
  0.100000000000000E+001  0.279409991543524E+003  0.104048550285607E+000  0.187239174528403E+001  0.315604576179319E+000  0.423222967099831E+000 -0.131028262406404E+000 -0.139704995771762E+003
  0.100000000000000E+001  0.295382666223817E+003  0.142330939618044E+001  0.600198932840660E+000  0.401354333442794E+000  0.484399513682594E+000 -0.131028262406404E+000 -0.147691333111909E+003
  0.100000000000000E+001  0.299549895807494E+003  0.147424939066671E+001  0.101123589305473E+001  0.376471482028699E+000  0.482280956093654E+000 -0.131028262406404E+000 -0.149774947903747E+003
  0.100000000000000E+001  0.282264803015084E+003  0.810893271973220E+000  0.986306132460814E+000  0.292260154670955E+000  0.174138163358378E+000 -0.131028262406404E+000 -0.141132401507542E+003
  0.100000000000000E+001  0.282578097225866E+003  0.127519347594359E+001  0.108871953301045E+001  0.801261672201486E+000  0.115963933124173E+000 -0.131028262406404E+000 -0.141289048612933E+003
  0.100000000000000E+001  0.280275280953269E+003  0.244027910461790E+000  0.158459404076040E+001  0.399539735933619E+000  0.302525345808308E+000 -0.131028262406404E+000 -0.140137640476635E+003
