  0.626817455895128E+000  0.287691997859538E+003  0.131456791002920E+000  0.163812659144471E+001  0.698652669350474E+000  0.212946503436066E+000 -0.131028262406404E+000 -0.144079548896300E+003
  0.626817455895128E+000  0.287581412117046E+003  0.285902777605383E+000  0.753271099934886E+000  0.233531137683453E+000  0.113629104105547E+000 -0.131028262406404E+000 -0.144024256025054E+003
  0.626817455895128E+000  0.287502045670019E+003  0.240039544050944E+000  0.912650093580377E+000  0.740063330147763E+000  0.150721338740375E+000 -0.131028262406404E+000 -0.143984572801540E+003
  0.626817455895128E+000  0.287299267956494E+003  0.131125575265406E+000  0.113821651900870E+001  0.165852494617797E+000  0.370675578825477E+000 -0.131028262406404E+000 -0.143883183944778E+003
  0.626817455895128E+000  0.287104214834498E+003  0.182667624080598E+000  0.937290921137112E+000  0.464657689329868E+000  0.321777037198115E+000 -0.131028262406404E+000 -0.143785657383780E+003
  0.626817455895128E+000  0.287079468216470E+003  0.351263105835730E+000  0.934088771376426E+000  0.596574129599771E+000  0.157633937536924E+000 -0.131028262406404E+000 -0.143773284074766E+003
  0.626817455895128E+000  0.286993699436572E+003  0.580138426743047E+000  0.128175240120369E+001  0.670131216940349E+000  0.100197317962366E+000 -0.131028262406404E+000 -0.143730399684817E+003
  0.626817455895128E+000  0.286959344829195E+003  0.192867592677675E+000  0.123641776424338E+001  0.491767681338269E+000  0.328820256030918E+000 -0.131028262406404E+000 -0.143713222381128E+003
  0.626817455895128E+000  0.286959338389354E+003  0.501789437701628E+000  0.603089461338409E+000  0.181366279479943E+000  0.122001098261061E+000 -0.131028262406404E+000 -0.143713219161208E+003
  0.626817455895128E+000  0.286915576689048E+003  0.368319026935287E+000  0.131587701526220E+001  0.383663134081296E+000  0.169368811298089E+000 -0.131028262406404E+000 -0.143691338311055E+003
  0.626817455895128E+000  0.286850812743253E+003  0.272607178175576E+000  0.174350251951481E+001  0.643338051874179E+000  0.248590872708256E+000 -0.131028262406404E+000 -0.143658956338157E+003
  0.626817455895128E+000  0.286714131202881E+003  0.309301868638244E+000  0.129012787289058E+001  0.888457960479242E+000  0.236075852822180E+000 -0.131028262406404E+000 -0.143590615567971E+003
  0.626817455895128E+000  0.286687275829147E+003  0.622404471817480E+000  0.123563447172264E+001  0.507196055971442E-001  0.116561939220658E+000 -0.131028262406404E+000 -0.143577187881104E+003
  0.626817455895128E+000  0.286657085757921E+003  0.335030021064263E+000  0.506471082459876E+000  0.835547421289016E-001  0.256188604348538E+000 -0.131028262406404E+000 -0.143562092845491E+003
  0.626817455895128E+000  0.286606166117599E+003  0.582388842350341E+000  0.903853825969629E+000  0.338405284081101E+000  0.132721656342702E+000 -0.131028262406404E+000 -0.143536633025330E+003
  0.626817455895128E+000  0.286585001952659E+003  0.288783124354498E+000  0.144526947732775E+001  0.249167915358674E+000  0.277489235792963E+000 -0.131028262406404E+000 -0.143526050942860E+003
  0.626817455895128E+000  0.286531973835042E+003  0.431930786358587E+000  0.135210055893456E+001  0.275423698950754E+000  0.187234725891587E+000 -0.131028262406404E+000 -0.143499536884052E+003
  0.626817455895128E+000  0.286511160689415E+003  0.453652889364220E+000  0.103061865805554E+001  0.165419072426859E+000  0.182159390287809E+000 -0.131028262406404E+000 -0.143489130311238E+003
  0.626817455895128E+000  0.286505832003892E+003  0.202506469343748E+000  0.121792798912824E+001  0.773610306592343E+000  0.448523670784298E+000 -0.131028262406404E+000 -0.143486465968477E+003
  0.626817455895128E+000  0.286478670954924E+003  0.490722581758433E+000  0.173475165076483E+001  0.184943437712237E+000  0.170972803945018E+000 -0.131028262406404E+000 -0.143472885443993E+003
  0.626817455895128E+000  0.286342604193154E+003  0.395218667418418E+000  0.143576616463538E+001  0.256871985333173E+000  0.230474847181789E+000 -0.131028262406404E+000 -0.143404852063108E+003
  0.626817455895128E+000  0.286318173921798E+003  0.752291319412416E+000  0.142692801551984E+001  0.649004540073307E+000  0.120124501321857E+000 -0.131028262406404E+000 -0.143392636927430E+003
  0.626817455895128E+000  0.286286287618985E+003  0.300266698187100E+000  0.178053472359869E+001  0.659575738249682E+000  0.335023292723433E+000 -0.131028262406404E+000 -0.143376693776023E+003
  0.626817455895128E+000  0.286286096414692E+003  0.252592059524683E+000  0.165065476575610E+001  0.366734762090642E+000  0.401977238858622E+000 -0.131028262406404E+000 -0.143376598173877E+003
  0.626817455895128E+000  0.286282195649441E+003  0.211809658501085E+000  0.153503844133764E+001  0.593424694733856E+000  0.492352636620174E+000 -0.131028262406404E+000 -0.143374647791251E+003
  0.626817455895128E+000  0.286234780286186E+003  0.335735410275526E+000  0.765235951548631E+000  0.451610978402243E+000  0.324937928225417E+000 -0.131028262406404E+000 -0.143350940109624E+003
  0.626817455895128E+000  0.286227577791180E+003  0.455986486286682E+000  0.570503232027707E+000  0.109002187797996E+000  0.231318493860534E+000 -0.131028262406404E+000 -0.143347338862121E+003
  0.626817455895128E+000  0.286224138346666E+003  0.295063495865941E+000  0.114397823231659E+001  0.786383108145971E+000  0.346488692531530E+000 -0.131028262406404E+000 -0.143345619139864E+003
  0.626817455895128E+000  0.286204063750078E+003  0.234177297000369E+000  0.121449053298843E+001  0.809922394680441E+000  0.461265787694838E+000 -0.131028262406404E+000 -0.143335581841570E+003
  0.626817455895128E+000  0.286203442170073E+003  0.402365835711799E+000  0.123917428664551E+001  0.813070782606590E+000  0.245527760706351E+000 -0.131028262406404E+000 -0.143335271051567E+003
  0.626817455895128E+000  0.286134638835680E+003  0.242627977824179E+000  0.129579233003841E+001  0.856586999137003E+000  0.454869432472634E+000 -0.131028262406404E+000 -0.143300869384371E+003
  0.626817455895128E+000  0.286122777343487E+003  0.860751376563992E+000  0.195275247344564E+001  0.954104479115073E+000  0.117565699044448E+000 -0.131028262406404E+000 -0.143294938638274E+003
  0.626817455895128E+000  0.286104539677609E+003  0.898506509943136E+000  0.137293583210018E+001  0.328276819214126E+000  0.112349530671244E+000 -0.131028262406404E+000 -0.143285819805335E+003
  0.626817455895128E+000  0.286102749121511E+003  0.296866989291451E+000  0.199848529378335E+001  0.113861947116068E+000  0.429510848634906E+000 -0.131028262406404E+000 -0.143284924527286E+003
  0.626817455895128E+000  0.286100755378551E+003  0.389104805760897E+000  0.760176712076581E+000  0.873016399757072E+000  0.292379002519289E+000 -0.131028262406404E+000 -0.143283927655806E+003
  0.626817455895128E+000  0.286031914496519E+003  0.375830760610601E+000  0.108033475985817E+001  0.293008303329479E+000  0.295346578283667E+000 -0.131028262406404E+000 -0.143249507214790E+003
  0.626817455895128E+000  0.286002258514092E+003  0.307864235440983E+000  0.170076409804981E+001  0.167478250452378E-001  0.380578115390891E+000 -0.131028262406404E+000 -0.143234679223577E+003
  0.626817455895128E+000  0.285968344693449E+003  0.809762447027383E+000  0.195731787900745E+001  0.520603499410608E+000  0.135674981848588E+000 -0.131028262406404E+000 -0.143217722313255E+003
  0.626817455895128E+000  0.285916077938833E+003  0.361874770782909E+000  0.593137224252755E+000  0.820790701746949E+000  0.437878633560925E+000 -0.131028262406404E+000 -0.143191588935947E+003
  0.626817455895128E+000  0.285914203084757E+003  0.300528906264337E+000  0.105928819516999E+001  0.695228920397134E+000  0.418231038292329E+000 -0.131028262406404E+000 -0.143190651508909E+003
  0.626817455895128E+000  0.285843924478559E+003  0.453345046816124E+000  0.815174259297360E+000  0.345917107527527E+000  0.276674731981234E+000 -0.131028262406404E+000 -0.143155512205810E+003
  0.626817455895128E+000  0.285842682336226E+003  0.516476468208100E+000  0.873193698692179E+000  0.555185978344217E+000  0.234459679191892E+000 -0.131028262406404E+000 -0.143154891134644E+003
  0.626817455895128E+000  0.285784402991482E+003  0.539293049937021E+000  0.182415018262814E+001  0.613728166079837E+000  0.227874187073554E+000 -0.131028262406404E+000 -0.143125751462272E+003
  0.626817455895128E+000  0.285771283131779E+003  0.447968550313425E+000  0.552170562821658E+000  0.668706862257382E+000  0.331022257361954E+000 -0.131028262406404E+000 -0.143119191532420E+003
  0.626817455895128E+000  0.285755949930147E+003  0.944239024680008E+000  0.136782370773412E+001  0.654382283403520E+000  0.126246341210074E+000 -0.131028262406404E+000 -0.143111524931604E+003
  0.626817455895128E+000  0.285739068039895E+003  0.700128446903801E+000  0.904093777567223E+000  0.958338174457502E+000  0.175862171691767E+000 -0.131028262406404E+000 -0.143103083986478E+003
  0.626817455895128E+000  0.285716247561158E+003  0.690475652011328E+000  0.176586889142318E+001  0.483390669146843E+000  0.179286467048038E+000 -0.131028262406404E+000 -0.143091673747110E+003
  0.626817455895128E+000  0.285684829487872E+003  0.995625855073011E+000  0.164646392474965E+001  0.622062288838792E-001  0.123839148789500E+000 -0.131028262406404E+000 -0.143075964710467E+003
  0.626817455895128E+000  0.285620469325590E+003  0.118557464351421E+001  0.564581779551667E+000  0.721316494669033E+000  0.108470406412832E+000 -0.131028262406404E+000 -0.143043784629326E+003
  0.626817455895128E+000  0.285615946788548E+003  0.519975073745158E+000  0.173797093313940E+001  0.557323833480295E+000  0.254888310638583E+000 -0.131028262406404E+000 -0.143041523360805E+003
  0.626817455895128E+000  0.285531918633780E+003  0.493316753634979E+000  0.626687132337296E+000  0.120706922303043E-001  0.318635046068755E+000 -0.131028262406404E+000 -0.142999509283420E+003
  0.626817455895128E+000  0.285526316571622E+003  0.372597706747408E+000  0.150238557479186E+001  0.811367731734638E+000  0.377898145369521E+000 -0.131028262406404E+000 -0.142996708252342E+003
  0.626817455895128E+000  0.285518382063386E+003  0.125450617313767E+001  0.179547137096899E+001  0.723573220421565E+000  0.105491865071403E+000 -0.131028262406404E+000 -0.142992740998223E+003
  0.626817455895128E+000  0.285517374484992E+003  0.626706953833589E+000  0.867553589351387E+000  0.441104602785297E+000  0.221056241233560E+000 -0.131028262406404E+000 -0.142992237209027E+003
  0.626817455895128E+000  0.285509592064570E+003  0.818781086198141E+000  0.568930699138286E+000  0.860373105919672E+000  0.170630730617105E+000 -0.131028262406404E+000 -0.142988345998816E+003
  0.626817455895128E+000  0.285508100727474E+003  0.701670577451972E+000  0.136128301019359E+001  0.675820522009194E+000  0.190982072881100E+000 -0.131028262406404E+000 -0.142987600330268E+003
  0.626817455895128E+000  0.285487181557693E+003  0.104190107845665E+001  0.168589739278705E+001  0.434661364467667E+000  0.128921176449627E+000 -0.131028262406404E+000 -0.142977140745377E+003
  0.626817455895128E+000  0.285459798216096E+003  0.125221522852539E+001  0.951332933981279E+000  0.721919417099861E-001  0.108327846590115E+000 -0.131028262406404E+000 -0.142963449074579E+003
  0.626817455895128E+000  0.285452484164171E+003  0.455423274761966E+000  0.147167595549552E+001  0.316364915850896E+000  0.310811284201599E+000 -0.131028262406404E+000 -0.142959792048616E+003
  0.626817455895128E+000  0.285439002485946E+003  0.320814145145803E+000  0.120760363507250E+001  0.403969674824903E+000  0.481188417022358E+000 -0.131028262406404E+000 -0.142953051209504E+003
  0.626817455895128E+000  0.285422072686099E+003  0.525078995591001E+000  0.121939080852384E+001  0.141529373872306E+000  0.270523581945581E+000 -0.131028262406404E+000 -0.142944586309580E+003
  0.626817455895128E+000  0.285405845430216E+003  0.588883178996701E+000  0.189758672633663E+001  0.795173865491015E+000  0.250358208106123E+000 -0.131028262406404E+000 -0.142936472681639E+003
  0.626817455895128E+000  0.285403924878811E+003  0.484951309998780E+000  0.168584013909813E+001  0.756879303262548E-002  0.302300155192917E+000 -0.131028262406404E+000 -0.142935512405936E+003
  0.626817455895128E+000  0.285399486803818E+003  0.584885886605696E+000  0.143445720513515E+001  0.217583681871868E+000  0.242300581841118E+000 -0.131028262406404E+000 -0.142933293368440E+003
  0.626817455895128E+000  0.285392268495194E+003  0.523744885018610E+000  0.131110003932272E+001  0.778286204000399E+000  0.273698676931336E+000 -0.131028262406404E+000 -0.142929684214127E+003
  0.626817455895128E+000  0.285372925174087E+003  0.622713932134297E+000  0.775943151034738E+000  0.891642177042059E+000  0.241915337033788E+000 -0.131028262406404E+000 -0.142920012553574E+003
  0.626817455895128E+000  0.285367295548552E+003  0.379457799667214E+000  0.180095935881983E+001  0.833106755709605E+000  0.430989624772274E+000 -0.131028262406404E+000 -0.142917197740807E+003
  0.626817455895128E+000  0.285348131093445E+003  0.347908528440426E+000  0.148564788405819E+001  0.670430289075452E+000  0.446192298687199E+000 -0.131028262406404E+000 -0.142907615513253E+003
  0.626817455895128E+000  0.285336843920591E+003  0.117644473667369E+001  0.143539413671213E+001  0.738980585270828E+000  0.120743271684627E+000 -0.131028262406404E+000 -0.142901971926826E+003
  0.626817455895128E+000  0.285329286289120E+003  0.429423876544137E+000  0.681633746616245E+000  0.256576681568485E+000  0.469270520146503E+000 -0.131028262406404E+000 -0.142898193111091E+003
  0.626817455895128E+000  0.285328668966252E+003  0.707477570036437E+000  0.167866830104289E+001  0.273144735786814E+000  0.206235339923380E+000 -0.131028262406404E+000 -0.142897884449656E+003
  0.626817455895128E+000  0.285297598864569E+003  0.414399793093740E+000  0.762100615905893E+000  0.161423903311674E+000  0.465005285390112E+000 -0.131028262406404E+000 -0.142882349398815E+003
  0.626817455895128E+000  0.285293269275571E+003  0.418643013696006E+000  0.160321046609684E+001  0.932967161013968E+000  0.372408668146896E+000 -0.131028262406404E+000 -0.142880184604316E+003
  0.626817455895128E+000  0.285283290425378E+003  0.903758759872480E+000  0.185303867489798E+001  0.799650429993086E+000  0.163994645808713E+000 -0.131028262406404E+000 -0.142875195179220E+003
  0.626817455895128E+000  0.285283288215732E+003  0.372108167062547E+000  0.187974363117179E+001  0.560376599683042E-001  0.491951416897530E+000 -0.131028262406404E+000 -0.142875194074397E+003
  0.626817455895128E+000  0.285260629783908E+003  0.107214013231712E+001  0.185645951261306E+001  0.128885901719317E-001  0.138349281398865E+000 -0.131028262406404E+000 -0.142863864858485E+003
  0.626817455895128E+000  0.285260462307356E+003  0.737816033308847E+000  0.145963961765300E+001  0.382784033485948E+000  0.201115818557555E+000 -0.131028262406404E+000 -0.142863781120209E+003
  0.626817455895128E+000  0.285258211875505E+003  0.799034004315764E+000  0.146398948003092E+001  0.444908997597445E+000  0.185295517467598E+000 -0.131028262406404E+000 -0.142862655904283E+003
  0.626817455895128E+000  0.285250111844940E+003  0.404219414242282E+000  0.198629226086396E+001  0.561359331049679E+000  0.485372510526838E+000 -0.131028262406404E+000 -0.142858605889001E+003
  0.626817455895128E+000  0.285236835352011E+003  0.795878927241074E+000  0.195976763718271E+001  0.979209466368980E+000  0.193777647094893E+000 -0.131028262406404E+000 -0.142851967642536E+003
  0.626817455895128E+000  0.285195089579718E+003  0.129365394515949E+001  0.102000177952475E+001  0.681249764576258E+000  0.116439700496805E+000 -0.131028262406404E+000 -0.142831094756390E+003
  0.626817455895128E+000  0.285185683641381E+003  0.384415771024300E+000  0.140460530572768E+001  0.812679058332954E+000  0.424632917770072E+000 -0.131028262406404E+000 -0.142826391787221E+003
  0.626817455895128E+000  0.285181411054363E+003  0.596566504902948E+000  0.156764105206239E+001  0.945949325937266E+000  0.261345181714986E+000 -0.131028262406404E+000 -0.142824255493712E+003
  0.626817455895128E+000  0.285180680995605E+003  0.101925754090113E+001  0.522123209976738E+000  0.810371279110729E+000  0.155221131718656E+000 -0.131028262406404E+000 -0.142823890464333E+003
  0.626817455895128E+000  0.285175384288270E+003  0.637572340219576E+000  0.884536581155266E+000  0.562584079767273E-001  0.252242002849089E+000 -0.131028262406404E+000 -0.142821242110666E+003
  0.626817455895128E+000  0.285163380612509E+003  0.576468857161304E+000  0.199076018369266E+001  0.204360800680038E+000  0.295505825995697E+000 -0.131028262406404E+000 -0.142815240272785E+003
  0.626817455895128E+000  0.285160754738939E+003  0.447980459744919E+000  0.151164254596755E+001  0.415250766643541E+000  0.360993551522614E+000 -0.131028262406404E+000 -0.142813927336000E+003
  0.626817455895128E+000  0.285118191085200E+003  0.622892882698524E+000  0.192466056805239E+001  0.845372483861663E+000  0.269132534566464E+000 -0.131028262406404E+000 -0.142792645509131E+003
  0.626817455895128E+000  0.285113195815241E+003  0.506921136335145E+000  0.172730868803105E+001  0.852517081649655E+000  0.329923396572188E+000 -0.131028262406404E+000 -0.142790147874151E+003
  0.626817455895128E+000  0.285093553173984E+003  0.387892451902292E+000  0.102485302859180E+001  0.491533893546634E+000  0.477736777807877E+000 -0.131028262406404E+000 -0.142780326553523E+003
  0.626817455895128E+000  0.285092860455714E+003  0.504566649617719E+000  0.145802646796081E+001  0.716254052344867E+000  0.323676160610282E+000 -0.131028262406404E+000 -0.142779980194388E+003
  0.626817455895128E+000  0.285055487370594E+003  0.500727149768778E+000  0.646776471708814E+000  0.299332656022043E+000  0.437709393265410E+000 -0.131028262406404E+000 -0.142761293651828E+003
  0.626817455895128E+000  0.285035071518973E+003  0.462539732298002E+000  0.152397723474244E+001  0.228895411374162E+000  0.367616319785502E+000 -0.131028262406404E+000 -0.142751085726017E+003
  0.626817455895128E+000  0.285027168754976E+003  0.585866493696217E+000  0.775084931543542E+000  0.974101501576151E+000  0.308337815223763E+000 -0.131028262406404E+000 -0.142747134344019E+003
  0.626817455895128E+000  0.285025397166517E+003  0.534299932566286E+000  0.548108243891410E+000  0.462406038302624E+000  0.473594824846588E+000 -0.131028262406404E+000 -0.142746248549789E+003
  0.626817455895128E+000  0.285012566233194E+003  0.369222343803473E+000  0.127844536971256E+001  0.809959098211322E+000  0.487382933966597E+000 -0.131028262406404E+000 -0.142739833083128E+003
  0.626817455895128E+000  0.285006552796825E+003  0.566290169186339E+000  0.523795397266661E+000  0.387740192717554E+000  0.406055762743596E+000 -0.131028262406404E+000 -0.142736826364943E+003
  0.626817455895128E+000  0.285005554325012E+003  0.145352076820999E+001  0.744124612947468E+000  0.825058634106225E+000  0.112117786827508E+000 -0.131028262406404E+000 -0.142736327129036E+003
  0.626817455895128E+000  0.285000125508535E+003  0.711051175776879E+000  0.136524058888633E+001  0.484992824960034E+000  0.231542728741907E+000 -0.131028262406404E+000 -0.142733612720798E+003
  0.626817455895128E+000  0.284957576203319E+003  0.110619896527443E+001  0.919304583730384E+000  0.322633361196743E+000  0.150556183461728E+000 -0.131028262406404E+000 -0.142712338068190E+003
  0.626817455895128E+000  0.284955775660428E+003  0.479590441683369E+000  0.156085172415729E+001  0.235829182094744E+000  0.366076204345107E+000 -0.131028262406404E+000 -0.142711437796744E+003
  0.626817455895128E+000  0.284954576757307E+003  0.121461170631570E+001  0.143060812939559E+001  0.752137309394950E+000  0.135509780258712E+000 -0.131028262406404E+000 -0.142710838345184E+003
  0.626817455895128E+000  0.284948453518074E+003  0.455847635986701E+000  0.177023380970558E+001  0.749841718084551E+000  0.411818552703161E+000 -0.131028262406404E+000 -0.142707776725568E+003
  0.626817455895128E+000  0.284947606864329E+003  0.528648121480982E+000  0.737227565590274E+000  0.252944227667329E+000  0.383293183628393E+000 -0.131028262406404E+000 -0.142707353398695E+003
  0.626817455895128E+000  0.284930974178570E+003  0.542834796901716E+000  0.191474001816962E+001  0.924294208955850E+000  0.349148959447836E+000 -0.131028262406404E+000 -0.142699037055816E+003
  0.626817455895128E+000  0.284925864544986E+003  0.138229942750378E+001  0.180611386197413E+001  0.970259955162783E+000  0.120939219048691E+000 -0.131028262406404E+000 -0.142696482239024E+003
  0.626817455895128E+000  0.284911435433152E+003  0.165799002389760E+001  0.130828521818885E+001  0.642362870140337E+000  0.100423883658451E+000 -0.131028262406404E+000 -0.142689267683106E+003
  0.626817455895128E+000  0.284854832370035E+003  0.160904301802438E+001  0.169512153402566E+001  0.866525161323626E+000  0.105998644871996E+000 -0.131028262406404E+000 -0.142660966151548E+003
  0.626817455895128E+000  0.284851416467234E+003  0.148377297588698E+001  0.198167506541254E+001  0.416785294417072E+000  0.116350749584529E+000 -0.131028262406404E+000 -0.142659258200147E+003
  0.626817455895128E+000  0.284845161550444E+003  0.142929311648482E+001  0.666719059311125E+000  0.342676215853130E+000  0.121684993710790E+000 -0.131028262406404E+000 -0.142656130741752E+003
  0.626817455895128E+000  0.284838763453651E+003  0.604182763229759E+000  0.177500706790792E+001  0.196394164817278E+000  0.305072595971368E+000 -0.131028262406404E+000 -0.142652931693356E+003
  0.626817455895128E+000  0.284794994565317E+003  0.596444878016608E+000  0.107863918911854E+001  0.550702531235760E+000  0.309345206128235E+000 -0.131028262406404E+000 -0.142631047249189E+003
  0.626817455895128E+000  0.284794581537977E+003  0.149959217270113E+001  0.144692439033513E+001  0.272833172587322E+000  0.115999309895284E+000 -0.131028262406404E+000 -0.142630840735519E+003
  0.626817455895128E+000  0.284793914093490E+003  0.477906794945213E+000  0.826331422166271E+000  0.200763435867313E+000  0.472596579115327E+000 -0.131028262406404E+000 -0.142630507013276E+003
  0.626817455895128E+000  0.284789170260123E+003  0.492560250604115E+000  0.764270218974416E+000  0.708363582285372E-001  0.483547907394601E+000 -0.131028262406404E+000 -0.142628135096592E+003
  0.626817455895128E+000  0.284783996228055E+003  0.172009505593712E+001  0.165394380574293E+001  0.759725537872553E-001  0.101559488606173E+000 -0.131028262406404E+000 -0.142625548080558E+003
  0.626817455895128E+000  0.284783716572898E+003  0.608304448183515E+000  0.198269925489234E+001  0.304702633731900E+000  0.331151600803605E+000 -0.131028262406404E+000 -0.142625408252980E+003
  0.626817455895128E+000  0.284769891803291E+003  0.129706364431264E+001  0.992869166767167E+000  0.406860422518546E-001  0.136420365202415E+000 -0.131028262406404E+000 -0.142618495868176E+003
  0.626817455895128E+000  0.284757117545078E+003  0.511124301679673E+000  0.777667522928276E+000  0.830767127286892E+000  0.447019510562984E+000 -0.131028262406404E+000 -0.142612108739069E+003
  0.626817455895128E+000  0.284752663430955E+003  0.867922107794565E+000  0.113175196996087E+001  0.640292766203280E+000  0.207409076398765E+000 -0.131028262406404E+000 -0.142609881682008E+003
  0.626817455895128E+000  0.284750309526309E+003  0.589939025217356E+000  0.653381234333120E+000  0.880033714267002E+000  0.383429249742834E+000 -0.131028262406404E+000 -0.142608704729685E+003
  0.626817455895128E+000  0.284742160207184E+003  0.166631674706869E+001  0.144048791643959E+001  0.753661983474455E+000  0.106230628986562E+000 -0.131028262406404E+000 -0.142604630070123E+003
  0.626817455895128E+000  0.284729496346782E+003  0.786509970650846E+000  0.755269803811628E+000  0.700132433703505E+000  0.244205905823898E+000 -0.131028262406404E+000 -0.142598298139922E+003
  0.626817455895128E+000  0.284701244752248E+003  0.647456845683957E+000  0.825819720897855E+000  0.230662342514618E+000  0.309235581825447E+000 -0.131028262406404E+000 -0.142584172342655E+003
  0.626817455895128E+000  0.284695281901096E+003  0.472250942882157E+000  0.182499907816758E+001  0.793785830982882E-001  0.457956035719269E+000 -0.131028262406404E+000 -0.142581190917079E+003
  0.626817455895128E+000  0.284690483882501E+003  0.116789080387732E+001  0.861973044710762E+000  0.383411937207475E+000  0.157654801263511E+000 -0.131028262406404E+000 -0.142578791907781E+003
  0.626817455895128E+000  0.284664046661497E+003  0.160689919097955E+001  0.153905397983643E+001  0.591626545296174E+000  0.113397142538527E+000 -0.131028262406404E+000 -0.142565573297279E+003
  0.626817455895128E+000  0.284663409224886E+003  0.139055992579531E+001  0.167517276831866E+001  0.377205584758969E+000  0.131778538907790E+000 -0.131028262406404E+000 -0.142565254578973E+003
  0.626817455895128E+000  0.284660052357836E+003  0.676232761277187E+000  0.198458176821171E+001  0.974531170743991E+000  0.304748823091967E+000 -0.131028262406404E+000 -0.142563576145449E+003
  0.626817455895128E+000  0.284639263567458E+003  0.117336245301960E+001  0.905393656764776E+000  0.557754075717448E+000  0.159408702899877E+000 -0.131028262406404E+000 -0.142553181750260E+003
  0.626817455895128E+000  0.284639246582349E+003  0.111459998103035E+001  0.810839279279897E+000  0.845800386604698E+000  0.169493194415376E+000 -0.131028262406404E+000 -0.142553173257705E+003
  0.626817455895128E+000  0.284638338434032E+003  0.177931071637836E+001  0.194856481755161E+001  0.288991990053855E-001  0.104102712748090E+000 -0.131028262406404E+000 -0.142552719183547E+003
  0.626817455895128E+000  0.284617334000878E+003  0.107653324296784E+001  0.199917645705155E+001  0.825069045444565E+000  0.179126627824800E+000 -0.131028262406404E+000 -0.142542216966970E+003
  0.626817455895128E+000  0.284609650876685E+003  0.600282829428855E+000  0.998879174982360E+000  0.359106107099650E+000  0.336501065251900E+000 -0.131028262406404E+000 -0.142538375404873E+003
  0.626817455895128E+000  0.284602629209892E+003  0.160236641891821E+001  0.169501470913873E+001  0.610672168423501E+000  0.116532877909967E+000 -0.131028262406404E+000 -0.142534864571477E+003
  0.626817455895128E+000  0.284587093519158E+003  0.759251109709156E+000  0.501852354172823E+000  0.757190180909952E+000  0.301629631025496E+000 -0.131028262406404E+000 -0.142527096726110E+003
  0.626817455895128E+000  0.284584606633209E+003  0.125901367363869E+001  0.853544984965732E+000  0.314421643663046E+000  0.151432200463287E+000 -0.131028262406404E+000 -0.142525853283135E+003
  0.626817455895128E+000  0.284579869923029E+003  0.574559070516181E+000  0.179139726339892E+001  0.813976213459086E-001  0.364023641758744E+000 -0.131028262406404E+000 -0.142523484928045E+003
  0.626817455895128E+000  0.284570746805323E+003  0.152124616974824E+001  0.197322395995649E+001  0.232658755606656E-001  0.125613126504259E+000 -0.131028262406404E+000 -0.142518923369192E+003
  0.626817455895128E+000  0.284569889763577E+003  0.131880853881887E+001  0.184439943419867E+001  0.124299531508656E+000  0.144917309711622E+000 -0.131028262406404E+000 -0.142518494848319E+003
  0.626817455895128E+000  0.284562953511515E+003  0.100822557335487E+001  0.867188516272029E+000  0.555901824448243E+000  0.193317901364328E+000 -0.131028262406404E+000 -0.142515026722288E+003
  0.626817455895128E+000  0.284550758293927E+003  0.834604465569283E+000  0.111465010236693E+001  0.557194651242127E+000  0.233041810397241E+000 -0.131028262406404E+000 -0.142508929113494E+003
  0.626817455895128E+000  0.284549012479025E+003  0.165981239674898E+001  0.618741215940319E+000  0.133176077491659E+000  0.116196714248068E+000 -0.131028262406404E+000 -0.142508056206043E+003
  0.626817455895128E+000  0.284544508832920E+003  0.705154800421430E+000  0.695520176448675E+000  0.967209453752650E+000  0.311392854668404E+000 -0.131028262406404E+000 -0.142505804382991E+003
  0.626817455895128E+000  0.284544488979713E+003  0.799184264021964E+000  0.103758082977291E+001  0.259412028078696E+000  0.246502590133890E+000 -0.131028262406404E+000 -0.142505794456387E+003
  0.626817455895128E+000  0.284511812067773E+003  0.785903202817130E+000  0.507930817570075E+000  0.434457604749440E+000  0.295864132375589E+000 -0.131028262406404E+000 -0.142489456000417E+003
  0.626817455895128E+000  0.284491314978652E+003  0.115647072173506E+001  0.131700381567482E+001  0.831452853832861E+000  0.168205659709315E+000 -0.131028262406404E+000 -0.142479207455856E+003
  0.626817455895128E+000  0.284469908174223E+003  0.890070108393420E+000  0.195313117891819E+001  0.730252393580929E+000  0.233628822200604E+000 -0.131028262406404E+000 -0.142468504053642E+003
  0.626817455895128E+000  0.284465306153692E+003  0.160441257390785E+001  0.513912683210757E+000  0.789035411456380E+000  0.124923254267857E+000 -0.131028262406404E+000 -0.142466203043377E+003
  0.626817455895128E+000  0.284465043796558E+003  0.120131484326549E+001  0.167603024953570E+001  0.649297025913076E+000  0.164408697206624E+000 -0.131028262406404E+000 -0.142466071864810E+003
  0.626817455895128E+000  0.284463626005483E+003  0.898712161601000E+000  0.824755724163227E+000  0.476435870349700E-001  0.229233593747617E+000 -0.131028262406404E+000 -0.142465362969272E+003
  0.626817455895128E+000  0.284459693602743E+003  0.667813217718458E+000  0.744412975939402E+000  0.536163298779550E+000  0.343499815738899E+000 -0.131028262406404E+000 -0.142463396767902E+003
  0.626817455895128E+000  0.284449585682832E+003  0.923132553347689E+000  0.105493667447805E+001  0.614990982822564E+000  0.217887602492570E+000 -0.131028262406404E+000 -0.142458342807946E+003
  0.626817455895128E+000  0.284449422998524E+003  0.943234688767758E+000  0.197239759533608E+001  0.218324856695271E+000  0.220987085491825E+000 -0.131028262406404E+000 -0.142458261465793E+003
  0.626817455895128E+000  0.284445117516035E+003  0.112618726584663E+001  0.573173551690313E+000  0.215113637872360E+000  0.185256440484026E+000 -0.131028262406404E+000 -0.142456108724548E+003
  0.626817455895128E+000  0.284435807308423E+003  0.655522735786639E+000  0.106061653631781E+001  0.382511468488761E+000  0.320279410208481E+000 -0.131028262406404E+000 -0.142451453620742E+003
  0.626817455895128E+000  0.284435115738645E+003  0.542978741790066E+000  0.978450711760896E+000  0.706211417812856E+000  0.417479308290060E+000 -0.131028262406404E+000 -0.142451107835853E+003
  0.626817455895128E+000  0.284429573513797E+003  0.679453526941324E+000  0.191145756199945E+001  0.614000200134240E-001  0.327277768499093E+000 -0.131028262406404E+000 -0.142448336723429E+003
  0.626817455895128E+000  0.284423864142394E+003  0.155133590921670E+001  0.125583772409378E+001  0.444671272990544E+000  0.127617302378000E+000 -0.131028262406404E+000 -0.142445482037728E+003
  0.626817455895128E+000  0.284420137640653E+003  0.832946236184802E+000  0.144567138949006E+001  0.749718002979741E+000  0.242749105581043E+000 -0.131028262406404E+000 -0.142443618786857E+003
  0.626817455895128E+000  0.284419905771927E+003  0.897424653641634E+000  0.192676882341095E+001  0.974155286696099E+000  0.234870707163656E+000 -0.131028262406404E+000 -0.142443502852494E+003
  0.626817455895128E+000  0.284413408749225E+003  0.108162457181402E+001  0.135978323475539E+001  0.515557202754592E+000  0.185100197702629E+000 -0.131028262406404E+000 -0.142440254341143E+003
  0.626817455895128E+000  0.284409132478544E+003  0.681545226306384E+000  0.769887154772089E+000  0.199635661231722E+000  0.337203982797375E+000 -0.131028262406404E+000 -0.142438116205803E+003
  0.626817455895128E+000  0.284406543446919E+003  0.700617955014405E+000  0.169236387338585E+001  0.720296540684874E-001  0.300748622769424E+000 -0.131028262406404E+000 -0.142436821689990E+003
  0.626817455895128E+000  0.284405952665168E+003  0.138039551498588E+001  0.168324971748362E+001  0.330689239247440E+000  0.145397526141396E+000 -0.131028262406404E+000 -0.142436526299115E+003
  0.626817455895128E+000  0.284403109593930E+003  0.960078495753681E+000  0.163858697880643E+001  0.943542092929733E+000  0.212144327438406E+000 -0.131028262406404E+000 -0.142435104763496E+003
  0.626817455895128E+000  0.284402695324746E+003  0.534290389395088E+000  0.104103518865923E+001  0.797177486909222E+000  0.421615734318771E+000 -0.131028262406404E+000 -0.142434897628904E+003
  0.626817455895128E+000  0.284401831663139E+003  0.800642608136572E+000  0.156246717766348E+001  0.790059042808152E+000  0.256261755989189E+000 -0.131028262406404E+000 -0.142434465798100E+003
  0.626817455895128E+000  0.284394598670869E+003  0.116599147395928E+001  0.655600638851161E+000  0.880359621614252E+000  0.179447741521424E+000 -0.131028262406404E+000 -0.142430849301965E+003
  0.626817455895128E+000  0.284393872087430E+003  0.706980683815544E+000  0.146654045731473E+001  0.858915397461147E+000  0.292254377050649E+000 -0.131028262406404E+000 -0.142430486010246E+003
  0.626817455895128E+000  0.284391798851403E+003  0.823737796460713E+000  0.188489683500317E+001  0.959826136891882E+000  0.260250618716609E+000 -0.131028262406404E+000 -0.142429449392232E+003
  0.626817455895128E+000  0.284390168717924E+003  0.551083953199218E+000  0.850876375527195E+000  0.196927932926915E+000  0.456079740647344E+000 -0.131028262406404E+000 -0.142428634325493E+003
  0.626817455895128E+000  0.284389939293705E+003  0.156947824456974E+001  0.120014123625571E+001  0.821033163864381E+000  0.127654956098818E+000 -0.131028262406404E+000 -0.142428519613383E+003
  0.626817455895128E+000  0.284382070476479E+003  0.176207866743298E+001  0.982858068144319E+000  0.251731576997851E+000  0.114223738691630E+000 -0.131028262406404E+000 -0.142424585204770E+003
  0.626817455895128E+000  0.284379285684084E+003  0.640244200931299E+000  0.674686584101461E+000  0.302237860829458E+000  0.411945649773926E+000 -0.131028262406404E+000 -0.142423192808573E+003
  0.626817455895128E+000  0.284379032874868E+003  0.888288724612950E+000  0.134571915844746E+001  0.993813179164110E-001  0.229887786639002E+000 -0.131028262406404E+000 -0.142423066403965E+003
  0.626817455895128E+000  0.284378941311264E+003  0.777742271348326E+000  0.888240423981280E+000  0.313433808208455E+000  0.277021674461943E+000 -0.131028262406404E+000 -0.142423020622163E+003
  0.626817455895128E+000  0.284369967153729E+003  0.967652954498185E+000  0.640686437486856E+000  0.103816392442439E+000  0.225618385063053E+000 -0.131028262406404E+000 -0.142418533543395E+003
  0.626817455895128E+000  0.284362829009874E+003  0.162818912601290E+001  0.108684312640698E+001  0.117388846733302E-001  0.124338295492345E+000 -0.131028262406404E+000 -0.142414964471468E+003
  0.626817455895128E+000  0.284357697456153E+003  0.185390432070551E+001  0.121349712900567E+001  0.487716763783158E+000  0.108989495778071E+000 -0.131028262406404E+000 -0.142412398694607E+003
  0.626817455895128E+000  0.284352078283559E+003  0.129420838954581E+001  0.119125676798217E+001  0.978769495049966E+000  0.157469930125199E+000 -0.131028262406404E+000 -0.142409589108310E+003
  0.626817455895128E+000  0.284349565438376E+003  0.740260663009942E+000  0.194068218017033E+001  0.143525521170132E+000  0.306510104061377E+000 -0.131028262406404E+000 -0.142408332685719E+003
  0.626817455895128E+000  0.284345968899950E+003  0.794156324114319E+000  0.116437598278491E+001  0.839398775169953E+000  0.263654624868040E+000 -0.131028262406404E+000 -0.142406534416506E+003
  0.626817455895128E+000  0.284345690920989E+003  0.647776413622398E+000  0.143491075703436E+001  0.955677828803833E+000  0.326815674763020E+000 -0.131028262406404E+000 -0.142406395427025E+003
  0.626817455895128E+000  0.284344363419379E+003  0.647392123756757E+000  0.182102082330412E+001  0.754622769554981E+000  0.349778019607035E+000 -0.131028262406404E+000 -0.142405731676220E+003
  0.626817455895128E+000  0.284328362785039E+003  0.509292869546702E+000  0.130395096503769E+001  0.305148121636024E+000  0.434144289529301E+000 -0.131028262406404E+000 -0.142397731359050E+003
  0.626817455895128E+000  0.284317269274515E+003  0.550639813124201E+000  0.192689544884138E+001  0.164362734779995E+000  0.483724694883634E+000 -0.131028262406404E+000 -0.142392184603788E+003
  0.626817455895128E+000  0.284314808074448E+003  0.167774160726417E+001  0.113009793564499E+001  0.676735056248206E+000  0.122481485635228E+000 -0.131028262406404E+000 -0.142390954003755E+003
  0.626817455895128E+000  0.284304657519432E+003  0.717028390620157E+000  0.190192701185999E+001  0.263238012145079E+000  0.321247227240630E+000 -0.131028262406404E+000 -0.142385878726247E+003
  0.626817455895128E+000  0.284303003927031E+003  0.151569236215458E+001  0.982660598023499E+000  0.953313637209022E+000  0.136933799358062E+000 -0.131028262406404E+000 -0.142385051930046E+003
  0.626817455895128E+000  0.284301973147382E+003  0.830964093031046E+000  0.656912653885847E+000  0.484032331891814E+000  0.281092972543185E+000 -0.131028262406404E+000 -0.142384536540222E+003
  0.626817455895128E+000  0.284300240516936E+003  0.690449706986215E+000  0.834005450362348E+000  0.940856818428332E+000  0.338282962985608E+000 -0.131028262406404E+000 -0.142383670224999E+003
  0.626817455895128E+000  0.284297792144256E+003  0.145142015911803E+001  0.558622799662535E+000  0.256969230950326E+000  0.147401947467427E+000 -0.131028262406404E+000 -0.142382446038659E+003
  0.626817455895128E+000  0.284290747167831E+003  0.181109927808572E+001  0.971987360442806E+000  0.610129182606126E+000  0.114596784275917E+000 -0.131028262406404E+000 -0.142378923550446E+003
  0.626817455895128E+000  0.284281640989835E+003  0.816889493137997E+000  0.574076520317322E+000  0.116176617261100E+000  0.302443007439287E+000 -0.131028262406404E+000 -0.142374370461448E+003
  0.626817455895128E+000  0.284263700927254E+003  0.949307195897789E+000  0.188089115546118E+001  0.273460297800840E+000  0.232026944478157E+000 -0.131028262406404E+000 -0.142365400430158E+003
  0.626817455895128E+000  0.284262091038907E+003  0.539354618593153E+000  0.106430746613739E+001  0.338413502831728E+000  0.438817367497092E+000 -0.131028262406404E+000 -0.142364595485984E+003
  0.626817455895128E+000  0.284259178734381E+003  0.145654565632775E+001  0.159712887517503E+001  0.414865772434970E-001  0.144299172039613E+000 -0.131028262406404E+000 -0.142363139333721E+003
  0.626817455895128E+000  0.284246099885502E+003  0.578798685133432E+000  0.847559913737779E+000  0.783979559106913E+000  0.456145868248883E+000 -0.131028262406404E+000 -0.142356599909282E+003
  0.626817455895128E+000  0.284242796698096E+003  0.184623475369388E+001  0.135403432743000E+001  0.582036474162564E-001  0.113694744176023E+000 -0.131028262406404E+000 -0.142354948315579E+003
  0.626817455895128E+000  0.284241858106267E+003  0.917842313341678E+000  0.191711855526705E+001  0.780686532768823E+000  0.244790185185663E+000 -0.131028262406404E+000 -0.142354479019664E+003
  0.626817455895128E+000  0.284228729036837E+003  0.505550247964751E+000  0.122539326038668E+001  0.761120782685431E+000  0.461123112256243E+000 -0.131028262406404E+000 -0.142347914484949E+003
  0.626817455895128E+000  0.284208974214444E+003  0.664434375873193E+000  0.146875850645293E+001  0.854861676204734E+000  0.334327589491012E+000 -0.131028262406404E+000 -0.142338037073753E+003
  0.626817455895128E+000  0.284207729764266E+003  0.184750959640790E+001  0.140791019983221E+001  0.342029151303807E+000  0.114968290235712E+000 -0.131028262406404E+000 -0.142337414848664E+003
  0.626817455895128E+000  0.284202900577057E+003  0.680291490871944E+000  0.175540077554162E+001  0.389337336849069E+000  0.341541718738601E+000 -0.131028262406404E+000 -0.142335000255059E+003
  0.626817455895128E+000  0.284195134419150E+003  0.134260613910645E+001  0.131589396975170E+001  0.226186188185904E+000  0.159675306905686E+000 -0.131028262406404E+000 -0.142331117176106E+003
  0.626817455895128E+000  0.284190701374085E+003  0.566965307489506E+000  0.180475896204999E+001  0.681556090589089E-001  0.444974852563191E+000 -0.131028262406404E+000 -0.142328900653573E+003
  0.626817455895128E+000  0.284188469552502E+003  0.674904827225539E+000  0.170547374367084E+001  0.825643428094369E-001  0.342360855720816E+000 -0.131028262406404E+000 -0.142327784742782E+003
  0.626817455895128E+000  0.284179184780745E+003  0.114709526992826E+001  0.123246453618897E+001  0.278105791768648E-001  0.188896861242936E+000 -0.131028262406404E+000 -0.142323142356903E+003
  0.626817455895128E+000  0.284169516102104E+003  0.514693634588587E+000  0.162159912786690E+001  0.713723348704172E+000  0.470282272288347E+000 -0.131028262406404E+000 -0.142318308017583E+003
  0.626817455895128E+000  0.284168874686006E+003  0.574537179238424E+000  0.120846064859184E+001  0.157067990632977E+000  0.404073701425183E+000 -0.131028262406404E+000 -0.142317987309533E+003
  0.626817455895128E+000  0.284168787188274E+003  0.188301705096754E+001  0.156334228720586E+001  0.386657095754662E+000  0.114417305431482E+000 -0.131028262406404E+000 -0.142317943560668E+003
  0.626817455895128E+000  0.284167878708063E+003  0.857963739266845E+000  0.154276975829077E+001  0.976627772613991E+000  0.258062620449786E+000 -0.131028262406404E+000 -0.142317489320562E+003
  0.626817455895128E+000  0.284160785037653E+003  0.934188200938472E+000  0.160842475396944E+001  0.148049303696970E+000  0.237311370792196E+000 -0.131028262406404E+000 -0.142313942485357E+003
  0.626817455895128E+000  0.284156399342925E+003  0.661848394113476E+000  0.176449443118103E+001  0.633183665739034E+000  0.360946858204576E+000 -0.131028262406404E+000 -0.142311749637993E+003
  0.626817455895128E+000  0.284154812044511E+003  0.138647162476036E+001  0.196134319659153E+001  0.571160661394542E+000  0.160597681227361E+000 -0.131028262406404E+000 -0.142310955988786E+003
  0.626817455895128E+000  0.284152380204621E+003  0.850341719680441E+000  0.125358839072705E+001  0.130490587364873E+000  0.260795276862330E+000 -0.131028262406404E+000 -0.142309740068841E+003
  0.626817455895128E+000  0.284149375423613E+003  0.159851382135831E+001  0.192306718379092E+001  0.723195903865106E-001  0.137962285437687E+000 -0.131028262406404E+000 -0.142308237678337E+003
  0.626817455895128E+000  0.284141863504646E+003  0.127771758208185E+001  0.198104082607844E+001  0.407220546985804E+000  0.176642273012855E+000 -0.131028262406404E+000 -0.142304481718854E+003
  0.626817455895128E+000  0.284137931841772E+003  0.171143835348186E+001  0.994151272968137E+000  0.236442936805213E+000  0.127741890258838E+000 -0.131028262406404E+000 -0.142302515887417E+003
  0.626817455895128E+000  0.284133236705442E+003  0.541255491299665E+000  0.994520401976567E+000  0.452231113258867E+000  0.482070230024083E+000 -0.131028262406404E+000 -0.142300168319251E+003
  0.626817455895128E+000  0.284126055291849E+003  0.491564807875483E+000  0.124992033413800E+001  0.937085019148723E+000  0.495981760421587E+000 -0.131028262406404E+000 -0.142296577612455E+003
  0.626817455895128E+000  0.284124935642827E+003  0.957775033150576E+000  0.756898069491083E+000  0.201310042196673E+000  0.245157959482228E+000 -0.131028262406404E+000 -0.142296017787944E+003
  0.626817455895128E+000  0.284124706686902E+003  0.102397810666104E+001  0.888867048906198E+000  0.656332008828781E+000  0.222144499310503E+000 -0.131028262406404E+000 -0.142295903309982E+003
  0.626817455895128E+000  0.284112297761041E+003  0.625011454526336E+000  0.102487834284945E+001  0.373282869446519E+000  0.389529436165460E+000 -0.131028262406404E+000 -0.142289698847051E+003
  0.626817455895128E+000  0.284105832354238E+003  0.123509049052843E+001  0.196800312776965E+001  0.329523856501338E+000  0.185495366390142E+000 -0.131028262406404E+000 -0.142286466143650E+003
  0.626817455895128E+000  0.284103859650112E+003  0.196747953380030E+001  0.190275819085170E+001  0.187664678233520E+000  0.461385627233577E+000 -0.131028262406404E+000 -0.142285479791587E+003
  0.626817455895128E+000  0.284101532069752E+003  0.846898040189609E+000  0.768778824992906E+000  0.505437332735698E+000  0.287306475148791E+000 -0.131028262406404E+000 -0.142284316001407E+003
  0.626817455895128E+000  0.284087363398631E+003  0.178802609539140E+001  0.113203482146979E+001  0.590209160219453E+000  0.123853686264246E+000 -0.131028262406404E+000 -0.142277231665846E+003
  0.626817455895128E+000  0.284062183484684E+003  0.196851821383957E+001  0.187380336810347E+001  0.909026103027648E+000  0.461546431589634E+000 -0.131028262406404E+000 -0.142264641708873E+003
  0.626817455895128E+000  0.284058709136297E+003  0.609783719213418E+000  0.190540265680398E+001  0.488146812594263E+000  0.460670440405107E+000 -0.131028262406404E+000 -0.142262904534679E+003
  0.626817455895128E+000  0.284051095065507E+003  0.785646085678965E+000  0.133575226302098E+001  0.767452075385742E+000  0.293324416661182E+000 -0.131028262406404E+000 -0.142259097499284E+003
  0.626817455895128E+000  0.284049527712461E+003  0.707413666054366E+000  0.664713385359096E+000  0.410559525801080E+000  0.427896152784237E+000 -0.131028262406404E+000 -0.142258313822761E+003
  0.626817455895128E+000  0.284042340933489E+003  0.770975728256847E+000  0.189616588948232E+001  0.607701080882033E+000  0.326684749059447E+000 -0.131028262406404E+000 -0.142254720433275E+003
  0.626817455895128E+000  0.284028220633188E+003  0.872871986661790E+000  0.179196270329191E+001  0.276180098227908E+000  0.274586079783221E+000 -0.131028262406404E+000 -0.142247660283124E+003
  0.626817455895128E+000  0.284026889553811E+003  0.698102130048868E+000  0.994174376154704E+000  0.727238392931548E+000  0.353295276110672E+000 -0.131028262406404E+000 -0.142246994743436E+003
  0.626817455895128E+000  0.284021084304700E+003  0.968084674042570E+000  0.144445038630977E+001  0.344392988967774E+000  0.237646484557482E+000 -0.131028262406404E+000 -0.142244092118881E+003
  0.626817455895128E+000  0.284018630066343E+003  0.781467574234055E+000  0.197208314186053E+001  0.712742092823284E+000  0.335231691644736E+000 -0.131028262406404E+000 -0.142242864999702E+003
  0.626817455895128E+000  0.284010821148972E+003  0.166067945319022E+001  0.841610579781751E+000  0.497121617129222E+000  0.138293459992988E+000 -0.131028262406404E+000 -0.142238960541017E+003
  0.626817455895128E+000  0.284008848257038E+003  0.199296344956092E+001  0.198321669121513E+001  0.693274451562707E-001  0.442559511952886E+000 -0.131028262406404E+000 -0.142237974095050E+003
  0.626817455895128E+000  0.284005844133455E+003  0.767826263441974E+000  0.637534988922893E+000  0.368385595379465E+000  0.377747361909245E+000 -0.131028262406404E+000 -0.142236472033258E+003
  0.626817455895128E+000  0.284005542918420E+003  0.175266615712867E+001  0.940446956632006E+000  0.194308210238419E+000  0.130488925775998E+000 -0.131028262406404E+000 -0.142236321425741E+003
  0.626817455895128E+000  0.283985867392679E+003  0.168181577486047E+001  0.967566681374973E+000  0.452666929186077E+000  0.136907860798269E+000 -0.131028262406404E+000 -0.142226483662870E+003
  0.626817455895128E+000  0.283982178064246E+003  0.995282594431355E+000  0.564378796814205E+000  0.630759827957192E+000  0.261290859516393E+000 -0.131028262406404E+000 -0.142224638998654E+003
  0.626817455895128E+000  0.283977565056167E+003  0.568760385021133E+000  0.110898851552496E+001  0.951854792547228E+000  0.453184724864200E+000 -0.131028262406404E+000 -0.142222332494614E+003
  0.626817455895128E+000  0.283976144950750E+003  0.798448779775174E+000  0.147691342001505E+001  0.179742499331770E+000  0.296706183666958E+000 -0.131028262406404E+000 -0.142221622441906E+003
  0.626817455895128E+000  0.283972841554619E+003  0.855858525848280E+000  0.630404805447534E+000  0.218212066274689E+000  0.318233699339052E+000 -0.131028262406404E+000 -0.142219970743840E+003
  0.626817455895128E+000  0.283970531319776E+003  0.969772293488816E+000  0.721374338683723E+000  0.412636783595212E+000  0.258521574153825E+000 -0.131028262406404E+000 -0.142218815626419E+003
  0.626817455895128E+000  0.283968897018393E+003  0.199539680700506E+001  0.123016119983684E+001  0.701901088669989E+000  0.115087948185065E+000 -0.131028262406404E+000 -0.142217998475727E+003
  0.626817455895128E+000  0.283965017725703E+003  0.194293199175293E+001  0.163699789292022E+001  0.452982432836977E+000  0.490518361215428E+000 -0.131028262406404E+000 -0.142216058829382E+003
  0.626817455895128E+000  0.283962175513684E+003  0.113154046200189E+001  0.722088805366450E+000  0.662916276952818E+000  0.215594391442238E+000 -0.131028262406404E+000 -0.142214637723373E+003
  0.626817455895128E+000  0.283960971671742E+003  0.817983973455442E+000  0.147162719959537E+001  0.242928034316213E+000  0.290474914171889E+000 -0.131028262406404E+000 -0.142214035802402E+003
  0.626817455895128E+000  0.283952641679466E+003  0.112805367954309E+001  0.149657553533148E+001  0.884563513815784E+000  0.207580207773521E+000 -0.131028262406404E+000 -0.142209870806264E+003
  0.626817455895128E+000  0.283945803493819E+003  0.567139973284887E+000  0.116194787107729E+001  0.745680527098335E+000  0.452740531756365E+000 -0.131028262406404E+000 -0.142206451713440E+003
  0.626817455895128E+000  0.283942712649222E+003  0.196410958123941E+001  0.748669724688586E+000  0.657233672456665E+000  0.119343014283915E+000 -0.131028262406404E+000 -0.142204906291142E+003
  0.626817455895128E+000  0.283940813214347E+003  0.550938281953298E+000  0.169349403513209E+001  0.820887482091373E+000  0.487548567903477E+000 -0.131028262406404E+000 -0.142203956573704E+003
  0.626817455895128E+000  0.283933831236248E+003  0.652711422045600E+000  0.196402097160069E+001  0.809907471092759E+000  0.472544171653822E+000 -0.131028262406404E+000 -0.142200465584655E+003
  0.626817455895128E+000  0.283933706428671E+003  0.127103753383674E+001  0.749402415307357E+000  0.769130251171941E+000  0.190278550211668E+000 -0.131028262406404E+000 -0.142200403180866E+003
  0.626817455895128E+000  0.283923323292776E+003  0.136062638345398E+001  0.199165938106639E+001  0.407307077763250E+000  0.178548089865411E+000 -0.131028262406404E+000 -0.142195211612919E+003
  0.626817455895128E+000  0.283921336064564E+003  0.990154797367107E+000  0.118265423024063E+001  0.617027318607186E+000  0.240628879541311E+000 -0.131028262406404E+000 -0.142194217998813E+003
  0.626817455895128E+000  0.283915859367953E+003  0.163224218095372E+001  0.139907012830761E+001  0.784944119277478E+000  0.143522587619419E+000 -0.131028262406404E+000 -0.142191479650507E+003
  0.626817455895128E+000  0.283910861017329E+003  0.557290110825967E+000  0.121794969192863E+001  0.107069481105539E+000  0.462729596878450E+000 -0.131028262406404E+000 -0.142188980475195E+003
  0.626817455895128E+000  0.283910326252333E+003  0.722323746197165E+000  0.117497585349177E+001  0.357823851984016E+000  0.341364244880101E+000 -0.131028262406404E+000 -0.142188713092697E+003
  0.626817455895128E+000  0.283908656177460E+003  0.652046621595945E+000  0.152803015398543E+001  0.536436728597232E+000  0.382458260033746E+000 -0.131028262406404E+000 -0.142187878055261E+003
  0.626817455895128E+000  0.283898283452037E+003  0.714250396687618E+000  0.800699970122807E+000  0.814607283348517E+000  0.397378088569732E+000 -0.131028262406404E+000 -0.142182691692549E+003
  0.626817455895128E+000  0.283897279213533E+003  0.120415642231010E+001  0.616760403448371E+000  0.420393041119319E+000  0.209220389207557E+000 -0.131028262406404E+000 -0.142182189573297E+003
  0.626817455895128E+000  0.283891170776730E+003  0.771910138370955E+000  0.700742275073855E+000  0.132039368114678E-003  0.377470841073218E+000 -0.131028262406404E+000 -0.142179135354895E+003
  0.626817455895128E+000  0.283880834478807E+003  0.643900107847269E+000  0.850994289650030E+000  0.388024757845412E+000  0.464289975939115E+000 -0.131028262406404E+000 -0.142173967205934E+003
  0.626817455895128E+000  0.283871197819763E+003  0.104558651918501E+001  0.177707883913787E+001  0.753367474821586E+000  0.236700561155903E+000 -0.131028262406404E+000 -0.142169148876412E+003
  0.626817455895128E+000  0.283868288201835E+003  0.106062534213357E+001  0.684990816871277E+000  0.725545045212058E+000  0.242992109445145E+000 -0.131028262406404E+000 -0.142167694067448E+003
  0.626817455895128E+000  0.283866470870182E+003  0.124478935338839E+001  0.107706135047841E+001  0.713782309191192E+000  0.193659799088296E+000 -0.131028262406404E+000 -0.142166785401622E+003
  0.626817455895128E+000  0.283854304768984E+003  0.114428571489487E+001  0.929419061861682E+000  0.936679778335754E+000  0.215071336030829E+000 -0.131028262406404E+000 -0.142160702351023E+003
  0.626817455895128E+000  0.283846398670029E+003  0.844307159101690E+000  0.524026304724626E+000  0.699969697991213E+000  0.406502718107461E+000 -0.131028262406404E+000 -0.142156749301545E+003
  0.626817455895128E+000  0.283846366581616E+003  0.166590397476327E+001  0.726475511691582E+000  0.735373326781869E-001  0.146651738746928E+000 -0.131028262406404E+000 -0.142156733257339E+003
  0.626817455895128E+000  0.283843883617436E+003  0.152091850111811E+001  0.152537507472451E+001  0.182757428224981E+000  0.158238352555201E+000 -0.131028262406404E+000 -0.142155491775249E+003
  0.626817455895128E+000  0.283837348298576E+003  0.547820235186184E+000  0.151508134489272E+001  0.736171179554521E+000  0.482244727552128E+000 -0.131028262406404E+000 -0.142152224115819E+003
  0.626817455895128E+000  0.283830484639050E+003  0.665364030041398E+000  0.180302014153695E+001  0.995169471834661E+000  0.418643746549728E+000 -0.131028262406404E+000 -0.142148792286056E+003
  0.626817455895128E+000  0.283827447925349E+003  0.948422322172585E+000  0.100957946379853E+001  0.724370923197764E+000  0.264350514359760E+000 -0.131028262406404E+000 -0.142147273929205E+003
  0.626817455895128E+000  0.283823271593763E+003  0.141158644756725E+001  0.116203100754622E+001  0.252873690668065E-001  0.171876006770241E+000 -0.131028262406404E+000 -0.142145185763412E+003
  0.626817455895128E+000  0.283820355669232E+003  0.199435154680860E+001  0.105818779777192E+001  0.302214368776677E+000  0.121133140771782E+000 -0.131028262406404E+000 -0.142143727801147E+003
  0.626817455895128E+000  0.283819548845064E+003  0.117540905913993E+001  0.191768154530316E+001  0.970074999033128E+000  0.216064391991289E+000 -0.131028262406404E+000 -0.142143324389063E+003
  0.626817455895128E+000  0.283813363999835E+003  0.157407900726711E+001  0.154563193719145E+001  0.371550400132128E+000  0.154389675920238E+000 -0.131028262406404E+000 -0.142140231966448E+003
  0.626817455895128E+000  0.283804219394775E+003  0.753401510115795E+000  0.745852277186032E+000  0.889838167660994E+000  0.399167603075386E+000 -0.131028262406404E+000 -0.142135659663918E+003
  0.626817455895128E+000  0.283799469333039E+003  0.104078009624967E+001  0.551991193425903E+000  0.866480191152576E+000  0.267303590571287E+000 -0.131028262406404E+000 -0.142133284633050E+003
  0.626817455895128E+000  0.283799250991773E+003  0.104028516200242E+001  0.128778482008082E+001  0.681491665734091E-002  0.237051390052902E+000 -0.131028262406404E+000 -0.142133175462417E+003
  0.626817455895128E+000  0.283794099302673E+003  0.195897760652920E+001  0.174947246824928E+001  0.499615055790057E+000  0.461188781989161E+000 -0.131028262406404E+000 -0.142130599617867E+003
  0.626817455895128E+000  0.283780998222035E+003  0.154859457843173E+001  0.178675387207353E+001  0.297928238684490E+000  0.160405080781141E+000 -0.131028262406404E+000 -0.142124049077548E+003
  0.626817455895128E+000  0.283779851707428E+003  0.196196884434221E+001  0.822236865565860E+000  0.847015365307233E+000  0.125712032656245E+000 -0.131028262406404E+000 -0.142123475820245E+003
  0.626817455895128E+000  0.283776922035657E+003  0.932257768156223E+000  0.186431391045123E+001  0.468752751008749E+000  0.284271915297692E+000 -0.131028262406404E+000 -0.142122010984359E+003
  0.626817455895128E+000  0.283774965348954E+003  0.709710469278237E+000  0.176440236036352E+001  0.246242332343333E+000  0.386188872025924E+000 -0.131028262406404E+000 -0.142121032641008E+003
  0.626817455895128E+000  0.283773038355294E+003  0.182291233972113E+001  0.189483647052739E+001  0.836276408164144E+000  0.136464321938326E+000 -0.131028262406404E+000 -0.142120069144178E+003
  0.626817455895128E+000  0.283770314302207E+003  0.899304686391457E+000  0.143183635472340E+001  0.762644754228408E+000  0.279383169245520E+000 -0.131028262406404E+000 -0.142118707117634E+003
  0.626817455895128E+000  0.283762165915152E+003  0.915834169880700E+000  0.649820226459365E+000  0.833338299046242E+000  0.313920236260338E+000 -0.131028262406404E+000 -0.142114632924107E+003
  0.626817455895128E+000  0.283760930358061E+003  0.119390241508271E+001  0.190393131537972E+001  0.213014885147161E+000  0.216425944788757E+000 -0.131028262406404E+000 -0.142114015145561E+003
  0.626817455895128E+000  0.283756404367944E+003  0.800896738256525E+000  0.128987926004180E+001  0.710506364860394E+000  0.317913261804891E+000 -0.131028262406404E+000 -0.142111752150503E+003
  0.626817455895128E+000  0.283752221767411E+003  0.723009934571173E+000  0.184691052282545E+001  0.657425486728237E+000  0.395906164094205E+000 -0.131028262406404E+000 -0.142109660850236E+003
  0.626817455895128E+000  0.283739354550386E+003  0.115560172211438E+001  0.181368726831332E+001  0.692494806506917E+000  0.223240264084693E+000 -0.131028262406404E+000 -0.142103227241724E+003
  0.626817455895128E+000  0.283739288386222E+003  0.685838223173661E+000  0.786386005151087E+000  0.960292832362908E-002  0.493570452949952E+000 -0.131028262406404E+000 -0.142103194159642E+003
  0.626817455895128E+000  0.283731409905966E+003  0.975358854192173E+000  0.928794084189171E+000  0.792101327389154E+000  0.268241694562911E+000 -0.131028262406404E+000 -0.142099254919514E+003
  0.626817455895128E+000  0.283722366046609E+003  0.196958027570487E+001  0.156399906843465E+001  0.357552327510746E+000  0.472920406795497E+000 -0.131028262406404E+000 -0.142094732989835E+003
  0.626817455895128E+000  0.283722050861557E+003  0.140775214051936E+001  0.987807843603134E+000  0.122966408228726E+000  0.179479876215763E+000 -0.131028262406404E+000 -0.142094575397309E+003
  0.626817455895128E+000  0.283712256208425E+003  0.187509605624946E+001  0.179431297201493E+001  0.606460923685826E-001  0.477719074060753E+000 -0.131028262406404E+000 -0.142089678070743E+003
  0.626817455895128E+000  0.283705276489523E+003  0.746125270768952E+000  0.108064534253108E+001  0.537087297660374E+000  0.359742414631622E+000 -0.131028262406404E+000 -0.142086188211292E+003
  0.626817455895128E+000  0.283703436904164E+003  0.830023083756114E+000  0.158489742315413E+001  0.774320933039587E+000  0.315625177955375E+000 -0.131028262406404E+000 -0.142085268418613E+003
  0.626817455895128E+000  0.283703308393627E+003  0.702345606167829E+000  0.990340340720076E+000  0.122457502555971E+000  0.400142867471888E+000 -0.131028262406404E+000 -0.142085204163344E+003
  0.626817455895128E+000  0.283694369132335E+003  0.192699811685174E+001  0.175791311396452E+001  0.703863391199607E+000  0.131410272950769E+000 -0.131028262406404E+000 -0.142080734532698E+003
  0.626817455895128E+000  0.283685603692810E+003  0.104669227341664E+001  0.179262746290327E+001  0.103531505614163E+000  0.253296040054334E+000 -0.131028262406404E+000 -0.142076351812936E+003
  0.626817455895128E+000  0.283684812681096E+003  0.109147826918120E+001  0.131981883835066E+001  0.532635462983750E+000  0.234006378412070E+000 -0.131028262406404E+000 -0.142075956307079E+003
  0.626817455895128E+000  0.283683678496542E+003  0.878489487007270E+000  0.118089476374441E+001  0.544551494432369E+000  0.296501256140925E+000 -0.131028262406404E+000 -0.142075389214802E+003
  0.626817455895128E+000  0.283682832139923E+003  0.100600506663616E+001  0.951577224884324E+000  0.217571992304677E+000  0.262438142840957E+000 -0.131028262406404E+000 -0.142074966036492E+003
  0.626817455895128E+000  0.283679287568071E+003  0.713482550394313E+000  0.860209684359944E+000  0.915651898372758E+000  0.427155278138246E+000 -0.131028262406404E+000 -0.142073193750566E+003
  0.626817455895128E+000  0.283678810441544E+003  0.103347583440663E+001  0.131729550140076E+001  0.754009991128968E+000  0.248264051709418E+000 -0.131028262406404E+000 -0.142072955187303E+003
  0.626817455895128E+000  0.283676182236435E+003  0.111415408254275E+001  0.104018632619180E+001  0.176678760920648E+000  0.232622900683729E+000 -0.131028262406404E+000 -0.142071641084748E+003
  0.626817455895128E+000  0.283674846574167E+003  0.706836288441276E+000  0.171776864232594E+001  0.129088048538379E+000  0.396991446949227E+000 -0.131028262406404E+000 -0.142070973253614E+003
  0.626817455895128E+000  0.283673409303250E+003  0.882930991772928E+000  0.184457739296026E+001  0.253014273700637E+000  0.314599959337735E+000 -0.131028262406404E+000 -0.142070254618156E+003
  0.626817455895128E+000  0.283669201524868E+003  0.138493063095931E+001  0.169682762764489E+001  0.946639258791413E+000  0.186176680309804E+000 -0.131028262406404E+000 -0.142068150728965E+003
  0.626817455895128E+000  0.283659973147740E+003  0.734474453723342E+000  0.133580359760726E+001  0.886079482762816E+000  0.360990619942599E+000 -0.131028262406404E+000 -0.142063536540400E+003
  0.626817455895128E+000  0.283655274845112E+003  0.160225865855711E+001  0.198598548678095E+001  0.561591939965867E+000  0.164118963725793E+000 -0.131028262406404E+000 -0.142061187389087E+003
  0.626817455895128E+000  0.283651981914705E+003  0.154492610368275E+001  0.138148654636197E+001  0.349083786357059E+000  0.165397331262300E+000 -0.131028262406404E+000 -0.142059540923883E+003
  0.626817455895128E+000  0.283639899606241E+003  0.721273396066274E+000  0.812379507209589E+000  0.873295822499693E+000  0.450041438851723E+000 -0.131028262406404E+000 -0.142053499769651E+003
  0.626817455895128E+000  0.283637607819382E+003  0.199013124656592E+001  0.150109439882299E+001  0.641935910939743E+000  0.466064393639961E+000 -0.131028262406404E+000 -0.142052353876222E+003
  0.626817455895128E+000  0.283632765155351E+003  0.192410677639294E+001  0.173977786914080E+001  0.538351314114256E+000  0.134233635329107E+000 -0.131028262406404E+000 -0.142049932544206E+003
  0.626817455895128E+000  0.283631952544440E+003  0.644400208993045E+000  0.110928098270832E+001  0.752055845719078E-001  0.441553022878125E+000 -0.131028262406404E+000 -0.142049526238751E+003
  0.626817455895128E+000  0.283629313292577E+003  0.107144029936606E+001  0.882688776103252E+000  0.895119620643686E+000  0.251765348441516E+000 -0.131028262406404E+000 -0.142048206612819E+003
  0.626817455895128E+000  0.283615818269550E+003  0.878659503685908E+000  0.725852011265016E+000  0.859925553466698E+000  0.344064211307267E+000 -0.131028262406404E+000 -0.142041459101306E+003
  0.626817455895128E+000  0.283610224233141E+003  0.160222159530201E+001  0.189466603682282E+001  0.700026273700651E+000  0.165324257015667E+000 -0.131028262406404E+000 -0.142038662083101E+003
  0.626817455895128E+000  0.283608224026030E+003  0.120530412094145E+001  0.172973792046413E+001  0.712036359179309E-001  0.220974407936244E+000 -0.131028262406404E+000 -0.142037661979546E+003
  0.626817455895128E+000  0.283602609058344E+003  0.101173304795041E+001  0.144986590722667E+001  0.236908962081759E+000  0.260890122091013E+000 -0.131028262406404E+000 -0.142034854495702E+003
  0.626817455895128E+000  0.283602535947122E+003  0.180403236197973E+001  0.757308760021467E+000  0.965468169016751E+000  0.145988156871694E+000 -0.131028262406404E+000 -0.142034817940092E+003
  0.626817455895128E+000  0.283601894846029E+003  0.930272934778590E+000  0.108124187820486E+001  0.346320397940721E+000  0.289248839378657E+000 -0.131028262406404E+000 -0.142034497389545E+003
  0.626817455895128E+000  0.283599351839193E+003  0.105024025393344E+001  0.143020173678391E+001  0.932081079331815E+000  0.250915520428269E+000 -0.131028262406404E+000 -0.142033225886127E+003
  0.626817455895128E+000  0.283598946033871E+003  0.161693633181362E+001  0.666723647319057E+000  0.989044962127268E+000  0.165519581516803E+000 -0.131028262406404E+000 -0.142033022983466E+003
  0.626817455895128E+000  0.283594666057627E+003  0.104151534918824E+001  0.515970908078025E+000  0.206066173028334E-001  0.300532820245800E+000 -0.131028262406404E+000 -0.142030882995344E+003
  0.626817455895128E+000  0.283588047925067E+003  0.842953405850541E+000  0.182762343889078E+001  0.995779298251853E+000  0.343167246644870E+000 -0.131028262406404E+000 -0.142027573929064E+003
  0.626817455895128E+000  0.283587501563874E+003  0.934255112615734E+000  0.185722363963794E+001  0.450066650659280E+000  0.304883237520637E+000 -0.131028262406404E+000 -0.142027300748468E+003
  0.626817455895128E+000  0.283587113471791E+003  0.132719806876152E+001  0.114151740177124E+001  0.960020704372852E+000  0.197997823165318E+000 -0.131028262406404E+000 -0.142027106702426E+003
  0.626817455895128E+000  0.283586697599716E+003  0.708853906013250E+000  0.807326913604049E+000  0.932606147012921E+000  0.495273631298412E+000 -0.131028262406404E+000 -0.142026898766389E+003
  0.626817455895128E+000  0.283570802847914E+003  0.843351406051348E+000  0.189580165006098E+001  0.147657289522565E-001  0.356360310992674E+000 -0.131028262406404E+000 -0.142018951390488E+003
  0.626817455895128E+000  0.283570475335910E+003  0.793532947246103E+000  0.105611970486488E+001  0.596235772720699E+000  0.352980302376333E+000 -0.131028262406404E+000 -0.142018787634485E+003
  0.626817455895128E+000  0.283570326802868E+003  0.870830261665091E+000  0.920364644950982E+000  0.462603564296573E+000  0.326619406192505E+000 -0.131028262406404E+000 -0.142018713367965E+003
  0.626817455895128E+000  0.283556414248821E+003  0.809020635087983E+000  0.162246238017093E+001  0.109089172413252E+000  0.344261926889984E+000 -0.131028262406404E+000 -0.142011757090941E+003
  0.626817455895128E+000  0.283554839162587E+003  0.193898852068293E+001  0.187479316505206E+001  0.677197643653900E-001  0.438795992956739E+000 -0.131028262406404E+000 -0.142010969547824E+003
  0.626817455895128E+000  0.283553729659345E+003  0.883641632906073E+000  0.199932297576641E+001  0.571896677050331E+000  0.357958466552994E+000 -0.131028262406404E+000 -0.142010414796203E+003
  0.626817455895128E+000  0.283550120200402E+003  0.198384264429278E+001  0.747891323149336E+000  0.468421947682773E+000  0.134538756436101E+000 -0.131028262406404E+000 -0.142008610066732E+003
  0.626817455895128E+000  0.283538816823910E+003  0.850047606086638E+000  0.864613976594775E+000  0.417264570307955E-001  0.348326502448194E+000 -0.131028262406404E+000 -0.142002958378486E+003
  0.626817455895128E+000  0.283535489816731E+003  0.747430592275959E+000  0.128858665588512E+001  0.217765275947015E+000  0.370090608626569E+000 -0.131028262406404E+000 -0.142001294874896E+003
  0.626817455895128E+000  0.283527158324940E+003  0.970806420196735E+000  0.133215428616966E+001  0.552509914870219E+000  0.278766713540633E+000 -0.131028262406404E+000 -0.141997129129001E+003
  0.626817455895128E+000  0.283526724577468E+003  0.143248232142167E+001  0.153841298521666E+001  0.593587251734195E+000  0.186865236693008E+000 -0.131028262406404E+000 -0.141996912255264E+003
  0.626817455895128E+000  0.283521275865539E+003  0.745475700864317E+000  0.168884584287947E+001  0.192789054764757E+000  0.390691218389261E+000 -0.131028262406404E+000 -0.141994187899300E+003
  0.626817455895128E+000  0.283521256701616E+003  0.680469785738556E+000  0.170810008446192E+001  0.866520393195171E-001  0.441911530930567E+000 -0.131028262406404E+000 -0.141994178317339E+003
  0.626817455895128E+000  0.283520065071836E+003  0.184976351640160E+001  0.760809392767051E+000  0.907698839167880E+000  0.146121691022396E+000 -0.131028262406404E+000 -0.141993582502449E+003
  0.626817455895128E+000  0.283501692571229E+003  0.182068001786792E+001  0.512177683394272E+000  0.442160326133524E+000  0.152657842620815E+000 -0.131028262406404E+000 -0.141984396252145E+003
  0.626817455895128E+000  0.283497161456737E+003  0.172669039697705E+001  0.791585886885874E+000  0.690835330483125E+000  0.158006137710117E+000 -0.131028262406404E+000 -0.141982130694899E+003
  0.626817455895128E+000  0.283496671576385E+003  0.176496410975815E+001  0.121524557010361E+001  0.690253943778501E+000  0.151948701072942E+000 -0.131028262406404E+000 -0.141981885754723E+003
  0.626817455895128E+000  0.283494148469255E+003  0.916070249945655E+000  0.138960896725115E+001  0.128619604589948E-001  0.299958701584466E+000 -0.131028262406404E+000 -0.141980624201158E+003
  0.626817455895128E+000  0.283493554616888E+003  0.179013195804757E+001  0.129069501104510E+001  0.960532053476853E+000  0.149852249091740E+000 -0.131028262406404E+000 -0.141980327274975E+003
  0.626817455895128E+000  0.283489569865272E+003  0.152282429510628E+001  0.865626385505931E+000  0.120861343333991E+000  0.179973224298643E+000 -0.131028262406404E+000 -0.141978334899167E+003
  0.626817455895128E+000  0.283487458135560E+003  0.192960245366386E+001  0.594314744135139E+000  0.875944385611199E-001  0.142926943304840E+000 -0.131028262406404E+000 -0.141977279034311E+003
  0.626817455895128E+000  0.283481400862694E+003  0.124947279760162E+001  0.170405262981670E+001  0.994392200894944E+000  0.221486188134843E+000 -0.131028262406404E+000 -0.141974250397878E+003
  0.626817455895128E+000  0.283474168322924E+003  0.775929400605046E+000  0.192222762900268E+001  0.753447122401121E+000  0.435000399129316E+000 -0.131028262406404E+000 -0.141970634127993E+003
  0.626817455895128E+000  0.283467863834959E+003  0.127203513514238E+001  0.190207627931321E+001  0.147113657506981E+000  0.224232872998177E+000 -0.131028262406404E+000 -0.141967481884010E+003
  0.626817455895128E+000  0.283465878011461E+003  0.114619705706138E+001  0.179281335743948E+001  0.916920691968873E+000  0.247659026470969E+000 -0.131028262406404E+000 -0.141966488972261E+003
  0.626817455895128E+000  0.283464357209952E+003  0.116916114079336E+001  0.181431727875359E+001  0.735309429833730E+000  0.243231630382336E+000 -0.131028262406404E+000 -0.141965728571507E+003
  0.626817455895128E+000  0.283464264598240E+003  0.141754394795979E+001  0.190892944895714E+001  0.261168906637204E+000  0.199094334143419E+000 -0.131028262406404E+000 -0.141965682265650E+003
  0.626817455895128E+000  0.283462315768799E+003  0.763845416332235E+000  0.128951612230701E+001  0.161219368792203E+000  0.370279517341082E+000 -0.131028262406404E+000 -0.141964707850930E+003
  0.626817455895128E+000  0.283460891246015E+003  0.654405660346405E+000  0.142335478478248E+001  0.638166754572800E+000  0.441851898500286E+000 -0.131028262406404E+000 -0.141963995589538E+003
  0.626817455895128E+000  0.283459545009137E+003  0.883179007103270E+000  0.612342054378126E+000  0.126477937938048E+000  0.499434718606809E+000 -0.131028262406404E+000 -0.141963322471099E+003
  0.626817455895128E+000  0.283456828889982E+003  0.972117170828703E+000  0.169318327268967E+001  0.171603100897988E+000  0.293683168845190E+000 -0.131028262406404E+000 -0.141961964411522E+003
  0.626817455895128E+000  0.283448725189211E+003  0.820842546474936E+000  0.742319533545835E+000  0.749085393491395E+000  0.423524673563532E+000 -0.131028262406404E+000 -0.141957912561136E+003
  0.626817455895128E+000  0.283443171417052E+003  0.129087481970277E+001  0.182293610960208E+001  0.197446526033233E+000  0.219828884211687E+000 -0.131028262406404E+000 -0.141955135675056E+003
  0.626817455895128E+000  0.283440432242503E+003  0.799935711285874E+000  0.768401353311162E+000  0.261710246697697E+000  0.436211062152773E+000 -0.131028262406404E+000 -0.141953766087782E+003
  0.626817455895128E+000  0.283436905104176E+003  0.993074633935651E+000  0.155722359581318E+001  0.460740571285436E+000  0.283410989424901E+000 -0.131028262406404E+000 -0.141952002518619E+003
  0.626817455895128E+000  0.283432322089687E+003  0.989153195712310E+000  0.153730119872096E+001  0.792878141591416E+000  0.284514261111135E+000 -0.131028262406404E+000 -0.141949711011374E+003
  0.626817455895128E+000  0.283427456695518E+003  0.167141435330997E+001  0.128483055396878E+001  0.886141880409040E+000  0.164165208972444E+000 -0.131028262406404E+000 -0.141947278314290E+003
  0.626817455895128E+000  0.283426412779046E+003  0.979570454531363E+000  0.506490854661833E+000  0.632904924285717E+000  0.424576607121907E+000 -0.131028262406404E+000 -0.141946756356054E+003
  0.626817455895128E+000  0.283422757340568E+003  0.118799861193760E+001  0.182428254964581E+001  0.109439253841109E+000  0.242970825655604E+000 -0.131028262406404E+000 -0.141944928636815E+003
  0.626817455895128E+000  0.283418221843570E+003  0.999428193798722E+000  0.824680125520262E+000  0.898083863418863E+000  0.299791126878729E+000 -0.131028262406404E+000 -0.141942660888316E+003
  0.626817455895128E+000  0.283415377546632E+003  0.131469694294214E+001  0.544837828072900E+000  0.443684593012603E+000  0.229638703567578E+000 -0.131028262406404E+000 -0.141941238739847E+003
  0.626817455895128E+000  0.283404621693800E+003  0.975787592129155E+000  0.171130674277967E+001  0.586705765877213E+000  0.299057865938362E+000 -0.131028262406404E+000 -0.141935860813431E+003
  0.626817455895128E+000  0.283401389547153E+003  0.879700141950465E+000  0.149515782255794E+001  0.379524558277968E+000  0.325146618953628E+000 -0.131028262406404E+000 -0.141934244740107E+003
  0.626817455895128E+000  0.283401178965531E+003  0.116079072389329E+001  0.986438037925553E+000  0.718086366144478E+000  0.245477165199550E+000 -0.131028262406404E+000 -0.141934139449296E+003
  0.626817455895128E+000  0.283392400982499E+003  0.167630404967503E+001  0.114964170903778E+001  0.886275674925920E+000  0.165848380399900E+000 -0.131028262406404E+000 -0.141929750457780E+003
  0.626817455895128E+000  0.283390871166326E+003  0.167308667022298E+001  0.184339183987180E+001  0.928295964332679E+000  0.169569166653359E+000 -0.131028262406404E+000 -0.141928985549694E+003
  0.626817455895128E+000  0.283388709446983E+003  0.840932266157079E+000  0.105765490557769E+001  0.143048018644468E+000  0.351703541539218E+000 -0.131028262406404E+000 -0.141927904690022E+003
  0.626817455895128E+000  0.283382707298556E+003  0.974292521220540E+000  0.189329814841957E+001  0.199805587060512E+000  0.318796084895335E+000 -0.131028262406404E+000 -0.141924903615809E+003
  0.626817455895128E+000  0.283374118904813E+003  0.931279424698509E+000  0.585881794197686E+000  0.601603166752001E+000  0.476770575379401E+000 -0.131028262406404E+000 -0.141920609418937E+003
  0.626817455895128E+000  0.283372854907321E+003  0.887133131582990E+000  0.179983517267477E+001  0.462105832863623E+000  0.347657130158324E+000 -0.131028262406404E+000 -0.141919977420191E+003
  0.626817455895128E+000  0.283371273610582E+003  0.861808018511120E+000  0.680519869438062E+000  0.582242279119929E+000  0.446180781134270E+000 -0.131028262406404E+000 -0.141919186771822E+003
  0.626817455895128E+000  0.283364309216317E+003  0.165073420366963E+001  0.732752927392982E+000  0.872165046037289E+000  0.174234187671560E+000 -0.131028262406404E+000 -0.141915704574689E+003
  0.626817455895128E+000  0.283347370323525E+003  0.100917961603575E+001  0.161134574337709E+001  0.341451391361476E+000  0.289051455421121E+000 -0.131028262406404E+000 -0.141907235128293E+003
  0.626817455895128E+000  0.283347014379263E+003  0.112997759891635E+001  0.157404160645868E+001  0.703649912497082E+000  0.254873512843107E+000 -0.131028262406404E+000 -0.141907057156162E+003
  0.626817455895128E+000  0.283346275061176E+003  0.857688867271353E+000  0.680703036840003E+000  0.505726933179685E+000  0.483419675720373E+000 -0.131028262406404E+000 -0.141906687497119E+003
  0.626817455895128E+000  0.283344842066318E+003  0.185896497859035E+001  0.129872801791604E+001  0.468457240493896E+000  0.151372220912455E+000 -0.131028262406404E+000 -0.141905970999690E+003
  0.626817455895128E+000  0.283344751516646E+003  0.695465867168598E+000  0.124490805313150E+001  0.316435442134133E+000  0.432157759734061E+000 -0.131028262406404E+000 -0.141905925724854E+003
  0.626817455895128E+000  0.283344086311295E+003  0.975583616970407E+000  0.819536881953437E+000  0.798550916722646E+000  0.319207483642089E+000 -0.131028262406404E+000 -0.141905593122178E+003
  0.626817455895128E+000  0.283330495942804E+003  0.106853025652021E+001  0.115564796755701E+001  0.946652799297279E+000  0.270468650874808E+000 -0.131028262406404E+000 -0.141898797937932E+003
  0.626817455895128E+000  0.283314634632665E+003  0.939124426014962E+000  0.112798768481444E+001  0.886117308728725E+000  0.313921067351419E+000 -0.131028262406404E+000 -0.141890867282863E+003
  0.626817455895128E+000  0.283312197504372E+003  0.147344072409461E+001  0.181266327658307E+001  0.796067929825753E+000  0.199109881037620E+000 -0.131028262406404E+000 -0.141889648718717E+003
  0.626817455895128E+000  0.283308154672686E+003  0.121505383552822E+001  0.755804215705706E+000  0.293346227553425E+000  0.250299602964499E+000 -0.131028262406404E+000 -0.141887627302874E+003
  0.626817455895128E+000  0.283307663716575E+003  0.640982676968942E+000  0.122720721182626E+001  0.161243948471385E+000  0.486858239374625E+000 -0.131028262406404E+000 -0.141887381824818E+003
  0.626817455895128E+000  0.283306007384138E+003  0.137331115218794E+001  0.940798937574270E+000  0.837863647582026E+000  0.212344766170800E+000 -0.131028262406404E+000 -0.141886553658599E+003
  0.626817455895128E+000  0.283300525912668E+003  0.105883275954592E+001  0.106617633649248E+001  0.144730278640563E+000  0.278310266084387E+000 -0.131028262406404E+000 -0.141883812922865E+003
  0.626817455895128E+000  0.283296031186947E+003  0.622905584295746E+000  0.140695510863151E+001  0.387266905191901E+000  0.496884779420409E+000 -0.131028262406404E+000 -0.141881565560004E+003
  0.626817455895128E+000  0.283295783866732E+003  0.124048537142884E+001  0.976101664265049E+000  0.738803123425568E+000  0.236937701326229E+000 -0.131028262406404E+000 -0.141881441899897E+003
  0.626817455895128E+000  0.283282777983182E+003  0.134863550086411E+001  0.101946420922292E+001  0.192319787682967E+000  0.216713113497181E+000 -0.131028262406404E+000 -0.141874938958122E+003
  0.626817455895128E+000  0.283276639602439E+003  0.159361033316791E+001  0.609269383107349E+000  0.175661201627837E+000  0.189597043982205E+000 -0.131028262406404E+000 -0.141871869767750E+003
  0.626817455895128E+000  0.283276290579427E+003  0.736488018379372E+000  0.107007702677811E+001  0.147679043878491E-001  0.432742552816311E+000 -0.131028262406404E+000 -0.141871695256244E+003
  0.626817455895128E+000  0.283267447431587E+003  0.685447269552521E+000  0.149066021811832E+001  0.422757649655311E+000  0.451295137799591E+000 -0.131028262406404E+000 -0.141867273682324E+003
  0.626817455895128E+000  0.283258337234569E+003  0.793354028367919E+000  0.170000158863208E+001  0.481686714646524E+000  0.402655007554836E+000 -0.131028262406404E+000 -0.141862718583815E+003
  0.626817455895128E+000  0.283257255402487E+003  0.177129966949690E+001  0.719916384820150E+000  0.514732342883664E+000  0.167700748342555E+000 -0.131028262406404E+000 -0.141862177667774E+003
  0.626817455895128E+000  0.283256993092350E+003  0.168151463998060E+001  0.156136373160122E+001  0.456410293723142E+000  0.173427114660460E+000 -0.131028262406404E+000 -0.141862046512706E+003
  0.626817455895128E+000  0.283256903505250E+003  0.937815910982862E+000  0.633299752238379E+000  0.406588893681594E+000  0.425915208219652E+000 -0.131028262406404E+000 -0.141862001719156E+003
  0.626817455895128E+000  0.283250921379198E+003  0.138116484130331E+001  0.737716773060657E+000  0.341942137418589E+000  0.220789301531946E+000 -0.131028262406404E+000 -0.141859010656130E+003
  0.626817455895128E+000  0.283250034050728E+003  0.171614574883966E+001  0.188749564278145E+001  0.545290020153526E+000  0.174095928607269E+000 -0.131028262406404E+000 -0.141858566991895E+003
  0.626817455895128E+000  0.283249920335401E+003  0.139119000994934E+001  0.737037850719314E+000  0.348263971629112E+000  0.219073515653942E+000 -0.131028262406404E+000 -0.141858510134231E+003
  0.626817455895128E+000  0.283249645590899E+003  0.135310635564653E+001  0.170871792006839E+001  0.401849109208921E+000  0.220484518541546E+000 -0.131028262406404E+000 -0.141858372761980E+003
  0.626817455895128E+000  0.283246214877380E+003  0.101635098012158E+001  0.537738493415657E+000  0.635999540221013E-001  0.443903542837165E+000 -0.131028262406404E+000 -0.141856657405221E+003
  0.626817455895128E+000  0.283244400341001E+003  0.178870135397859E+001  0.143246744366389E+001  0.361523241121181E-001  0.162876687199422E+000 -0.131028262406404E+000 -0.141855750137031E+003
  0.626817455895128E+000  0.283242165573548E+003  0.145989201778385E+001  0.129560360937635E+001  0.722271867296902E+000  0.200233266125332E+000 -0.131028262406404E+000 -0.141854632753305E+003
  0.626817455895128E+000  0.283240240983809E+003  0.130502202997441E+001  0.840836722292085E+000  0.941845622313812E+000  0.232467520589775E+000 -0.131028262406404E+000 -0.141853670458435E+003
  0.626817455895128E+000  0.283239771870421E+003  0.807629746307607E+000  0.788089167750791E+000  0.405115172942159E+000  0.493416066757212E+000 -0.131028262406404E+000 -0.141853435901741E+003
  0.626817455895128E+000  0.283239409194251E+003  0.934311406724728E+000  0.106835086403260E+001  0.186223223905787E+000  0.327106415944027E+000 -0.131028262406404E+000 -0.141853254563656E+003
  0.626817455895128E+000  0.283239209954178E+003  0.802280528332648E+000  0.192916766843834E+001  0.292184028041347E+000  0.488607801971332E+000 -0.131028262406404E+000 -0.141853154943620E+003
  0.626817455895128E+000  0.283238527885179E+003  0.197935377428952E+001  0.195497760392554E+001  0.871337766618526E+000  0.400257153623952E+000 -0.131028262406404E+000 -0.141852813909120E+003
  0.626817455895128E+000  0.283237554375736E+003  0.170600204224397E+001  0.195333656320943E+001  0.595967423691679E+000  0.467230293451313E+000 -0.131028262406404E+000 -0.141852327154399E+003
  0.626817455895128E+000  0.283232346505646E+003  0.152567141940500E+001  0.117103073242702E+001  0.523013227234896E+000  0.192361857064029E+000 -0.131028262406404E+000 -0.141849723219354E+003
  0.626817455895128E+000  0.283222419465725E+003  0.193206669502452E+001  0.173471886093433E+001  0.327205482346176E+000  0.432162912404056E+000 -0.131028262406404E+000 -0.141844759699393E+003
  0.626817455895128E+000  0.283220892130036E+003  0.924015200946680E+000  0.917107089606030E+000  0.493178966666497E-001  0.347587489025234E+000 -0.131028262406404E+000 -0.141843996031549E+003
  0.626817455895128E+000  0.283219141690162E+003  0.187770786994526E+001  0.543138418489256E+000  0.121515280786098E+000  0.493761271815838E+000 -0.131028262406404E+000 -0.141843120811612E+003
  0.626817455895128E+000  0.283210411653083E+003  0.718269852104584E+000  0.110417101772284E+001  0.285409813032006E+000  0.453514997708444E+000 -0.131028262406404E+000 -0.141838755793072E+003
  0.626817455895128E+000  0.283207093042215E+003  0.167637767710152E+001  0.190858193920780E+001  0.553274917336431E+000  0.181756520371345E+000 -0.131028262406404E+000 -0.141837096487638E+003
  0.626817455895128E+000  0.283207026244499E+003  0.102911862435379E+001  0.185697186500884E+001  0.970644836672538E+000  0.315807838021689E+000 -0.131028262406404E+000 -0.141837063088780E+003
  0.626817455895128E+000  0.283202860141892E+003  0.128164837255361E+001  0.184350219709155E+001  0.572480099088488E+000  0.242825062645797E+000 -0.131028262406404E+000 -0.141834980037477E+003
  0.626817455895128E+000  0.283190703742353E+003  0.893898053322252E+000  0.121848595034849E+001  0.921410190724739E+000  0.342535203057834E+000 -0.131028262406404E+000 -0.141828901837707E+003
  0.626817455895128E+000  0.283185819323922E+003  0.154884100271719E+001  0.662074092484471E+000  0.509500945752698E+000  0.200740863118729E+000 -0.131028262406404E+000 -0.141826459628491E+003
  0.626817455895128E+000  0.283184426723732E+003  0.145358609608961E+001  0.178750109437943E+001  0.334811604172089E+000  0.210837027885233E+000 -0.131028262406404E+000 -0.141825763328397E+003
  0.626817455895128E+000  0.283184116128204E+003  0.833873179707150E+000  0.173709251101271E+001  0.726550407828506E-001  0.395926651096053E+000 -0.131028262406404E+000 -0.141825608030633E+003
  0.626817455895128E+000  0.283177385220187E+003  0.100462584563295E+001  0.142736413265369E+001  0.628742092023878E+000  0.302468826485826E+000 -0.131028262406404E+000 -0.141822242576624E+003
  0.626817455895128E+000  0.283175867629005E+003  0.145773244072512E+001  0.145538748661577E+001  0.908126161824802E-001  0.205495662130360E+000 -0.131028262406404E+000 -0.141821483781033E+003
  0.626817455895128E+000  0.283174023739570E+003  0.820563709965042E+000  0.113180147874857E+001  0.532536163569330E+000  0.385090537660448E+000 -0.131028262406404E+000 -0.141820561836316E+003
  0.626817455895128E+000  0.283172950499126E+003  0.197185598619298E+001  0.181160496612568E+001  0.464127554831570E+000  0.153450425545423E+000 -0.131028262406404E+000 -0.141820025216094E+003
  0.626817455895128E+000  0.283171721115001E+003  0.825728261856351E+000  0.132916671466379E+001  0.451533297827041E+000  0.374036015159672E+000 -0.131028262406404E+000 -0.141819410524031E+003
  0.626817455895128E+000  0.283165830020917E+003  0.682370981987286E+000  0.143435389139563E+001  0.112851031114274E+000  0.467250121781948E+000 -0.131028262406404E+000 -0.141816464976989E+003
  0.626817455895128E+000  0.283160548583866E+003  0.112057837029689E+001  0.198734801742796E+001  0.259022445425645E+000  0.305133246559254E+000 -0.131028262406404E+000 -0.141813824258464E+003
  0.626817455895128E+000  0.283155406154582E+003  0.100384388975636E+001  0.182121525735156E+001  0.397789289979022E+000  0.328471120301719E+000 -0.131028262406404E+000 -0.141811253043822E+003
  0.626817455895128E+000  0.283153235236128E+003  0.683884215966579E+000  0.134891710072727E+001  0.164830726609335E+000  0.467277391024486E+000 -0.131028262406404E+000 -0.141810167584595E+003
  0.626817455895128E+000  0.283151206193401E+003  0.119139206730872E+001  0.544595400657291E+000  0.302764348616046E+000  0.297127805452824E+000 -0.131028262406404E+000 -0.141809153063231E+003
  0.626817455895128E+000  0.283150239572579E+003  0.194508823717328E+001  0.100849191642449E+001  0.401760981360373E+000  0.154900914005733E+000 -0.131028262406404E+000 -0.141808669752820E+003
  0.626817455895128E+000  0.283150125355669E+003  0.173676820800118E+001  0.168422203558671E+001  0.968812706090178E+000  0.175077613131720E+000 -0.131028262406404E+000 -0.141808612644365E+003
  0.626817455895128E+000  0.283146292037856E+003  0.120915782225548E+001  0.191503507306097E+001  0.612626745504689E+000  0.270522921366324E+000 -0.131028262406404E+000 -0.141806695985459E+003
  0.626817455895128E+000  0.283145482295604E+003  0.126498723687769E+001  0.185271766037300E+001  0.235448937786027E+000  0.252435175640277E+000 -0.131028262406404E+000 -0.141806291114333E+003
  0.626817455895128E+000  0.283143895650303E+003  0.826226579899408E+000  0.131531150609599E+001  0.997390093615185E+000  0.377486264951236E+000 -0.131028262406404E+000 -0.141805497791682E+003
  0.626817455895128E+000  0.283139268291698E+003  0.130207924261297E+001  0.115022282274180E+001  0.987539050658930E+000  0.233904423319073E+000 -0.131028262406404E+000 -0.141803184112380E+003
  0.626817455895128E+000  0.283136449532346E+003  0.125786510810619E+001  0.182036056751198E+001  0.455317313356278E+000  0.253209660154136E+000 -0.131028262406404E+000 -0.141801774732704E+003
  0.626817455895128E+000  0.283130640987651E+003  0.199458628776801E+001  0.777869673030236E+000  0.806870720158501E-001  0.469577634517031E+000 -0.131028262406404E+000 -0.141798870460356E+003
  0.626817455895128E+000  0.283128283223635E+003  0.822928848867152E+000  0.137870816522767E+001  0.592054822403909E-001  0.381026418292308E+000 -0.131028262406404E+000 -0.141797691578348E+003
  0.626817455895128E+000  0.283127343700659E+003  0.137381810169185E+001  0.178432670899348E+001  0.589289670892063E+000  0.228809247846433E+000 -0.131028262406404E+000 -0.141797221816860E+003
  0.626817455895128E+000  0.283123290131502E+003  0.183442527689088E+001  0.909818814154240E+000  0.557421582785793E+000  0.166786412155429E+000 -0.131028262406404E+000 -0.141795195032282E+003
  0.626817455895128E+000  0.283122128498852E+003  0.701759304088862E+000  0.164858637013980E+001  0.431791339684400E+000  0.485974034211874E+000 -0.131028262406404E+000 -0.141794614215956E+003
  0.626817455895128E+000  0.283119639721637E+003  0.124828333770127E+001  0.191203261693118E+001  0.581951408592325E+000  0.262927614466713E+000 -0.131028262406404E+000 -0.141793369827349E+003
  0.626817455895128E+000  0.283113476430798E+003  0.139897092706268E+001  0.725809767417633E+000  0.802486066355362E+000  0.229174526528751E+000 -0.131028262406404E+000 -0.141790288181930E+003
  0.626817455895128E+000  0.283111816613829E+003  0.163757487650539E+001  0.187408340781020E+001  0.260207627842773E+000  0.192265234720917E+000 -0.131028262406404E+000 -0.141789458273445E+003
  0.626817455895128E+000  0.283104541132953E+003  0.156831585648586E+001  0.187495183703173E+001  0.180189232487201E+000  0.202147768539086E+000 -0.131028262406404E+000 -0.141785820533007E+003
  0.626817455895128E+000  0.283096672087710E+003  0.747967656712139E+000  0.167572950792200E+001  0.444364712687080E+000  0.458314808033462E+000 -0.131028262406404E+000 -0.141781886010386E+003
  0.626817455895128E+000  0.283091924143292E+003  0.162988964168151E+001  0.150995560385246E+001  0.944882449623770E+000  0.188898042358847E+000 -0.131028262406404E+000 -0.141779512038176E+003
  0.626817455895128E+000  0.283089255157218E+003  0.157469070988064E+001  0.196088920688105E+001  0.395730852557659E-001  0.487295819250691E+000 -0.131028262406404E+000 -0.141778177545139E+003
  0.626817455895128E+000  0.283088781705174E+003  0.960006607756642E+000  0.662671661658076E+000  0.820383097533517E+000  0.453639914797904E+000 -0.131028262406404E+000 -0.141777940819118E+003
  0.626817455895128E+000  0.283086702639560E+003  0.110247130156738E+001  0.113542454713148E+001  0.247363698334378E+000  0.284271567025603E+000 -0.131028262406404E+000 -0.141776901286311E+003
  0.626817455895128E+000  0.283077653457572E+003  0.136213982475531E+001  0.161183375821151E+001  0.580887705102856E+000  0.230191442295422E+000 -0.131028262406404E+000 -0.141772376695317E+003
  0.626817455895128E+000  0.283071035160683E+003  0.152606859662213E+001  0.183217550165864E+001  0.711224023167136E+000  0.209651114144472E+000 -0.131028262406404E+000 -0.141769067546872E+003
  0.626817455895128E+000  0.283069429907143E+003  0.819189512042021E+000  0.187271280319676E+001  0.550645343455958E+000  0.481855174420631E+000 -0.131028262406404E+000 -0.141768264920102E+003
  0.626817455895128E+000  0.283056626348493E+003  0.106616319191850E+001  0.121956637437711E+001  0.671108390658378E+000  0.295846074691566E+000 -0.131028262406404E+000 -0.141761863140777E+003
  0.626817455895128E+000  0.283056173799920E+003  0.985824144782191E+000  0.652713997397006E+000  0.603216147070401E+000  0.496613023677251E+000 -0.131028262406404E+000 -0.141761636866491E+003
  0.626817455895128E+000  0.283055101411576E+003  0.811144965003829E+000  0.857186934869132E+000  0.784888206667848E+000  0.498635200473289E+000 -0.131028262406404E+000 -0.141761100672319E+003
  0.626817455895128E+000  0.283053678260659E+003  0.178748214334866E+001  0.194437502543209E+001  0.857738546536796E+000  0.180121169754565E+000 -0.131028262406404E+000 -0.141760389096860E+003
  0.626817455895128E+000  0.283051054722340E+003  0.192020039755059E+001  0.178175147008508E+001  0.192695611721014E+000  0.417280284267030E+000 -0.131028262406404E+000 -0.141759077327700E+003
  0.626817455895128E+000  0.283049041776193E+003  0.941261460623844E+000  0.798644605284241E+000  0.574086984213697E+000  0.390686044967106E+000 -0.131028262406404E+000 -0.141758070854627E+003
  0.626817455895128E+000  0.283048176709571E+003  0.111153561991101E+001  0.788496750696577E+000  0.316309271261415E+000  0.306767437984703E+000 -0.131028262406404E+000 -0.141757638321316E+003
  0.626817455895128E+000  0.283046763514679E+003  0.704936855579082E+000  0.114418565407280E+001  0.137502263269839E-001  0.489601156208671E+000 -0.131028262406404E+000 -0.141756931723870E+003
  0.626817455895128E+000  0.283042934925064E+003  0.172648097661221E+001  0.118879716153791E+001  0.677139143912651E+000  0.180434488583389E+000 -0.131028262406404E+000 -0.141755017429062E+003
  0.626817455895128E+000  0.283041099235772E+003  0.139319618980850E+001  0.159672745103621E+001  0.128742324823574E-001  0.227374895444008E+000 -0.131028262406404E+000 -0.141754099584416E+003
  0.626817455895128E+000  0.283035475519959E+003  0.109668678622539E+001  0.172943208244721E+001  0.573377181023782E+000  0.301520072641561E+000 -0.131028262406404E+000 -0.141751287726510E+003
  0.626817455895128E+000  0.283032637728345E+003  0.105928305595100E+001  0.102761881535958E+001  0.452607128849718E+000  0.307048516919906E+000 -0.131028262406404E+000 -0.141749868830703E+003
  0.626817455895128E+000  0.283031919425098E+003  0.910677376785765E+000  0.106048984835059E+001  0.102396834983290E+000  0.364089332735350E+000 -0.131028262406404E+000 -0.141749509679080E+003
  0.626817455895128E+000  0.283029056307303E+003  0.180890598212643E+001  0.174557395513616E+001  0.408468016220021E+000  0.454131083200051E+000 -0.131028262406404E+000 -0.141748078120182E+003
  0.626817455895128E+000  0.283027862066062E+003  0.181452830963064E+001  0.170480226487600E+001  0.430120076371010E+000  0.458448341715499E+000 -0.131028262406404E+000 -0.141747480999562E+003
  0.626817455895128E+000  0.283025462620330E+003  0.195384213725478E+001  0.754750017917186E+000  0.473258063186324E+000  0.163109936461949E+000 -0.131028262406404E+000 -0.141746281276696E+003
  0.626817455895128E+000  0.283025199872268E+003  0.103661698042438E+001  0.684424239577428E+000  0.321305129865310E+000  0.367606407627612E+000 -0.131028262406404E+000 -0.141746149902665E+003
  0.626817455895128E+000  0.283024006795666E+003  0.873555298933332E+000  0.111761872305816E+001  0.899250971621831E+000  0.378609023753641E+000 -0.131028262406404E+000 -0.141745553364364E+003
  0.626817455895128E+000  0.283020688695608E+003  0.105117389730570E+001  0.599597951669914E+000  0.655048448343496E+000  0.473887978985657E+000 -0.131028262406404E+000 -0.141743894314335E+003
  0.626817455895128E+000  0.283017440678450E+003  0.809300099648706E+000  0.136833066962900E+001  0.159688873584725E+000  0.403134351831320E+000 -0.131028262406404E+000 -0.141742270305756E+003
  0.626817455895128E+000  0.283015585877934E+003  0.115067502363308E+001  0.695234303203621E+000  0.622775813589835E+000  0.308544780411412E+000 -0.131028262406404E+000 -0.141741342905498E+003
  0.626817455895128E+000  0.283012234118887E+003  0.193082405601683E+001  0.612029405929728E+000  0.649097956473241E+000  0.168163419454460E+000 -0.131028262406404E+000 -0.141739667025974E+003
  0.626817455895128E+000  0.283002422339591E+003  0.104445249797563E+001  0.124416084972093E+001  0.123473276013402E+000  0.307602002636728E+000 -0.131028262406404E+000 -0.141734761136326E+003
  0.626817455895128E+000  0.282998753070135E+003  0.113576556338604E+001  0.543731336864253E+000  0.481258258331562E+000  0.363390222741470E+000 -0.131028262406404E+000 -0.141732926501598E+003
  0.626817455895128E+000  0.282996631097200E+003  0.748656726126417E+000  0.160725468961493E+001  0.800286189101590E+000  0.462376558244569E+000 -0.131028262406404E+000 -0.141731865515131E+003
  0.626817455895128E+000  0.282995894364853E+003  0.103336267891385E+001  0.758771816658612E+000  0.444430860918449E+000  0.354021779164946E+000 -0.131028262406404E+000 -0.141731497148957E+003
  0.626817455895128E+000  0.282991491016377E+003  0.130821141511852E+001  0.158830604633825E+001  0.867644184623883E+000  0.247004190947327E+000 -0.131028262406404E+000 -0.141729295474719E+003
  0.626817455895128E+000  0.282985104056937E+003  0.882736077675320E+000  0.137994265987166E+001  0.920616373600051E+000  0.370295376039890E+000 -0.131028262406404E+000 -0.141726101994999E+003
  0.626817455895128E+000  0.282983569757406E+003  0.192774426240584E+001  0.169015762468765E+001  0.387493326719434E+000  0.419492688094623E+000 -0.131028262406404E+000 -0.141725334845234E+003
  0.626817455895128E+000  0.282976160130152E+003  0.174890720754884E+001  0.535097343571612E+000  0.693860797211200E+000  0.491775992194732E+000 -0.131028262406404E+000 -0.141721630031607E+003
  0.626817455895128E+000  0.282970363181634E+003  0.199531772655266E+001  0.196682839287071E+001  0.952679151249681E+000  0.375821300676183E+000 -0.131028262406404E+000 -0.141718731557348E+003
  0.626817455895128E+000  0.282961594562500E+003  0.995633275677246E+000  0.172804751456058E+001  0.114657420996386E+000  0.347332260743856E+000 -0.131028262406404E+000 -0.141714347247781E+003
  0.626817455895128E+000  0.282961237976270E+003  0.189284638037479E+001  0.174789162391202E+001  0.184623539847294E+000  0.421456637034801E+000 -0.131028262406404E+000 -0.141714168954666E+003
  0.626817455895128E+000  0.282958774468513E+003  0.197230901179549E+001  0.623006433800202E+000  0.280613853934023E+000  0.167290787450582E+000 -0.131028262406404E+000 -0.141712937200787E+003
  0.626817455895128E+000  0.282953731884640E+003  0.724012492551920E+000  0.124388290617994E+001  0.313626579225491E+000  0.474907836104269E+000 -0.131028262406404E+000 -0.141710415908851E+003
  0.626817455895128E+000  0.282953049101322E+003  0.102457441394590E+001  0.895350150071358E+000  0.883048215324423E+000  0.341278022444999E+000 -0.131028262406404E+000 -0.141710074517192E+003
  0.626817455895128E+000  0.282948259539323E+003  0.144584633693291E+001  0.172254333949261E+001  0.898889661385462E+000  0.229178550510518E+000 -0.131028262406404E+000 -0.141707679736192E+003
  0.626817455895128E+000  0.282944523096430E+003  0.119413038806615E+001  0.142320656162954E+001  0.386399318119723E+000  0.272716592998366E+000 -0.131028262406404E+000 -0.141705811514746E+003
  0.626817455895128E+000  0.282944023409952E+003  0.814505265175966E+000  0.130122834384609E+001  0.467796612400992E+000  0.411235347995182E+000 -0.131028262406404E+000 -0.141705561671507E+003
  0.626817455895128E+000  0.282942489394558E+003  0.969275326126011E+000  0.174025864866340E+001  0.346851157625040E-001  0.363253488946040E+000 -0.131028262406404E+000 -0.141704794663810E+003
  0.626817455895128E+000  0.282940692651190E+003  0.182196734532649E+001  0.135981949241154E+001  0.855586776236674E+000  0.176830341522627E+000 -0.131028262406404E+000 -0.141703896292126E+003
  0.626817455895128E+000  0.282940324270947E+003  0.109047943799544E+001  0.758131157978695E+000  0.536932135474840E+000  0.334960802283959E+000 -0.131028262406404E+000 -0.141703712102004E+003
  0.626817455895128E+000  0.282940059612285E+003  0.994808429088034E+000  0.824761527765398E+000  0.727282432596751E+000  0.370491612355509E+000 -0.131028262406404E+000 -0.141703579772673E+003
  0.626817455895128E+000  0.282935934985916E+003  0.112733873907549E+001  0.649021468379903E+000  0.339708427715972E+000  0.342014943236274E+000 -0.131028262406404E+000 -0.141701517459489E+003
  0.626817455895128E+000  0.282932739766994E+003  0.188685458131492E+001  0.142202933037943E+001  0.305343768813574E-001  0.459373434980181E+000 -0.131028262406404E+000 -0.141699919850028E+003
  0.626817455895128E+000  0.282931322714428E+003  0.136125319201149E+001  0.130189822422952E+001  0.664145221045579E-001  0.238597533075464E+000 -0.131028262406404E+000 -0.141699211323745E+003
  0.626817455895128E+000  0.282930042390224E+003  0.127428059008337E+001  0.164183660387457E+001  0.500865481907935E-001  0.261341271037144E+000 -0.131028262406404E+000 -0.141698571161643E+003
  0.626817455895128E+000  0.282925838035927E+003  0.192742937615964E+001  0.650963716516359E+000  0.398026345465637E+000  0.468046605319098E+000 -0.131028262406404E+000 -0.141696468984494E+003
  0.626817455895128E+000  0.282924177279894E+003  0.122699803553498E+001  0.600847194049554E+000  0.496226505050622E+000  0.307972138852520E+000 -0.131028262406404E+000 -0.141695638606478E+003
  0.626817455895128E+000  0.282917862871827E+003  0.100584735205165E+001  0.199483686359726E+001  0.177785676088589E+000  0.490742187032679E+000 -0.131028262406404E+000 -0.141692481402444E+003
  0.626817455895128E+000  0.282917155441720E+003  0.935826178824780E+000  0.827090033393883E+000  0.770744355658128E+000  0.415590264135742E+000 -0.131028262406404E+000 -0.141692127687391E+003
  0.626817455895128E+000  0.282911182911683E+003  0.856337214196453E+000  0.156298939384884E+001  0.279490702785312E-002  0.401933624060984E+000 -0.131028262406404E+000 -0.141689141422372E+003
  0.626817455895128E+000  0.282911115107234E+003  0.141290193312880E+001  0.175125300028211E+001  0.437479301072956E+000  0.239303807108673E+000 -0.131028262406404E+000 -0.141689107520148E+003
  0.626817455895128E+000  0.282908636599978E+003  0.893484715554885E+000  0.890339309652847E+000  0.242831758942140E+000  0.428038763062200E+000 -0.131028262406404E+000 -0.141687868266520E+003
  0.626817455895128E+000  0.282908269454163E+003  0.148669117146728E+001  0.113915207103400E+001  0.668406169049371E+000  0.220385549461877E+000 -0.131028262406404E+000 -0.141687684693612E+003
  0.626817455895128E+000  0.282907300173963E+003  0.197940416538405E+001  0.199911521823892E+001  0.840381146309022E+000  0.171568146219876E+000 -0.131028262406404E+000 -0.141687200053512E+003
  0.626817455895128E+000  0.282906854920527E+003  0.136941107752931E+001  0.191733793812198E+001  0.815645975393324E+000  0.257676440162758E+000 -0.131028262406404E+000 -0.141686977426794E+003
  0.626817455895128E+000  0.282900472742317E+003  0.177110636673452E+001  0.183380596700704E+001  0.545889000995460E-001  0.190222715444000E+000 -0.131028262406404E+000 -0.141683786337689E+003
  0.626817455895128E+000  0.282899040085651E+003  0.165871653767013E+001  0.856127313823476E+000  0.467036428082603E+000  0.201141662685209E+000 -0.131028262406404E+000 -0.141683070009356E+003
  0.626817455895128E+000  0.282897142163722E+003  0.154735174100021E+001  0.109508459491928E+001  0.369461634084442E+000  0.212697546261184E+000 -0.131028262406404E+000 -0.141682121048392E+003
  0.626817455895128E+000  0.282895925080146E+003  0.101825262618873E+001  0.184659604450993E+001  0.621957178444678E+000  0.367194674569994E+000 -0.131028262406404E+000 -0.141681512506604E+003
  0.626817455895128E+000  0.282895442470057E+003  0.736236165615529E+000  0.139711319447371E+001  0.241018656447134E+000  0.469227658243771E+000 -0.131028262406404E+000 -0.141681271201559E+003
  0.626817455895128E+000  0.282892268789840E+003  0.124517589222923E+001  0.558655200356063E+000  0.850132031165375E+000  0.314847634827944E+000 -0.131028262406404E+000 -0.141679684361451E+003
  0.626817455895128E+000  0.282891740746462E+003  0.117503159495925E+001  0.657808590125580E+000  0.781417851414100E+000  0.324298438220831E+000 -0.131028262406404E+000 -0.141679420339762E+003
  0.626817455895128E+000  0.282891279355172E+003  0.144410601427098E+001  0.165407795788481E+001  0.812630710979039E+000  0.232322548435815E+000 -0.131028262406404E+000 -0.141679189644116E+003
  0.626817455895128E+000  0.282887071576512E+003  0.111194746642560E+001  0.123075528317547E+001  0.413596966699036E+000  0.299418149419829E+000 -0.131028262406404E+000 -0.141677085754787E+003
  0.626817455895128E+000  0.282881593181243E+003  0.105226247372816E+001  0.656106020396333E+000  0.101274137804111E+000  0.488108104320655E+000 -0.131028262406404E+000 -0.141674346557152E+003
  0.626817455895128E+000  0.282878484578698E+003  0.159675341626302E+001  0.183624829490130E+001  0.440882069769028E+000  0.214828605344557E+000 -0.131028262406404E+000 -0.141672792255880E+003
  0.626817455895128E+000  0.282877005276360E+003  0.186934834656431E+001  0.199796995780354E+001  0.668601315581061E+000  0.185051400333950E+000 -0.131028262406404E+000 -0.141672052604711E+003
  0.626817455895128E+000  0.282876085557878E+003  0.117204242210299E+001  0.559292907954485E+000  0.465002677341133E+000  0.364269541549936E+000 -0.131028262406404E+000 -0.141671592745470E+003
  0.626817455895128E+000  0.282873657902649E+003  0.910494863942867E+000  0.159174965863461E+001  0.759575791258172E+000  0.382709999559225E+000 -0.131028262406404E+000 -0.141670378917855E+003
  0.626817455895128E+000  0.282871531642304E+003  0.128114473186950E+001  0.142115794553332E+001  0.911550767906418E-001  0.259923538181555E+000 -0.131028262406404E+000 -0.141669315787683E+003
  0.626817455895128E+000  0.282870673566627E+003  0.162424269170133E+001  0.787392574530233E+000  0.429331644918067E+000  0.209495377531111E+000 -0.131028262406404E+000 -0.141668886749844E+003
  0.626817455895128E+000  0.282868675581821E+003  0.941783291503695E+000  0.787808039308807E+000  0.688945853847705E+000  0.449137467573207E+000 -0.131028262406404E+000 -0.141667887757441E+003
  0.626817455895128E+000  0.282859015337728E+003  0.169465765315596E+001  0.187462627454257E+001  0.448012132995957E+000  0.203970848670745E+000 -0.131028262406404E+000 -0.141663057635395E+003
  0.626817455895128E+000  0.282857910542780E+003  0.186574341077435E+001  0.176086108088564E+001  0.794622470558662E+000  0.418595868352974E+000 -0.131028262406404E+000 -0.141662505237921E+003
  0.626817455895128E+000  0.282850550420804E+003  0.150884427352141E+001  0.190725481926314E+001  0.565512292137749E-004  0.234798450052106E+000 -0.131028262406404E+000 -0.141658825176933E+003
  0.626817455895128E+000  0.282850017731423E+003  0.137347219175058E+001  0.185815288316517E+001  0.946097117145658E+000  0.258848692438439E+000 -0.131028262406404E+000 -0.141658558832242E+003
  0.626817455895128E+000  0.282847117589383E+003  0.154085777235198E+001  0.191539698183181E+001  0.389758272130626E+000  0.229918623451053E+000 -0.131028262406404E+000 -0.141657108761222E+003
  0.626817455895128E+000  0.282846024822429E+003  0.994067212452927E+000  0.721273531764561E+000  0.934627842223730E+000  0.498998423737278E+000 -0.131028262406404E+000 -0.141656562377745E+003
  0.626817455895128E+000  0.282844303531316E+003  0.775303213443476E+000  0.151736838169845E+001  0.822552714088022E+000  0.457100523790487E+000 -0.131028262406404E+000 -0.141655701732189E+003
  0.626817455895128E+000  0.282839614123352E+003  0.123222685037512E+001  0.105429206932343E+001  0.349014357913309E+000  0.276781182142818E+000 -0.131028262406404E+000 -0.141653357028207E+003
  0.626817455895128E+000  0.282839481110857E+003  0.193967183428477E+001  0.765950568404287E+000  0.945219406435352E+000  0.461192980526506E+000 -0.131028262406404E+000 -0.141653290521959E+003
  0.626817455895128E+000  0.282837551284589E+003  0.120079376807553E+001  0.572905048854344E+000  0.217708479101423E+000  0.483500096943450E+000 -0.131028262406404E+000 -0.141652325608825E+003
  0.626817455895128E+000  0.282837448634483E+003  0.957597072588725E+000  0.874973302251241E+000  0.420603334012262E+000  0.400794010404331E+000 -0.131028262406404E+000 -0.141652274283772E+003
  0.626817455895128E+000  0.282836267326829E+003  0.195810435609004E+001  0.161205026801955E+001  0.201501256465850E+000  0.172058293537051E+000 -0.131028262406404E+000 -0.141651683629945E+003
  0.626817455895128E+000  0.282836136981491E+003  0.151604369727847E+001  0.183458676054549E+001  0.240909259792990E+000  0.231366357727872E+000 -0.131028262406404E+000 -0.141651618457276E+003
  0.626817455895128E+000  0.282834298011241E+003  0.178412089602465E+001  0.139764465866073E+001  0.312502416709297E+000  0.187572498404580E+000 -0.131028262406404E+000 -0.141650698972151E+003
  0.626817455895128E+000  0.282833284816740E+003  0.189743687070491E+001  0.197894974386254E+001  0.307351307152016E+000  0.382280079188313E+000 -0.131028262406404E+000 -0.141650192374901E+003
  0.626817455895128E+000  0.282830811061575E+003  0.110824462301036E+001  0.620348664405074E+000  0.822486882072169E+000  0.407486343935768E+000 -0.131028262406404E+000 -0.141648955497318E+003
  0.626817455895128E+000  0.282830579512822E+003  0.125171826870660E+001  0.138411126301142E+001  0.577872612910809E+000  0.269624410175900E+000 -0.131028262406404E+000 -0.141648839722941E+003
  0.626817455895128E+000  0.282830453716898E+003  0.110958759847943E+001  0.197919050296193E+001  0.621491140012052E+000  0.375348642018436E+000 -0.131028262406404E+000 -0.141648776824979E+003
  0.626817455895128E+000  0.282828380695622E+003  0.190301979542037E+001  0.985015600820332E+000  0.458720472912659E+000  0.469640828606798E+000 -0.131028262406404E+000 -0.141647740314342E+003
  0.626817455895128E+000  0.282826150902895E+003  0.194873443056157E+001  0.119519629916669E+001  0.144943512204262E+000  0.171847590993413E+000 -0.131028262406404E+000 -0.141646625417978E+003
  0.626817455895128E+000  0.282825750909229E+003  0.168822496013185E+001  0.154840078153162E+001  0.242555984015914E+000  0.200335769974099E+000 -0.131028262406404E+000 -0.141646425421145E+003
  0.626817455895128E+000  0.282825538919886E+003  0.145375575173648E+001  0.570882665937968E+000  0.898144197477780E+000  0.255122460106794E+000 -0.131028262406404E+000 -0.141646319426474E+003
  0.626817455895128E+000  0.282819308137502E+003  0.161046007235013E+001  0.196540819397992E+001  0.256712820919311E+000  0.223571066318506E+000 -0.131028262406404E+000 -0.141643204035281E+003
  0.626817455895128E+000  0.282818133021309E+003  0.197520265115576E+001  0.118392764532232E+001  0.530450184072721E+000  0.170020994707652E+000 -0.131028262406404E+000 -0.141642616477185E+003
  0.626817455895128E+000  0.282816343000654E+003  0.160729704928381E+001  0.923749210996744E+000  0.379012214859238E+000  0.212804404423907E+000 -0.131028262406404E+000 -0.141641721466858E+003
  0.626817455895128E+000  0.282815812815006E+003  0.129233760633027E+001  0.174209624306628E+001  0.154974040334591E+000  0.273625180348599E+000 -0.131028262406404E+000 -0.141641456374033E+003
  0.626817455895128E+000  0.282814102939578E+003  0.186828350937684E+001  0.174911046237239E+001  0.591971811607154E-001  0.415270971577017E+000 -0.131028262406404E+000 -0.141640601436320E+003
  0.626817455895128E+000  0.282807655291412E+003  0.181535004774158E+001  0.146092760741174E+001  0.620028445072654E+000  0.472779352236446E+000 -0.131028262406404E+000 -0.141637377612237E+003
  0.626817455895128E+000  0.282805286981120E+003  0.108340062891536E+001  0.821186283951656E+000  0.837745925298935E+000  0.348580209996147E+000 -0.131028262406404E+000 -0.141636193457091E+003
  0.626817455895128E+000  0.282800719417631E+003  0.876208745634448E+000  0.168957578598638E+001  0.358980280256724E+000  0.427242833915006E+000 -0.131028262406404E+000 -0.141633909675346E+003
  0.626817455895128E+000  0.282800593020535E+003  0.197499663241970E+001  0.194777814712061E+001  0.582142944676244E+000  0.178328290379395E+000 -0.131028262406404E+000 -0.141633846476798E+003
  0.626817455895128E+000  0.282798707783781E+003  0.137848632351730E+001  0.591587826392765E+000  0.760226159947886E+000  0.275828252976586E+000 -0.131028262406404E+000 -0.141632903858421E+003
  0.626817455895128E+000  0.282798701034206E+003  0.181477697846225E+001  0.121095582132541E+001  0.883896840514081E-001  0.493758140356487E+000 -0.131028262406404E+000 -0.141632900483634E+003
  0.626817455895128E+000  0.282797188190926E+003  0.835231310741363E+000  0.166306797281856E+001  0.467665273159198E+000  0.448307275099323E+000 -0.131028262406404E+000 -0.141632144061994E+003
  0.626817455895128E+000  0.282797125958821E+003  0.116081016122448E+001  0.149872654293649E+001  0.408651372678816E+000  0.297362152441267E+000 -0.131028262406404E+000 -0.141632112945941E+003
  0.626817455895128E+000  0.282796898212732E+003  0.859875798242713E+000  0.107660552880272E+001  0.289187176895300E-003  0.426889940502970E+000 -0.131028262406404E+000 -0.141631999072897E+003
  0.626817455895128E+000  0.282795710784247E+003  0.763051239913138E+000  0.143127869452193E+001  0.117955953798868E-001  0.467393984277181E+000 -0.131028262406404E+000 -0.141631405358654E+003
  0.626817455895128E+000  0.282792171547756E+003  0.113359271718658E+001  0.126598769408695E+001  0.139119272812118E+000  0.302672828029955E+000 -0.131028262406404E+000 -0.141629635740409E+003
  0.626817455895128E+000  0.282791946611567E+003  0.808795878325066E+000  0.113835135325823E+001  0.731842727352652E+000  0.452718411570445E+000 -0.131028262406404E+000 -0.141629523272314E+003
  0.626817455895128E+000  0.282785142474340E+003  0.900394000380121E+000  0.134675281703012E+001  0.378525134826952E+000  0.387953290158603E+000 -0.131028262406404E+000 -0.141626121203700E+003
  0.626817455895128E+000  0.282783843891677E+003  0.190256770292783E+001  0.185439471849623E+001  0.296632441315503E+000  0.390740607654933E+000 -0.131028262406404E+000 -0.141625471912369E+003
  0.626817455895128E+000  0.282783168156294E+003  0.110217969094188E+001  0.179581567397787E+001  0.572857110094136E+000  0.340138877975944E+000 -0.131028262406404E+000 -0.141625134044678E+003
  0.626817455895128E+000  0.282780466990659E+003  0.168677299069499E+001  0.190012404794916E+001  0.998681859426556E+000  0.212647876701031E+000 -0.131028262406404E+000 -0.141623783461860E+003
  0.626817455895128E+000  0.282778796534868E+003  0.141410669765923E+001  0.158428141343178E+001  0.985626174482379E+000  0.245594992465697E+000 -0.131028262406404E+000 -0.141622948233965E+003
  0.626817455895128E+000  0.282778412216948E+003  0.139716404633396E+001  0.162557026373157E+001  0.210328293009329E+000  0.249998296096481E+000 -0.131028262406404E+000 -0.141622756075005E+003
  0.626817455895128E+000  0.282777944856401E+003  0.187108361071775E+001  0.152730955363882E+001  0.431857232124601E+000  0.183274368877727E+000 -0.131028262406404E+000 -0.141622522394731E+003
  0.626817455895128E+000  0.282775752581951E+003  0.192349384032215E+001  0.958540385482918E+000  0.378169482835304E+000  0.178562914932194E+000 -0.131028262406404E+000 -0.141621426257506E+003
  0.626817455895128E+000  0.282774430211446E+003  0.193697485358014E+001  0.648889656382402E+000  0.394916280870507E+000  0.454121882015108E+000 -0.131028262406404E+000 -0.141620765072254E+003
  0.626817455895128E+000  0.282774253164892E+003  0.126190901394069E+001  0.193678583709296E+001  0.999469898383183E+000  0.307024094919506E+000 -0.131028262406404E+000 -0.141620676548977E+003
  0.626817455895128E+000  0.282769637223637E+003  0.185739633095861E+001  0.142858145554168E+001  0.744822708201103E+000  0.184445800345859E+000 -0.131028262406404E+000 -0.141618368578349E+003
  0.626817455895128E+000  0.282767076101212E+003  0.196533995059001E+001  0.571433273603243E+000  0.683573979105279E+000  0.181410133911384E+000 -0.131028262406404E+000 -0.141617088017137E+003
  0.626817455895128E+000  0.282765514371249E+003  0.104261563644509E+001  0.837023359275296E+000  0.870180078773340E+000  0.373032921776039E+000 -0.131028262406404E+000 -0.141616307152155E+003
  0.626817455895128E+000  0.282764844236010E+003  0.128122128135437E+001  0.882131586419763E+000  0.755799028882602E+000  0.280226640747411E+000 -0.131028262406404E+000 -0.141615972084536E+003
  0.626817455895128E+000  0.282763078632739E+003  0.153838004141793E+001  0.900569373606741E+000  0.816933388387809E+000  0.227888091194091E+000 -0.131028262406404E+000 -0.141615089282900E+003
  0.626817455895128E+000  0.282762134192780E+003  0.111568442883497E+001  0.650554296130962E+000  0.786318282406293E+000  0.401359718658501E+000 -0.131028262406404E+000 -0.141614617062921E+003
  0.626817455895128E+000  0.282753298205062E+003  0.126255841287340E+001  0.596068249022670E+000  0.946548198000133E+000  0.497401509276273E+000 -0.131028262406404E+000 -0.141610199069062E+003
  0.626817455895128E+000  0.282752451571536E+003  0.179790910779350E+001  0.189609975458403E+001  0.222528618719172E+000  0.200240826027371E+000 -0.131028262406404E+000 -0.141609775752299E+003
  0.626817455895128E+000  0.282750675473911E+003  0.191919378403982E+001  0.885970054386618E+000  0.969936062347847E+000  0.459510200770576E+000 -0.131028262406404E+000 -0.141608887703486E+003
  0.626817455895128E+000  0.282746269241622E+003  0.916185313512380E+000  0.137959986018241E+001  0.403645795130882E+000  0.386057394448598E+000 -0.131028262406404E+000 -0.141606684587342E+003
  0.626817455895128E+000  0.282740867223106E+003  0.149458692364388E+001  0.196410119189018E+001  0.486233804568553E+000  0.253593109098582E+000 -0.131028262406404E+000 -0.141603983578083E+003
  0.626817455895128E+000  0.282737994411760E+003  0.134833895197946E+001  0.197972858796121E+001  0.428893006552213E+000  0.292606001251961E+000 -0.131028262406404E+000 -0.141602547172411E+003
  0.626817455895128E+000  0.282736792110182E+003  0.157679079091874E+001  0.171041483370385E+001  0.998667507577366E+000  0.225960196782440E+000 -0.131028262406404E+000 -0.141601946021622E+003
  0.626817455895128E+000  0.282736578636988E+003  0.197999710484807E+001  0.190431549375355E+001  0.842083738145734E+000  0.364190190785907E+000 -0.131028262406404E+000 -0.141601839285025E+003
  0.626817455895128E+000  0.282735615872226E+003  0.120041680496529E+001  0.653581269590835E+000  0.128948450087749E+000  0.343036191587829E+000 -0.131028262406404E+000 -0.141601357902644E+003
  0.626817455895128E+000  0.282733613158015E+003  0.152841690048149E+001  0.194932917577079E+001  0.605774712962605E+000  0.459855818092465E+000 -0.131028262406404E+000 -0.141600356545538E+003
  0.626817455895128E+000  0.282733123198903E+003  0.104162188937709E+001  0.140632029833210E+001  0.561019006253052E+000  0.338340906348995E+000 -0.131028262406404E+000 -0.141600111565982E+003
  0.626817455895128E+000  0.282732113592347E+003  0.151795589377748E+001  0.172341246688652E+001  0.455312793179133E+000  0.236262642077153E+000 -0.131028262406404E+000 -0.141599606762704E+003
  0.626817455895128E+000  0.282730737652122E+003  0.109473015481785E+001  0.687427731472162E+000  0.981122304879745E+000  0.407794171198692E+000 -0.131028262406404E+000 -0.141598918792592E+003
  0.626817455895128E+000  0.282730085500973E+003  0.166116821843945E+001  0.666198868354772E+000  0.118974442438364E+000  0.219481817941892E+000 -0.131028262406404E+000 -0.141598592717017E+003
  0.626817455895128E+000  0.282722974868670E+003  0.119840675048989E+001  0.586605118534460E+000  0.346025184176348E-001  0.451391493264769E+000 -0.131028262406404E+000 -0.141595037400866E+003
  0.626817455895128E+000  0.282717588902888E+003  0.169988006160515E+001  0.987871426869534E+000  0.758221612442250E+000  0.206802015907905E+000 -0.131028262406404E+000 -0.141592344417975E+003
  0.626817455895128E+000  0.282716887436465E+003  0.177394218284155E+001  0.140557399858003E+001  0.250630512407731E+000  0.489050377925553E+000 -0.131028262406404E+000 -0.141591993684763E+003
  0.626817455895128E+000  0.282715625356153E+003  0.122913236188954E+001  0.549648521750275E+000  0.310556609393897E+000  0.391606727566416E+000 -0.131028262406404E+000 -0.141591362644607E+003
  0.626817455895128E+000  0.282715417823277E+003  0.193523517237151E+001  0.182101753725980E+001  0.967333743615253E+000  0.185738405805195E+000 -0.131028262406404E+000 -0.141591258878169E+003
  0.626817455895128E+000  0.282708729258194E+003  0.197849816144518E+001  0.534872277609056E+000  0.780117149064273E+000  0.437085481104576E+000 -0.131028262406404E+000 -0.141587914595628E+003
  0.626817455895128E+000  0.282707491478739E+003  0.178163811451102E+001  0.101291494119679E+001  0.584782545504920E+000  0.498524604234136E+000 -0.131028262406404E+000 -0.141587295705900E+003
  0.626817455895128E+000  0.282704342809691E+003  0.190573336441139E+001  0.167731639846679E+001  0.565795397058537E-001  0.186812707233430E+000 -0.131028262406404E+000 -0.141585721371376E+003
  0.626817455895128E+000  0.282704221114001E+003  0.834905150952028E+000  0.164412170520813E+001  0.214579759994113E+000  0.462008136456619E+000 -0.131028262406404E+000 -0.141585660523531E+003
  0.626817455895128E+000  0.282700079836863E+003  0.159343418369785E+001  0.994658415985473E+000  0.223445473118024E+000  0.222518302866852E+000 -0.131028262406404E+000 -0.141583589884962E+003
  0.626817455895128E+000  0.282699378879059E+003  0.179606224661267E+001  0.144641972588710E+001  0.409239608508685E+000  0.471736653160119E+000 -0.131028262406404E+000 -0.141583239406060E+003
  0.626817455895128E+000  0.282698116603337E+003  0.140106605839907E+001  0.984866080234925E+000  0.447065321565543E+000  0.255527818326885E+000 -0.131028262406404E+000 -0.141582608268199E+003
  0.626817455895128E+000  0.282697734729554E+003  0.186473247396576E+001  0.748363155235071E+000  0.986967691770152E+000  0.465656210554086E+000 -0.131028262406404E+000 -0.141582417331308E+003
  0.626817455895128E+000  0.282690081620337E+003  0.839536886218092E+000  0.164470287371038E+001  0.339901604465969E-001  0.461731822302148E+000 -0.131028262406404E+000 -0.141578590776699E+003
  0.626817455895128E+000  0.282688805678227E+003  0.141747519375536E+001  0.193175596934784E+001  0.877117773864026E+000  0.274917672445238E+000 -0.131028262406404E+000 -0.141577952805644E+003
  0.626817455895128E+000  0.282687771205040E+003  0.109585534202871E+001  0.689745656394432E+000  0.543766920247281E+000  0.430367249349973E+000 -0.131028262406404E+000 -0.141577435569051E+003
  0.626817455895128E+000  0.282687063319062E+003  0.194244169001762E+001  0.129956500270178E+001  0.462240135809629E+000  0.181184776884087E+000 -0.131028262406404E+000 -0.141577081626062E+003
  0.626817455895128E+000  0.282686280420807E+003  0.122924546072585E+001  0.576435632557499E+000  0.194313486307197E+000  0.375153210357233E+000 -0.131028262406404E+000 -0.141576690176934E+003
  0.626817455895128E+000  0.282686130118580E+003  0.910991239306888E+000  0.181709165365819E+001  0.767603169766659E+000  0.478824802794452E+000 -0.131028262406404E+000 -0.141576615025821E+003
  0.626817455895128E+000  0.282684721347634E+003  0.169363275662518E+001  0.629744531358081E+000  0.434389438616124E+000  0.484497922598050E+000 -0.131028262406404E+000 -0.141575910640348E+003
  0.626817455895128E+000  0.282682667652877E+003  0.180558328651865E+001  0.104025937537858E+001  0.578745418861703E+000  0.488592184509171E+000 -0.131028262406404E+000 -0.141574883792969E+003
  0.626817455895128E+000  0.282681056497011E+003  0.173334024181406E+001  0.156642366834905E+001  0.197083880549788E+000  0.479395203984836E+000 -0.131028262406404E+000 -0.141574078215036E+003
  0.626817455895128E+000  0.282677198741932E+003  0.109744186452810E+001  0.110194106146458E+001  0.190747800818974E+000  0.331129544055340E+000 -0.131028262406404E+000 -0.141572149337497E+003
  0.626817455895128E+000  0.282674541908613E+003  0.154144434160873E+001  0.186669095970850E+001  0.625061246790248E-001  0.476163932596226E+000 -0.131028262406404E+000 -0.141570820920837E+003
  0.626817455895128E+000  0.282672198371057E+003  0.135458469957078E+001  0.780356911555268E+000  0.788933809115145E+000  0.279074362586259E+000 -0.131028262406404E+000 -0.141569649152059E+003
  0.626817455895128E+000  0.282670220450743E+003  0.123878617618931E+001  0.632631311550189E+000  0.599456233426542E+000  0.343784134534831E+000 -0.131028262406404E+000 -0.141568660191902E+003
  0.626817455895128E+000  0.282669899094310E+003  0.183163319190917E+001  0.727855923123932E+000  0.791128580709094E-001  0.469084309455392E+000 -0.131028262406404E+000 -0.141568499513686E+003
  0.626817455895128E+000  0.282667549405678E+003  0.162189366211229E+001  0.157930828251867E+001  0.330297146694211E+000  0.221942786335469E+000 -0.131028262406404E+000 -0.141567324669370E+003
  0.626817455895128E+000  0.282665178319329E+003  0.113208174939769E+001  0.684678859482872E+000  0.640447575934646E+000  0.495283934710461E+000 -0.131028262406404E+000 -0.141566139126195E+003
  0.626817455895128E+000  0.282663062995561E+003  0.848305874942829E+000  0.111712416518371E+001  0.993684565833962E+000  0.452114145108419E+000 -0.131028262406404E+000 -0.141565081464311E+003
  0.626817455895128E+000  0.282661109610410E+003  0.126974896552750E+001  0.157553467693669E+001  0.273936734587419E-001  0.287155579927918E+000 -0.131028262406404E+000 -0.141564104771735E+003
  0.626817455895128E+000  0.282660717440033E+003  0.144322667958057E+001  0.197346770824735E+001  0.298520890116433E+000  0.277712351613113E+000 -0.131028262406404E+000 -0.141563908686547E+003
  0.626817455895128E+000  0.282657753217634E+003  0.183923394032651E+001  0.146075475946107E+001  0.283914153041469E+000  0.447138607133484E+000 -0.131028262406404E+000 -0.141562426575348E+003
  0.626817455895128E+000  0.282652204228475E+003  0.195137839315654E+001  0.782314746592309E+000  0.228730237901746E+000  0.186404765361807E+000 -0.131028262406404E+000 -0.141559652080768E+003
  0.626817455895128E+000  0.282648196545439E+003  0.129151053728907E+001  0.184775064458528E+001  0.836878973035582E+000  0.304611921319324E+000 -0.131028262406404E+000 -0.141557648239250E+003
  0.626817455895128E+000  0.282646933174027E+003  0.177208516681890E+001  0.149163920551094E+001  0.111220176020332E-001  0.470288750855362E+000 -0.131028262406404E+000 -0.141557016553544E+003
  0.626817455895128E+000  0.282644669669883E+003  0.126089190197577E+001  0.905696346242516E+000  0.871285673473916E+000  0.297609069913615E+000 -0.131028262406404E+000 -0.141555884801472E+003
  0.626817455895128E+000  0.282641494520668E+003  0.857628919025908E+000  0.128094286710512E+001  0.169663052594537E+000  0.432402855901983E+000 -0.131028262406404E+000 -0.141554297226865E+003
  0.626817455895128E+000  0.282637168339588E+003  0.189814041901363E+001  0.191414714435928E+001  0.948235188528932E+000  0.198808578742037E+000 -0.131028262406404E+000 -0.141552134136324E+003
  0.626817455895128E+000  0.282636096174235E+003  0.112822704968559E+001  0.194704536879915E+001  0.985245487441137E+000  0.419264400286831E+000 -0.131028262406404E+000 -0.141551598053648E+003
  0.626817455895128E+000  0.282635034339962E+003  0.970898280344279E+000  0.162342154774471E+001  0.144038317309903E+000  0.393640176963164E+000 -0.131028262406404E+000 -0.141551067136512E+003
  0.626817455895128E+000  0.282633135271670E+003  0.111807042597578E+001  0.121142558769671E+001  0.812232511641065E+000  0.325573045030792E+000 -0.131028262406404E+000 -0.141550117602366E+003
  0.626817455895128E+000  0.282629385663245E+003  0.197443033149872E+001  0.643380093730079E+000  0.327001476101861E-001  0.434766073631455E+000 -0.131028262406404E+000 -0.141548242798153E+003
  0.626817455895128E+000  0.282625820774692E+003  0.167291746034254E+001  0.523427578439379E+000  0.789247473567896E+000  0.235224985589845E+000 -0.131028262406404E+000 -0.141546460353877E+003
  0.626817455895128E+000  0.282623600774272E+003  0.147295464095003E+001  0.169502996316090E+001  0.448563917470646E+000  0.253810072703991E+000 -0.131028262406404E+000 -0.141545350353666E+003
  0.626817455895128E+000  0.282618376353311E+003  0.154114779135215E+001  0.191604427875045E+001  0.416682249825444E-001  0.255394775722038E+000 -0.131028262406404E+000 -0.141542738143186E+003
  0.626817455895128E+000  0.282615760998381E+003  0.145113222835741E+001  0.191071470628965E+001  0.835440324621936E+000  0.475900705562709E+000 -0.131028262406404E+000 -0.141541430465721E+003
  0.626817455895128E+000  0.282615031044074E+003  0.126711625258719E+001  0.193719359644313E+001  0.839640332230782E+000  0.499994280495281E+000 -0.131028262406404E+000 -0.141541065488568E+003
  0.626817455895128E+000  0.282614193648167E+003  0.150237921361236E+001  0.182861850452731E+001  0.231999364561630E+000  0.256869764324884E+000 -0.131028262406404E+000 -0.141540646790614E+003
  0.626817455895128E+000  0.282610989838922E+003  0.194570682935031E+001  0.166817886932389E+001  0.250647186081971E+000  0.383094265599553E+000 -0.131028262406404E+000 -0.141539044885992E+003
  0.626817455895128E+000  0.282610924405084E+003  0.161139475812654E+001  0.186340383343198E+001  0.653006463842879E+000  0.239552260382935E+000 -0.131028262406404E+000 -0.141539012169072E+003
  0.626817455895128E+000  0.282608365712577E+003  0.182599408271823E+001  0.580183820696395E+000  0.583903449533473E+000  0.452243910976068E+000 -0.131028262406404E+000 -0.141537732822819E+003
  0.626817455895128E+000  0.282607778998817E+003  0.917431369702370E+000  0.157562152041113E+001  0.966516532437703E+000  0.417983497303098E+000 -0.131028262406404E+000 -0.141537439465939E+003
  0.626817455895128E+000  0.282605007313471E+003  0.123801707185888E+001  0.178346488595431E+001  0.264377058800797E+000  0.318915177835327E+000 -0.131028262406404E+000 -0.141536053623266E+003
  0.626817455895128E+000  0.282602009093783E+003  0.122936438709243E+001  0.199250535291875E+001  0.264643273115192E+000  0.422647016926855E+000 -0.131028262406404E+000 -0.141534554513422E+003
  0.626817455895128E+000  0.282601665994536E+003  0.103656370032860E+001  0.776202629017528E+000  0.494784041475261E+000  0.476342743193000E+000 -0.131028262406404E+000 -0.141534382963799E+003
  0.626817455895128E+000  0.282596182397188E+003  0.183747545734203E+001  0.141903143151260E+001  0.605130152968116E+000  0.446155927525146E+000 -0.131028262406404E+000 -0.141531641165125E+003
  0.626817455895128E+000  0.282594520149016E+003  0.164210496427617E+001  0.116796539458561E+001  0.141198984189677E+000  0.222146306636187E+000 -0.131028262406404E+000 -0.141530810041039E+003
  0.626817455895128E+000  0.282593303858065E+003  0.159082874077720E+001  0.822984300498414E+000  0.594202173762588E+000  0.236682469627836E+000 -0.131028262406404E+000 -0.141530201895563E+003
  0.626817455895128E+000  0.282592704710499E+003  0.128162867970187E+001  0.135856208541892E+001  0.196392611355891E+000  0.285977912532511E+000 -0.131028262406404E+000 -0.141529902321780E+003
  0.626817455895128E+000  0.282591410417138E+003  0.898779429052702E+000  0.139431875556880E+001  0.968401472936960E+000  0.416761717378305E+000 -0.131028262406404E+000 -0.141529255175099E+003
  0.626817455895128E+000  0.282590137753957E+003  0.165065768609987E+001  0.645333498571342E+000  0.426039278314536E+000  0.482752909899422E+000 -0.131028262406404E+000 -0.141528618843509E+003
  0.626817455895128E+000  0.282588404745228E+003  0.154280514897626E+001  0.184214514698745E+001  0.806672812337783E+000  0.253111086230476E+000 -0.131028262406404E+000 -0.141527752339145E+003
  0.626817455895128E+000  0.282587825742088E+003  0.131464128424001E+001  0.593378167564294E+000  0.424155142962118E+000  0.336396725125277E+000 -0.131028262406404E+000 -0.141527462837575E+003
  0.626817455895128E+000  0.282587067118793E+003  0.190133607599806E+001  0.134784377685284E+001  0.159361542234919E+000  0.192311219965416E+000 -0.131028262406404E+000 -0.141527083525927E+003
  0.626817455895128E+000  0.282585813767002E+003  0.155121514055096E+001  0.186023089137603E+001  0.265480319013183E+000  0.462158865738968E+000 -0.131028262406404E+000 -0.141526456850032E+003
  0.626817455895128E+000  0.282583975179656E+003  0.136194217106651E+001  0.808316108163881E+000  0.725159680855127E+000  0.285378641099362E+000 -0.131028262406404E+000 -0.141525537556359E+003
  0.626817455895128E+000  0.282579681058338E+003  0.184544201500540E+001  0.145781458221655E+001  0.232069657582962E+000  0.436584511930115E+000 -0.131028262406404E+000 -0.141523390495700E+003
  0.626817455895128E+000  0.282577921356497E+003  0.958503408849896E+000  0.133360850923868E+001  0.566939822077613E+000  0.389794782810780E+000 -0.131028262406404E+000 -0.141522510644779E+003
  0.626817455895128E+000  0.282577504920634E+003  0.190251676787352E+001  0.136166400872804E+001  0.313529123420786E-002  0.425400169483181E+000 -0.131028262406404E+000 -0.141522302426848E+003
  0.626817455895128E+000  0.282572420614440E+003  0.180361920828215E+001  0.182645903409878E+001  0.509274804329975E+000  0.213280577075826E+000 -0.131028262406404E+000 -0.141519760273751E+003
  0.626817455895128E+000  0.282570913515797E+003  0.194284106962011E+001  0.150489004423290E+001  0.623458964672644E+000  0.396667560559212E+000 -0.131028262406404E+000 -0.141519006724429E+003
  0.626817455895128E+000  0.282570496727340E+003  0.187829837730671E+001  0.151775642575888E+001  0.749088253816118E+000  0.416316080560510E+000 -0.131028262406404E+000 -0.141518798330201E+003
  0.626817455895128E+000  0.282568597476077E+003  0.147377540652359E+001  0.186964327721802E+001  0.782595541369465E+000  0.272119091567816E+000 -0.131028262406404E+000 -0.141517848704569E+003
  0.626817455895128E+000  0.282568238633999E+003  0.161628806898093E+001  0.177168793711125E+001  0.687655805344516E+000  0.465464233921791E+000 -0.131028262406404E+000 -0.141517669283530E+003
  0.626817455895128E+000  0.282565161581169E+003  0.171511449167731E+001  0.897908265555828E+000  0.181420503520594E+000  0.499149718187668E+000 -0.131028262406404E+000 -0.141516130757115E+003
  0.626817455895128E+000  0.282561636480775E+003  0.177626220664693E+001  0.628185361142838E+000  0.907059036165097E-001  0.459717465069036E+000 -0.131028262406404E+000 -0.141514368206918E+003
  0.626817455895128E+000  0.282560571735073E+003  0.129209887733272E+001  0.174067925794136E+001  0.547950702275561E+000  0.304914557548368E+000 -0.131028262406404E+000 -0.141513835834067E+003
  0.626817455895128E+000  0.282559037772029E+003  0.192778318806662E+001  0.187787414335524E+001  0.713069828351143E+000  0.359338954957140E+000 -0.131028262406404E+000 -0.141513068852545E+003
  0.626817455895128E+000  0.282558712965104E+003  0.190984104716756E+001  0.194810589979253E+001  0.372518782138844E+000  0.206250082433969E+000 -0.131028262406404E+000 -0.141512906449083E+003
  0.626817455895128E+000  0.282558133795919E+003  0.101151925978607E+001  0.137863489840658E+001  0.341231280421808E+000  0.370861016100680E+000 -0.131028262406404E+000 -0.141512616864490E+003
  0.626817455895128E+000  0.282556203294617E+003  0.180554224994081E+001  0.178364867217895E+001  0.488299377482933E+000  0.400875795763037E+000 -0.131028262406404E+000 -0.141511651613839E+003
  0.626817455895128E+000  0.282555550655618E+003  0.191866128974561E+001  0.167374701926521E+001  0.123542552652050E+000  0.196949303728771E+000 -0.131028262406404E+000 -0.141511325294340E+003
  0.626817455895128E+000  0.282552734640617E+003  0.104813361821842E+001  0.115465940658677E+001  0.286073853067813E+000  0.362028911522934E+000 -0.131028262406404E+000 -0.141509917286839E+003
  0.626817455895128E+000  0.282550504100749E+003  0.198109392290975E+001  0.145875150854777E+001  0.629121588571105E+000  0.387524674507893E+000 -0.131028262406404E+000 -0.141508802016905E+003
  0.626817455895128E+000  0.282550487615619E+003  0.105995183909791E+001  0.851408023867074E+000  0.363793287768595E+000  0.405134721537939E+000 -0.131028262406404E+000 -0.141508793774340E+003
  0.626817455895128E+000  0.282548615519102E+003  0.804785767629410E+000  0.130564667720460E+001  0.204555252801725E+000  0.480795070151914E+000 -0.131028262406404E+000 -0.141507857726082E+003
  0.626817455895128E+000  0.282547908689957E+003  0.160488268495229E+001  0.643374551371619E+000  0.179873080497963E+000  0.247985825128218E+000 -0.131028262406404E+000 -0.141507504311509E+003
  0.626817455895128E+000  0.282547576320038E+003  0.106991113818661E+001  0.847051209684519E+000  0.680966783835434E+000  0.400763278998603E+000 -0.131028262406404E+000 -0.141507338126550E+003
  0.626817455895128E+000  0.282547507507290E+003  0.157424151092095E+001  0.653117097197196E+000  0.556535369035331E+000  0.488397614138205E+000 -0.131028262406404E+000 -0.141507303720176E+003
  0.626817455895128E+000  0.282545578487859E+003  0.170049066861550E+001  0.893650357895863E+000  0.431264500748200E+000  0.222203312876392E+000 -0.131028262406404E+000 -0.141506339210460E+003
  0.626817455895128E+000  0.282543729963223E+003  0.987255268878586E+000  0.854807313753914E+000  0.128795957929650E+000  0.478382695001612E+000 -0.131028262406404E+000 -0.141505414948142E+003
  0.626817455895128E+000  0.282539917813098E+003  0.182498517540064E+001  0.113956130181484E+001  0.863450804364333E+000  0.466523055158459E+000 -0.131028262406404E+000 -0.141503508873080E+003
  0.626817455895128E+000  0.282539887100089E+003  0.165052989191932E+001  0.688732187160262E+000  0.871548211505955E+000  0.237846862834393E+000 -0.131028262406404E+000 -0.141503493516575E+003
  0.626817455895128E+000  0.282537552891999E+003  0.194908584179484E+001  0.181515005967469E+001  0.244047199424064E+000  0.198819351905858E+000 -0.131028262406404E+000 -0.141502326412530E+003
  0.626817455895128E+000  0.282534574275442E+003  0.136362196613131E+001  0.190341601660589E+001  0.153136861577427E+000  0.485547946311726E+000 -0.131028262406404E+000 -0.141500837104252E+003
  0.626817455895128E+000  0.282534001259812E+003  0.121649118502520E+001  0.688850389499747E+000  0.189837554403260E+000  0.493240756505711E+000 -0.131028262406404E+000 -0.141500550596436E+003
  0.626817455895128E+000  0.282533276242072E+003  0.156748547047591E+001  0.171547892610667E+001  0.390928370989812E+000  0.498106127333089E+000 -0.131028262406404E+000 -0.141500188087567E+003
  0.626817455895128E+000  0.282529112360762E+003  0.128859132684354E+001  0.198092423460894E+001  0.507619678129608E+000  0.382311949901268E+000 -0.131028262406404E+000 -0.141498106146912E+003
  0.626817455895128E+000  0.282526740400891E+003  0.189571892517525E+001  0.160732223553581E+001  0.310755949996082E+000  0.200501678055755E+000 -0.131028262406404E+000 -0.141496920166976E+003
  0.626817455895128E+000  0.282524562160256E+003  0.141173691726763E+001  0.529532006168680E+000  0.283676485012917E+000  0.433717402328309E+000 -0.131028262406404E+000 -0.141495831046659E+003
  0.626817455895128E+000  0.282520909277570E+003  0.148167009925425E+001  0.151471619544705E+001  0.295830269220556E+000  0.256242758678827E+000 -0.131028262406404E+000 -0.141494004605315E+003
  0.626817455895128E+000  0.282520188306189E+003  0.141745673463124E+001  0.886343351604932E+000  0.915109533035704E+000  0.274277244423075E+000 -0.131028262406404E+000 -0.141493644119625E+003
  0.626817455895128E+000  0.282519579781368E+003  0.117856255028825E+001  0.142302313692599E+001  0.614812187267172E+000  0.321400177825611E+000 -0.131028262406404E+000 -0.141493339857215E+003
  0.626817455895128E+000  0.282516702166601E+003  0.155795697430229E+001  0.140128135486926E+001  0.293550652181359E-001  0.241783513101218E+000 -0.131028262406404E+000 -0.141491901049831E+003
  0.626817455895128E+000  0.282516364452057E+003  0.179080039991186E+001  0.182215353476416E+001  0.312269528523486E+000  0.220463557535709E+000 -0.131028262406404E+000 -0.141491732192559E+003
  0.626817455895128E+000  0.282513684907483E+003  0.115403791496976E+001  0.179189515058599E+001  0.783966356257823E+000  0.366432939698476E+000 -0.131028262406404E+000 -0.141490392420272E+003
  0.626817455895128E+000  0.282513006873105E+003  0.193901317801457E+001  0.120876994167376E+001  0.871601935552700E+000  0.419139895830384E+000 -0.131028262406404E+000 -0.141490053403083E+003
  0.626817455895128E+000  0.282511543375052E+003  0.177855431979508E+001  0.181616965622038E+001  0.340313397597249E+000  0.397106612465498E+000 -0.131028262406404E+000 -0.141489321654056E+003
  0.626817455895128E+000  0.282508907615063E+003  0.119401192643800E+001  0.729076923428920E+000  0.608539756921976E+000  0.376408539077340E+000 -0.131028262406404E+000 -0.141488003774062E+003
  0.626817455895128E+000  0.282501998452614E+003  0.118577629532157E+001  0.686214310357795E+000  0.871006027745709E-001  0.431503436190625E+000 -0.131028262406404E+000 -0.141484549192838E+003
  0.626817455895128E+000  0.282501576712132E+003  0.969256877131900E+000  0.163176839857844E+001  0.368349556158971E+000  0.418318772229334E+000 -0.131028262406404E+000 -0.141484338322597E+003
  0.626817455895128E+000  0.282501189142550E+003  0.844098265639451E+000  0.126146223960527E+001  0.936530758248837E+000  0.465440660556860E+000 -0.131028262406404E+000 -0.141484144537806E+003
  0.626817455895128E+000  0.282498905469211E+003  0.185238743538553E+001  0.196484625843880E+001  0.968468375216090E+000  0.354600791006492E+000 -0.131028262406404E+000 -0.141483002701136E+003
  0.626817455895128E+000  0.282498391464461E+003  0.174078030888413E+001  0.189364520546570E+001  0.732288117023538E-002  0.233575038887540E+000 -0.131028262406404E+000 -0.141482745698761E+003
  0.626817455895128E+000  0.282496133343555E+003  0.178382581892431E+001  0.552542660578083E+000  0.185990162667381E+000  0.441478947310310E+000 -0.131028262406404E+000 -0.141481616638308E+003
  0.626817455895128E+000  0.282495849461596E+003  0.136788766913372E+001  0.593248958424929E+000  0.335771746303636E+000  0.332387062812225E+000 -0.131028262406404E+000 -0.141481474697329E+003
  0.626817455895128E+000  0.282495165752859E+003  0.829781686023709E+000  0.157616270418022E+001  0.878651947948936E-001  0.491677224101228E+000 -0.131028262406404E+000 -0.141481132842960E+003
  0.626817455895128E+000  0.282494184987400E+003  0.137516154686694E+001  0.941701059044630E+000  0.978275636573484E+000  0.283736349898982E+000 -0.131028262406404E+000 -0.141480642460231E+003
  0.626817455895128E+000  0.282493412558034E+003  0.194701922779180E+001  0.105156085447840E+001  0.879402886692701E+000  0.424274911339873E+000 -0.131028262406404E+000 -0.141480256245548E+003
  0.626817455895128E+000  0.282487649248526E+003  0.891546045459057E+000  0.132264949068341E+001  0.910115343810889E+000  0.436384681623705E+000 -0.131028262406404E+000 -0.141477374590794E+003
  0.626817455895128E+000  0.282487104779541E+003  0.140825721148981E+001  0.805184120534920E+000  0.891385751058776E+000  0.285853021944585E+000 -0.131028262406404E+000 -0.141477102356301E+003
  0.626817455895128E+000  0.282486921501886E+003  0.130751913195835E+001  0.178450555586255E+001  0.584844878939761E-001  0.316922678829265E+000 -0.131028262406404E+000 -0.141477010717474E+003
  0.626817455895128E+000  0.282485763579431E+003  0.197848845103968E+001  0.160408072417659E+001  0.876822527131172E+000  0.367854183054175E+000 -0.131028262406404E+000 -0.141476431756246E+003
  0.626817455895128E+000  0.282481605818920E+003  0.153663418065951E+001  0.897332575096077E+000  0.530045607861481E+000  0.254046584021973E+000 -0.131028262406404E+000 -0.141474352875991E+003
  0.626817455895128E+000  0.282477467467626E+003  0.155337388727694E+001  0.531202903935500E+000  0.454905373053236E+000  0.443779235346262E+000 -0.131028262406404E+000 -0.141472283700344E+003
  0.626817455895128E+000  0.282477135375570E+003  0.188577156845189E+001  0.116517706009290E+001  0.321386134218576E+000  0.436609166895415E+000 -0.131028262406404E+000 -0.141472117654316E+003
  0.626817455895128E+000  0.282474539887442E+003  0.139235826540497E+001  0.189831956756471E+001  0.167495043143420E+000  0.467624427702902E+000 -0.131028262406404E+000 -0.141470819910252E+003
  0.626817455895128E+000  0.282470824469626E+003  0.191819803213682E+001  0.155579401029981E+001  0.236965871280251E+000  0.201915462809439E+000 -0.131028262406404E+000 -0.141468962201343E+003
  0.626817455895128E+000  0.282465460858223E+003  0.189963539692540E+001  0.694483409703853E+000  0.811188900069923E+000  0.434628394139914E+000 -0.131028262406404E+000 -0.141466280395642E+003
  0.626817455895128E+000  0.282464174314346E+003  0.190623956935202E+001  0.981454572669526E+000  0.168924666330771E+000  0.202251953399789E+000 -0.131028262406404E+000 -0.141465637123704E+003
  0.626817455895128E+000  0.282462734153179E+003  0.107295950584893E+001  0.808679407616028E+000  0.308335638942691E+000  0.456237506250626E+000 -0.131028262406404E+000 -0.141464917043120E+003
  0.626817455895128E+000  0.282462598902802E+003  0.169633144301356E+001  0.585704684420091E+000  0.234498102292273E-001  0.451362050587149E+000 -0.131028262406404E+000 -0.141464849417932E+003
  0.626817455895128E+000  0.282462416705089E+003  0.196149595912836E+001  0.196951797532530E+001  0.795412019181889E+000  0.211561229437323E+000 -0.131028262406404E+000 -0.141464758319075E+003
  0.626817455895128E+000  0.282462191993068E+003  0.175856316983440E+001  0.718011464169081E+000  0.952384498248397E+000  0.461972791250703E+000 -0.131028262406404E+000 -0.141464645963065E+003
  0.626817455895128E+000  0.282458763043479E+003  0.132599728605305E+001  0.195870824075514E+001  0.899613280934969E+000  0.413286749348860E+000 -0.131028262406404E+000 -0.141462931488270E+003
  0.626817455895128E+000  0.282458204743978E+003  0.170241842231566E+001  0.931987147088977E+000  0.975398887263558E-001  0.228752478128606E+000 -0.131028262406404E+000 -0.141462652338519E+003
  0.626817455895128E+000  0.282457995865510E+003  0.148314432835781E+001  0.537663821738866E+000  0.149910354741859E-001  0.436157966061694E+000 -0.131028262406404E+000 -0.141462547899286E+003
  0.626817455895128E+000  0.282455484185914E+003  0.103375293420201E+001  0.129394781111465E+001  0.663426762850518E+000  0.375910448091785E+000 -0.131028262406404E+000 -0.141461292059488E+003
  0.626817455895128E+000  0.282454626469869E+003  0.112131284064803E+001  0.771355596198306E+000  0.353131108862150E+000  0.437751846846205E+000 -0.131028262406404E+000 -0.141460863201465E+003
  0.626817455895128E+000  0.282451700883599E+003  0.892766363882276E+000  0.152183322183348E+001  0.171326598638543E+000  0.450994087855649E+000 -0.131028262406404E+000 -0.141459400408330E+003
  0.626817455895128E+000  0.282451330276207E+003  0.188421398519490E+001  0.651798104710735E+000  0.871960995137446E+000  0.213482292899837E+000 -0.131028262406404E+000 -0.141459215104634E+003
  0.626817455895128E+000  0.282450900832591E+003  0.142794987618179E+001  0.151196732086803E+001  0.145209321105747E+000  0.273605262383934E+000 -0.131028262406404E+000 -0.141459000382826E+003
  0.626817455895128E+000  0.282450257308281E+003  0.165413578220312E+001  0.886639105104617E+000  0.650765012357640E+000  0.237850892059030E+000 -0.131028262406404E+000 -0.141458678620671E+003
  0.626817455895128E+000  0.282448907192039E+003  0.195387771646721E+001  0.110850071426531E+001  0.276233782331150E+000  0.414599401888389E+000 -0.131028262406404E+000 -0.141458003562550E+003
  0.626817455895128E+000  0.282448547890700E+003  0.195650812872974E+001  0.165793589923609E+001  0.741874322739619E+000  0.201905115000295E+000 -0.131028262406404E+000 -0.141457823911881E+003
  0.626817455895128E+000  0.282447393251475E+003  0.878186818260974E+000  0.156829038465795E+001  0.141703694223706E+000  0.467444980534586E+000 -0.131028262406404E+000 -0.141457246592268E+003
  0.626817455895128E+000  0.282446787274236E+003  0.135148680703826E+001  0.646792349125684E+000  0.357343358919005E+000  0.472070470818900E+000 -0.131028262406404E+000 -0.141456943603649E+003
  0.626817455895128E+000  0.282446186235495E+003  0.906376139487168E+000  0.152452155491464E+001  0.463091894989450E+000  0.444674482967660E+000 -0.131028262406404E+000 -0.141456643084278E+003
  0.626817455895128E+000  0.282445961648223E+003  0.187579545964995E+001  0.197641440038875E+001  0.268163701396202E-001  0.340764565203787E+000 -0.131028262406404E+000 -0.141456530790642E+003
  0.626817455895128E+000  0.282443610083077E+003  0.122200832682589E+001  0.187335022193906E+001  0.101063441782056E-001  0.381872180475075E+000 -0.131028262406404E+000 -0.141455355008069E+003
  0.626817455895128E+000  0.282441849592237E+003  0.146234543979635E+001  0.166209108271675E+001  0.607132705268089E-001  0.274867543822535E+000 -0.131028262406404E+000 -0.141454474762649E+003
  0.626817455895128E+000  0.282438748185609E+003  0.165493971194143E+001  0.148578442185779E+001  0.972595594543745E+000  0.236125666881673E+000 -0.131028262406404E+000 -0.141452924059335E+003
  0.626817455895128E+000  0.282438549400205E+003  0.134639736609556E+001  0.195952938890380E+001  0.287373312722142E+000  0.397714862894284E+000 -0.131028262406404E+000 -0.141452824666633E+003
  0.626817455895128E+000  0.282431487740912E+003  0.196734315539918E+001  0.144796936285517E+001  0.152339465270364E+000  0.198638788455350E+000 -0.131028262406404E+000 -0.141449293836987E+003
  0.626817455895128E+000  0.282429426886615E+003  0.137463698407821E+001  0.635644895186132E+000  0.236700568921017E-001  0.464875325647237E+000 -0.131028262406404E+000 -0.141448263409838E+003
  0.626817455895128E+000  0.282428694845459E+003  0.145947016460457E+001  0.157863992506464E+001  0.865381737004061E+000  0.272627783350060E+000 -0.131028262406404E+000 -0.141447897389260E+003
  0.626817455895128E+000  0.282425460583014E+003  0.177087021575573E+001  0.826396733165783E+000  0.440744674064992E+000  0.225044466491831E+000 -0.131028262406404E+000 -0.141446280258038E+003
  0.626817455895128E+000  0.282425229480471E+003  0.100496603419197E+001  0.904586825629172E+000  0.784400548827624E+000  0.464252762974740E+000 -0.131028262406404E+000 -0.141446164706766E+003
  0.626817455895128E+000  0.282422963466290E+003  0.143921461614328E+001  0.187766499486691E+001  0.968562904693755E+000  0.455630461132741E+000 -0.131028262406404E+000 -0.141445031699675E+003
  0.626817455895128E+000  0.282420895194198E+003  0.121981598107448E+001  0.178923616942591E+001  0.771492391608981E-001  0.359342038746410E+000 -0.131028262406404E+000 -0.141443997563630E+003
  0.626817455895128E+000  0.282420265943409E+003  0.173209329999804E+001  0.726895455968061E+000  0.538212159298013E+000  0.463069291289007E+000 -0.131028262406404E+000 -0.141443682938235E+003
  0.626817455895128E+000  0.282419380242021E+003  0.183742119204814E+001  0.129953200649447E+001  0.265701330772912E+000  0.438264761552654E+000 -0.131028262406404E+000 -0.141443240087541E+003
  0.626817455895128E+000  0.282413359724287E+003  0.902906441620800E+000  0.103511710680766E+001  0.737063109270334E+000  0.490934880667101E+000 -0.131028262406404E+000 -0.141440229828674E+003
  0.626817455895128E+000  0.282413221521050E+003  0.146619657206640E+001  0.534827861922680E+000  0.688423197272826E+000  0.418302177341616E+000 -0.131028262406404E+000 -0.141440160727056E+003
  0.626817455895128E+000  0.282412672706261E+003  0.137926177303778E+001  0.194639696096265E+001  0.622190261952873E+000  0.409517070244141E+000 -0.131028262406404E+000 -0.141439886319661E+003
  0.626817455895128E+000  0.282412468524493E+003  0.147101191053362E+001  0.150541726175233E+001  0.696192544519795E+000  0.269465236820306E+000 -0.131028262406404E+000 -0.141439784228777E+003
  0.626817455895128E+000  0.282412002527411E+003  0.135743214568959E+001  0.174460883928407E+001  0.100795563330547E+000  0.310166324531251E+000 -0.131028262406404E+000 -0.141439551230236E+003
  0.626817455895128E+000  0.282409973970189E+003  0.122301912197254E+001  0.172719769928579E+001  0.861484281993226E+000  0.347793657688398E+000 -0.131028262406404E+000 -0.141438536951625E+003
  0.626817455895128E+000  0.282409355035965E+003  0.101359244993382E+001  0.132501296679581E+001  0.566587821431095E+000  0.390290055475722E+000 -0.131028262406404E+000 -0.141438227484513E+003
  0.626817455895128E+000  0.282408939579847E+003  0.125859811264730E+001  0.182741777872466E+001  0.107985914066053E+000  0.357592083509028E+000 -0.131028262406404E+000 -0.141438019756454E+003
  0.626817455895128E+000  0.282408892976502E+003  0.173775081301165E+001  0.148528836920852E+001  0.331266747093182E+000  0.456721716541448E+000 -0.131028262406404E+000 -0.141437996454782E+003
  0.626817455895128E+000  0.282407475005384E+003  0.117222135358701E+001  0.989753973495143E+000  0.356219559918529E+000  0.350078254346617E+000 -0.131028262406404E+000 -0.141437287469223E+003
  0.626817455895128E+000  0.282406126422939E+003  0.180776397490222E+001  0.180796753431946E+001  0.940933200791898E+000  0.229949032148027E+000 -0.131028262406404E+000 -0.141436613178000E+003
  0.626817455895128E+000  0.282405897670249E+003  0.860097988363336E+000  0.129310270756137E+001  0.995699026518426E+000  0.469999578267573E+000 -0.131028262406404E+000 -0.141436498801655E+003
  0.626817455895128E+000  0.282405176372009E+003  0.179573320767827E+001  0.151329640549210E+001  0.705025821298730E+000  0.427457520800011E+000 -0.131028262406404E+000 -0.141436138152535E+003
  0.626817455895128E+000  0.282404947198214E+003  0.113073664402768E+001  0.185105752794361E+001  0.330527281154967E+000  0.443042565742049E+000 -0.131028262406404E+000 -0.141436023565638E+003
  0.626817455895128E+000  0.282402856542396E+003  0.140970224988693E+001  0.185745059404032E+001  0.172984742855675E-002  0.315283456670210E+000 -0.131028262406404E+000 -0.141434978237729E+003
  0.626817455895128E+000  0.282401949793652E+003  0.100204484907573E+001  0.127153189898050E+001  0.350441404210467E+000  0.397073813351461E+000 -0.131028262406404E+000 -0.141434524863357E+003
  0.626817455895128E+000  0.282401808985605E+003  0.129516484978995E+001  0.706303037164324E+000  0.224561729489845E+000  0.355415313647146E+000 -0.131028262406404E+000 -0.141434454459333E+003
  0.626817455895128E+000  0.282401586238591E+003  0.194131533077781E+001  0.673351567012016E+000  0.973792536107733E+000  0.210204044010356E+000 -0.131028262406404E+000 -0.141434343085826E+003
  0.626817455895128E+000  0.282399118533997E+003  0.187802437592520E+001  0.166590622034065E+001  0.438387288964709E+000  0.215772026149812E+000 -0.131028262406404E+000 -0.141433109233529E+003
  0.626817455895128E+000  0.282398865061006E+003  0.124179300349241E+001  0.148118627240484E+001  0.692839645201053E+000  0.321068444930265E+000 -0.131028262406404E+000 -0.141432982497034E+003
  0.626817455895128E+000  0.282391893037235E+003  0.163957682613758E+001  0.836674533542965E+000  0.144892441425892E-001  0.247885027208309E+000 -0.131028262406404E+000 -0.141429496485148E+003
  0.626817455895128E+000  0.282391540048506E+003  0.172778393673796E+001  0.175310536691808E+001  0.589516466628318E+000  0.240355396737492E+000 -0.131028262406404E+000 -0.141429319990784E+003
  0.626817455895128E+000  0.282390155749528E+003  0.184304865118731E+001  0.528654645456931E+000  0.719352145074660E+000  0.419237338846315E+000 -0.131028262406404E+000 -0.141428627841295E+003
  0.626817455895128E+000  0.282386398659145E+003  0.142672140208783E+001  0.181982219841490E+001  0.838526889060185E+000  0.482870425769328E+000 -0.131028262406404E+000 -0.141426749296103E+003
  0.626817455895128E+000  0.282384774004125E+003  0.154595172618885E+001  0.538093566459521E+000  0.201507649567941E+000  0.427202615107649E+000 -0.131028262406404E+000 -0.141425936968593E+003
  0.626817455895128E+000  0.282380882374471E+003  0.195184957962276E+001  0.114508434109042E+001  0.319197079429682E+000  0.405671123865395E+000 -0.131028262406404E+000 -0.141423991153766E+003
  0.626817455895128E+000  0.282379437851602E+003  0.180150232412033E+001  0.111047183483596E+001  0.916359640866569E+000  0.458386437960374E+000 -0.131028262406404E+000 -0.141423268892331E+003
  0.626817455895128E+000  0.282379286735523E+003  0.199311904470206E+001  0.189477680139815E+001  0.371096521497727E+000  0.322111337501057E+000 -0.131028262406404E+000 -0.141423193334292E+003
  0.626817455895128E+000  0.282378939990890E+003  0.147721271113388E+001  0.124331085085908E+001  0.721845155744453E+000  0.267991958484014E+000 -0.131028262406404E+000 -0.141423019961976E+003
  0.626817455895128E+000  0.282377840808070E+003  0.176985173220479E+001  0.199557968912322E+001  0.115762933544343E+000  0.339159828670591E+000 -0.131028262406404E+000 -0.141422470370566E+003
  0.626817455895128E+000  0.282376722413833E+003  0.147166097174457E+001  0.513829920961782E+000  0.304574983071352E+000  0.357607647025690E+000 -0.131028262406404E+000 -0.141421911173447E+003
  0.626817455895128E+000  0.282374209313977E+003  0.110324863696714E+001  0.139019656523762E+001  0.268091621992060E+000  0.362560216120350E+000 -0.131028262406404E+000 -0.141420654623519E+003
  0.626817455895128E+000  0.282372423839967E+003  0.104210966343132E+001  0.165022627229397E+001  0.890885471080810E+000  0.411051994183056E+000 -0.131028262406404E+000 -0.141419761886514E+003
  0.626817455895128E+000  0.282364933330996E+003  0.940603532122567E+000  0.142578550063037E+001  0.789521859175087E-001  0.432188077489534E+000 -0.131028262406404E+000 -0.141416016632028E+003
  0.626817455895128E+000  0.282356400095484E+003  0.187757926464289E+001  0.197039820261978E+001  0.209351789648060E+000  0.239430607040794E+000 -0.131028262406404E+000 -0.141411750014273E+003
  0.626817455895128E+000  0.282356350592596E+003  0.190890477990274E+001  0.173143936149689E+001  0.822908892496261E+000  0.355836665210352E+000 -0.131028262406404E+000 -0.141411725262829E+003
  0.626817455895128E+000  0.282354479582127E+003  0.126491868515872E+001  0.114322406273196E+001  0.739678347590812E+000  0.318742881708139E+000 -0.131028262406404E+000 -0.141410789757594E+003
  0.626817455895128E+000  0.282353706862189E+003  0.149861884602964E+001  0.636903205664520E+000  0.979073962865145E+000  0.458245258190124E+000 -0.131028262406404E+000 -0.141410403397625E+003
  0.626817455895128E+000  0.282352664741548E+003  0.946105299733437E+000  0.130391499625389E+001  0.737860070970366E+000  0.429992425714159E+000 -0.131028262406404E+000 -0.141409882337305E+003
  0.626817455895128E+000  0.282351435112939E+003  0.155515469918904E+001  0.196671991361029E+001  0.474612736714997E+000  0.361314330671847E+000 -0.131028262406404E+000 -0.141409267523000E+003
  0.626817455895128E+000  0.282349587888628E+003  0.121590503480191E+001  0.122084313082486E+001  0.164308852296667E-001  0.330776123900261E+000 -0.131028262406404E+000 -0.141408343910845E+003
  0.626817455895128E+000  0.282347860231799E+003  0.113006290721714E+001  0.812809076436377E+000  0.977145999964711E+000  0.444339117459208E+000 -0.131028262406404E+000 -0.141407480082430E+003
  0.626817455895128E+000  0.282346478971781E+003  0.148218624731970E+001  0.191314485686285E+001  0.467550225291000E+000  0.323146030139685E+000 -0.131028262406404E+000 -0.141406789452421E+003
  0.626817455895128E+000  0.282345774260508E+003  0.196481777457390E+001  0.158830860868956E+001  0.361485448588609E+000  0.356885636245178E+000 -0.131028262406404E+000 -0.141406437096785E+003
  0.626817455895128E+000  0.282344520211091E+003  0.187749004623553E+001  0.176713743255670E+001  0.142879111949738E+000  0.226090947370103E+000 -0.131028262406404E+000 -0.141405810072076E+003
  0.626817455895128E+000  0.282343929084200E+003  0.140819687331983E+001  0.168705655678937E+001  0.166968690374665E+000  0.302048738887816E+000 -0.131028262406404E+000 -0.141405514508631E+003
  0.626817455895128E+000  0.282342273170094E+003  0.145935549005068E+001  0.724727323614254E+000  0.798719491929346E+000  0.301278807604648E+000 -0.131028262406404E+000 -0.141404686551577E+003
  0.626817455895128E+000  0.282341960010544E+003  0.198531970339339E+001  0.123722552056875E+001  0.401102307135460E+000  0.383988965237547E+000 -0.131028262406404E+000 -0.141404529971803E+003
  0.626817455895128E+000  0.282341891681075E+003  0.152775457735584E+001  0.195749701508858E+001  0.543731350290475E+000  0.361331263314591E+000 -0.131028262406404E+000 -0.141404495807068E+003
  0.626817455895128E+000  0.282341075277841E+003  0.165629607073642E+001  0.187227891568834E+001  0.680708116613493E+000  0.270526958842802E+000 -0.131028262406404E+000 -0.141404087605451E+003
  0.626817455895128E+000  0.282340541627416E+003  0.166990189825197E+001  0.179258285846528E+001  0.537505313374784E+000  0.405769904265727E+000 -0.131028262406404E+000 -0.141403820780238E+003
  0.626817455895128E+000  0.282337182811779E+003  0.154820850028393E+001  0.170789827669094E+001  0.546958952080949E+000  0.275256062077669E+000 -0.131028262406404E+000 -0.141402141372420E+003
  0.626817455895128E+000  0.282336589510332E+003  0.150307622502655E+001  0.532659776058838E+000  0.315415268535826E+000  0.334777720395222E+000 -0.131028262406404E+000 -0.141401844721697E+003
  0.626817455895128E+000  0.282336537411023E+003  0.182235652761708E+001  0.618212202171574E+000  0.662882025420940E+000  0.426320697347222E+000 -0.131028262406404E+000 -0.141401818672042E+003
  0.626817455895128E+000  0.282336303732372E+003  0.145634803152288E+001  0.180512569102761E+001  0.714568324862001E+000  0.306754265436174E+000 -0.131028262406404E+000 -0.141401701832717E+003
  0.626817455895128E+000  0.282335081254612E+003  0.157042578193406E+001  0.996400205815271E+000  0.215667849097207E+000  0.259995939007749E+000 -0.131028262406404E+000 -0.141401090593837E+003
  0.626817455895128E+000  0.282334056975464E+003  0.196279338102416E+001  0.110699660986721E+001  0.529637560555054E+000  0.206159134405323E+000 -0.131028262406404E+000 -0.141400578454262E+003
  0.626817455895128E+000  0.282333182814715E+003  0.171767340350084E+001  0.180756373220416E+001  0.643078027838291E+000  0.387393678556511E+000 -0.131028262406404E+000 -0.141400141373888E+003
  0.626817455895128E+000  0.282332186123906E+003  0.921688403743239E+000  0.153888537463183E+001  0.462427688351697E+000  0.458788686075310E+000 -0.131028262406404E+000 -0.141399643028484E+003
  0.626817455895128E+000  0.282330169229091E+003  0.150504941810632E+001  0.163186065828856E+001  0.423997938566533E+000  0.279071728680368E+000 -0.131028262406404E+000 -0.141398634581076E+003
  0.626817455895128E+000  0.282330118095610E+003  0.118230140536573E+001  0.969889151825785E+000  0.839641482500206E+000  0.361160956331928E+000 -0.131028262406404E+000 -0.141398609014336E+003
  0.626817455895128E+000  0.282329482489401E+003  0.127320719750796E+001  0.125047314971154E+001  0.932196954424482E-001  0.317538129847530E+000 -0.131028262406404E+000 -0.141398291211231E+003
  0.626817455895128E+000  0.282329339411104E+003  0.176423701180817E+001  0.178020865300135E+001  0.980661522565441E+000  0.380433297001304E+000 -0.131028262406404E+000 -0.141398219672082E+003
  0.626817455895128E+000  0.282329021368280E+003  0.104596721703620E+001  0.881658018242984E+000  0.282044133712124E+000  0.497969671912065E+000 -0.131028262406404E+000 -0.141398060650671E+003
  0.626817455895128E+000  0.282328249124436E+003  0.160694253336327E+001  0.144803627175546E+001  0.618982134507292E+000  0.254033354533822E+000 -0.131028262406404E+000 -0.141397674528749E+003
  0.626817455895128E+000  0.282327337533488E+003  0.145954647619078E+001  0.641638931878308E+000  0.859673434009357E+000  0.452934751309498E+000 -0.131028262406404E+000 -0.141397218733275E+003
  0.626817455895128E+000  0.282316147548164E+003  0.146119422677394E+001  0.634108665426961E+000  0.516315725139712E+000  0.446680989103933E+000 -0.131028262406404E+000 -0.141391623740613E+003
  0.626817455895128E+000  0.282315446222970E+003  0.182268569312956E+001  0.198328963861179E+001  0.631748043840109E+000  0.318916757545120E+000 -0.131028262406404E+000 -0.141391273078015E+003
  0.626817455895128E+000  0.282312731141132E+003  0.176193623750031E+001  0.176591043390020E+001  0.357764907635216E+000  0.246608746873844E+000 -0.131028262406404E+000 -0.141389915537096E+003
  0.626817455895128E+000  0.282312054208846E+003  0.147820199685248E+001  0.192493448039416E+001  0.444564108696073E+000  0.365614622586106E+000 -0.131028262406404E+000 -0.141389577070953E+003
  0.626817455895128E+000  0.282311513024700E+003  0.119084565657256E+001  0.100475133832971E+001  0.276818021092087E+000  0.356658675016775E+000 -0.131028262406404E+000 -0.141389306478881E+003
  0.626817455895128E+000  0.282311444701893E+003  0.107149276443977E+001  0.139485348440429E+001  0.487779115859766E+000  0.382995975700934E+000 -0.131028262406404E+000 -0.141389272317477E+003
  0.626817455895128E+000  0.282310876144672E+003  0.170979507581204E+001  0.197672444950808E+001  0.267430706705026E+000  0.329115687344767E+000 -0.131028262406404E+000 -0.141388988038867E+003
  0.626817455895128E+000  0.282308035299244E+003  0.160013332097717E+001  0.195794753820936E+001  0.221503657004014E+000  0.335910501776196E+000 -0.131028262406404E+000 -0.141387567616152E+003
  0.626817455895128E+000  0.282307621756462E+003  0.146351733204159E+001  0.132740548665308E+001  0.814649886381951E+000  0.278769953506340E+000 -0.131028262406404E+000 -0.141387360844762E+003
  0.626817455895128E+000  0.282307325769592E+003  0.151143203468092E+001  0.174878445261227E+001  0.667078881586632E+000  0.291428282244895E+000 -0.131028262406404E+000 -0.141387212851327E+003
  0.626817455895128E+000  0.282307103026638E+003  0.137553578948586E+001  0.180775557888037E+001  0.167106012685462E+000  0.487454110707372E+000 -0.131028262406404E+000 -0.141387101479850E+003
  0.626817455895128E+000  0.282302685419815E+003  0.109797933885053E+001  0.141989048759662E+001  0.876393001804097E+000  0.375606776205972E+000 -0.131028262406404E+000 -0.141384892676438E+003
  0.626817455895128E+000  0.282302342122954E+003  0.187849529453281E+001  0.119310350531607E+001  0.730424116016604E+000  0.417394286615047E+000 -0.131028262406404E+000 -0.141384721028007E+003
  0.626817455895128E+000  0.282301198647664E+003  0.126020144158755E+001  0.132941991931190E+001  0.333390407046459E+000  0.324558760064539E+000 -0.131028262406404E+000 -0.141384149290363E+003
  0.626817455895128E+000  0.282301032328467E+003  0.187554119861000E+001  0.101087937939913E+001  0.933696417420040E+000  0.219625952205152E+000 -0.131028262406404E+000 -0.141384066130764E+003
  0.626817455895128E+000  0.282300493298432E+003  0.126569949553063E+001  0.723937399634931E+000  0.514467792351224E+000  0.447462201206789E+000 -0.131028262406404E+000 -0.141383796615747E+003
  0.626817455895128E+000  0.282298373878979E+003  0.109684469240298E+001  0.175166485675513E+001  0.758414915546193E+000  0.434173830143640E+000 -0.131028262406404E+000 -0.141382736906020E+003
  0.626817455895128E+000  0.282298215821850E+003  0.147253448568739E+001  0.151695563593512E+001  0.830809082599328E+000  0.283297646820087E+000 -0.131028262406404E+000 -0.141382657877456E+003
  0.626817455895128E+000  0.282298028195029E+003  0.179300338399204E+001  0.654070979902872E+000  0.937444429079576E+000  0.242568188284294E+000 -0.131028262406404E+000 -0.141382564064045E+003
  0.626817455895128E+000  0.282291770470184E+003  0.166938681235850E+001  0.187867584548399E+001  0.866806917918821E+000  0.369445432950953E+000 -0.131028262406404E+000 -0.141379435201623E+003
  0.626817455895128E+000  0.282291355126860E+003  0.160404610894212E+001  0.992420760275620E+000  0.762077280448268E+000  0.259156981666291E+000 -0.131028262406404E+000 -0.141379227529961E+003
  0.626817455895128E+000  0.282289002598798E+003  0.115774279941552E+001  0.860645893343378E+000  0.679331480897913E+000  0.409003910900444E+000 -0.131028262406404E+000 -0.141378051265930E+003
  0.626817455895128E+000  0.282288931906145E+003  0.110244181259451E+001  0.166628325637682E+001  0.900612978894615E+000  0.404881956330266E+000 -0.131028262406404E+000 -0.141378015919603E+003
  0.626817455895128E+000  0.282288118124270E+003  0.112098385010668E+001  0.865289356414132E+000  0.864460651283252E+000  0.435787387879651E+000 -0.131028262406404E+000 -0.141377609028666E+003
  0.626817455895128E+000  0.282288018802866E+003  0.100698766458842E+001  0.172341551406509E+001  0.505443378104344E+000  0.475729525132361E+000 -0.131028262406404E+000 -0.141377559367964E+003
  0.626817455895128E+000  0.282287901532544E+003  0.132111893066074E+001  0.683042255621681E+000  0.460552055205170E+000  0.419029551621108E+000 -0.131028262406404E+000 -0.141377500732803E+003
  0.626817455895128E+000  0.282287751505083E+003  0.133521142516425E+001  0.913281746806583E+000  0.755074172966521E+000  0.323193753419112E+000 -0.131028262406404E+000 -0.141377425719072E+003
  0.626817455895128E+000  0.282287374880004E+003  0.135104903302336E+001  0.670099165284900E+000  0.719914908117219E+000  0.380678422141145E+000 -0.131028262406404E+000 -0.141377237406533E+003
  0.626817455895128E+000  0.282285601428016E+003  0.167214867597654E+001  0.742369715911818E+000  0.887825643333229E-003  0.458776480119210E+000 -0.131028262406404E+000 -0.141376350680539E+003
  0.626817455895128E+000  0.282282483732560E+003  0.140097807478491E+001  0.176833364017530E+001  0.499097971820313E+000  0.326216183641330E+000 -0.131028262406404E+000 -0.141374791832811E+003
  0.626817455895128E+000  0.282280378751092E+003  0.122638832758924E+001  0.173636580261823E+001  0.170137626800022E+000  0.375365255326877E+000 -0.131028262406404E+000 -0.141373739342077E+003
  0.626817455895128E+000  0.282279983671871E+003  0.171502875708294E+001  0.801065943522518E+000  0.205245316495990E+000  0.249387825398071E+000 -0.131028262406404E+000 -0.141373541802466E+003
  0.626817455895128E+000  0.282278352239065E+003  0.154899529866711E+001  0.664498377956210E+000  0.589933387806706E+000  0.452878707201285E+000 -0.131028262406404E+000 -0.141372726086063E+003
  0.626817455895128E+000  0.282278242248920E+003  0.172277792732350E+001  0.504614979178342E+000  0.260386275196711E-001  0.274052676027573E+000 -0.131028262406404E+000 -0.141372671090991E+003
  0.626817455895128E+000  0.282278092388247E+003  0.102446618093158E+001  0.157436829390213E+001  0.736247329496769E-001  0.422951446311247E+000 -0.131028262406404E+000 -0.141372596160654E+003
  0.626817455895128E+000  0.282277894748622E+003  0.172539846524848E+001  0.148573815095592E+001  0.690356236779475E+000  0.442793875717728E+000 -0.131028262406404E+000 -0.141372497340841E+003
  0.626817455895128E+000  0.282273616402034E+003  0.119958108397716E+001  0.177954332696880E+001  0.911942115990914E+000  0.404267147021893E+000 -0.131028262406404E+000 -0.141370358167548E+003
  0.626817455895128E+000  0.282268632236823E+003  0.147820703365482E+001  0.611855597126920E+000  0.565126680262082E+000  0.335951673647203E+000 -0.131028262406404E+000 -0.141367866084942E+003
  0.626817455895128E+000  0.282267129304885E+003  0.140919999251010E+001  0.126379677920636E+001  0.250675588625202E+000  0.293894169291872E+000 -0.131028262406404E+000 -0.141367114618973E+003
  0.626817455895128E+000  0.282266721124333E+003  0.905873654878886E+000  0.154092187323924E+001  0.792237634893931E+000  0.481095998389974E+000 -0.131028262406404E+000 -0.141366910528697E+003
  0.626817455895128E+000  0.282266427148639E+003  0.175166931179412E+001  0.179063794171476E+001  0.779541236909043E+000  0.257797619564984E+000 -0.131028262406404E+000 -0.141366763540850E+003
  0.626817455895128E+000  0.282262810114754E+003  0.144212860384489E+001  0.784158196032167E+000  0.811899557483305E+000  0.497596200518752E+000 -0.131028262406404E+000 -0.141364955023908E+003
  0.626817455895128E+000  0.282262414735556E+003  0.186332774211961E+001  0.190414404777085E+001  0.522222694405803E+000  0.253818802779413E+000 -0.131028262406404E+000 -0.141364757334309E+003
  0.626817455895128E+000  0.282261943314171E+003  0.194283869534362E+001  0.914633259697124E+000  0.964434360728885E-001  0.405693456719609E+000 -0.131028262406404E+000 -0.141364521623616E+003
  0.626817455895128E+000  0.282261055059662E+003  0.174209265380182E+001  0.194026233750172E+001  0.564298595243302E+000  0.290540787697091E+000 -0.131028262406404E+000 -0.141364077496362E+003
  0.626817455895128E+000  0.282260081140333E+003  0.192236187542117E+001  0.197949804577794E+001  0.187398846327631E+000  0.288770115448217E+000 -0.131028262406404E+000 -0.141363590536697E+003
  0.626817455895128E+000  0.282259085554259E+003  0.182429214413406E+001  0.178926518200061E+001  0.463851382685776E+000  0.247566381040761E+000 -0.131028262406404E+000 -0.141363092743660E+003
  0.626817455895128E+000  0.282258873417257E+003  0.140874989599920E+001  0.155098430452610E+001  0.590994402899818E-001  0.303563483641958E+000 -0.131028262406404E+000 -0.141362986675159E+003
  0.626817455895128E+000  0.282258859668358E+003  0.932286033783843E+000  0.122556838442018E+001  0.724078123850806E+000  0.458769072646225E+000 -0.131028262406404E+000 -0.141362979800710E+003
  0.626817455895128E+000  0.282258811863048E+003  0.108810515017523E+001  0.923856215199529E+000  0.972521670542781E+000  0.438662853789987E+000 -0.131028262406404E+000 -0.141362955898055E+003
  0.626817455895128E+000  0.282258449635238E+003  0.106717500930854E+001  0.168555109080293E+001  0.747960266449282E+000  0.433388048548629E+000 -0.131028262406404E+000 -0.141362774784150E+003
  0.626817455895128E+000  0.282258024541795E+003  0.932708634612764E+000  0.153460112193438E+001  0.631925864678521E+000  0.466219106759449E+000 -0.131028262406404E+000 -0.141362562237428E+003
  0.626817455895128E+000  0.282256741442445E+003  0.158313307857644E+001  0.190900432165665E+001  0.249751448540511E+000  0.342619114966693E+000 -0.131028262406404E+000 -0.141361920687753E+003
  0.626817455895128E+000  0.282256531717020E+003  0.135562951933543E+001  0.185220631122089E+001  0.299629331444807E+000  0.389790964620045E+000 -0.131028262406404E+000 -0.141361815825041E+003
  0.626817455895128E+000  0.282256484295229E+003  0.139034822769294E+001  0.957108139237976E+000  0.430843542906840E+000  0.308978348169445E+000 -0.131028262406404E+000 -0.141361792114145E+003
  0.626817455895128E+000  0.282255967085396E+003  0.129001080793724E+001  0.180887311585853E+001  0.903553256659421E+000  0.495128577133969E+000 -0.131028262406404E+000 -0.141361533509229E+003
  0.626817455895128E+000  0.282255890396081E+003  0.133353582554717E+001  0.144824713689641E+001  0.307884254390500E+000  0.315535195144273E+000 -0.131028262406404E+000 -0.141361495164571E+003
  0.626817455895128E+000  0.282255234167033E+003  0.186251128821283E+001  0.683588659880629E+000  0.727010693198216E+000  0.416477712694391E+000 -0.131028262406404E+000 -0.141361167050047E+003
  0.626817455895128E+000  0.282253928341394E+003  0.101667059470665E+001  0.993276115834918E+000  0.738044279577506E-001  0.461668869708593E+000 -0.131028262406404E+000 -0.141360514137228E+003
  0.626817455895128E+000  0.282251104432916E+003  0.127424574424262E+001  0.176533363225240E+001  0.445156462080007E+000  0.374095039113951E+000 -0.131028262406404E+000 -0.141359102182989E+003
  0.626817455895128E+000  0.282250795643068E+003  0.144298281087751E+001  0.129558247344207E+001  0.538929895176526E+000  0.289177541539847E+000 -0.131028262406404E+000 -0.141358947788065E+003
  0.626817455895128E+000  0.282248861523839E+003  0.105813531887259E+001  0.126473490191514E+001  0.332831420384479E+000  0.397324769072314E+000 -0.131028262406404E+000 -0.141357980728450E+003
  0.626817455895128E+000  0.282248532615290E+003  0.158069265538674E+001  0.154762084775008E+001  0.727801571832864E+000  0.271570642475658E+000 -0.131028262406404E+000 -0.141357816274176E+003
  0.626817455895128E+000  0.282247744906500E+003  0.195871515208605E+001  0.189152034451150E+001  0.436586722117453E+000  0.303605553427856E+000 -0.131028262406404E+000 -0.141357422419781E+003
  0.626817455895128E+000  0.282247079083755E+003  0.160506959951900E+001  0.173645050217551E+001  0.594287054866269E+000  0.281688567410218E+000 -0.131028262406404E+000 -0.141357089508408E+003
  0.626817455895128E+000  0.282246891431581E+003  0.158497224063116E+001  0.546553646982761E+000  0.735077121356833E+000  0.317329154135686E+000 -0.131028262406404E+000 -0.141356995682321E+003
  0.626817455895128E+000  0.282245420742853E+003  0.111774634338996E+001  0.107110832733482E+001  0.876359279381219E+000  0.388350741601420E+000 -0.131028262406404E+000 -0.141356260337957E+003
  0.626817455895128E+000  0.282245341684840E+003  0.140302178680867E+001  0.165413328526032E+001  0.119765455486714E+000  0.315881126436629E+000 -0.131028262406404E+000 -0.141356220808951E+003
  0.626817455895128E+000  0.282243865776655E+003  0.189353027889654E+001  0.189690459390727E+001  0.162368563274927E+000  0.311315613950049E+000 -0.131028262406404E+000 -0.141355482854858E+003
  0.626817455895128E+000  0.282241583735671E+003  0.140388963298865E+001  0.876754177189186E+000  0.887367813907899E+000  0.314607862805610E+000 -0.131028262406404E+000 -0.141354341834366E+003
  0.626817455895128E+000  0.282241058919176E+003  0.131877353066040E+001  0.118238984145059E+001  0.929372948403808E+000  0.318402850203675E+000 -0.131028262406404E+000 -0.141354079426119E+003
  0.626817455895128E+000  0.282240402200763E+003  0.188040382996208E+001  0.152862711781102E+001  0.263199551779566E+000  0.228950624610446E+000 -0.131028262406404E+000 -0.141353751066912E+003
  0.626817455895128E+000  0.282240401136555E+003  0.104946499541946E+001  0.137986085199983E+001  0.393466712870926E+000  0.401946489972337E+000 -0.131028262406404E+000 -0.141353750534808E+003
  0.626817455895128E+000  0.282239026002312E+003  0.133322328410643E+001  0.183699112699571E+001  0.285478897191704E+000  0.435169442189807E+000 -0.131028262406404E+000 -0.141353062967687E+003
  0.626817455895128E+000  0.282238520544293E+003  0.169714735604650E+001  0.188563231353364E+001  0.731923366556353E+000  0.343714804218906E+000 -0.131028262406404E+000 -0.141352810238677E+003
  0.626817455895128E+000  0.282238178389225E+003  0.188937682080576E+001  0.921381494507488E+000  0.168033788153514E+000  0.225685874263028E+000 -0.131028262406404E+000 -0.141352639161143E+003
  0.626817455895128E+000  0.282235145004331E+003  0.911225098847511E+000  0.115143806262026E+001  0.354456770333877E+000  0.490143462473249E+000 -0.131028262406404E+000 -0.141351122468696E+003
  0.626817455895128E+000  0.282233772651011E+003  0.162371407739392E+001  0.157060009189864E+001  0.823934750937625E+000  0.267547101970719E+000 -0.131028262406404E+000 -0.141350436292036E+003
  0.626817455895128E+000  0.282233040194472E+003  0.117845831570184E+001  0.170275957111900E+001  0.973149700182415E+000  0.395871399589746E+000 -0.131028262406404E+000 -0.141350070063767E+003
  0.626817455895128E+000  0.282232768312444E+003  0.145540503819275E+001  0.159143471910459E+001  0.938354853954154E+000  0.300327441567776E+000 -0.131028262406404E+000 -0.141349934122753E+003
  0.626817455895128E+000  0.282232297927801E+003  0.163668981717412E+001  0.957087883482359E+000  0.816413685133535E-001  0.261538432179157E+000 -0.131028262406404E+000 -0.141349698930431E+003
  0.626817455895128E+000  0.282230244860298E+003  0.149358277931625E+001  0.153928162009471E+001  0.314664311141621E+000  0.289526737890981E+000 -0.131028262406404E+000 -0.141348672396680E+003
  0.626817455895128E+000  0.282228267824124E+003  0.151728087012987E+001  0.106447113320880E+001  0.461709781308490E+000  0.280005645949721E+000 -0.131028262406404E+000 -0.141347683878593E+003
  0.626817455895128E+000  0.282226913504520E+003  0.146157052103062E+001  0.151849514506547E+001  0.252246738768820E+000  0.295139101500719E+000 -0.131028262406404E+000 -0.141347006718791E+003
  0.626817455895128E+000  0.282226613335167E+003  0.155466935744253E+001  0.187064218915125E+001  0.176100701229832E+000  0.364710342120109E+000 -0.131028262406404E+000 -0.141346856634114E+003
  0.626817455895128E+000  0.282225938752215E+003  0.142820900188628E+001  0.183713702871572E+001  0.314031405227052E+000  0.416096293892903E+000 -0.131028262406404E+000 -0.141346519342638E+003
  0.626817455895128E+000  0.282224147852091E+003  0.111336307741880E+001  0.114905948527004E+001  0.206427397498895E+000  0.385795897865966E+000 -0.131028262406404E+000 -0.141345623892576E+003
  0.626817455895128E+000  0.282223011313769E+003  0.160473194195815E+001  0.830781779490166E+000  0.854638881278255E+000  0.477606848357665E+000 -0.131028262406404E+000 -0.141345055623415E+003
  0.626817455895128E+000  0.282219885846434E+003  0.190267636523874E+001  0.919279452138309E+000  0.306369878946738E+000  0.226038751645279E+000 -0.131028262406404E+000 -0.141343492889748E+003
  0.626817455895128E+000  0.282219685613568E+003  0.173883911511300E+001  0.135149037618304E+001  0.323840825242505E+000  0.245190492636134E+000 -0.131028262406404E+000 -0.141343392773315E+003
  0.626817455895128E+000  0.282216011133686E+003  0.146206228157334E+001  0.147510689995100E+001  0.880653861639734E+000  0.294403346541770E+000 -0.131028262406404E+000 -0.141341555533374E+003
  0.626817455895128E+000  0.282215561912057E+003  0.190093485473992E+001  0.113475470721343E+001  0.303947716363797E+000  0.402791139291573E+000 -0.131028262406404E+000 -0.141341330922559E+003
  0.626817455895128E+000  0.282215275298200E+003  0.132186064144761E+001  0.181370957418202E+001  0.687792852224419E+000  0.457502317404794E+000 -0.131028262406404E+000 -0.141341187615631E+003
  0.626817455895128E+000  0.282212127237579E+003  0.135858797235536E+001  0.176535367374036E+001  0.904824655938705E+000  0.356225703661329E+000 -0.131028262406404E+000 -0.141339613585320E+003
  0.626817455895128E+000  0.282211638609016E+003  0.189239559464481E+001  0.582822966707537E+000  0.797319399958999E+000  0.242316775438571E+000 -0.131028262406404E+000 -0.141339369271039E+003
  0.626817455895128E+000  0.282210830064278E+003  0.191974076393910E+001  0.191742594148133E+001  0.260105358987317E+000  0.266277236691916E+000 -0.131028262406404E+000 -0.141338964998670E+003
  0.626817455895128E+000  0.282210201232845E+003  0.176734246483409E+001  0.576644569976336E+000  0.231468755793738E+000  0.265949153755806E+000 -0.131028262406404E+000 -0.141338650582953E+003
  0.626817455895128E+000  0.282209538857830E+003  0.165278637801688E+001  0.175532037891002E+001  0.570637990572317E-001  0.393694201600973E+000 -0.131028262406404E+000 -0.141338319395446E+003
  0.626817455895128E+000  0.282208585139897E+003  0.160589387407022E+001  0.181611003214308E+001  0.522502855382339E+000  0.382925291744395E+000 -0.131028262406404E+000 -0.141337842536479E+003
  0.626817455895128E+000  0.282207924653927E+003  0.163348457723848E+001  0.181864615029749E+001  0.107587013983444E+000  0.298362515615581E+000 -0.131028262406404E+000 -0.141337512293494E+003
  0.626817455895128E+000  0.282206726560431E+003  0.150830988567187E+001  0.178992131562495E+001  0.334199688914971E+000  0.321643853808176E+000 -0.131028262406404E+000 -0.141336913246746E+003
  0.626817455895128E+000  0.282205664636523E+003  0.112577024249796E+001  0.169309732392537E+001  0.413392787738929E+000  0.422051105066082E+000 -0.131028262406404E+000 -0.141336382284792E+003
  0.626817455895128E+000  0.282205663670923E+003  0.171435538109261E+001  0.143060336906617E+001  0.948903743611677E+000  0.445271642145924E+000 -0.131028262406404E+000 -0.141336381801992E+003
  0.626817455895128E+000  0.282204760571841E+003  0.141851330850257E+001  0.101982190139046E+001  0.709171515664335E-001  0.305477050347222E+000 -0.131028262406404E+000 -0.141335930252451E+003
  0.626817455895128E+000  0.282202443930366E+003  0.108299143014422E+001  0.172034982660164E+001  0.622111058374926E+000  0.456650218568667E+000 -0.131028262406404E+000 -0.141334771931714E+003
  0.626817455895128E+000  0.282201521075294E+003  0.166929884031369E+001  0.109838500838924E+001  0.609110017618721E+000  0.256675496539972E+000 -0.131028262406404E+000 -0.141334310504178E+003
  0.626817455895128E+000  0.282200339949092E+003  0.156613480483755E+001  0.181796856347433E+001  0.420835682978351E+000  0.317271496015416E+000 -0.131028262406404E+000 -0.141333719941077E+003
  0.626817455895128E+000  0.282200096552281E+003  0.171016597598488E+001  0.749668205321359E+000  0.193125150278315E+000  0.441430772904426E+000 -0.131028262406404E+000 -0.141333598242671E+003
  0.626817455895128E+000  0.282198496120162E+003  0.995856988982404E+000  0.108789811011438E+001  0.712543877425990E+000  0.457654454725549E+000 -0.131028262406404E+000 -0.141332798026612E+003
  0.626817455895128E+000  0.282197861386135E+003  0.123441399997248E+001  0.135855030831845E+001  0.776485948981116E+000  0.346092296051984E+000 -0.131028262406404E+000 -0.141332480659598E+003
  0.626817455895128E+000  0.282197533391101E+003  0.103413021690980E+001  0.172718796834926E+001  0.121510018394251E+000  0.493676664743261E+000 -0.131028262406404E+000 -0.141332316662081E+003
  0.626817455895128E+000  0.282197080992326E+003  0.188744287508926E+001  0.132398415510213E+001  0.134706254175561E+000  0.388683530663502E+000 -0.131028262406404E+000 -0.141332090462694E+003
  0.626817455895128E+000  0.282195422956978E+003  0.129842626010730E+001  0.172337290662597E+001  0.638470533174754E+000  0.367888208762227E+000 -0.131028262406404E+000 -0.141331261445020E+003
  0.626817455895128E+000  0.282194942433155E+003  0.134142363248308E+001  0.133322260891943E+001  0.310260920484400E+000  0.318660420159985E+000 -0.131028262406404E+000 -0.141331021183108E+003
  0.626817455895128E+000  0.282194855244061E+003  0.167161480407100E+001  0.139052332449020E+001  0.501124839148151E+000  0.258514475613902E+000 -0.131028262406404E+000 -0.141330977588561E+003
  0.626817455895128E+000  0.282194849789733E+003  0.199900108239732E+001  0.105695728414253E+001  0.193204849840383E+000  0.216053449002181E+000 -0.131028262406404E+000 -0.141330974861397E+003
  0.626817455895128E+000  0.282193151320660E+003  0.163781805103082E+001  0.171853023071318E+001  0.758492295903527E+000  0.406509396879657E+000 -0.131028262406404E+000 -0.141330125626860E+003
  0.626817455895128E+000  0.282192437233907E+003  0.124737307292310E+001  0.163249434088799E+001  0.266567894961964E-001  0.365205193851105E+000 -0.131028262406404E+000 -0.141329768583484E+003
  0.626817455895128E+000  0.282191454056665E+003  0.155243372602682E+001  0.605392616801833E+000  0.257792848822111E+000  0.328633196935027E+000 -0.131028262406404E+000 -0.141329276994863E+003
  0.626817455895128E+000  0.282191335131986E+003  0.135586769202392E+001  0.142135353855088E+001  0.612735834796501E+000  0.318223706602214E+000 -0.131028262406404E+000 -0.141329217532524E+003
  0.626817455895128E+000  0.282190902910599E+003  0.138420246734140E+001  0.158818223462176E+001  0.243532035695331E+000  0.322694976919712E+000 -0.131028262406404E+000 -0.141329001421830E+003
  0.626817455895128E+000  0.282190005229479E+003  0.174587054758289E+001  0.687873089026046E+000  0.720772637760579E+000  0.262636515602906E+000 -0.131028262406404E+000 -0.141328552581270E+003
  0.626817455895128E+000  0.282189049661416E+003  0.173028491686758E+001  0.643361595749069E+000  0.883329973077268E+000  0.419062931252038E+000 -0.131028262406404E+000 -0.141328074797239E+003
  0.626817455895128E+000  0.282187929697054E+003  0.149579760003254E+001  0.173707732153690E+001  0.506334715228740E+000  0.450651363772393E+000 -0.131028262406404E+000 -0.141327514815058E+003
  0.626817455895128E+000  0.282187149825685E+003  0.166873649540098E+001  0.530127653815249E+000  0.657331041859396E+000  0.384923339155521E+000 -0.131028262406404E+000 -0.141327124879373E+003
  0.626817455895128E+000  0.282185158682971E+003  0.126059866624218E+001  0.159278924451268E+001  0.248071977288577E+000  0.356757989956407E+000 -0.131028262406404E+000 -0.141326129308016E+003
  0.626817455895128E+000  0.282184444717228E+003  0.177855453443101E+001  0.138365099015243E+001  0.849955154681433E+000  0.420403174498746E+000 -0.131028262406404E+000 -0.141325772325144E+003
  0.626817455895128E+000  0.282183701096042E+003  0.168244408782085E+001  0.140525830159226E+001  0.143604881266653E+000  0.461067098071352E+000 -0.131028262406404E+000 -0.141325400514552E+003
  0.626817455895128E+000  0.282182528165296E+003  0.197649860310631E+001  0.184607646410334E+001  0.114456357612674E+000  0.249627455261869E+000 -0.131028262406404E+000 -0.141324814049179E+003
  0.626817455895128E+000  0.282182443950374E+003  0.176559900334587E+001  0.141878519441049E+001  0.161090617141082E+000  0.247537552057936E+000 -0.131028262406404E+000 -0.141324771941718E+003
  0.626817455895128E+000  0.282182196951749E+003  0.154496121080666E+001  0.163604015714223E+001  0.858319847595910E+000  0.472716028684735E+000 -0.131028262406404E+000 -0.141324648442405E+003
  0.626817455895128E+000  0.282180587029681E+003  0.168907358033040E+001  0.164250037751184E+001  0.681314263564730E+000  0.407122583745456E+000 -0.131028262406404E+000 -0.141323843481371E+003
  0.626817455895128E+000  0.282180564919480E+003  0.948708450696914E+000  0.160497082420812E+001  0.179470567553599E-001  0.490010449247586E+000 -0.131028262406404E+000 -0.141323832426271E+003
  0.626817455895128E+000  0.282179596781429E+003  0.129183533037558E+001  0.175614311434989E+001  0.951653823605684E+000  0.387059333098249E+000 -0.131028262406404E+000 -0.141323348357245E+003
  0.626817455895128E+000  0.282177851389241E+003  0.192360990516114E+001  0.545576333828962E+000  0.481548138319266E+000  0.244941296100853E+000 -0.131028262406404E+000 -0.141322475661151E+003
  0.626817455895128E+000  0.282177630423952E+003  0.164382605050074E+001  0.175344161204072E+001  0.455126971436393E+000  0.388431624236619E+000 -0.131028262406404E+000 -0.141322365178507E+003
  0.626817455895128E+000  0.282177207456112E+003  0.148622902981100E+001  0.654236547498941E+000  0.609970103914710E+000  0.418208441228199E+000 -0.131028262406404E+000 -0.141322153694587E+003
  0.626817455895128E+000  0.282175852276615E+003  0.177734641631310E+001  0.113650980870223E+001  0.738492069509694E+000  0.440373162481550E+000 -0.131028262406404E+000 -0.141321476104838E+003
  0.626817455895128E+000  0.282174060804770E+003  0.164318677519380E+001  0.180584166669542E+001  0.233915393419302E+000  0.304704422734446E+000 -0.131028262406404E+000 -0.141320580368916E+003
  0.626817455895128E+000  0.282173146334894E+003  0.139068811562544E+001  0.724308708716234E+000  0.291954050812075E-001  0.444099968203762E+000 -0.131028262406404E+000 -0.141320123133978E+003
  0.626817455895128E+000  0.282172571843192E+003  0.173191943766823E+001  0.970772342571448E+000  0.943059067802595E+000  0.453978762568389E+000 -0.131028262406404E+000 -0.141319835888127E+003
  0.626817455895128E+000  0.282172460444947E+003  0.120016651155670E+001  0.970451553359320E+000  0.839669500255923E+000  0.383548751653032E+000 -0.131028262406404E+000 -0.141319780189004E+003
  0.626817455895128E+000  0.282170535219081E+003  0.107176904922751E+001  0.142301463815005E+001  0.731297136806895E-001  0.406299861184630E+000 -0.131028262406404E+000 -0.141318817576071E+003
  0.626817455895128E+000  0.282170431071846E+003  0.111284739282940E+001  0.167900445663999E+001  0.885804867069088E+000  0.432354740519365E+000 -0.131028262406404E+000 -0.141318765502454E+003
  0.626817455895128E+000  0.282169590253005E+003  0.181082125576795E+001  0.135553069535828E+001  0.828645598757349E-001  0.408673095391391E+000 -0.131028262406404E+000 -0.141318345093033E+003
  0.626817455895128E+000  0.282167501314501E+003  0.139761796951045E+001  0.121475333577991E+001  0.791345045327048E+000  0.309310400243442E+000 -0.131028262406404E+000 -0.141317300623781E+003
  0.626817455895128E+000  0.282167426097710E+003  0.180236771372461E+001  0.180402966937182E+001  0.937208804348683E+000  0.274797038627293E+000 -0.131028262406404E+000 -0.141317263015386E+003
  0.626817455895128E+000  0.282166353390016E+003  0.192182825482810E+001  0.185784443863555E+001  0.878426954956083E+000  0.283714897039466E+000 -0.131028262406404E+000 -0.141316726661539E+003
  0.626817455895128E+000  0.282164906768238E+003  0.104032629431960E+001  0.117954167343265E+001  0.393750432982112E+000  0.424692140878428E+000 -0.131028262406404E+000 -0.141316003350649E+003
  0.626817455895128E+000  0.282164772429901E+003  0.153191932685836E+001  0.181953665181501E+001  0.587093726925841E+000  0.352008928690034E+000 -0.131028262406404E+000 -0.141315936181481E+003
  0.626817455895128E+000  0.282162634218990E+003  0.104237034981286E+001  0.170325404229893E+001  0.610962046210339E+000  0.483949093903982E+000 -0.131028262406404E+000 -0.141314867076026E+003
  0.626817455895128E+000  0.282161984812956E+003  0.146230463575983E+001  0.653037169267058E+000  0.846353526599994E+000  0.381656418373555E+000 -0.131028262406404E+000 -0.141314542373009E+003
  0.626817455895128E+000  0.282160410013856E+003  0.129009764385722E+001  0.137669822755670E+001  0.136428687185153E-001  0.337107369269209E+000 -0.131028262406404E+000 -0.141313754973459E+003
  0.626817455895128E+000  0.282159730609846E+003  0.157805818851703E+001  0.753834515992887E+000  0.147684060146545E+000  0.296784555419958E+000 -0.131028262406404E+000 -0.141313415271454E+003
  0.626817455895128E+000  0.282159727333737E+003  0.166773820259959E+001  0.106764566908693E+001  0.289257235070455E+000  0.479032013771937E+000 -0.131028262406404E+000 -0.141313413633399E+003
  0.626817455895128E+000  0.282158784371338E+003  0.193340650553847E+001  0.171002440718979E+001  0.656947641296004E+000  0.319031570779130E+000 -0.131028262406404E+000 -0.141312942152200E+003
  0.626817455895128E+000  0.282155725881079E+003  0.137345227044400E+001  0.738661261386883E+000  0.372689072706331E+000  0.442592644786522E+000 -0.131028262406404E+000 -0.141311412907070E+003
  0.626817455895128E+000  0.282154677246716E+003  0.171159819273720E+001  0.788061308911258E+000  0.831514479094517E+000  0.439703738180569E+000 -0.131028262406404E+000 -0.141310888589889E+003
  0.626817455895128E+000  0.282154632700836E+003  0.122956310931349E+001  0.177946884832843E+001  0.443650806922542E+000  0.464359200517035E+000 -0.131028262406404E+000 -0.141310866316949E+003
  0.626817455895128E+000  0.282151861196791E+003  0.192505362818996E+001  0.109072347634841E+001  0.259910106595179E+000  0.228720747759985E+000 -0.131028262406404E+000 -0.141309480564926E+003
  0.626817455895128E+000  0.282151767760427E+003  0.150866665693460E+001  0.180485988431324E+001  0.468089008075493E+000  0.381164782352522E+000 -0.131028262406404E+000 -0.141309433846744E+003
  0.626817455895128E+000  0.282151667473855E+003  0.125422356600432E+001  0.177909853974077E+001  0.427837056971745E+000  0.444480562154934E+000 -0.131028262406404E+000 -0.141309383703458E+003
  0.626817455895128E+000  0.282151341597964E+003  0.180354556671037E+001  0.177933608013295E+001  0.937941214223047E+000  0.274928179626935E+000 -0.131028262406404E+000 -0.141309220765512E+003
  0.626817455895128E+000  0.282150369703074E+003  0.184327243148873E+001  0.161271096423040E+001  0.962450956268905E+000  0.356343526326858E+000 -0.131028262406404E+000 -0.141308734818068E+003
  0.626817455895128E+000  0.282149025828384E+003  0.193913547866938E+001  0.143824988886907E+001  0.328127165493379E+000  0.352529700405339E+000 -0.131028262406404E+000 -0.141308062880723E+003
  0.626817455895128E+000  0.282145152548082E+003  0.152930626187513E+001  0.632957144833733E+000  0.975822659752045E+000  0.347664846481278E+000 -0.131028262406404E+000 -0.141306126240572E+003
  0.626817455895128E+000  0.282144899403127E+003  0.167557578103936E+001  0.137041495063004E+001  0.851846545846025E+000  0.462775947028785E+000 -0.131028262406404E+000 -0.141305999668094E+003
  0.626817455895128E+000  0.282144581126389E+003  0.162856574486251E+001  0.148779865843409E+001  0.421114412452043E+000  0.465965931296509E+000 -0.131028262406404E+000 -0.141305840529725E+003
  0.626817455895128E+000  0.282143744897885E+003  0.114943226992120E+001  0.175537509460866E+001  0.230085307019952E+000  0.477526582088547E+000 -0.131028262406404E+000 -0.141305422415473E+003
  0.626817455895128E+000  0.282142853928643E+003  0.145350981315808E+001  0.176512719992196E+001  0.235576283934032E+000  0.351550092021103E+000 -0.131028262406404E+000 -0.141304976930852E+003
  0.626817455895128E+000  0.282141190103796E+003  0.186827728511151E+001  0.145901260271395E+001  0.857088097812730E+000  0.241211447717832E+000 -0.131028262406404E+000 -0.141304145018429E+003
  0.626817455895128E+000  0.282140547429150E+003  0.121223291971923E+001  0.844163148137490E+000  0.900868451485814E+000  0.467090431339566E+000 -0.131028262406404E+000 -0.141303823681106E+003
  0.626817455895128E+000  0.282139138839470E+003  0.159940775075958E+001  0.601853563808258E+000  0.625626514532988E+000  0.327511667679978E+000 -0.131028262406404E+000 -0.141303119386265E+003
  0.626817455895128E+000  0.282137297385835E+003  0.162045762109445E+001  0.164644786587073E+001  0.511662828708032E-001  0.423080696906552E+000 -0.131028262406404E+000 -0.141302198659448E+003
  0.626817455895128E+000  0.282136879187832E+003  0.129860054866292E+001  0.174537617186229E+001  0.267030853149620E+000  0.396066421287109E+000 -0.131028262406404E+000 -0.141301989560447E+003
  0.626817455895128E+000  0.282135159684338E+003  0.143600990168372E+001  0.174259963717222E+001  0.193811958693367E+000  0.453217155631335E+000 -0.131028262406404E+000 -0.141301129808700E+003
  0.626817455895128E+000  0.282134152014297E+003  0.192230649139364E+001  0.664668563574000E+000  0.556012729128751E+000  0.243067076512778E+000 -0.131028262406404E+000 -0.141300625973679E+003
  0.626817455895128E+000  0.282133764594452E+003  0.134830232707252E+001  0.996771654389673E+000  0.515811945473286E+000  0.335804805831592E+000 -0.131028262406404E+000 -0.141300432263757E+003
  0.626817455895128E+000  0.282133542872741E+003  0.197989329886255E+001  0.159046663762193E+001  0.932857127195263E+000  0.235225307715214E+000 -0.131028262406404E+000 -0.141300321402901E+003
  0.626817455895128E+000  0.282132047357331E+003  0.177231237006710E+001  0.177844306803735E+001  0.855633328162722E+000  0.328635419007672E+000 -0.131028262406404E+000 -0.141299573645196E+003
  0.626817455895128E+000  0.282131612348612E+003  0.136406150095132E+001  0.159958792136150E+001  0.435735933326652E+000  0.339687282766880E+000 -0.131028262406404E+000 -0.141299356140837E+003
  0.626817455895128E+000  0.282131583095658E+003  0.167010201613905E+001  0.109204563319931E+001  0.111940224737818E+000  0.265184297449044E+000 -0.131028262406404E+000 -0.141299341514360E+003
  0.626817455895128E+000  0.282129350710367E+003  0.173818027312394E+001  0.542709731306069E+000  0.563831771919850E-001  0.379272596528222E+000 -0.131028262406404E+000 -0.141298225321714E+003
  0.626817455895128E+000  0.282127355620505E+003  0.191835861665269E+001  0.175211673777550E+001  0.961523821282616E+000  0.304281667287386E+000 -0.131028262406404E+000 -0.141297227776783E+003
  0.626817455895128E+000  0.282126447070841E+003  0.152267372408605E+001  0.174686105398412E+001  0.195345510034501E+000  0.332446022286090E+000 -0.131028262406404E+000 -0.141296773501951E+003
  0.626817455895128E+000  0.282125498122273E+003  0.171538028340454E+001  0.518163338608364E+000  0.344868589401484E+000  0.315721919708847E+000 -0.131028262406404E+000 -0.141296299027667E+003
  0.626817455895128E+000  0.282125380459114E+003  0.164429910410579E+001  0.135011840258014E+001  0.181293626079543E+000  0.270885608304328E+000 -0.131028262406404E+000 -0.141296240196088E+003
  0.626817455895128E+000  0.282125346220555E+003  0.166708455227516E+001  0.136169240078830E+001  0.356367129022095E+000  0.267686587530385E+000 -0.131028262406404E+000 -0.141296223076808E+003
  0.626817455895128E+000  0.282122587451311E+003  0.144164315163368E+001  0.116239449307188E+001  0.553618418227178E+000  0.306727840119556E+000 -0.131028262406404E+000 -0.141294843692186E+003
  0.626817455895128E+000  0.282122193073082E+003  0.112009991522471E+001  0.172412918075551E+001  0.687903504237171E-001  0.471069333764550E+000 -0.131028262406404E+000 -0.141294646503071E+003
  0.626817455895128E+000  0.282121428356225E+003  0.134330832658379E+001  0.812423755958946E+000  0.102816702942159E+000  0.480272052692002E+000 -0.131028262406404E+000 -0.141294264144643E+003
  0.626817455895128E+000  0.282121224500396E+003  0.108138488294726E+001  0.141217076706215E+001  0.925687383328058E+000  0.410381179355560E+000 -0.131028262406404E+000 -0.141294162216728E+003
  0.626817455895128E+000  0.282120857997022E+003  0.948753017907569E+000  0.128607228306218E+001  0.972896257442369E+000  0.470972396614241E+000 -0.131028262406404E+000 -0.141293978965042E+003
  0.626817455895128E+000  0.282119942494848E+003  0.144149532888227E+001  0.152358050524851E+001  0.333356168840536E+000  0.316222951735009E+000 -0.131028262406404E+000 -0.141293521213955E+003
  0.626817455895128E+000  0.282118462639463E+003  0.166103842096766E+001  0.152275359499766E+001  0.335996184777301E+000  0.435658848889484E+000 -0.131028262406404E+000 -0.141292781286262E+003
  0.626817455895128E+000  0.282117320934535E+003  0.142402289781600E+001  0.735807881031915E+000  0.172058302007790E+000  0.436929244324732E+000 -0.131028262406404E+000 -0.141292210433798E+003
  0.626817455895128E+000  0.282116728846424E+003  0.114351939655490E+001  0.109628874890921E+001  0.334757243528769E+000  0.398175218753869E+000 -0.131028262406404E+000 -0.141291914389743E+003
  0.626817455895128E+000  0.282115312131897E+003  0.139008900234508E+001  0.147822638505240E+001  0.295819518619928E+000  0.324919450071258E+000 -0.131028262406404E+000 -0.141291206032479E+003
  0.626817455895128E+000  0.282114201427832E+003  0.197734691720272E+001  0.114009510158444E+001  0.349077148477622E+000  0.365013975704630E+000 -0.131028262406404E+000 -0.141290650680447E+003
  0.626817455895128E+000  0.282113301072531E+003  0.131496470000212E+001  0.165506746494434E+001  0.948130860084075E+000  0.366486119757479E+000 -0.131028262406404E+000 -0.141290200502796E+003
  0.626817455895128E+000  0.282112264019110E+003  0.177750902488862E+001  0.820960659293276E+000  0.179218459153828E+000  0.259686766869666E+000 -0.131028262406404E+000 -0.141289681976085E+003
  0.626817455895128E+000  0.282108898287510E+003  0.186788640251878E+001  0.124859459535827E+001  0.751944213775654E-001  0.389407473242975E+000 -0.131028262406404E+000 -0.141287999110286E+003
  0.626817455895128E+000  0.282106421635430E+003  0.112760207122823E+001  0.119714633457688E+001  0.208590701634374E+000  0.396809382233344E+000 -0.131028262406404E+000 -0.141286760784246E+003
  0.626817455895128E+000  0.282106349981864E+003  0.142655645851016E+001  0.726939652955755E+000  0.733630413623515E+000  0.376535904418747E+000 -0.131028262406404E+000 -0.141286724957463E+003
  0.626817455895128E+000  0.282105229591626E+003  0.116708819245013E+001  0.171076202415709E+001  0.520950103167939E+000  0.444022116566206E+000 -0.131028262406404E+000 -0.141286164762344E+003
  0.626817455895128E+000  0.282104991028707E+003  0.182489970652916E+001  0.806566646591763E+000  0.767638990780591E+000  0.411181090871350E+000 -0.131028262406404E+000 -0.141286045480884E+003
  0.626817455895128E+000  0.282104810598950E+003  0.155672231214997E+001  0.177060223299718E+001  0.511209214563809E+000  0.360718114400545E+000 -0.131028262406404E+000 -0.141285955266006E+003
  0.626817455895128E+000  0.282104306595599E+003  0.126792252866827E+001  0.989336928272882E+000  0.282207663063294E+000  0.367703518891786E+000 -0.131028262406404E+000 -0.141285703264330E+003
  0.626817455895128E+000  0.282102381063660E+003  0.171102254539007E+001  0.146706828230530E+001  0.870549715695138E+000  0.268359263204886E+000 -0.131028262406404E+000 -0.141284740498360E+003
  0.626817455895128E+000  0.282101888406788E+003  0.166178379383645E+001  0.157825785428217E+001  0.617915939651403E+000  0.417311045975349E+000 -0.131028262406404E+000 -0.141284494169925E+003
  0.626817455895128E+000  0.282101845240471E+003  0.152275386289872E+001  0.138607979197212E+001  0.128120295638512E+000  0.295734658432897E+000 -0.131028262406404E+000 -0.141284472586766E+003
  0.626817455895128E+000  0.282101673852085E+003  0.196838630577274E+001  0.106258321146831E+001  0.176477009219020E+000  0.371260433923977E+000 -0.131028262406404E+000 -0.141284386892573E+003
  0.626817455895128E+000  0.282101173471772E+003  0.149514454060028E+001  0.174517913893943E+001  0.258277349099429E+000  0.350429903883625E+000 -0.131028262406404E+000 -0.141284136702417E+003
  0.626817455895128E+000  0.282101134512767E+003  0.190917972523061E+001  0.117894095973193E+001  0.282127141469787E+000  0.236689234724012E+000 -0.131028262406404E+000 -0.141284117222914E+003
  0.626817455895128E+000  0.282101080676785E+003  0.146734650578991E+001  0.804674712924681E+000  0.639628116825573E+000  0.331960744638990E+000 -0.131028262406404E+000 -0.141284090304923E+003
  0.626817455895128E+000  0.282100868276361E+003  0.102991936798991E+001  0.148398543734620E+001  0.108154632030044E+000  0.441285949133017E+000 -0.131028262406404E+000 -0.141283984104711E+003
  0.626817455895128E+000  0.282100145951371E+003  0.171986718740603E+001  0.105257211261549E+001  0.534662422128881E+000  0.262339905214239E+000 -0.131028262406404E+000 -0.141283622942216E+003
  0.626817455895128E+000  0.282099796596111E+003  0.130136388983142E+001  0.109683461782304E+001  0.360108432794928E+000  0.347041321582658E+000 -0.131028262406404E+000 -0.141283448264586E+003
  0.626817455895128E+000  0.282099255814209E+003  0.170551357256502E+001  0.530074033813731E+000  0.419228969923667E+000  0.346205685866773E+000 -0.131028262406404E+000 -0.141283177873635E+003
  0.626817455895128E+000  0.282098722519967E+003  0.162410273022999E+001  0.176128778798806E+001  0.966783720574884E+000  0.333428364528796E+000 -0.131028262406404E+000 -0.141282911226514E+003
  0.626817455895128E+000  0.282098649681604E+003  0.152729624380165E+001  0.174154940029854E+001  0.707267828337205E+000  0.401511417936011E+000 -0.131028262406404E+000 -0.141282874807333E+003
  0.626817455895128E+000  0.282096906956173E+003  0.166893243590107E+001  0.605719780370298E+000  0.175235416294328E-002  0.312426350412461E+000 -0.131028262406404E+000 -0.141282003444617E+003
  0.626817455895128E+000  0.282094608848672E+003  0.149340366645965E+001  0.909042388538777E+000  0.875639498102261E+000  0.312277118332649E+000 -0.131028262406404E+000 -0.141280854390867E+003
  0.626817455895128E+000  0.282092347421451E+003  0.169470238747924E+001  0.546179235756866E+000  0.938573301704350E+000  0.332814150099627E+000 -0.131028262406404E+000 -0.141279723677256E+003
  0.626817455895128E+000  0.282091264919027E+003  0.175940272688321E+001  0.174714239562775E+001  0.670316318198746E+000  0.320291017441209E+000 -0.131028262406404E+000 -0.141279182426044E+003
  0.626817455895128E+000  0.282089271407778E+003  0.151410208631517E+001  0.761109896645681E+000  0.774106910000287E-001  0.328289716793164E+000 -0.131028262406404E+000 -0.141278185670420E+003
  0.626817455895128E+000  0.282088953126439E+003  0.196000756009567E+001  0.983530359209194E+000  0.539396383488804E+000  0.376033976733311E+000 -0.131028262406404E+000 -0.141278026529750E+003
  0.626817455895128E+000  0.282088022642901E+003  0.174035060092094E+001  0.638520530079097E+000  0.404851507214475E-001  0.397297713445418E+000 -0.131028262406404E+000 -0.141277561287981E+003
  0.626817455895128E+000  0.282086704462566E+003  0.131492722374295E+001  0.173327699633285E+001  0.191374015468831E+000  0.492009194453422E+000 -0.131028262406404E+000 -0.141276902197813E+003
  0.626817455895128E+000  0.282086337610127E+003  0.180848498871585E+001  0.994827966467291E+000  0.640569787040618E+000  0.252597789595514E+000 -0.131028262406404E+000 -0.141276718771594E+003
  0.626817455895128E+000  0.282085755316885E+003  0.144322471671262E+001  0.175046599043141E+001  0.256853548201714E+000  0.410635189099646E+000 -0.131028262406404E+000 -0.141276427624973E+003
  0.626817455895128E+000  0.282084563741799E+003  0.196398159341517E+001  0.106478779477799E+001  0.965609842393717E+000  0.369772964423602E+000 -0.131028262406404E+000 -0.141275831837430E+003
  0.626817455895128E+000  0.282079287847539E+003  0.197849196216388E+001  0.127152480815508E+001  0.180696477124631E+000  0.347510833852134E+000 -0.131028262406404E+000 -0.141273193890300E+003
  0.626817455895128E+000  0.282079001953770E+003  0.145402050745532E+001  0.721380690947387E+000  0.555285707365435E+000  0.410270522168376E+000 -0.131028262406404E+000 -0.141273050943416E+003
  0.626817455895128E+000  0.282078811628654E+003  0.165924759537631E+001  0.118453569467807E+001  0.740021073510868E-001  0.273188462329327E+000 -0.131028262406404E+000 -0.141272955780858E+003
  0.626817455895128E+000  0.282078142831677E+003  0.138291949044115E+001  0.763878004208922E+000  0.272006621318209E+000  0.410095786896214E+000 -0.131028262406404E+000 -0.141272621382369E+003
  0.626817455895128E+000  0.282077747707516E+003  0.133078877083011E+001  0.114862700375487E+001  0.124426393259065E+000  0.339884690250475E+000 -0.131028262406404E+000 -0.141272423820289E+003
  0.626817455895128E+000  0.282077080693805E+003  0.117829631494968E+001  0.900653303868649E+000  0.172243010842784E+000  0.475852043274565E+000 -0.131028262406404E+000 -0.141272090313433E+003
  0.626817455895128E+000  0.282076653654798E+003  0.156704450442135E+001  0.168131955494322E+001  0.465721077609688E+000  0.413046522622708E+000 -0.131028262406404E+000 -0.141271876793930E+003
  0.626817455895128E+000  0.282076421620781E+003  0.198231302660832E+001  0.159686838193234E+001  0.256783570601380E+000  0.247523639969528E+000 -0.131028262406404E+000 -0.141271760776921E+003
  0.626817455895128E+000  0.282076327863808E+003  0.112550465769213E+001  0.976562390095073E+000  0.812312213461447E+000  0.448903635017555E+000 -0.131028262406404E+000 -0.141271713898435E+003
  0.626817455895128E+000  0.282076265516143E+003  0.169711178906588E+001  0.127937191209162E+001  0.154739504960416E+000  0.449831831090465E+000 -0.131028262406404E+000 -0.141271682724602E+003
  0.626817455895128E+000  0.282076098185482E+003  0.159017312108605E+001  0.637360594092752E+000  0.368188192604574E-001  0.345568501945875E+000 -0.131028262406404E+000 -0.141271599059272E+003
  0.626817455895128E+000  0.282074587386763E+003  0.135137536808592E+001  0.835633163298430E+000  0.801070402055764E+000  0.480208121291792E+000 -0.131028262406404E+000 -0.141270843659912E+003
  0.626817455895128E+000  0.282074185186814E+003  0.157668970505334E+001  0.151693895069053E+001  0.678650711494487E+000  0.471533677380228E+000 -0.131028262406404E+000 -0.141270642559938E+003
  0.626817455895128E+000  0.282072200828160E+003  0.113354795193803E+001  0.126206139761001E+001  0.882340699415223E+000  0.397621899679520E+000 -0.131028262406404E+000 -0.141269650380611E+003
  0.626817455895128E+000  0.282071905250334E+003  0.984680243788980E+000  0.144521602800100E+001  0.137440495289812E+000  0.464073782413205E+000 -0.131028262406404E+000 -0.141269502591698E+003
  0.626817455895128E+000  0.282071091813353E+003  0.198487788650962E+001  0.732085959326574E+000  0.664070446541195E+000  0.371090235847709E+000 -0.131028262406404E+000 -0.141269095873207E+003
  0.626817455895128E+000  0.282070994671323E+003  0.166884896111466E+001  0.649579144057474E+000  0.229689242104860E+000  0.308694369524159E+000 -0.131028262406404E+000 -0.141269047302192E+003
  0.626817455895128E+000  0.282070735003623E+003  0.175277819035835E+001  0.523162205516828E+000  0.429618747065242E+000  0.330634811414310E+000 -0.131028262406404E+000 -0.141268917468342E+003
  0.626817455895128E+000  0.282070611801445E+003  0.162151323565672E+001  0.700905351783816E+000  0.655391768325261E+000  0.416431469613086E+000 -0.131028262406404E+000 -0.141268855867253E+003
  0.626817455895128E+000  0.282070345488288E+003  0.186411493893983E+001  0.159004079550726E+001  0.617664532553119E+000  0.262279585111676E+000 -0.131028262406404E+000 -0.141268722710675E+003
  0.626817455895128E+000  0.282069415981399E+003  0.155897615076571E+001  0.754401323324641E+000  0.561813498812622E+000  0.320410823109225E+000 -0.131028262406404E+000 -0.141268257957230E+003
  0.626817455895128E+000  0.282068637649953E+003  0.187024540616865E+001  0.168887505583029E+001  0.173062794118777E+000  0.278948588537323E+000 -0.131028262406404E+000 -0.141267868791507E+003
  0.626817455895128E+000  0.282067922226323E+003  0.121295747953400E+001  0.136629860832144E+001  0.760113104787671E+000  0.372711900713338E+000 -0.131028262406404E+000 -0.141267511079692E+003
  0.626817455895128E+000  0.282066585291062E+003  0.121392140834458E+001  0.882830635267301E+000  0.266144279839493E+000  0.473162565142554E+000 -0.131028262406404E+000 -0.141266842612062E+003
  0.626817455895128E+000  0.282064112033873E+003  0.192063745662258E+001  0.505471493048324E+000  0.327197060991787E+000  0.272026030777926E+000 -0.131028262406404E+000 -0.141265605983467E+003
  0.626817455895128E+000  0.282060669965656E+003  0.174163679194766E+001  0.139654854920425E+001  0.825698484603861E+000  0.411531954915494E+000 -0.131028262406404E+000 -0.141263884949358E+003
  0.626817455895128E+000  0.282059113754659E+003  0.167904874549436E+001  0.583145391067037E+000  0.910119196746129E+000  0.352771925964710E+000 -0.131028262406404E+000 -0.141263106843860E+003
  0.626817455895128E+000  0.282056470791335E+003  0.171921858115233E+001  0.118631661850931E+001  0.426433464482293E+000  0.442442916992881E+000 -0.131028262406404E+000 -0.141261785362198E+003
  0.626817455895128E+000  0.282054834717567E+003  0.121655853466961E+001  0.108346718086910E+001  0.857271594046498E+000  0.383507844049347E+000 -0.131028262406404E+000 -0.141260967325314E+003
  0.626817455895128E+000  0.282054666334034E+003  0.159530364027411E+001  0.160857172918260E+001  0.736561558544521E+000  0.424795204061633E+000 -0.131028262406404E+000 -0.141260883133547E+003
  0.626817455895128E+000  0.282052658265920E+003  0.163879697675349E+001  0.640331594179146E+000  0.354410262090454E+000  0.329454861136855E+000 -0.131028262406404E+000 -0.141259879099491E+003
  0.626817455895128E+000  0.282051229755953E+003  0.999532775974962E+000  0.136597947074235E+001  0.641806661428225E+000  0.456563006018396E+000 -0.131028262406404E+000 -0.141259164844507E+003
  0.626817455895128E+000  0.282050699417620E+003  0.161707955329856E+001  0.171290999233653E+001  0.192227417359241E+000  0.342435371583969E+000 -0.131028262406404E+000 -0.141258899675341E+003
  0.626817455895128E+000  0.282050395180848E+003  0.181410887600486E+001  0.106139310612484E+001  0.351394823158901E+000  0.410332177998346E+000 -0.131028262406404E+000 -0.141258747556955E+003
  0.626817455895128E+000  0.282049210086559E+003  0.189835937173030E+001  0.909471876394942E+000  0.834633098080451E+000  0.388028684643954E+000 -0.131028262406404E+000 -0.141258155009810E+003
  0.626817455895128E+000  0.282048697117667E+003  0.160538788127369E+001  0.161188169783561E+001  0.860645814962891E+000  0.308905251695843E+000 -0.131028262406404E+000 -0.141257898525364E+003
  0.626817455895128E+000  0.282046384285491E+003  0.161571003960000E+001  0.984363491378765E+000  0.955181824784096E+000  0.471397162297067E+000 -0.131028262406404E+000 -0.141256742109276E+003
  0.626817455895128E+000  0.282040779507318E+003  0.186390390142901E+001  0.893099625240416E+000  0.552823729290498E+000  0.395256939103212E+000 -0.131028262406404E+000 -0.141253939720190E+003
  0.626817455895128E+000  0.282039980670520E+003  0.172872573012354E+001  0.146387321163336E+001  0.708408876524528E+000  0.400495423049050E+000 -0.131028262406404E+000 -0.141253540301791E+003
  0.626817455895128E+000  0.282036868952950E+003  0.101631473646505E+001  0.115910875878284E+001  0.842849108217544E+000  0.467269099645474E+000 -0.131028262406404E+000 -0.141251984443006E+003
  0.626817455895128E+000  0.282036289021281E+003  0.185124174534279E+001  0.722869403588473E+000  0.152891001323872E+000  0.387747293545804E+000 -0.131028262406404E+000 -0.141251694477171E+003
  0.626817455895128E+000  0.282035134212565E+003  0.121031097700471E+001  0.141260720651948E+001  0.536111878604709E+000  0.381250934407137E+000 -0.131028262406404E+000 -0.141251117072813E+003
  0.626817455895128E+000  0.282034998175297E+003  0.190785045815692E+001  0.837754606101413E+000  0.176620432571583E+000  0.251091709437526E+000 -0.131028262406404E+000 -0.141251049054179E+003
  0.626817455895128E+000  0.282033283244713E+003  0.179877181123462E+001  0.636065166097811E+000  0.337621654340115E+000  0.379779417219498E+000 -0.131028262406404E+000 -0.141250191588887E+003
  0.626817455895128E+000  0.282032971404491E+003  0.160019987994241E+001  0.832018425780716E+000  0.831255921430352E-001  0.306095395489418E+000 -0.131028262406404E+000 -0.141250035668776E+003
  0.626817455895128E+000  0.282032098459137E+003  0.151782922648731E+001  0.165809890988992E+001  0.127935077333913E+000  0.340986632614045E+000 -0.131028262406404E+000 -0.141249599196099E+003
  0.626817455895128E+000  0.282031347851996E+003  0.180899966894216E+001  0.132596025703114E+001  0.657842940855962E+000  0.388244440631554E+000 -0.131028262406404E+000 -0.141249223892529E+003
  0.626817455895128E+000  0.282029495680344E+003  0.172592871236068E+001  0.593292022478395E+000  0.890949352809082E+000  0.323197944165065E+000 -0.131028262406404E+000 -0.141248297806703E+003
  0.626817455895128E+000  0.282027683087675E+003  0.154310519214895E+001  0.761456788005490E+000  0.322283878028482E+000  0.335478211457823E+000 -0.131028262406404E+000 -0.141247391510368E+003
  0.626817455895128E+000  0.282024755535740E+003  0.160057049184058E+001  0.140689422988032E+001  0.833548885480951E+000  0.473247359796756E+000 -0.131028262406404E+000 -0.141245927734401E+003
  0.626817455895128E+000  0.282023619650273E+003  0.107209814774785E+001  0.166857583475734E+001  0.134899298601057E+000  0.496373616538673E+000 -0.131028262406404E+000 -0.141245359791667E+003
  0.626817455895128E+000  0.282023469984509E+003  0.974628758361768E+000  0.131025982936807E+001  0.164529142052936E-001  0.475212526251897E+000 -0.131028262406404E+000 -0.141245284958785E+003
  0.626817455895128E+000  0.282022687228393E+003  0.190375692543174E+001  0.109483176654232E+001  0.702405148639063E+000  0.375340823378948E+000 -0.131028262406404E+000 -0.141244893580727E+003
  0.626817455895128E+000  0.282022623341783E+003  0.128283734603876E+001  0.171282929797423E+001  0.547019937201882E+000  0.490253849251275E+000 -0.131028262406404E+000 -0.141244861637422E+003
  0.626817455895128E+000  0.282022343582971E+003  0.183998486565288E+001  0.673937513379302E+000  0.815660149169961E+000  0.380340361573101E+000 -0.131028262406404E+000 -0.141244721758016E+003
  0.626817455895128E+000  0.282022073082099E+003  0.199402694540247E+001  0.157187623028918E+001  0.432152060772778E+000  0.286685710532792E+000 -0.131028262406404E+000 -0.141244586507580E+003
  0.626817455895128E+000  0.282021246196074E+003  0.173882866318380E+001  0.104174741599335E+001  0.354558812643295E+000  0.430575231868042E+000 -0.131028262406404E+000 -0.141244173064567E+003
  0.626817455895128E+000  0.282020611639143E+003  0.152361152977242E+001  0.161580004252453E+001  0.395231521376094E+000  0.446553310153767E+000 -0.131028262406404E+000 -0.141243855786102E+003
  0.626817455895128E+000  0.282018644730670E+003  0.115473712095734E+001  0.115931875002017E+001  0.449216344380454E+000  0.405680836924098E+000 -0.131028262406404E+000 -0.141242872331866E+003
  0.626817455895128E+000  0.282018380613965E+003  0.150428983576370E+001  0.142825386289980E+001  0.405791671611102E+000  0.314943504159050E+000 -0.131028262406404E+000 -0.141242740273513E+003
  0.626817455895128E+000  0.282017854945088E+003  0.141295916867966E+001  0.805835514651569E+000  0.161875177205662E+000  0.381640631475855E+000 -0.131028262406404E+000 -0.141242477439075E+003
  0.626817455895128E+000  0.282016135935236E+003  0.195964132176008E+001  0.611654259541308E+000  0.172099661787027E+000  0.261317731746780E+000 -0.131028262406404E+000 -0.141241617934149E+003
  0.626817455895128E+000  0.282015149630019E+003  0.102678769917319E+001  0.131308752802585E+001  0.567848691101351E+000  0.450770557429584E+000 -0.131028262406404E+000 -0.141241124781540E+003
  0.626817455895128E+000  0.282014204875444E+003  0.187173641090546E+001  0.153956855436286E+001  0.851998144612906E+000  0.271656571936879E+000 -0.131028262406404E+000 -0.141240652404253E+003
  0.626817455895128E+000  0.282014060737955E+003  0.126402919845205E+001  0.157246430686201E+001  0.927679268471758E+000  0.388081403480674E+000 -0.131028262406404E+000 -0.141240580335508E+003
  0.626817455895128E+000  0.282013906983130E+003  0.124199106207778E+001  0.171212773905658E+001  0.189827341789399E+000  0.475635397179940E+000 -0.131028262406404E+000 -0.141240503458096E+003
  0.626817455895128E+000  0.282012217515278E+003  0.140719103437328E+001  0.985951490886760E+000  0.667783034051957E+000  0.342293897741740E+000 -0.131028262406404E+000 -0.141239658724170E+003
  0.626817455895128E+000  0.282011730508578E+003  0.175729451649970E+001  0.763560532602594E+000  0.686229508935818E+000  0.402760097421579E+000 -0.131028262406404E+000 -0.141239415220820E+003
  0.626817455895128E+000  0.282010055559849E+003  0.162125908430079E+001  0.117563047900189E+001  0.925316550105614E+000  0.477574482930756E+000 -0.131028262406404E+000 -0.141238577746455E+003
  0.626817455895128E+000  0.282009610409056E+003  0.147094521117550E+001  0.166260564965290E+001  0.454438503173002E+000  0.440213880827066E+000 -0.131028262406404E+000 -0.141238355171058E+003
  0.626817455895128E+000  0.282008990522153E+003  0.179842004081274E+001  0.157608150128245E+001  0.596128759923952E+000  0.287601242866438E+000 -0.131028262406404E+000 -0.141238045227607E+003
  0.626817455895128E+000  0.282008914927472E+003  0.189545704476192E+001  0.141435916484482E+001  0.917380711857225E+000  0.259166628267519E+000 -0.131028262406404E+000 -0.141238007430267E+003
  0.626817455895128E+000  0.282008800021054E+003  0.115846178727725E+001  0.109513646008029E+001  0.216978339891249E+000  0.414583887841738E+000 -0.131028262406404E+000 -0.141237949977058E+003
  0.626817455895128E+000  0.282007240568742E+003  0.131967473739335E+001  0.108865071199283E+001  0.621036447410927E+000  0.358520781541344E+000 -0.131028262406404E+000 -0.141237170250901E+003
  0.626817455895128E+000  0.282006575676629E+003  0.198100450179128E+001  0.114047252226967E+001  0.941681306921936E+000  0.345959659483487E+000 -0.131028262406404E+000 -0.141236837804845E+003
  0.626817455895128E+000  0.282006400981395E+003  0.167945874308670E+001  0.138857464271099E+001  0.294464830157419E+000  0.429516212323406E+000 -0.131028262406404E+000 -0.141236750457228E+003
  0.626817455895128E+000  0.282000364129033E+003  0.179911157353532E+001  0.158812056110837E+001  0.104863704012365E+000  0.329425529149212E+000 -0.131028262406404E+000 -0.141233732031047E+003
  0.626817455895128E+000  0.282000354688132E+003  0.188265639693804E+001  0.151872933225330E+001  0.445580125495283E-001  0.272497238271911E+000 -0.131028262406404E+000 -0.141233727310597E+003
  0.626817455895128E+000  0.282000252460257E+003  0.193597074440048E+001  0.144398992057517E+001  0.381372300913877E+000  0.259109491436722E+000 -0.131028262406404E+000 -0.141233676196659E+003
  0.626817455895128E+000  0.281999713346675E+003  0.147035288666839E+001  0.110024220030742E+001  0.865636910704153E+000  0.321265572628008E+000 -0.131028262406404E+000 -0.141233406639868E+003
  0.626817455895128E+000  0.281998944458578E+003  0.179071275118337E+001  0.587319275194442E+000  0.780361682465809E+000  0.350545107976928E+000 -0.131028262406404E+000 -0.141233022195820E+003
  0.626817455895128E+000  0.281997362903663E+003  0.193635722384005E+001  0.517379218571845E+000  0.671811737250060E+000  0.287658782340825E+000 -0.131028262406404E+000 -0.141232231418362E+003
  0.626817455895128E+000  0.281996033920974E+003  0.162192344434535E+001  0.148982035783207E+001  0.332186577347125E+000  0.303945153842963E+000 -0.131028262406404E+000 -0.141231566927018E+003
  0.626817455895128E+000  0.281994374449434E+003  0.160755987892328E+001  0.158698220772779E+001  0.359615182769785E-001  0.406592543013885E+000 -0.131028262406404E+000 -0.141230737191248E+003
  0.626817455895128E+000  0.281992932633839E+003  0.122501110483873E+001  0.161226471310873E+001  0.387284586561654E-001  0.415707983284719E+000 -0.131028262406404E+000 -0.141230016283450E+003
  0.626817455895128E+000  0.281992740430576E+003  0.106662763688984E+001  0.104664444725736E+001  0.532073413182891E+000  0.488264630857142E+000 -0.131028262406404E+000 -0.141229920181819E+003
  0.626817455895128E+000  0.281992353933867E+003  0.150027630450418E+001  0.914333459266968E+000  0.870509372814417E+000  0.329574274263405E+000 -0.131028262406404E+000 -0.141229726933464E+003
  0.626817455895128E+000  0.281989983309721E+003  0.142878045485623E+001  0.167987050689708E+001  0.652800152452704E+000  0.428071613546433E+000 -0.131028262406404E+000 -0.141228541621391E+003
  0.626817455895128E+000  0.281988559759519E+003  0.114515879784916E+001  0.109961901598480E+001  0.262102587435369E+000  0.424432922984072E+000 -0.131028262406404E+000 -0.141227829846290E+003
  0.626817455895128E+000  0.281988482046671E+003  0.166394496782340E+001  0.105609966835037E+001  0.700404203940217E+000  0.287815008234109E+000 -0.131028262406404E+000 -0.141227790989866E+003
  0.626817455895128E+000  0.281987068598863E+003  0.142500040736188E+001  0.164864934673601E+001  0.171070130229990E-001  0.467295771985366E+000 -0.131028262406404E+000 -0.141227084265962E+003
  0.626817455895128E+000  0.281985125041248E+003  0.159502924768324E+001  0.164606628775051E+001  0.374382583403072E-001  0.365106233425016E+000 -0.131028262406404E+000 -0.141226112487155E+003
  0.626817455895128E+000  0.281981921455114E+003  0.195768416164279E+001  0.719579548152247E+000  0.949928151568720E+000  0.358849115088981E+000 -0.131028262406404E+000 -0.141224510694087E+003
  0.626817455895128E+000  0.281979284167727E+003  0.115317178930455E+001  0.164091349138466E+001  0.204565639953319E+000  0.458173774723049E+000 -0.131028262406404E+000 -0.141223192050394E+003
  0.626817455895128E+000  0.281978359574325E+003  0.115965267383402E+001  0.105104074524856E+001  0.511103507668138E+000  0.431356607826058E+000 -0.131028262406404E+000 -0.141222729753693E+003
  0.626817455895128E+000  0.281977832907342E+003  0.184863895604443E+001  0.112935220184735E+001  0.957256062253962E+000  0.382211468092098E+000 -0.131028262406404E+000 -0.141222466420202E+003
  0.626817455895128E+000  0.281975391759943E+003  0.179062302365571E+001  0.608600930907056E+000  0.769072278718589E-001  0.347090684863708E+000 -0.131028262406404E+000 -0.141221245846502E+003
  0.626817455895128E+000  0.281975154466762E+003  0.182864668623236E+001  0.808458782640479E+000  0.189437750264769E+000  0.387143113921721E+000 -0.131028262406404E+000 -0.141221127199912E+003
  0.626817455895128E+000  0.281974851031282E+003  0.187609389079485E+001  0.115315937339085E+001  0.463480769025895E+000  0.259749123131542E+000 -0.131028262406404E+000 -0.141220975482172E+003
  0.626817455895128E+000  0.281973850848709E+003  0.142619875292549E+001  0.860827217731058E+000  0.425067427745782E-001  0.369251655805065E+000 -0.131028262406404E+000 -0.141220475390885E+003
  0.626817455895128E+000  0.281972741056447E+003  0.122804885705125E+001  0.169405584423604E+001  0.163748129412790E+000  0.497258445790150E+000 -0.131028262406404E+000 -0.141219920494754E+003
  0.626817455895128E+000  0.281971711480235E+003  0.119336101592745E+001  0.164476099273387E+001  0.710774762480674E+000  0.447431762754028E+000 -0.131028262406404E+000 -0.141219405706648E+003
  0.626817455895128E+000  0.281970749025185E+003  0.188726935257853E+001  0.718438681677693E+000  0.864308323692942E+000  0.367562351343729E+000 -0.131028262406404E+000 -0.141218924479123E+003
  0.626817455895128E+000  0.281969577702139E+003  0.179818833487665E+001  0.137612492974408E+001  0.385006163795841E-001  0.370680747749707E+000 -0.131028262406404E+000 -0.141218338817600E+003
  0.626817455895128E+000  0.281968919449442E+003  0.187151468992532E+001  0.729784074636539E+000  0.101935392151472E+000  0.370747577273706E+000 -0.131028262406404E+000 -0.141218009691252E+003
  0.626817455895128E+000  0.281967910257137E+003  0.132204666270883E+001  0.895095009819206E+000  0.903300315793178E+000  0.410707351953993E+000 -0.131028262406404E+000 -0.141217505095099E+003
  0.626817455895128E+000  0.281967293297228E+003  0.192914408653826E+001  0.741203468841982E+000  0.969788828167085E+000  0.361775016441681E+000 -0.131028262406404E+000 -0.141217196615144E+003
  0.626817455895128E+000  0.281965741719165E+003  0.173430498171270E+001  0.134330457788163E+001  0.236649183954321E+000  0.401466232391141E+000 -0.131028262406404E+000 -0.141216420826113E+003
  0.626817455895128E+000  0.281964949310518E+003  0.161750461596725E+001  0.804390352507147E+000  0.687281978296209E+000  0.321653517855209E+000 -0.131028262406404E+000 -0.141216024621790E+003
  0.626817455895128E+000  0.281963670185556E+003  0.177592661795028E+001  0.152739126521154E+001  0.635290185111819E+000  0.299932335286714E+000 -0.131028262406404E+000 -0.141215385059309E+003
  0.626817455895128E+000  0.281963160416008E+003  0.187321276059359E+001  0.794230439444373E+000  0.394180009483696E+000  0.374625355592308E+000 -0.131028262406404E+000 -0.141215130174535E+003
  0.626817455895128E+000  0.281962562185547E+003  0.188124718917548E+001  0.148886636844114E+001  0.595133988405597E+000  0.284891830403807E+000 -0.131028262406404E+000 -0.141214831059304E+003
  0.626817455895128E+000  0.281958977503546E+003  0.165500564707285E+001  0.109580412856730E+001  0.759870891501030E+000  0.293574212840158E+000 -0.131028262406404E+000 -0.141213038718304E+003
  0.626817455895128E+000  0.281958431316129E+003  0.157723918655120E+001  0.841875882612430E+000  0.968257001451836E+000  0.327805645002724E+000 -0.131028262406404E+000 -0.141212765624595E+003
  0.626817455895128E+000  0.281958069186433E+003  0.136143864192741E+001  0.109838572084686E+001  0.955852124791779E+000  0.355460544210177E+000 -0.131028262406404E+000 -0.141212584559747E+003
  0.626817455895128E+000  0.281957208506610E+003  0.154269686268721E+001  0.148539829419609E+001  0.361851876922686E+000  0.325905061873766E+000 -0.131028262406404E+000 -0.141212154219836E+003
  0.626817455895128E+000  0.281956984921775E+003  0.165528234766478E+001  0.861136767731127E+000  0.538312409134576E-001  0.306802006539741E+000 -0.131028262406404E+000 -0.141212042427418E+003
  0.626817455895128E+000  0.281955060764619E+003  0.199172424696153E+001  0.123595018429594E+001  0.771213861918188E+000  0.321830633728093E+000 -0.131028262406404E+000 -0.141211080348840E+003
  0.626817455895128E+000  0.281954630266195E+003  0.130230957807091E+001  0.167522796270165E+001  0.229456700888421E+000  0.487273969763229E+000 -0.131028262406404E+000 -0.141210865099628E+003
  0.626817455895128E+000  0.281952819587659E+003  0.192261538577576E+001  0.106271098305092E+001  0.309581158284370E+000  0.357987232418585E+000 -0.131028262406404E+000 -0.141209959760360E+003
  0.626817455895128E+000  0.281951376351475E+003  0.138784109254546E+001  0.162334194472287E+001  0.146602981399279E+000  0.498047005891884E+000 -0.131028262406404E+000 -0.141209238142268E+003
  0.626817455895128E+000  0.281950344453276E+003  0.153644087489439E+001  0.162506538837378E+001  0.384114433870190E+000  0.377718734285658E+000 -0.131028262406404E+000 -0.141208722193168E+003
  0.626817455895128E+000  0.281948698678798E+003  0.168212868817369E+001  0.157184628779537E+001  0.220109518629393E+000  0.335967717659155E+000 -0.131028262406404E+000 -0.141207899305930E+003
  0.626817455895128E+000  0.281948141662889E+003  0.131309740627603E+001  0.117044138625049E+001  0.293118387420619E+000  0.366391938476439E+000 -0.131028262406404E+000 -0.141207620797975E+003
  0.626817455895128E+000  0.281946447980777E+003  0.162255351424838E+001  0.141247291956002E+001  0.851698110532059E+000  0.438859610754312E+000 -0.131028262406404E+000 -0.141206773956919E+003
  0.626817455895128E+000  0.281945970465752E+003  0.136412370044714E+001  0.104922225158305E+001  0.962607167166361E+000  0.361556945681349E+000 -0.131028262406404E+000 -0.141206535199407E+003
  0.626817455895128E+000  0.281945529453111E+003  0.173590192260019E+001  0.113038665544284E+001  0.528990656419710E+000  0.416071622612586E+000 -0.131028262406404E+000 -0.141206314693086E+003
  0.626817455895128E+000  0.281944165134022E+003  0.110078088288808E+001  0.155564810075104E+001  0.541716787868819E+000  0.458361747241284E+000 -0.131028262406404E+000 -0.141205632533542E+003
  0.626817455895128E+000  0.281942470885756E+003  0.123934655558367E+001  0.124910463697165E+001  0.457088274392081E-002  0.386203832055999E+000 -0.131028262406404E+000 -0.141204785409409E+003
  0.626817455895128E+000  0.281941776081525E+003  0.130579518094368E+001  0.964885115663686E+000  0.957597730252004E+000  0.398792876510040E+000 -0.131028262406404E+000 -0.141204438007293E+003
  0.626817455895128E+000  0.281940798124453E+003  0.170073955600828E+001  0.691842366215213E+000  0.975077097670890E+000  0.343374081575743E+000 -0.131028262406404E+000 -0.141203949028757E+003
  0.626817455895128E+000  0.281940303348249E+003  0.160598223773854E+001  0.152701300376038E+001  0.462747433755729E+000  0.410314048831481E+000 -0.131028262406404E+000 -0.141203701640655E+003
  0.626817455895128E+000  0.281938691086687E+003  0.177148695344169E+001  0.133699298453499E+001  0.671750320738930E+000  0.379297338205159E+000 -0.131028262406404E+000 -0.141202895509874E+003
  0.626817455895128E+000  0.281938345193812E+003  0.129094152269145E+001  0.165140845415999E+001  0.409286614240308E+000  0.437223937581520E+000 -0.131028262406404E+000 -0.141202722563437E+003
  0.626817455895128E+000  0.281937125003919E+003  0.119609015348713E+001  0.104935598738049E+001  0.750225074069211E+000  0.425889068225127E+000 -0.131028262406404E+000 -0.141202112468490E+003
  0.626817455895128E+000  0.281936034567647E+003  0.196323781762725E+001  0.685491822897737E+000  0.513351207100195E+000  0.343768703898006E+000 -0.131028262406404E+000 -0.141201567250354E+003
  0.626817455895128E+000  0.281934861038085E+003  0.153887967308056E+001  0.964014610938622E+000  0.686111899883275E+000  0.327278582521668E+000 -0.131028262406404E+000 -0.141200980485573E+003
  0.626817455895128E+000  0.281932826688384E+003  0.971478477836041E+000  0.129689146038004E+001  0.395066926888841E+000  0.497593501582156E+000 -0.131028262406404E+000 -0.141199963310723E+003
  0.626817455895128E+000  0.281932779959311E+003  0.182154226515484E+001  0.669867112678411E+000  0.699822021255903E+000  0.352803544945801E+000 -0.131028262406404E+000 -0.141199939946186E+003
  0.626817455895128E+000  0.281932072847032E+003  0.151600029677433E+001  0.899765263550763E+000  0.851105669502470E+000  0.454481321320432E+000 -0.131028262406404E+000 -0.141199586390047E+003
  0.626817455895128E+000  0.281931380236063E+003  0.139641311057891E+001  0.116305117209672E+001  0.118914725187465E+000  0.348343810010870E+000 -0.131028262406404E+000 -0.141199240084562E+003
  0.626817455895128E+000  0.281930276250142E+003  0.156694957922850E+001  0.124960711106717E+001  0.490037412759440E+000  0.488356192017282E+000 -0.131028262406404E+000 -0.141198688091602E+003
  0.626817455895128E+000  0.281928141544155E+003  0.122121518518963E+001  0.139701699100192E+001  0.594876765699724E+000  0.397339104357793E+000 -0.131028262406404E+000 -0.141197620738608E+003
  0.626817455895128E+000  0.281925906788379E+003  0.171920382616549E+001  0.138733208733377E+001  0.733441940864871E-001  0.388900441934863E+000 -0.131028262406404E+000 -0.141196503360720E+003
  0.626817455895128E+000  0.281924686788955E+003  0.183409682933472E+001  0.132332151219906E+001  0.528093922931205E+000  0.352477516919995E+000 -0.131028262406404E+000 -0.141195893361008E+003
  0.626817455895128E+000  0.281922973995991E+003  0.139545011868518E+001  0.160412251201819E+001  0.242461555943553E+000  0.392558696010723E+000 -0.131028262406404E+000 -0.141195036964526E+003
  0.626817455895128E+000  0.281922826523749E+003  0.124890709459007E+001  0.101432406870822E+001  0.558971620060501E+000  0.415669503896282E+000 -0.131028262406404E+000 -0.141194963228405E+003
  0.626817455895128E+000  0.281922736204566E+003  0.121953529361978E+001  0.964249306592949E+000  0.108694076511244E+000  0.496845655454608E+000 -0.131028262406404E+000 -0.141194918068814E+003
  0.626817455895128E+000  0.281920994078676E+003  0.159457341027144E+001  0.921426529513844E+000  0.366757599627515E-001  0.440912884759876E+000 -0.131028262406404E+000 -0.141194047005869E+003
  0.626817455895128E+000  0.281919508759514E+003  0.129688701221434E+001  0.988753047901113E+000  0.399689743795123E+000  0.402888692155198E+000 -0.131028262406404E+000 -0.141193304346288E+003
  0.626817455895128E+000  0.281919440802375E+003  0.183223842680968E+001  0.948874396092174E+000  0.499073659116453E+000  0.278544756478251E+000 -0.131028262406404E+000 -0.141193270367718E+003
  0.626817455895128E+000  0.281918405086102E+003  0.163358453675360E+001  0.764421801681633E+000  0.939832609270401E+000  0.383280559260086E+000 -0.131028262406404E+000 -0.141192752509582E+003
  0.626817455895128E+000  0.281914835111773E+003  0.174606617995180E+001  0.109320812711205E+001  0.680796529612343E-001  0.288299442642817E+000 -0.131028262406404E+000 -0.141190967522417E+003
  0.626817455895128E+000  0.281914345660870E+003  0.140073057393841E+001  0.145024681919101E+001  0.470539705095631E+000  0.359381326497363E+000 -0.131028262406404E+000 -0.141190722796966E+003
  0.626817455895128E+000  0.281913155720677E+003  0.184699917774855E+001  0.129178940173590E+001  0.812523249626706E+000  0.281431173251251E+000 -0.131028262406404E+000 -0.141190127826869E+003
  0.626817455895128E+000  0.281912763085965E+003  0.147407690308639E+001  0.107506021829014E+001  0.396860662782140E+000  0.338190626504192E+000 -0.131028262406404E+000 -0.141189931509513E+003
  0.626817455895128E+000  0.281912446887887E+003  0.129596618987563E+001  0.141508430078467E+001  0.748513671863818E+000  0.381057804360535E+000 -0.131028262406404E+000 -0.141189773410474E+003
  0.626817455895128E+000  0.281910143200627E+003  0.196705453270801E+001  0.700282882640817E+000  0.232298466335108E+000  0.278519659161614E+000 -0.131028262406404E+000 -0.141188621566844E+003
  0.626817455895128E+000  0.281909653089486E+003  0.112389301245344E+001  0.105735985635791E+001  0.995597529497645E-001  0.474190742041265E+000 -0.131028262406404E+000 -0.141188376511274E+003
  0.626817455895128E+000  0.281909357725262E+003  0.139498083741787E+001  0.157181983895195E+001  0.751469917640715E+000  0.385629232031417E+000 -0.131028262406404E+000 -0.141188228829161E+003
  0.626817455895128E+000  0.281906682653265E+003  0.136405827334354E+001  0.147512793111701E+001  0.141164923938290E+000  0.372359901986602E+000 -0.131028262406404E+000 -0.141186891293163E+003
  0.626817455895128E+000  0.281901955292468E+003  0.198969681440261E+001  0.983241783770451E+000  0.257645353094308E+000  0.262856825292077E+000 -0.131028262406404E+000 -0.141184527612765E+003
  0.626817455895128E+000  0.281901759997936E+003  0.148968448452846E+001  0.138373763491905E+001  0.546778985753928E-001  0.338828731649295E+000 -0.131028262406404E+000 -0.141184429965499E+003
  0.626817455895128E+000  0.281901646693939E+003  0.173615281311311E+001  0.857099017649615E+000  0.921915578466343E+000  0.304732075714414E+000 -0.131028262406404E+000 -0.141184373313500E+003
  0.626817455895128E+000  0.281900924659008E+003  0.159579587643803E+001  0.106310802237619E+001  0.974112761159765E+000  0.316310137225532E+000 -0.131028262406404E+000 -0.141184012296035E+003
  0.626817455895128E+000  0.281899354296907E+003  0.181879408815472E+001  0.100697133797766E+001  0.574397031725373E-001  0.379222038825311E+000 -0.131028262406404E+000 -0.141183227114984E+003
  0.626817455895128E+000  0.281899046479953E+003  0.165321898696910E+001  0.111468742097070E+001  0.193655560812825E+000  0.305421119557985E+000 -0.131028262406404E+000 -0.141183073206507E+003
  0.626817455895128E+000  0.281899009516966E+003  0.196381195269902E+001  0.744861525268583E+000  0.163580207649908E+000  0.277883648964646E+000 -0.131028262406404E+000 -0.141183054725014E+003
  0.626817455895128E+000  0.281898887618429E+003  0.162142100729894E+001  0.947401320413589E+000  0.727874168148566E+000  0.433325308980543E+000 -0.131028262406404E+000 -0.141182993775745E+003
  0.626817455895128E+000  0.281897407161993E+003  0.173454623601211E+001  0.743132400506403E+000  0.465889623362402E+000  0.331031437686665E+000 -0.131028262406404E+000 -0.141182253547527E+003
  0.626817455895128E+000  0.281897285921537E+003  0.190530620914259E+001  0.658700157579787E+000  0.677689661768193E+000  0.312046138214572E+000 -0.131028262406404E+000 -0.141182192927299E+003
  0.626817455895128E+000  0.281897123649611E+003  0.195727165979750E+001  0.649490963744080E+000  0.369904808194369E+000  0.320128814297249E+000 -0.131028262406404E+000 -0.141182111791336E+003
  0.626817455895128E+000  0.281896173021148E+003  0.157095067189281E+001  0.119390755666787E+001  0.120551054792961E+000  0.319191311088794E+000 -0.131028262406404E+000 -0.141181636477105E+003
  0.626817455895128E+000  0.281896169592022E+003  0.173778429080288E+001  0.106727334830874E+001  0.379624648107659E-001  0.404874850950073E+000 -0.131028262406404E+000 -0.141181634762541E+003
  0.626817455895128E+000  0.281895167896315E+003  0.168187073160945E+001  0.118165444660930E+001  0.832131250971622E+000  0.424307298721391E+000 -0.131028262406404E+000 -0.141181133914688E+003
  0.626817455895128E+000  0.281894420755552E+003  0.193257523706447E+001  0.907484684312688E+000  0.189074566909535E+000  0.272933035332169E+000 -0.131028262406404E+000 -0.141180760344307E+003
  0.626817455895128E+000  0.281894318529603E+003  0.167863882037214E+001  0.794877251472912E+000  0.240605830508264E+000  0.384319750582127E+000 -0.131028262406404E+000 -0.141180709231332E+003
  0.626817455895128E+000  0.281894098967913E+003  0.194522529305047E+001  0.121921290993977E+001  0.322541266615433E-001  0.275518610476738E+000 -0.131028262406404E+000 -0.141180599450487E+003
  0.626817455895128E+000  0.281893399399780E+003  0.181472568588544E+001  0.137216396062116E+001  0.756413125615504E+000  0.335587318402819E+000 -0.131028262406404E+000 -0.141180249666420E+003
  0.626817455895128E+000  0.281893346359010E+003  0.163573159434694E+001  0.122848229344615E+001  0.949996430768337E+000  0.443121003667027E+000 -0.131028262406404E+000 -0.141180223146036E+003
  0.626817455895128E+000  0.281893181485859E+003  0.198092809398212E+001  0.124396519680837E+001  0.134430871935077E+000  0.298363082659060E+000 -0.131028262406404E+000 -0.141180140709460E+003
  0.626817455895128E+000  0.281892580896679E+003  0.198013842613019E+001  0.102723608679197E+001  0.640727240149116E+000  0.266363272256167E+000 -0.131028262406404E+000 -0.141179840414870E+003
  0.626817455895128E+000  0.281892467097533E+003  0.131148985655941E+001  0.109611013002955E+001  0.737699447406758E+000  0.384550713272083E+000 -0.131028262406404E+000 -0.141179783515297E+003
  0.626817455895128E+000  0.281889836395572E+003  0.170034641799211E+001  0.789614491615848E+000  0.147767287769414E+000  0.329361563843090E+000 -0.131028262406404E+000 -0.141178468164317E+003
  0.626817455895128E+000  0.281889650827096E+003  0.168417106351133E+001  0.148138930936371E+001  0.610079106865582E+000  0.350856500697790E+000 -0.131028262406404E+000 -0.141178375380078E+003
  0.626817455895128E+000  0.281889433106211E+003  0.141532062985286E+001  0.158209149749167E+001  0.371755882115979E+000  0.479006844883996E+000 -0.131028262406404E+000 -0.141178266519636E+003
  0.626817455895128E+000  0.281889155454640E+003  0.114995844609839E+001  0.149875993633978E+001  0.480405996858015E+000  0.440919249140396E+000 -0.131028262406404E+000 -0.141178127693851E+003
  0.626817455895128E+000  0.281887341943365E+003  0.102440438722317E+001  0.149164229145633E+001  0.436177623181136E+000  0.491554789090424E+000 -0.131028262406404E+000 -0.141177220938213E+003
  0.626817455895128E+000  0.281887285998011E+003  0.181169016752705E+001  0.713838631944532E+000  0.158978161495484E+000  0.335290792516363E+000 -0.131028262406404E+000 -0.141177192965536E+003
  0.626817455895128E+000  0.281887276759732E+003  0.193869846440237E+001  0.121535812873444E+001  0.401620018054831E+000  0.317475133515588E+000 -0.131028262406404E+000 -0.141177188346397E+003
  0.626817455895128E+000  0.281887225659524E+003  0.152517905249474E+001  0.153279026091326E+001  0.506802658036050E+000  0.430218178402576E+000 -0.131028262406404E+000 -0.141177162796293E+003
  0.626817455895128E+000  0.281886475204995E+003  0.193095764771077E+001  0.122236383938503E+001  0.840442195436115E+000  0.318673899963662E+000 -0.131028262406404E+000 -0.141176787569028E+003
  0.626817455895128E+000  0.281885732494131E+003  0.149864178204004E+001  0.118787346013083E+001  0.866276092102117E+000  0.334780301514917E+000 -0.131028262406404E+000 -0.141176416213596E+003
  0.626817455895128E+000  0.281885366512828E+003  0.188354543635215E+001  0.712646551528361E+000  0.355550521600792E+000  0.336097316207674E+000 -0.131028262406404E+000 -0.141176233222945E+003
  0.626817455895128E+000  0.281884660249758E+003  0.190888427599791E+001  0.106530872249527E+001  0.526016873386284E+000  0.275856033350814E+000 -0.131028262406404E+000 -0.141175880091409E+003
  0.626817455895128E+000  0.281884077581744E+003  0.164740187473794E+001  0.103702180780008E+001  0.124235920773650E+000  0.312009749410517E+000 -0.131028262406404E+000 -0.141175588757403E+003
  0.626817455895128E+000  0.281883680389663E+003  0.132532041251120E+001  0.933976990612110E+000  0.941192574511062E+000  0.449782915570850E+000 -0.131028262406404E+000 -0.141175390161362E+003
  0.626817455895128E+000  0.281883348172247E+003  0.199434108786545E+001  0.717354754982598E+000  0.968373176019664E+000  0.282850661017673E+000 -0.131028262406404E+000 -0.141175224052654E+003
  0.626817455895128E+000  0.281882169375846E+003  0.141599477370930E+001  0.898766356011105E+000  0.755262690794874E+000  0.437583739902185E+000 -0.131028262406404E+000 -0.141174634654454E+003
  0.626817455895128E+000  0.281881707514174E+003  0.184376978064116E+001  0.864854903471389E+000  0.382551057826419E-001  0.291190221231587E+000 -0.131028262406404E+000 -0.141174403723618E+003
  0.626817455895128E+000  0.281881008189676E+003  0.192777411499545E+001  0.811720994707505E+000  0.747063086606163E+000  0.341774937928583E+000 -0.131028262406404E+000 -0.141174054061369E+003
  0.626817455895128E+000  0.281880675765305E+003  0.168232052342830E+001  0.853318752168856E+000  0.814610507937879E-001  0.323444606129589E+000 -0.131028262406404E+000 -0.141173887849183E+003
  0.626817455895128E+000  0.281877752890798E+003  0.163990137235646E+001  0.149024967889097E+001  0.256011453670720E+000  0.361221418335238E+000 -0.131028262406404E+000 -0.141172426411930E+003
  0.626817455895128E+000  0.281877339002708E+003  0.162740369377468E+001  0.123604836100118E+001  0.592190059075485E+000  0.442422858016447E+000 -0.131028262406404E+000 -0.141172219467885E+003
  0.626817455895128E+000  0.281877322323028E+003  0.152612595333195E+001  0.144988203761266E+001  0.477886285011107E-001  0.465666623356125E+000 -0.131028262406404E+000 -0.141172211128044E+003
  0.626817455895128E+000  0.281876672735659E+003  0.183194066960769E+001  0.826789566612543E+000  0.818640994649595E+000  0.361078617651678E+000 -0.131028262406404E+000 -0.141171886334360E+003
  0.626817455895128E+000  0.281875040406321E+003  0.152795775586734E+001  0.154822898986904E+001  0.597140983137713E+000  0.394849694629261E+000 -0.131028262406404E+000 -0.141171070169691E+003
  0.626817455895128E+000  0.281873612210907E+003  0.146945677649871E+001  0.116076237848992E+001  0.935677150344808E+000  0.343868002375873E+000 -0.131028262406404E+000 -0.141170356071984E+003
  0.626817455895128E+000  0.281872708955247E+003  0.154820667233197E+001  0.110933437012635E+001  0.551502516517851E-001  0.329857376173979E+000 -0.131028262406404E+000 -0.141169904444154E+003
  0.626817455895128E+000  0.281872503425304E+003  0.165143691385704E+001  0.129493387968298E+001  0.848461038383990E+000  0.422141572081949E+000 -0.131028262406404E+000 -0.141169801679183E+003
  0.626817455895128E+000  0.281869760079570E+003  0.136845949391035E+001  0.155205632151814E+001  0.213849278748447E+000  0.399996458967746E+000 -0.131028262406404E+000 -0.141168430006316E+003
  0.626817455895128E+000  0.281869612075376E+003  0.160923028636084E+001  0.144432445299349E+001  0.878299597164229E+000  0.339130976780196E+000 -0.131028262406404E+000 -0.141168356004219E+003
  0.626817455895128E+000  0.281869165587007E+003  0.177600738634907E+001  0.118536414888705E+001  0.377158727987627E+000  0.376466118357432E+000 -0.131028262406404E+000 -0.141168132760034E+003
  0.626817455895128E+000  0.281868965700536E+003  0.197026999542743E+001  0.732810851389618E+000  0.450284031149174E-001  0.292985243913619E+000 -0.131028262406404E+000 -0.141168032816799E+003
  0.626817455895128E+000  0.281868355366893E+003  0.192266759992043E+001  0.838811028948466E+000  0.836634574957964E+000  0.286459696676153E+000 -0.131028262406404E+000 -0.141167727649977E+003
  0.626817455895128E+000  0.281867988234001E+003  0.127141188292210E+001  0.154527939768480E+001  0.927386296479588E+000  0.420265295051047E+000 -0.131028262406404E+000 -0.141167544083531E+003
  0.626817455895128E+000  0.281866987524233E+003  0.164650732984364E+001  0.107619817261742E+001  0.779884624271801E+000  0.314852669757768E+000 -0.131028262406404E+000 -0.141167043728647E+003
  0.626817455895128E+000  0.281866451575515E+003  0.166306308517660E+001  0.126754894160498E+001  0.332748608783124E+000  0.314054460183090E+000 -0.131028262406404E+000 -0.141166775754288E+003
  0.626817455895128E+000  0.281864431565660E+003  0.116563846470029E+001  0.103150264211924E+001  0.805983272687594E+000  0.488696731120775E+000 -0.131028262406404E+000 -0.141165765749361E+003
  0.626817455895128E+000  0.281863104640842E+003  0.105543318441120E+001  0.127894479901430E+001  0.975142613008103E+000  0.471513526857478E+000 -0.131028262406404E+000 -0.141165102286952E+003
  0.626817455895128E+000  0.281862698468432E+003  0.122129063109736E+001  0.100077276160871E+001  0.531109670308152E+000  0.475911490470930E+000 -0.131028262406404E+000 -0.141164899200747E+003
  0.626817455895128E+000  0.281861974766922E+003  0.166507195793349E+001  0.841409004967848E+000  0.248833294611700E+000  0.385780952591467E+000 -0.131028262406404E+000 -0.141164537349991E+003
  0.626817455895128E+000  0.281860796603153E+003  0.126515497030650E+001  0.146604986233547E+001  0.375147566121595E+000  0.407072589223045E+000 -0.131028262406404E+000 -0.141163948268107E+003
  0.626817455895128E+000  0.281860089061800E+003  0.150160508719178E+001  0.108549537278650E+001  0.486059871039148E+000  0.488331871827901E+000 -0.131028262406404E+000 -0.141163594497431E+003
  0.626817455895128E+000  0.281859402814025E+003  0.163834139546716E+001  0.120752768387007E+001  0.351558455249628E+000  0.433308701175510E+000 -0.131028262406404E+000 -0.141163251373543E+003
  0.626817455895128E+000  0.281858110993439E+003  0.193673399804311E+001  0.117176648060310E+001  0.526307951370214E+000  0.293874943386952E+000 -0.131028262406404E+000 -0.141162605463250E+003
  0.626817455895128E+000  0.281856903329062E+003  0.197617850500796E+001  0.112191253547669E+001  0.584672384503478E+000  0.293027466536464E+000 -0.131028262406404E+000 -0.141162001631062E+003
  0.626817455895128E+000  0.281855121457288E+003  0.150937015214457E+001  0.144761478082271E+001  0.496666741997123E+000  0.356516298410281E+000 -0.131028262406404E+000 -0.141161110695175E+003
  0.626817455895128E+000  0.281854324912238E+003  0.171600607566217E+001  0.119079223385290E+001  0.710738366824917E+000  0.308084891096301E+000 -0.131028262406404E+000 -0.141160712422650E+003
  0.626817455895128E+000  0.281853578366395E+003  0.149203670401215E+001  0.889084331528476E+000  0.781454106158127E+000  0.410633342361407E+000 -0.131028262406404E+000 -0.141160339149728E+003
  0.626817455895128E+000  0.281851811311264E+003  0.137281682141570E+001  0.102842595236658E+001  0.209284799961981E+000  0.386342215909070E+000 -0.131028262406404E+000 -0.141159455622163E+003
  0.626817455895128E+000  0.281851124333835E+003  0.112710043007857E+001  0.154499926833106E+001  0.987407798863625E+000  0.471046079800809E+000 -0.131028262406404E+000 -0.141159112133448E+003
  0.626817455895128E+000  0.281850746123946E+003  0.187898376300977E+001  0.788696089745655E+000  0.191927241114978E+000  0.311161586909453E+000 -0.131028262406404E+000 -0.141158923028503E+003
  0.626817455895128E+000  0.281850584873224E+003  0.155318261562026E+001  0.105994153728205E+001  0.949741497158612E+000  0.336813112605374E+000 -0.131028262406404E+000 -0.141158842403143E+003
  0.626817455895128E+000  0.281849773119396E+003  0.179002969537709E+001  0.106626880103321E+001  0.112950911946923E+000  0.372587809994444E+000 -0.131028262406404E+000 -0.141158436526228E+003
  0.626817455895128E+000  0.281849552117778E+003  0.141274481895882E+001  0.149141975168430E+001  0.168640307688201E+000  0.382285990799471E+000 -0.131028262406404E+000 -0.141158326025420E+003
  0.626817455895128E+000  0.281849480629186E+003  0.191636975473322E+001  0.106551134746047E+001  0.617234578760230E+000  0.288579092014512E+000 -0.131028262406404E+000 -0.141158290281124E+003
  0.626817455895128E+000  0.281847862885262E+003  0.124929876196151E+001  0.100365070492084E+001  0.740228547112908E+000  0.457877673271311E+000 -0.131028262406404E+000 -0.141157481409162E+003
  0.626817455895128E+000  0.281847775272430E+003  0.188241006002035E+001  0.104314120109469E+001  0.481697472043260E+000  0.291205228342867E+000 -0.131028262406404E+000 -0.141157437602746E+003
  0.626817455895128E+000  0.281847764001120E+003  0.182054005246076E+001  0.817144701712597E+000  0.110024012542600E+000  0.346532088441521E+000 -0.131028262406404E+000 -0.141157431967091E+003
  0.626817455895128E+000  0.281847212341156E+003  0.148004244175612E+001  0.899603655583589E+000  0.804683630979123E+000  0.412137094832164E+000 -0.131028262406404E+000 -0.141157156137109E+003
  0.626817455895128E+000  0.281846886629518E+003  0.159800206809222E+001  0.119383115160770E+001  0.877822142094325E+000  0.450170432048248E+000 -0.131028262406404E+000 -0.141156993281290E+003
  0.626817455895128E+000  0.281846615879056E+003  0.198227880883074E+001  0.104666147350066E+001  0.288343334828906E+000  0.298963302579856E+000 -0.131028262406404E+000 -0.141156857906058E+003
  0.626817455895128E+000  0.281844952044525E+003  0.169391170842863E+001  0.130783265123402E+001  0.413392299882223E+000  0.321190353927754E+000 -0.131028262406404E+000 -0.141156025988793E+003
  0.626817455895128E+000  0.281843041391660E+003  0.154982345783008E+001  0.128797906526710E+001  0.872361614454160E-001  0.472226337511808E+000 -0.131028262406404E+000 -0.141155070662360E+003
  0.626817455895128E+000  0.281842120026071E+003  0.183105137132297E+001  0.805877226986485E+000  0.492813486168522E+000  0.329981889765321E+000 -0.131028262406404E+000 -0.141154609979566E+003
  0.626817455895128E+000  0.281841529241732E+003  0.148412922445655E+001  0.134026521591116E+001  0.172287229277447E+000  0.351852522593092E+000 -0.131028262406404E+000 -0.141154314587396E+003
  0.626817455895128E+000  0.281840495914320E+003  0.190657013988567E+001  0.112809367358701E+001  0.209559382962325E+000  0.300785768676902E+000 -0.131028262406404E+000 -0.141153797923691E+003
  0.626817455895128E+000  0.281838626796907E+003  0.195089897993338E+001  0.895722274648050E+000  0.480677535136133E+000  0.295270156262487E+000 -0.131028262406404E+000 -0.141152863364984E+003
  0.626817455895128E+000  0.281837740889316E+003  0.193253329625256E+001  0.871436324486146E+000  0.932562831707433E+000  0.321063762309141E+000 -0.131028262406404E+000 -0.141152420411189E+003
  0.626817455895128E+000  0.281837449054433E+003  0.145108054227556E+001  0.100022349648376E+001  0.575983146117364E+000  0.474050192323423E+000 -0.131028262406404E+000 -0.141152274493747E+003
  0.626817455895128E+000  0.281834483937964E+003  0.160163503132129E+001  0.125652754299266E+001  0.802297684991255E+000  0.441197867410242E+000 -0.131028262406404E+000 -0.141150791935513E+003
  0.626817455895128E+000  0.281834400709925E+003  0.191335016520222E+001  0.850061687187258E+000  0.756542115345042E+000  0.308952890306298E+000 -0.131028262406404E+000 -0.141150750321493E+003
  0.626817455895128E+000  0.281833920029252E+003  0.154213392771201E+001  0.148896386114219E+001  0.372221556314190E+000  0.387779081075077E+000 -0.131028262406404E+000 -0.141150509981157E+003
  0.626817455895128E+000  0.281832688634077E+003  0.194230395849769E+001  0.931510151137796E+000  0.755320125620089E+000  0.299411517882793E+000 -0.131028262406404E+000 -0.141149894283569E+003
  0.626817455895128E+000  0.281832537905218E+003  0.172934725534668E+001  0.100542061244962E+001  0.339301349159939E-001  0.386980755454488E+000 -0.131028262406404E+000 -0.141149818919140E+003
  0.626817455895128E+000  0.281831485161550E+003  0.139449973064943E+001  0.999159161860828E+000  0.241717006317660E+000  0.393422119345013E+000 -0.131028262406404E+000 -0.141149292547306E+003
  0.626817455895128E+000  0.281831477990890E+003  0.185808952635654E+001  0.114160668368527E+001  0.873124152300215E+000  0.306546985533498E+000 -0.131028262406404E+000 -0.141149288961976E+003
  0.626817455895128E+000  0.281830239232103E+003  0.177495763594895E+001  0.950941951831772E+000  0.161724893287127E+000  0.313510256638669E+000 -0.131028262406404E+000 -0.141148669582582E+003
  0.626817455895128E+000  0.281829979456511E+003  0.176468777750803E+001  0.100512661544326E+001  0.346478591345713E+000  0.374102303709244E+000 -0.131028262406404E+000 -0.141148539694786E+003
  0.626817455895128E+000  0.281829945272032E+003  0.129064975439361E+001  0.159197648988333E+001  0.863490206240725E+000  0.458547987057853E+000 -0.131028262406404E+000 -0.141148522602547E+003
  0.626817455895128E+000  0.281829529289445E+003  0.170343822204052E+001  0.117977384446867E+001  0.827211666358048E+000  0.317386670963333E+000 -0.131028262406404E+000 -0.141148314611253E+003
  0.626817455895128E+000  0.281829107262300E+003  0.102795745965666E+001  0.127869411921725E+001  0.901984623517644E+000  0.493583511518753E+000 -0.131028262406404E+000 -0.141148103597681E+003
  0.626817455895128E+000  0.281825507723025E+003  0.188325774900858E+001  0.108954946204301E+001  0.388189219843428E+000  0.311498967155502E+000 -0.131028262406404E+000 -0.141146303828043E+003
  0.626817455895128E+000  0.281821923316344E+003  0.155530780282492E+001  0.930384128057333E+000  0.618833086549026E+000  0.366580870604073E+000 -0.131028262406404E+000 -0.141144511624703E+003
  0.626817455895128E+000  0.281820640943847E+003  0.139144290911980E+001  0.103039693968363E+001  0.778165030329867E+000  0.390583359384260E+000 -0.131028262406404E+000 -0.141143870438454E+003
  0.626817455895128E+000  0.281820185027796E+003  0.161885001846380E+001  0.140991830703042E+001  0.724247279624767E+000  0.368909783297005E+000 -0.131028262406404E+000 -0.141143642480429E+003
  0.626817455895128E+000  0.281819875392447E+003  0.140727627634849E+001  0.966344516154573E+000  0.181644774216126E+000  0.453337699844732E+000 -0.131028262406404E+000 -0.141143487662754E+003
  0.626817455895128E+000  0.281817882163508E+003  0.179361436368379E+001  0.882819084164865E+000  0.984910556714172E+000  0.335417351546706E+000 -0.131028262406404E+000 -0.141142491048285E+003
  0.626817455895128E+000  0.281816584636857E+003  0.148754628645172E+001  0.144985176697285E+001  0.224641074255684E-001  0.467124563511674E+000 -0.131028262406404E+000 -0.141141842284959E+003
  0.626817455895128E+000  0.281814492956387E+003  0.175355563180908E+001  0.124120644808083E+001  0.415274123348016E+000  0.331074427817822E+000 -0.131028262406404E+000 -0.141140796444724E+003
  0.626817455895128E+000  0.281814175623693E+003  0.152551503876181E+001  0.948856775248960E+000  0.725087609032077E+000  0.374110146868093E+000 -0.131028262406404E+000 -0.141140637778377E+003
  0.626817455895128E+000  0.281813284340223E+003  0.163364884315723E+001  0.131156772480870E+001  0.703196785965156E+000  0.404911907997991E+000 -0.131028262406404E+000 -0.141140192136642E+003
  0.626817455895128E+000  0.281813153417104E+003  0.149539357879130E+001  0.961432782594455E+000  0.470630679802575E+000  0.379872776515295E+000 -0.131028262406404E+000 -0.141140126675083E+003
  0.626817455895128E+000  0.281812088434564E+003  0.120714904900444E+001  0.116586280264091E+001  0.564797662460506E+000  0.432648514268395E+000 -0.131028262406404E+000 -0.141139594183813E+003
  0.626817455895128E+000  0.281812058859375E+003  0.168375538626614E+001  0.107809751149575E+001  0.621320742034566E+000  0.325928452980210E+000 -0.131028262406404E+000 -0.141139579396218E+003
  0.626817455895128E+000  0.281811106809708E+003  0.167143599574927E+001  0.125768864599108E+001  0.552779147599841E+000  0.392315822182675E+000 -0.131028262406404E+000 -0.141139103371385E+003
  0.626817455895128E+000  0.281810529003269E+003  0.171156991425647E+001  0.129034557276090E+001  0.150349739375083E+000  0.344789029851205E+000 -0.131028262406404E+000 -0.141138814468165E+003
  0.626817455895128E+000  0.281810462416301E+003  0.151558378377961E+001  0.976823109289848E+000  0.752669941986079E+000  0.370275780276871E+000 -0.131028262406404E+000 -0.141138781174681E+003
  0.626817455895128E+000  0.281810117309477E+003  0.164653235980458E+001  0.136309222338558E+001  0.745299160662137E+000  0.361373393627431E+000 -0.131028262406404E+000 -0.141138608621269E+003
  0.626817455895128E+000  0.281809589890804E+003  0.128102072790801E+001  0.134254619039393E+001  0.858248140427395E+000  0.403661236994824E+000 -0.131028262406404E+000 -0.141138344911933E+003
  0.626817455895128E+000  0.281809284028928E+003  0.133957348181672E+001  0.101658169596417E+001  0.699704721407050E+000  0.494777539296103E+000 -0.131028262406404E+000 -0.141138191980994E+003
  0.626817455895128E+000  0.281807889863895E+003  0.153282167588427E+001  0.121049714446328E+001  0.891007808513769E+000  0.473011789361538E+000 -0.131028262406404E+000 -0.141137494898478E+003
  0.626817455895128E+000  0.281806679176598E+003  0.160248920363470E+001  0.128113107267026E+001  0.583641216191841E+000  0.342116434394565E+000 -0.131028262406404E+000 -0.141136889554830E+003
  0.626817455895128E+000  0.281805768432277E+003  0.117261013854274E+001  0.158802018937970E+001  0.943149313441997E+000  0.493181449455445E+000 -0.131028262406404E+000 -0.141136434182669E+003
  0.626817455895128E+000  0.281804178263057E+003  0.163235785870103E+001  0.108295030343840E+001  0.553821909443477E+000  0.335869217875731E+000 -0.131028262406404E+000 -0.141135639098059E+003
  0.626817455895128E+000  0.281802473262222E+003  0.173607963850645E+001  0.114249347888761E+001  0.640990536390455E+000  0.325842837131647E+000 -0.131028262406404E+000 -0.141134786597642E+003
  0.626817455895128E+000  0.281801026435610E+003  0.142113498304538E+001  0.141927484755748E+001  0.764949400523026E+000  0.383800174793660E+000 -0.131028262406404E+000 -0.141134063184336E+003
  0.626817455895128E+000  0.281799986404124E+003  0.173591514750887E+001  0.117466627402536E+001  0.314952134731137E+000  0.362689119108372E+000 -0.131028262406404E+000 -0.141133543168593E+003
  0.626817455895128E+000  0.281799264356198E+003  0.105385962414277E+001  0.130525873608854E+001  0.280735134316452E+000  0.486328129440320E+000 -0.131028262406404E+000 -0.141133182144630E+003
  0.626817455895128E+000  0.281798463806044E+003  0.149394977313944E+001  0.125553632925248E+001  0.592159969569195E+000  0.358115887383045E+000 -0.131028262406404E+000 -0.141132781869553E+003
  0.626817455895128E+000  0.281798301442435E+003  0.154554329211877E+001  0.964085233138391E+000  0.695552416422873E+000  0.373038109913034E+000 -0.131028262406404E+000 -0.141132700687748E+003
  0.626817455895128E+000  0.281797530435084E+003  0.145502577729249E+001  0.150347738257260E+001  0.903753850049114E+000  0.430093997896669E+000 -0.131028262406404E+000 -0.141132315184073E+003
  0.626817455895128E+000  0.281794184220322E+003  0.110409686034644E+001  0.121171351065240E+001  0.647901824874043E+000  0.474374555872359E+000 -0.131028262406404E+000 -0.141130642076692E+003
  0.626817455895128E+000  0.281794007780038E+003  0.153279633287621E+001  0.115239205808209E+001  0.949845066013547E+000  0.352774965009330E+000 -0.131028262406404E+000 -0.141130553856550E+003
  0.626817455895128E+000  0.281792809492202E+003  0.128764040769290E+001  0.102191529743435E+001  0.828009660421251E+000  0.462079420358897E+000 -0.131028262406404E+000 -0.141129954712632E+003
  0.626817455895128E+000  0.281792694309536E+003  0.167019358697926E+001  0.112384762982714E+001  0.890731755935281E+000  0.334963284489408E+000 -0.131028262406404E+000 -0.141129897121299E+003
  0.626817455895128E+000  0.281790096469354E+003  0.125967478263460E+001  0.106196516047134E+001  0.528020758281695E+000  0.446765014286483E+000 -0.131028262406404E+000 -0.141128598201208E+003
  0.626817455895128E+000  0.281787909069490E+003  0.160700890869224E+001  0.123079900040279E+001  0.718125347984927E+000  0.421644437498279E+000 -0.131028262406404E+000 -0.141127504501276E+003
  0.626817455895128E+000  0.281781273539889E+003  0.147866424141563E+001  0.146394134291270E+001  0.479319231576522E+000  0.411448724992487E+000 -0.131028262406404E+000 -0.141124186736475E+003
  0.626817455895128E+000  0.281779946004104E+003  0.115675279446169E+001  0.140927432962383E+001  0.577489153231559E+000  0.453140742367630E+000 -0.131028262406404E+000 -0.141123522968583E+003
  0.626817455895128E+000  0.281778961021294E+003  0.169352459705106E+001  0.111807812685026E+001  0.776160431548416E+000  0.375533581545224E+000 -0.131028262406404E+000 -0.141123030477178E+003
  0.626817455895128E+000  0.281774579350280E+003  0.135705139421540E+001  0.104007641554949E+001  0.480842481740922E+000  0.489131851991586E+000 -0.131028262406404E+000 -0.141120839641671E+003
  0.626817455895128E+000  0.281772291724377E+003  0.162987421913914E+001  0.100795236428178E+001  0.693429725049128E+000  0.363326966224871E+000 -0.131028262406404E+000 -0.141119695828719E+003
  0.626817455895128E+000  0.281770101270919E+003  0.161862764406025E+001  0.105550102383586E+001  0.384077354807908E+000  0.402089299196180E+000 -0.131028262406404E+000 -0.141118600601990E+003
  0.626817455895128E+000  0.281768069936688E+003  0.133392884254994E+001  0.154288110130857E+001  0.628470685366535E+000  0.465960680246007E+000 -0.131028262406404E+000 -0.141117584934875E+003
  0.626817455895128E+000  0.281768004225062E+003  0.110429721568421E+001  0.137558904318530E+001  0.632471731039862E+000  0.472679838759858E+000 -0.131028262406404E+000 -0.141117552079062E+003
  0.626817455895128E+000  0.281765027962310E+003  0.161859370923856E+001  0.120501086681210E+001  0.199158558086067E+000  0.403818381655943E+000 -0.131028262406404E+000 -0.141116063947686E+003
  0.626817455895128E+000  0.281764446924884E+003  0.144361892003424E+001  0.102349138001243E+001  0.268438013880479E+000  0.404637588518118E+000 -0.131028262406404E+000 -0.141115773428973E+003
  0.626817455895128E+000  0.281763428081562E+003  0.155307409888850E+001  0.130916749804336E+001  0.844590561832745E+000  0.369927611722516E+000 -0.131028262406404E+000 -0.141115264007312E+003
  0.626817455895128E+000  0.281761828854886E+003  0.151389746464036E+001  0.122918336809078E+001  0.408097217713334E-002  0.467088882828554E+000 -0.131028262406404E+000 -0.141114464393974E+003
  0.626817455895128E+000  0.281760418985799E+003  0.158884994235174E+001  0.122868154960099E+001  0.644596788027829E+000  0.417799419186923E+000 -0.131028262406404E+000 -0.141113759459430E+003
  0.626817455895128E+000  0.281759857422716E+003  0.164479198194956E+001  0.114509641660675E+001  0.425446022651318E-001  0.358146857927122E+000 -0.131028262406404E+000 -0.141113478677889E+003
  0.626817455895128E+000  0.281758939663413E+003  0.133675238767664E+001  0.146553484936099E+001  0.101070382251375E+000  0.423718668912748E+000 -0.131028262406404E+000 -0.141113019798237E+003
  0.626817455895128E+000  0.281753741485774E+003  0.162303891949385E+001  0.107947745536996E+001  0.351374770189629E+000  0.367914671654009E+000 -0.131028262406404E+000 -0.141110420709418E+003
  0.626817455895128E+000  0.281752773797754E+003  0.162664028624666E+001  0.114397187689485E+001  0.990504444126170E+000  0.363915977014383E+000 -0.131028262406404E+000 -0.141109936865408E+003
  0.626817455895128E+000  0.281752177256070E+003  0.129558211168304E+001  0.106063255720710E+001  0.373877969498350E+000  0.455069400085539E+000 -0.131028262406404E+000 -0.141109638594566E+003
  0.626817455895128E+000  0.281749965904158E+003  0.158617321606842E+001  0.128446110864478E+001  0.817659696637377E+000  0.392303633322763E+000 -0.131028262406404E+000 -0.141108532918609E+003
  0.626817455895128E+000  0.281747746896372E+003  0.137269764664026E+001  0.111661333187598E+001  0.205211970368675E+000  0.407124783439989E+000 -0.131028262406404E+000 -0.141107423414717E+003
  0.626817455895128E+000  0.281747326010186E+003  0.144175600465891E+001  0.109685594620801E+001  0.779101051445308E+000  0.393370203107187E+000 -0.131028262406404E+000 -0.141107212971624E+003
  0.626817455895128E+000  0.281747284511202E+003  0.148654017707383E+001  0.103118028088107E+001  0.694526913380085E-001  0.407031745093609E+000 -0.131028262406404E+000 -0.141107192222131E+003
  0.626817455895128E+000  0.281745400117351E+003  0.106808584524775E+001  0.137770076249154E+001  0.300419929568276E+000  0.493698604724205E+000 -0.131028262406404E+000 -0.141106250025206E+003
  0.626817455895128E+000  0.281745000095394E+003  0.131288483802116E+001  0.105393505014305E+001  0.525082916904200E+000  0.479751982453424E+000 -0.131028262406404E+000 -0.141106050014228E+003
  0.626817455895128E+000  0.281744875135381E+003  0.159891607536282E+001  0.110582335258876E+001  0.763659848834839E+000  0.372930452802434E+000 -0.131028262406404E+000 -0.141105987534221E+003
  0.626817455895128E+000  0.281743632977430E+003  0.158737657702651E+001  0.118531127067547E+001  0.322406431446275E+000  0.370469157276094E+000 -0.131028262406404E+000 -0.141105366455246E+003
  0.626817455895128E+000  0.281743628600770E+003  0.156382511656245E+001  0.129238720559878E+001  0.758988531635517E+000  0.408166575137445E+000 -0.131028262406404E+000 -0.141105364266916E+003
  0.626817455895128E+000  0.281743615404313E+003  0.159394682595736E+001  0.124358536221956E+001  0.602226380879287E+000  0.384581681466492E+000 -0.131028262406404E+000 -0.141105357668687E+003
  0.626817455895128E+000  0.281742121845623E+003  0.147710313852742E+001  0.125421683775855E+001  0.541217915483678E+000  0.380666834890206E+000 -0.131028262406404E+000 -0.141104610889342E+003
  0.626817455895128E+000  0.281734521057488E+003  0.150177274880918E+001  0.136732883452756E+001  0.793619779464562E+000  0.427171683483555E+000 -0.131028262406404E+000 -0.141100810495275E+003
  0.626817455895128E+000  0.281733397110207E+003  0.156922667897686E+001  0.114336747167926E+001  0.117771467752220E+000  0.410828211365834E+000 -0.131028262406404E+000 -0.141100248521634E+003
  0.626817455895128E+000  0.281733235038507E+003  0.144572898391450E+001  0.136290846159461E+001  0.924776129806269E+000  0.399944842786562E+000 -0.131028262406404E+000 -0.141100167485784E+003
  0.626817455895128E+000  0.281729484526723E+003  0.156045683924547E+001  0.125601183878108E+001  0.421104800268115E+000  0.398415541723234E+000 -0.131028262406404E+000 -0.141098292229892E+003
  0.626817455895128E+000  0.281726800165233E+003  0.147441369857454E+001  0.113972930917218E+001  0.158507995817480E+000  0.391264107107139E+000 -0.131028262406404E+000 -0.141096950049147E+003
  0.626817455895128E+000  0.281722486173061E+003  0.143839688153769E+001  0.122869924000221E+001  0.282370925286273E+000  0.393843709336112E+000 -0.131028262406404E+000 -0.141094793053061E+003
  0.626817455895128E+000  0.281714041146885E+003  0.125579263702138E+001  0.149466435978638E+001  0.809271333929453E-001  0.467306404465318E+000 -0.131028262406404E+000 -0.141090570539973E+003
  0.626817455895128E+000  0.281712485580717E+003  0.138565297501258E+001  0.145673643598659E+001  0.610785365596204E+000  0.455284821838680E+000 -0.131028262406404E+000 -0.141089792756889E+003
  0.626817455895128E+000  0.281711196576027E+003  0.131599858454295E+001  0.109033999127885E+001  0.300545418019464E+000  0.460564765772354E+000 -0.131028262406404E+000 -0.141089148254544E+003
  0.626817455895128E+000  0.281707416473338E+003  0.148360752922767E+001  0.123324936711414E+001  0.855454306130426E+000  0.457812654126829E+000 -0.131028262406404E+000 -0.141087258203200E+003
  0.626817455895128E+000  0.281705437399548E+003  0.147298628010356E+001  0.111086016210397E+001  0.265475036048816E+000  0.423687691802451E+000 -0.131028262406404E+000 -0.141086268666305E+003
  0.626817455895128E+000  0.281705385366355E+003  0.127816724323312E+001  0.146931350917600E+001  0.351703068891835E-001  0.458011371934098E+000 -0.131028262406404E+000 -0.141086242649708E+003
  0.626817455895128E+000  0.281700741475335E+003  0.150914427206896E+001  0.123078578814511E+001  0.855556578916679E+000  0.422432940778673E+000 -0.131028262406404E+000 -0.141083920704198E+003
  0.626817455895128E+000  0.281696005630663E+003  0.138124103635230E+001  0.119168590547055E+001  0.991796301979444E+000  0.417373968024311E+000 -0.131028262406404E+000 -0.141081552781862E+003
  0.626817455895128E+000  0.281695324477183E+003  0.149633199059411E+001  0.119042960948758E+001  0.237596478120550E+000  0.415688382536177E+000 -0.131028262406404E+000 -0.141081212205122E+003
  0.626817455895128E+000  0.281692727339585E+003  0.128979665014650E+001  0.120538958210020E+001  0.526676012772866E+000  0.438634729805921E+000 -0.131028262406404E+000 -0.141079913636323E+003
  0.626817455895128E+000  0.281691097637593E+003  0.139639086347810E+001  0.112731617733127E+001  0.320259952082115E+000  0.432801630372412E+000 -0.131028262406404E+000 -0.141079098785327E+003
  0.626817455895128E+000  0.281691040037079E+003  0.138873769929044E+001  0.111032717074516E+001  0.295740394338643E+000  0.456094954304177E+000 -0.131028262406404E+000 -0.141079069985070E+003
  0.626817455895128E+000  0.281689590899987E+003  0.133953013930128E+001  0.111188442053580E+001  0.388172413788441E-001  0.484800824520601E+000 -0.131028262406404E+000 -0.141078345416524E+003
  0.626817455895128E+000  0.281685862211607E+003  0.146526157528216E+001  0.121027841000494E+001  0.110766756053009E+000  0.451329192123460E+000 -0.131028262406404E+000 -0.141076481072334E+003
  0.626817455895128E+000  0.281681719522239E+003  0.138395141764539E+001  0.129546067631296E+001  0.777447432850721E+000  0.421966726359986E+000 -0.131028262406404E+000 -0.141074409727650E+003
  0.626817455895128E+000  0.281676231551140E+003  0.140673714331964E+001  0.133746081708435E+001  0.354493940036728E+000  0.431147208805805E+000 -0.131028262406404E+000 -0.141071665742101E+003
  0.626817455895128E+000  0.281676133044069E+003  0.142805905918980E+001  0.134817760424391E+001  0.878316437963785E+000  0.458166082561771E+000 -0.131028262406404E+000 -0.141071616488565E+003
  0.626817455895128E+000  0.281671267270011E+003  0.139841920048548E+001  0.117695639550777E+001  0.296628785015430E-001  0.481974175948805E+000 -0.131028262406404E+000 -0.141069183601536E+003
  0.626817455895128E+000  0.281670305152653E+003  0.136055173784636E+001  0.113723111956573E+001  0.983529495582616E+000  0.472378217101368E+000 -0.131028262406404E+000 -0.141068702542857E+003
  0.626817455895128E+000  0.281668805998397E+003  0.137621371678333E+001  0.129692947354656E+001  0.104085301365703E+000  0.429802371383485E+000 -0.131028262406404E+000 -0.141067952965729E+003
  0.626817455895128E+000  0.281667467992858E+003  0.140448316926266E+001  0.125841744108264E+001  0.646469964865061E+000  0.427851292175478E+000 -0.131028262406404E+000 -0.141067283962959E+003
  0.626817455895128E+000  0.281660868005953E+003  0.130964023270897E+001  0.146011649077932E+001  0.501512975408052E+000  0.485655425477287E+000 -0.131028262406404E+000 -0.141063983969507E+003
  0.626817455895128E+000  0.281658838318757E+003  0.118250536452117E+001  0.136602184243386E+001  0.595683145211510E+000  0.476686773504905E+000 -0.131028262406404E+000 -0.141062969125909E+003
  0.626817455895128E+000  0.281654020136314E+003  0.133531043315161E+001  0.138208326969551E+001  0.383975432803555E+000  0.454208177812438E+000 -0.131028262406404E+000 -0.141060560034688E+003
  0.626817455895128E+000  0.281651632409664E+003  0.140062116062016E+001  0.125045440290482E+001  0.516812137609615E+000  0.442402944982056E+000 -0.131028262406404E+000 -0.141059366171362E+003
  0.626817455895128E+000  0.281650929827625E+003  0.130638189749436E+001  0.116748963797247E+001  0.401434287837279E+000  0.469126598544654E+000 -0.131028262406404E+000 -0.141059014880343E+003
  0.626817455895128E+000  0.281649766158574E+003  0.138081748252413E+001  0.136514792314299E+001  0.954666666737026E+000  0.466233261337411E+000 -0.131028262406404E+000 -0.141058433045818E+003
  0.626817455895128E+000  0.281634995424880E+003  0.132417313359626E+001  0.130697441166631E+001  0.496497586350303E+000  0.454051186510029E+000 -0.131028262406404E+000 -0.141051047678971E+003
  0.626817455895128E+000  0.281613663488612E+003  0.131594252556499E+001  0.124740084283341E+001  0.538737695877123E+000  0.473108128867502E+000 -0.131028262406404E+000 -0.141040381710837E+003
  0.626817455895128E+000  0.281594168192337E+003  0.124276377873596E+001  0.125051376673981E+001  0.454734156007479E+000  0.494749349162820E+000 -0.131028262406404E+000 -0.141030634062699E+003
