  0.100000000000000E+001  0.271068141267910E+003  0.192397580598432E+001  0.734005707319043E+000  0.966599891253063E-001  0.481095475301522E+000 -0.131028262406404E+000 -0.135534070633955E+003
  0.100000000000000E+001  0.270132569935283E+003  0.197092967867977E+001  0.863225108609640E+000  0.323496953051615E+000  0.447152765035043E+000 -0.131028262406404E+000 -0.135066284967642E+003
  0.100000000000000E+001  0.269239153630981E+003  0.193978235585240E+001  0.142178652949258E+001  0.976789649256646E+000  0.497379498454123E+000 -0.131028262406404E+000 -0.134619576815490E+003
  0.100000000000000E+001  0.268803598885363E+003  0.183531891409930E+001  0.129566768509460E+001  0.632705701896821E+000  0.487452949478214E+000 -0.131028262406404E+000 -0.134401799442681E+003
  0.100000000000000E+001  0.268537806635835E+003  0.185463305538302E+001  0.139509531469712E+001  0.948999163408935E-001  0.491760232444310E+000 -0.131028262406404E+000 -0.134268903317918E+003
  0.100000000000000E+001  0.268443213055528E+003  0.174326356769496E+001  0.761754584643495E+000  0.457804427709200E+000  0.430278657834791E+000 -0.131028262406404E+000 -0.134221606527764E+003
  0.100000000000000E+001  0.268347728004424E+003  0.195779593713744E+001  0.958375919636140E+000  0.685487977787528E+000  0.395366560813366E+000 -0.131028262406404E+000 -0.134173864002212E+003
  0.100000000000000E+001  0.268306481092414E+003  0.133666203796383E+001  0.585361580505287E+000  0.728559150259032E+000  0.494139551287198E+000 -0.131028262406404E+000 -0.134153240546207E+003
  0.100000000000000E+001  0.268264659791389E+003  0.140023528062534E+001  0.678215066112805E+000  0.374292106608862E-001  0.487485809478577E+000 -0.131028262406404E+000 -0.134132329895694E+003
  0.100000000000000E+001  0.268094680424622E+003  0.157238706599109E+001  0.834713463880710E+000  0.259999526871330E+000  0.457758881131953E+000 -0.131028262406404E+000 -0.134047340212311E+003
  0.100000000000000E+001  0.268050361883135E+003  0.191775290634855E+001  0.157816472803454E+001  0.316184426359001E+000  0.491640055019900E+000 -0.131028262406404E+000 -0.134025180941568E+003
  0.100000000000000E+001  0.268009861023239E+003  0.152852095801854E+001  0.817732581993663E+000  0.261295032769630E+000  0.461770022591208E+000 -0.131028262406404E+000 -0.134004930511619E+003
  0.100000000000000E+001  0.267989679771108E+003  0.191572294016245E+001  0.112538970848597E+001  0.551073072324060E+000  0.403716057590107E+000 -0.131028262406404E+000 -0.133994839885554E+003
  0.100000000000000E+001  0.267871485603884E+003  0.108888683870885E+000  0.612072076462724E+000  0.606207921790628E+000  0.104562543756334E+000 -0.131028262406404E+000 -0.133935742801942E+003
  0.100000000000000E+001  0.267844299913734E+003  0.102709840045853E+000  0.520462629926549E+000  0.311489897432528E-001  0.131664551781270E+000 -0.131028262406404E+000 -0.133922149956867E+003
  0.100000000000000E+001  0.267797906171220E+003  0.135206601669854E+000  0.130059705579938E+001  0.762840512589675E+000  0.113852913978211E+000 -0.131028262406404E+000 -0.133898953085610E+003
  0.100000000000000E+001  0.267774956593115E+003  0.148944138384227E+000  0.791007455581196E+000  0.382774902111659E+000  0.115873192014710E+000 -0.131028262406404E+000 -0.133887478296558E+003
  0.100000000000000E+001  0.267773001993330E+003  0.192850572412520E+001  0.643657956387420E+000  0.690231624632396E+000  0.365476767046472E+000 -0.131028262406404E+000 -0.133886500996665E+003
  0.100000000000000E+001  0.267768735090836E+003  0.101714956300112E+000  0.768989625622885E+000  0.301076560522149E+000  0.185075250715483E+000 -0.131028262406404E+000 -0.133884367545418E+003
  0.100000000000000E+001  0.267764611887543E+003  0.118220593055272E+000  0.135663881697222E+001  0.129959750180964E+000  0.147691396448259E+000 -0.131028262406404E+000 -0.133882305943771E+003
  0.100000000000000E+001  0.267733150462033E+003  0.189530308681885E+001  0.718299743845981E+000  0.102288901495717E-001  0.371435553692377E+000 -0.131028262406404E+000 -0.133866575231016E+003
  0.100000000000000E+001  0.267726940838393E+003  0.173827755789313E+001  0.696911179056868E+000  0.326355922575174E+000  0.396711679466769E+000 -0.131028262406404E+000 -0.133863470419197E+003
  0.100000000000000E+001  0.267722731214189E+003  0.142824631134167E+000  0.943376386165654E+000  0.449152452127923E+000  0.144396056374269E+000 -0.131028262406404E+000 -0.133861365607095E+003
  0.100000000000000E+001  0.267711276564618E+003  0.114949072541747E+000  0.516014499835816E+000  0.666845792279569E+000  0.456314353997342E+000 -0.131028262406404E+000 -0.133855638282309E+003
  0.100000000000000E+001  0.267706979534799E+003  0.105682062451521E+000  0.131233400234534E+001  0.379470938338134E+000  0.201801321777193E+000 -0.131028262406404E+000 -0.133853489767400E+003
  0.100000000000000E+001  0.267690478968573E+003  0.110274745753801E+000  0.144712446968690E+001  0.211290666004512E-001  0.199887295714983E+000 -0.131028262406404E+000 -0.133845239484287E+003
  0.100000000000000E+001  0.267673832104933E+003  0.132968851877326E+000  0.513795787633616E+000  0.201176947645932E+000  0.469742928360978E+000 -0.131028262406404E+000 -0.133836916052467E+003
  0.100000000000000E+001  0.267673621354667E+003  0.119296817654455E+000  0.599909774396223E+000  0.363255342517169E+000  0.485443161910523E+000 -0.131028262406404E+000 -0.133836810677333E+003
  0.100000000000000E+001  0.267670657611607E+003  0.112231932169179E+000  0.539619756404045E+000  0.357562275222030E+000  0.359056011400567E+000 -0.131028262406404E+000 -0.133835328805803E+003
  0.100000000000000E+001  0.267665501432150E+003  0.131213501468442E+000  0.713033577460253E+000  0.944366890733691E+000  0.202801148289274E+000 -0.131028262406404E+000 -0.133832750716075E+003
  0.100000000000000E+001  0.267651656897427E+003  0.130298542510316E+000  0.751594806088499E+000  0.775283475002223E+000  0.212360033657983E+000 -0.131028262406404E+000 -0.133825828448714E+003
  0.100000000000000E+001  0.267643554303396E+003  0.189086855420665E+001  0.698596973071776E+000  0.653010039319757E+000  0.367643621409954E+000 -0.131028262406404E+000 -0.133821777151698E+003
  0.100000000000000E+001  0.267634064288691E+003  0.165290887780216E+001  0.542871542667828E+000  0.336227328561504E+000  0.398356779604453E+000 -0.131028262406404E+000 -0.133817032144346E+003
  0.100000000000000E+001  0.267617757333404E+003  0.189888917278409E+000  0.131853411533834E+001  0.375036567040445E-001  0.139340114590990E+000 -0.131028262406404E+000 -0.133808878666702E+003
  0.100000000000000E+001  0.267609788608987E+003  0.137729290003653E+000  0.958310197412638E+000  0.475534200855179E+000  0.211889235642327E+000 -0.131028262406404E+000 -0.133804894304494E+003
  0.100000000000000E+001  0.267607681072486E+003  0.122981491409353E+000  0.692422141734403E+000  0.980459336367262E-001  0.291685594845268E+000 -0.131028262406404E+000 -0.133803840536243E+003
  0.100000000000000E+001  0.267600802651043E+003  0.128641981310004E+001  0.556158432468322E+000  0.594483639743846E+000  0.458869462352439E+000 -0.131028262406404E+000 -0.133800401325521E+003
  0.100000000000000E+001  0.267599251964561E+003  0.147146467333980E+000  0.134824773599817E+001  0.543319528003477E+000  0.189452058528988E+000 -0.131028262406404E+000 -0.133799625982280E+003
  0.100000000000000E+001  0.267591823016305E+003  0.184037471610319E+000  0.510542484776391E+000  0.442487793056165E+000  0.172910714684874E+000 -0.131028262406404E+000 -0.133795911508152E+003
  0.100000000000000E+001  0.267585184283429E+003  0.181560727227821E+000  0.182847118423453E+001  0.228873267940342E+000  0.154428208454606E+000 -0.131028262406404E+000 -0.133792592141715E+003
  0.100000000000000E+001  0.267580638032151E+003  0.133476625255196E+000  0.183678416776847E+001  0.317362696341396E+000  0.212080564406675E+000 -0.131028262406404E+000 -0.133790319016075E+003
  0.100000000000000E+001  0.267570002775973E+003  0.138226586806881E+000  0.140365518610743E+001  0.556483413651825E+000  0.215116540825324E+000 -0.131028262406404E+000 -0.133785001387987E+003
  0.100000000000000E+001  0.267569043063966E+003  0.101102721717783E+000  0.969933572126056E+000  0.206293705092983E+000  0.386196133027316E+000 -0.131028262406404E+000 -0.133784521531983E+003
  0.100000000000000E+001  0.267563040963584E+003  0.127679492821546E+000  0.733469433063459E+000  0.568089387747748E+000  0.480363347735344E+000 -0.131028262406404E+000 -0.133781520481792E+003
  0.100000000000000E+001  0.267535331687695E+003  0.145537786037432E+000  0.768094594704539E+000  0.353528375127124E+000  0.265899430940850E+000 -0.131028262406404E+000 -0.133767665843848E+003
  0.100000000000000E+001  0.267519373858717E+003  0.169746645096904E+000  0.744180362267505E+000  0.350708002486940E+000  0.221943845623944E+000 -0.131028262406404E+000 -0.133759686929358E+003
  0.100000000000000E+001  0.267492175786545E+003  0.181261752734350E+000  0.966801356820456E+000  0.155368756046471E+000  0.203481157429296E+000 -0.131028262406404E+000 -0.133746087893272E+003
  0.100000000000000E+001  0.267489049200479E+003  0.140191070649660E+000  0.139005869647507E+001  0.201702444883495E+000  0.251628887112153E+000 -0.131028262406404E+000 -0.133744524600240E+003
  0.100000000000000E+001  0.267471066305937E+003  0.124149862160377E+000  0.198071863527273E+001  0.881389961923729E+000  0.283058642458936E+000 -0.131028262406404E+000 -0.133735533152969E+003
  0.100000000000000E+001  0.267462389207300E+003  0.221445158516075E+000  0.596750202008337E+000  0.867583648307912E+000  0.186264865990898E+000 -0.131028262406404E+000 -0.133731194603650E+003
  0.100000000000000E+001  0.267456103258191E+003  0.250080610009031E+000  0.115666123489825E+001  0.150269291761412E+000  0.148584193141055E+000 -0.131028262406404E+000 -0.133728051629096E+003
  0.100000000000000E+001  0.267454965450660E+003  0.175687040699489E+000  0.573418342698006E+000  0.518173160515723E+000  0.316438981811058E+000 -0.131028262406404E+000 -0.133727482725330E+003
  0.100000000000000E+001  0.267447109090280E+003  0.268286228614594E+000  0.876227232799034E+000  0.696731457648808E+000  0.144101761067694E+000 -0.131028262406404E+000 -0.133723554545140E+003
  0.100000000000000E+001  0.267445632858343E+003  0.124612371560604E+001  0.795320147404909E+000  0.277447527140939E+000  0.492638075051389E+000 -0.131028262406404E+000 -0.133722816429171E+003
  0.100000000000000E+001  0.267444398867836E+003  0.141876256874422E+000  0.104548314602812E+001  0.591201725306910E+000  0.304046319318359E+000 -0.131028262406404E+000 -0.133722199433918E+003
  0.100000000000000E+001  0.267442516079191E+003  0.320109377061458E+000  0.775388233810934E+000  0.201049401560018E+000  0.120788034995600E+000 -0.131028262406404E+000 -0.133721258039596E+003
  0.100000000000000E+001  0.267439711644845E+003  0.261404647313108E+000  0.188849598834139E+001  0.811896486625253E+000  0.141833367726671E+000 -0.131028262406404E+000 -0.133719855822422E+003
  0.100000000000000E+001  0.267429535673279E+003  0.177986542092819E+001  0.910319313718641E+000  0.671958336398327E+000  0.389663425588923E+000 -0.131028262406404E+000 -0.133714767836640E+003
  0.100000000000000E+001  0.267423485523258E+003  0.150065678480059E+000  0.806398802113227E+000  0.136102518786497E+000  0.406791932248473E+000 -0.131028262406404E+000 -0.133711742761629E+003
  0.100000000000000E+001  0.267413449672677E+003  0.118355701571877E+000  0.134471325793587E+001  0.829773811781437E+000  0.356670253626778E+000 -0.131028262406404E+000 -0.133706724836339E+003
  0.100000000000000E+001  0.267410451328967E+003  0.169255076209080E+001  0.130684064807568E+001  0.795257127134677E+000  0.470752787732867E+000 -0.131028262406404E+000 -0.133705225664483E+003
  0.100000000000000E+001  0.267393456430218E+003  0.306227784472077E+000  0.744075300273906E+000  0.731943866417288E+000  0.139501904696264E+000 -0.131028262406404E+000 -0.133696728215109E+003
  0.100000000000000E+001  0.267385265200225E+003  0.131120921484059E+001  0.507688810448274E+000  0.535656843194890E+000  0.435329427906372E+000 -0.131028262406404E+000 -0.133692632600113E+003
  0.100000000000000E+001  0.267381345880032E+003  0.131137048082291E+000  0.106067110650224E+001  0.476362971886005E+000  0.405893373536070E+000 -0.131028262406404E+000 -0.133690672940016E+003
  0.100000000000000E+001  0.267374925579527E+003  0.106807740137381E+000  0.157325185491332E+001  0.853007631230732E+000  0.398247223776731E+000 -0.131028262406404E+000 -0.133687462789764E+003
  0.100000000000000E+001  0.267373626285795E+003  0.340302613456029E+000  0.874628248025936E+000  0.380002843940093E-001  0.126611252572223E+000 -0.131028262406404E+000 -0.133686813142897E+003
  0.100000000000000E+001  0.267353171403701E+003  0.127466063880524E+001  0.771631918806757E+000  0.130579418006502E+000  0.475723326863083E+000 -0.131028262406404E+000 -0.133676585701850E+003
  0.100000000000000E+001  0.267349469674736E+003  0.370302676922545E+000  0.138689058565848E+001  0.390954569224672E-001  0.116770023786738E+000 -0.131028262406404E+000 -0.133674734837368E+003
  0.100000000000000E+001  0.267341845374599E+003  0.178593198321038E+001  0.804149014330492E+000  0.493290005518908E+000  0.376896678201252E+000 -0.131028262406404E+000 -0.133670922687299E+003
  0.100000000000000E+001  0.267338031177300E+003  0.192237106664721E+000  0.112462968780184E+001  0.384539365486450E+000  0.247551073640378E+000 -0.131028262406404E+000 -0.133669015588650E+003
  0.100000000000000E+001  0.267336013046438E+003  0.102964700584453E+000  0.140020519245280E+001  0.925696573530013E+000  0.475762098616978E+000 -0.131028262406404E+000 -0.133668006523219E+003
  0.100000000000000E+001  0.267319699930882E+003  0.366025111136112E+000  0.103177058979393E+001  0.659823890138886E+000  0.126071452695115E+000 -0.131028262406404E+000 -0.133659849965441E+003
  0.100000000000000E+001  0.267315164124509E+003  0.339928903535140E+000  0.684169721217205E+000  0.693195261607989E+000  0.143047502909079E+000 -0.131028262406404E+000 -0.133657582062255E+003
  0.100000000000000E+001  0.267309277350409E+003  0.136165329877481E+000  0.127133060939079E+001  0.687747001544918E+000  0.378089277660764E+000 -0.131028262406404E+000 -0.133654638675205E+003
  0.100000000000000E+001  0.267306243546412E+003  0.120267880356876E+001  0.618097745698740E+000  0.518099944979802E+000  0.462017452527041E+000 -0.131028262406404E+000 -0.133653121773206E+003
  0.100000000000000E+001  0.267305040021894E+003  0.131259275738299E+000  0.110343785198609E+001  0.909815607819945E+000  0.485234483281979E+000 -0.131028262406404E+000 -0.133652520010947E+003
  0.100000000000000E+001  0.267302208059630E+003  0.153525030702612E+000  0.128550675600196E+001  0.375932523546430E+000  0.327417428730879E+000 -0.131028262406404E+000 -0.133651104029815E+003
  0.100000000000000E+001  0.267289749602873E+003  0.225125835868914E+000  0.914494896835318E+000  0.381659979335544E+000  0.237279681452411E+000 -0.131028262406404E+000 -0.133644874801437E+003
  0.100000000000000E+001  0.267280359355649E+003  0.171955178463602E+000  0.898700201837396E+000  0.329118943688996E+000  0.416898094775071E+000 -0.131028262406404E+000 -0.133640179677825E+003
  0.100000000000000E+001  0.267277398776090E+003  0.119834084898677E+000  0.133537655128845E+001  0.489587453359143E+000  0.455026377936664E+000 -0.131028262406404E+000 -0.133638699388045E+003
  0.100000000000000E+001  0.267273256328373E+003  0.166867203443320E+000  0.196874416265182E+001  0.399163489573736E-001  0.285463547563489E+000 -0.131028262406404E+000 -0.133636628164186E+003
  0.100000000000000E+001  0.267272337157296E+003  0.191714713450904E+001  0.830419981875602E+000  0.146120963798682E+000  0.352810941324089E+000 -0.131028262406404E+000 -0.133636168578648E+003
  0.100000000000000E+001  0.267271799680720E+003  0.325174897373100E+000  0.546524319850250E+000  0.786487096782691E+000  0.491210317304240E+000 -0.131028262406404E+000 -0.133635899840360E+003
  0.100000000000000E+001  0.267271542974221E+003  0.136080709877341E+000  0.188668164781726E+001  0.974456020326031E+000  0.350496339426717E+000 -0.131028262406404E+000 -0.133635771487111E+003
  0.100000000000000E+001  0.267271270973153E+003  0.200761539094075E+000  0.956843566245967E+000  0.506819037079972E+000  0.284056885298552E+000 -0.131028262406404E+000 -0.133635635486576E+003
  0.100000000000000E+001  0.267267996480054E+003  0.257163377124788E+000  0.162985142999709E+001  0.855491871151781E+000  0.187963650911306E+000 -0.131028262406404E+000 -0.133633998240027E+003
  0.100000000000000E+001  0.267267778598495E+003  0.222487841622005E+000  0.726295770619648E+000  0.581126450422779E+000  0.483526369542595E+000 -0.131028262406404E+000 -0.133633889299248E+003
  0.100000000000000E+001  0.267260306800050E+003  0.174052659939776E+001  0.106788337488731E+001  0.693249091718581E+000  0.405554275828264E+000 -0.131028262406404E+000 -0.133630153400025E+003
  0.100000000000000E+001  0.267246936227563E+003  0.257248849174079E+000  0.599469853432285E+000  0.471437695833832E+000  0.432040778246762E+000 -0.131028262406404E+000 -0.133623468113782E+003
  0.100000000000000E+001  0.267246393230339E+003  0.195368388239720E+001  0.156072051441438E+001  0.940040939913145E+000  0.425192878570792E+000 -0.131028262406404E+000 -0.133623196615169E+003
  0.100000000000000E+001  0.267233315652374E+003  0.454228841584413E+000  0.139219614151925E+001  0.591602776149118E+000  0.111912341322972E+000 -0.131028262406404E+000 -0.133616657826187E+003
  0.100000000000000E+001  0.267230375063709E+003  0.150503482164824E+000  0.118195237077648E+001  0.789405453557844E+000  0.407713485362836E+000 -0.131028262406404E+000 -0.133615187531855E+003
  0.100000000000000E+001  0.267218774200360E+003  0.355963909613132E+000  0.189829173711978E+001  0.416381725148146E+000  0.144095532503442E+000 -0.131028262406404E+000 -0.133609387100180E+003
  0.100000000000000E+001  0.267206101532962E+003  0.217877178540216E+000  0.794153795038631E+000  0.826324940594247E-002  0.478027528847634E+000 -0.131028262406404E+000 -0.133603050766481E+003
  0.100000000000000E+001  0.267190778056262E+003  0.510198534127481E+000  0.150597310499688E+001  0.329259911120165E+000  0.104801413152913E+000 -0.131028262406404E+000 -0.133595389028131E+003
  0.100000000000000E+001  0.267190719198079E+003  0.197952219669584E+001  0.139418204626849E+001  0.473966817158561E-001  0.384126968041247E+000 -0.131028262406404E+000 -0.133595359599039E+003
  0.100000000000000E+001  0.267190452157615E+003  0.273574163081282E+000  0.174254717247078E+001  0.490481243311784E+000  0.194491523470862E+000 -0.131028262406404E+000 -0.133595226078808E+003
  0.100000000000000E+001  0.267182997039960E+003  0.406408097085149E+000  0.102639192974556E+001  0.180211481770660E+000  0.137162676362994E+000 -0.131028262406404E+000 -0.133591498519980E+003
  0.100000000000000E+001  0.267177816059451E+003  0.268763286543784E+000  0.566470400720445E+000  0.740983103572217E+000  0.343853965050541E+000 -0.131028262406404E+000 -0.133588908029726E+003
  0.100000000000000E+001  0.267175326780354E+003  0.540140279596968E+000  0.536360333720289E+000  0.453052938697135E+000  0.106019531837876E+000 -0.131028262406404E+000 -0.133587663390177E+003
  0.100000000000000E+001  0.267170769810436E+003  0.520452623941780E+000  0.159560847614951E+001  0.428620964088365E+000  0.105116276895960E+000 -0.131028262406404E+000 -0.133585384905218E+003
  0.100000000000000E+001  0.267163410271539E+003  0.309960319581245E+000  0.511820491934559E+000  0.790836057220045E+000  0.230142232673665E+000 -0.131028262406404E+000 -0.133581705135770E+003
  0.100000000000000E+001  0.267153525283936E+003  0.174314736280046E+001  0.148062437706211E+001  0.355157568233595E+000  0.485203275823825E+000 -0.131028262406404E+000 -0.133576762641968E+003
  0.100000000000000E+001  0.267145208011663E+003  0.282940267924609E+000  0.585083979084926E+000  0.962395754029934E+000  0.383861293630872E+000 -0.131028262406404E+000 -0.133572604005832E+003
  0.100000000000000E+001  0.267144772905591E+003  0.161049957579461E+000  0.158313902721065E+001  0.415857434788210E-001  0.356758662416854E+000 -0.131028262406404E+000 -0.133572386452795E+003
  0.100000000000000E+001  0.267144498478252E+003  0.480397050293904E+000  0.898314730405652E+000  0.507795028587814E-001  0.121836413331802E+000 -0.131028262406404E+000 -0.133572249239126E+003
  0.100000000000000E+001  0.267140882279331E+003  0.269041524692590E+000  0.654708067370174E+000  0.577494878460105E+000  0.297287083460828E+000 -0.131028262406404E+000 -0.133570441139665E+003
  0.100000000000000E+001  0.267138803253414E+003  0.333396976407684E+000  0.133442901282001E+001  0.905733730658394E+000  0.174053951974368E+000 -0.131028262406404E+000 -0.133569401626707E+003
  0.100000000000000E+001  0.267132706725448E+003  0.550550381643943E+000  0.115553557888745E+001  0.443882108649783E+000  0.105447069926103E+000 -0.131028262406404E+000 -0.133566353362724E+003
  0.100000000000000E+001  0.267127021445237E+003  0.184862726724018E+000  0.126957847845975E+001  0.548490748520059E+000  0.346126980530788E+000 -0.131028262406404E+000 -0.133563510722618E+003
  0.100000000000000E+001  0.267122303798175E+003  0.330941929331257E+000  0.565956183827505E+000  0.895782413072068E+000  0.438442199632186E+000 -0.131028262406404E+000 -0.133561151899087E+003
  0.100000000000000E+001  0.267117978636948E+003  0.155550834412693E+001  0.632028983689868E+000  0.232343249905772E+000  0.391894997772656E+000 -0.131028262406404E+000 -0.133558989318474E+003
  0.100000000000000E+001  0.267116954899821E+003  0.302851265642711E+000  0.575988478965476E+000  0.477302778042578E+000  0.399333598133067E+000 -0.131028262406404E+000 -0.133558477449910E+003
  0.100000000000000E+001  0.267115474971009E+003  0.127917179426087E+001  0.611329257757468E+000  0.816329254465974E+000  0.434411654935933E+000 -0.131028262406404E+000 -0.133557737485504E+003
  0.100000000000000E+001  0.267113010234429E+003  0.195804681637534E+001  0.108752391052454E+001  0.811236299244098E+000  0.353832654989640E+000 -0.131028262406404E+000 -0.133556505117215E+003
  0.100000000000000E+001  0.267112857732827E+003  0.454271865972976E+000  0.129859944098798E+001  0.684202788165601E+000  0.130707735668541E+000 -0.131028262406404E+000 -0.133556428866413E+003
  0.100000000000000E+001  0.267109358121246E+003  0.151800768256227E+001  0.995975252378696E+000  0.851025230046094E+000  0.441811094947763E+000 -0.131028262406404E+000 -0.133554679060623E+003
  0.100000000000000E+001  0.267109280972200E+003  0.192635149139658E+001  0.618439913904441E+000  0.321397339720559E+000  0.335801588428609E+000 -0.131028262406404E+000 -0.133554640486100E+003
  0.100000000000000E+001  0.267104630290804E+003  0.204262587020913E+000  0.108081333609698E+001  0.525282548052615E+000  0.351958869230320E+000 -0.131028262406404E+000 -0.133552315145402E+003
  0.100000000000000E+001  0.267103725999331E+003  0.420047156992215E+000  0.706335259491088E+000  0.714003595024927E+000  0.153222082455183E+000 -0.131028262406404E+000 -0.133551862999666E+003
  0.100000000000000E+001  0.267098454277975E+003  0.108505218877661E+001  0.699333357634959E+000  0.326942110168522E+000  0.482589837520787E+000 -0.131028262406404E+000 -0.133549227138988E+003
  0.100000000000000E+001  0.267094024255580E+003  0.279653428672407E+000  0.656111032757726E+000  0.377620384850674E+000  0.383394833742815E+000 -0.131028262406404E+000 -0.133547012127790E+003
  0.100000000000000E+001  0.267090470827926E+003  0.223068210807207E+000  0.171554485391993E+001  0.206076908027770E+000  0.268561401592859E+000 -0.131028262406404E+000 -0.133545235413963E+003
  0.100000000000000E+001  0.267072002633698E+003  0.165390934018471E+000  0.162621939829869E+001  0.954952323777217E+000  0.375029401905611E+000 -0.131028262406404E+000 -0.133536001316849E+003
  0.100000000000000E+001  0.267071420441421E+003  0.410865954741636E+000  0.163594173261122E+001  0.611622605869670E+000  0.149490207135136E+000 -0.131028262406404E+000 -0.133535710220710E+003
  0.100000000000000E+001  0.267068018880530E+003  0.287618754342370E+000  0.831008937676339E+000  0.221119838133168E+000  0.259574245980649E+000 -0.131028262406404E+000 -0.133534009440265E+003
  0.100000000000000E+001  0.267067902393170E+003  0.349188468220666E+000  0.154501319520808E+001  0.758903486523612E+000  0.177517258417048E+000 -0.131028262406404E+000 -0.133533951196585E+003
  0.100000000000000E+001  0.267054731669567E+003  0.313345607740203E+000  0.597657557247746E+000  0.500171925799552E+000  0.384076263832789E+000 -0.131028262406404E+000 -0.133527365834784E+003
  0.100000000000000E+001  0.267054291599014E+003  0.889483447960163E+000  0.611052990363391E+000  0.322833667121142E+000  0.491166823217098E+000 -0.131028262406404E+000 -0.133527145799507E+003
  0.100000000000000E+001  0.267052380395096E+003  0.475586060835795E+000  0.859484459873752E+000  0.793724229917612E-001  0.138875313489852E+000 -0.131028262406404E+000 -0.133526190197548E+003
  0.100000000000000E+001  0.267052119764902E+003  0.142719270352535E+001  0.104511681970079E+001  0.213267388252142E+000  0.473066213784926E+000 -0.131028262406404E+000 -0.133526059882451E+003
  0.100000000000000E+001  0.267050316994855E+003  0.296230157280120E+000  0.142103056859629E+001  0.243368526194347E+000  0.216762013434120E+000 -0.131028262406404E+000 -0.133525158497427E+003
  0.100000000000000E+001  0.267044797276262E+003  0.455769734534274E+000  0.722269471510481E+000  0.374821168430002E+000  0.150061835715680E+000 -0.131028262406404E+000 -0.133522398638131E+003
  0.100000000000000E+001  0.267040155001312E+003  0.221796319772480E+000  0.108326735252773E+001  0.522143207123924E+000  0.346141044885224E+000 -0.131028262406404E+000 -0.133520077500656E+003
  0.100000000000000E+001  0.267038200086563E+003  0.118850584416502E+001  0.506421940727393E+000  0.782833117196364E+000  0.427817854674779E+000 -0.131028262406404E+000 -0.133519100043282E+003
  0.100000000000000E+001  0.267035582346367E+003  0.143748951536733E+000  0.148565609877955E+001  0.495329738735681E+000  0.475477884167943E+000 -0.131028262406404E+000 -0.133517791173184E+003
  0.100000000000000E+001  0.267023652243353E+003  0.148596411643911E+001  0.567784314632515E+000  0.772513372600049E+000  0.391439238375919E+000 -0.131028262406404E+000 -0.133511826121677E+003
  0.100000000000000E+001  0.267017282822144E+003  0.257628911003732E+000  0.135268626944743E+001  0.500564850472117E+000  0.264323871324712E+000 -0.131028262406404E+000 -0.133508641411072E+003
  0.100000000000000E+001  0.267016734639923E+003  0.207678727511671E+000  0.114719386830015E+001  0.809834595567262E+000  0.378329254655019E+000 -0.131028262406404E+000 -0.133508367319962E+003
  0.100000000000000E+001  0.267012546509550E+003  0.150903486767963E+000  0.162115829744964E+001  0.293845178700677E+000  0.441159574168169E+000 -0.131028262406404E+000 -0.133506273254775E+003
  0.100000000000000E+001  0.267004036217912E+003  0.337879329355188E+000  0.689290259009085E+000  0.972063521200861E+000  0.244051574080814E+000 -0.131028262406404E+000 -0.133502018108956E+003
  0.100000000000000E+001  0.266998471045478E+003  0.560300635938672E+000  0.141736184595828E+001  0.713007102160413E+000  0.119338561181141E+000 -0.131028262406404E+000 -0.133499235522739E+003
  0.100000000000000E+001  0.266993518939492E+003  0.541461450594275E+000  0.553761825224218E+000  0.410722824038200E+000  0.481945120827865E+000 -0.131028262406404E+000 -0.133496759469746E+003
  0.100000000000000E+001  0.266992410942944E+003  0.191221671107569E+000  0.125178655241683E+001  0.734028120468319E+000  0.407178892791981E+000 -0.131028262406404E+000 -0.133496205471472E+003
  0.100000000000000E+001  0.266982961241399E+003  0.601245338200977E+000  0.553437306489108E+000  0.273800804623712E+000  0.484746850089935E+000 -0.131028262406404E+000 -0.133491480620700E+003
  0.100000000000000E+001  0.266974495000023E+003  0.488222733449826E+000  0.870960441320489E+000  0.816340433360798E+000  0.147847638472474E+000 -0.131028262406404E+000 -0.133487247500011E+003
  0.100000000000000E+001  0.266962920363593E+003  0.194071564544471E+001  0.169909398615226E+001  0.299414951115917E+000  0.450329710313419E+000 -0.131028262406404E+000 -0.133481460181796E+003
  0.100000000000000E+001  0.266954856724120E+003  0.153768243376275E+001  0.969623297367297E+000  0.557345471440000E+000  0.423470253011119E+000 -0.131028262406404E+000 -0.133477428362060E+003
  0.100000000000000E+001  0.266951538981582E+003  0.304456755585619E+000  0.111040448659638E+001  0.387988721652758E+000  0.251867909543064E+000 -0.131028262406404E+000 -0.133475769490791E+003
  0.100000000000000E+001  0.266938865353510E+003  0.489922960109391E+000  0.801389442961657E+000  0.964754015666579E+000  0.155152856148213E+000 -0.131028262406404E+000 -0.133469432676755E+003
  0.100000000000000E+001  0.266932691600636E+003  0.160347486028841E+001  0.119610331638637E+001  0.753744522456753E+000  0.445621460001009E+000 -0.131028262406404E+000 -0.133466345800318E+003
  0.100000000000000E+001  0.266927998923003E+003  0.271300118646623E+000  0.876261605709741E+000  0.589625146763986E+000  0.449517111190366E+000 -0.131028262406404E+000 -0.133463999461501E+003
  0.100000000000000E+001  0.266920882582568E+003  0.221874271587067E+000  0.120403032319386E+001  0.623960580679255E+000  0.379569539343844E+000 -0.131028262406404E+000 -0.133460441291284E+003
  0.100000000000000E+001  0.266915932127202E+003  0.241602910596967E+000  0.121694130983931E+001  0.672968289590889E+000  0.337564264938040E+000 -0.131028262406404E+000 -0.133457966063601E+003
  0.100000000000000E+001  0.266908636683374E+003  0.385852345579966E+000  0.151560383058753E+001  0.211249987192483E-001  0.190111909324251E+000 -0.131028262406404E+000 -0.133454318341687E+003
  0.100000000000000E+001  0.266907261600381E+003  0.295069500934990E+000  0.164515335672063E+001  0.592912295302566E+000  0.246945609994123E+000 -0.131028262406404E+000 -0.133453630800191E+003
  0.100000000000000E+001  0.266903644886070E+003  0.592516246699920E+000  0.112638199985604E+001  0.761052697716103E+000  0.126292719255088E+000 -0.131028262406404E+000 -0.133451822443035E+003
  0.100000000000000E+001  0.266892853773761E+003  0.405824928815654E+000  0.140139343749374E+001  0.463552752860268E-001  0.185234467613152E+000 -0.131028262406404E+000 -0.133446426886880E+003
  0.100000000000000E+001  0.266888700143041E+003  0.188454579537429E+001  0.162432046563283E+001  0.652536636909428E-001  0.447233051278766E+000 -0.131028262406404E+000 -0.133444350071520E+003
  0.100000000000000E+001  0.266882837384372E+003  0.168944939426749E+000  0.193718681522944E+001  0.107015878530519E+000  0.435974255898482E+000 -0.131028262406404E+000 -0.133441418692186E+003
  0.100000000000000E+001  0.266881753936054E+003  0.311662217011191E+000  0.136863721607190E+001  0.174576790266288E+000  0.248520298959148E+000 -0.131028262406404E+000 -0.133440876968027E+003
  0.100000000000000E+001  0.266878218222622E+003  0.390499595084548E+000  0.159708527292938E+001  0.704404400117981E+000  0.192346415470478E+000 -0.131028262406404E+000 -0.133439109111311E+003
  0.100000000000000E+001  0.266876707495840E+003  0.753226802657570E+000  0.136549732052686E+001  0.826169925373365E+000  0.100233058589335E+000 -0.131028262406404E+000 -0.133438353747920E+003
  0.100000000000000E+001  0.266873368263052E+003  0.261536789403637E+000  0.988090250882624E+000  0.583171239064674E+000  0.397954100675070E+000 -0.131028262406404E+000 -0.133436684131526E+003
  0.100000000000000E+001  0.266868048704758E+003  0.143717111275948E+001  0.107823432529707E+001  0.589881899483532E+000  0.465652907373871E+000 -0.131028262406404E+000 -0.133434024352379E+003
  0.100000000000000E+001  0.266865814731170E+003  0.381677305491746E+000  0.619967585366328E+000  0.606107247387298E+000  0.385096319915194E+000 -0.131028262406404E+000 -0.133432907365585E+003
  0.100000000000000E+001  0.266858202523954E+003  0.453196469378741E+000  0.641276180513429E+000  0.254942159274786E+000  0.197901057990976E+000 -0.131028262406404E+000 -0.133429101261977E+003
  0.100000000000000E+001  0.266854023551467E+003  0.508067786798162E+000  0.103341909176853E+001  0.836398138596401E+000  0.158149767189680E+000 -0.131028262406404E+000 -0.133427011775734E+003
  0.100000000000000E+001  0.266847910313168E+003  0.694690710910075E+000  0.991478313985649E+000  0.243956134721395E+000  0.114046724891639E+000 -0.131028262406404E+000 -0.133423955156584E+003
  0.100000000000000E+001  0.266843407980899E+003  0.353251686920628E+000  0.756727531623395E+000  0.907264362045711E+000  0.449554449106090E+000 -0.131028262406404E+000 -0.133421703990450E+003
  0.100000000000000E+001  0.266839234164028E+003  0.176604598629868E+001  0.516119276077626E+000  0.446431354400139E+000  0.339096841574127E+000 -0.131028262406404E+000 -0.133419617082014E+003
  0.100000000000000E+001  0.266838815417263E+003  0.506048537558405E+000  0.864846372754967E+000  0.488815547512379E+000  0.165677199327802E+000 -0.131028262406404E+000 -0.133419407708632E+003
  0.100000000000000E+001  0.266836650928828E+003  0.560404658237075E+000  0.186412940022413E+001  0.508704311533790E+000  0.138393501752847E+000 -0.131028262406404E+000 -0.133418325464414E+003
  0.100000000000000E+001  0.266830558421981E+003  0.168766058286587E+000  0.155851557852685E+001  0.583590272608740E+000  0.481461250894508E+000 -0.131028262406404E+000 -0.133415279210991E+003
  0.100000000000000E+001  0.266820535708356E+003  0.637103944796172E+000  0.528839602150348E+000  0.537895997472270E+000  0.135895135329127E+000 -0.131028262406404E+000 -0.133410267854178E+003
  0.100000000000000E+001  0.266818695793752E+003  0.244878139813001E+000  0.156090749622888E+001  0.575860326712371E+000  0.328304683572367E+000 -0.131028262406404E+000 -0.133409347896876E+003
  0.100000000000000E+001  0.266817904958162E+003  0.172487289305583E+000  0.149219912600865E+001  0.425762131200983E+000  0.490345043583628E+000 -0.131028262406404E+000 -0.133408952479081E+003
  0.100000000000000E+001  0.266813476392837E+003  0.362180781646136E+000  0.808201321761115E+000  0.593427257837664E+000  0.279655315634110E+000 -0.131028262406404E+000 -0.133406738196418E+003
  0.100000000000000E+001  0.266809543471257E+003  0.516725088223579E+000  0.155801925843879E+001  0.643753685781550E-001  0.155101801777194E+000 -0.131028262406404E+000 -0.133404771735629E+003
  0.100000000000000E+001  0.266799247709055E+003  0.186627441949407E+000  0.192947858108166E+001  0.326215069376810E+000  0.424821433877638E+000 -0.131028262406404E+000 -0.133399623854527E+003
  0.100000000000000E+001  0.266796882449815E+003  0.529234428538594E+000  0.153283742241251E+001  0.631962970819284E+000  0.153364950993863E+000 -0.131028262406404E+000 -0.133398441224908E+003
  0.100000000000000E+001  0.266795602552042E+003  0.262170751603294E+000  0.152524118514125E+001  0.226003165408625E+000  0.314783294237326E+000 -0.131028262406404E+000 -0.133397801276021E+003
  0.100000000000000E+001  0.266776541374451E+003  0.193019201801141E+001  0.129196129185290E+001  0.139907633899312E-001  0.362392023941629E+000 -0.131028262406404E+000 -0.133388270687226E+003
  0.100000000000000E+001  0.266774957931238E+003  0.230102749322526E+000  0.132457707630274E+001  0.749055892722221E+000  0.400247380850315E+000 -0.131028262406404E+000 -0.133387478965619E+003
  0.100000000000000E+001  0.266770838389578E+003  0.155802265816459E+001  0.129953834266990E+001  0.461943479137283E+000  0.478825883824619E+000 -0.131028262406404E+000 -0.133385419194789E+003
  0.100000000000000E+001  0.266769834723397E+003  0.743600306852605E+000  0.119933143380111E+001  0.545937164397825E+000  0.113080558260799E+000 -0.131028262406404E+000 -0.133384917361698E+003
  0.100000000000000E+001  0.266769277625376E+003  0.134484789435688E+001  0.914524527114629E+000  0.420325665902394E+000  0.447103478848508E+000 -0.131028262406404E+000 -0.133384638812688E+003
  0.100000000000000E+001  0.266761170911500E+003  0.188993358856316E+001  0.533604151482789E+000  0.988251049821952E+000  0.320245722847639E+000 -0.131028262406404E+000 -0.133380585455750E+003
  0.100000000000000E+001  0.266757545156396E+003  0.219616477549835E+000  0.165308198609062E+001  0.989152267631727E+000  0.381040020876868E+000 -0.131028262406404E+000 -0.133378772578198E+003
  0.100000000000000E+001  0.266757041049579E+003  0.602797497909542E+000  0.101972378971495E+001  0.769925444042908E+000  0.144797187755677E+000 -0.131028262406404E+000 -0.133378520524789E+003
  0.100000000000000E+001  0.266747559355078E+003  0.219642375111701E+000  0.155790048183174E+001  0.234572889952360E-001  0.392759351134578E+000 -0.131028262406404E+000 -0.133373779677539E+003
  0.100000000000000E+001  0.266747064789363E+003  0.685266254352517E+000  0.166630425188030E+001  0.968280129501635E+000  0.123175931758038E+000 -0.131028262406404E+000 -0.133373532394682E+003
  0.100000000000000E+001  0.266745722281310E+003  0.309167687331804E+000  0.199838078003365E+001  0.843367846678813E-001  0.269571094578431E+000 -0.131028262406404E+000 -0.133372861140655E+003
  0.100000000000000E+001  0.266739417963097E+003  0.179968888139218E+001  0.978973766694397E+000  0.335319328993616E+000  0.357070748511205E+000 -0.131028262406404E+000 -0.133369708981548E+003
  0.100000000000000E+001  0.266737706041259E+003  0.443114242921178E+000  0.127398512428367E+001  0.928309486123039E+000  0.199267220986890E+000 -0.131028262406404E+000 -0.133368853020629E+003
  0.100000000000000E+001  0.266736142863432E+003  0.237686769671420E+000  0.134222949878329E+001  0.179727519683723E+000  0.396927344428212E+000 -0.131028262406404E+000 -0.133368071431716E+003
  0.100000000000000E+001  0.266732796619180E+003  0.174337760588198E+001  0.151452103139122E+001  0.686188244420371E+000  0.465471428699846E+000 -0.131028262406404E+000 -0.133366398309590E+003
  0.100000000000000E+001  0.266731379524536E+003  0.363988938178381E+000  0.175322550548087E+001  0.622127128456504E+000  0.233255711261176E+000 -0.131028262406404E+000 -0.133365689762268E+003
  0.100000000000000E+001  0.266729836941168E+003  0.476675801515144E+000  0.536993112257547E+000  0.881821839326974E+000  0.238812374643941E+000 -0.131028262406404E+000 -0.133364918470584E+003
  0.100000000000000E+001  0.266723892970200E+003  0.399332567220567E+000  0.694633668696596E+000  0.740635769413939E+000  0.347796118061156E+000 -0.131028262406404E+000 -0.133361946485100E+003
  0.100000000000000E+001  0.266720724288378E+003  0.599789747733002E+000  0.177463386717621E+001  0.430922485080140E+000  0.143528003643643E+000 -0.131028262406404E+000 -0.133360362144189E+003
  0.100000000000000E+001  0.266718344016757E+003  0.191785908020044E+001  0.120662910060092E+001  0.401418634924741E+000  0.352999007323573E+000 -0.131028262406404E+000 -0.133359172008379E+003
  0.100000000000000E+001  0.266715271165573E+003  0.195092261947611E+001  0.845048377885152E+000  0.973790529893147E+000  0.322200247486210E+000 -0.131028262406404E+000 -0.133357635582786E+003
  0.100000000000000E+001  0.266707092807923E+003  0.405598893411905E+000  0.101769192905426E+001  0.413280363348705E+000  0.242077695180737E+000 -0.131028262406404E+000 -0.133353546403962E+003
  0.100000000000000E+001  0.266704797042126E+003  0.493684786685527E+000  0.146561678153412E+001  0.724226460796543E+000  0.179432184645034E+000 -0.131028262406404E+000 -0.133352398521063E+003
  0.100000000000000E+001  0.266699031726223E+003  0.465187244570339E+000  0.725156906752973E+000  0.989884973168468E+000  0.229403578333121E+000 -0.131028262406404E+000 -0.133349515863111E+003
  0.100000000000000E+001  0.266698094086279E+003  0.246716897781144E+000  0.130699997333651E+001  0.993391589462220E+000  0.403389302982824E+000 -0.131028262406404E+000 -0.133349047043140E+003
  0.100000000000000E+001  0.266697667107539E+003  0.460855740232402E+000  0.105660115019207E+001  0.843945463083767E+000  0.206572846109268E+000 -0.131028262406404E+000 -0.133348833553770E+003
  0.100000000000000E+001  0.266695389551944E+003  0.151445755416806E+001  0.118852373449692E+001  0.959007959188652E+000  0.456823951618904E+000 -0.131028262406404E+000 -0.133347694775972E+003
  0.100000000000000E+001  0.266691724050203E+003  0.677806201661841E+000  0.538739828691017E+000  0.733587051083611E+000  0.429861769734144E+000 -0.131028262406404E+000 -0.133345862025101E+003
  0.100000000000000E+001  0.266690936744175E+003  0.185908604825230E+001  0.145086493159969E+001  0.473454278094761E+000  0.400849901652127E+000 -0.131028262406404E+000 -0.133345468372087E+003
  0.100000000000000E+001  0.266680336315143E+003  0.256295062356232E+000  0.167322478207035E+001  0.665766436841468E+000  0.347024928108014E+000 -0.131028262406404E+000 -0.133340168157572E+003
  0.100000000000000E+001  0.266677257719100E+003  0.572055173726122E+000  0.628001349978142E+000  0.571802021678902E+000  0.445606375948771E+000 -0.131028262406404E+000 -0.133338628859550E+003
  0.100000000000000E+001  0.266677012399954E+003  0.244430433225218E+000  0.184304639336904E+001  0.794399147551369E+000  0.359188119658628E+000 -0.131028262406404E+000 -0.133338506199977E+003
  0.100000000000000E+001  0.266670197284738E+003  0.361254827551133E+000  0.112793585380269E+001  0.875713042431133E+000  0.280192187284216E+000 -0.131028262406404E+000 -0.133335098642369E+003
  0.100000000000000E+001  0.266663773265038E+003  0.154036686049457E+001  0.987869588384926E+000  0.216868122536517E+000  0.407394015444880E+000 -0.131028262406404E+000 -0.133331886632519E+003
  0.100000000000000E+001  0.266646354004559E+003  0.204249406503614E+000  0.184822560117069E+001  0.955001336271114E+000  0.439883267790913E+000 -0.131028262406404E+000 -0.133323177002279E+003
  0.100000000000000E+001  0.266646053179954E+003  0.467372525408641E+000  0.650917964088686E+000  0.346479642970745E+000  0.264722261753526E+000 -0.131028262406404E+000 -0.133323026589977E+003
  0.100000000000000E+001  0.266639727373542E+003  0.328362783682917E+000  0.174066343973802E+001  0.393095398302078E+000  0.278517513266654E+000 -0.131028262406404E+000 -0.133319863686771E+003
  0.100000000000000E+001  0.266638418798782E+003  0.517340740171571E+000  0.108665846659720E+001  0.635265298273744E+000  0.190331263486631E+000 -0.131028262406404E+000 -0.133319209399391E+003
  0.100000000000000E+001  0.266635324179900E+003  0.943597587452945E+000  0.577074702144581E+000  0.822256592832126E+000  0.429993300929263E+000 -0.131028262406404E+000 -0.133317662089950E+003
  0.100000000000000E+001  0.266632155104233E+003  0.507538202934896E+000  0.140717112068080E+001  0.951294655197409E+000  0.186661513299663E+000 -0.131028262406404E+000 -0.133316077552116E+003
  0.100000000000000E+001  0.266630410915871E+003  0.279768050524018E+000  0.118816913967021E+001  0.658885972428419E+000  0.404133940375048E+000 -0.131028262406404E+000 -0.133315205457935E+003
  0.100000000000000E+001  0.266629993690275E+003  0.490894265598425E+000  0.655589987911701E+000  0.287611969806325E+000  0.406993939803476E+000 -0.131028262406404E+000 -0.133314996845138E+003
  0.100000000000000E+001  0.266629889175965E+003  0.883979364980953E+000  0.848288768067626E+000  0.986478483440082E+000  0.109360486647464E+000 -0.131028262406404E+000 -0.133314944587983E+003
  0.100000000000000E+001  0.266629841433413E+003  0.183677533804002E+001  0.138426387401424E+001  0.438398553827225E+000  0.391513714592539E+000 -0.131028262406404E+000 -0.133314920716707E+003
  0.100000000000000E+001  0.266627746360620E+003  0.126082017659694E+001  0.761986485497564E+000  0.238401363172007E+000  0.424746306984349E+000 -0.131028262406404E+000 -0.133313873180310E+003
  0.100000000000000E+001  0.266620456101317E+003  0.281483525380379E+000  0.140639339741716E+001  0.375264602435097E+000  0.353930312140268E+000 -0.131028262406404E+000 -0.133310228050659E+003
  0.100000000000000E+001  0.266618285344228E+003  0.792855267154737E+000  0.698643911032151E+000  0.141744506847017E+000  0.126390097372678E+000 -0.131028262406404E+000 -0.133309142672114E+003
  0.100000000000000E+001  0.266617061588724E+003  0.173146288272292E+001  0.157144350810612E+001  0.839983624811011E+000  0.483638840583322E+000 -0.131028262406404E+000 -0.133308530794362E+003
  0.100000000000000E+001  0.266606324953033E+003  0.854359052373590E+000  0.514061094635571E+000  0.330679943180799E+000  0.414562554697600E+000 -0.131028262406404E+000 -0.133303162476516E+003
  0.100000000000000E+001  0.266600960119237E+003  0.325017484831961E+000  0.188585389898506E+001  0.329007849741868E+000  0.288012580918289E+000 -0.131028262406404E+000 -0.133300480059618E+003
  0.100000000000000E+001  0.266591690659908E+003  0.573104732035990E+000  0.715746528677662E+000  0.415135958153587E+000  0.193331985794657E+000 -0.131028262406404E+000 -0.133295845329954E+003
  0.100000000000000E+001  0.266589332038836E+003  0.672927938925603E+000  0.163071784553215E+001  0.487850510989499E+000  0.143250829452753E+000 -0.131028262406404E+000 -0.133294666019418E+003
  0.100000000000000E+001  0.266587879273283E+003  0.124783955095702E+001  0.914832560053599E+000  0.487233743073986E+000  0.456035254715569E+000 -0.131028262406404E+000 -0.133293939636642E+003
  0.100000000000000E+001  0.266584642447741E+003  0.835187870881989E+000  0.561043399815100E+000  0.767905420082889E+000  0.125021240895889E+000 -0.131028262406404E+000 -0.133292321223870E+003
  0.100000000000000E+001  0.266579968027460E+003  0.192166677087963E+001  0.187668933728526E+001  0.638606523086470E+000  0.497291995308788E+000 -0.131028262406404E+000 -0.133289984013730E+003
  0.100000000000000E+001  0.266576201279256E+003  0.537263844993802E+000  0.507891832098613E+000  0.111270728495294E-002  0.314883219502274E+000 -0.131028262406404E+000 -0.133288100639628E+003
  0.100000000000000E+001  0.266571884824508E+003  0.174946574862444E+001  0.126816574177904E+001  0.341800425132472E+000  0.393030605763703E+000 -0.131028262406404E+000 -0.133285942412254E+003
  0.100000000000000E+001  0.266568581695049E+003  0.158493642144132E+001  0.739372425055720E+000  0.825638326669637E-001  0.363282879246382E+000 -0.131028262406404E+000 -0.133284290847525E+003
  0.100000000000000E+001  0.266567034774289E+003  0.229378932540946E+000  0.157912520845496E+001  0.456005858766405E+000  0.434723808246113E+000 -0.131028262406404E+000 -0.133283517387144E+003
  0.100000000000000E+001  0.266566937942040E+003  0.315755295880689E+000  0.109110395218932E+001  0.676087860129064E-001  0.405825237435966E+000 -0.131028262406404E+000 -0.133283468971020E+003
  0.100000000000000E+001  0.266564071459066E+003  0.621565308022278E+000  0.896067590757472E+000  0.644158965559097E+000  0.171260329199747E+000 -0.131028262406404E+000 -0.133282035729533E+003
  0.100000000000000E+001  0.266559228979377E+003  0.252025468875024E+000  0.191454562405873E+001  0.165736535098894E+000  0.381360923206412E+000 -0.131028262406404E+000 -0.133279614489688E+003
  0.100000000000000E+001  0.266553862133405E+003  0.488505721744619E+000  0.113953793564836E+001  0.647634613952887E+000  0.217489371022211E+000 -0.131028262406404E+000 -0.133276931066703E+003
  0.100000000000000E+001  0.266552435240807E+003  0.572215616745339E+000  0.145505143753836E+001  0.368864778288029E+000  0.175478148694798E+000 -0.131028262406404E+000 -0.133276217620404E+003
  0.100000000000000E+001  0.266550634094722E+003  0.804981254970044E+000  0.130605757987937E+001  0.350716319396734E+000  0.125214530862020E+000 -0.131028262406404E+000 -0.133275317047361E+003
  0.100000000000000E+001  0.266547192844895E+003  0.501607551443185E+000  0.707245525628967E+000  0.931306137922866E-001  0.256876579155500E+000 -0.131028262406404E+000 -0.133273596422448E+003
  0.100000000000000E+001  0.266543111794221E+003  0.574377102747155E+000  0.144725961701560E+001  0.357051305016165E+000  0.176234968712611E+000 -0.131028262406404E+000 -0.133271555897110E+003
  0.100000000000000E+001  0.266540401091914E+003  0.338981990333176E+000  0.152567406404081E+001  0.921465191384588E+000  0.300211393049403E+000 -0.131028262406404E+000 -0.133270200545957E+003
  0.100000000000000E+001  0.266536011989624E+003  0.635246472420928E+000  0.107032671224564E+001  0.219073384534921E+000  0.166422926812099E+000 -0.131028262406404E+000 -0.133268005994812E+003
  0.100000000000000E+001  0.266531329690984E+003  0.329163448309583E+000  0.162640303071406E+001  0.599934670680835E+000  0.306054329445869E+000 -0.131028262406404E+000 -0.133265664845492E+003
  0.100000000000000E+001  0.266529097235458E+003  0.184044815130079E+001  0.804125525779589E+000  0.868410385997622E+000  0.326662679456483E+000 -0.131028262406404E+000 -0.133264548617729E+003
  0.100000000000000E+001  0.266526475462261E+003  0.172111725651955E+001  0.153356360201237E+001  0.545526039875292E+000  0.466420919843478E+000 -0.131028262406404E+000 -0.133263237731130E+003
  0.100000000000000E+001  0.266525862366161E+003  0.142896269568976E+001  0.125663978130288E+001  0.212733018823087E+000  0.498146048237076E+000 -0.131028262406404E+000 -0.133262931183081E+003
  0.100000000000000E+001  0.266525560067856E+003  0.251478231887154E+000  0.129107336486398E+001  0.667969184711529E+000  0.483695638010611E+000 -0.131028262406404E+000 -0.133262780033928E+003
  0.100000000000000E+001  0.266520174758617E+003  0.775276155557051E+000  0.670040666836641E+000  0.253417987475730E+000  0.450250959524162E+000 -0.131028262406404E+000 -0.133260087379309E+003
  0.100000000000000E+001  0.266514960991624E+003  0.664221204415956E+000  0.515070589991090E+000  0.323295645134612E+000  0.379102588941228E+000 -0.131028262406404E+000 -0.133257480495812E+003
  0.100000000000000E+001  0.266507309410288E+003  0.502083128495339E+000  0.143295540321021E+001  0.556457720823229E+000  0.208532270443874E+000 -0.131028262406404E+000 -0.133253654705144E+003
  0.100000000000000E+001  0.266506649415935E+003  0.166461245849563E+001  0.866426336983888E+000  0.987941524536217E+000  0.358128707590520E+000 -0.131028262406404E+000 -0.133253324707967E+003
  0.100000000000000E+001  0.266506179324378E+003  0.231596426628271E+000  0.198592540464592E+001  0.181824629830200E-001  0.433743919354338E+000 -0.131028262406404E+000 -0.133253089662189E+003
  0.100000000000000E+001  0.266494932400293E+003  0.643107636074925E+000  0.193907853395270E+001  0.602366339676713E-001  0.160009511210491E+000 -0.131028262406404E+000 -0.133247466200147E+003
  0.100000000000000E+001  0.266493749897098E+003  0.598863725845794E+000  0.106562467730931E+001  0.292201408774317E+000  0.184677365357491E+000 -0.131028262406404E+000 -0.133246874948549E+003
  0.100000000000000E+001  0.266485226598833E+003  0.195050435788957E+001  0.605154142999133E+000  0.944636171730404E+000  0.300598260141655E+000 -0.131028262406404E+000 -0.133242613299417E+003
  0.100000000000000E+001  0.266484937451331E+003  0.933236410612942E+000  0.121607755026793E+001  0.163665240941296E+000  0.113942745403545E+000 -0.131028262406404E+000 -0.133242468725666E+003
  0.100000000000000E+001  0.266483754221404E+003  0.827917306887225E+000  0.139303292543234E+001  0.333331872220349E+000  0.127716962107937E+000 -0.131028262406404E+000 -0.133241877110702E+003
  0.100000000000000E+001  0.266477110637050E+003  0.315368193522631E+000  0.150884748849709E+001  0.914618315425080E+000  0.341489541885344E+000 -0.131028262406404E+000 -0.133238555318525E+003
  0.100000000000000E+001  0.266473409327199E+003  0.135491100001512E+001  0.974372472222153E+000  0.868081979133998E+000  0.435063466233253E+000 -0.131028262406404E+000 -0.133236704663600E+003
  0.100000000000000E+001  0.266470312140734E+003  0.258080865727683E+000  0.133332468893806E+001  0.170632258857589E+000  0.473689497902095E+000 -0.131028262406404E+000 -0.133235156070367E+003
  0.100000000000000E+001  0.266466169162124E+003  0.684588963277608E+000  0.714839076695328E+000  0.755433564405275E-001  0.455697231856577E+000 -0.131028262406404E+000 -0.133233084581062E+003
  0.100000000000000E+001  0.266465939931752E+003  0.838604733199691E+000  0.193696447299838E+001  0.224121967047458E+000  0.125894980268107E+000 -0.131028262406404E+000 -0.133232969965876E+003
  0.100000000000000E+001  0.266462574121502E+003  0.313115819040746E+000  0.196376791872682E+001  0.466509695787913E+000  0.330687173363903E+000 -0.131028262406404E+000 -0.133231287060751E+003
  0.100000000000000E+001  0.266456653265689E+003  0.309126887462241E+000  0.159958696294682E+001  0.358547502771354E+000  0.346449320086480E+000 -0.131028262406404E+000 -0.133228326632844E+003
  0.100000000000000E+001  0.266454386634250E+003  0.294359613288777E+000  0.127484758255954E+001  0.845893068493979E+000  0.424345269308193E+000 -0.131028262406404E+000 -0.133227193317125E+003
  0.100000000000000E+001  0.266451930158132E+003  0.480200234908223E+000  0.188069168297879E+001  0.154783656887402E-001  0.219873268087240E+000 -0.131028262406404E+000 -0.133225965079066E+003
  0.100000000000000E+001  0.266449480422061E+003  0.423718101152426E+000  0.168937853098820E+001  0.676129357987773E+000  0.251351433209228E+000 -0.131028262406404E+000 -0.133224740211031E+003
  0.100000000000000E+001  0.266445375954140E+003  0.162285451029689E+001  0.961606117868298E+000  0.394473248610542E+000  0.372046428585234E+000 -0.131028262406404E+000 -0.133222687977070E+003
  0.100000000000000E+001  0.266432302170526E+003  0.146898418290786E+001  0.641204912399185E+000  0.857759358428222E+000  0.360780217146414E+000 -0.131028262406404E+000 -0.133216151085263E+003
  0.100000000000000E+001  0.266427733757180E+003  0.168775924682155E+001  0.151083941694627E+001  0.559073185034770E+000  0.466174017160965E+000 -0.131028262406404E+000 -0.133213866878590E+003
  0.100000000000000E+001  0.266426997301845E+003  0.818942820946194E+000  0.602116937002435E+000  0.906716034584945E+000  0.412234172486675E+000 -0.131028262406404E+000 -0.133213498650923E+003
  0.100000000000000E+001  0.266425546507761E+003  0.537954421804205E+000  0.847381123613435E+000  0.292077769416653E+000  0.243538796678183E+000 -0.131028262406404E+000 -0.133212773253881E+003
  0.100000000000000E+001  0.266421519481280E+003  0.967507818691519E+000  0.111914562342029E+001  0.210452147221484E+000  0.116034555681458E+000 -0.131028262406404E+000 -0.133210759740640E+003
  0.100000000000000E+001  0.266421148815026E+003  0.182076972396659E+001  0.503623923331310E+000  0.414187155620601E+000  0.307400257611236E+000 -0.131028262406404E+000 -0.133210574407513E+003
  0.100000000000000E+001  0.266418731799132E+003  0.310013286832641E+000  0.153890237607362E+001  0.967156085067988E+000  0.360520640582439E+000 -0.131028262406404E+000 -0.133209365899566E+003
  0.100000000000000E+001  0.266418208677170E+003  0.880369879503355E+000  0.164659462275923E+001  0.473270550599463E+000  0.124912256540387E+000 -0.131028262406404E+000 -0.133209104338585E+003
  0.100000000000000E+001  0.266415377809347E+003  0.571792306994748E+000  0.172943529620752E+001  0.522069434967754E+000  0.191327029751023E+000 -0.131028262406404E+000 -0.133207688904673E+003
  0.100000000000000E+001  0.266411639212284E+003  0.923298716544911E+000  0.517463853561717E+000  0.219195693634799E+000  0.387045450422932E+000 -0.131028262406404E+000 -0.133205819606142E+003
  0.100000000000000E+001  0.266407363771840E+003  0.744779791818103E+000  0.117526230172854E+001  0.338814291468106E+000  0.153841971774395E+000 -0.131028262406404E+000 -0.133203681885920E+003
  0.100000000000000E+001  0.266402876564867E+003  0.507537786821930E+000  0.784419100458269E+000  0.104602080216430E+000  0.404143062001442E+000 -0.131028262406404E+000 -0.133201438282434E+003
  0.100000000000000E+001  0.266401624947359E+003  0.119762297428322E+001  0.894597281022979E+000  0.255341983169589E+000  0.446104482704006E+000 -0.131028262406404E+000 -0.133200812473680E+003
  0.100000000000000E+001  0.266399394966175E+003  0.635964855464700E+000  0.676962143534139E+000  0.286297547011833E+000  0.411820294597104E+000 -0.131028262406404E+000 -0.133199697483088E+003
  0.100000000000000E+001  0.266398345941795E+003  0.665320833039254E+000  0.591773660674305E+000  0.708903566105863E+000  0.205661547276185E+000 -0.131028262406404E+000 -0.133199172970897E+003
  0.100000000000000E+001  0.266397135879171E+003  0.744941480830639E+000  0.121311497861187E+001  0.654599583419898E+000  0.154432688971934E+000 -0.131028262406404E+000 -0.133198567939586E+003
  0.100000000000000E+001  0.266397126815963E+003  0.100615305324070E+001  0.833186357733220E+000  0.537155223138300E+000  0.115969200731856E+000 -0.131028262406404E+000 -0.133198563407982E+003
  0.100000000000000E+001  0.266392781996166E+003  0.101608061994521E+001  0.192783168110426E+001  0.535952574407440E+000  0.109891398407602E+000 -0.131028262406404E+000 -0.133196390998083E+003
  0.100000000000000E+001  0.266391649704658E+003  0.581462821878939E+000  0.811589805532377E+000  0.320060847245006E+000  0.472590689346262E+000 -0.131028262406404E+000 -0.133195824852329E+003
  0.100000000000000E+001  0.266390981062987E+003  0.356888476644640E+000  0.117358075983762E+001  0.736231729598233E+000  0.377629517356962E+000 -0.131028262406404E+000 -0.133195490531494E+003
  0.100000000000000E+001  0.266387964168191E+003  0.600987004504283E+000  0.600595550554326E+000  0.629556886545103E+000  0.258781053749416E+000 -0.131028262406404E+000 -0.133193982084096E+003
  0.100000000000000E+001  0.266385620866402E+003  0.187419210270746E+001  0.162861428846179E+001  0.989378694381263E+000  0.416174046266877E+000 -0.131028262406404E+000 -0.133192810433201E+003
  0.100000000000000E+001  0.266376460971251E+003  0.504155159709238E+000  0.182261090806073E+001  0.989770101171384E+000  0.221531969393647E+000 -0.131028262406404E+000 -0.133188230485625E+003
  0.100000000000000E+001  0.266375191497152E+003  0.592946084845582E+000  0.133645278608055E+001  0.641096119225991E+000  0.196928676687554E+000 -0.131028262406404E+000 -0.133187595748576E+003
  0.100000000000000E+001  0.266374579416746E+003  0.484676882969869E+000  0.152441480752347E+001  0.384676094095059E+000  0.236409666620023E+000 -0.131028262406404E+000 -0.133187289708373E+003
  0.100000000000000E+001  0.266369718304693E+003  0.895648916670608E+000  0.504487933113204E+000  0.710480905718687E+000  0.376752223371289E+000 -0.131028262406404E+000 -0.133184859152346E+003
  0.100000000000000E+001  0.266366634610504E+003  0.508448734908128E+000  0.199323987482639E+001  0.127334478003861E+000  0.220590587774919E+000 -0.131028262406404E+000 -0.133183317305252E+003
  0.100000000000000E+001  0.266362006980771E+003  0.635933215239982E+000  0.943499141524101E+000  0.832080110443762E+000  0.199109010533883E+000 -0.131028262406404E+000 -0.133181003490386E+003
  0.100000000000000E+001  0.266360299920612E+003  0.339834038434642E+000  0.190610517390670E+001  0.507540164995968E+000  0.327316850704108E+000 -0.131028262406404E+000 -0.133180149960306E+003
  0.100000000000000E+001  0.266356051324321E+003  0.641746884469802E+000  0.558879288939098E+000  0.994209081886764E+000  0.331036999223378E+000 -0.131028262406404E+000 -0.133178025662161E+003
  0.100000000000000E+001  0.266355818881578E+003  0.892996730926123E+000  0.635815655701195E+000  0.756343052088935E+000  0.411453615419410E+000 -0.131028262406404E+000 -0.133177909440789E+003
  0.100000000000000E+001  0.266353316226932E+003  0.175652625757684E+001  0.154396905835609E+001  0.656289535302408E+000  0.438617053441452E+000 -0.131028262406404E+000 -0.133176658113466E+003
  0.100000000000000E+001  0.266351602625581E+003  0.109200378345862E+001  0.150295023325830E+001  0.455940896031139E+000  0.106203042334084E+000 -0.131028262406404E+000 -0.133175801312790E+003
  0.100000000000000E+001  0.266351278701564E+003  0.449470523812403E+000  0.950485019800205E+000  0.884937300650762E-001  0.345280354541345E+000 -0.131028262406404E+000 -0.133175639350782E+003
  0.100000000000000E+001  0.266349705817504E+003  0.116730900367180E+001  0.593574751860663E+000  0.365758049831272E+000  0.382455573346426E+000 -0.131028262406404E+000 -0.133174852908752E+003
  0.100000000000000E+001  0.266349658320913E+003  0.746157146399492E+000  0.522697769302956E+000  0.396256897158783E+000  0.187202679880469E+000 -0.131028262406404E+000 -0.133174829160457E+003
  0.100000000000000E+001  0.266348680979952E+003  0.186191906029575E+001  0.118645292822706E+001  0.892932028263936E+000  0.342164819047327E+000 -0.131028262406404E+000 -0.133174340489976E+003
  0.100000000000000E+001  0.266344765397616E+003  0.471008128116428E+000  0.915405065846547E+000  0.162952191903068E+000  0.475251920921194E+000 -0.131028262406404E+000 -0.133172382698808E+003
  0.100000000000000E+001  0.266342373041980E+003  0.544326023562008E+000  0.142006689089255E+001  0.108113894073118E+000  0.218131271335121E+000 -0.131028262406404E+000 -0.133171186520990E+003
  0.100000000000000E+001  0.266339164303296E+003  0.444835545818094E+000  0.128336751784397E+001  0.104516564452521E+000  0.280691417156064E+000 -0.131028262406404E+000 -0.133169582151648E+003
  0.100000000000000E+001  0.266338995399967E+003  0.803063496730756E+000  0.737483597787397E+000  0.988417081679073E+000  0.445189452123479E+000 -0.131028262406404E+000 -0.133169497699984E+003
  0.100000000000000E+001  0.266338281061579E+003  0.257094017195138E+000  0.146340217385788E+001  0.289879522205861E+000  0.484585134483523E+000 -0.131028262406404E+000 -0.133169140530789E+003
  0.100000000000000E+001  0.266337960080377E+003  0.107965348497786E+001  0.704314622211691E+000  0.276035918354175E+000  0.413167834470289E+000 -0.131028262406404E+000 -0.133168980040188E+003
  0.100000000000000E+001  0.266334894754621E+003  0.620786055398029E+000  0.132516027770223E+001  0.874065292920283E-001  0.193814608517992E+000 -0.131028262406404E+000 -0.133167447377311E+003
  0.100000000000000E+001  0.266333300082498E+003  0.302382452702691E+000  0.170505775282601E+001  0.546230772347216E+000  0.378865781407659E+000 -0.131028262406404E+000 -0.133166650041249E+003
  0.100000000000000E+001  0.266333236375604E+003  0.675177418257572E+000  0.147816112082348E+001  0.256171334475221E+000  0.174945639063801E+000 -0.131028262406404E+000 -0.133166618187802E+003
  0.100000000000000E+001  0.266332497251906E+003  0.622090422206858E+000  0.108686400642805E+001  0.947095667888213E+000  0.202344152977090E+000 -0.131028262406404E+000 -0.133166248625953E+003
  0.100000000000000E+001  0.266330561578005E+003  0.124851441447149E+001  0.101063233055758E+001  0.538141013566232E-001  0.459238734464452E+000 -0.131028262406404E+000 -0.133165280789002E+003
  0.100000000000000E+001  0.266323754119426E+003  0.193450512319506E+001  0.165159389834749E+001  0.250261827993376E+000  0.394515803438050E+000 -0.131028262406404E+000 -0.133161877059713E+003
  0.100000000000000E+001  0.266322955406062E+003  0.647357190547481E+000  0.577576529511189E+000  0.645677167522838E+000  0.250763286264826E+000 -0.131028262406404E+000 -0.133161477703031E+003
  0.100000000000000E+001  0.266316523888636E+003  0.709487509031668E+000  0.509399243144285E+000  0.633638697807267E+000  0.217254553624708E+000 -0.131028262406404E+000 -0.133158261944318E+003
  0.100000000000000E+001  0.266314656286254E+003  0.468214557376345E+000  0.120007631482744E+001  0.110036865415668E+000  0.278252851986878E+000 -0.131028262406404E+000 -0.133157328143127E+003
  0.100000000000000E+001  0.266312729024871E+003  0.997381366360879E+000  0.536792574556817E+000  0.233875916620568E-001  0.376948569097257E+000 -0.131028262406404E+000 -0.133156364512435E+003
  0.100000000000000E+001  0.266311570682345E+003  0.126549237278983E+001  0.110545003450697E+001  0.669075357118023E+000  0.483543745746453E+000 -0.131028262406404E+000 -0.133155785341173E+003
  0.100000000000000E+001  0.266310458502672E+003  0.408463377661345E+000  0.191817341985173E+001  0.220685552987390E+000  0.283152810127483E+000 -0.131028262406404E+000 -0.133155229251336E+003
  0.100000000000000E+001  0.266309107053843E+003  0.508143046271028E+000  0.834939853206697E+000  0.712559217823228E+000  0.361963776337264E+000 -0.131028262406404E+000 -0.133154553526921E+003
  0.100000000000000E+001  0.266305715665750E+003  0.771849653131106E+000  0.636863371059196E+000  0.587810973219760E-001  0.178859490293969E+000 -0.131028262406404E+000 -0.133152857832875E+003
  0.100000000000000E+001  0.266303459402992E+003  0.108420992698127E+001  0.149712766255939E+001  0.548770635008300E-001  0.110768931273600E+000 -0.131028262406404E+000 -0.133151729701496E+003
  0.100000000000000E+001  0.266297377172339E+003  0.368042552242372E+000  0.153378122230543E+001  0.662287204544799E+000  0.330316898528250E+000 -0.131028262406404E+000 -0.133148688586170E+003
  0.100000000000000E+001  0.266293327587662E+003  0.599093904709508E+000  0.154052136540684E+001  0.892538542782440E+000  0.201955658742709E+000 -0.131028262406404E+000 -0.133146663793831E+003
  0.100000000000000E+001  0.266292454967155E+003  0.109445185322817E+001  0.866533521585963E+000  0.100001792096379E+000  0.114690048629088E+000 -0.131028262406404E+000 -0.133146227483578E+003
  0.100000000000000E+001  0.266291624151508E+003  0.102858206203778E+001  0.118931031979149E+001  0.758785957182189E+000  0.119634305588143E+000 -0.131028262406404E+000 -0.133145812075754E+003
  0.100000000000000E+001  0.266289487941920E+003  0.285823738939037E+000  0.141895601871561E+001  0.340441178734994E+000  0.458442014750451E+000 -0.131028262406404E+000 -0.133144743970960E+003
  0.100000000000000E+001  0.266283711700750E+003  0.109291946449195E+001  0.168488329088626E+001  0.869280840980727E+000  0.110851825025872E+000 -0.131028262406404E+000 -0.133141855850375E+003
  0.100000000000000E+001  0.266281295975356E+003  0.478600036198029E+000  0.910485655324856E+000  0.162017138385750E-001  0.395437507177075E+000 -0.131028262406404E+000 -0.133140647987678E+003
  0.100000000000000E+001  0.266280776942521E+003  0.101626214275899E+001  0.133453251128778E+001  0.906245334228061E+000  0.121048548853080E+000 -0.131028262406404E+000 -0.133140388471261E+003
  0.100000000000000E+001  0.266276692383193E+003  0.566452112580034E+000  0.132143488723294E+001  0.745357369152151E+000  0.223449793541933E+000 -0.131028262406404E+000 -0.133138346191596E+003
  0.100000000000000E+001  0.266272513619238E+003  0.642630235075659E+000  0.777421647608207E+000  0.537791350680878E+000  0.230037665006072E+000 -0.131028262406404E+000 -0.133136256809619E+003
  0.100000000000000E+001  0.266271754254634E+003  0.101002268068409E+001  0.919671382315354E+000  0.108743443487007E+000  0.126559533156956E+000 -0.131028262406404E+000 -0.133135877127317E+003
  0.100000000000000E+001  0.266269014390358E+003  0.650096247296042E+000  0.793893523678562E+000  0.436080285419970E+000  0.224701396686925E+000 -0.131028262406404E+000 -0.133134507195179E+003
  0.100000000000000E+001  0.266267507362478E+003  0.938404955327408E+000  0.128764097039151E+001  0.861184412467776E+000  0.133004884774478E+000 -0.131028262406404E+000 -0.133133753681239E+003
  0.100000000000000E+001  0.266266727751924E+003  0.765593767168552E+000  0.864275627056559E+000  0.647639052967629E+000  0.176113096704459E+000 -0.131028262406404E+000 -0.133133363875962E+003
  0.100000000000000E+001  0.266264377188312E+003  0.143514491337482E+001  0.127598152534718E+001  0.268038881406875E+000  0.479406617228323E+000 -0.131028262406404E+000 -0.133132188594156E+003
  0.100000000000000E+001  0.266262075341309E+003  0.669264128407175E+000  0.175614537311339E+001  0.512636665518089E+000  0.182196235579079E+000 -0.131028262406404E+000 -0.133131037670655E+003
  0.100000000000000E+001  0.266257607194500E+003  0.996601857130304E+000  0.837468224980508E+000  0.309612457112541E+000  0.451865331041389E+000 -0.131028262406404E+000 -0.133128803597250E+003
  0.100000000000000E+001  0.266251392507468E+003  0.101398478606191E+001  0.788268846074418E+000  0.327635573429251E+000  0.129951697600427E+000 -0.131028262406404E+000 -0.133125696253734E+003
  0.100000000000000E+001  0.266250356972493E+003  0.146440117478957E+001  0.764461946205452E+000  0.369969802827783E+000  0.361863989781320E+000 -0.131028262406404E+000 -0.133125178486247E+003
  0.100000000000000E+001  0.266246441665816E+003  0.609883728262639E+000  0.100807446000046E+001  0.349736929502037E+000  0.228857681991613E+000 -0.131028262406404E+000 -0.133123220832908E+003
  0.100000000000000E+001  0.266246053982626E+003  0.839947444757984E+000  0.106769231142026E+001  0.204940638520869E+000  0.155290726745367E+000 -0.131028262406404E+000 -0.133123026991313E+003
  0.100000000000000E+001  0.266242633429060E+003  0.435913228715044E+000  0.102444661532789E+001  0.968881416029008E+000  0.402187486028458E+000 -0.131028262406404E+000 -0.133121316714530E+003
  0.100000000000000E+001  0.266238665179175E+003  0.128995675682781E+001  0.859228219832909E+000  0.447383068459974E-001  0.100229881760992E+000 -0.131028262406404E+000 -0.133119332589588E+003
  0.100000000000000E+001  0.266236394871626E+003  0.106184622055982E+001  0.918436559035827E+000  0.704680225039667E+000  0.465069086999238E+000 -0.131028262406404E+000 -0.133118197435813E+003
  0.100000000000000E+001  0.266231436818304E+003  0.109109285201618E+001  0.734406983819364E+000  0.431940395670556E+000  0.407014286656074E+000 -0.131028262406404E+000 -0.133115718409152E+003
  0.100000000000000E+001  0.266226356755349E+003  0.184784545469282E+001  0.606762000828983E+000  0.568934029649668E+000  0.297098809490384E+000 -0.131028262406404E+000 -0.133113178377675E+003
  0.100000000000000E+001  0.266222533939116E+003  0.149979964480630E+001  0.127637009974028E+001  0.650012778283062E+000  0.449638168002093E+000 -0.131028262406404E+000 -0.133111266969558E+003
  0.100000000000000E+001  0.266221328058724E+003  0.677437995436212E+000  0.658783437032795E+000  0.738376161759808E+000  0.246189928705060E+000 -0.131028262406404E+000 -0.133110664029362E+003
  0.100000000000000E+001  0.266220884066799E+003  0.845282137630525E+000  0.116613356271009E+001  0.602401072230301E+000  0.155288570622226E+000 -0.131028262406404E+000 -0.133110442033400E+003
  0.100000000000000E+001  0.266217587736523E+003  0.771924705422976E+000  0.189726842046040E+001  0.506143711952789E-002  0.162602625546685E+000 -0.131028262406404E+000 -0.133108793868262E+003
  0.100000000000000E+001  0.266215942879193E+003  0.948442706624276E+000  0.120778263115710E+001  0.471494667301665E+000  0.137420241745505E+000 -0.131028262406404E+000 -0.133107971439596E+003
  0.100000000000000E+001  0.266213423164184E+003  0.107669550642407E+001  0.160550993993028E+001  0.662366295365730E+000  0.118382326957931E+000 -0.131028262406404E+000 -0.133106711582092E+003
  0.100000000000000E+001  0.266205748343149E+003  0.158647230409168E+001  0.820648099960861E+000  0.446494483485097E-001  0.346171564235620E+000 -0.131028262406404E+000 -0.133102874171575E+003
  0.100000000000000E+001  0.266205344437165E+003  0.805343853971103E+000  0.110334431598306E+001  0.852807584953381E-001  0.166983356807818E+000 -0.131028262406404E+000 -0.133102672218582E+003
  0.100000000000000E+001  0.266202924948289E+003  0.255860195859451E+000  0.189285398529444E+001  0.231784621159201E+000  0.478485270224145E+000 -0.131028262406404E+000 -0.133101462474144E+003
  0.100000000000000E+001  0.266202436549806E+003  0.917532070238287E+000  0.815549012138915E+000  0.608493944948905E+000  0.151186660211610E+000 -0.131028262406404E+000 -0.133101218274903E+003
  0.100000000000000E+001  0.266202417928259E+003  0.898573368628479E+000  0.807473720943566E+000  0.836828012669469E+000  0.155206861382598E+000 -0.131028262406404E+000 -0.133101208964130E+003
  0.100000000000000E+001  0.266201474431690E+003  0.176696895478439E+001  0.982691217762549E+000  0.928497227538377E+000  0.331697213785182E+000 -0.131028262406404E+000 -0.133100737215845E+003
  0.100000000000000E+001  0.266199483698951E+003  0.485919385679448E+000  0.175975595526897E+001  0.865088646870656E+000  0.259169408953836E+000 -0.131028262406404E+000 -0.133099741849476E+003
  0.100000000000000E+001  0.266190851972591E+003  0.154435326140251E+001  0.116330159040936E+001  0.406784235433558E+000  0.403722081595416E+000 -0.131028262406404E+000 -0.133095425986295E+003
  0.100000000000000E+001  0.266189386284317E+003  0.338577296613810E+000  0.129454001194227E+001  0.523107913144971E+000  0.447289660737109E+000 -0.131028262406404E+000 -0.133094693142159E+003
  0.100000000000000E+001  0.266188454413082E+003  0.144513275760547E+001  0.106221177128829E+001  0.509108429764597E+000  0.408632848333690E+000 -0.131028262406404E+000 -0.133094227206541E+003
  0.100000000000000E+001  0.266187920689384E+003  0.454951511027270E+000  0.101630584412151E+001  0.391169896870439E+000  0.487710696410102E+000 -0.131028262406404E+000 -0.133093960344692E+003
  0.100000000000000E+001  0.266187845322414E+003  0.771075974477883E+000  0.150696444316224E+001  0.474670047053265E+000  0.169096536215340E+000 -0.131028262406404E+000 -0.133093922661207E+003
  0.100000000000000E+001  0.266186411444390E+003  0.146585131450517E+001  0.126926749735105E+001  0.309881586089226E+000  0.457102039495051E+000 -0.131028262406404E+000 -0.133093205722195E+003
  0.100000000000000E+001  0.266186282842250E+003  0.194974716150481E+001  0.187722426645093E+001  0.592423762179387E+000  0.447074687172183E+000 -0.131028262406404E+000 -0.133093141421125E+003
  0.100000000000000E+001  0.266181190077950E+003  0.620011240401270E+000  0.789929578664548E+000  0.957855483138619E+000  0.278363913187552E+000 -0.131028262406404E+000 -0.133090595038975E+003
  0.100000000000000E+001  0.266174064426759E+003  0.939496508561052E+000  0.112112433198865E+001  0.759285982123901E+000  0.144326275189008E+000 -0.131028262406404E+000 -0.133087032213380E+003
  0.100000000000000E+001  0.266173817208452E+003  0.118868341784856E+001  0.542074516494389E+000  0.535977508098705E+000  0.118899161297753E+000 -0.131028262406404E+000 -0.133086908604226E+003
  0.100000000000000E+001  0.266171849142017E+003  0.967700217908000E+000  0.196150984228805E+001  0.418022439455031E+000  0.134260625470503E+000 -0.131028262406404E+000 -0.133085924571008E+003
  0.100000000000000E+001  0.266170776537028E+003  0.770147729551686E+000  0.169968862881576E+001  0.524274359771161E+000  0.169166193702537E+000 -0.131028262406404E+000 -0.133085388268514E+003
  0.100000000000000E+001  0.266170007500268E+003  0.614957152754230E+000  0.900614406386916E+000  0.595902857690389E+000  0.479241714769131E+000 -0.131028262406404E+000 -0.133085003750134E+003
  0.100000000000000E+001  0.266167951225454E+003  0.458757922479723E+000  0.174844984679645E+001  0.184776433710258E+000  0.279755847517639E+000 -0.131028262406404E+000 -0.133083975612727E+003
  0.100000000000000E+001  0.266166033741074E+003  0.112994747001644E+001  0.175780893686987E+001  0.261506862372236E+000  0.116068829328810E+000 -0.131028262406404E+000 -0.133083016870537E+003
  0.100000000000000E+001  0.266164574465836E+003  0.957254535208918E+000  0.952809616813453E+000  0.187978394091285E-001  0.145358041672182E+000 -0.131028262406404E+000 -0.133082287232918E+003
  0.100000000000000E+001  0.266163736379489E+003  0.611890442222275E+000  0.177500390222629E+001  0.790578649511101E+000  0.211934062883735E+000 -0.131028262406404E+000 -0.133081868189744E+003
  0.100000000000000E+001  0.266154736092763E+003  0.789244950338986E+000  0.693344587274273E+000  0.676910814330310E+000  0.199050108140523E+000 -0.131028262406404E+000 -0.133077368046381E+003
  0.100000000000000E+001  0.266150774369038E+003  0.130249314022579E+001  0.104558877664696E+001  0.831780848927194E+000  0.438127778548898E+000 -0.131028262406404E+000 -0.133075387184519E+003
  0.100000000000000E+001  0.266149849205668E+003  0.101659718257968E+001  0.179438534910755E+001  0.993142580602454E+000  0.130119231337683E+000 -0.131028262406404E+000 -0.133074924602834E+003
  0.100000000000000E+001  0.266148883913601E+003  0.650752388227129E+000  0.811131415444115E+000  0.383366983255787E-001  0.257980114775443E+000 -0.131028262406404E+000 -0.133074441956801E+003
  0.100000000000000E+001  0.266144935296674E+003  0.165849007984661E+001  0.148792609535975E+001  0.526138845294007E+000  0.446341098975455E+000 -0.131028262406404E+000 -0.133072467648337E+003
  0.100000000000000E+001  0.266139197777431E+003  0.725875636241819E+000  0.113319706462370E+001  0.876563718050129E+000  0.196286148638768E+000 -0.131028262406404E+000 -0.133069598888716E+003
  0.100000000000000E+001  0.266138392827865E+003  0.109311293359541E+001  0.628684762606813E+000  0.807724016217385E+000  0.133584825795502E+000 -0.131028262406404E+000 -0.133069196413933E+003
  0.100000000000000E+001  0.266135066235242E+003  0.804101130849870E+000  0.831309270630481E+000  0.168147297824286E+000  0.187957765665271E+000 -0.131028262406404E+000 -0.133067533117621E+003
  0.100000000000000E+001  0.266131100853962E+003  0.281546816056067E+000  0.191321536832271E+001  0.469493994532026E+000  0.454658389221766E+000 -0.131028262406404E+000 -0.133065550426981E+003
  0.100000000000000E+001  0.266129414550730E+003  0.101819413150097E+001  0.912155519606129E+000  0.998948558010579E+000  0.140156761397139E+000 -0.131028262406404E+000 -0.133064707275365E+003
  0.100000000000000E+001  0.266127119655873E+003  0.113123659063473E+001  0.892574514282131E+000  0.262768542623972E+000  0.431020126725860E+000 -0.131028262406404E+000 -0.133063559827936E+003
  0.100000000000000E+001  0.266126636289152E+003  0.173210819193852E+001  0.965365275117146E+000  0.622551204261709E-001  0.331092750208807E+000 -0.131028262406404E+000 -0.133063318144576E+003
  0.100000000000000E+001  0.266126086238505E+003  0.653243743954613E+000  0.836721387590743E+000  0.916608616054268E+000  0.258426249467952E+000 -0.131028262406404E+000 -0.133063043119253E+003
  0.100000000000000E+001  0.266122571213181E+003  0.146769314392165E+001  0.116642002378941E+001  0.540288224192660E+000  0.420745417029440E+000 -0.131028262406404E+000 -0.133061285606590E+003
  0.100000000000000E+001  0.266121357446986E+003  0.326905550994045E+000  0.182483861649739E+001  0.215046881472573E+000  0.395936214921131E+000 -0.131028262406404E+000 -0.133060678723493E+003
  0.100000000000000E+001  0.266119497499346E+003  0.102189135260590E+001  0.133784667223855E+001  0.111246460640512E+000  0.134850911899758E+000 -0.131028262406404E+000 -0.133059748749673E+003
  0.100000000000000E+001  0.266114577849503E+003  0.421483509422817E+000  0.120175275129986E+001  0.575000494167479E+000  0.386398846927347E+000 -0.131028262406404E+000 -0.133057288924752E+003
  0.100000000000000E+001  0.266114243013349E+003  0.173749190081502E+001  0.986270630613232E+000  0.388907981734691E+000  0.331298063865147E+000 -0.131028262406404E+000 -0.133057121506675E+003
  0.100000000000000E+001  0.266102247580248E+003  0.617519726392775E+000  0.827060005431792E+000  0.749744378552916E+000  0.374406172772548E+000 -0.131028262406404E+000 -0.133051123790124E+003
  0.100000000000000E+001  0.266101148135151E+003  0.653622415444098E+000  0.762072071194327E+000  0.877984285340890E+000  0.339198698536240E+000 -0.131028262406404E+000 -0.133050574067575E+003
  0.100000000000000E+001  0.266099524581306E+003  0.799125322404800E+000  0.570593541026623E+000  0.979057656420201E+000  0.227795349432881E+000 -0.131028262406404E+000 -0.133049762290653E+003
  0.100000000000000E+001  0.266097846157373E+003  0.761936590233973E+000  0.715814497745255E+000  0.958061194808781E+000  0.378901482926817E+000 -0.131028262406404E+000 -0.133048923078687E+003
  0.100000000000000E+001  0.266091446710970E+003  0.180562493295400E+001  0.842865381686284E+000  0.603872692906638E+000  0.307523860694072E+000 -0.131028262406404E+000 -0.133045723355485E+003
  0.100000000000000E+001  0.266090145678218E+003  0.350090050074759E+000  0.178360338246131E+001  0.239936100380720E+000  0.378924629893938E+000 -0.131028262406404E+000 -0.133045072839109E+003
  0.100000000000000E+001  0.266089921700337E+003  0.725303522524018E+000  0.165564557685683E+001  0.422443395872960E+000  0.189656161463994E+000 -0.131028262406404E+000 -0.133044960850168E+003
  0.100000000000000E+001  0.266088927786951E+003  0.567280926208265E+000  0.167516356691577E+001  0.137975325701986E-001  0.240991550049240E+000 -0.131028262406404E+000 -0.133044463893475E+003
  0.100000000000000E+001  0.266088092846073E+003  0.872957169260640E+000  0.679860398548951E+000  0.189945739700001E+000  0.378699499380517E+000 -0.131028262406404E+000 -0.133044046423036E+003
  0.100000000000000E+001  0.266087930527875E+003  0.136798785889175E+001  0.814638499452571E+000  0.671553956117297E+000  0.369962806869069E+000 -0.131028262406404E+000 -0.133043965263938E+003
  0.100000000000000E+001  0.266087338351798E+003  0.119109534735124E+001  0.150498350060650E+001  0.540540055091315E+000  0.116978992217971E+000 -0.131028262406404E+000 -0.133043669175899E+003
  0.100000000000000E+001  0.266087211601813E+003  0.152572212777479E+001  0.104319559724706E+001  0.222648596399237E+000  0.377810973490403E+000 -0.131028262406404E+000 -0.133043605800906E+003
  0.100000000000000E+001  0.266086377234581E+003  0.731533507882654E+000  0.663769032691135E+000  0.512997354242107E+000  0.325355486174582E+000 -0.131028262406404E+000 -0.133043188617290E+003
  0.100000000000000E+001  0.266079872264461E+003  0.190910572211486E+001  0.115667059062171E+001  0.442887177867046E+000  0.314167636898058E+000 -0.131028262406404E+000 -0.133039936132230E+003
  0.100000000000000E+001  0.266079542255888E+003  0.843173891292684E+000  0.790493440367708E+000  0.356502667878607E+000  0.188260246006316E+000 -0.131028262406404E+000 -0.133039771127944E+003
  0.100000000000000E+001  0.266077696248172E+003  0.895188677787087E+000  0.147375239043575E+001  0.199632405839782E+000  0.157152633696056E+000 -0.131028262406404E+000 -0.133038848124086E+003
  0.100000000000000E+001  0.266069602362143E+003  0.812424126584323E+000  0.166416501464576E+001  0.869656925667808E+000  0.171773615922948E+000 -0.131028262406404E+000 -0.133034801181071E+003
  0.100000000000000E+001  0.266066773048005E+003  0.778106779884203E+000  0.112061218010576E+001  0.520097381022290E+000  0.192369588782397E+000 -0.131028262406404E+000 -0.133033386524002E+003
  0.100000000000000E+001  0.266065489159830E+003  0.158736994130317E+001  0.137541679377651E+001  0.427816750178389E+000  0.432377779363041E+000 -0.131028262406404E+000 -0.133032744579915E+003
  0.100000000000000E+001  0.266062419723421E+003  0.168530661577083E+001  0.137771372618190E+001  0.167743188923641E+000  0.397159491135987E+000 -0.131028262406404E+000 -0.133031209861711E+003
  0.100000000000000E+001  0.266061631562762E+003  0.616808719337371E+000  0.159907143501699E+001  0.247570543616534E+000  0.227728082616525E+000 -0.131028262406404E+000 -0.133030815781381E+003
  0.100000000000000E+001  0.266059663218279E+003  0.128461956648886E+001  0.156042361862249E+001  0.151661737523467E-001  0.110253587146805E+000 -0.131028262406404E+000 -0.133029831609140E+003
  0.100000000000000E+001  0.266057804752966E+003  0.871820107062107E+000  0.554426833984234E+000  0.421891434298016E+000  0.204520503992433E+000 -0.131028262406404E+000 -0.133028902376483E+003
  0.100000000000000E+001  0.266057719690907E+003  0.416439203505069E+000  0.147194737604456E+001  0.443250475194314E+000  0.348908855659778E+000 -0.131028262406404E+000 -0.133028859845454E+003
  0.100000000000000E+001  0.266056820335435E+003  0.940530925808157E+000  0.977512862388665E+000  0.278545280279099E+000  0.491510899418314E+000 -0.131028262406404E+000 -0.133028410167718E+003
  0.100000000000000E+001  0.266056344275454E+003  0.981665063050530E+000  0.117254016540286E+001  0.195874017683298E+000  0.149143949445879E+000 -0.131028262406404E+000 -0.133028172137727E+003
  0.100000000000000E+001  0.266053223326840E+003  0.939273470310347E+000  0.135635176420498E+001  0.976763053151534E+000  0.153639047771005E+000 -0.131028262406404E+000 -0.133026611663420E+003
  0.100000000000000E+001  0.266052463560303E+003  0.137812682714592E+001  0.160757226944009E+001  0.893256059082257E+000  0.103143091017256E+000 -0.131028262406404E+000 -0.133026231780152E+003
  0.100000000000000E+001  0.266050715247054E+003  0.945178450870437E+000  0.610953329774184E+000  0.769195667977977E+000  0.175579574638958E+000 -0.131028262406404E+000 -0.133025357623527E+003
  0.100000000000000E+001  0.266049763727302E+003  0.170586483545910E+001  0.108665362003322E+001  0.821190259791769E+000  0.343289319086481E+000 -0.131028262406404E+000 -0.133024881863651E+003
  0.100000000000000E+001  0.266049167160531E+003  0.189812131892226E+001  0.862930299537262E+000  0.664557726414145E+000  0.293405088305461E+000 -0.131028262406404E+000 -0.133024583580265E+003
  0.100000000000000E+001  0.266046961930880E+003  0.801037460634771E+000  0.664935659240891E+000  0.521644242691299E-002  0.225664732586019E+000 -0.131028262406404E+000 -0.133023480965440E+003
  0.100000000000000E+001  0.266041761986619E+003  0.677232159172938E+000  0.105835629875342E+001  0.685461016447864E+000  0.235918125769673E+000 -0.131028262406404E+000 -0.133020880993310E+003
  0.100000000000000E+001  0.266040944931261E+003  0.940373443559198E+000  0.577826227886257E+000  0.342222648502528E-001  0.181089513572920E+000 -0.131028262406404E+000 -0.133020472465631E+003
  0.100000000000000E+001  0.266039572560780E+003  0.684608332806579E+000  0.821033280879072E+000  0.405039960691508E+000  0.271732913239012E+000 -0.131028262406404E+000 -0.133019786280390E+003
  0.100000000000000E+001  0.266038335094826E+003  0.161996161953317E+001  0.140822325392201E+001  0.907084093907269E+000  0.426922660487119E+000 -0.131028262406404E+000 -0.133019167547413E+003
  0.100000000000000E+001  0.266038120148374E+003  0.761541850388757E+000  0.194618165725537E+001  0.580487151170674E+000  0.184566996439020E+000 -0.131028262406404E+000 -0.133019060074187E+003
  0.100000000000000E+001  0.266038012563809E+003  0.661913410304796E+000  0.807684822157894E+000  0.536671672028144E-001  0.310723027893514E+000 -0.131028262406404E+000 -0.133019006281905E+003
  0.100000000000000E+001  0.266034072582853E+003  0.779068972025599E+000  0.754325684103663E+000  0.572380239316738E-001  0.226214465851107E+000 -0.131028262406404E+000 -0.133017036291427E+003
  0.100000000000000E+001  0.266032339573880E+003  0.182091008190620E+001  0.795851201058645E+000  0.733306634147728E+000  0.298305595317362E+000 -0.131028262406404E+000 -0.133016169786940E+003
  0.100000000000000E+001  0.266030734295995E+003  0.126103712173110E+001  0.686308189651672E+000  0.210664159289585E+000  0.122185039498879E+000 -0.131028262406404E+000 -0.133015367147997E+003
  0.100000000000000E+001  0.266027841321064E+003  0.775497650755270E+000  0.779315157303393E+000  0.252300257194937E+000  0.226022616069951E+000 -0.131028262406404E+000 -0.133013920660532E+003
  0.100000000000000E+001  0.266027363264773E+003  0.170063774984790E+001  0.837026400856537E+000  0.279214745586449E+000  0.317443789675685E+000 -0.131028262406404E+000 -0.133013681632387E+003
  0.100000000000000E+001  0.266024616262727E+003  0.457337541381053E+000  0.135707379331389E+001  0.838386575212572E+000  0.337818642586078E+000 -0.131028262406404E+000 -0.133012308131363E+003
  0.100000000000000E+001  0.266023021832706E+003  0.685730749661862E+000  0.817464255916624E+000  0.810966816886762E+000  0.382537343446705E+000 -0.131028262406404E+000 -0.133011510916353E+003
  0.100000000000000E+001  0.266022074218725E+003  0.581937631441158E+000  0.967242082830413E+000  0.880198198543873E+000  0.329028171545115E+000 -0.131028262406404E+000 -0.133011037109363E+003
  0.100000000000000E+001  0.266021095214872E+003  0.182738705238500E+001  0.163729359910294E+001  0.705554135260009E+000  0.408160672436244E+000 -0.131028262406404E+000 -0.133010547607436E+003
  0.100000000000000E+001  0.266020907250505E+003  0.661535675500961E+000  0.125913026812083E+001  0.757994223359820E+000  0.231360141281906E+000 -0.131028262406404E+000 -0.133010453625253E+003
  0.100000000000000E+001  0.266019651485666E+003  0.122933039497635E+001  0.555833646337528E+000  0.637818054956494E-001  0.333902497581491E+000 -0.131028262406404E+000 -0.133009825742833E+003
  0.100000000000000E+001  0.266018910294172E+003  0.783489385641555E+000  0.974015572494764E+000  0.548772867146142E+000  0.206074437786426E+000 -0.131028262406404E+000 -0.133009455147086E+003
  0.100000000000000E+001  0.266017044520678E+003  0.101825529651267E+001  0.741841261559811E+000  0.688344921121732E+000  0.387142177082149E+000 -0.131028262406404E+000 -0.133008522260339E+003
  0.100000000000000E+001  0.266014023543914E+003  0.106899996049476E+001  0.513778098205215E+000  0.893134423205586E+000  0.326262884890353E+000 -0.131028262406404E+000 -0.133007011771957E+003
  0.100000000000000E+001  0.266012858234256E+003  0.953026247377630E+000  0.656634933546842E+000  0.310377815698654E+000  0.360571212122300E+000 -0.131028262406404E+000 -0.133006429117128E+003
  0.100000000000000E+001  0.266012557409550E+003  0.115095890602075E+001  0.639254671375806E+000  0.862093740358459E+000  0.353345471763596E+000 -0.131028262406404E+000 -0.133006278704775E+003
  0.100000000000000E+001  0.266010319228464E+003  0.131119862227474E+001  0.108659709220462E+001  0.103750550999590E+000  0.114367510577786E+000 -0.131028262406404E+000 -0.133005159614232E+003
  0.100000000000000E+001  0.266009457215464E+003  0.948992936294029E+000  0.170199148009441E+001  0.255986801600266E+000  0.152925484310863E+000 -0.131028262406404E+000 -0.133004728607732E+003
  0.100000000000000E+001  0.266009454222237E+003  0.879931698787585E+000  0.829823784643197E+000  0.636897339763798E+000  0.422809023013922E+000 -0.131028262406404E+000 -0.133004727111119E+003
  0.100000000000000E+001  0.266006522804881E+003  0.764771728637532E+000  0.180799931168356E+001  0.887076860899733E+000  0.188174213298644E+000 -0.131028262406404E+000 -0.133003261402441E+003
  0.100000000000000E+001  0.266001603606103E+003  0.139713200410433E+001  0.670470721999505E+000  0.140897697892273E+000  0.336223343444891E+000 -0.131028262406404E+000 -0.133000801803051E+003
  0.100000000000000E+001  0.265997384116488E+003  0.112147979498716E+001  0.136432052471185E+001  0.362681506202377E+000  0.132992670850370E+000 -0.131028262406404E+000 -0.132998692058244E+003
  0.100000000000000E+001  0.265995020017200E+003  0.688394761539256E+000  0.104249140411123E+001  0.341708297978129E-001  0.242355842765141E+000 -0.131028262406404E+000 -0.132997510008600E+003
  0.100000000000000E+001  0.265994499551472E+003  0.127825733619952E+001  0.153297170289899E+001  0.774844035776328E+000  0.115758459087569E+000 -0.131028262406404E+000 -0.132997249775736E+003
  0.100000000000000E+001  0.265993074018965E+003  0.621246278592933E+000  0.126062710029189E+001  0.850161003899743E+000  0.253342093768981E+000 -0.131028262406404E+000 -0.132996537009482E+003
  0.100000000000000E+001  0.265992559654673E+003  0.594603291883368E+000  0.956380111432535E+000  0.639543001746856E-001  0.337093490962641E+000 -0.131028262406404E+000 -0.132996279827336E+003
  0.100000000000000E+001  0.265992119862170E+003  0.535185753815351E+000  0.102505004464483E+001  0.861092025377293E+000  0.386001150946215E+000 -0.131028262406404E+000 -0.132996059931085E+003
  0.100000000000000E+001  0.265991531463982E+003  0.529939169884898E+000  0.113787365481095E+001  0.969122047512175E-001  0.330611140597657E+000 -0.131028262406404E+000 -0.132995765731991E+003
  0.100000000000000E+001  0.265989101118347E+003  0.100428197377354E+001  0.878899496642197E+000  0.388463016541919E+000  0.429064400109169E+000 -0.131028262406404E+000 -0.132994550559173E+003
  0.100000000000000E+001  0.265986304142385E+003  0.730562679115779E+000  0.904008565063876E+000  0.659526346845667E+000  0.241411477837944E+000 -0.131028262406404E+000 -0.132993152071193E+003
  0.100000000000000E+001  0.265985331235009E+003  0.631518091096772E+000  0.103635956511553E+001  0.992030653627059E+000  0.276842704959086E+000 -0.131028262406404E+000 -0.132992665617505E+003
  0.100000000000000E+001  0.265985167092586E+003  0.115300976049396E+001  0.110298418926541E+001  0.192683054351904E+000  0.484727285281760E+000 -0.131028262406404E+000 -0.132992583546293E+003
  0.100000000000000E+001  0.265984885211288E+003  0.795382115643924E+000  0.680450367772919E+000  0.389597077202567E+000  0.327526164296019E+000 -0.131028262406404E+000 -0.132992442605644E+003
  0.100000000000000E+001  0.265977278266282E+003  0.185943516198810E+001  0.175243719076503E+001  0.311557151129720E-001  0.427187078261932E+000 -0.131028262406404E+000 -0.132988639133141E+003
  0.100000000000000E+001  0.265975574548380E+003  0.749036994294262E+000  0.122025552939805E+001  0.872413255421930E+000  0.210324413399787E+000 -0.131028262406404E+000 -0.132987787274190E+003
  0.100000000000000E+001  0.265974783420663E+003  0.597540793635221E+000  0.975046066825892E+000  0.893354399101489E+000  0.331378440011519E+000 -0.131028262406404E+000 -0.132987391710332E+003
  0.100000000000000E+001  0.265974616619954E+003  0.869326415026130E+000  0.655102934639483E+000  0.715474703550025E-001  0.214873893276800E+000 -0.131028262406404E+000 -0.132987308309977E+003
  0.100000000000000E+001  0.265972355469966E+003  0.557892039960382E+000  0.183991125124906E+001  0.988415613242283E+000  0.259374863296734E+000 -0.131028262406404E+000 -0.132986177734983E+003
  0.100000000000000E+001  0.265971647036305E+003  0.170678062424169E+001  0.115433014707251E+001  0.259609202779377E+000  0.345787928305477E+000 -0.131028262406404E+000 -0.132985823518152E+003
  0.100000000000000E+001  0.265971039987840E+003  0.998205367505697E+000  0.196590295925668E+001  0.742785161947547E+000  0.148013360439592E+000 -0.131028262406404E+000 -0.132985519993920E+003
  0.100000000000000E+001  0.265969723147886E+003  0.622722651530691E+000  0.148299260787589E+001  0.197800989763041E+000  0.243365770481821E+000 -0.131028262406404E+000 -0.132984861573943E+003
  0.100000000000000E+001  0.265969389433754E+003  0.111682695842917E+001  0.108314503143478E+001  0.393996437326374E+000  0.485058933440303E+000 -0.131028262406404E+000 -0.132984694716877E+003
  0.100000000000000E+001  0.265966320355028E+003  0.199557068441245E+001  0.921097206278530E+000  0.216058345922662E+000  0.278626119705325E+000 -0.131028262406404E+000 -0.132983160177514E+003
  0.100000000000000E+001  0.265966012804653E+003  0.802635633888844E+000  0.112412097977345E+001  0.789680175343988E+000  0.200383874797067E+000 -0.131028262406404E+000 -0.132983006402326E+003
  0.100000000000000E+001  0.265965527865711E+003  0.141553140435901E+001  0.749269659601701E+000  0.261478659497212E+000  0.341654902167912E+000 -0.131028262406404E+000 -0.132982763932855E+003
  0.100000000000000E+001  0.265964702134011E+003  0.401343505278131E+000  0.174554303000968E+001  0.930216007938260E+000  0.359104725279658E+000 -0.131028262406404E+000 -0.132982351067006E+003
  0.100000000000000E+001  0.265963965873469E+003  0.539648971788182E+000  0.187983524869494E+001  0.974421786898700E+000  0.268459701814962E+000 -0.131028262406404E+000 -0.132981982936734E+003
  0.100000000000000E+001  0.265963438505001E+003  0.617515877753277E+000  0.925864566219634E+000  0.867874797375885E-001  0.390636770522626E+000 -0.131028262406404E+000 -0.132981719252501E+003
  0.100000000000000E+001  0.265962440812109E+003  0.113152257822134E+001  0.570607313186473E+000  0.538592617516127E-001  0.331836126912484E+000 -0.131028262406404E+000 -0.132981220406055E+003
  0.100000000000000E+001  0.265962109353705E+003  0.134270118171233E+001  0.112040804694087E+001  0.907013930558238E+000  0.429991808981922E+000 -0.131028262406404E+000 -0.132981054676853E+003
  0.100000000000000E+001  0.265961495164296E+003  0.477932798073686E+000  0.112263257194607E+001  0.879628283942715E+000  0.424576944239227E+000 -0.131028262406404E+000 -0.132980747582148E+003
  0.100000000000000E+001  0.265959366224045E+003  0.601307782199197E+000  0.129382099661491E+001  0.465653154715863E+000  0.266606723174650E+000 -0.131028262406404E+000 -0.132979683112023E+003
  0.100000000000000E+001  0.265956603234577E+003  0.138237450994245E+001  0.144781675744544E+001  0.145322506578651E+000  0.110081632351310E+000 -0.131028262406404E+000 -0.132978301617288E+003
  0.100000000000000E+001  0.265956022546722E+003  0.698666341576534E+000  0.843269149187393E+000  0.334879995410668E+000  0.377612048529529E+000 -0.131028262406404E+000 -0.132978011273361E+003
  0.100000000000000E+001  0.265955733679350E+003  0.868140123985999E+000  0.566100623434027E+000  0.358169994526883E+000  0.273181447177046E+000 -0.131028262406404E+000 -0.132977866839675E+003
  0.100000000000000E+001  0.265954853462378E+003  0.551792692606778E+000  0.114286310767867E+001  0.756088593875685E+000  0.321875121921214E+000 -0.131028262406404E+000 -0.132977426731189E+003
  0.100000000000000E+001  0.265953071374152E+003  0.999890838012798E+000  0.129909305165734E+001  0.883700380201524E+000  0.155023908521888E+000 -0.131028262406404E+000 -0.132976535687076E+003
  0.100000000000000E+001  0.265952928529364E+003  0.125578772131881E+001  0.943532160463094E+000  0.816385290421669E+000  0.126307019257348E+000 -0.131028262406404E+000 -0.132976464264682E+003
  0.100000000000000E+001  0.265950443798641E+003  0.893665217960118E+000  0.554074818587481E+000  0.505811616438689E+000  0.287336018801088E+000 -0.131028262406404E+000 -0.132975221899321E+003
  0.100000000000000E+001  0.265947260763938E+003  0.145647438537896E+001  0.152776232089632E+001  0.853307706135444E+000  0.104794044437039E+000 -0.131028262406404E+000 -0.132973630381969E+003
  0.100000000000000E+001  0.265945196844160E+003  0.134174402307638E+001  0.132142802354442E+001  0.247605284216628E+000  0.115007829680265E+000 -0.131028262406404E+000 -0.132972598422080E+003
  0.100000000000000E+001  0.265944178484843E+003  0.149610430414541E+001  0.159687987781539E+001  0.875709172054112E+000  0.102015002706457E+000 -0.131028262406404E+000 -0.132972089242421E+003
  0.100000000000000E+001  0.265942943708624E+003  0.145264062899608E+001  0.671249650624975E+000  0.209002173382730E+000  0.111430517316470E+000 -0.131028262406404E+000 -0.132971471854312E+003
  0.100000000000000E+001  0.265942647936795E+003  0.764647389486161E+000  0.960188596420271E+000  0.521076070851563E+000  0.229161634363636E+000 -0.131028262406404E+000 -0.132971323968397E+003
  0.100000000000000E+001  0.265942350353056E+003  0.699855016414074E+000  0.119524090306588E+001  0.456298068811887E+000  0.234376767017746E+000 -0.131028262406404E+000 -0.132971175176528E+003
  0.100000000000000E+001  0.265941425732414E+003  0.827680752483799E+000  0.683482357631327E+000  0.857935161364180E+000  0.326226868563993E+000 -0.131028262406404E+000 -0.132970712866207E+003
  0.100000000000000E+001  0.265937516211582E+003  0.748644466210806E+000  0.763136306327488E+000  0.190634118225588E+000  0.300556027239112E+000 -0.131028262406404E+000 -0.132968758105791E+003
  0.100000000000000E+001  0.265936767023022E+003  0.138929719792946E+001  0.660140692964962E+000  0.316669852198425E-001  0.328905787261251E+000 -0.131028262406404E+000 -0.132968383511511E+003
  0.100000000000000E+001  0.265935133778200E+003  0.118888726191191E+001  0.116217152028189E+001  0.810255690961224E+000  0.494245581687762E+000 -0.131028262406404E+000 -0.132967566889100E+003
  0.100000000000000E+001  0.265932669769854E+003  0.189154681829392E+001  0.995521691494600E+000  0.851153267627584E+000  0.295177844268168E+000 -0.131028262406404E+000 -0.132966334884927E+003
  0.100000000000000E+001  0.265929813288329E+003  0.440386578503784E+000  0.195053468459616E+001  0.150502217817577E+000  0.331101542139052E+000 -0.131028262406404E+000 -0.132964906644165E+003
  0.100000000000000E+001  0.265929155859716E+003  0.636332034682198E+000  0.923377401220017E+000  0.681328209232919E+000  0.378504214380769E+000 -0.131028262406404E+000 -0.132964577929858E+003
  0.100000000000000E+001  0.265929113194242E+003  0.697260297398684E+000  0.849833039706538E+000  0.393359808868178E+000  0.311368513977969E+000 -0.131028262406404E+000 -0.132964556597121E+003
  0.100000000000000E+001  0.265929009524023E+003  0.434066337934543E+000  0.199552250626906E+001  0.746913780941966E+000  0.336062976485785E+000 -0.131028262406404E+000 -0.132964504762012E+003
  0.100000000000000E+001  0.265928398718585E+003  0.531830635591389E+000  0.186323281858467E+001  0.493674560837613E+000  0.277975955526518E+000 -0.131028262406404E+000 -0.132964199359293E+003
  0.100000000000000E+001  0.265926023629038E+003  0.121197935832584E+001  0.134710415272141E+001  0.925363699058979E+000  0.128997739893065E+000 -0.131028262406404E+000 -0.132963011814519E+003
  0.100000000000000E+001  0.265925432786358E+003  0.146600329150585E+001  0.110664088265260E+001  0.714717542916877E+000  0.389693431641025E+000 -0.131028262406404E+000 -0.132962716393179E+003
  0.100000000000000E+001  0.265921678732575E+003  0.112269710376507E+001  0.169845504042529E+001  0.251301344064911E+000  0.137041984492029E+000 -0.131028262406404E+000 -0.132960839366288E+003
  0.100000000000000E+001  0.265919715303510E+003  0.571499698977926E+000  0.126822154426283E+001  0.572485368813479E+000  0.294115772783501E+000 -0.131028262406404E+000 -0.132959857651755E+003
  0.100000000000000E+001  0.265919369780288E+003  0.579094857111256E+000  0.147792180564504E+001  0.417504798672769E+000  0.270988667863980E+000 -0.131028262406404E+000 -0.132959684890144E+003
  0.100000000000000E+001  0.265915102516012E+003  0.861907944125686E+000  0.620061079183915E+000  0.811200333195022E+000  0.278673844039477E+000 -0.131028262406404E+000 -0.132957551258006E+003
  0.100000000000000E+001  0.265914555667451E+003  0.108235949652902E+001  0.103963417761047E+001  0.192549526727713E-001  0.467884097889407E+000 -0.131028262406404E+000 -0.132957277833725E+003
  0.100000000000000E+001  0.265912650281215E+003  0.115891488672738E+001  0.105111886524448E+001  0.444905322757930E+000  0.140182158927750E+000 -0.131028262406404E+000 -0.132956325140608E+003
  0.100000000000000E+001  0.265912306166395E+003  0.187884297580577E+001  0.942266515518762E+000  0.323897076535937E+000  0.291948006755966E+000 -0.131028262406404E+000 -0.132956153083197E+003
  0.100000000000000E+001  0.265912254827656E+003  0.195487958734420E+001  0.942599719246830E+000  0.222525669727014E+000  0.281637753377709E+000 -0.131028262406404E+000 -0.132956127413828E+003
  0.100000000000000E+001  0.265911919976542E+003  0.685500998018493E+000  0.936332026617996E+000  0.905949039134267E-001  0.287274056750249E+000 -0.131028262406404E+000 -0.132955959988271E+003
  0.100000000000000E+001  0.265910811842634E+003  0.799458434348844E+000  0.140552229802014E+001  0.778937244131928E+000  0.198364253683901E+000 -0.131028262406404E+000 -0.132955405921317E+003
  0.100000000000000E+001  0.265907896490809E+003  0.128152076469589E+001  0.169537969008746E+001  0.350701927575043E+000  0.121358709879075E+000 -0.131028262406404E+000 -0.132953948245404E+003
  0.100000000000000E+001  0.265904770142229E+003  0.773578246881922E+000  0.945961046061244E+000  0.757604857279618E+000  0.461995543530491E+000 -0.131028262406404E+000 -0.132952385071115E+003
  0.100000000000000E+001  0.265903957488206E+003  0.199548844710107E+001  0.182347406444534E+001  0.502422785977984E+000  0.383825068436105E+000 -0.131028262406404E+000 -0.132951978744103E+003
  0.100000000000000E+001  0.265899825703803E+003  0.420883861367427E+000  0.174117180047471E+001  0.885379635443425E-001  0.356161957093042E+000 -0.131028262406404E+000 -0.132949912851901E+003
  0.100000000000000E+001  0.265897134310752E+003  0.737874299076665E+000  0.119082968931873E+001  0.851274324107483E+000  0.228495965519382E+000 -0.131028262406404E+000 -0.132948567155376E+003
  0.100000000000000E+001  0.265893371013225E+003  0.987114467220333E+000  0.105869319434216E+001  0.584788272449951E+000  0.169570098746090E+000 -0.131028262406404E+000 -0.132946685506613E+003
  0.100000000000000E+001  0.265892865694165E+003  0.153220503136255E+001  0.877126859540408E+000  0.401514433276758E+000  0.106932881717717E+000 -0.131028262406404E+000 -0.132946432847082E+003
  0.100000000000000E+001  0.265891907786927E+003  0.102290284746771E+001  0.703229145530509E+000  0.820163372698330E+000  0.354141896229807E+000 -0.131028262406404E+000 -0.132945953893463E+003
  0.100000000000000E+001  0.265886547778060E+003  0.102096954012989E+001  0.141799550881666E+001  0.960383462719979E+000  0.156757499461051E+000 -0.131028262406404E+000 -0.132943273889030E+003
  0.100000000000000E+001  0.265885775474863E+003  0.805536252426792E+000  0.132233295896043E+001  0.531759044416249E+000  0.202865191849199E+000 -0.131028262406404E+000 -0.132942887737432E+003
  0.100000000000000E+001  0.265884909292437E+003  0.116365051513948E+001  0.128197628670907E+001  0.123982477759961E+000  0.138923076020413E+000 -0.131028262406404E+000 -0.132942454646218E+003
  0.100000000000000E+001  0.265880738749749E+003  0.744705245132468E+000  0.136849953872527E+001  0.193580785261870E+000  0.219208639834565E+000 -0.131028262406404E+000 -0.132940369374875E+003
  0.100000000000000E+001  0.265878062421419E+003  0.104915357977731E+001  0.834563392862609E+000  0.856323723977863E-001  0.392109644457470E+000 -0.131028262406404E+000 -0.132939031210709E+003
  0.100000000000000E+001  0.265875988877150E+003  0.903701532501327E+000  0.668065059577645E+000  0.770434358134659E+000  0.227434976279179E+000 -0.131028262406404E+000 -0.132937994438575E+003
  0.100000000000000E+001  0.265875593461258E+003  0.928500955314733E+000  0.584618258976068E+000  0.122258362555367E+000  0.284157378046879E+000 -0.131028262406404E+000 -0.132937796730629E+003
  0.100000000000000E+001  0.265873191428455E+003  0.787410555569808E+000  0.126810852868805E+001  0.185664883448273E+000  0.211979186485762E+000 -0.131028262406404E+000 -0.132936595714227E+003
  0.100000000000000E+001  0.265868637510814E+003  0.576004315141678E+000  0.133125536698797E+001  0.503557450554198E+000  0.294753033083879E+000 -0.131028262406404E+000 -0.132934318755407E+003
  0.100000000000000E+001  0.265868600114969E+003  0.990106542770041E+000  0.568940026586552E+000  0.427715619447923E+000  0.206803211531604E+000 -0.131028262406404E+000 -0.132934300057485E+003
  0.100000000000000E+001  0.265868204519713E+003  0.105346482215197E+001  0.192294073584959E+001  0.761591494654889E+000  0.149670283132809E+000 -0.131028262406404E+000 -0.132934102259856E+003
  0.100000000000000E+001  0.265866404804035E+003  0.312596493537425E+000  0.186287484412005E+001  0.290345218291346E-001  0.476474409342953E+000 -0.131028262406404E+000 -0.132933202402017E+003
  0.100000000000000E+001  0.265861322516676E+003  0.155656870351444E+001  0.118188682440480E+001  0.689910278800075E+000  0.376291898832570E+000 -0.131028262406404E+000 -0.132930661258338E+003
  0.100000000000000E+001  0.265858587682380E+003  0.968092873341599E+000  0.118060564974084E+001  0.410249667400826E+000  0.173943267403189E+000 -0.131028262406404E+000 -0.132929293841190E+003
  0.100000000000000E+001  0.265855547055703E+003  0.106668445988829E+001  0.549714872864127E+000  0.945567822758161E-001  0.185106778356773E+000 -0.131028262406404E+000 -0.132927773527852E+003
  0.100000000000000E+001  0.265848083771198E+003  0.135513405023915E+001  0.195919082929599E+001  0.912327652795651E+000  0.118562091057676E+000 -0.131028262406404E+000 -0.132924041885599E+003
  0.100000000000000E+001  0.265846505712104E+003  0.143494185855774E+001  0.127986664939883E+001  0.416163173779072E+000  0.438774861716603E+000 -0.131028262406404E+000 -0.132923252856052E+003
  0.100000000000000E+001  0.265846394126431E+003  0.143807192591447E+001  0.115556965914429E+001  0.220282140032801E-001  0.400718263870792E+000 -0.131028262406404E+000 -0.132923197063215E+003
  0.100000000000000E+001  0.265844696465469E+003  0.181327601517245E+001  0.910082348492337E+000  0.587204268669644E+000  0.293887544524628E+000 -0.131028262406404E+000 -0.132922348232735E+003
  0.100000000000000E+001  0.265841133490637E+003  0.968539441555409E+000  0.575720509927561E+000  0.473796959885485E+000  0.282414347723103E+000 -0.131028262406404E+000 -0.132920566745319E+003
  0.100000000000000E+001  0.265840553648353E+003  0.154752792359225E+001  0.119625062174003E+001  0.244305479169087E+000  0.379661539305188E+000 -0.131028262406404E+000 -0.132920276824176E+003
  0.100000000000000E+001  0.265839741423118E+003  0.151697467757475E+001  0.142862417000255E+001  0.629755729122267E+000  0.460618870724021E+000 -0.131028262406404E+000 -0.132919870711559E+003
  0.100000000000000E+001  0.265836981270378E+003  0.448738981140574E+000  0.129945244327549E+001  0.375064903287041E+000  0.416198689743082E+000 -0.131028262406404E+000 -0.132918490635189E+003
  0.100000000000000E+001  0.265834267641830E+003  0.981381037142650E+000  0.651311690058951E+000  0.809816868869456E+000  0.319363145800730E+000 -0.131028262406404E+000 -0.132917133820915E+003
  0.100000000000000E+001  0.265833364260947E+003  0.119496031837413E+001  0.529162281161627E+000  0.697437018437746E+000  0.159955251141197E+000 -0.131028262406404E+000 -0.132916682130473E+003
  0.100000000000000E+001  0.265831553286746E+003  0.105667306099487E+001  0.103947114537612E+001  0.346210072417466E+000  0.164978257446972E+000 -0.131028262406404E+000 -0.132915776643373E+003
  0.100000000000000E+001  0.265828187278219E+003  0.113185089219540E+001  0.864885223088508E+000  0.634898159098322E+000  0.157969394771520E+000 -0.131028262406404E+000 -0.132914093639109E+003
  0.100000000000000E+001  0.265827514315005E+003  0.988208301269393E+000  0.898325620698276E+000  0.719413082823187E+000  0.185265199243579E+000 -0.131028262406404E+000 -0.132913757157503E+003
  0.100000000000000E+001  0.265822187560318E+003  0.337177780499252E+000  0.189049523378031E+001  0.330426696248065E+000  0.452967495473617E+000 -0.131028262406404E+000 -0.132911093780159E+003
  0.100000000000000E+001  0.265820684628253E+003  0.992709601236217E+000  0.984889029206994E+000  0.498557338956070E-001  0.448228654564534E+000 -0.131028262406404E+000 -0.132910342314126E+003
  0.100000000000000E+001  0.265818002195370E+003  0.588473995954182E+000  0.176072940829983E+001  0.186376124231039E+000  0.270874518523144E+000 -0.131028262406404E+000 -0.132909001097685E+003
  0.100000000000000E+001  0.265815024818602E+003  0.893875516663477E+000  0.832889669125924E+000  0.624192231317583E+000  0.381199102889976E+000 -0.131028262406404E+000 -0.132907512409301E+003
  0.100000000000000E+001  0.265814685959677E+003  0.784705456563613E+000  0.118428764839244E+001  0.444441462395507E+000  0.226946752895153E+000 -0.131028262406404E+000 -0.132907342979839E+003
  0.100000000000000E+001  0.265814439185649E+003  0.123306367280641E+001  0.127816519217516E+001  0.525120971413266E+000  0.137182900177479E+000 -0.131028262406404E+000 -0.132907219592824E+003
  0.100000000000000E+001  0.265814099199817E+003  0.560315321546218E+000  0.137560172088375E+001  0.474384576844012E+000  0.310188631556656E+000 -0.131028262406404E+000 -0.132907049599908E+003
  0.100000000000000E+001  0.265812360803108E+003  0.836431992609919E+000  0.195179557299145E+001  0.768631626026706E+000  0.192855839742182E+000 -0.131028262406404E+000 -0.132906180401554E+003
  0.100000000000000E+001  0.265811023360510E+003  0.124847623801114E+001  0.566129742350127E+000  0.860420967827763E+000  0.305840645408697E+000 -0.131028262406404E+000 -0.132905511680255E+003
  0.100000000000000E+001  0.265809105648725E+003  0.733728431856070E+000  0.199095272798659E+001  0.207880462662491E-002  0.218586462406685E+000 -0.131028262406404E+000 -0.132904552824362E+003
  0.100000000000000E+001  0.265808710015292E+003  0.132798067020209E+001  0.715059826759819E+000  0.664241591925863E+000  0.328638628479341E+000 -0.131028262406404E+000 -0.132904355007646E+003
  0.100000000000000E+001  0.265807343004692E+003  0.101947476555829E+001  0.643227518667217E+000  0.199832229860442E+000  0.314835354768798E+000 -0.131028262406404E+000 -0.132903671502346E+003
  0.100000000000000E+001  0.265802955848887E+003  0.853747647048023E+000  0.187117015348100E+001  0.193889433688926E+000  0.190634787102487E+000 -0.131028262406404E+000 -0.132901477924444E+003
  0.100000000000000E+001  0.265802056608738E+003  0.109987939300667E+001  0.176687407633907E+001  0.752952092683081E+000  0.150099940120155E+000 -0.131028262406404E+000 -0.132901028304369E+003
  0.100000000000000E+001  0.265801604534923E+003  0.917628871122144E+000  0.189460926758004E+001  0.180308280347901E+000  0.177935781058016E+000 -0.131028262406404E+000 -0.132900802267461E+003
  0.100000000000000E+001  0.265799827049526E+003  0.144935051830571E+001  0.124955322844950E+001  0.880968834321640E+000  0.418540838095229E+000 -0.131028262406404E+000 -0.132899913524763E+003
  0.100000000000000E+001  0.265798184046904E+003  0.872907795085449E+000  0.864300558035099E+000  0.693248453426308E+000  0.390775785995611E+000 -0.131028262406404E+000 -0.132899092023452E+003
  0.100000000000000E+001  0.265797946352732E+003  0.125062577155182E+001  0.180295727402614E+001  0.630823901436625E+000  0.132621691998325E+000 -0.131028262406404E+000 -0.132898973176366E+003
  0.100000000000000E+001  0.265797700389330E+003  0.165160276963075E+001  0.839139092393556E+000  0.990579082749480E+000  0.305931317581363E+000 -0.131028262406404E+000 -0.132898850194665E+003
  0.100000000000000E+001  0.265791502269903E+003  0.158032471786421E+001  0.863174553945220E+000  0.222681797481531E+000  0.111242396046451E+000 -0.131028262406404E+000 -0.132895751134952E+003
  0.100000000000000E+001  0.265788951201148E+003  0.702413747631724E+000  0.143215212442734E+001  0.766168572865556E+000  0.244164516672566E+000 -0.131028262406404E+000 -0.132894475600574E+003
  0.100000000000000E+001  0.265785138853900E+003  0.129024099953930E+001  0.122768031602482E+001  0.874415873399600E+000  0.467472480015985E+000 -0.131028262406404E+000 -0.132892569426950E+003
  0.100000000000000E+001  0.265784377632187E+003  0.117582804613093E+001  0.112228328871941E+001  0.883988021822490E+000  0.149747460019407E+000 -0.131028262406404E+000 -0.132892188816094E+003
  0.100000000000000E+001  0.265782749288819E+003  0.132654270997912E+001  0.101836447094346E+001  0.341305796741281E-001  0.133263084882739E+000 -0.131028262406404E+000 -0.132891374644409E+003
  0.100000000000000E+001  0.265781400814631E+003  0.583448442202251E+000  0.151132846398324E+001  0.151381876022025E+000  0.290810759357867E+000 -0.131028262406404E+000 -0.132890700407316E+003
  0.100000000000000E+001  0.265780799443020E+003  0.720087890137243E+000  0.103241184858695E+001  0.350754346269956E+000  0.493066294869623E+000 -0.131028262406404E+000 -0.132890399721510E+003
  0.100000000000000E+001  0.265780035294454E+003  0.111387616342664E+001  0.750491257617879E+000  0.321057746616618E+000  0.346671827453540E+000 -0.131028262406404E+000 -0.132890017647227E+003
  0.100000000000000E+001  0.265774474200150E+003  0.702517788359131E+000  0.982143836434574E+000  0.917689908603920E+000  0.317528948831203E+000 -0.131028262406404E+000 -0.132887237100075E+003
  0.100000000000000E+001  0.265774212167607E+003  0.694882230068077E+000  0.981195529714955E+000  0.208650831532511E+000  0.419991357040576E+000 -0.131028262406404E+000 -0.132887106083804E+003
  0.100000000000000E+001  0.265774192099969E+003  0.405016411970381E+000  0.131213288916737E+001  0.666152948780581E+000  0.499793178229053E+000 -0.131028262406404E+000 -0.132887096049985E+003
  0.100000000000000E+001  0.265771995122355E+003  0.188966701238799E+001  0.194430960788970E+001  0.812735635593093E+000  0.467934121258937E+000 -0.131028262406404E+000 -0.132885997561177E+003
  0.100000000000000E+001  0.265770956890754E+003  0.177046586435423E+001  0.935474662364205E+000  0.822753577205848E+000  0.296186506861202E+000 -0.131028262406404E+000 -0.132885478445377E+003
  0.100000000000000E+001  0.265770179811600E+003  0.161527480730834E+001  0.132843627715551E+001  0.288291232746570E+000  0.382493498660212E+000 -0.131028262406404E+000 -0.132885089905800E+003
  0.100000000000000E+001  0.265770113167032E+003  0.754722009204333E+000  0.199393321951478E+001  0.702276192443624E+000  0.217517411668325E+000 -0.131028262406404E+000 -0.132885056583516E+003
  0.100000000000000E+001  0.265769712777633E+003  0.131356619983708E+001  0.907516661912207E+000  0.824087282162196E+000  0.362651414768317E+000 -0.131028262406404E+000 -0.132884856388817E+003
  0.100000000000000E+001  0.265766918298151E+003  0.968779266453980E+000  0.739915154326888E+000  0.162395310081329E+000  0.333799177765991E+000 -0.131028262406404E+000 -0.132883459149076E+003
  0.100000000000000E+001  0.265766161439409E+003  0.879149554399303E+000  0.795269362012185E+000  0.296669329845600E+000  0.252626317953541E+000 -0.131028262406404E+000 -0.132883080719705E+003
  0.100000000000000E+001  0.265766102057827E+003  0.137112785467024E+001  0.185701201611995E+001  0.350404549249771E+000  0.123445580012635E+000 -0.131028262406404E+000 -0.132883051028914E+003
  0.100000000000000E+001  0.265765587266939E+003  0.821038981291448E+000  0.856370377888843E+000  0.678686219930860E+000  0.273342610400585E+000 -0.131028262406404E+000 -0.132882793633469E+003
  0.100000000000000E+001  0.265765038601276E+003  0.973902293860834E+000  0.963332552979483E+000  0.204795595193492E+000  0.430826982908620E+000 -0.131028262406404E+000 -0.132882519300638E+003
  0.100000000000000E+001  0.265764564744444E+003  0.105379507316573E+001  0.574621057210649E+000  0.335812487680647E+000  0.280535553408715E+000 -0.131028262406404E+000 -0.132882282372222E+003
  0.100000000000000E+001  0.265760922020182E+003  0.321005638987735E+000  0.196694308778459E+001  0.611474264746101E-001  0.493426477004769E+000 -0.131028262406404E+000 -0.132880461010091E+003
  0.100000000000000E+001  0.265760710481253E+003  0.180767152628786E+001  0.187775109247412E+001  0.528297443279089E+000  0.489108479257059E+000 -0.131028262406404E+000 -0.132880355240626E+003
  0.100000000000000E+001  0.265759578011218E+003  0.547584513891591E+000  0.171853424040220E+001  0.953848106877191E+000  0.300929139099750E+000 -0.131028262406404E+000 -0.132879789005609E+003
  0.100000000000000E+001  0.265757942281085E+003  0.150393123487437E+001  0.738565970704224E+000  0.779538208022769E+000  0.308699742805850E+000 -0.131028262406404E+000 -0.132878971140542E+003
  0.100000000000000E+001  0.265757185325354E+003  0.102130819553512E+001  0.748460046529211E+000  0.109161988754935E+000  0.340435847893679E+000 -0.131028262406404E+000 -0.132878592662677E+003
  0.100000000000000E+001  0.265749847650797E+003  0.865727702995084E+000  0.126707571762859E+001  0.390985645643459E-001  0.208486394678634E+000 -0.131028262406404E+000 -0.132874923825398E+003
  0.100000000000000E+001  0.265746044603166E+003  0.183416522565327E+001  0.523430756508325E+000  0.960296273295036E+000  0.257659756479615E+000 -0.131028262406404E+000 -0.132873022301583E+003
  0.100000000000000E+001  0.265744698628195E+003  0.962982549026061E+000  0.722408680517207E+000  0.190897097959442E+000  0.315969998550642E+000 -0.131028262406404E+000 -0.132872349314097E+003
  0.100000000000000E+001  0.265744580557558E+003  0.117077022300344E+001  0.728097457793549E+000  0.773543224043154E+000  0.168256444277618E+000 -0.131028262406404E+000 -0.132872290278779E+003
  0.100000000000000E+001  0.265744518807560E+003  0.155837604127191E+001  0.152547807282692E+001  0.285388427164941E+000  0.472444717848874E+000 -0.131028262406404E+000 -0.132872259403780E+003
  0.100000000000000E+001  0.265743843444556E+003  0.744030406128763E+000  0.169187090831756E+001  0.869889862519506E+000  0.227632314922861E+000 -0.131028262406404E+000 -0.132871921722278E+003
  0.100000000000000E+001  0.265742921213897E+003  0.719757515947061E+000  0.120772300659185E+001  0.965028393279691E+000  0.263231119710236E+000 -0.131028262406404E+000 -0.132871460606949E+003
  0.100000000000000E+001  0.265740910742373E+003  0.119220302023762E+001  0.110136643259320E+001  0.803172000202406E-001  0.152552592242316E+000 -0.131028262406404E+000 -0.132870455371186E+003
  0.100000000000000E+001  0.265739765393365E+003  0.687272856981392E+000  0.993522722071767E+000  0.522647149087110E-001  0.395765188841742E+000 -0.131028262406404E+000 -0.132869882696682E+003
  0.100000000000000E+001  0.265738609033318E+003  0.435365717032341E+000  0.181896745358475E+001  0.602572533415415E+000  0.372645723307754E+000 -0.131028262406404E+000 -0.132869304516659E+003
  0.100000000000000E+001  0.265738333938722E+003  0.978945780438512E+000  0.101107216125597E+001  0.114271325641280E-001  0.449019726908220E+000 -0.131028262406404E+000 -0.132869166969361E+003
  0.100000000000000E+001  0.265737991162174E+003  0.117314430314806E+001  0.502949537669694E+000  0.688751582969887E+000  0.187064013807503E+000 -0.131028262406404E+000 -0.132868995581087E+003
  0.100000000000000E+001  0.265737403990993E+003  0.355911373424399E+000  0.194007555186843E+001  0.611485853418478E+000  0.449704338193478E+000 -0.131028262406404E+000 -0.132868701995497E+003
  0.100000000000000E+001  0.265736056909758E+003  0.168430583127196E+001  0.698813048867220E+000  0.292644195311727E+000  0.283302065056244E+000 -0.131028262406404E+000 -0.132868028454879E+003
  0.100000000000000E+001  0.265735533791155E+003  0.630647465310548E+000  0.164130376351229E+001  0.502304229234967E+000  0.269720716431307E+000 -0.131028262406404E+000 -0.132867766895577E+003
  0.100000000000000E+001  0.265734667233569E+003  0.106573435919528E+001  0.103711944368811E+001  0.648645290011820E+000  0.444362728508543E+000 -0.131028262406404E+000 -0.132867333616784E+003
  0.100000000000000E+001  0.265734634821951E+003  0.533037407680780E+000  0.119293347570251E+001  0.248731431978731E+000  0.407377131006305E+000 -0.131028262406404E+000 -0.132867317410976E+003
  0.100000000000000E+001  0.265733825737699E+003  0.188860198984131E+001  0.131256892114435E+001  0.850735816080468E+000  0.309553548628793E+000 -0.131028262406404E+000 -0.132866912868850E+003
  0.100000000000000E+001  0.265733221578862E+003  0.893758711951727E+000  0.978393520197004E+000  0.961061493771375E+000  0.439566223269062E+000 -0.131028262406404E+000 -0.132866610789431E+003
  0.100000000000000E+001  0.265732215440904E+003  0.114924568104515E+001  0.645527576877495E+000  0.706684593268913E+000  0.308611975137907E+000 -0.131028262406404E+000 -0.132866107720452E+003
  0.100000000000000E+001  0.265731964073443E+003  0.182172513850257E+001  0.855759473921135E+000  0.130994008429515E-001  0.279944891253086E+000 -0.131028262406404E+000 -0.132865982036721E+003
  0.100000000000000E+001  0.265731924057209E+003  0.102305069338370E+001  0.638561081739645E+000  0.535826484083845E+000  0.227469240737996E+000 -0.131028262406404E+000 -0.132865962028605E+003
  0.100000000000000E+001  0.265728413985652E+003  0.118047073948340E+001  0.116369849746880E+001  0.231153116637911E+000  0.470829979898995E+000 -0.131028262406404E+000 -0.132864206992826E+003
  0.100000000000000E+001  0.265727771973865E+003  0.150936145520288E+001  0.103862386628831E+001  0.451933883252552E+000  0.348209122387788E+000 -0.131028262406404E+000 -0.132863885986932E+003
  0.100000000000000E+001  0.265726516131435E+003  0.156910227063784E+001  0.121214342863181E+001  0.331054974926326E+000  0.113965982236828E+000 -0.131028262406404E+000 -0.132863258065718E+003
  0.100000000000000E+001  0.265723793663021E+003  0.839989091938237E+000  0.847071707064369E+000  0.378628619744506E+000  0.287899854199465E+000 -0.131028262406404E+000 -0.132861896831510E+003
  0.100000000000000E+001  0.265723762720631E+003  0.921738828144106E+000  0.146768360812379E+001  0.883475660999525E+000  0.191862620671589E+000 -0.131028262406404E+000 -0.132861881360316E+003
  0.100000000000000E+001  0.265723533009251E+003  0.856091452914239E+000  0.855827067261414E+000  0.493385414393687E+000  0.353962025721699E+000 -0.131028262406404E+000 -0.132861766504625E+003
  0.100000000000000E+001  0.265716839638439E+003  0.150258401279459E+001  0.168194312094581E+001  0.837275193838975E+000  0.116915666752361E+000 -0.131028262406404E+000 -0.132858419819219E+003
  0.100000000000000E+001  0.265716829911093E+003  0.145628109462264E+001  0.140278657255884E+001  0.754094895499718E+000  0.465157349645662E+000 -0.131028262406404E+000 -0.132858414955547E+003
  0.100000000000000E+001  0.265714719746141E+003  0.923200575566650E+000  0.154798008835509E+001  0.580677075465808E+000  0.190748624467902E+000 -0.131028262406404E+000 -0.132857359873070E+003
  0.100000000000000E+001  0.265707318802045E+003  0.761826730200631E+000  0.152645773716200E+001  0.251894360525119E+000  0.232413533591788E+000 -0.131028262406404E+000 -0.132853659401023E+003
  0.100000000000000E+001  0.265707180977121E+003  0.801790710633431E+000  0.106157509250703E+001  0.348561201395430E+000  0.254382334399683E+000 -0.131028262406404E+000 -0.132853590488560E+003
  0.100000000000000E+001  0.265706257558790E+003  0.115650345847965E+001  0.748686423497102E+000  0.459240152458361E+000  0.176201184874665E+000 -0.131028262406404E+000 -0.132853128779395E+003
  0.100000000000000E+001  0.265700921027761E+003  0.107613807010885E+001  0.698128373563567E+000  0.670621071448560E+000  0.312226226964205E+000 -0.131028262406404E+000 -0.132850460513880E+003
  0.100000000000000E+001  0.265700037571428E+003  0.104341996767044E+001  0.701113928389530E+000  0.718684956960253E+000  0.308413073420801E+000 -0.131028262406404E+000 -0.132850018785714E+003
  0.100000000000000E+001  0.265699248386736E+003  0.688409738535543E+000  0.118231879636906E+001  0.284807152880768E+000  0.292300227968076E+000 -0.131028262406404E+000 -0.132849624193368E+003
  0.100000000000000E+001  0.265699171868393E+003  0.112943498141477E+001  0.684596864761265E+000  0.765461682752871E+000  0.188902620039192E+000 -0.131028262406404E+000 -0.132849585934196E+003
  0.100000000000000E+001  0.265698093611778E+003  0.940916640449403E+000  0.865202986693949E+000  0.823509318278459E+000  0.228723377783536E+000 -0.131028262406404E+000 -0.132849046805889E+003
  0.100000000000000E+001  0.265694635694310E+003  0.801525326175647E+000  0.141600176552920E+001  0.475176212973904E+000  0.227213077662121E+000 -0.131028262406404E+000 -0.132847317847155E+003
  0.100000000000000E+001  0.265694202721834E+003  0.960396921446827E+000  0.156175630559606E+001  0.339682943148342E+000  0.185491959562330E+000 -0.131028262406404E+000 -0.132847101360917E+003
  0.100000000000000E+001  0.265691007689830E+003  0.119485949694723E+001  0.166110944535938E+001  0.945528010264454E+000  0.148860110835059E+000 -0.131028262406404E+000 -0.132845503844915E+003
  0.100000000000000E+001  0.265690535989144E+003  0.997987805074733E+000  0.102030135768321E+001  0.728380233892881E+000  0.441709697342893E+000 -0.131028262406404E+000 -0.132845267994572E+003
  0.100000000000000E+001  0.265689543886325E+003  0.830934220931083E+000  0.883731732565797E+000  0.422674804026016E-001  0.299032683420480E+000 -0.131028262406404E+000 -0.132844771943162E+003
  0.100000000000000E+001  0.265689094666644E+003  0.928357867169972E+000  0.162694954982208E+001  0.349135921049132E+000  0.191086545943010E+000 -0.131028262406404E+000 -0.132844547333322E+003
  0.100000000000000E+001  0.265688776638155E+003  0.803333093402320E+000  0.120431339070941E+001  0.484320368024010E+000  0.241311931897256E+000 -0.131028262406404E+000 -0.132844388319077E+003
  0.100000000000000E+001  0.265687812285057E+003  0.163429313192327E+001  0.184205809868249E+001  0.254778976376617E+000  0.109121371050629E+000 -0.131028262406404E+000 -0.132843906142529E+003
  0.100000000000000E+001  0.265686000089684E+003  0.150233361078656E+001  0.103298909369200E+001  0.161873571217550E+000  0.344328648012934E+000 -0.131028262406404E+000 -0.132843000044842E+003
  0.100000000000000E+001  0.265684514879001E+003  0.122036086709004E+001  0.124673575583040E+001  0.893017083026029E+000  0.493775504431176E+000 -0.131028262406404E+000 -0.132842257439500E+003
  0.100000000000000E+001  0.265682064078055E+003  0.122031397530227E+001  0.842067225509710E+000  0.380561756103274E+000  0.347770279950722E+000 -0.131028262406404E+000 -0.132841032039028E+003
  0.100000000000000E+001  0.265679496383132E+003  0.127194046005940E+001  0.981033727560439E+000  0.774040585810504E+000  0.151309160467473E+000 -0.131028262406404E+000 -0.132839748191566E+003
  0.100000000000000E+001  0.265675214881851E+003  0.197015439500784E+001  0.161389236434572E+001  0.877914310639184E+000  0.327421604837749E+000 -0.131028262406404E+000 -0.132837607440926E+003
  0.100000000000000E+001  0.265672981318101E+003  0.109836819766297E+001  0.105233207633811E+001  0.277045405375518E+000  0.434137003041770E+000 -0.131028262406404E+000 -0.132836490659051E+003
  0.100000000000000E+001  0.265670027492185E+003  0.853643110289795E+000  0.144963773908720E+001  0.986625081185548E+000  0.215034425514199E+000 -0.131028262406404E+000 -0.132835013746093E+003
  0.100000000000000E+001  0.265668655360492E+003  0.747943241935576E+000  0.983635418178369E+000  0.997020599155705E-001  0.385862064986647E+000 -0.131028262406404E+000 -0.132834327680246E+003
  0.100000000000000E+001  0.265667217988200E+003  0.119938482067529E+001  0.133174395871653E+001  0.486244742003176E+000  0.154727479149879E+000 -0.131028262406404E+000 -0.132833608994100E+003
  0.100000000000000E+001  0.265666156452119E+003  0.172707840758983E+001  0.192808306164318E+001  0.871852518948154E+000  0.104603086034969E+000 -0.131028262406404E+000 -0.132833078226060E+003
  0.100000000000000E+001  0.265662322798924E+003  0.636297413899854E+000  0.135150068241664E+001  0.988671587996475E+000  0.302291450490263E+000 -0.131028262406404E+000 -0.132831161399462E+003
  0.100000000000000E+001  0.265662312349842E+003  0.186070303050131E+001  0.533504219808436E+000  0.985342211676543E+000  0.105440341804173E+000 -0.131028262406404E+000 -0.132831156174921E+003
  0.100000000000000E+001  0.265658682653774E+003  0.196585863946768E+001  0.151692113707280E+001  0.612747224253997E+000  0.312614845491682E+000 -0.131028262406404E+000 -0.132829341326887E+003
  0.100000000000000E+001  0.265657734721473E+003  0.180898719977813E+001  0.110529014451946E+001  0.458756843413716E+000  0.103710028629058E+000 -0.131028262406404E+000 -0.132828867360736E+003
  0.100000000000000E+001  0.265657494574331E+003  0.464894515062123E+000  0.131609899022862E+001  0.421674364141887E+000  0.453896581613301E+000 -0.131028262406404E+000 -0.132828747287166E+003
  0.100000000000000E+001  0.265652535826526E+003  0.163335196896920E+001  0.993749803566712E+000  0.232279517511477E+000  0.116958469563861E+000 -0.131028262406404E+000 -0.132826267913263E+003
  0.100000000000000E+001  0.265650710634610E+003  0.910570281749740E+000  0.994965873669978E+000  0.955225045427588E+000  0.428637180997203E+000 -0.131028262406404E+000 -0.132825355317305E+003
  0.100000000000000E+001  0.265650159534468E+003  0.164347843081272E+001  0.587851114432860E+000  0.513554906885598E+000  0.267530557675931E+000 -0.131028262406404E+000 -0.132825079767234E+003
  0.100000000000000E+001  0.265649587915403E+003  0.155601242999563E+001  0.578533183968470E+000  0.305299870824641E+000  0.131207971908721E+000 -0.131028262406404E+000 -0.132824793957701E+003
  0.100000000000000E+001  0.265647070301449E+003  0.110751661436742E+001  0.117869448002486E+001  0.661396810213535E+000  0.174491345716700E+000 -0.131028262406404E+000 -0.132823535150724E+003
  0.100000000000000E+001  0.265646027343691E+003  0.129769975070423E+001  0.180333799045058E+001  0.874988662528470E+000  0.140207290588358E+000 -0.131028262406404E+000 -0.132823013671845E+003
  0.100000000000000E+001  0.265645246000115E+003  0.138277205408517E+001  0.107506666270092E+001  0.621151397512025E+000  0.139436425943689E+000 -0.131028262406404E+000 -0.132822623000057E+003
  0.100000000000000E+001  0.265643375311947E+003  0.805152274326556E+000  0.109711470759820E+001  0.713417190738260E+000  0.262944621456520E+000 -0.131028262406404E+000 -0.132821687655974E+003
  0.100000000000000E+001  0.265641442409331E+003  0.996176458060622E+000  0.844114032365250E+000  0.661329056222780E+000  0.226147108214286E+000 -0.131028262406404E+000 -0.132820721204665E+003
  0.100000000000000E+001  0.265637483978718E+003  0.669581647958888E+000  0.111718685740068E+001  0.582662732276960E+000  0.345682502204821E+000 -0.131028262406404E+000 -0.132818741989359E+003
  0.100000000000000E+001  0.265636809181190E+003  0.172284380592900E+001  0.152005684197690E+001  0.509350448780429E+000  0.380387316017522E+000 -0.131028262406404E+000 -0.132818404590595E+003
  0.100000000000000E+001  0.265633476346301E+003  0.117129511557894E+001  0.711138550158800E+000  0.275474565085212E+000  0.189670118226093E+000 -0.131028262406404E+000 -0.132816738173150E+003
  0.100000000000000E+001  0.265631886824527E+003  0.444528707579663E+000  0.141783885959506E+001  0.748653852845054E+000  0.442769389235328E+000 -0.131028262406404E+000 -0.132815943412264E+003
  0.100000000000000E+001  0.265630165785896E+003  0.548917628061192E+000  0.136489014490414E+001  0.828140743323763E-001  0.362161507950738E+000 -0.131028262406404E+000 -0.132815082892948E+003
  0.100000000000000E+001  0.265629900085911E+003  0.713865595786094E+000  0.103905737089481E+001  0.978316753337838E+000  0.413562504447887E+000 -0.131028262406404E+000 -0.132814950042955E+003
  0.100000000000000E+001  0.265627718951689E+003  0.939260364409681E+000  0.898683981924032E+000  0.397012075323240E+000  0.365183741322384E+000 -0.131028262406404E+000 -0.132813859475845E+003
  0.100000000000000E+001  0.265625380117911E+003  0.172294897642158E+001  0.145586000512088E+001  0.658290546609750E+000  0.363690325901055E+000 -0.131028262406404E+000 -0.132812690058956E+003
  0.100000000000000E+001  0.265625367584686E+003  0.176653617822187E+001  0.141375576629424E+001  0.760143762727194E+000  0.106642361612104E+000 -0.131028262406404E+000 -0.132812683792343E+003
  0.100000000000000E+001  0.265624545913848E+003  0.154820889401069E+001  0.136003345924607E+001  0.141588828104485E+000  0.398081651990109E+000 -0.131028262406404E+000 -0.132812272956924E+003
  0.100000000000000E+001  0.265624050699603E+003  0.154177639042134E+001  0.130690114427281E+001  0.486309219900786E+000  0.385399551173788E+000 -0.131028262406404E+000 -0.132812025349802E+003
  0.100000000000000E+001  0.265623950809019E+003  0.147077347529726E+001  0.594727299708580E+000  0.384936023357734E+000  0.275220172338718E+000 -0.131028262406404E+000 -0.132811975404509E+003
  0.100000000000000E+001  0.265623931756625E+003  0.491856966765289E+000  0.189129506783062E+001  0.122002720271646E+000  0.350850170666035E+000 -0.131028262406404E+000 -0.132811965878312E+003
  0.100000000000000E+001  0.265623802925770E+003  0.753796065765357E+000  0.150896193479627E+001  0.556122286682266E+000  0.247833932967105E+000 -0.131028262406404E+000 -0.132811901462885E+003
  0.100000000000000E+001  0.265622621186509E+003  0.680702737111909E+000  0.109847658656702E+001  0.873987952879375E+000  0.353515672091652E+000 -0.131028262406404E+000 -0.132811310593254E+003
  0.100000000000000E+001  0.265622586205911E+003  0.115573921815406E+001  0.609042276171899E+000  0.121136074305074E-001  0.215477837958914E+000 -0.131028262406404E+000 -0.132811293102955E+003
  0.100000000000000E+001  0.265622526430200E+003  0.117854831971082E+001  0.575770730360325E+000  0.559424018439809E-001  0.213917572062746E+000 -0.131028262406404E+000 -0.132811263215100E+003
  0.100000000000000E+001  0.265622115470876E+003  0.114137132838002E+001  0.158582107493723E+001  0.310387541726265E+000  0.163199228688387E+000 -0.131028262406404E+000 -0.132811057735438E+003
  0.100000000000000E+001  0.265620882487186E+003  0.177395667608851E+001  0.162210403606181E+001  0.845403690749655E+000  0.387563684551528E+000 -0.131028262406404E+000 -0.132810441243593E+003
  0.100000000000000E+001  0.265620189928045E+003  0.101808851734869E+001  0.740083181774716E+000  0.712656996385061E+000  0.274439677461815E+000 -0.131028262406404E+000 -0.132810094964023E+003
  0.100000000000000E+001  0.265617069132967E+003  0.163009959945918E+001  0.537371742397522E+000  0.622063942608442E+000  0.259165103565117E+000 -0.131028262406404E+000 -0.132808534566483E+003
  0.100000000000000E+001  0.265616872343981E+003  0.481766538967712E+000  0.130612214714392E+001  0.347422093709266E+000  0.453520884290976E+000 -0.131028262406404E+000 -0.132808436171990E+003
  0.100000000000000E+001  0.265616327109288E+003  0.129901752707835E+001  0.114529020397316E+001  0.146702230839060E+000  0.150811303510516E+000 -0.131028262406404E+000 -0.132808163554644E+003
  0.100000000000000E+001  0.265615465399334E+003  0.100662652419878E+001  0.977054048959225E+000  0.779171419111741E+000  0.403600092094140E+000 -0.131028262406404E+000 -0.132807732699667E+003
  0.100000000000000E+001  0.265611262671814E+003  0.134557666947727E+001  0.120562780883892E+001  0.932660007785435E+000  0.416580773301114E+000 -0.131028262406404E+000 -0.132805631335907E+003
  0.100000000000000E+001  0.265610977756618E+003  0.162276512400235E+001  0.116341096643387E+001  0.713256076072036E+000  0.119347046403387E+000 -0.131028262406404E+000 -0.132805488878309E+003
  0.100000000000000E+001  0.265610410644725E+003  0.169349522209759E+001  0.131860857963681E+001  0.924053425343309E+000  0.343446148685241E+000 -0.131028262406404E+000 -0.132805205322363E+003
  0.100000000000000E+001  0.265610398391843E+003  0.121316772231919E+001  0.535500338246396E+000  0.554109570667561E+000  0.217420755621640E+000 -0.131028262406404E+000 -0.132805199195922E+003
  0.100000000000000E+001  0.265610003409943E+003  0.486489235192705E+000  0.143658138723837E+001  0.579587149714842E+000  0.401508077228105E+000 -0.131028262406404E+000 -0.132805001704972E+003
  0.100000000000000E+001  0.265609982957219E+003  0.697753402543792E+000  0.106149949802343E+001  0.517282696952001E+000  0.385632286507051E+000 -0.131028262406404E+000 -0.132804991478610E+003
  0.100000000000000E+001  0.265608339278731E+003  0.978333152056233E+000  0.128413078812251E+001  0.897162151362560E+000  0.200741506402347E+000 -0.131028262406404E+000 -0.132804169639366E+003
  0.100000000000000E+001  0.265604400420948E+003  0.692532349163089E+000  0.109678783997308E+001  0.550823648610001E+000  0.489701723745886E+000 -0.131028262406404E+000 -0.132802200210474E+003
  0.100000000000000E+001  0.265602198179651E+003  0.659782457549166E+000  0.120988317511184E+001  0.459037911003659E+000  0.330546259679357E+000 -0.131028262406404E+000 -0.132801099089825E+003
  0.100000000000000E+001  0.265601461461801E+003  0.620640266418317E+000  0.129670192935549E+001  0.953969532349223E+000  0.334759415766754E+000 -0.131028262406404E+000 -0.132800730730901E+003
  0.100000000000000E+001  0.265600706698550E+003  0.163733504709878E+001  0.585190179284023E+000  0.899145542164588E+000  0.261728478971716E+000 -0.131028262406404E+000 -0.132800353349275E+003
  0.100000000000000E+001  0.265600552550176E+003  0.171636506455670E+001  0.190370934485326E+001  0.388334984084000E+000  0.109570327330790E+000 -0.131028262406404E+000 -0.132800276275088E+003
  0.100000000000000E+001  0.265595595497682E+003  0.137119531940972E+001  0.131883769668045E+001  0.290674613187990E+000  0.450563199006723E+000 -0.131028262406404E+000 -0.132797797748841E+003
  0.100000000000000E+001  0.265590199717618E+003  0.158202143542914E+001  0.136500892377996E+001  0.213215603240336E+000  0.122283195684620E+000 -0.131028262406404E+000 -0.132795099858809E+003
  0.100000000000000E+001  0.265587583678418E+003  0.164797448395679E+001  0.141373588739415E+001  0.789651731613830E-001  0.117170616183557E+000 -0.131028262406404E+000 -0.132793791839209E+003
  0.100000000000000E+001  0.265586462228792E+003  0.108337769245990E+001  0.707434002819948E+000  0.367834834023541E+000  0.251177604302753E+000 -0.131028262406404E+000 -0.132793231114396E+003
  0.100000000000000E+001  0.265584044690875E+003  0.110888020417560E+001  0.191365878841649E+001  0.669151174169626E+000  0.168278227677203E+000 -0.131028262406404E+000 -0.132792022345437E+003
  0.100000000000000E+001  0.265583640406190E+003  0.104458873455901E+001  0.983270667206856E+000  0.548536432167539E+000  0.395928462565436E+000 -0.131028262406404E+000 -0.132791820203095E+003
  0.100000000000000E+001  0.265583579480868E+003  0.124032412714790E+001  0.673786723736151E+000  0.307180339703393E+000  0.285697178005958E+000 -0.131028262406404E+000 -0.132791789740434E+003
  0.100000000000000E+001  0.265583265401748E+003  0.136802512221988E+001  0.197970868253649E+001  0.624598578727631E+000  0.137589869380047E+000 -0.131028262406404E+000 -0.132791632700874E+003
  0.100000000000000E+001  0.265582834493433E+003  0.190974801732604E+001  0.134489583587433E+001  0.677598007128330E+000  0.101677383574891E+000 -0.131028262406404E+000 -0.132791417246717E+003
  0.100000000000000E+001  0.265582738776593E+003  0.131928399691758E+001  0.161510035364770E+001  0.204281151423072E+000  0.144730992900387E+000 -0.131028262406404E+000 -0.132791369388297E+003
  0.100000000000000E+001  0.265581777715478E+003  0.940891326125536E+000  0.971491887176531E+000  0.234886555325026E+000  0.242844454644820E+000 -0.131028262406404E+000 -0.132790888857739E+003
  0.100000000000000E+001  0.265581465533795E+003  0.150548342507318E+001  0.167855751495163E+001  0.972668695024644E+000  0.126849513206515E+000 -0.131028262406404E+000 -0.132790732766897E+003
  0.100000000000000E+001  0.265580864046158E+003  0.137732195020059E+001  0.132936554290783E+001  0.849558221406080E+000  0.450711746952313E+000 -0.131028262406404E+000 -0.132790432023079E+003
  0.100000000000000E+001  0.265579955941779E+003  0.826429316069962E+000  0.967978813590967E+000  0.684930479698864E+000  0.349398185622258E+000 -0.131028262406404E+000 -0.132789977970889E+003
  0.100000000000000E+001  0.265576944758256E+003  0.353751800127092E+000  0.194524468783968E+001  0.192660502332099E+000  0.490857720851249E+000 -0.131028262406404E+000 -0.132788472379128E+003
  0.100000000000000E+001  0.265576487048117E+003  0.571041145256825E+000  0.126706546824023E+001  0.401288318202669E-001  0.389934684367847E+000 -0.131028262406404E+000 -0.132788243524058E+003
  0.100000000000000E+001  0.265572304826274E+003  0.103453041454735E+001  0.120126235738805E+001  0.732970132567524E+000  0.197524451074110E+000 -0.131028262406404E+000 -0.132786152413137E+003
  0.100000000000000E+001  0.265571777411322E+003  0.738820954433614E+000  0.106870757713334E+001  0.647771216582623E+000  0.342725200147504E+000 -0.131028262406404E+000 -0.132785888705661E+003
  0.100000000000000E+001  0.265571350184609E+003  0.163951702669334E+001  0.593472968091150E+000  0.709228388007973E+000  0.131078488104583E+000 -0.131028262406404E+000 -0.132785675092305E+003
  0.100000000000000E+001  0.265571161402036E+003  0.130976107563428E+001  0.501221732776091E+000  0.702259002299780E+000  0.236336482707317E+000 -0.131028262406404E+000 -0.132785580701018E+003
  0.100000000000000E+001  0.265568311270970E+003  0.173778620441512E+001  0.186198727440376E+001  0.218737936636056E+000  0.110500086733033E+000 -0.131028262406404E+000 -0.132784155635485E+003
  0.100000000000000E+001  0.265565245727654E+003  0.146273548555526E+001  0.119220577388992E+001  0.964979919162722E+000  0.136893901117709E+000 -0.131028262406404E+000 -0.132782622863827E+003
  0.100000000000000E+001  0.265564768555710E+003  0.883034483376595E+000  0.972966133352366E+000  0.673614832420923E+000  0.382685386173739E+000 -0.131028262406404E+000 -0.132782384277855E+003
  0.100000000000000E+001  0.265562954645314E+003  0.154313773610006E+001  0.133441984137858E+001  0.669791580363168E+000  0.385537865905326E+000 -0.131028262406404E+000 -0.132781477322657E+003
  0.100000000000000E+001  0.265561640320951E+003  0.137495463254197E+001  0.175358829954498E+001  0.563885139807019E+000  0.139738141835738E+000 -0.131028262406404E+000 -0.132780820160475E+003
  0.100000000000000E+001  0.265561442282833E+003  0.879263978968883E+000  0.964726152518649E+000  0.507443729454307E+000  0.372247904549319E+000 -0.131028262406404E+000 -0.132780721141416E+003
  0.100000000000000E+001  0.265560369016968E+003  0.652871253708308E+000  0.112630406134550E+001  0.350622780986965E+000  0.414164049360245E+000 -0.131028262406404E+000 -0.132780184508484E+003
  0.100000000000000E+001  0.265558413047381E+003  0.540196106961581E+000  0.138088422940991E+001  0.670652533270091E+000  0.383513582636913E+000 -0.131028262406404E+000 -0.132779206523690E+003
  0.100000000000000E+001  0.265557399977815E+003  0.805453989010974E+000  0.100297188147827E+001  0.168078937650778E+000  0.341700287840656E+000 -0.131028262406404E+000 -0.132778699988907E+003
  0.100000000000000E+001  0.265557180725876E+003  0.661226976651667E+000  0.194998943815525E+001  0.854507130664586E+000  0.275718245433505E+000 -0.131028262406404E+000 -0.132778590362938E+003
  0.100000000000000E+001  0.265555664838908E+003  0.154226799217000E+001  0.177441928112173E+001  0.531119241685596E+000  0.125370367657836E+000 -0.131028262406404E+000 -0.132777832419454E+003
  0.100000000000000E+001  0.265553804479608E+003  0.133467985576271E+001  0.927711528470718E+000  0.503610602659663E+000  0.335505990740373E+000 -0.131028262406404E+000 -0.132776902239804E+003
  0.100000000000000E+001  0.265553443288223E+003  0.106892298543885E+001  0.849641696937971E+000  0.611281762280639E+000  0.328660313231960E+000 -0.131028262406404E+000 -0.132776721644111E+003
  0.100000000000000E+001  0.265551783027183E+003  0.121914909277302E+001  0.835495094800830E+000  0.987781849796446E+000  0.184353383609759E+000 -0.131028262406404E+000 -0.132775891513592E+003
  0.100000000000000E+001  0.265551722985917E+003  0.356104888317565E+000  0.178722079740944E+001  0.722109587204248E+000  0.495729287890541E+000 -0.131028262406404E+000 -0.132775861492959E+003
  0.100000000000000E+001  0.265550890828121E+003  0.108103214081746E+001  0.943817987463211E+000  0.697915046532940E+000  0.368302110373697E+000 -0.131028262406404E+000 -0.132775445414061E+003
  0.100000000000000E+001  0.265548258846866E+003  0.666998754653228E+000  0.127148327538183E+001  0.202131138291851E+000  0.325283333109443E+000 -0.131028262406404E+000 -0.132774129423433E+003
  0.100000000000000E+001  0.265545782615890E+003  0.982723680601981E+000  0.875170576165790E+000  0.641930571577398E-002  0.323423044583607E+000 -0.131028262406404E+000 -0.132772891307945E+003
  0.100000000000000E+001  0.265543035098741E+003  0.944982238477763E+000  0.105056642043463E+001  0.331221049642231E+000  0.434450221348675E+000 -0.131028262406404E+000 -0.132771517549370E+003
  0.100000000000000E+001  0.265542777163508E+003  0.879268501096708E+000  0.982829704357129E+000  0.881320507010456E+000  0.379642853787917E+000 -0.131028262406404E+000 -0.132771388581754E+003
  0.100000000000000E+001  0.265540920601599E+003  0.103583150093382E+001  0.110428166532506E+001  0.662476210485064E+000  0.451712288419112E+000 -0.131028262406404E+000 -0.132770460300799E+003
  0.100000000000000E+001  0.265538463306098E+003  0.120248099116557E+001  0.663726051603999E+000  0.870036471711770E+000  0.260796478352255E+000 -0.131028262406404E+000 -0.132769231653049E+003
  0.100000000000000E+001  0.265537487184045E+003  0.138718362898385E+001  0.675615656785205E+000  0.342780686760458E+000  0.165720539757144E+000 -0.131028262406404E+000 -0.132768743592022E+003
  0.100000000000000E+001  0.265536180609408E+003  0.130131130599966E+001  0.165948482640572E+001  0.415729825149629E+000  0.150458188037300E+000 -0.131028262406404E+000 -0.132768090304704E+003
  0.100000000000000E+001  0.265534701216260E+003  0.163740414596294E+001  0.164330322754918E+001  0.274623303917918E+000  0.455372706333872E+000 -0.131028262406404E+000 -0.132767350608130E+003
  0.100000000000000E+001  0.265532016442494E+003  0.163567763282069E+001  0.104926245242168E+001  0.548885299612897E+000  0.126443846830994E+000 -0.131028262406404E+000 -0.132766008221247E+003
  0.100000000000000E+001  0.265530525154726E+003  0.154041769492506E+001  0.908584257558582E+000  0.618771657923308E+000  0.301481688486240E+000 -0.131028262406404E+000 -0.132765262577363E+003
  0.100000000000000E+001  0.265530410912826E+003  0.809563532776227E+000  0.102684174145568E+001  0.309981134491092E+000  0.390767969863394E+000 -0.131028262406404E+000 -0.132765205456413E+003
  0.100000000000000E+001  0.265530300488256E+003  0.192106082045715E+001  0.103179563588245E+001  0.218983027634652E+000  0.106826095431691E+000 -0.131028262406404E+000 -0.132765150244128E+003
  0.100000000000000E+001  0.265530188213606E+003  0.105938606445863E+001  0.941455630045970E+000  0.463257652622000E+000  0.363338212055305E+000 -0.131028262406404E+000 -0.132765094106803E+003
  0.100000000000000E+001  0.265530179160833E+003  0.101224964077421E+001  0.121062595603844E+001  0.190049246758393E-001  0.208225009735267E+000 -0.131028262406404E+000 -0.132765089580416E+003
  0.100000000000000E+001  0.265529673062231E+003  0.824615912131450E+000  0.109923205780631E+001  0.451893766113145E+000  0.284541151015425E+000 -0.131028262406404E+000 -0.132764836531115E+003
  0.100000000000000E+001  0.265529265689846E+003  0.488777019688561E+000  0.159388941482216E+001  0.549677098513726E+000  0.389760901807680E+000 -0.131028262406404E+000 -0.132764632844923E+003
  0.100000000000000E+001  0.265527847011823E+003  0.143742469720004E+001  0.115330431728708E+001  0.858440010835787E+000  0.364899759109630E+000 -0.131028262406404E+000 -0.132763923505912E+003
  0.100000000000000E+001  0.265527644576170E+003  0.103476140469982E+001  0.940575209384757E+000  0.793146200702392E+000  0.362608982252684E+000 -0.131028262406404E+000 -0.132763822288085E+003
  0.100000000000000E+001  0.265526401516593E+003  0.141802580393855E+001  0.106924393261500E+001  0.188506506685456E+000  0.349381521701353E+000 -0.131028262406404E+000 -0.132763200758296E+003
  0.100000000000000E+001  0.265525596288920E+003  0.107141986575814E+001  0.801684358010334E+000  0.742252909964971E+000  0.289671495873317E+000 -0.131028262406404E+000 -0.132762798144460E+003
  0.100000000000000E+001  0.265524749479666E+003  0.599686519937587E+000  0.128637334675120E+001  0.516189606507241E+000  0.374549873258390E+000 -0.131028262406404E+000 -0.132762374739833E+003
  0.100000000000000E+001  0.265524201037434E+003  0.162733462468098E+001  0.148487025210247E+001  0.313808601812513E+000  0.394607618575069E+000 -0.131028262406404E+000 -0.132762100518717E+003
  0.100000000000000E+001  0.265523763132883E+003  0.562648051466076E+000  0.140812618744173E+001  0.844878781443555E-001  0.368790128746415E+000 -0.131028262406404E+000 -0.132761881566442E+003
  0.100000000000000E+001  0.265523139407720E+003  0.114055775432657E+001  0.802041598808217E+000  0.574449144604598E+000  0.215710632302571E+000 -0.131028262406404E+000 -0.132761569703860E+003
  0.100000000000000E+001  0.265523004322325E+003  0.187732743496779E+001  0.178929770172059E+001  0.315653485386750E+000  0.385394996456646E+000 -0.131028262406404E+000 -0.132761502161162E+003
  0.100000000000000E+001  0.265522835761032E+003  0.182253588441296E+001  0.177634131206630E+001  0.808091570170771E+000  0.108724617625179E+000 -0.131028262406404E+000 -0.132761417880516E+003
  0.100000000000000E+001  0.265519144732805E+003  0.138426802336079E+001  0.147657020083783E+001  0.414979753839704E+000  0.145121332206702E+000 -0.131028262406404E+000 -0.132759572366402E+003
  0.100000000000000E+001  0.265516757533221E+003  0.129222076244622E+001  0.576070350943382E+000  0.550818519656368E+000  0.228341353308708E+000 -0.131028262406404E+000 -0.132758378766611E+003
  0.100000000000000E+001  0.265515311093325E+003  0.110547001404907E+001  0.169361456744411E+001  0.597344212294550E+000  0.177831270371058E+000 -0.131028262406404E+000 -0.132757655546663E+003
  0.100000000000000E+001  0.265514528002235E+003  0.111795476413052E+001  0.101044310823787E+001  0.678833063179078E+000  0.384375558692266E+000 -0.131028262406404E+000 -0.132757264001118E+003
  0.100000000000000E+001  0.265513519209471E+003  0.123851823141149E+001  0.105418863358595E+001  0.747164157987838E+000  0.379543591198753E+000 -0.131028262406404E+000 -0.132756759604736E+003
  0.100000000000000E+001  0.265513180655709E+003  0.194235206049109E+001  0.160737686334089E+001  0.685232717943216E+000  0.319885047334760E+000 -0.131028262406404E+000 -0.132756590327855E+003
  0.100000000000000E+001  0.265511955094182E+003  0.184268064068580E+001  0.135103608110591E+001  0.537964314942591E+000  0.110387554613797E+000 -0.131028262406404E+000 -0.132755977547091E+003
  0.100000000000000E+001  0.265510992571345E+003  0.741467392758419E+000  0.124903476603015E+001  0.206371888215503E+000  0.298804658764233E+000 -0.131028262406404E+000 -0.132755496285672E+003
  0.100000000000000E+001  0.265509697452206E+003  0.192357701031140E+001  0.162004204458953E+001  0.487968380481676E+000  0.326750904307562E+000 -0.131028262406404E+000 -0.132754848726103E+003
  0.100000000000000E+001  0.265509675366874E+003  0.457770928803207E+000  0.154914112868656E+001  0.813797422423686E+000  0.427194174672614E+000 -0.131028262406404E+000 -0.132754837683437E+003
  0.100000000000000E+001  0.265508354282675E+003  0.173249935712455E+001  0.194209669255602E+001  0.587141744888603E+000  0.114723778001515E+000 -0.131028262406404E+000 -0.132754177141337E+003
  0.100000000000000E+001  0.265507680146542E+003  0.134762304683655E+001  0.820113477737557E+000  0.275054919601990E+000  0.168938899870877E+000 -0.131028262406404E+000 -0.132753840073271E+003
  0.100000000000000E+001  0.265506442708366E+003  0.156264416826419E+001  0.572908104454905E+000  0.349262336632850E+000  0.149503551351940E+000 -0.131028262406404E+000 -0.132753221354183E+003
  0.100000000000000E+001  0.265504745632073E+003  0.384518320244087E+000  0.179849488597170E+001  0.495904102206639E+000  0.470693328112528E+000 -0.131028262406404E+000 -0.132752372816036E+003
  0.100000000000000E+001  0.265504129333960E+003  0.191817645898580E+001  0.689982795764246E+000  0.338059379981814E+000  0.113008366574406E+000 -0.131028262406404E+000 -0.132752064666980E+003
  0.100000000000000E+001  0.265503950634774E+003  0.718643026877765E+000  0.112499344511032E+001  0.537219659192735E+000  0.489840599773194E+000 -0.131028262406404E+000 -0.132751975317387E+003
  0.100000000000000E+001  0.265503820466972E+003  0.190046211717283E+001  0.190542432236951E+001  0.335898322003737E-001  0.105266755712798E+000 -0.131028262406404E+000 -0.132751910233486E+003
  0.100000000000000E+001  0.265503642539046E+003  0.887634942064950E+000  0.111876810339647E+001  0.312138802698219E+000  0.259262402907467E+000 -0.131028262406404E+000 -0.132751821269523E+003
  0.100000000000000E+001  0.265502784983946E+003  0.914307085315872E+000  0.104359681031939E+001  0.405154323476505E-001  0.419246506134933E+000 -0.131028262406404E+000 -0.132751392491973E+003
  0.100000000000000E+001  0.265502625198401E+003  0.119291555674889E+001  0.778471478050729E+000  0.952070469400563E+000  0.208609628260109E+000 -0.131028262406404E+000 -0.132751312599200E+003
  0.100000000000000E+001  0.265501565461131E+003  0.752861397915080E+000  0.110284931486445E+001  0.754051153774307E+000  0.462672332699365E+000 -0.131028262406404E+000 -0.132750782730566E+003
  0.100000000000000E+001  0.265500693879839E+003  0.189086872753953E+001  0.119979899570281E+001  0.101925577058455E+000  0.279042888935718E+000 -0.131028262406404E+000 -0.132750346939919E+003
  0.100000000000000E+001  0.265498264047464E+003  0.121797352668835E+001  0.107382426428031E+001  0.538345057248610E+000  0.388075468055526E+000 -0.131028262406404E+000 -0.132749132023732E+003
  0.100000000000000E+001  0.265498058012439E+003  0.919405654825079E+000  0.110083281727374E+001  0.521680679871502E+000  0.251370699597264E+000 -0.131028262406404E+000 -0.132749029006220E+003
  0.100000000000000E+001  0.265497936449889E+003  0.971199416340629E+000  0.944356267068901E+000  0.771187825766745E+000  0.348375868580006E+000 -0.131028262406404E+000 -0.132748968224944E+003
  0.100000000000000E+001  0.265497517940566E+003  0.999290846030539E+000  0.891281059660706E+000  0.143179656840199E+000  0.273452361920912E+000 -0.131028262406404E+000 -0.132748758970283E+003
  0.100000000000000E+001  0.265493077985524E+003  0.157302444088315E+001  0.138776564625917E+001  0.294477318502448E+000  0.382193363713277E+000 -0.131028262406404E+000 -0.132746538992762E+003
  0.100000000000000E+001  0.265492760400516E+003  0.109750455257718E+001  0.120004687938193E+001  0.849550010655379E+000  0.484726325069358E+000 -0.131028262406404E+000 -0.132746380200258E+003
  0.100000000000000E+001  0.265491525248128E+003  0.143581822559454E+001  0.121730186113818E+001  0.699596638959286E+000  0.146453837075045E+000 -0.131028262406404E+000 -0.132745762624064E+003
  0.100000000000000E+001  0.265489460594318E+003  0.463755716936232E+000  0.155843087696244E+001  0.537520750247212E+000  0.424621329962159E+000 -0.131028262406404E+000 -0.132744730297159E+003
  0.100000000000000E+001  0.265489310376831E+003  0.896194050918671E+000  0.991183281980410E+000  0.905297041158047E+000  0.300048056639812E+000 -0.131028262406404E+000 -0.132744655188415E+003
  0.100000000000000E+001  0.265488580019481E+003  0.148149329519258E+001  0.147604598007705E+001  0.343012950781935E+000  0.457394842487090E+000 -0.131028262406404E+000 -0.132744290009741E+003
  0.100000000000000E+001  0.265488198142265E+003  0.955901856952260E+000  0.100556414157164E+001  0.820737014625545E+000  0.257729362161223E+000 -0.131028262406404E+000 -0.132744099071132E+003
  0.100000000000000E+001  0.265487701364076E+003  0.101882914438864E+001  0.114301527623090E+001  0.889226058362433E+000  0.218373906124291E+000 -0.131028262406404E+000 -0.132743850682038E+003
  0.100000000000000E+001  0.265487265518725E+003  0.132713632891559E+001  0.144106657663830E+001  0.145143349830527E+000  0.155017245749200E+000 -0.131028262406404E+000 -0.132743632759362E+003
  0.100000000000000E+001  0.265486662526558E+003  0.144087190709731E+001  0.567096999028998E+000  0.799570314603339E+000  0.243743956638346E+000 -0.131028262406404E+000 -0.132743331263279E+003
  0.100000000000000E+001  0.265484557527588E+003  0.146861962417766E+001  0.157847599911212E+001  0.203371529110864E+000  0.138779133042594E+000 -0.131028262406404E+000 -0.132742278763794E+003
  0.100000000000000E+001  0.265484059840659E+003  0.103555976999443E+001  0.109543519432049E+001  0.981467114436937E+000  0.434393710446415E+000 -0.131028262406404E+000 -0.132742029920330E+003
  0.100000000000000E+001  0.265483878927892E+003  0.732007181456947E+000  0.126131311912196E+001  0.486899516203673E+000  0.307833800575565E+000 -0.131028262406404E+000 -0.132741939463946E+003
  0.100000000000000E+001  0.265481390341974E+003  0.516197608592654E+000  0.181628021713076E+001  0.564993873822472E+000  0.361973713657849E+000 -0.131028262406404E+000 -0.132740695170987E+003
  0.100000000000000E+001  0.265481190283637E+003  0.935945102643688E+000  0.968391513728250E+000  0.458382428610861E+000  0.348736179260534E+000 -0.131028262406404E+000 -0.132740595141818E+003
  0.100000000000000E+001  0.265479780253915E+003  0.469852846585049E+000  0.163506410109535E+001  0.947360735251973E+000  0.409630810477153E+000 -0.131028262406404E+000 -0.132739890126957E+003
  0.100000000000000E+001  0.265478152242492E+003  0.172330236343856E+001  0.622351899183867E+000  0.766412206519240E+000  0.132969833343943E+000 -0.131028262406404E+000 -0.132739076121246E+003
  0.100000000000000E+001  0.265478037995300E+003  0.959810165451363E+000  0.109906465344999E+001  0.700524980484065E+000  0.242143395454291E+000 -0.131028262406404E+000 -0.132739018997650E+003
  0.100000000000000E+001  0.265477887917761E+003  0.605382117952073E+000  0.119191442350874E+001  0.362975727926793E+000  0.471521098810832E+000 -0.131028262406404E+000 -0.132738943958881E+003
  0.100000000000000E+001  0.265472797190590E+003  0.714852503286865E+000  0.151478200736946E+001  0.535584319178502E+000  0.285275532174120E+000 -0.131028262406404E+000 -0.132736398595295E+003
  0.100000000000000E+001  0.265472059066913E+003  0.181638089524161E+001  0.193730425012092E+001  0.439278736735724E+000  0.112056152211958E+000 -0.131028262406404E+000 -0.132736029533457E+003
  0.100000000000000E+001  0.265468132472570E+003  0.129798160729855E+001  0.178452308227349E+001  0.375619231767304E+000  0.155878885258712E+000 -0.131028262406404E+000 -0.132734066236285E+003
  0.100000000000000E+001  0.265463627132730E+003  0.180587714589990E+001  0.962922222063184E+000  0.497917877493449E+000  0.120596002561687E+000 -0.131028262406404E+000 -0.132731813566365E+003
  0.100000000000000E+001  0.265463286034062E+003  0.110328022105759E+001  0.985554049380852E+000  0.313564480519003E+000  0.216397790833957E+000 -0.131028262406404E+000 -0.132731643017031E+003
  0.100000000000000E+001  0.265462131823082E+003  0.197788733808730E+001  0.195763048507472E+001  0.855269321936378E+000  0.103785547688902E+000 -0.131028262406404E+000 -0.132731065911541E+003
  0.100000000000000E+001  0.265459982684089E+003  0.611508020779097E+000  0.134617879793772E+001  0.563028014708817E+000  0.365687391231255E+000 -0.131028262406404E+000 -0.132729991342045E+003
  0.100000000000000E+001  0.265459080788067E+003  0.169943547536669E+001  0.614075770260986E+000  0.566459255548777E+000  0.138136102739797E+000 -0.131028262406404E+000 -0.132729540394034E+003
  0.100000000000000E+001  0.265458850095660E+003  0.113233078967406E+001  0.854679222884296E+000  0.499762488627724E+000  0.303513823645467E+000 -0.131028262406404E+000 -0.132729425047830E+003
  0.100000000000000E+001  0.265458676259192E+003  0.171305342212273E+001  0.959288806775400E+000  0.155811329018826E+000  0.276991673356125E+000 -0.131028262406404E+000 -0.132729338129596E+003
  0.100000000000000E+001  0.265456583018853E+003  0.195627367837369E+001  0.141905152243029E+001  0.911582706455077E+000  0.107363411044113E+000 -0.131028262406404E+000 -0.132728291509427E+003
  0.100000000000000E+001  0.265456476223187E+003  0.107061014839756E+001  0.168913272513503E+001  0.320940656094261E+000  0.189819976567543E+000 -0.131028262406404E+000 -0.132728238111593E+003
  0.100000000000000E+001  0.265455696087729E+003  0.185228880305837E+001  0.199932545505288E+001  0.581903374561630E+000  0.480232501098972E+000 -0.131028262406404E+000 -0.132727848043864E+003
  0.100000000000000E+001  0.265455586043784E+003  0.817155801708003E+000  0.108215581286623E+001  0.113619167602580E+000  0.327777532253643E+000 -0.131028262406404E+000 -0.132727793021892E+003
  0.100000000000000E+001  0.265455100068454E+003  0.180670231300519E+001  0.128140093772625E+001  0.812967680951426E+000  0.298279485365963E+000 -0.131028262406404E+000 -0.132727550034227E+003
  0.100000000000000E+001  0.265454996728950E+003  0.504274560135266E+000  0.129931582635003E+001  0.963022993006751E+000  0.499868828418335E+000 -0.131028262406404E+000 -0.132727498364475E+003
  0.100000000000000E+001  0.265453968611871E+003  0.100416793863447E+001  0.182455272976977E+001  0.630397131230423E+000  0.199584930883886E+000 -0.131028262406404E+000 -0.132726984305935E+003
  0.100000000000000E+001  0.265453903566635E+003  0.135835622330426E+001  0.782354628478098E+000  0.172592630216185E+000  0.283576466587025E+000 -0.131028262406404E+000 -0.132726951783317E+003
  0.100000000000000E+001  0.265453136130493E+003  0.151783673634931E+001  0.117386941489775E+001  0.545180834413191E+000  0.341423518895849E+000 -0.131028262406404E+000 -0.132726568065246E+003
  0.100000000000000E+001  0.265452089055324E+003  0.165670526432291E+001  0.115794173194135E+001  0.262300832923621E+000  0.130422384886174E+000 -0.131028262406404E+000 -0.132726044527662E+003
  0.100000000000000E+001  0.265451723076863E+003  0.173164303114464E+001  0.819036478169826E+000  0.516886498635668E+000  0.130249983385317E+000 -0.131028262406404E+000 -0.132725861538432E+003
  0.100000000000000E+001  0.265450887199194E+003  0.577572247287642E+000  0.124913257693074E+001  0.560554351564974E+000  0.448761227819873E+000 -0.131028262406404E+000 -0.132725443599597E+003
  0.100000000000000E+001  0.265448316767673E+003  0.120300031245655E+001  0.184563344289132E+001  0.348880423860735E+000  0.168869477116870E+000 -0.131028262406404E+000 -0.132724158383837E+003
  0.100000000000000E+001  0.265445679884435E+003  0.180075867739973E+001  0.152697660268533E+001  0.755118990970344E+000  0.116720630466851E+000 -0.131028262406404E+000 -0.132722839942218E+003
  0.100000000000000E+001  0.265445576112495E+003  0.947974336621240E+000  0.158410618610730E+001  0.548917455818357E+000  0.217342271762871E+000 -0.131028262406404E+000 -0.132722788056248E+003
  0.100000000000000E+001  0.265444859575087E+003  0.805641925864863E+000  0.109603908779767E+001  0.376892694740666E+000  0.334739689750605E+000 -0.131028262406404E+000 -0.132722429787543E+003
  0.100000000000000E+001  0.265441548465252E+003  0.968327570885432E+000  0.151923579917243E+001  0.930819465006826E+000  0.215727039461257E+000 -0.131028262406404E+000 -0.132720774232626E+003
  0.100000000000000E+001  0.265439674708983E+003  0.858998004601261E+000  0.155314130049978E+001  0.861718418141626E+000  0.241112170876710E+000 -0.131028262406404E+000 -0.132719837354492E+003
  0.100000000000000E+001  0.265438743177794E+003  0.462617004069371E+000  0.158119006378263E+001  0.502364316727089E+000  0.432885322504310E+000 -0.131028262406404E+000 -0.132719371588897E+003
  0.100000000000000E+001  0.265436497092465E+003  0.106237687075335E+001  0.184301781831125E+001  0.178164866027006E+000  0.190996561798361E+000 -0.131028262406404E+000 -0.132718248546233E+003
  0.100000000000000E+001  0.265435894578517E+003  0.115785478657790E+001  0.998603358763031E+000  0.475409291008195E+000  0.357738280103083E+000 -0.131028262406404E+000 -0.132717947289259E+003
  0.100000000000000E+001  0.265434754349702E+003  0.115393617568912E+001  0.101750575789165E+001  0.234808905090203E+000  0.365588673987527E+000 -0.131028262406404E+000 -0.132717377174851E+003
  0.100000000000000E+001  0.265433564704156E+003  0.689548857122671E+000  0.198832779538998E+001  0.243740508779042E+000  0.281914534209884E+000 -0.131028262406404E+000 -0.132716782352078E+003
  0.100000000000000E+001  0.265432159478596E+003  0.717660284882331E+000  0.154780376591271E+001  0.311359945190698E+000  0.288329650475240E+000 -0.131028262406404E+000 -0.132716079739298E+003
  0.100000000000000E+001  0.265430611340646E+003  0.147219351052626E+001  0.177055335186327E+001  0.975514559128058E+000  0.141441372537906E+000 -0.131028262406404E+000 -0.132715305670323E+003
  0.100000000000000E+001  0.265429274190423E+003  0.666926375869105E+000  0.119966262744589E+001  0.794212582373173E+000  0.399031001078059E+000 -0.131028262406404E+000 -0.132714637095211E+003
  0.100000000000000E+001  0.265428916963588E+003  0.469731576154947E+000  0.182932986806656E+001  0.257243698693209E+000  0.403792602288858E+000 -0.131028262406404E+000 -0.132714458481794E+003
  0.100000000000000E+001  0.265427563957781E+003  0.813525251810850E+000  0.110286068139839E+001  0.211400072941265E+000  0.437265845815366E+000 -0.131028262406404E+000 -0.132713781978891E+003
  0.100000000000000E+001  0.265424490092840E+003  0.135038523578137E+001  0.144922523395291E+001  0.923930149688058E+000  0.158510705344223E+000 -0.131028262406404E+000 -0.132712245046420E+003
  0.100000000000000E+001  0.265422911094790E+003  0.155081062375627E+001  0.706992061350140E+000  0.256901812549513E-001  0.255368318927264E+000 -0.131028262406404E+000 -0.132711455547395E+003
  0.100000000000000E+001  0.265422511487843E+003  0.785664377238308E+000  0.149684862656270E+001  0.570704464047902E+000  0.269191328967158E+000 -0.131028262406404E+000 -0.132711255743921E+003
  0.100000000000000E+001  0.265421012123306E+003  0.126708441476701E+001  0.796053545930142E+000  0.465064266277793E+000  0.277406371213718E+000 -0.131028262406404E+000 -0.132710506061653E+003
  0.100000000000000E+001  0.265420181088339E+003  0.151176683993178E+001  0.154722764575357E+001  0.854642532781044E+000  0.140800469078148E+000 -0.131028262406404E+000 -0.132710090544170E+003
  0.100000000000000E+001  0.265419388371664E+003  0.144080698782115E+001  0.126596795937158E+001  0.469726553002520E+000  0.152452973236280E+000 -0.131028262406404E+000 -0.132709694185832E+003
  0.100000000000000E+001  0.265417782759076E+003  0.153940136144229E+001  0.881620264092012E+000  0.746756171600332E+000  0.282369273815121E+000 -0.131028262406404E+000 -0.132708891379538E+003
  0.100000000000000E+001  0.265417195226391E+003  0.126725191897847E+001  0.114820789712026E+001  0.755282172236711E+000  0.179258452194304E+000 -0.131028262406404E+000 -0.132708597613196E+003
  0.100000000000000E+001  0.265416225458560E+003  0.867833330206423E+000  0.137417781453657E+001  0.405037207261601E+000  0.253624885877357E+000 -0.131028262406404E+000 -0.132708112729280E+003
  0.100000000000000E+001  0.265416168788289E+003  0.134230222131262E+001  0.133938060491960E+001  0.458581178764202E+000  0.162685573936182E+000 -0.131028262406404E+000 -0.132708084394145E+003
  0.100000000000000E+001  0.265414711152074E+003  0.154778996998469E+001  0.580578750055806E+000  0.852564098018084E+000  0.231367696664145E+000 -0.131028262406404E+000 -0.132707355576037E+003
  0.100000000000000E+001  0.265411729174200E+003  0.131331055588004E+001  0.155944145868039E+001  0.908079765893470E+000  0.162289430713865E+000 -0.131028262406404E+000 -0.132705864587100E+003
  0.100000000000000E+001  0.265407351761164E+003  0.967152817168707E+000  0.992437804952973E+000  0.889298729475261E+000  0.300202645305522E+000 -0.131028262406404E+000 -0.132703675880582E+003
  0.100000000000000E+001  0.265403941386210E+003  0.181794810567114E+001  0.189984035354553E+001  0.380228930134745E+000  0.447890172500202E+000 -0.131028262406404E+000 -0.132701970693105E+003
  0.100000000000000E+001  0.265401934159250E+003  0.179036384236845E+001  0.697697440182028E+000  0.174414436574830E+000  0.133760068019982E+000 -0.131028262406404E+000 -0.132700967079625E+003
  0.100000000000000E+001  0.265401592985919E+003  0.163383083474656E+001  0.171362076249881E+001  0.100418340617198E+000  0.478411812688470E+000 -0.131028262406404E+000 -0.132700796492960E+003
  0.100000000000000E+001  0.265401382281120E+003  0.767390515954391E+000  0.145817250826888E+001  0.358175946750270E+000  0.282396687948194E+000 -0.131028262406404E+000 -0.132700691140560E+003
  0.100000000000000E+001  0.265399723695402E+003  0.117531408882154E+001  0.168381517539854E+001  0.349995968494929E+000  0.179682843543352E+000 -0.131028262406404E+000 -0.132699861847701E+003
  0.100000000000000E+001  0.265398612741255E+003  0.150067911369231E+001  0.618350267994045E+000  0.421930114834865E-001  0.232379237084478E+000 -0.131028262406404E+000 -0.132699306370628E+003
  0.100000000000000E+001  0.265397273550982E+003  0.114127907593054E+001  0.871209608182663E+000  0.373218045414483E-001  0.255793169505071E+000 -0.131028262406404E+000 -0.132698636775491E+003
  0.100000000000000E+001  0.265395921388529E+003  0.189871073749731E+001  0.103154707756342E+001  0.878841791525658E+000  0.253768518991092E+000 -0.131028262406404E+000 -0.132697960694264E+003
  0.100000000000000E+001  0.265395543574379E+003  0.175258229074900E+001  0.150453230875696E+001  0.327282105903545E+000  0.341570970485234E+000 -0.131028262406404E+000 -0.132697771787189E+003
  0.100000000000000E+001  0.265395534492076E+003  0.173068719985483E+001  0.522819879491621E+000  0.227541007104716E-001  0.148612650736738E+000 -0.131028262406404E+000 -0.132697767246038E+003
  0.100000000000000E+001  0.265393635511127E+003  0.926533329481201E+000  0.105435764777958E+001  0.192611216221333E+000  0.383163776580033E+000 -0.131028262406404E+000 -0.132696817755563E+003
  0.100000000000000E+001  0.265392588253054E+003  0.171814758193663E+001  0.131619480540760E+001  0.944678463831955E+000  0.315129301073712E+000 -0.131028262406404E+000 -0.132696294126527E+003
  0.100000000000000E+001  0.265392405073150E+003  0.121050439385947E+001  0.923287908865238E+000  0.849583137811490E+000  0.314137742008231E+000 -0.131028262406404E+000 -0.132696202536575E+003
  0.100000000000000E+001  0.265392151657800E+003  0.439687027048379E+000  0.153573334678390E+001  0.150892566245938E+000  0.476823342809069E+000 -0.131028262406404E+000 -0.132696075828900E+003
  0.100000000000000E+001  0.265390349412766E+003  0.156035482097053E+001  0.665776445258172E+000  0.669389648978508E+000  0.165451848660882E+000 -0.131028262406404E+000 -0.132695174706383E+003
  0.100000000000000E+001  0.265390025204657E+003  0.926454505820349E+000  0.110169337281989E+001  0.127841927040703E+000  0.279071132154091E+000 -0.131028262406404E+000 -0.132695012602329E+003
  0.100000000000000E+001  0.265388946041282E+003  0.172613244169070E+001  0.119153252598427E+001  0.505243804761870E+000  0.130180013506866E+000 -0.131028262406404E+000 -0.132694473020641E+003
  0.100000000000000E+001  0.265388864141609E+003  0.764093292561270E+000  0.193223890906584E+001  0.516462398683825E+000  0.263235305382990E+000 -0.131028262406404E+000 -0.132694432070805E+003
  0.100000000000000E+001  0.265388037832850E+003  0.145462272193991E+001  0.132282021127815E+001  0.371524015917097E+000  0.153070578164388E+000 -0.131028262406404E+000 -0.132694018916425E+003
  0.100000000000000E+001  0.265387838745023E+003  0.193143045319696E+001  0.191742218329841E+001  0.575643172127714E-001  0.389966706339400E+000 -0.131028262406404E+000 -0.132693919372511E+003
  0.100000000000000E+001  0.265387415826952E+003  0.821750856063060E+000  0.175630625995892E+001  0.633173441324385E+000  0.250503499556098E+000 -0.131028262406404E+000 -0.132693707913476E+003
  0.100000000000000E+001  0.265385638895526E+003  0.199469910875462E+001  0.104574414508191E+001  0.127881409605239E+000  0.113763319021650E+000 -0.131028262406404E+000 -0.132692819447763E+003
  0.100000000000000E+001  0.265384660722049E+003  0.148742387558481E+001  0.601646552295934E+000  0.783770251841313E+000  0.217799467048935E+000 -0.131028262406404E+000 -0.132692330361025E+003
  0.100000000000000E+001  0.265383984787649E+003  0.109881751303353E+001  0.919884257977300E+000  0.153828077362800E+000  0.294853668731502E+000 -0.131028262406404E+000 -0.132691992393825E+003
  0.100000000000000E+001  0.265383237865410E+003  0.145581262565882E+001  0.151026782928061E+001  0.930271266466828E+000  0.477964933773850E+000 -0.131028262406404E+000 -0.132691618932705E+003
  0.100000000000000E+001  0.265381204174982E+003  0.123486737499759E+001  0.125725352096995E+001  0.597840879886673E-001  0.184702647782004E+000 -0.131028262406404E+000 -0.132690602087491E+003
  0.100000000000000E+001  0.265380070179971E+003  0.134636708860567E+001  0.725779836197068E+000  0.885158378160366E+000  0.219141333124648E+000 -0.131028262406404E+000 -0.132690035089986E+003
  0.100000000000000E+001  0.265379640580229E+003  0.567166488053301E+000  0.197938930454122E+001  0.534992459505546E+000  0.345468365559554E+000 -0.131028262406404E+000 -0.132689820290114E+003
  0.100000000000000E+001  0.265376560397210E+003  0.111485948286960E+001  0.152637716311495E+001  0.470163427762865E+000  0.195420488325055E+000 -0.131028262406404E+000 -0.132688280198605E+003
  0.100000000000000E+001  0.265376213003444E+003  0.102868615818174E+001  0.108038860497351E+001  0.867317054029182E+000  0.398373239344041E+000 -0.131028262406404E+000 -0.132688106501722E+003
  0.100000000000000E+001  0.265374554421259E+003  0.174361536790883E+001  0.158089856721224E+001  0.237630355035056E+000  0.360537024598157E+000 -0.131028262406404E+000 -0.132687277210629E+003
  0.100000000000000E+001  0.265374423630231E+003  0.164653645497827E+001  0.124360377768152E+001  0.410659627232326E+000  0.316692645182014E+000 -0.131028262406404E+000 -0.132687211815115E+003
  0.100000000000000E+001  0.265373223607824E+003  0.122576650073643E+001  0.920838239262634E+000  0.482468298372231E+000  0.307193702035800E+000 -0.131028262406404E+000 -0.132686611803912E+003
  0.100000000000000E+001  0.265373172899862E+003  0.120248334566440E+001  0.119012566244843E+001  0.809485406747219E+000  0.419322893848815E+000 -0.131028262406404E+000 -0.132686586449931E+003
  0.100000000000000E+001  0.265371117680494E+003  0.152987354235039E+001  0.990163554752077E+000  0.859604354743140E-001  0.294203084185288E+000 -0.131028262406404E+000 -0.132685558840247E+003
  0.100000000000000E+001  0.265369113487799E+003  0.923949598913725E+000  0.123035679773730E+001  0.738505825867846E+000  0.260347366053215E+000 -0.131028262406404E+000 -0.132684556743900E+003
  0.100000000000000E+001  0.265368083107009E+003  0.110961431254530E+001  0.930728979819563E+000  0.546166321394348E-001  0.297023026942174E+000 -0.131028262406404E+000 -0.132684041553504E+003
  0.100000000000000E+001  0.265367586831370E+003  0.144357866067090E+001  0.983665067263539E+000  0.262620209420901E+000  0.167710529958738E+000 -0.131028262406404E+000 -0.132683793415685E+003
  0.100000000000000E+001  0.265367086458494E+003  0.191890709264940E+001  0.815406142971909E+000  0.753468783262404E+000  0.124143516325494E+000 -0.131028262406404E+000 -0.132683543229247E+003
  0.100000000000000E+001  0.265365681214197E+003  0.195529595015116E+001  0.767845160157853E+000  0.678904542687036E+000  0.122548473200109E+000 -0.131028262406404E+000 -0.132682840607099E+003
  0.100000000000000E+001  0.265365660119610E+003  0.519468305015702E+000  0.134801001801580E+001  0.409083265587498E-001  0.477854333162415E+000 -0.131028262406404E+000 -0.132682830059805E+003
  0.100000000000000E+001  0.265360259438938E+003  0.663450768114615E+000  0.123243777420713E+001  0.428713697973496E-001  0.411735013774062E+000 -0.131028262406404E+000 -0.132680129719469E+003
  0.100000000000000E+001  0.265359871781905E+003  0.105450202119561E+001  0.970570081577221E+000  0.834558085925201E+000  0.305208366505105E+000 -0.131028262406404E+000 -0.132679935890952E+003
  0.100000000000000E+001  0.265359123236871E+003  0.171891425799659E+001  0.521279956236454E+000  0.802441646138792E+000  0.210030930908281E+000 -0.131028262406404E+000 -0.132679561618435E+003
  0.100000000000000E+001  0.265355714506161E+003  0.154700074135022E+001  0.103707011725329E+001  0.336000536583110E+000  0.154166691149822E+000 -0.131028262406404E+000 -0.132677857253080E+003
  0.100000000000000E+001  0.265354436890529E+003  0.889286997465721E+000  0.129868487910972E+001  0.686937047386231E+000  0.265957683805803E+000 -0.131028262406404E+000 -0.132677218445265E+003
  0.100000000000000E+001  0.265354002404527E+003  0.138610932000008E+001  0.106170796054518E+001  0.606542352144398E+000  0.328114414327163E+000 -0.131028262406404E+000 -0.132677001202263E+003
  0.100000000000000E+001  0.265353063264121E+003  0.935873199575539E+000  0.112251282358024E+001  0.540672987002005E+000  0.281389937506649E+000 -0.131028262406404E+000 -0.132676531632061E+003
  0.100000000000000E+001  0.265351948112279E+003  0.118629735111727E+001  0.106781668281042E+001  0.761808048864593E+000  0.210743339303898E+000 -0.131028262406404E+000 -0.132675974056140E+003
  0.100000000000000E+001  0.265351862334093E+003  0.156230183645393E+001  0.599726516460240E+000  0.452722688548703E+000  0.186478746081650E+000 -0.131028262406404E+000 -0.132675931167046E+003
  0.100000000000000E+001  0.265349138938299E+003  0.104861457685340E+001  0.159866727198427E+001  0.784945926581267E+000  0.208455518864487E+000 -0.131028262406404E+000 -0.132674569469150E+003
  0.100000000000000E+001  0.265348750227974E+003  0.127551355824128E+001  0.860444730836857E+000  0.418109680248865E-001  0.219218167865828E+000 -0.131028262406404E+000 -0.132674375113987E+003
  0.100000000000000E+001  0.265348212403542E+003  0.123350753554668E+001  0.108904789924742E+001  0.879252962029582E+000  0.199579177059710E+000 -0.131028262406404E+000 -0.132674106201771E+003
  0.100000000000000E+001  0.265346966070952E+003  0.121749330900182E+001  0.116238523434381E+001  0.805785427587343E+000  0.396686947967990E+000 -0.131028262406404E+000 -0.132673483035476E+003
  0.100000000000000E+001  0.265346724691088E+003  0.175276503310155E+001  0.180679836999451E+001  0.957844717226704E+000  0.125767801813684E+000 -0.131028262406404E+000 -0.132673362345544E+003
  0.100000000000000E+001  0.265346078804022E+003  0.639568838837047E+000  0.173937218500532E+001  0.689753100388682E+000  0.321895787671952E+000 -0.131028262406404E+000 -0.132673039402011E+003
  0.100000000000000E+001  0.265344452979116E+003  0.851901603768153E+000  0.148495669141010E+001  0.538799323068742E+000  0.261494333490974E+000 -0.131028262406404E+000 -0.132672226489558E+003
  0.100000000000000E+001  0.265343903920131E+003  0.112615055043036E+001  0.104594470064539E+001  0.571330731901746E-001  0.230921079925937E+000 -0.131028262406404E+000 -0.132671951960065E+003
  0.100000000000000E+001  0.265342150218953E+003  0.781272005524376E+000  0.161095339894396E+001  0.670160377439552E+000  0.275520136892554E+000 -0.131028262406404E+000 -0.132671075109476E+003
  0.100000000000000E+001  0.265341714188369E+003  0.131777547893733E+001  0.837077782182237E+000  0.996480658038359E+000  0.265930713037982E+000 -0.131028262406404E+000 -0.132670857094184E+003
  0.100000000000000E+001  0.265340615558697E+003  0.112550095550138E+001  0.953952923467583E+000  0.707303923981102E+000  0.302578943506270E+000 -0.131028262406404E+000 -0.132670307779348E+003
  0.100000000000000E+001  0.265340109052406E+003  0.149697733815989E+001  0.792067979199991E+000  0.717120377995033E+000  0.176968295989705E+000 -0.131028262406404E+000 -0.132670054526203E+003
  0.100000000000000E+001  0.265339915305104E+003  0.161327506314255E+001  0.934120476708127E+000  0.716209639056190E+000  0.270488710425159E+000 -0.131028262406404E+000 -0.132669957652552E+003
  0.100000000000000E+001  0.265332891055493E+003  0.857559115105127E+000  0.126899205311445E+001  0.312317630523224E+000  0.286595671508486E+000 -0.131028262406404E+000 -0.132666445527747E+003
  0.100000000000000E+001  0.265332802905206E+003  0.150983725902913E+001  0.196160281388104E+001  0.225460462952831E+000  0.145129637057152E+000 -0.131028262406404E+000 -0.132666401452603E+003
  0.100000000000000E+001  0.265332305189027E+003  0.619808250405105E+000  0.173189514583644E+001  0.469427940301412E+000  0.333798595730712E+000 -0.131028262406404E+000 -0.132666152594514E+003
  0.100000000000000E+001  0.265331430297303E+003  0.168745892216054E+001  0.525537487281357E+000  0.226680180758474E+000  0.197098903091692E+000 -0.131028262406404E+000 -0.132665715148652E+003
  0.100000000000000E+001  0.265330924545148E+003  0.139668395732710E+001  0.117347930321798E+001  0.460133429818225E+000  0.171136618432537E+000 -0.131028262406404E+000 -0.132665462272574E+003
  0.100000000000000E+001  0.265330193344726E+003  0.152325311620607E+001  0.131519560065022E+001  0.710156717486857E+000  0.357477177255043E+000 -0.131028262406404E+000 -0.132665096672363E+003
  0.100000000000000E+001  0.265330090287774E+003  0.727189051923308E+000  0.122849497839993E+001  0.779493103682081E-001  0.371164144641894E+000 -0.131028262406404E+000 -0.132665045143887E+003
  0.100000000000000E+001  0.265329864944848E+003  0.116140282028621E+001  0.119428038050855E+001  0.322323261970257E+000  0.209361993621053E+000 -0.131028262406404E+000 -0.132664932472424E+003
  0.100000000000000E+001  0.265325442076873E+003  0.823402543995382E+000  0.126590224960293E+001  0.636891495868182E+000  0.303383711109902E+000 -0.131028262406404E+000 -0.132662721038436E+003
  0.100000000000000E+001  0.265323441284598E+003  0.529355210819012E+000  0.162806960172525E+001  0.924287455797015E-001  0.397067557898474E+000 -0.131028262406404E+000 -0.132661720642299E+003
  0.100000000000000E+001  0.265322094561706E+003  0.155920978615978E+001  0.746642627530995E+000  0.336205757026644E+000  0.174462552667755E+000 -0.131028262406404E+000 -0.132661047280853E+003
  0.100000000000000E+001  0.265319834937364E+003  0.196409422560026E+001  0.549459126684509E+000  0.422168553957130E+000  0.201829422052179E+000 -0.131028262406404E+000 -0.132659917468682E+003
  0.100000000000000E+001  0.265317654900527E+003  0.160829042782563E+001  0.625273788350776E+000  0.527389615005903E+000  0.183688176339198E+000 -0.131028262406404E+000 -0.132658827450263E+003
  0.100000000000000E+001  0.265316106953336E+003  0.199745923786644E+001  0.137383689475183E+001  0.460081344354469E+000  0.261867585855791E+000 -0.131028262406404E+000 -0.132658053476668E+003
  0.100000000000000E+001  0.265315873199491E+003  0.192150879395065E+001  0.563492446792958E+000  0.363849700246489E+000  0.138252020183994E+000 -0.131028262406404E+000 -0.132657936599745E+003
  0.100000000000000E+001  0.265313765210772E+003  0.962261307224313E+000  0.106923132035639E+001  0.978541547480073E+000  0.315305474716489E+000 -0.131028262406404E+000 -0.132656882605386E+003
  0.100000000000000E+001  0.265313243030009E+003  0.148551965481887E+001  0.747638162638919E+000  0.709690072192923E-001  0.193977659715566E+000 -0.131028262406404E+000 -0.132656621515004E+003
  0.100000000000000E+001  0.265312766627584E+003  0.520032630426668E+000  0.149230395158536E+001  0.332381907309288E-001  0.432100724631690E+000 -0.131028262406404E+000 -0.132656383313792E+003
  0.100000000000000E+001  0.265310459826173E+003  0.107188394240399E+001  0.195950500128155E+001  0.298346259069474E-001  0.201547758387204E+000 -0.131028262406404E+000 -0.132655229913087E+003
  0.100000000000000E+001  0.265310282030704E+003  0.189943265591433E+001  0.152788671611618E+001  0.807600848404385E+000  0.121032106700624E+000 -0.131028262406404E+000 -0.132655141015352E+003
  0.100000000000000E+001  0.265309588827185E+003  0.104633290871606E+001  0.132195409370135E+001  0.720934874835769E+000  0.228286733738971E+000 -0.131028262406404E+000 -0.132654794413592E+003
  0.100000000000000E+001  0.265309491248076E+003  0.191382375471812E+001  0.133392575681472E+001  0.844536700811239E+000  0.122085911166348E+000 -0.131028262406404E+000 -0.132654745624038E+003
  0.100000000000000E+001  0.265308699439929E+003  0.103668132421238E+001  0.147338524492727E+001  0.416559794546393E+000  0.221161823855749E+000 -0.131028262406404E+000 -0.132654349719964E+003
  0.100000000000000E+001  0.265307981728007E+003  0.177559292481950E+001  0.538990880290403E+000  0.185332108421497E+000  0.198905994540467E+000 -0.131028262406404E+000 -0.132653990864003E+003
  0.100000000000000E+001  0.265306156025578E+003  0.172505685024543E+001  0.762879746897632E+000  0.775522622049657E+000  0.152191409071794E+000 -0.131028262406404E+000 -0.132653078012789E+003
  0.100000000000000E+001  0.265303409699200E+003  0.140778092948021E+001  0.810012322128561E+000  0.969783775323516E+000  0.245283889825737E+000 -0.131028262406404E+000 -0.132651704849600E+003
  0.100000000000000E+001  0.265300831213393E+003  0.562804140899285E+000  0.130660293384406E+001  0.761678009256363E+000  0.487739567585073E+000 -0.131028262406404E+000 -0.132650415606696E+003
  0.100000000000000E+001  0.265298809535393E+003  0.190073068544412E+001  0.112560892119359E+001  0.836552975032024E+000  0.126804211283566E+000 -0.131028262406404E+000 -0.132649404767697E+003
  0.100000000000000E+001  0.265298530966898E+003  0.141033639686395E+001  0.857353710199087E+000  0.145912420724361E+000  0.260695153427923E+000 -0.131028262406404E+000 -0.132649265483449E+003
  0.100000000000000E+001  0.265296808024806E+003  0.790139281692966E+000  0.169592765522380E+001  0.883427793577984E+000  0.274725619430552E+000 -0.131028262406404E+000 -0.132648404012403E+003
  0.100000000000000E+001  0.265295480392670E+003  0.476545074819987E+000  0.192537473877334E+001  0.353684744225791E+000  0.421113729198910E+000 -0.131028262406404E+000 -0.132647740196335E+003
  0.100000000000000E+001  0.265293262219284E+003  0.906852529377981E+000  0.113504742797065E+001  0.893798561278881E-001  0.419950213574077E+000 -0.131028262406404E+000 -0.132646631109642E+003
  0.100000000000000E+001  0.265287474194075E+003  0.836391292951632E+000  0.157439749001408E+001  0.956498407549409E+000  0.268795930242591E+000 -0.131028262406404E+000 -0.132643737097037E+003
  0.100000000000000E+001  0.265284395621515E+003  0.154758099105971E+001  0.157587149556734E+001  0.474767625092767E+000  0.439155671555496E+000 -0.131028262406404E+000 -0.132642197810757E+003
  0.100000000000000E+001  0.265284198021754E+003  0.164001048727819E+001  0.153672359974948E+001  0.297691155506445E+000  0.142143776588428E+000 -0.131028262406404E+000 -0.132642099010877E+003
  0.100000000000000E+001  0.265283407568781E+003  0.160092818695331E+001  0.865972135206362E+000  0.374421569030506E+000  0.166541010868009E+000 -0.131028262406404E+000 -0.132641703784390E+003
  0.100000000000000E+001  0.265283110306783E+003  0.964683787821499E+000  0.127330201188515E+001  0.122451894641180E+000  0.259926831131382E+000 -0.131028262406404E+000 -0.132641555153392E+003
  0.100000000000000E+001  0.265281784375655E+003  0.149734171502631E+001  0.147642658186837E+001  0.611585404959376E+000  0.156698531889201E+000 -0.131028262406404E+000 -0.132640892187827E+003
  0.100000000000000E+001  0.265280974256173E+003  0.130097670879870E+001  0.138048815060660E+001  0.656774426735470E+000  0.471172272855961E+000 -0.131028262406404E+000 -0.132640487128086E+003
  0.100000000000000E+001  0.265279527967389E+003  0.446558967907360E+000  0.195577444545338E+001  0.529078618934883E+000  0.450834364724004E+000 -0.131028262406404E+000 -0.132639763983695E+003
  0.100000000000000E+001  0.265278692912458E+003  0.105558428305354E+001  0.104388659830321E+001  0.340226652547559E+000  0.321763270475772E+000 -0.131028262406404E+000 -0.132639346456229E+003
  0.100000000000000E+001  0.265276722510677E+003  0.668008153278024E+000  0.122577691342376E+001  0.464140290807660E+000  0.497906333170303E+000 -0.131028262406404E+000 -0.132638361255339E+003
  0.100000000000000E+001  0.265276208811952E+003  0.840450536596415E+000  0.115221851000225E+001  0.655648092051545E+000  0.411763082514742E+000 -0.131028262406404E+000 -0.132638104405976E+003
  0.100000000000000E+001  0.265275073416203E+003  0.655707778492058E+000  0.131386034306504E+001  0.488397788654712E+000  0.401020799802403E+000 -0.131028262406404E+000 -0.132637536708102E+003
  0.100000000000000E+001  0.265274862649287E+003  0.108408391291143E+001  0.103037272344356E+001  0.776272941741001E+000  0.287756084591369E+000 -0.131028262406404E+000 -0.132637431324644E+003
  0.100000000000000E+001  0.265273040137756E+003  0.154236845337930E+001  0.104692690987276E+001  0.199950174870600E+000  0.165956341804854E+000 -0.131028262406404E+000 -0.132636520068878E+003
  0.100000000000000E+001  0.265271641639679E+003  0.118960520690083E+001  0.110274689547272E+001  0.599854651358556E+000  0.358307150027004E+000 -0.131028262406404E+000 -0.132635820819839E+003
  0.100000000000000E+001  0.265270337301332E+003  0.168902013833961E+001  0.143273398072674E+001  0.359327533047963E-001  0.329890180217364E+000 -0.131028262406404E+000 -0.132635168650666E+003
  0.100000000000000E+001  0.265269502021028E+003  0.104344422334331E+001  0.147893366727873E+001  0.463176399094364E+000  0.225052559176055E+000 -0.131028262406404E+000 -0.132634751010514E+003
  0.100000000000000E+001  0.265266650015419E+003  0.150706868565487E+001  0.123575548659883E+001  0.214209744569722E+000  0.332276741310524E+000 -0.131028262406404E+000 -0.132633325007710E+003
  0.100000000000000E+001  0.265265998950494E+003  0.175766768253912E+001  0.877274887890542E+000  0.166170577729290E+000  0.149701228862184E+000 -0.131028262406404E+000 -0.132632999475247E+003
  0.100000000000000E+001  0.265265943061770E+003  0.150517209589942E+001  0.162011784043233E+001  0.288768069686262E+000  0.155035040446471E+000 -0.131028262406404E+000 -0.132632971530885E+003
  0.100000000000000E+001  0.265265918928400E+003  0.177788557064402E+001  0.706729891256163E+000  0.870615994790395E+000  0.156979744670968E+000 -0.131028262406404E+000 -0.132632959464200E+003
  0.100000000000000E+001  0.265265058430048E+003  0.143330363307115E+001  0.826167977687783E+000  0.539847938847801E+000  0.221418872242231E+000 -0.131028262406404E+000 -0.132632529215024E+003
  0.100000000000000E+001  0.265264004245140E+003  0.969515043705328E+000  0.109648270904439E+001  0.206388140138239E+000  0.333331631387846E+000 -0.131028262406404E+000 -0.132632002122570E+003
  0.100000000000000E+001  0.265263942987115E+003  0.161366728137502E+001  0.708611111198501E+000  0.664105849668404E+000  0.207292737819652E+000 -0.131028262406404E+000 -0.132631971493557E+003
  0.100000000000000E+001  0.265263112123584E+003  0.121818571169406E+001  0.965120331769831E+000  0.957954221234205E+000  0.257786135597128E+000 -0.131028262406404E+000 -0.132631556061792E+003
  0.100000000000000E+001  0.265262878442135E+003  0.139597710060582E+001  0.135844868576561E+001  0.504861032176077E+000  0.407257157026578E+000 -0.131028262406404E+000 -0.132631439221068E+003
  0.100000000000000E+001  0.265261118194409E+003  0.134671204452840E+001  0.154101567895144E+001  0.471672892885312E+000  0.174674958569755E+000 -0.131028262406404E+000 -0.132630559097205E+003
  0.100000000000000E+001  0.265260905536892E+003  0.777902394830679E+000  0.159604993337259E+001  0.572655906530650E+000  0.290283886605422E+000 -0.131028262406404E+000 -0.132630452768446E+003
  0.100000000000000E+001  0.265260882703988E+003  0.153454674223164E+001  0.193607879460159E+001  0.575781916612507E+000  0.149317805127311E+000 -0.131028262406404E+000 -0.132630441351994E+003
  0.100000000000000E+001  0.265260726745160E+003  0.770765868347245E+000  0.163734236449325E+001  0.402271606354065E+000  0.289824302426611E+000 -0.131028262406404E+000 -0.132630363372580E+003
  0.100000000000000E+001  0.265257132586603E+003  0.573488496093387E+000  0.165787782539681E+001  0.805928773621758E+000  0.377698930603000E+000 -0.131028262406404E+000 -0.132628566293302E+003
  0.100000000000000E+001  0.265255713853884E+003  0.167272323850369E+001  0.104105877464830E+001  0.956109635529002E+000  0.265775255602747E+000 -0.131028262406404E+000 -0.132627856926942E+003
  0.100000000000000E+001  0.265255389032137E+003  0.656091688451890E+000  0.126731989685412E+001  0.954063979800088E+000  0.443425110143695E+000 -0.131028262406404E+000 -0.132627694516068E+003
  0.100000000000000E+001  0.265254787448187E+003  0.130791841080596E+001  0.966799641793829E+000  0.752024134742580E+000  0.221190155960800E+000 -0.131028262406404E+000 -0.132627393724093E+003
  0.100000000000000E+001  0.265253334200215E+003  0.119637465976538E+001  0.115108043211485E+001  0.867317662298265E+000  0.220591401436329E+000 -0.131028262406404E+000 -0.132626667100108E+003
  0.100000000000000E+001  0.265252453357781E+003  0.132096377146020E+001  0.963991899031613E+000  0.956587952493534E+000  0.281525680518090E+000 -0.131028262406404E+000 -0.132626226678890E+003
  0.100000000000000E+001  0.265250897404656E+003  0.421645655187217E+000  0.171927939000416E+001  0.174343808029217E+000  0.492666515723106E+000 -0.131028262406404E+000 -0.132625448702328E+003
  0.100000000000000E+001  0.265248032281180E+003  0.160016726014747E+001  0.125848360633444E+001  0.721570837216138E+000  0.155138742831701E+000 -0.131028262406404E+000 -0.132624016140590E+003
  0.100000000000000E+001  0.265247848549773E+003  0.190472219757164E+001  0.164507434292466E+001  0.616336253063313E+000  0.310378690099649E+000 -0.131028262406404E+000 -0.132623924274886E+003
  0.100000000000000E+001  0.265247724557506E+003  0.166003348271429E+001  0.778072344651457E+000  0.582036392098868E+000  0.173490358249523E+000 -0.131028262406404E+000 -0.132623862278753E+003
  0.100000000000000E+001  0.265247066167271E+003  0.657593571121043E+000  0.180203427645298E+001  0.638782607126255E+000  0.326169300302567E+000 -0.131028262406404E+000 -0.132623533083635E+003
  0.100000000000000E+001  0.265247049542674E+003  0.177328174079601E+001  0.981299733390756E+000  0.835731341619576E+000  0.245116030529440E+000 -0.131028262406404E+000 -0.132623524771337E+003
  0.100000000000000E+001  0.265246354371139E+003  0.138605690923784E+001  0.905350663938929E+000  0.414360716849971E+000  0.217146701325057E+000 -0.131028262406404E+000 -0.132623177185570E+003
  0.100000000000000E+001  0.265244463620876E+003  0.812734073203522E+000  0.173032443186156E+001  0.509712240288684E+000  0.273614428226608E+000 -0.131028262406404E+000 -0.132622231810438E+003
  0.100000000000000E+001  0.265243781448442E+003  0.183980431007742E+001  0.578037005279972E+000  0.322993632263215E-001  0.175799135395869E+000 -0.131028262406404E+000 -0.132621890724221E+003
  0.100000000000000E+001  0.265243123734043E+003  0.183578182955761E+001  0.151147970006368E+001  0.626107337392222E+000  0.131212302212310E+000 -0.131028262406404E+000 -0.132621561867022E+003
  0.100000000000000E+001  0.265242971693465E+003  0.196125442682666E+001  0.522665096517998E+000  0.194491005615335E+000  0.154418581451683E+000 -0.131028262406404E+000 -0.132621485846733E+003
  0.100000000000000E+001  0.265241821411806E+003  0.192887013844838E+001  0.528001050793589E+000  0.631685377656082E+000  0.161394147192160E+000 -0.131028262406404E+000 -0.132620910705903E+003
  0.100000000000000E+001  0.265241518539594E+003  0.698675435844752E+000  0.122877092803957E+001  0.670395485062996E+000  0.466364410225723E+000 -0.131028262406404E+000 -0.132620759269797E+003
  0.100000000000000E+001  0.265241294145435E+003  0.174319995533665E+001  0.166493489601284E+001  0.451581278814018E+000  0.368865437286190E+000 -0.131028262406404E+000 -0.132620647072717E+003
  0.100000000000000E+001  0.265241033668411E+003  0.162153185515039E+001  0.124392895257867E+001  0.562342815098857E+000  0.304745150459682E+000 -0.131028262406404E+000 -0.132620516834205E+003
  0.100000000000000E+001  0.265238342618172E+003  0.193334127866852E+001  0.155475812305261E+001  0.512867815563375E+000  0.287374493152578E+000 -0.131028262406404E+000 -0.132619171309086E+003
  0.100000000000000E+001  0.265237386276073E+003  0.151376139232286E+001  0.105481068947287E+001  0.542817278453503E+000  0.175243769193740E+000 -0.131028262406404E+000 -0.132618693138036E+003
  0.100000000000000E+001  0.265237203800488E+003  0.139674288032486E+001  0.116510776631925E+001  0.584596439654493E-001  0.333407678416122E+000 -0.131028262406404E+000 -0.132618601900244E+003
  0.100000000000000E+001  0.265236935008518E+003  0.513361376855385E+000  0.154332807688860E+001  0.339356971447435E+000  0.442498491381864E+000 -0.131028262406404E+000 -0.132618467504259E+003
  0.100000000000000E+001  0.265235889292576E+003  0.198215235444161E+001  0.156343849515101E+001  0.861869247565955E+000  0.278098003925611E+000 -0.131028262406404E+000 -0.132617944646288E+003
  0.100000000000000E+001  0.265235750794864E+003  0.172279308540693E+001  0.184735046059405E+001  0.247368181047692E+000  0.462288608157724E+000 -0.131028262406404E+000 -0.132617875397432E+003
  0.100000000000000E+001  0.265235268074640E+003  0.195123726179316E+001  0.194374396287076E+001  0.744028284209664E+000  0.121141116945515E+000 -0.131028262406404E+000 -0.132617634037320E+003
  0.100000000000000E+001  0.265234555862277E+003  0.184707527046595E+001  0.701353856220639E+000  0.904842749537014E+000  0.155597075633928E+000 -0.131028262406404E+000 -0.132617277931138E+003
  0.100000000000000E+001  0.265231219641919E+003  0.590806212230876E+000  0.189655071263794E+001  0.112852346215450E+000  0.357518066500181E+000 -0.131028262406404E+000 -0.132615609820959E+003
  0.100000000000000E+001  0.265230231459951E+003  0.111996979954313E+001  0.123629524141109E+001  0.231820359944608E+000  0.444774922128863E+000 -0.131028262406404E+000 -0.132615115729976E+003
  0.100000000000000E+001  0.265229655183424E+003  0.150655067457999E+001  0.994606057826144E+000  0.663950717347956E+000  0.182139138745646E+000 -0.131028262406404E+000 -0.132614827591712E+003
  0.100000000000000E+001  0.265229014146642E+003  0.148298586077747E+001  0.850408211936624E+000  0.560937729512450E-001  0.223118697600387E+000 -0.131028262406404E+000 -0.132614507073321E+003
  0.100000000000000E+001  0.265228808932675E+003  0.122186697765058E+001  0.100324126874713E+001  0.341001523407812E+000  0.258391507177849E+000 -0.131028262406404E+000 -0.132614404466338E+003
  0.100000000000000E+001  0.265228261565959E+003  0.876791406577346E+000  0.121675697218163E+001  0.823279606725718E+000  0.323126107363603E+000 -0.131028262406404E+000 -0.132614130782980E+003
  0.100000000000000E+001  0.265226800749306E+003  0.175902242989189E+001  0.784678658188218E+000  0.440806379968740E+000  0.162788517501661E+000 -0.131028262406404E+000 -0.132613400374653E+003
  0.100000000000000E+001  0.265225898106362E+003  0.106392145232331E+001  0.109243600905659E+001  0.312796377451725E+000  0.289835858637393E+000 -0.131028262406404E+000 -0.132612949053181E+003
  0.100000000000000E+001  0.265225825089878E+003  0.194456715005832E+001  0.601322172615739E+000  0.656680364850387E+000  0.185808770565882E+000 -0.131028262406404E+000 -0.132612912544939E+003
  0.100000000000000E+001  0.265225813233785E+003  0.635625681213847E+000  0.149856871405454E+001  0.237237896912099E+000  0.371052489892501E+000 -0.131028262406404E+000 -0.132612906616893E+003
  0.100000000000000E+001  0.265224595529823E+003  0.144290947816134E+001  0.112483332105559E+001  0.915624500813435E+000  0.310771150000826E+000 -0.131028262406404E+000 -0.132612297764912E+003
  0.100000000000000E+001  0.265220929952252E+003  0.797747512193375E+000  0.127096576978241E+001  0.953716107638733E+000  0.345913118713680E+000 -0.131028262406404E+000 -0.132610464976126E+003
  0.100000000000000E+001  0.265220655331331E+003  0.164758789795463E+001  0.943603353744360E+000  0.623218191185331E-001  0.247263819494463E+000 -0.131028262406404E+000 -0.132610327665665E+003
  0.100000000000000E+001  0.265220590637991E+003  0.149244845704494E+001  0.100659788386007E+001  0.917610542927885E+000  0.185370748617849E+000 -0.131028262406404E+000 -0.132610295318996E+003
  0.100000000000000E+001  0.265219948731690E+003  0.914206089932799E+000  0.130886020670148E+001  0.265235049340344E+000  0.285024883501049E+000 -0.131028262406404E+000 -0.132609974365845E+003
  0.100000000000000E+001  0.265218288659988E+003  0.170492942033107E+001  0.838634934039205E+000  0.448820424490302E+000  0.168036958497868E+000 -0.131028262406404E+000 -0.132609144329994E+003
  0.100000000000000E+001  0.265216386311703E+003  0.186596737042946E+001  0.106678194299750E+001  0.189673151483083E+000  0.139944542582776E+000 -0.131028262406404E+000 -0.132608193155852E+003
  0.100000000000000E+001  0.265216283911592E+003  0.132517566917136E+001  0.959477766812009E+000  0.245151992672631E+000  0.244250201686258E+000 -0.131028262406404E+000 -0.132608141955796E+003
  0.100000000000000E+001  0.265215782704186E+003  0.187164547124384E+001  0.730088257046711E+000  0.646811248664313E+000  0.202250431031087E+000 -0.131028262406404E+000 -0.132607891352093E+003
  0.100000000000000E+001  0.265213682197963E+003  0.171809839919354E+001  0.908871860437829E+000  0.720787922812911E+000  0.161886445242857E+000 -0.131028262406404E+000 -0.132606841098982E+003
  0.100000000000000E+001  0.265212861747698E+003  0.194028110447886E+001  0.615420026204730E+000  0.963861555632792E+000  0.157783247586356E+000 -0.131028262406404E+000 -0.132606430873849E+003
  0.100000000000000E+001  0.265210677131654E+003  0.689448462226481E+000  0.128888003371909E+001  0.600819822892890E+000  0.414242326648076E+000 -0.131028262406404E+000 -0.132605338565827E+003
  0.100000000000000E+001  0.265209618854704E+003  0.119234440532679E+001  0.163840904336847E+001  0.402777937803946E+000  0.199662795647987E+000 -0.131028262406404E+000 -0.132604809427352E+003
  0.100000000000000E+001  0.265208980618927E+003  0.129404693113228E+001  0.136932212414990E+001  0.127983974341135E+000  0.452715419297755E+000 -0.131028262406404E+000 -0.132604490309464E+003
  0.100000000000000E+001  0.265207324817464E+003  0.107564815192712E+001  0.137380893721293E+001  0.633228617339374E+000  0.234830383447478E+000 -0.131028262406404E+000 -0.132603662408732E+003
  0.100000000000000E+001  0.265207203702902E+003  0.137862924335150E+001  0.955172457178512E+000  0.366514569133721E+000  0.255988294176210E+000 -0.131028262406404E+000 -0.132603601851451E+003
  0.100000000000000E+001  0.265206568346355E+003  0.170877107410994E+001  0.949789996274846E+000  0.491586369388438E+000  0.161876214786493E+000 -0.131028262406404E+000 -0.132603284173177E+003
  0.100000000000000E+001  0.265206427667340E+003  0.135559766609788E+001  0.964023999531243E+000  0.455763982265397E+000  0.257656574489289E+000 -0.131028262406404E+000 -0.132603213833670E+003
  0.100000000000000E+001  0.265203357263873E+003  0.123758825973032E+001  0.104421249417074E+001  0.304136692074505E+000  0.245512559167470E+000 -0.131028262406404E+000 -0.132601678631936E+003
  0.100000000000000E+001  0.265201871866253E+003  0.117355752132381E+001  0.164225095619701E+001  0.145861126201449E+000  0.203462797756524E+000 -0.131028262406404E+000 -0.132600935933127E+003
  0.100000000000000E+001  0.265201753935737E+003  0.173764048357102E+001  0.140170138831669E+001  0.618678784253763E+000  0.302613608489591E+000 -0.131028262406404E+000 -0.132600876967868E+003
  0.100000000000000E+001  0.265200501415129E+003  0.968277816441723E+000  0.143652668726636E+001  0.526177183648173E+000  0.256553799637188E+000 -0.131028262406404E+000 -0.132600250707564E+003
  0.100000000000000E+001  0.265199435398067E+003  0.678230705467004E+000  0.174570782279320E+001  0.684826863455795E+000  0.327634700236297E+000 -0.131028262406404E+000 -0.132599717699033E+003
  0.100000000000000E+001  0.265199061198077E+003  0.111098927975377E+001  0.128704783866568E+001  0.522437999087023E+000  0.484135369301030E+000 -0.131028262406404E+000 -0.132599530599038E+003
  0.100000000000000E+001  0.265196823581972E+003  0.142640161039236E+001  0.110883144138001E+001  0.722555529046700E+000  0.303301063077256E+000 -0.131028262406404E+000 -0.132598411790986E+003
  0.100000000000000E+001  0.265194723695779E+003  0.141617234246737E+001  0.119423215156093E+001  0.669630303307152E+000  0.188081211271026E+000 -0.131028262406404E+000 -0.132597361847889E+003
  0.100000000000000E+001  0.265193980596043E+003  0.168803526258587E+001  0.856900928740851E+000  0.951692499600039E+000  0.175775035176141E+000 -0.131028262406404E+000 -0.132596990298021E+003
  0.100000000000000E+001  0.265193496974309E+003  0.106327998112168E+001  0.123623127182768E+001  0.728021688250169E-001  0.256871452480047E+000 -0.131028262406404E+000 -0.132596748487155E+003
  0.100000000000000E+001  0.265193378211451E+003  0.105169275426033E+001  0.111576286280462E+001  0.352530097409945E+000  0.339253366859923E+000 -0.131028262406404E+000 -0.132596689105725E+003
  0.100000000000000E+001  0.265192950215842E+003  0.651847409774884E+000  0.135068935665403E+001  0.844732334816629E+000  0.413441956543674E+000 -0.131028262406404E+000 -0.132596475107921E+003
  0.100000000000000E+001  0.265192679180484E+003  0.161373821067424E+001  0.100493916421523E+001  0.132384040423734E+000  0.255113272351743E+000 -0.131028262406404E+000 -0.132596339590242E+003
  0.100000000000000E+001  0.265191920789413E+003  0.146593665635142E+001  0.136226848327020E+001  0.836604007520980E+000  0.369426900648182E+000 -0.131028262406404E+000 -0.132595960394707E+003
  0.100000000000000E+001  0.265191094051408E+003  0.150609557958636E+001  0.956164228896603E+000  0.475569776048559E+000  0.197077926982742E+000 -0.131028262406404E+000 -0.132595547025704E+003
  0.100000000000000E+001  0.265189704974945E+003  0.141573754748374E+001  0.960298880319841E+000  0.187166681278687E+000  0.250689444419407E+000 -0.131028262406404E+000 -0.132594852487472E+003
  0.100000000000000E+001  0.265189050308176E+003  0.173507070758365E+001  0.120811804728699E+001  0.373656798298104E+000  0.150899621263098E+000 -0.131028262406404E+000 -0.132594525154088E+003
  0.100000000000000E+001  0.265188601712163E+003  0.151484546642995E+001  0.151920975864122E+001  0.366515937727517E+000  0.412680884353385E+000 -0.131028262406404E+000 -0.132594300856082E+003
  0.100000000000000E+001  0.265187752460024E+003  0.598802910923217E+000  0.149901243717882E+001  0.922998128234784E-001  0.401526798910797E+000 -0.131028262406404E+000 -0.132593876230012E+003
  0.100000000000000E+001  0.265187018729601E+003  0.849607159293408E+000  0.129738699369523E+001  0.289838435771879E+000  0.321626228739107E+000 -0.131028262406404E+000 -0.132593509364801E+003
  0.100000000000000E+001  0.265186731848082E+003  0.174293504648606E+001  0.129313866694525E+001  0.428222233152499E+000  0.281544780226233E+000 -0.131028262406404E+000 -0.132593365924041E+003
  0.100000000000000E+001  0.265184739022024E+003  0.180653276498285E+001  0.991754079048570E+000  0.130169453733635E+000  0.152694935063829E+000 -0.131028262406404E+000 -0.132592369511012E+003
  0.100000000000000E+001  0.265181603373841E+003  0.189030457915064E+001  0.107467973540306E+001  0.156819446635520E+000  0.232804607254145E+000 -0.131028262406404E+000 -0.132590801686921E+003
  0.100000000000000E+001  0.265179822533824E+003  0.145222472682926E+001  0.976557828826005E+000  0.303726521192893E-002  0.254627835472855E+000 -0.131028262406404E+000 -0.132589911266912E+003
  0.100000000000000E+001  0.265179071533548E+003  0.720399375696839E+000  0.155210836740171E+001  0.156549671154718E-001  0.330491759043922E+000 -0.131028262406404E+000 -0.132589535766774E+003
  0.100000000000000E+001  0.265178691572550E+003  0.131266022103293E+001  0.181479454699261E+001  0.103250210268354E+000  0.182373762886105E+000 -0.131028262406404E+000 -0.132589345786275E+003
  0.100000000000000E+001  0.265177989164346E+003  0.175106396247154E+001  0.123122207536019E+001  0.356650578624174E+000  0.269712200638174E+000 -0.131028262406404E+000 -0.132588994582173E+003
  0.100000000000000E+001  0.265176004568760E+003  0.177860065213548E+001  0.116156114023804E+001  0.397830212255054E-001  0.150097511941261E+000 -0.131028262406404E+000 -0.132588002284380E+003
  0.100000000000000E+001  0.265175875382985E+003  0.182819679808644E+001  0.743587787270175E+000  0.826794441452403E+000  0.182258352157010E+000 -0.131028262406404E+000 -0.132587937691493E+003
  0.100000000000000E+001  0.265174887805594E+003  0.179906277679285E+001  0.797024056734750E+000  0.750156584449341E+000  0.200668764246097E+000 -0.131028262406404E+000 -0.132587443902797E+003
  0.100000000000000E+001  0.265174633645560E+003  0.172163438316950E+001  0.189580270800304E+001  0.859248055202571E+000  0.481849492769138E+000 -0.131028262406404E+000 -0.132587316822780E+003
  0.100000000000000E+001  0.265174379593144E+003  0.129968219949611E+001  0.102639765191526E+001  0.495741132893629E+000  0.249834793551116E+000 -0.131028262406404E+000 -0.132587189796572E+003
  0.100000000000000E+001  0.265173915772274E+003  0.704954579222336E+000  0.192205501446829E+001  0.280607001701905E+000  0.313561729553510E+000 -0.131028262406404E+000 -0.132586957886137E+003
  0.100000000000000E+001  0.265173873832802E+003  0.196254006011942E+001  0.160304798369234E+001  0.762798594943497E+000  0.281122457728663E+000 -0.131028262406404E+000 -0.132586936916401E+003
  0.100000000000000E+001  0.265169826873458E+003  0.196536802574693E+001  0.935980711058700E+000  0.975385962117470E+000  0.210421881251598E+000 -0.131028262406404E+000 -0.132584913436729E+003
  0.100000000000000E+001  0.265165523245699E+003  0.180483832068127E+001  0.782488669145587E+000  0.584163404230229E+000  0.181938149231431E+000 -0.131028262406404E+000 -0.132582761622850E+003
  0.100000000000000E+001  0.265164895752223E+003  0.131785655691515E+001  0.186945404215277E+001  0.890279639726847E+000  0.182324567905308E+000 -0.131028262406404E+000 -0.132582447876112E+003
  0.100000000000000E+001  0.265164000275260E+003  0.137907812567044E+001  0.106745745142341E+001  0.646210897187954E+000  0.286942265622367E+000 -0.131028262406404E+000 -0.132582000137630E+003
  0.100000000000000E+001  0.265162461232864E+003  0.167694866500290E+001  0.164393033724509E+001  0.415085598759668E+000  0.149415324497559E+000 -0.131028262406404E+000 -0.132581230616432E+003
  0.100000000000000E+001  0.265162453311359E+003  0.192535166573049E+001  0.114670613665585E+001  0.129127516864414E+000  0.139873389589540E+000 -0.131028262406404E+000 -0.132581226655679E+003
  0.100000000000000E+001  0.265162111978879E+003  0.158725809038688E+001  0.922499787030760E+000  0.768772827773884E+000  0.226266831411188E+000 -0.131028262406404E+000 -0.132581055989440E+003
  0.100000000000000E+001  0.265159949582677E+003  0.191687829386854E+001  0.869095942088405E+000  0.418226867348853E+000  0.152605040060567E+000 -0.131028262406404E+000 -0.132579974791339E+003
  0.100000000000000E+001  0.265159398537340E+003  0.116488230896780E+001  0.141201942965314E+001  0.529646530937211E+000  0.221587839413671E+000 -0.131028262406404E+000 -0.132579699268670E+003
  0.100000000000000E+001  0.265156729599268E+003  0.193644056301786E+001  0.739286136849850E+000  0.498172235229903E+000  0.165870500540986E+000 -0.131028262406404E+000 -0.132578364799634E+003
  0.100000000000000E+001  0.265155713763079E+003  0.188185259476375E+001  0.763152005739435E+000  0.584138505947658E+000  0.182125885716033E+000 -0.131028262406404E+000 -0.132577856881540E+003
  0.100000000000000E+001  0.265155541162239E+003  0.106563841626990E+001  0.117617189893573E+001  0.394815101592619E+000  0.283482100305078E+000 -0.131028262406404E+000 -0.132577770581120E+003
  0.100000000000000E+001  0.265155354825296E+003  0.158132059939570E+001  0.148902506451006E+001  0.166090747999253E+000  0.161984300326779E+000 -0.131028262406404E+000 -0.132577677412648E+003
  0.100000000000000E+001  0.265149825622068E+003  0.700494027966608E+000  0.135555683807596E+001  0.599726025262114E+000  0.391569438350231E+000 -0.131028262406404E+000 -0.132574912811034E+003
  0.100000000000000E+001  0.265149140675693E+003  0.102039621516300E+001  0.116975732057647E+001  0.151366200743434E+000  0.378123766167510E+000 -0.131028262406404E+000 -0.132574570337846E+003
  0.100000000000000E+001  0.265148609724564E+003  0.174571075688151E+001  0.192969007356036E+001  0.630491406675525E+000  0.142039283284959E+000 -0.131028262406404E+000 -0.132574304862282E+003
  0.100000000000000E+001  0.265148117307910E+003  0.168842390525263E+001  0.109748265735042E+001  0.969984997754474E+000  0.253593064776585E+000 -0.131028262406404E+000 -0.132574058653955E+003
  0.100000000000000E+001  0.265146835942848E+003  0.124141107319711E+001  0.130371038026288E+001  0.279387909312509E+000  0.421379529013683E+000 -0.131028262406404E+000 -0.132573417971424E+003
  0.100000000000000E+001  0.265145673003984E+003  0.143074698654345E+001  0.105420454377025E+001  0.952592820414499E+000  0.212215298871835E+000 -0.131028262406404E+000 -0.132572836501992E+003
  0.100000000000000E+001  0.265145221025416E+003  0.188577650578068E+001  0.795017645586579E+000  0.824150629732024E+000  0.171215888016138E+000 -0.131028262406404E+000 -0.132572610512708E+003
  0.100000000000000E+001  0.265145020958844E+003  0.101858992579151E+001  0.125606662801911E+001  0.372732608255475E+000  0.279783581188003E+000 -0.131028262406404E+000 -0.132572510479422E+003
  0.100000000000000E+001  0.265144291874748E+003  0.187272616858149E+001  0.162733980558730E+001  0.233618853646931E+000  0.136507361665617E+000 -0.131028262406404E+000 -0.132572145937374E+003
  0.100000000000000E+001  0.265143735985911E+003  0.197427786938779E+001  0.176870473208442E+001  0.410975110647440E+000  0.128433286304357E+000 -0.131028262406404E+000 -0.132571867992956E+003
  0.100000000000000E+001  0.265143355415035E+003  0.167776250184091E+001  0.933347113080855E+000  0.788032840755658E+000  0.221144476189433E+000 -0.131028262406404E+000 -0.132571677707518E+003
  0.100000000000000E+001  0.265143236088055E+003  0.105615027744164E+001  0.178701366044712E+001  0.148072873736582E-001  0.226777746190418E+000 -0.131028262406404E+000 -0.132571618044028E+003
  0.100000000000000E+001  0.265140341134400E+003  0.156446802796122E+001  0.107300702947200E+001  0.793187932743860E+000  0.186477104178448E+000 -0.131028262406404E+000 -0.132570170567200E+003
  0.100000000000000E+001  0.265139715412065E+003  0.172784794387862E+001  0.111795647587479E+001  0.814017410143941E+000  0.162529353423622E+000 -0.131028262406404E+000 -0.132569857706033E+003
  0.100000000000000E+001  0.265139475951034E+003  0.144767525437521E+001  0.179231389459217E+001  0.879641337530531E-001  0.171203417229360E+000 -0.131028262406404E+000 -0.132569737975517E+003
  0.100000000000000E+001  0.265139464934507E+003  0.622077147280517E+000  0.168680137794867E+001  0.541960756421435E+000  0.368570266492096E+000 -0.131028262406404E+000 -0.132569732467254E+003
  0.100000000000000E+001  0.265138728781313E+003  0.191993704891295E+001  0.114317448230929E+001  0.407041847472687E+000  0.143637989529222E+000 -0.131028262406404E+000 -0.132569364390656E+003
  0.100000000000000E+001  0.265137270341010E+003  0.196204591780365E+001  0.762932871456988E+000  0.450075086112824E+000  0.171948464395259E+000 -0.131028262406404E+000 -0.132568635170505E+003
  0.100000000000000E+001  0.265137163278855E+003  0.123030969797383E+001  0.127593376386325E+001  0.936045760135908E+000  0.224447284488520E+000 -0.131028262406404E+000 -0.132568581639428E+003
  0.100000000000000E+001  0.265136883973934E+003  0.126856107997207E+001  0.142432914353692E+001  0.988271053063787E-001  0.499218390756577E+000 -0.131028262406404E+000 -0.132568441986967E+003
  0.100000000000000E+001  0.265136351476310E+003  0.156717342053948E+001  0.114879129018224E+001  0.198379558402766E+000  0.277773117639553E+000 -0.131028262406404E+000 -0.132568175738155E+003
  0.100000000000000E+001  0.265135809801569E+003  0.171689757274337E+001  0.144916454666876E+001  0.288533970308888E+000  0.307836188766194E+000 -0.131028262406404E+000 -0.132567904900784E+003
  0.100000000000000E+001  0.265133830723881E+003  0.192639048630052E+001  0.156972111811142E+001  0.520317263652873E-001  0.279277949464452E+000 -0.131028262406404E+000 -0.132566915361941E+003
  0.100000000000000E+001  0.265132536026659E+003  0.682147347880224E+000  0.130706020653303E+001  0.583991070868050E+000  0.441668208660827E+000 -0.131028262406404E+000 -0.132566268013330E+003
  0.100000000000000E+001  0.265132292598150E+003  0.708951474525468E+000  0.157899521611249E+001  0.181882127309659E+000  0.340546499884769E+000 -0.131028262406404E+000 -0.132566146299075E+003
  0.100000000000000E+001  0.265131301307624E+003  0.198831752451600E+001  0.837359252155436E+000  0.379191648605273E+000  0.189260029348626E+000 -0.131028262406404E+000 -0.132565650653812E+003
  0.100000000000000E+001  0.265129533693696E+003  0.860670524786075E+000  0.161146834349606E+001  0.255911848964406E+000  0.283348584069765E+000 -0.131028262406404E+000 -0.132564766846848E+003
  0.100000000000000E+001  0.265129043739230E+003  0.188851202984161E+001  0.821685721115132E+000  0.517187446106263E+000  0.180276254615297E+000 -0.131028262406404E+000 -0.132564521869615E+003
  0.100000000000000E+001  0.265128382995023E+003  0.102277626654175E+001  0.159069676991600E+001  0.858321947029973E+000  0.243749851781292E+000 -0.131028262406404E+000 -0.132564191497512E+003
  0.100000000000000E+001  0.265127860894758E+003  0.199508122566314E+001  0.907121384914394E+000  0.758908137523518E-001  0.196897658458311E+000 -0.131028262406404E+000 -0.132563930447379E+003
  0.100000000000000E+001  0.265127192054996E+003  0.188508749319487E+001  0.113170711601653E+001  0.201174634428993E+000  0.148699445895213E+000 -0.131028262406404E+000 -0.132563596027498E+003
  0.100000000000000E+001  0.265125996265781E+003  0.132652274896304E+001  0.115249261934719E+001  0.945832701265259E+000  0.223659158452269E+000 -0.131028262406404E+000 -0.132562998132890E+003
  0.100000000000000E+001  0.265125285488022E+003  0.755827635578856E+000  0.126727876030599E+001  0.743380211448302E+000  0.422892533410061E+000 -0.131028262406404E+000 -0.132562642744011E+003
  0.100000000000000E+001  0.265125186713618E+003  0.198027904448596E+001  0.115847303055377E+001  0.669718746087873E-001  0.140290123601733E+000 -0.131028262406404E+000 -0.132562593356809E+003
  0.100000000000000E+001  0.265124789749741E+003  0.133471184347277E+001  0.143784903583310E+001  0.263612525609146E+000  0.197362158651341E+000 -0.131028262406404E+000 -0.132562394874871E+003
  0.100000000000000E+001  0.265122124971538E+003  0.185886401602260E+001  0.139640183169460E+001  0.209674821889755E+000  0.266268349851055E+000 -0.131028262406404E+000 -0.132561062485769E+003
  0.100000000000000E+001  0.265121579102701E+003  0.182204617304763E+001  0.110989353555390E+001  0.576366500562358E+000  0.234431680183451E+000 -0.131028262406404E+000 -0.132560789551351E+003
  0.100000000000000E+001  0.265119174823226E+003  0.190992232656014E+001  0.133218819283434E+001  0.709886389333076E+000  0.141781784422927E+000 -0.131028262406404E+000 -0.132559587411613E+003
  0.100000000000000E+001  0.265119070569136E+003  0.110248399365703E+001  0.117904421625056E+001  0.410738146964666E+000  0.285042332922115E+000 -0.131028262406404E+000 -0.132559535284568E+003
  0.100000000000000E+001  0.265117176186395E+003  0.186355278373393E+001  0.870903498536019E+000  0.355264086765894E+000  0.175848291492984E+000 -0.131028262406404E+000 -0.132558588093198E+003
  0.100000000000000E+001  0.265116570717511E+003  0.142579659830730E+001  0.112972809064396E+001  0.943413570726742E+000  0.209797029199718E+000 -0.131028262406404E+000 -0.132558285358755E+003
  0.100000000000000E+001  0.265115293617038E+003  0.160351429760931E+001  0.100446851452817E+001  0.894981875334664E+000  0.198338621962471E+000 -0.131028262406404E+000 -0.132557646808519E+003
  0.100000000000000E+001  0.265111241332919E+003  0.539256780628538E+000  0.175599477314900E+001  0.392698201215544E+000  0.416285238361302E+000 -0.131028262406404E+000 -0.132555620666459E+003
  0.100000000000000E+001  0.265111127756105E+003  0.171532808978818E+001  0.101471743727469E+001  0.138012571014825E+000  0.226804353728595E+000 -0.131028262406404E+000 -0.132555563878053E+003
  0.100000000000000E+001  0.265109688730118E+003  0.181417429854897E+001  0.168309274900224E+001  0.648805748136344E+000  0.143370246772487E+000 -0.131028262406404E+000 -0.132554844365059E+003
  0.100000000000000E+001  0.265109395675352E+003  0.125497433199116E+001  0.111739962138013E+001  0.311028285903907E+000  0.265516648972926E+000 -0.131028262406404E+000 -0.132554697837676E+003
  0.100000000000000E+001  0.265106971702768E+003  0.176715046908673E+001  0.189962574750209E+001  0.955043268715956E-001  0.437726744311471E+000 -0.131028262406404E+000 -0.132553485851384E+003
  0.100000000000000E+001  0.265106560840933E+003  0.172240471357098E+001  0.118124885920428E+001  0.377979149036898E+000  0.254700611509066E+000 -0.131028262406404E+000 -0.132553280420466E+003
  0.100000000000000E+001  0.265105446708909E+003  0.140682349710249E+001  0.111994606084619E+001  0.411902846739970E+000  0.219158169875961E+000 -0.131028262406404E+000 -0.132552723354455E+003
  0.100000000000000E+001  0.265104157381468E+003  0.135827690067844E+001  0.145961158020927E+001  0.755803680214135E+000  0.195986042192857E+000 -0.131028262406404E+000 -0.132552078690734E+003
  0.100000000000000E+001  0.265103779731911E+003  0.154772880705204E+001  0.149611522392494E+001  0.860878149232743E+000  0.171583778363333E+000 -0.131028262406404E+000 -0.132551889865955E+003
  0.100000000000000E+001  0.265103572836081E+003  0.189203397515261E+001  0.100797416545902E+001  0.782615461653299E+000  0.210437528239877E+000 -0.131028262406404E+000 -0.132551786418041E+003
  0.100000000000000E+001  0.265103257603778E+003  0.141326197778758E+001  0.113946260600401E+001  0.480469533956424E+000  0.289319981564732E+000 -0.131028262406404E+000 -0.132551628801889E+003
  0.100000000000000E+001  0.265102348277841E+003  0.179620623412807E+001  0.928170860820968E+000  0.746677601271291E+000  0.195248667616204E+000 -0.131028262406404E+000 -0.132551174138920E+003
  0.100000000000000E+001  0.265101258461594E+003  0.192689650820856E+001  0.181276950892438E+001  0.791684421145402E+000  0.134850463490316E+000 -0.131028262406404E+000 -0.132550629230797E+003
  0.100000000000000E+001  0.265100943475903E+003  0.190450727467200E+001  0.181609791852768E+001  0.769682842886519E+000  0.332134428695460E+000 -0.131028262406404E+000 -0.132550471737952E+003
  0.100000000000000E+001  0.265100396461490E+003  0.160648654270081E+001  0.100576022185866E+001  0.762007427662255E-001  0.209007959708346E+000 -0.131028262406404E+000 -0.132550198230745E+003
  0.100000000000000E+001  0.265099394725470E+003  0.191615265925999E+001  0.131333830369131E+001  0.879972533428278E+000  0.243250946699209E+000 -0.131028262406404E+000 -0.132549697362735E+003
  0.100000000000000E+001  0.265097951327479E+003  0.114764712540932E+001  0.124801294367381E+001  0.204794079210471E+000  0.257090149841419E+000 -0.131028262406404E+000 -0.132548975663740E+003
  0.100000000000000E+001  0.265094906271747E+003  0.131543571397539E+001  0.110918003507288E+001  0.389838904257646E+000  0.267943756230128E+000 -0.131028262406404E+000 -0.132547453135873E+003
  0.100000000000000E+001  0.265093418037457E+003  0.123654177029726E+001  0.116852668187626E+001  0.724666911353515E+000  0.324875700763713E+000 -0.131028262406404E+000 -0.132546709018729E+003
  0.100000000000000E+001  0.265093260150306E+003  0.145922647371398E+001  0.144849744133514E+001  0.312649527233515E+000  0.389275498936455E+000 -0.131028262406404E+000 -0.132546630075153E+003
  0.100000000000000E+001  0.265092020325834E+003  0.192721975755492E+001  0.130924348177098E+001  0.404500418983084E+000  0.144534530072317E+000 -0.131028262406404E+000 -0.132546010162917E+003
  0.100000000000000E+001  0.265090996295668E+003  0.136305016556912E+001  0.178975763336812E+001  0.569888324523340E+000  0.186242991700587E+000 -0.131028262406404E+000 -0.132545498147834E+003
  0.100000000000000E+001  0.265089978698418E+003  0.178215843650182E+001  0.103124081463376E+001  0.513299123187090E+000  0.173690395669507E+000 -0.131028262406404E+000 -0.132544989349209E+003
  0.100000000000000E+001  0.265087344112316E+003  0.885623638112006E+000  0.165020460351844E+001  0.583844462343551E+000  0.279871944587326E+000 -0.131028262406404E+000 -0.132543672056158E+003
  0.100000000000000E+001  0.265085613639148E+003  0.731692719677411E+000  0.152873118334508E+001  0.894983918755080E+000  0.346447152393967E+000 -0.131028262406404E+000 -0.132542806819574E+003
  0.100000000000000E+001  0.265081266267841E+003  0.724250732890926E+000  0.134364016615868E+001  0.578013456561828E+000  0.404826633599318E+000 -0.131028262406404E+000 -0.132540633133920E+003
  0.100000000000000E+001  0.265080918403685E+003  0.147473424571451E+001  0.107868512339484E+001  0.676024012043966E+000  0.239050673534569E+000 -0.131028262406404E+000 -0.132540459201842E+003
  0.100000000000000E+001  0.265079937065030E+003  0.125373662618345E+001  0.114275306505868E+001  0.495261694102817E+000  0.281315594183467E+000 -0.131028262406404E+000 -0.132539968532515E+003
  0.100000000000000E+001  0.265078672892501E+003  0.600393563728830E+000  0.177665163442493E+001  0.560430496894967E+000  0.382959070026892E+000 -0.131028262406404E+000 -0.132539336446250E+003
  0.100000000000000E+001  0.265078258132928E+003  0.150914043796435E+001  0.161273507544454E+001  0.542280670051168E+000  0.175434300891121E+000 -0.131028262406404E+000 -0.132539129066464E+003
  0.100000000000000E+001  0.265078141105652E+003  0.157161054614866E+001  0.123559111491076E+001  0.621718626992666E+000  0.284369877578220E+000 -0.131028262406404E+000 -0.132539070552826E+003
  0.100000000000000E+001  0.265076540260250E+003  0.123154225651481E+001  0.140044181544111E+001  0.210967048600426E+000  0.487849492460956E+000 -0.131028262406404E+000 -0.132538270130125E+003
  0.100000000000000E+001  0.265076460014623E+003  0.163698714669539E+001  0.156109761017701E+001  0.935352662633551E+000  0.164213720620909E+000 -0.131028262406404E+000 -0.132538230007311E+003
  0.100000000000000E+001  0.265074261269703E+003  0.189852460623259E+001  0.171382901237676E+001  0.877380537257810E+000  0.140544355956044E+000 -0.131028262406404E+000 -0.132537130634851E+003
  0.100000000000000E+001  0.265073936183445E+003  0.104768544030576E+001  0.122831800011397E+001  0.151625210984399E+000  0.404959441791125E+000 -0.131028262406404E+000 -0.132536968091722E+003
  0.100000000000000E+001  0.265073026060452E+003  0.123583325864909E+001  0.156488110651504E+001  0.326188466267106E+000  0.213540531088578E+000 -0.131028262406404E+000 -0.132536513030226E+003
  0.100000000000000E+001  0.265072310666831E+003  0.134367118712559E+001  0.118442941279690E+001  0.834972455989434E+000  0.308131360170236E+000 -0.131028262406404E+000 -0.132536155333415E+003
  0.100000000000000E+001  0.265069215834025E+003  0.119869170400725E+001  0.182936067604779E+001  0.316111043107645E+000  0.210303730365991E+000 -0.131028262406404E+000 -0.132534607917012E+003
  0.100000000000000E+001  0.265069060670077E+003  0.170474825076469E+001  0.140001258822224E+001  0.326573233916851E+000  0.290480686498809E+000 -0.131028262406404E+000 -0.132534530335038E+003
  0.100000000000000E+001  0.265068985622113E+003  0.103430305542988E+001  0.128879280543322E+001  0.715431038942186E+000  0.289275870552980E+000 -0.131028262406404E+000 -0.132534492811057E+003
  0.100000000000000E+001  0.265066656167477E+003  0.127999485702940E+001  0.129089290160260E+001  0.159895192559514E+000  0.377579485652137E+000 -0.131028262406404E+000 -0.132533328083739E+003
  0.100000000000000E+001  0.265066211487072E+003  0.117539098485141E+001  0.123167704375806E+001  0.246301028584810E+000  0.371444995227869E+000 -0.131028262406404E+000 -0.132533105743536E+003
  0.100000000000000E+001  0.265065366319173E+003  0.729717080257584E+000  0.132783059155484E+001  0.418594696685929E+000  0.417201905019571E+000 -0.131028262406404E+000 -0.132532683159586E+003
  0.100000000000000E+001  0.265065220305399E+003  0.878570029710965E+000  0.151356723812049E+001  0.991935373955428E+000  0.298202725598665E+000 -0.131028262406404E+000 -0.132532610152699E+003
  0.100000000000000E+001  0.265063271250485E+003  0.186790062804016E+001  0.111355259018637E+001  0.559918244431491E+000  0.217564041557281E+000 -0.131028262406404E+000 -0.132531635625242E+003
  0.100000000000000E+001  0.265063159937095E+003  0.156876953905079E+001  0.152208455493058E+001  0.330634384784889E+000  0.173838903311982E+000 -0.131028262406404E+000 -0.132531579968547E+003
  0.100000000000000E+001  0.265060532395281E+003  0.100634194365877E+001  0.165095710769886E+001  0.618924418768200E+000  0.253751489749378E+000 -0.131028262406404E+000 -0.132530266197641E+003
  0.100000000000000E+001  0.265057968534611E+003  0.107276126699977E+001  0.134776557631177E+001  0.325076848995304E+000  0.268527126263472E+000 -0.131028262406404E+000 -0.132528984267305E+003
  0.100000000000000E+001  0.265057848465106E+003  0.113641896577038E+001  0.196770989843178E+001  0.691187458048226E+000  0.218647528681592E+000 -0.131028262406404E+000 -0.132528924232553E+003
  0.100000000000000E+001  0.265057698013947E+003  0.120325739733296E+001  0.119157605065254E+001  0.843315795005280E+000  0.326585787726427E+000 -0.131028262406404E+000 -0.132528849006973E+003
  0.100000000000000E+001  0.265054676196638E+003  0.700820562446377E+000  0.185563031179791E+001  0.289089377089345E+000  0.334809715884531E+000 -0.131028262406404E+000 -0.132527338098319E+003
  0.100000000000000E+001  0.265054067189837E+003  0.189733841682290E+001  0.116073310097326E+001  0.653690516954296E+000  0.219115914544200E+000 -0.131028262406404E+000 -0.132527033594918E+003
  0.100000000000000E+001  0.265051639996274E+003  0.148561392926607E+001  0.121053588651727E+001  0.200184994938380E+000  0.286266765035862E+000 -0.131028262406404E+000 -0.132525819998137E+003
  0.100000000000000E+001  0.265049901079392E+003  0.199464862802568E+001  0.110421309036140E+001  0.803662218907619E+000  0.154808371808934E+000 -0.131028262406404E+000 -0.132524950539696E+003
  0.100000000000000E+001  0.265048281351048E+003  0.169908634779396E+001  0.114068325529013E+001  0.575146716958573E-001  0.235665139468922E+000 -0.131028262406404E+000 -0.132524140675524E+003
  0.100000000000000E+001  0.265046721280498E+003  0.199309283031329E+001  0.183172688878175E+001  0.526694995944176E+000  0.299738487942708E+000 -0.131028262406404E+000 -0.132523360640249E+003
  0.100000000000000E+001  0.265046564131134E+003  0.159433838636274E+001  0.113952566831703E+001  0.242403371789341E-001  0.245789354630602E+000 -0.131028262406404E+000 -0.132523282065567E+003
  0.100000000000000E+001  0.265045397746368E+003  0.145071657692980E+001  0.178176359047465E+001  0.203688734206083E+000  0.181439480414918E+000 -0.131028262406404E+000 -0.132522698873184E+003
  0.100000000000000E+001  0.265044506375755E+003  0.140045367476199E+001  0.131590739789078E+001  0.964771588477055E+000  0.343624597694135E+000 -0.131028262406404E+000 -0.132522253187877E+003
  0.100000000000000E+001  0.265040160396997E+003  0.137191178112844E+001  0.125714024849187E+001  0.594088408164648E+000  0.325036543358620E+000 -0.131028262406404E+000 -0.132520080198499E+003
  0.100000000000000E+001  0.265040125254925E+003  0.150972237568503E+001  0.156180125262942E+001  0.366959451069127E-002  0.181906647075116E+000 -0.131028262406404E+000 -0.132520062627463E+003
  0.100000000000000E+001  0.265037894415788E+003  0.133829354612116E+001  0.169232072987503E+001  0.532879422114311E+000  0.198341615615258E+000 -0.131028262406404E+000 -0.132518947207894E+003
  0.100000000000000E+001  0.265037093248509E+003  0.166987976926572E+001  0.111529173305966E+001  0.157988832830989E-001  0.225743335551607E+000 -0.131028262406404E+000 -0.132518546624255E+003
  0.100000000000000E+001  0.265036372620909E+003  0.603582611371205E+000  0.174111729002248E+001  0.502058234133995E+000  0.391299017807967E+000 -0.131028262406404E+000 -0.132518186310454E+003
  0.100000000000000E+001  0.265035599361718E+003  0.188914252232288E+001  0.137399758773774E+001  0.968545246160632E+000  0.153521027353588E+000 -0.131028262406404E+000 -0.132517799680859E+003
  0.100000000000000E+001  0.265035240678556E+003  0.896733103486374E+000  0.147656952915362E+001  0.491971333623400E+000  0.303166681523732E+000 -0.131028262406404E+000 -0.132517620339278E+003
  0.100000000000000E+001  0.265034927539728E+003  0.167358241549054E+001  0.115103357665243E+001  0.454914448932698E+000  0.236190716227793E+000 -0.131028262406404E+000 -0.132517463769864E+003
  0.100000000000000E+001  0.265034611274391E+003  0.150907784763019E+001  0.168279389932742E+001  0.182149541170907E+000  0.178854810546456E+000 -0.131028262406404E+000 -0.132517305637196E+003
  0.100000000000000E+001  0.265032486914639E+003  0.118553176627708E+001  0.130998705250782E+001  0.418569593399091E+000  0.418887805039281E+000 -0.131028262406404E+000 -0.132516243457319E+003
  0.100000000000000E+001  0.265031341815891E+003  0.144603756836876E+001  0.142606758579453E+001  0.882023143706920E+000  0.197330138282284E+000 -0.131028262406404E+000 -0.132515670907946E+003
  0.100000000000000E+001  0.265028610053750E+003  0.478831643385961E+000  0.188913109519854E+001  0.603991904837360E+000  0.470941698731575E+000 -0.131028262406404E+000 -0.132514305026875E+003
  0.100000000000000E+001  0.265027838836845E+003  0.147546097323074E+001  0.115933380080015E+001  0.442089803309772E+000  0.232606074741871E+000 -0.131028262406404E+000 -0.132513919418422E+003
  0.100000000000000E+001  0.265026483931859E+003  0.145740270192768E+001  0.148302179561580E+001  0.149086205384407E+000  0.393446607618593E+000 -0.131028262406404E+000 -0.132513241965930E+003
  0.100000000000000E+001  0.265022526491608E+003  0.747353612731632E+000  0.132881432413068E+001  0.246189213993285E-001  0.422616942848159E+000 -0.131028262406404E+000 -0.132511263245804E+003
  0.100000000000000E+001  0.265022321109985E+003  0.122252265077377E+001  0.121185000914734E+001  0.983820150313064E+000  0.282748802965673E+000 -0.131028262406404E+000 -0.132511160554992E+003
  0.100000000000000E+001  0.265021825202804E+003  0.942092114281109E+000  0.125968283568177E+001  0.779511867590200E+000  0.447410234686161E+000 -0.131028262406404E+000 -0.132510912601402E+003
  0.100000000000000E+001  0.265021760142237E+003  0.104685294949044E+001  0.177639857874748E+001  0.616734225158050E+000  0.244519757291282E+000 -0.131028262406404E+000 -0.132510880071118E+003
  0.100000000000000E+001  0.265021658880693E+003  0.195570761431962E+001  0.124009786064293E+001  0.992510936124891E+000  0.215978706001011E+000 -0.131028262406404E+000 -0.132510829440347E+003
  0.100000000000000E+001  0.265020919664697E+003  0.149049429775779E+001  0.135263838757732E+001  0.437137930012318E-001  0.198492112630304E+000 -0.131028262406404E+000 -0.132510459832349E+003
  0.100000000000000E+001  0.265019744238448E+003  0.128617629628934E+001  0.119872263722416E+001  0.901549319218874E+000  0.291373210775878E+000 -0.131028262406404E+000 -0.132509872119224E+003
  0.100000000000000E+001  0.265016821900479E+003  0.990887534857092E+000  0.149888910835133E+001  0.329083877315624E+000  0.277016847530464E+000 -0.131028262406404E+000 -0.132508410950240E+003
  0.100000000000000E+001  0.265016670970195E+003  0.198078124448362E+001  0.121692827147563E+001  0.569086972403933E+000  0.156546826944239E+000 -0.131028262406404E+000 -0.132508335485097E+003
  0.100000000000000E+001  0.265014344865826E+003  0.118540737205998E+001  0.122928706081195E+001  0.366839752170354E-001  0.337634774109923E+000 -0.131028262406404E+000 -0.132507172432913E+003
  0.100000000000000E+001  0.265012727640015E+003  0.181486954453522E+001  0.131548179491300E+001  0.555845295406445E+000  0.166416872804187E+000 -0.131028262406404E+000 -0.132506363820008E+003
  0.100000000000000E+001  0.265012247978802E+003  0.121886500312181E+001  0.129215710665524E+001  0.833074519459365E+000  0.383325370139200E+000 -0.131028262406404E+000 -0.132506123989401E+003
  0.100000000000000E+001  0.265008986563133E+003  0.888856223347660E+000  0.198782181873568E+001  0.789847371531441E+000  0.275928123640548E+000 -0.131028262406404E+000 -0.132504493281567E+003
  0.100000000000000E+001  0.265005895195619E+003  0.108122421116615E+001  0.125632629599560E+001  0.953871888703869E+000  0.314031525485661E+000 -0.131028262406404E+000 -0.132502947597809E+003
  0.100000000000000E+001  0.265004458014083E+003  0.186621464189337E+001  0.170508130242704E+001  0.614589327355812E+000  0.150577871349317E+000 -0.131028262406404E+000 -0.132502229007042E+003
  0.100000000000000E+001  0.265004147910296E+003  0.538192221037450E+000  0.175879948058440E+001  0.362979392045761E+000  0.436459378335203E+000 -0.131028262406404E+000 -0.132502073955148E+003
  0.100000000000000E+001  0.265001963283300E+003  0.898045762677285E+000  0.128276687937102E+001  0.368294354198070E+000  0.381730454111048E+000 -0.131028262406404E+000 -0.132500981641650E+003
  0.100000000000000E+001  0.265000569894011E+003  0.113387029429783E+001  0.126639770630475E+001  0.980567802720489E+000  0.384741115104616E+000 -0.131028262406404E+000 -0.132500284947005E+003
  0.100000000000000E+001  0.264998641832180E+003  0.160362908737598E+001  0.122902668050349E+001  0.372279879362204E-001  0.254437457981825E+000 -0.131028262406404E+000 -0.132499320916090E+003
  0.100000000000000E+001  0.264998073507429E+003  0.192740011631065E+001  0.138241453613133E+001  0.660348288845188E+000  0.233752069001214E+000 -0.131028262406404E+000 -0.132499036753714E+003
  0.100000000000000E+001  0.264997431120112E+003  0.916603926113702E+000  0.165046273096301E+001  0.552892312277668E+000  0.285220580528271E+000 -0.131028262406404E+000 -0.132498715560056E+003
  0.100000000000000E+001  0.264997415185285E+003  0.156785061111461E+001  0.118285097645438E+001  0.166949711083114E+000  0.233436576147037E+000 -0.131028262406404E+000 -0.132498707592643E+003
  0.100000000000000E+001  0.264996688244158E+003  0.141118482028692E+001  0.160763428438815E+001  0.527443117218454E+000  0.197732250125547E+000 -0.131028262406404E+000 -0.132498344122079E+003
  0.100000000000000E+001  0.264996080235727E+003  0.867065120288940E+000  0.143000063056124E+001  0.194553665113604E+000  0.330234023575767E+000 -0.131028262406404E+000 -0.132498040117863E+003
  0.100000000000000E+001  0.264996049278662E+003  0.103387114972833E+001  0.185052990921826E+001  0.494930731947771E+000  0.247788323109862E+000 -0.131028262406404E+000 -0.132498024639331E+003
  0.100000000000000E+001  0.264995475627103E+003  0.789273175297598E+000  0.193786359153428E+001  0.295411306037892E+000  0.308206742056874E+000 -0.131028262406404E+000 -0.132497737813552E+003
  0.100000000000000E+001  0.264994454204076E+003  0.510215679821995E+000  0.157358883037810E+001  0.554697754607837E+000  0.493152554240572E+000 -0.131028262406404E+000 -0.132497227102038E+003
  0.100000000000000E+001  0.264993567717819E+003  0.184490994139398E+001  0.137683041447187E+001  0.265034786485374E+000  0.245211712199505E+000 -0.131028262406404E+000 -0.132496783858909E+003
  0.100000000000000E+001  0.264992302845406E+003  0.166293239209821E+001  0.118584030290581E+001  0.465530453026230E+000  0.208105571383241E+000 -0.131028262406404E+000 -0.132496151422703E+003
  0.100000000000000E+001  0.264990601364935E+003  0.192699727719620E+001  0.179485641896667E+001  0.960688845727743E+000  0.146289364407074E+000 -0.131028262406404E+000 -0.132495300682467E+003
  0.100000000000000E+001  0.264989826477092E+003  0.134919399293101E+001  0.151464660517822E+001  0.465360442371389E+000  0.211950064148937E+000 -0.131028262406404E+000 -0.132494913238546E+003
  0.100000000000000E+001  0.264989628162919E+003  0.116814887566199E+001  0.131337086502907E+001  0.895911205857899E+000  0.414504550456299E+000 -0.131028262406404E+000 -0.132494814081459E+003
  0.100000000000000E+001  0.264989006212400E+003  0.143430485662599E+001  0.153670213689334E+001  0.916177969265417E-001  0.431873145259905E+000 -0.131028262406404E+000 -0.132494503106200E+003
  0.100000000000000E+001  0.264987145326614E+003  0.170265254581280E+001  0.118271474102888E+001  0.338218152871751E+000  0.214047568446984E+000 -0.131028262406404E+000 -0.132493572663307E+003
  0.100000000000000E+001  0.264986978418065E+003  0.996832600799199E+000  0.153151958945389E+001  0.436995357961823E+000  0.277290251958450E+000 -0.131028262406404E+000 -0.132493489209032E+003
  0.100000000000000E+001  0.264986415318106E+003  0.100148239086183E+001  0.131555907499562E+001  0.283473639739839E+000  0.320059272503207E+000 -0.131028262406404E+000 -0.132493207659053E+003
  0.100000000000000E+001  0.264981487227890E+003  0.132626355887985E+001  0.131055180404750E+001  0.856329570100878E+000  0.346259853537250E+000 -0.131028262406404E+000 -0.132490743613945E+003
  0.100000000000000E+001  0.264980458905338E+003  0.179096577659024E+001  0.163032124527778E+001  0.407811283004766E-002  0.161078645197840E+000 -0.131028262406404E+000 -0.132490229452669E+003
  0.100000000000000E+001  0.264979158396259E+003  0.162948224975755E+001  0.125548371861949E+001  0.978331381219861E+000  0.251250338754341E+000 -0.131028262406404E+000 -0.132489579198130E+003
  0.100000000000000E+001  0.264977584214550E+003  0.159682770355262E+001  0.133133384353060E+001  0.611875942977170E+000  0.196347667371652E+000 -0.131028262406404E+000 -0.132488792107275E+003
  0.100000000000000E+001  0.264976000398382E+003  0.192667997963130E+001  0.137949800543201E+001  0.648497557555032E+000  0.160371535376407E+000 -0.131028262406404E+000 -0.132488000199191E+003
  0.100000000000000E+001  0.264975736578460E+003  0.130567631586703E+001  0.183938047695365E+001  0.304995338372884E+000  0.205952688842772E+000 -0.131028262406404E+000 -0.132487868289230E+003
  0.100000000000000E+001  0.264975523259526E+003  0.171307693875481E+001  0.139063441794042E+001  0.799815254047937E+000  0.179041600783578E+000 -0.131028262406404E+000 -0.132487761629763E+003
  0.100000000000000E+001  0.264974451542739E+003  0.149913851612424E+001  0.132937071644640E+001  0.396739167064976E+000  0.210273277827748E+000 -0.131028262406404E+000 -0.132487225771370E+003
  0.100000000000000E+001  0.264972622514275E+003  0.139746213657858E+001  0.124507060567284E+001  0.425411400773453E+000  0.282198689860354E+000 -0.131028262406404E+000 -0.132486311257138E+003
  0.100000000000000E+001  0.264970308774408E+003  0.179949004837272E+001  0.152409231259182E+001  0.557556112296186E+000  0.276326252183156E+000 -0.131028262406404E+000 -0.132485154387204E+003
  0.100000000000000E+001  0.264966640197457E+003  0.197836081589294E+001  0.199005367779113E+001  0.508550733921557E-001  0.338455764680416E+000 -0.131028262406404E+000 -0.132483320098728E+003
  0.100000000000000E+001  0.264966465112510E+003  0.136539296079540E+001  0.129249640935079E+001  0.186827964842251E+000  0.317853789332304E+000 -0.131028262406404E+000 -0.132483232556255E+003
  0.100000000000000E+001  0.264965997679105E+003  0.141557183887855E+001  0.148694384607889E+001  0.613878062266920E+000  0.404691282724785E+000 -0.131028262406404E+000 -0.132482998839552E+003
  0.100000000000000E+001  0.264965661842967E+003  0.161522792015429E+001  0.122785420795353E+001  0.651979447960994E+000  0.223793414196851E+000 -0.131028262406404E+000 -0.132482830921484E+003
  0.100000000000000E+001  0.264963130348345E+003  0.140317945799865E+001  0.148058689629021E+001  0.954133358168370E+000  0.407225552238098E+000 -0.131028262406404E+000 -0.132481565174172E+003
  0.100000000000000E+001  0.264960522030971E+003  0.132617187563687E+001  0.141514051513658E+001  0.511317774309500E+000  0.229434062445538E+000 -0.131028262406404E+000 -0.132480261015486E+003
  0.100000000000000E+001  0.264959928582641E+003  0.199948159869283E+001  0.193198985178135E+001  0.479107162171027E+000  0.310712857096108E+000 -0.131028262406404E+000 -0.132479964291321E+003
  0.100000000000000E+001  0.264959770250340E+003  0.798207116392923E+000  0.129501328710247E+001  0.234245972211373E+000  0.486828991899373E+000 -0.131028262406404E+000 -0.132479885125170E+003
  0.100000000000000E+001  0.264959760483647E+003  0.674875289787667E+000  0.178776417847737E+001  0.191962996834155E+000  0.364437940881801E+000 -0.131028262406404E+000 -0.132479880241823E+003
  0.100000000000000E+001  0.264958478596688E+003  0.978269429248864E+000  0.152186271892254E+001  0.713889785719115E-001  0.288372971915756E+000 -0.131028262406404E+000 -0.132479239298344E+003
  0.100000000000000E+001  0.264957615884313E+003  0.141557293339611E+001  0.147228040744734E+001  0.595405448302043E-001  0.393462706518578E+000 -0.131028262406404E+000 -0.132478807942157E+003
  0.100000000000000E+001  0.264952529700396E+003  0.179250590301253E+001  0.124385063266833E+001  0.642956967502146E+000  0.207856996555128E+000 -0.131028262406404E+000 -0.132476264850198E+003
  0.100000000000000E+001  0.264947990345142E+003  0.148595383597645E+001  0.142662899331475E+001  0.220296686566363E+000  0.336484007060346E+000 -0.131028262406404E+000 -0.132473995172571E+003
  0.100000000000000E+001  0.264946494947789E+003  0.101399617922215E+001  0.129175717509527E+001  0.835477727304620E+000  0.353442180843814E+000 -0.131028262406404E+000 -0.132473247473895E+003
  0.100000000000000E+001  0.264944070312567E+003  0.189834414600521E+001  0.181084001769530E+001  0.187961736432198E+000  0.309849166643454E+000 -0.131028262406404E+000 -0.132472035156284E+003
  0.100000000000000E+001  0.264943730808262E+003  0.883574492035248E+000  0.139693524719764E+001  0.300122660913329E+000  0.346698739005449E+000 -0.131028262406404E+000 -0.132471865404131E+003
  0.100000000000000E+001  0.264941145161514E+003  0.194873652987528E+001  0.126446599250478E+001  0.809430501716532E+000  0.189837823755964E+000 -0.131028262406404E+000 -0.132470572580757E+003
  0.100000000000000E+001  0.264941058390831E+003  0.160933193307008E+001  0.151709083998548E+001  0.109743422082891E+000  0.324018316497925E+000 -0.131028262406404E+000 -0.132470529195416E+003
  0.100000000000000E+001  0.264939836541058E+003  0.934478019019521E+000  0.147650155164048E+001  0.741131711310806E+000  0.311193625535663E+000 -0.131028262406404E+000 -0.132469918270529E+003
  0.100000000000000E+001  0.264937818959279E+003  0.199771671729110E+001  0.165044617350861E+001  0.912861111680490E+000  0.249749986114089E+000 -0.131028262406404E+000 -0.132468909479639E+003
  0.100000000000000E+001  0.264934428042428E+003  0.196023053089436E+001  0.164526048281178E+001  0.768999709514746E+000  0.256147235766411E+000 -0.131028262406404E+000 -0.132467214021214E+003
  0.100000000000000E+001  0.264931746608865E+003  0.103398411842097E+001  0.133588589830738E+001  0.542180798015594E+000  0.499059383438220E+000 -0.131028262406404E+000 -0.132465873304432E+003
  0.100000000000000E+001  0.264931070690255E+003  0.142132969872916E+001  0.159076732784745E+001  0.737617412565786E-001  0.473731879242301E+000 -0.131028262406404E+000 -0.132465535345127E+003
  0.100000000000000E+001  0.264930746301616E+003  0.169286888791813E+001  0.134075159378423E+001  0.903526361256798E+000  0.197691375714118E+000 -0.131028262406404E+000 -0.132465373150808E+003
  0.100000000000000E+001  0.264925457215476E+003  0.184869674923988E+001  0.192159898548283E+001  0.377224446136470E+000  0.366878456209012E+000 -0.131028262406404E+000 -0.132462728607738E+003
  0.100000000000000E+001  0.264923669002797E+003  0.154887194227202E+001  0.133149283377664E+001  0.352544871145588E+000  0.271764154516062E+000 -0.131028262406404E+000 -0.132461834501399E+003
  0.100000000000000E+001  0.264922027552891E+003  0.167154946499100E+001  0.187601283161457E+001  0.139953585416325E+000  0.464944748231243E+000 -0.131028262406404E+000 -0.132461013776445E+003
  0.100000000000000E+001  0.264921998695928E+003  0.148772785048633E+001  0.141753979292539E+001  0.868535079385131E+000  0.214572229671941E+000 -0.131028262406404E+000 -0.132460999347964E+003
  0.100000000000000E+001  0.264920272646811E+003  0.170138015824113E+001  0.194317299287360E+001  0.158772636982597E+000  0.168502955870624E+000 -0.131028262406404E+000 -0.132460136323405E+003
  0.100000000000000E+001  0.264919712744728E+003  0.115725239015047E+001  0.131084032468545E+001  0.888479527426057E+000  0.380623867140540E+000 -0.131028262406404E+000 -0.132459856372364E+003
  0.100000000000000E+001  0.264919129769124E+003  0.101346933631576E+001  0.140188640892042E+001  0.463083357753709E+000  0.309285603160620E+000 -0.131028262406404E+000 -0.132459564884562E+003
  0.100000000000000E+001  0.264918159521730E+003  0.686689602034936E+000  0.137901557223693E+001  0.660409318294547E-001  0.468287683615381E+000 -0.131028262406404E+000 -0.132459079760865E+003
  0.100000000000000E+001  0.264915186078837E+003  0.167537757669342E+001  0.165556941562710E+001  0.552362432790515E+000  0.179376350908741E+000 -0.131028262406404E+000 -0.132457593039419E+003
  0.100000000000000E+001  0.264914545346856E+003  0.194287052205359E+001  0.158327418248340E+001  0.878354168323084E+000  0.160900691609891E+000 -0.131028262406404E+000 -0.132457272673428E+003
  0.100000000000000E+001  0.264912821623878E+003  0.138261909289807E+001  0.137078921469753E+001  0.863153397490320E+000  0.336622343546992E+000 -0.131028262406404E+000 -0.132456410811939E+003
  0.100000000000000E+001  0.264912285679492E+003  0.182035613097647E+001  0.163202390294284E+001  0.311610248254698E+000  0.168484305529856E+000 -0.131028262406404E+000 -0.132456142839746E+003
  0.100000000000000E+001  0.264911668682483E+003  0.943198704757238E+000  0.130618548738311E+001  0.983674180621328E+000  0.471101854675229E+000 -0.131028262406404E+000 -0.132455834341242E+003
  0.100000000000000E+001  0.264911315302446E+003  0.181547715279918E+001  0.149731977956135E+001  0.671531799493625E+000  0.175813627213661E+000 -0.131028262406404E+000 -0.132455657651223E+003
  0.100000000000000E+001  0.264910769962859E+003  0.140967607725091E+001  0.149013642875078E+001  0.377651230562544E+000  0.219814985015179E+000 -0.131028262406404E+000 -0.132455384981430E+003
  0.100000000000000E+001  0.264909290958748E+003  0.130494145337341E+001  0.133711270150302E+001  0.828519639316903E+000  0.263938711950150E+000 -0.131028262406404E+000 -0.132454645479374E+003
  0.100000000000000E+001  0.264904995777261E+003  0.121738284128144E+001  0.137672066149416E+001  0.354714260911309E+000  0.270718368971456E+000 -0.131028262406404E+000 -0.132452497888631E+003
  0.100000000000000E+001  0.264903002473806E+003  0.170628249737097E+001  0.175986840976413E+001  0.419822890473994E-001  0.367708354703283E+000 -0.131028262406404E+000 -0.132451501236903E+003
  0.100000000000000E+001  0.264902647995943E+003  0.816527095058091E+000  0.158333725775548E+001  0.281967592237439E+000  0.339420328296240E+000 -0.131028262406404E+000 -0.132451323997971E+003
  0.100000000000000E+001  0.264902278809312E+003  0.117917705848770E+001  0.134237481065901E+001  0.590174043395855E+000  0.400089837178478E+000 -0.131028262406404E+000 -0.132451139404656E+003
  0.100000000000000E+001  0.264901429354009E+003  0.153862841408053E+001  0.199305522505901E+001  0.990524660073675E+000  0.184468082121588E+000 -0.131028262406404E+000 -0.132450714677004E+003
  0.100000000000000E+001  0.264900517064358E+003  0.167198792248183E+001  0.135437716052503E+001  0.505562993263232E+000  0.242515512885186E+000 -0.131028262406404E+000 -0.132450258532179E+003
  0.100000000000000E+001  0.264898021611641E+003  0.143270617172690E+001  0.137672640589154E+001  0.781418775234090E+000  0.316027030465251E+000 -0.131028262406404E+000 -0.132449010805821E+003
  0.100000000000000E+001  0.264894219033850E+003  0.123691028059043E+001  0.133616691263953E+001  0.940470204135269E-001  0.359718640192395E+000 -0.131028262406404E+000 -0.132447109516925E+003
  0.100000000000000E+001  0.264892821132887E+003  0.126177526859922E+001  0.134976909890158E+001  0.377471635662308E+000  0.361931999272826E+000 -0.131028262406404E+000 -0.132446410566443E+003
  0.100000000000000E+001  0.264890695981677E+003  0.110027027523208E+001  0.195550131664044E+001  0.795043124830890E-001  0.245324189567269E+000 -0.131028262406404E+000 -0.132445347990838E+003
  0.100000000000000E+001  0.264889373099289E+003  0.190293719333445E+001  0.146327512560251E+001  0.934277199265603E+000  0.225514330015175E+000 -0.131028262406404E+000 -0.132444686549645E+003
  0.100000000000000E+001  0.264888589672193E+003  0.147111732452186E+001  0.146574110342995E+001  0.450230606950787E+000  0.344029808834080E+000 -0.131028262406404E+000 -0.132444294836096E+003
  0.100000000000000E+001  0.264887220031494E+003  0.198450601383439E+001  0.169369232035831E+001  0.962853897121503E+000  0.158345115708632E+000 -0.131028262406404E+000 -0.132443610015747E+003
  0.100000000000000E+001  0.264885761448802E+003  0.150131265633452E+001  0.198542807185718E+001  0.358950154119201E+000  0.190214475126756E+000 -0.131028262406404E+000 -0.132442880724401E+003
  0.100000000000000E+001  0.264884971419889E+003  0.954365168214181E+000  0.180320909847259E+001  0.943561528041416E+000  0.282425350600678E+000 -0.131028262406404E+000 -0.132442485709944E+003
  0.100000000000000E+001  0.264879070624568E+003  0.149478570682467E+001  0.139866198446769E+001  0.208390935548171E+000  0.229763909925927E+000 -0.131028262406404E+000 -0.132439535312284E+003
  0.100000000000000E+001  0.264875755771503E+003  0.110776561484356E+001  0.140531190328057E+001  0.448905147989995E+000  0.296462910535641E+000 -0.131028262406404E+000 -0.132437877885751E+003
  0.100000000000000E+001  0.264874710071614E+003  0.175590464558485E+001  0.163935886886487E+001  0.467153055345313E+000  0.297653898868686E+000 -0.131028262406404E+000 -0.132437355035807E+003
  0.100000000000000E+001  0.264874109765179E+003  0.187522863920374E+001  0.177785848026459E+001  0.118374612712187E+000  0.296658058585497E+000 -0.131028262406404E+000 -0.132437054882589E+003
  0.100000000000000E+001  0.264873665593010E+003  0.163219423662127E+001  0.150472709754145E+001  0.473567465176558E+000  0.200528815611371E+000 -0.131028262406404E+000 -0.132436832796505E+003
  0.100000000000000E+001  0.264873586267580E+003  0.158783477532591E+001  0.160923806546309E+001  0.850420798588150E+000  0.354261916052916E+000 -0.131028262406404E+000 -0.132436793133790E+003
  0.100000000000000E+001  0.264871132941043E+003  0.193053252435314E+001  0.169604945241957E+001  0.752416995204970E+000  0.261040689157311E+000 -0.131028262406404E+000 -0.132435566470521E+003
  0.100000000000000E+001  0.264870846167550E+003  0.136276372714342E+001  0.136435445252904E+001  0.803373042674646E+000  0.319310118919865E+000 -0.131028262406404E+000 -0.132435423083775E+003
  0.100000000000000E+001  0.264869810171227E+003  0.815998731517493E+000  0.175512078107791E+001  0.388716167575045E+000  0.326575876855890E+000 -0.131028262406404E+000 -0.132434905085614E+003
  0.100000000000000E+001  0.264869153061869E+003  0.187841995863006E+001  0.179743405352639E+001  0.191139261269424E-001  0.300097620030979E+000 -0.131028262406404E+000 -0.132434576530935E+003
  0.100000000000000E+001  0.264865651261875E+003  0.120659285226005E+001  0.135668606756634E+001  0.721102244634536E+000  0.297419656704808E+000 -0.131028262406404E+000 -0.132432825630937E+003
  0.100000000000000E+001  0.264864836164329E+003  0.104445019153135E+001  0.134553028836559E+001  0.343012027213370E+000  0.345979799846267E+000 -0.131028262406404E+000 -0.132432418082164E+003
  0.100000000000000E+001  0.264863456640282E+003  0.191801660092228E+001  0.188474289372684E+001  0.268547517970098E+000  0.310651208283031E+000 -0.131028262406404E+000 -0.132431728320141E+003
  0.100000000000000E+001  0.264862400752987E+003  0.584686328526769E+000  0.167246846514848E+001  0.924847696405385E+000  0.442868676954378E+000 -0.131028262406404E+000 -0.132431200376494E+003
  0.100000000000000E+001  0.264861489708910E+003  0.131290947944474E+001  0.140177068113109E+001  0.202564147155284E+000  0.261744361040435E+000 -0.131028262406404E+000 -0.132430744854455E+003
  0.100000000000000E+001  0.264860829302886E+003  0.144754397777788E+001  0.149603210290547E+001  0.560288169610374E+000  0.363496640882200E+000 -0.131028262406404E+000 -0.132430414651443E+003
  0.100000000000000E+001  0.264860566010613E+003  0.676483656681816E+000  0.197533961055893E+001  0.471350246539063E-001  0.371504625160092E+000 -0.131028262406404E+000 -0.132430283005307E+003
  0.100000000000000E+001  0.264860114306267E+003  0.149227759470150E+001  0.159688970353015E+001  0.811586139194172E+000  0.399877280862800E+000 -0.131028262406404E+000 -0.132430057153133E+003
  0.100000000000000E+001  0.264857478879928E+003  0.800673117729281E+000  0.143938826793506E+001  0.970070281607111E+000  0.389848363476329E+000 -0.131028262406404E+000 -0.132428739439964E+003
  0.100000000000000E+001  0.264856715694977E+003  0.112263462166316E+001  0.184742122270858E+001  0.321923565843644E+000  0.249346041277577E+000 -0.131028262406404E+000 -0.132428357847488E+003
  0.100000000000000E+001  0.264854151578849E+003  0.114931578555292E+001  0.142348795331197E+001  0.573851502293667E+000  0.288819893738857E+000 -0.131028262406404E+000 -0.132427075789424E+003
  0.100000000000000E+001  0.264851133145173E+003  0.994053519143439E+000  0.198199408850409E+001  0.747325775331027E+000  0.271020778777122E+000 -0.131028262406404E+000 -0.132425566572587E+003
  0.100000000000000E+001  0.264851055860545E+003  0.164617042798737E+001  0.141273484188321E+001  0.337395175405716E+000  0.243643343572428E+000 -0.131028262406404E+000 -0.132425527930272E+003
  0.100000000000000E+001  0.264850835963912E+003  0.196880232697010E+001  0.194151865504068E+001  0.668673282617838E+000  0.157533109548535E+000 -0.131028262406404E+000 -0.132425417981956E+003
  0.100000000000000E+001  0.264849931286909E+003  0.120514528717743E+001  0.136232063921497E+001  0.880570405086316E+000  0.378729553156284E+000 -0.131028262406404E+000 -0.132424965643455E+003
  0.100000000000000E+001  0.264849637808295E+003  0.159173816791810E+001  0.163114010857010E+001  0.422480992077705E+000  0.199503666363147E+000 -0.131028262406404E+000 -0.132424818904147E+003
  0.100000000000000E+001  0.264848572301069E+003  0.195856773225710E+001  0.193214544309638E+001  0.372919852836008E+000  0.307387815801057E+000 -0.131028262406404E+000 -0.132424286150535E+003
  0.100000000000000E+001  0.264847386927525E+003  0.158048375721846E+001  0.168025562202672E+001  0.905470092139587E+000  0.198040500073639E+000 -0.131028262406404E+000 -0.132423693463762E+003
  0.100000000000000E+001  0.264846187409287E+003  0.116028749503388E+001  0.134218890471737E+001  0.525714433163732E-001  0.347419310358521E+000 -0.131028262406404E+000 -0.132423093704644E+003
  0.100000000000000E+001  0.264845338830126E+003  0.150268962486736E+001  0.160535548731064E+001  0.573019176894099E+000  0.394339474359690E+000 -0.131028262406404E+000 -0.132422669415063E+003
  0.100000000000000E+001  0.264843941642811E+003  0.148511129761164E+001  0.143142529204408E+001  0.298186077471174E+000  0.237237382551479E+000 -0.131028262406404E+000 -0.132421970821405E+003
  0.100000000000000E+001  0.264840303510658E+003  0.115155591347501E+001  0.164469000125646E+001  0.172439029395815E+000  0.258984887800228E+000 -0.131028262406404E+000 -0.132420151755329E+003
  0.100000000000000E+001  0.264840127412160E+003  0.135805284848272E+001  0.173627712560148E+001  0.556480282269754E+000  0.221281019637199E+000 -0.131028262406404E+000 -0.132420063706080E+003
  0.100000000000000E+001  0.264837737154439E+003  0.530192952346074E+000  0.172602803185649E+001  0.858474524615916E+000  0.477956059793645E+000 -0.131028262406404E+000 -0.132418868577220E+003
  0.100000000000000E+001  0.264836837711710E+003  0.104313957348221E+001  0.134537052388241E+001  0.328976290672320E+000  0.445418864925901E+000 -0.131028262406404E+000 -0.132418418855855E+003
  0.100000000000000E+001  0.264836128580459E+003  0.785379046619578E+000  0.137920800796492E+001  0.258283745515687E+000  0.438624886303916E+000 -0.131028262406404E+000 -0.132418064290230E+003
  0.100000000000000E+001  0.264835087000700E+003  0.974317066794707E+000  0.192573739086862E+001  0.667946811386379E+000  0.279272128032337E+000 -0.131028262406404E+000 -0.132417543500350E+003
  0.100000000000000E+001  0.264835025634335E+003  0.531459990396633E+000  0.197708912788575E+001  0.175660837709115E+000  0.464229171841792E+000 -0.131028262406404E+000 -0.132417512817167E+003
  0.100000000000000E+001  0.264834778706486E+003  0.930020860278495E+000  0.133500322422962E+001  0.111825626153233E+000  0.429660224199373E+000 -0.131028262406404E+000 -0.132417389353243E+003
  0.100000000000000E+001  0.264834591299972E+003  0.980235219971797E+000  0.134757168898556E+001  0.853342563118788E+000  0.385477864116922E+000 -0.131028262406404E+000 -0.132417295649986E+003
  0.100000000000000E+001  0.264832573803030E+003  0.129986553940775E+001  0.145241710189495E+001  0.712103722319629E+000  0.410534442995365E+000 -0.131028262406404E+000 -0.132416286901515E+003
  0.100000000000000E+001  0.264831884549673E+003  0.173177829273263E+001  0.145887450336142E+001  0.346743550952350E-001  0.219295316090244E+000 -0.131028262406404E+000 -0.132415942274837E+003
  0.100000000000000E+001  0.264831761427670E+003  0.100794492488293E+001  0.150055252270972E+001  0.889740918486282E+000  0.310106153167537E+000 -0.131028262406404E+000 -0.132415880713835E+003
  0.100000000000000E+001  0.264830127946441E+003  0.134493974152098E+001  0.147979593833066E+001  0.533127878818071E+000  0.403391226387656E+000 -0.131028262406404E+000 -0.132415063973220E+003
  0.100000000000000E+001  0.264822509069530E+003  0.183622082237993E+001  0.183429210180606E+001  0.894542220506458E+000  0.318834789655739E+000 -0.131028262406404E+000 -0.132411254534765E+003
  0.100000000000000E+001  0.264822483275450E+003  0.122111201216692E+001  0.137088158399706E+001  0.630278230122044E+000  0.357018434766421E+000 -0.131028262406404E+000 -0.132411241637725E+003
  0.100000000000000E+001  0.264819326617908E+003  0.138359498220690E+001  0.140290833153749E+001  0.601329803368196E+000  0.275872844665764E+000 -0.131028262406404E+000 -0.132409663308954E+003
  0.100000000000000E+001  0.264817783764090E+003  0.178499563262727E+001  0.155333786072027E+001  0.169272877400843E+000  0.197813534123953E+000 -0.131028262406404E+000 -0.132408891882045E+003
  0.100000000000000E+001  0.264817519260124E+003  0.613098250098815E+000  0.148126135397959E+001  0.982970532046064E+000  0.489262535640678E+000 -0.131028262406404E+000 -0.132408759630062E+003
  0.100000000000000E+001  0.264815684102964E+003  0.730619139683789E+000  0.177401084649858E+001  0.775510262483303E+000  0.364673137391635E+000 -0.131028262406404E+000 -0.132407842051482E+003
  0.100000000000000E+001  0.264813289927900E+003  0.165065397670249E+001  0.166207062249431E+001  0.124042560841883E+000  0.332628823705569E+000 -0.131028262406404E+000 -0.132406644963950E+003
  0.100000000000000E+001  0.264810782397889E+003  0.149221666765053E+001  0.148424610029463E+001  0.578990267786605E+000  0.317630646439551E+000 -0.131028262406404E+000 -0.132405391198945E+003
  0.100000000000000E+001  0.264809098088093E+003  0.150535995898237E+001  0.143820143630601E+001  0.521701475474671E+000  0.277089418247631E+000 -0.131028262406404E+000 -0.132404549044047E+003
  0.100000000000000E+001  0.264808941199162E+003  0.711056413405933E+000  0.161951025281565E+001  0.362493279359907E+000  0.393517744153771E+000 -0.131028262406404E+000 -0.132404470599581E+003
  0.100000000000000E+001  0.264805382591867E+003  0.107441958845112E+001  0.136413544536510E+001  0.558820039322351E+000  0.438720472595602E+000 -0.131028262406404E+000 -0.132402691295933E+003
  0.100000000000000E+001  0.264805310691365E+003  0.131796477978981E+001  0.197287918374795E+001  0.458242881008170E-001  0.221774733155016E+000 -0.131028262406404E+000 -0.132402655345683E+003
  0.100000000000000E+001  0.264802823065514E+003  0.554828677462630E+000  0.160496362099516E+001  0.966828053021351E+000  0.490525090422747E+000 -0.131028262406404E+000 -0.132401411532757E+003
  0.100000000000000E+001  0.264801380028278E+003  0.828389830610621E+000  0.172927265228536E+001  0.334605029581698E+000  0.335519464067940E+000 -0.131028262406404E+000 -0.132400690014139E+003
  0.100000000000000E+001  0.264798198243060E+003  0.190491258053119E+001  0.157800788617923E+001  0.626765445255936E+000  0.197948029253106E+000 -0.131028262406404E+000 -0.132399099121530E+003
  0.100000000000000E+001  0.264796405788962E+003  0.871850170365206E+000  0.188731397522471E+001  0.731493952287671E+000  0.312487906319866E+000 -0.131028262406404E+000 -0.132398202894481E+003
  0.100000000000000E+001  0.264796384650956E+003  0.160221666259892E+001  0.170688578390031E+001  0.825442917368255E+000  0.377955853032860E+000 -0.131028262406404E+000 -0.132398192325478E+003
  0.100000000000000E+001  0.264793191201243E+003  0.150308353788061E+001  0.197763764870011E+001  0.246517813968300E+000  0.201593573711650E+000 -0.131028262406404E+000 -0.132396595600621E+003
  0.100000000000000E+001  0.264793103747238E+003  0.556691405304338E+000  0.160559705645586E+001  0.554172933541152E+000  0.491046393675942E+000 -0.131028262406404E+000 -0.132396551873619E+003
  0.100000000000000E+001  0.264792634215804E+003  0.166939709184604E+001  0.167782608599746E+001  0.509435937993497E+000  0.200210321245519E+000 -0.131028262406404E+000 -0.132396317107902E+003
  0.100000000000000E+001  0.264791474685973E+003  0.109166309525721E+001  0.186611343435002E+001  0.714201108593539E+000  0.263122609043132E+000 -0.131028262406404E+000 -0.132395737342987E+003
  0.100000000000000E+001  0.264790360948834E+003  0.164194158361797E+001  0.183452380181914E+001  0.180868110868284E+000  0.431235337037508E+000 -0.131028262406404E+000 -0.132395180474417E+003
  0.100000000000000E+001  0.264788888206969E+003  0.100269418511365E+001  0.138112970691258E+001  0.425295328524460E+000  0.371947031701541E+000 -0.131028262406404E+000 -0.132394444103485E+003
  0.100000000000000E+001  0.264787098168644E+003  0.171709472526599E+001  0.176105312080123E+001  0.798261678095766E+000  0.337028331261299E+000 -0.131028262406404E+000 -0.132393549084322E+003
  0.100000000000000E+001  0.264784884328412E+003  0.669905659328539E+000  0.171560895427131E+001  0.634866209612608E+000  0.402932340519020E+000 -0.131028262406404E+000 -0.132392442164206E+003
  0.100000000000000E+001  0.264784611787929E+003  0.106964175202954E+001  0.157257690942747E+001  0.696060506913000E-001  0.293508268701895E+000 -0.131028262406404E+000 -0.132392305893965E+003
  0.100000000000000E+001  0.264783716371708E+003  0.102813244212838E+001  0.140120582396665E+001  0.636242176717165E+000  0.352710522729627E+000 -0.131028262406404E+000 -0.132391858185854E+003
  0.100000000000000E+001  0.264783070830742E+003  0.162111325968380E+001  0.157119169353722E+001  0.473040091119913E-001  0.297011442091971E+000 -0.131028262406404E+000 -0.132391535415371E+003
  0.100000000000000E+001  0.264781820247342E+003  0.144479894986527E+001  0.145859589187666E+001  0.860818600876637E+000  0.265325600115457E+000 -0.131028262406404E+000 -0.132390910123671E+003
  0.100000000000000E+001  0.264780096016654E+003  0.173143693437511E+001  0.180111413403632E+001  0.812365567609112E+000  0.346118544263517E+000 -0.131028262406404E+000 -0.132390048008327E+003
  0.100000000000000E+001  0.264778789097531E+003  0.862907568464534E+000  0.198237934071791E+001  0.574198991538924E+000  0.314194529262542E+000 -0.131028262406404E+000 -0.132389394548766E+003
  0.100000000000000E+001  0.264777742271671E+003  0.135897091866945E+001  0.143160892918843E+001  0.123086148318373E+000  0.316513423859444E+000 -0.131028262406404E+000 -0.132388871135835E+003
  0.100000000000000E+001  0.264776404962090E+003  0.181769769598456E+001  0.161027269728181E+001  0.315457709912856E+000  0.203035820124153E+000 -0.131028262406404E+000 -0.132388202481045E+003
  0.100000000000000E+001  0.264773147734385E+003  0.749485275703665E+000  0.149475268502475E+001  0.495863725166848E+000  0.414761360317590E+000 -0.131028262406404E+000 -0.132386573867193E+003
  0.100000000000000E+001  0.264771301886067E+003  0.189348509086417E+001  0.188573262598310E+001  0.150620807426124E+000  0.302253417797409E+000 -0.131028262406404E+000 -0.132385650943033E+003
  0.100000000000000E+001  0.264771008060464E+003  0.855716586624061E+000  0.161760605430922E+001  0.964884659642356E+000  0.345419637770550E+000 -0.131028262406404E+000 -0.132385504030232E+003
  0.100000000000000E+001  0.264768715578408E+003  0.167645307550170E+001  0.153876237324660E+001  0.314607290420058E+000  0.235601680373143E+000 -0.131028262406404E+000 -0.132384357789204E+003
  0.100000000000000E+001  0.264768359778701E+003  0.173443115719105E+001  0.168432261166197E+001  0.699591686293894E+000  0.293621398813357E+000 -0.131028262406404E+000 -0.132384179889350E+003
  0.100000000000000E+001  0.264768161330029E+003  0.188737319511384E+001  0.163445576320931E+001  0.483250909677416E+000  0.200994944056038E+000 -0.131028262406404E+000 -0.132384080665015E+003
  0.100000000000000E+001  0.264767090978257E+003  0.953132162347766E+000  0.173708947592269E+001  0.210157504876118E+000  0.304832641421709E+000 -0.131028262406404E+000 -0.132383545489128E+003
  0.100000000000000E+001  0.264764688105778E+003  0.175370650351962E+001  0.175856129083568E+001  0.232873860530484E+000  0.313045172049512E+000 -0.131028262406404E+000 -0.132382344052889E+003
  0.100000000000000E+001  0.264763692029918E+003  0.148022468960221E+001  0.153340766125103E+001  0.335940213548062E+000  0.244108126874445E+000 -0.131028262406404E+000 -0.132381846014959E+003
  0.100000000000000E+001  0.264763453953178E+003  0.144960247367328E+001  0.147113232059448E+001  0.251444931216713E+000  0.296497792683112E+000 -0.131028262406404E+000 -0.132381726976589E+003
  0.100000000000000E+001  0.264762440728535E+003  0.876421136181495E+000  0.154304609704519E+001  0.914466645152791E-001  0.354236015268106E+000 -0.131028262406404E+000 -0.132381220364267E+003
  0.100000000000000E+001  0.264760258991056E+003  0.127981769350232E+001  0.143954819433380E+001  0.876126396459894E+000  0.300234262314997E+000 -0.131028262406404E+000 -0.132380129495528E+003
  0.100000000000000E+001  0.264757716736000E+003  0.127271318760303E+001  0.142766000892968E+001  0.927045615791760E+000  0.314655388838812E+000 -0.131028262406404E+000 -0.132378858368000E+003
  0.100000000000000E+001  0.264755006398018E+003  0.109709048414158E+001  0.174720544008961E+001  0.889113156125709E+000  0.274567847821101E+000 -0.131028262406404E+000 -0.132377503199009E+003
  0.100000000000000E+001  0.264752581751106E+003  0.699478626501261E+000  0.187357979463448E+001  0.790133821199635E+000  0.381118438697075E+000 -0.131028262406404E+000 -0.132376290875553E+003
  0.100000000000000E+001  0.264752373576667E+003  0.105136507165883E+001  0.147345779389571E+001  0.178701840101880E+000  0.326629434999421E+000 -0.131028262406404E+000 -0.132376186788334E+003
  0.100000000000000E+001  0.264750835916820E+003  0.970525248510546E+000  0.184947018315653E+001  0.366663194813922E+000  0.295243393596662E+000 -0.131028262406404E+000 -0.132375417958410E+003
  0.100000000000000E+001  0.264747671338277E+003  0.107026861039339E+001  0.185782447668776E+001  0.620578210754288E+000  0.273782393473592E+000 -0.131028262406404E+000 -0.132373835669139E+003
  0.100000000000000E+001  0.264747117897480E+003  0.711810108176189E+000  0.152464038854614E+001  0.986703156927984E+000  0.429190518566753E+000 -0.131028262406404E+000 -0.132373558948740E+003
  0.100000000000000E+001  0.264746229093787E+003  0.636572411583034E+000  0.195047436452863E+001  0.526767998394032E+000  0.410413383679766E+000 -0.131028262406404E+000 -0.132373114546894E+003
  0.100000000000000E+001  0.264744849535755E+003  0.141815819617245E+001  0.148696017516580E+001  0.288978115648201E+000  0.275796601821940E+000 -0.131028262406404E+000 -0.132372424767878E+003
  0.100000000000000E+001  0.264743851791542E+003  0.144235838665852E+001  0.190829045860097E+001  0.813559892871100E+000  0.217158089926842E+000 -0.131028262406404E+000 -0.132371925895771E+003
  0.100000000000000E+001  0.264741735956491E+003  0.818917383098306E+000  0.139565081585608E+001  0.150038235574065E+000  0.448369045233922E+000 -0.131028262406404E+000 -0.132370867978245E+003
  0.100000000000000E+001  0.264740512834935E+003  0.100410773678939E+001  0.184160345727994E+001  0.688950276601037E+000  0.289497684229596E+000 -0.131028262406404E+000 -0.132370256417467E+003
  0.100000000000000E+001  0.264737246202657E+003  0.148767656918628E+001  0.182769085207769E+001  0.657909607333457E+000  0.217222674536676E+000 -0.131028262406404E+000 -0.132368623101328E+003
  0.100000000000000E+001  0.264735703935342E+003  0.162139986037717E+001  0.174577779814990E+001  0.873291795392509E+000  0.371852516894841E+000 -0.131028262406404E+000 -0.132367851967671E+003
  0.100000000000000E+001  0.264733173959126E+003  0.183371964131076E+001  0.188719895698140E+001  0.617784542598681E+000  0.186377969946726E+000 -0.131028262406404E+000 -0.132366586979563E+003
  0.100000000000000E+001  0.264732249427396E+003  0.112130011296349E+001  0.152642052254822E+001  0.992280647700545E+000  0.303272970935214E+000 -0.131028262406404E+000 -0.132366124713698E+003
  0.100000000000000E+001  0.264728376263982E+003  0.166423363320835E+001  0.176486053590599E+001  0.198262527187515E+000  0.352961236538400E+000 -0.131028262406404E+000 -0.132364188131991E+003
  0.100000000000000E+001  0.264728108846616E+003  0.100452399475124E+001  0.163332526212039E+001  0.351529458994122E+000  0.310313505508582E+000 -0.131028262406404E+000 -0.132364054423308E+003
  0.100000000000000E+001  0.264727128331832E+003  0.169681300642980E+001  0.173201674521349E+001  0.844969389489932E+000  0.208135833316079E+000 -0.131028262406404E+000 -0.132363564165916E+003
  0.100000000000000E+001  0.264725481738783E+003  0.141062635488105E+001  0.154726403636158E+001  0.314387052871948E+000  0.373182114161304E+000 -0.131028262406404E+000 -0.132362740869391E+003
  0.100000000000000E+001  0.264723299519142E+003  0.110604985130392E+001  0.170640618849683E+001  0.122526044885534E+000  0.281544141864909E+000 -0.131028262406404E+000 -0.132361649759571E+003
  0.100000000000000E+001  0.264722376372777E+003  0.186575294607179E+001  0.172646103960952E+001  0.755100158804091E+000  0.245251037333365E+000 -0.131028262406404E+000 -0.132361188186389E+003
  0.100000000000000E+001  0.264721076937469E+003  0.104883147882416E+001  0.186726410835956E+001  0.633925549858493E+000  0.281358135537283E+000 -0.131028262406404E+000 -0.132360538468735E+003
  0.100000000000000E+001  0.264720901913707E+003  0.184831424105702E+001  0.198129920039886E+001  0.308212188548462E+000  0.353552113795341E+000 -0.131028262406404E+000 -0.132360450956853E+003
  0.100000000000000E+001  0.264720353040008E+003  0.186781922293427E+001  0.176701430890427E+001  0.929303598870417E+000  0.197285929970228E+000 -0.131028262406404E+000 -0.132360176520004E+003
  0.100000000000000E+001  0.264719787262314E+003  0.199683715110230E+001  0.192068703700445E+001  0.878933694104226E+000  0.178203612664725E+000 -0.131028262406404E+000 -0.132359893631157E+003
  0.100000000000000E+001  0.264719777305740E+003  0.115542335798834E+001  0.164153829386755E+001  0.765004474961440E+000  0.280357625137911E+000 -0.131028262406404E+000 -0.132359888652870E+003
  0.100000000000000E+001  0.264719471639748E+003  0.155520240717064E+001  0.158019462227490E+001  0.873569902016752E+000  0.303650313617597E+000 -0.131028262406404E+000 -0.132359735819874E+003
  0.100000000000000E+001  0.264718358489878E+003  0.152375775384229E+001  0.174450430491427E+001  0.649718454353209E+000  0.222754305448350E+000 -0.131028262406404E+000 -0.132359179244939E+003
  0.100000000000000E+001  0.264718283963940E+003  0.197439632065243E+001  0.177127091749107E+001  0.685665263745569E+000  0.196902241409119E+000 -0.131028262406404E+000 -0.132359141981970E+003
  0.100000000000000E+001  0.264716739898886E+003  0.157561935013449E+001  0.161656352598281E+001  0.478902377055738E-001  0.236213076636788E+000 -0.131028262406404E+000 -0.132358369949443E+003
  0.100000000000000E+001  0.264715929579117E+003  0.183738012824286E+001  0.169001555148740E+001  0.380869220952861E+000  0.232380699956388E+000 -0.131028262406404E+000 -0.132357964789558E+003
  0.100000000000000E+001  0.264713814135367E+003  0.188820252877995E+001  0.179490768222427E+001  0.158363573317831E+000  0.258983652101891E+000 -0.131028262406404E+000 -0.132356907067684E+003
  0.100000000000000E+001  0.264703948746856E+003  0.104132919297125E+001  0.139496867499992E+001  0.703012496130300E+000  0.436316879493988E+000 -0.131028262406404E+000 -0.132351974373428E+003
  0.100000000000000E+001  0.264703506311569E+003  0.823856622300131E+000  0.157224153279628E+001  0.326572181568044E+000  0.378056261960663E+000 -0.131028262406404E+000 -0.132351753155785E+003
  0.100000000000000E+001  0.264701235400554E+003  0.181700619431940E+001  0.174024611604127E+001  0.362442191144071E+000  0.209873938219235E+000 -0.131028262406404E+000 -0.132350617700277E+003
  0.100000000000000E+001  0.264699291053526E+003  0.142116651774995E+001  0.153274691261090E+001  0.229370329486180E+000  0.334631885541797E+000 -0.131028262406404E+000 -0.132349645526763E+003
  0.100000000000000E+001  0.264695348800753E+003  0.157911543144472E+001  0.162063926313551E+001  0.314895211740020E+000  0.244465178621642E+000 -0.131028262406404E+000 -0.132347674400377E+003
  0.100000000000000E+001  0.264693889939764E+003  0.148058682244799E+001  0.158179367510392E+001  0.739111332708847E+000  0.337148481252082E+000 -0.131028262406404E+000 -0.132346944969882E+003
  0.100000000000000E+001  0.264691763115291E+003  0.176597986916240E+001  0.189580228219197E+001  0.593071971565615E+000  0.351490864743777E+000 -0.131028262406404E+000 -0.132345881557646E+003
  0.100000000000000E+001  0.264690358797785E+003  0.614779427064494E+000  0.169306344862315E+001  0.880638344066913E+000  0.453482271406128E+000 -0.131028262406404E+000 -0.132345179398892E+003
  0.100000000000000E+001  0.264689361641974E+003  0.177658773210979E+001  0.198229150713631E+001  0.493582937336113E+000  0.395162175015460E+000 -0.131028262406404E+000 -0.132344680820987E+003
  0.100000000000000E+001  0.264689116152314E+003  0.100773535854057E+001  0.157755608566794E+001  0.844117028251285E+000  0.326571075103386E+000 -0.131028262406404E+000 -0.132344558076157E+003
  0.100000000000000E+001  0.264688229924336E+003  0.173370012633482E+001  0.167521871178921E+001  0.186485616444617E-001  0.247436444968956E+000 -0.131028262406404E+000 -0.132344114962168E+003
  0.100000000000000E+001  0.264686270702692E+003  0.159636906935033E+001  0.161011279487814E+001  0.608352892817857E+000  0.275187181057820E+000 -0.131028262406404E+000 -0.132343135351346E+003
  0.100000000000000E+001  0.264684900299501E+003  0.103662592595947E+001  0.189359037755354E+001  0.565087788336814E+000  0.287648896494789E+000 -0.131028262406404E+000 -0.132342450149751E+003
  0.100000000000000E+001  0.264678051068140E+003  0.180985586479024E+001  0.194630362060007E+001  0.398303625242494E-001  0.347823188555906E+000 -0.131028262406404E+000 -0.132339025534070E+003
  0.100000000000000E+001  0.264677399189795E+003  0.189446223827862E+001  0.181470543575477E+001  0.167796295065132E+000  0.205662548650005E+000 -0.131028262406404E+000 -0.132338699594898E+003
  0.100000000000000E+001  0.264674786699979E+003  0.166144367550787E+001  0.169357806435697E+001  0.455193121159846E+000  0.295991785680119E+000 -0.131028262406404E+000 -0.132337393349990E+003
  0.100000000000000E+001  0.264672849571166E+003  0.951100938059483E+000  0.158652124240306E+001  0.351948525143810E+000  0.342286060522509E+000 -0.131028262406404E+000 -0.132336424785583E+003
  0.100000000000000E+001  0.264672220902432E+003  0.192764994480995E+001  0.187540847421885E+001  0.509380174918326E+000  0.197448830362801E+000 -0.131028262406404E+000 -0.132336110451216E+003
  0.100000000000000E+001  0.264671305355022E+003  0.167460334639739E+001  0.180630664714161E+001  0.846031550515697E+000  0.353327716761336E+000 -0.131028262406404E+000 -0.132335652677511E+003
  0.100000000000000E+001  0.264669796329865E+003  0.124027695668770E+001  0.159908369731380E+001  0.404037813313895E+000  0.284576924208199E+000 -0.131028262406404E+000 -0.132334898164932E+003
  0.100000000000000E+001  0.264669492549415E+003  0.107569337754678E+001  0.142024952121597E+001  0.169633479150634E+000  0.408538515596663E+000 -0.131028262406404E+000 -0.132334746274707E+003
  0.100000000000000E+001  0.264667542617313E+003  0.862605017157685E+000  0.142150394990879E+001  0.744261812123729E+000  0.439217445947721E+000 -0.131028262406404E+000 -0.132333771308656E+003
  0.100000000000000E+001  0.264665873210328E+003  0.135415269429077E+001  0.163336364611315E+001  0.793587694336471E+000  0.265591756434815E+000 -0.131028262406404E+000 -0.132332936605164E+003
  0.100000000000000E+001  0.264664947542870E+003  0.104489349749983E+001  0.141219941765529E+001  0.429859727464072E+000  0.431653124771753E+000 -0.131028262406404E+000 -0.132332473771435E+003
  0.100000000000000E+001  0.264664818988751E+003  0.665512530525970E+000  0.199107725395554E+001  0.188673934140056E+000  0.407979790982643E+000 -0.131028262406404E+000 -0.132332409494376E+003
  0.100000000000000E+001  0.264662237422364E+003  0.934321055918696E+000  0.159890075238668E+001  0.486130520798371E+000  0.346490450118598E+000 -0.131028262406404E+000 -0.132331118711182E+003
  0.100000000000000E+001  0.264661975279452E+003  0.146487065492445E+001  0.165801717802828E+001  0.727450674230680E+000  0.252546469030096E+000 -0.131028262406404E+000 -0.132330987639726E+003
  0.100000000000000E+001  0.264660637763986E+003  0.156049448731262E+001  0.164437612543177E+001  0.330011454944813E+000  0.253907494317607E+000 -0.131028262406404E+000 -0.132330318881993E+003
  0.100000000000000E+001  0.264660319746450E+003  0.915557558421017E+000  0.146615790291418E+001  0.571437935660274E+000  0.394032275152837E+000 -0.131028262406404E+000 -0.132330159873225E+003
  0.100000000000000E+001  0.264658870499312E+003  0.727238672263733E+000  0.148133915293918E+001  0.472777565141366E+000  0.461999226102506E+000 -0.131028262406404E+000 -0.132329435249656E+003
  0.100000000000000E+001  0.264656298928342E+003  0.879552462734398E+000  0.195996130089025E+001  0.908811787615287E+000  0.327275185572991E+000 -0.131028262406404E+000 -0.132328149464171E+003
  0.100000000000000E+001  0.264653113602137E+003  0.804646731111491E+000  0.189654489416748E+001  0.112154060745184E+000  0.354132899297346E+000 -0.131028262406404E+000 -0.132326556801068E+003
  0.100000000000000E+001  0.264649985084801E+003  0.142338276125208E+001  0.159675052071416E+001  0.658500652868261E+000  0.373955868006274E+000 -0.131028262406404E+000 -0.132324992542400E+003
  0.100000000000000E+001  0.264648508417574E+003  0.168260292169980E+001  0.183890937651540E+001  0.746126466122942E+000  0.361209417212339E+000 -0.131028262406404E+000 -0.132324254208787E+003
  0.100000000000000E+001  0.264648350481368E+003  0.803658765596444E+000  0.189047735730923E+001  0.124759941548675E+000  0.355511538282616E+000 -0.131028262406404E+000 -0.132324175240684E+003
  0.100000000000000E+001  0.264647029081219E+003  0.101574349020096E+001  0.167666974367621E+001  0.725687590267587E+000  0.316838660383621E+000 -0.131028262406404E+000 -0.132323514540609E+003
  0.100000000000000E+001  0.264645840970421E+003  0.108575154001402E+001  0.172224167082108E+001  0.315411083019647E-001  0.297103435717637E+000 -0.131028262406404E+000 -0.132322920485210E+003
  0.100000000000000E+001  0.264642486614107E+003  0.144847575501708E+001  0.193174286777433E+001  0.380223038389236E+000  0.230474612264671E+000 -0.131028262406404E+000 -0.132321243307053E+003
  0.100000000000000E+001  0.264642253181873E+003  0.160152017275595E+001  0.195647005483916E+001  0.620018191065534E+000  0.215046564206228E+000 -0.131028262406404E+000 -0.132321126590936E+003
  0.100000000000000E+001  0.264641898112576E+003  0.149995673376495E+001  0.170240528276447E+001  0.506286722950459E+000  0.407172480075449E+000 -0.131028262406404E+000 -0.132320949056288E+003
  0.100000000000000E+001  0.264641654848170E+003  0.168676977996185E+001  0.190309666883112E+001  0.982977872369210E+000  0.401180264296448E+000 -0.131028262406404E+000 -0.132320827424085E+003
  0.100000000000000E+001  0.264640208362085E+003  0.183427025382274E+001  0.199067560918699E+001  0.605784927426634E-002  0.198077070841398E+000 -0.131028262406404E+000 -0.132320104181043E+003
  0.100000000000000E+001  0.264639035737748E+003  0.190094268665117E+001  0.191703115941868E+001  0.322871170108473E+000  0.203050690549454E+000 -0.131028262406404E+000 -0.132319517868874E+003
  0.100000000000000E+001  0.264637217900834E+003  0.945269205982334E+000  0.144512793080489E+001  0.348307716787524E+000  0.407773573846384E+000 -0.131028262406404E+000 -0.132318608950417E+003
  0.100000000000000E+001  0.264636101156704E+003  0.688812500686841E+000  0.149429865204494E+001  0.572999007789369E+000  0.482605345481311E+000 -0.131028262406404E+000 -0.132318050578352E+003
  0.100000000000000E+001  0.264635263606919E+003  0.992928078977499E+000  0.143120317362933E+001  0.793375953935652E+000  0.413320550202798E+000 -0.131028262406404E+000 -0.132317631803460E+003
  0.100000000000000E+001  0.264633672713660E+003  0.901296367396398E+000  0.145067757093878E+001  0.626966051235720E+000  0.417085948556560E+000 -0.131028262406404E+000 -0.132316836356830E+003
  0.100000000000000E+001  0.264633060553640E+003  0.181044905341063E+001  0.181403861794941E+001  0.542550137491185E+000  0.225097205628576E+000 -0.131028262406404E+000 -0.132316530276820E+003
  0.100000000000000E+001  0.264630947243240E+003  0.184811434081372E+001  0.198609455017902E+001  0.676685681902135E+000  0.199715815878059E+000 -0.131028262406404E+000 -0.132315473621620E+003
  0.100000000000000E+001  0.264630902307726E+003  0.949567849088429E+000  0.191143099190147E+001  0.933167259606861E+000  0.314270850932193E+000 -0.131028262406404E+000 -0.132315451153863E+003
  0.100000000000000E+001  0.264629586201535E+003  0.161609135904775E+001  0.173892872780541E+001  0.809237154508164E+000  0.240274360232824E+000 -0.131028262406404E+000 -0.132314793100767E+003
  0.100000000000000E+001  0.264629215930261E+003  0.632227909238731E+000  0.165763906509545E+001  0.292423708775077E+000  0.461654143098561E+000 -0.131028262406404E+000 -0.132314607965131E+003
  0.100000000000000E+001  0.264627437663022E+003  0.630478260426939E+000  0.161694974397238E+001  0.815860368310648E+000  0.472841328465684E+000 -0.131028262406404E+000 -0.132313718831511E+003
  0.100000000000000E+001  0.264627430257211E+003  0.929348943962119E+000  0.142222336331044E+001  0.737258537001802E+000  0.439415005945156E+000 -0.131028262406404E+000 -0.132313715128605E+003
  0.100000000000000E+001  0.264626005330539E+003  0.759194211549771E+000  0.152065200657177E+001  0.771467151416114E+000  0.437266841216342E+000 -0.131028262406404E+000 -0.132313002665269E+003
  0.100000000000000E+001  0.264625421092277E+003  0.745246296661981E+000  0.154952657554749E+001  0.824709567279889E+000  0.433148772638560E+000 -0.131028262406404E+000 -0.132312710546139E+003
  0.100000000000000E+001  0.264621889955009E+003  0.183363474975079E+001  0.184253870540837E+001  0.357575699750394E+000  0.261103274403135E+000 -0.131028262406404E+000 -0.132310944977504E+003
  0.100000000000000E+001  0.264621844063582E+003  0.112011731130785E+001  0.195932712656668E+001  0.116216629697854E+000  0.277232465770078E+000 -0.131028262406404E+000 -0.132310922031791E+003
  0.100000000000000E+001  0.264620540445996E+003  0.111839029502723E+001  0.145579584542905E+001  0.487391870321561E+000  0.476312966786548E+000 -0.131028262406404E+000 -0.132310270222998E+003
  0.100000000000000E+001  0.264618308292424E+003  0.745410688119978E+000  0.163816881663053E+001  0.149177079465702E+000  0.411310072015081E+000 -0.131028262406404E+000 -0.132309154146212E+003
  0.100000000000000E+001  0.264617498566443E+003  0.155242009233031E+001  0.182935075043449E+001  0.245653936585765E+000  0.471497416458141E+000 -0.131028262406404E+000 -0.132308749283222E+003
  0.100000000000000E+001  0.264616745706334E+003  0.148734170664314E+001  0.192915597444195E+001  0.713213710640414E+000  0.230906483611343E+000 -0.131028262406404E+000 -0.132308372853167E+003
  0.100000000000000E+001  0.264615869419896E+003  0.182491094399685E+001  0.183427012856779E+001  0.615991879241813E+000  0.231888728295245E+000 -0.131028262406404E+000 -0.132307934709948E+003
  0.100000000000000E+001  0.264614566117633E+003  0.149115003330629E+001  0.162783785158909E+001  0.638950365799925E+000  0.315383893724118E+000 -0.131028262406404E+000 -0.132307283058816E+003
  0.100000000000000E+001  0.264613806545853E+003  0.916561690721393E+000  0.145317027862635E+001  0.734927938898137E+000  0.418702496859479E+000 -0.131028262406404E+000 -0.132306903272926E+003
  0.100000000000000E+001  0.264612353086658E+003  0.134472462318764E+001  0.155065867341632E+001  0.455101225127387E+000  0.346603268173202E+000 -0.131028262406404E+000 -0.132306176543329E+003
  0.100000000000000E+001  0.264611143867507E+003  0.583148015242440E+000  0.185962579059511E+001  0.154024287253577E+000  0.469346742742717E+000 -0.131028262406404E+000 -0.132305571933753E+003
  0.100000000000000E+001  0.264611062781575E+003  0.171292353335069E+001  0.176786402477132E+001  0.450275811574777E+000  0.247755865493800E+000 -0.131028262406404E+000 -0.132305531390787E+003
  0.100000000000000E+001  0.264610680835092E+003  0.159652118936789E+001  0.182122473982713E+001  0.271448491155031E+000  0.409336520434922E+000 -0.131028262406404E+000 -0.132305340417546E+003
  0.100000000000000E+001  0.264608044242516E+003  0.672563736138122E+000  0.155183666102699E+001  0.953217706079559E+000  0.473197983966886E+000 -0.131028262406404E+000 -0.132304022121258E+003
  0.100000000000000E+001  0.264606482090562E+003  0.155694731809801E+001  0.182612801894813E+001  0.545418101379974E+000  0.235796237048002E+000 -0.131028262406404E+000 -0.132303241045281E+003
  0.100000000000000E+001  0.264601515534425E+003  0.101368420009397E+001  0.187867216549001E+001  0.339926523519837E+000  0.305532277732587E+000 -0.131028262406404E+000 -0.132300757767212E+003
  0.100000000000000E+001  0.264601429045169E+003  0.143729833171265E+001  0.164876109584485E+001  0.949696633275128E-001  0.278188323690159E+000 -0.131028262406404E+000 -0.132300714522585E+003
  0.100000000000000E+001  0.264599314541778E+003  0.740069325893330E+000  0.160417993797090E+001  0.847918890490924E+000  0.425186690821870E+000 -0.131028262406404E+000 -0.132299657270889E+003
  0.100000000000000E+001  0.264597601154928E+003  0.142456420053194E+001  0.161273391088288E+001  0.355767131536387E+000  0.354893040131912E+000 -0.131028262406404E+000 -0.132298800577464E+003
  0.100000000000000E+001  0.264595952224019E+003  0.170347966709693E+001  0.177698538725589E+001  0.963633328430478E+000  0.277071975577242E+000 -0.131028262406404E+000 -0.132297976112010E+003
  0.100000000000000E+001  0.264595800112962E+003  0.124320337269118E+001  0.151239685082313E+001  0.481856635888095E+000  0.385073775027323E+000 -0.131028262406404E+000 -0.132297900056481E+003
  0.100000000000000E+001  0.264592319839979E+003  0.196944794734843E+001  0.198131293683718E+001  0.142418506698022E+000  0.213075733967177E+000 -0.131028262406404E+000 -0.132296159919990E+003
  0.100000000000000E+001  0.264590878135090E+003  0.193405514531513E+001  0.195669862453646E+001  0.314953792192449E-001  0.253825296954255E+000 -0.131028262406404E+000 -0.132295439067545E+003
  0.100000000000000E+001  0.264589933963930E+003  0.925176083896467E+000  0.141564082676542E+001  0.163415882681433E+000  0.478995868472805E+000 -0.131028262406404E+000 -0.132294966981965E+003
  0.100000000000000E+001  0.264589277705004E+003  0.818178630225683E+000  0.168127803439939E+001  0.864803799023212E+000  0.381100967358532E+000 -0.131028262406404E+000 -0.132294638852502E+003
  0.100000000000000E+001  0.264588468947032E+003  0.170117142219103E+001  0.192908661344621E+001  0.177316006514819E+000  0.220890641084717E+000 -0.131028262406404E+000 -0.132294234473516E+003
  0.100000000000000E+001  0.264586385630054E+003  0.931337230083226E+000  0.152770817780490E+001  0.785295928421592E+000  0.384420579234290E+000 -0.131028262406404E+000 -0.132293192815027E+003
  0.100000000000000E+001  0.264584136946756E+003  0.124498806696756E+001  0.151933137723539E+001  0.432761787985240E+000  0.387604013442753E+000 -0.131028262406404E+000 -0.132292068473378E+003
  0.100000000000000E+001  0.264582083972012E+003  0.186469343906179E+001  0.191015451248151E+001  0.689473380236188E+000  0.230089234860933E+000 -0.131028262406404E+000 -0.132291041986006E+003
  0.100000000000000E+001  0.264580866544347E+003  0.644225448148147E+000  0.194052945967941E+001  0.978375186405620E+000  0.434058100296665E+000 -0.131028262406404E+000 -0.132290433272173E+003
  0.100000000000000E+001  0.264578947910760E+003  0.164054718454613E+001  0.178206711253832E+001  0.178311757922350E+000  0.322873329369265E+000 -0.131028262406404E+000 -0.132289473955380E+003
  0.100000000000000E+001  0.264577701813017E+003  0.166335417483747E+001  0.181079301481306E+001  0.684095362154371E+000  0.327645351869328E+000 -0.131028262406404E+000 -0.132288850906509E+003
  0.100000000000000E+001  0.264574730307862E+003  0.673727085581304E+000  0.196095716838501E+001  0.457920167295423E-001  0.418839796677420E+000 -0.131028262406404E+000 -0.132287365153931E+003
  0.100000000000000E+001  0.264574220197429E+003  0.165995014250757E+001  0.191817262410241E+001  0.693551743879570E+000  0.227236687202110E+000 -0.131028262406404E+000 -0.132287110098714E+003
  0.100000000000000E+001  0.264570317112850E+003  0.108275151190311E+001  0.167812952096386E+001  0.116726380171462E+000  0.317674659574039E+000 -0.131028262406404E+000 -0.132285158556425E+003
  0.100000000000000E+001  0.264568616048341E+003  0.161474996336949E+001  0.176269296201883E+001  0.905246907036970E+000  0.320383529195219E+000 -0.131028262406404E+000 -0.132284308024170E+003
  0.100000000000000E+001  0.264567863480544E+003  0.134342981205824E+001  0.166073306211556E+001  0.591724273513418E+000  0.289107535046487E+000 -0.131028262406404E+000 -0.132283931740272E+003
  0.100000000000000E+001  0.264565086564189E+003  0.140489239495022E+001  0.174365703972243E+001  0.430999859733687E+000  0.267913243142563E+000 -0.131028262406404E+000 -0.132282543282095E+003
  0.100000000000000E+001  0.264562372232422E+003  0.947234435513224E+000  0.144210013345636E+001  0.446506798336971E+000  0.448638437065608E+000 -0.131028262406404E+000 -0.132281186116211E+003
  0.100000000000000E+001  0.264561038956649E+003  0.167990663351302E+001  0.183459831054652E+001  0.912839600339965E+000  0.324817242614660E+000 -0.131028262406404E+000 -0.132280519478324E+003
  0.100000000000000E+001  0.264559035435880E+003  0.126393495661797E+001  0.155511229327427E+001  0.355863574901472E+000  0.346407559926377E+000 -0.131028262406404E+000 -0.132279517717940E+003
  0.100000000000000E+001  0.264554353534175E+003  0.896305728372371E+000  0.184247282476429E+001  0.232175972899461E-001  0.344223513355207E+000 -0.131028262406404E+000 -0.132277176767088E+003
  0.100000000000000E+001  0.264554100422830E+003  0.121259960632750E+001  0.152545066587778E+001  0.652903478454746E+000  0.374841078801861E+000 -0.131028262406404E+000 -0.132277050211415E+003
  0.100000000000000E+001  0.264553966542202E+003  0.154763638874154E+001  0.178122312460154E+001  0.966471875180188E-001  0.398882657466569E+000 -0.131028262406404E+000 -0.132276983271101E+003
  0.100000000000000E+001  0.264548505356207E+003  0.126864028458865E+001  0.155271943520707E+001  0.460235267197984E+000  0.366017164435064E+000 -0.131028262406404E+000 -0.132274252678103E+003
  0.100000000000000E+001  0.264547193732564E+003  0.121585963181755E+001  0.153080946819446E+001  0.488234240057631E+000  0.374207078320017E+000 -0.131028262406404E+000 -0.132273596866282E+003
  0.100000000000000E+001  0.264543568479276E+003  0.655001786011938E+000  0.175129162358823E+001  0.163454938622686E+000  0.448740055465638E+000 -0.131028262406404E+000 -0.132271784239638E+003
  0.100000000000000E+001  0.264543267480431E+003  0.141406375249469E+001  0.173881202995772E+001  0.919240125859874E+000  0.274201290162281E+000 -0.131028262406404E+000 -0.132271633740216E+003
  0.100000000000000E+001  0.264541221211803E+003  0.145692000209430E+001  0.167657209934045E+001  0.614299019260980E+000  0.300756428299377E+000 -0.131028262406404E+000 -0.132270610605902E+003
  0.100000000000000E+001  0.264536814473087E+003  0.105757746570040E+001  0.159560461605712E+001  0.680012840070229E+000  0.347600020962446E+000 -0.131028262406404E+000 -0.132268407236543E+003
  0.100000000000000E+001  0.264532415072617E+003  0.168709656776681E+001  0.183075352650195E+001  0.411679771597622E+000  0.271009489951311E+000 -0.131028262406404E+000 -0.132266207536309E+003
  0.100000000000000E+001  0.264529695059027E+003  0.145306452521262E+001  0.171438276963847E+001  0.388258570985885E+000  0.285534841523319E+000 -0.131028262406404E+000 -0.132264847529513E+003
  0.100000000000000E+001  0.264528279977136E+003  0.127027362796600E+001  0.156963098688356E+001  0.478705096220479E+000  0.445274952883918E+000 -0.131028262406404E+000 -0.132264139988568E+003
  0.100000000000000E+001  0.264519677094687E+003  0.812036526804230E+000  0.180188695589479E+001  0.859294414742165E+000  0.379474701958483E+000 -0.131028262406404E+000 -0.132259838547343E+003
  0.100000000000000E+001  0.264519627535462E+003  0.134146812748129E+001  0.161909424007841E+001  0.266109983976627E+000  0.333545185671756E+000 -0.131028262406404E+000 -0.132259813767731E+003
  0.100000000000000E+001  0.264519076554194E+003  0.149955012444468E+001  0.171365818512611E+001  0.683649656204420E+000  0.303980368480593E+000 -0.131028262406404E+000 -0.132259538277097E+003
  0.100000000000000E+001  0.264518621423235E+003  0.134447060431770E+001  0.194436389896613E+001  0.898501254877336E-001  0.260810860521506E+000 -0.131028262406404E+000 -0.132259310711618E+003
  0.100000000000000E+001  0.264517449497663E+003  0.117911682939473E+001  0.163285714008727E+001  0.483251821882588E+000  0.324933155550465E+000 -0.131028262406404E+000 -0.132258724748832E+003
  0.100000000000000E+001  0.264517057943165E+003  0.148918528086648E+001  0.171880346614084E+001  0.417635268377993E+000  0.295725553761198E+000 -0.131028262406404E+000 -0.132258528971583E+003
  0.100000000000000E+001  0.264516590496263E+003  0.130976341274099E+001  0.193966101175925E+001  0.925562891007399E+000  0.265537551060226E+000 -0.131028262406404E+000 -0.132258295248132E+003
  0.100000000000000E+001  0.264516211095347E+003  0.153510642871734E+001  0.173632548310358E+001  0.461356087761311E+000  0.304479062045093E+000 -0.131028262406404E+000 -0.132258105547674E+003
  0.100000000000000E+001  0.264515439761570E+003  0.106305381412289E+001  0.181028509682878E+001  0.433099658739403E+000  0.314350153935751E+000 -0.131028262406404E+000 -0.132257719880785E+003
  0.100000000000000E+001  0.264513019765761E+003  0.135724561770893E+001  0.169345560636036E+001  0.816139441249949E+000  0.297371095873880E+000 -0.131028262406404E+000 -0.132256509882880E+003
  0.100000000000000E+001  0.264510339350933E+003  0.147084700453454E+001  0.169516619475701E+001  0.755631597679724E+000  0.328852947508139E+000 -0.131028262406404E+000 -0.132255169675467E+003
  0.100000000000000E+001  0.264509891614446E+003  0.186309350965310E+001  0.199698503468397E+001  0.872294506205434E+000  0.275857033517834E+000 -0.131028262406404E+000 -0.132254945807223E+003
  0.100000000000000E+001  0.264508471951844E+003  0.107366643528030E+001  0.181102123660488E+001  0.213069281481075E+000  0.313416121151929E+000 -0.131028262406404E+000 -0.132254235975922E+003
  0.100000000000000E+001  0.264505896007525E+003  0.123358399413109E+001  0.155600537151633E+001  0.325253912286712E+000  0.460147763745076E+000 -0.131028262406404E+000 -0.132252948003762E+003
  0.100000000000000E+001  0.264505033519141E+003  0.123839865824468E+001  0.155410890548675E+001  0.423193834623433E+000  0.414559694358210E+000 -0.131028262406404E+000 -0.132252516759571E+003
  0.100000000000000E+001  0.264503237629614E+003  0.100172454950786E+001  0.179978064033635E+001  0.132433954268895E+000  0.330085760052516E+000 -0.131028262406404E+000 -0.132251618814807E+003
  0.100000000000000E+001  0.264502907444040E+003  0.780540277794973E+000  0.181925642278501E+001  0.145989157241468E+000  0.391790532244843E+000 -0.131028262406404E+000 -0.132251453722020E+003
  0.100000000000000E+001  0.264501578929377E+003  0.769377058280994E+000  0.160580561774559E+001  0.629535389182480E+000  0.432784857937349E+000 -0.131028262406404E+000 -0.132250789464689E+003
  0.100000000000000E+001  0.264501360992199E+003  0.128689166102429E+001  0.160329464368526E+001  0.614133785732705E+000  0.345500016326572E+000 -0.131028262406404E+000 -0.132250680496100E+003
  0.100000000000000E+001  0.264501100376574E+003  0.174979627166315E+001  0.194496545059627E+001  0.960023275834935E+000  0.245799574890789E+000 -0.131028262406404E+000 -0.132250550188287E+003
  0.100000000000000E+001  0.264500305803716E+003  0.782318573891398E+000  0.148189220042018E+001  0.626037555787600E+000  0.483625103459936E+000 -0.131028262406404E+000 -0.132250152901858E+003
  0.100000000000000E+001  0.264499665137894E+003  0.152689658257164E+001  0.181023664991839E+001  0.303097174908399E-001  0.269575606225557E+000 -0.131028262406404E+000 -0.132249832568947E+003
  0.100000000000000E+001  0.264497148736036E+003  0.111708417002122E+001  0.193465696645281E+001  0.228264896851354E+000  0.297231493436473E+000 -0.131028262406404E+000 -0.132248574368018E+003
  0.100000000000000E+001  0.264494569503630E+003  0.104002771350798E+001  0.146920958623967E+001  0.527910592257875E+000  0.469033571602285E+000 -0.131028262406404E+000 -0.132247284751815E+003
  0.100000000000000E+001  0.264494239102321E+003  0.998395664301796E+000  0.187537912486655E+001  0.979923192289171E+000  0.325408224062771E+000 -0.131028262406404E+000 -0.132247119551160E+003
  0.100000000000000E+001  0.264494123447929E+003  0.109051787034547E+001  0.157391199051027E+001  0.498259358153747E+000  0.362424902332682E+000 -0.131028262406404E+000 -0.132247061723965E+003
  0.100000000000000E+001  0.264493544322303E+003  0.145622951978880E+001  0.173866838928602E+001  0.125190174515832E+000  0.292196694198643E+000 -0.131028262406404E+000 -0.132246772161151E+003
  0.100000000000000E+001  0.264492971093995E+003  0.112426884277180E+001  0.192908299347674E+001  0.956081063725902E+000  0.296968134690137E+000 -0.131028262406404E+000 -0.132246485546998E+003
  0.100000000000000E+001  0.264491412358359E+003  0.131498112112704E+001  0.162150606777341E+001  0.649263774629836E-001  0.343563923474533E+000 -0.131028262406404E+000 -0.132245706179179E+003
  0.100000000000000E+001  0.264490092195283E+003  0.140388480995730E+001  0.167986773917038E+001  0.776465455227139E+000  0.414333429860920E+000 -0.131028262406404E+000 -0.132245046097642E+003
  0.100000000000000E+001  0.264486317126051E+003  0.148495240614388E+001  0.172482047355970E+001  0.709585625343392E-001  0.319106966891619E+000 -0.131028262406404E+000 -0.132243158563025E+003
  0.100000000000000E+001  0.264484458171276E+003  0.175207502060078E+001  0.193769418674811E+001  0.596305010521359E+000  0.304019911317409E+000 -0.131028262406404E+000 -0.132242229085638E+003
  0.100000000000000E+001  0.264482539442157E+003  0.166058843586786E+001  0.193475805280724E+001  0.741794526753515E+000  0.396891943096158E+000 -0.131028262406404E+000 -0.132241269721079E+003
  0.100000000000000E+001  0.264482417580554E+003  0.137904311215534E+001  0.165155844228182E+001  0.737160255608873E-001  0.368395763450853E+000 -0.131028262406404E+000 -0.132241208790277E+003
  0.100000000000000E+001  0.264481620270956E+003  0.161401674982020E+001  0.182155816014966E+001  0.306608141369086E+000  0.312068684812941E+000 -0.131028262406404E+000 -0.132240810135478E+003
  0.100000000000000E+001  0.264479468964986E+003  0.115393532406805E+001  0.196850425226089E+001  0.345480136559883E+000  0.291517030765571E+000 -0.131028262406404E+000 -0.132239734482493E+003
  0.100000000000000E+001  0.264478525392826E+003  0.181566638268791E+001  0.198802646663877E+001  0.819729913777133E+000  0.284707178386843E+000 -0.131028262406404E+000 -0.132239262696413E+003
  0.100000000000000E+001  0.264471981656776E+003  0.133812380781769E+001  0.171417124909760E+001  0.203123214354347E+000  0.304981653666071E+000 -0.131028262406404E+000 -0.132235990828388E+003
  0.100000000000000E+001  0.264469656405394E+003  0.801397854946931E+000  0.183109794254502E+001  0.179288571161001E+000  0.388500491417327E+000 -0.131028262406404E+000 -0.132234828202697E+003
  0.100000000000000E+001  0.264469567260679E+003  0.849501125364407E+000  0.187727259316035E+001  0.485301735577754E+000  0.368634528252084E+000 -0.131028262406404E+000 -0.132234783630339E+003
  0.100000000000000E+001  0.264467807837725E+003  0.151545182727144E+001  0.178608561630229E+001  0.923910530892772E+000  0.291425036522654E+000 -0.131028262406404E+000 -0.132233903918863E+003
  0.100000000000000E+001  0.264462296828137E+003  0.764887209647227E+000  0.178014925973730E+001  0.698568304534482E+000  0.408730022385508E+000 -0.131028262406404E+000 -0.132231148414068E+003
  0.100000000000000E+001  0.264460554377861E+003  0.949903627260929E+000  0.146509584375595E+001  0.639532012623599E+000  0.476062270486079E+000 -0.131028262406404E+000 -0.132230277188931E+003
  0.100000000000000E+001  0.264455093332906E+003  0.141302072337874E+001  0.169666866017948E+001  0.243952663505650E+000  0.338884192772814E+000 -0.131028262406404E+000 -0.132227546666453E+003
  0.100000000000000E+001  0.264444730562022E+003  0.818889316647999E+000  0.191417553421006E+001  0.623991681828554E+000  0.380165260462951E+000 -0.131028262406404E+000 -0.132222365281011E+003
  0.100000000000000E+001  0.264438123922012E+003  0.752489142663077E+000  0.157995188594219E+001  0.147607842109852E+000  0.462317387789146E+000 -0.131028262406404E+000 -0.132219061961006E+003
  0.100000000000000E+001  0.264438050062688E+003  0.136888212056453E+001  0.167459201905640E+001  0.881903126467204E+000  0.356442577545463E+000 -0.131028262406404E+000 -0.132219025031344E+003
  0.100000000000000E+001  0.264434778748402E+003  0.167576287806430E+001  0.193357943386157E+001  0.502261192319113E+000  0.352044050772171E+000 -0.131028262406404E+000 -0.132217389374201E+003
  0.100000000000000E+001  0.264433180078488E+003  0.138769618462477E+001  0.171089502763380E+001  0.206914129573950E+000  0.327890036371673E+000 -0.131028262406404E+000 -0.132216590039244E+003
  0.100000000000000E+001  0.264432954132853E+003  0.106394806666439E+001  0.149668005081586E+001  0.207670942786011E+000  0.474153453023650E+000 -0.131028262406404E+000 -0.132216477066427E+003
  0.100000000000000E+001  0.264430857002910E+003  0.965111003126335E+000  0.189584147890811E+001  0.664270618507291E+000  0.341370793355775E+000 -0.131028262406404E+000 -0.132215428501455E+003
  0.100000000000000E+001  0.264430602362659E+003  0.109755402847627E+001  0.157734941489085E+001  0.324753847309695E+000  0.382090925207032E+000 -0.131028262406404E+000 -0.132215301181329E+003
  0.100000000000000E+001  0.264429694133724E+003  0.140039338166678E+001  0.190657498454716E+001  0.543770762201543E+000  0.275229003023184E+000 -0.131028262406404E+000 -0.132214847066862E+003
  0.100000000000000E+001  0.264428662216805E+003  0.164832863234466E+001  0.194528087017562E+001  0.620656258974970E+000  0.397226379520018E+000 -0.131028262406404E+000 -0.132214331108403E+003
  0.100000000000000E+001  0.264428332716038E+003  0.160857491700832E+001  0.188209525904257E+001  0.260501744059211E+000  0.371116043173058E+000 -0.131028262406404E+000 -0.132214166358019E+003
  0.100000000000000E+001  0.264428064252861E+003  0.160656082864293E+001  0.187382879445869E+001  0.673215010297336E+000  0.361365420231063E+000 -0.131028262406404E+000 -0.132214032126430E+003
  0.100000000000000E+001  0.264425523492856E+003  0.139177301397146E+001  0.171209109204491E+001  0.491186278344435E+000  0.333469995382923E+000 -0.131028262406404E+000 -0.132212761746428E+003
  0.100000000000000E+001  0.264422250298215E+003  0.968102962462265E+000  0.153285206378496E+001  0.985840210433033E+000  0.423904770669443E+000 -0.131028262406404E+000 -0.132211125149108E+003
  0.100000000000000E+001  0.264422197174847E+003  0.162322034141498E+001  0.188050937891561E+001  0.925255852165332E+000  0.337207735205581E+000 -0.131028262406404E+000 -0.132211098587423E+003
  0.100000000000000E+001  0.264421912294055E+003  0.147169915261802E+001  0.178590967657294E+001  0.261136253317530E+000  0.442788113575782E+000 -0.131028262406404E+000 -0.132210956147027E+003
  0.100000000000000E+001  0.264418126046066E+003  0.156305407621417E+001  0.184570776846362E+001  0.604123413226812E+000  0.378068939990606E+000 -0.131028262406404E+000 -0.132209063023033E+003
  0.100000000000000E+001  0.264417983479267E+003  0.643310631309179E+000  0.175079564374251E+001  0.382749458967779E+000  0.478248163908128E+000 -0.131028262406404E+000 -0.132208991739633E+003
  0.100000000000000E+001  0.264416882979410E+003  0.165892776304815E+001  0.192277281220184E+001  0.961818838445569E+000  0.346085153843716E+000 -0.131028262406404E+000 -0.132208441489705E+003
  0.100000000000000E+001  0.264415880243973E+003  0.114677895727542E+001  0.156100032338623E+001  0.995055142539603E+000  0.407288146918484E+000 -0.131028262406404E+000 -0.132207940121987E+003
  0.100000000000000E+001  0.264414376098196E+003  0.118509641039872E+001  0.190514877678747E+001  0.636244028540099E+000  0.301615754870669E+000 -0.131028262406404E+000 -0.132207188049098E+003
  0.100000000000000E+001  0.264413761630471E+003  0.719999526765352E+000  0.188010176401343E+001  0.310707986661204E+000  0.426320107107700E+000 -0.131028262406404E+000 -0.132206880815236E+003
  0.100000000000000E+001  0.264408673353826E+003  0.964733101964297E+000  0.164827947442540E+001  0.238119973503891E+000  0.381650589503295E+000 -0.131028262406404E+000 -0.132204336676913E+003
  0.100000000000000E+001  0.264404428704753E+003  0.153338660401923E+001  0.191530713867810E+001  0.323612899405585E+000  0.275320547359870E+000 -0.131028262406404E+000 -0.132202214352377E+003
  0.100000000000000E+001  0.264402602778925E+003  0.954273284712794E+000  0.159076819870808E+001  0.840533744405182E+000  0.403627570984960E+000 -0.131028262406404E+000 -0.132201301389463E+003
  0.100000000000000E+001  0.264395978102895E+003  0.128302479434598E+001  0.163126273914829E+001  0.810140959120670E+000  0.474754338320136E+000 -0.131028262406404E+000 -0.132197989051448E+003
  0.100000000000000E+001  0.264391176205135E+003  0.716011147134165E+000  0.172253067125400E+001  0.386064427198791E+000  0.450575428101138E+000 -0.131028262406404E+000 -0.132195588102567E+003
  0.100000000000000E+001  0.264390653785955E+003  0.136877167262133E+001  0.169645098172181E+001  0.921038800241934E+000  0.431323786745025E+000 -0.131028262406404E+000 -0.132195326892978E+003
  0.100000000000000E+001  0.264386880025914E+003  0.125719986957206E+001  0.172353209680601E+001  0.670893585822952E+000  0.330074057803052E+000 -0.131028262406404E+000 -0.132193440012957E+003
  0.100000000000000E+001  0.264384658555668E+003  0.160435094864196E+001  0.197307226388561E+001  0.642913805762446E-001  0.465955746119675E+000 -0.131028262406404E+000 -0.132192329277834E+003
  0.100000000000000E+001  0.264380310697566E+003  0.122712730365947E+001  0.173715202722017E+001  0.452826748883053E+000  0.329408131945511E+000 -0.131028262406404E+000 -0.132190155348783E+003
  0.100000000000000E+001  0.264380302917431E+003  0.136251087312335E+001  0.190123232359380E+001  0.751387176612467E+000  0.288947448970576E+000 -0.131028262406404E+000 -0.132190151458716E+003
  0.100000000000000E+001  0.264380183414354E+003  0.103361742924671E+001  0.173294689093888E+001  0.856912767628946E+000  0.355086205626266E+000 -0.131028262406404E+000 -0.132190091707177E+003
  0.100000000000000E+001  0.264377375827759E+003  0.160088932760931E+001  0.194591157184482E+001  0.939035433778498E+000  0.280882868183708E+000 -0.131028262406404E+000 -0.132188687913879E+003
  0.100000000000000E+001  0.264374891755455E+003  0.693680675599551E+000  0.196444583396438E+001  0.313696742682777E+000  0.441970962379807E+000 -0.131028262406404E+000 -0.132187445877727E+003
  0.100000000000000E+001  0.264373588975844E+003  0.897107697263093E+000  0.197096975049221E+001  0.937083896282263E+000  0.363405637567844E+000 -0.131028262406404E+000 -0.132186794487922E+003
  0.100000000000000E+001  0.264370462291718E+003  0.992988242806192E+000  0.172381369610075E+001  0.184444981251028E+000  0.366668464025793E+000 -0.131028262406404E+000 -0.132185231145859E+003
  0.100000000000000E+001  0.264366636109422E+003  0.108707153730776E+001  0.160616055130541E+001  0.921578233082712E+000  0.389353424230061E+000 -0.131028262406404E+000 -0.132183318054711E+003
  0.100000000000000E+001  0.264365583245446E+003  0.108573064465987E+001  0.174511049137676E+001  0.902935205306779E+000  0.346885841288058E+000 -0.131028262406404E+000 -0.132182791622723E+003
  0.100000000000000E+001  0.264364259207865E+003  0.967797237615025E+000  0.153848046669254E+001  0.479512696018341E+000  0.440627994660227E+000 -0.131028262406404E+000 -0.132182129603933E+003
  0.100000000000000E+001  0.264360382140908E+003  0.112042992529682E+001  0.167999918127933E+001  0.460354691052437E+000  0.359244759322504E+000 -0.131028262406404E+000 -0.132180191070454E+003
  0.100000000000000E+001  0.264357795696770E+003  0.118860067883350E+001  0.167836819601589E+001  0.391800231833434E+000  0.356396669913366E+000 -0.131028262406404E+000 -0.132178897848385E+003
  0.100000000000000E+001  0.264353554173143E+003  0.131738812240852E+001  0.167394389361998E+001  0.901004098818512E+000  0.477434575333795E+000 -0.131028262406404E+000 -0.132176777086572E+003
  0.100000000000000E+001  0.264352830686099E+003  0.140236398467820E+001  0.188392448824616E+001  0.823490189625248E-002  0.296174568164281E+000 -0.131028262406404E+000 -0.132176415343049E+003
  0.100000000000000E+001  0.264351917992705E+003  0.135345528613414E+001  0.198657021042188E+001  0.269386707649663E+000  0.285159804041281E+000 -0.131028262406404E+000 -0.132175958996352E+003
  0.100000000000000E+001  0.264347682929271E+003  0.117592923277696E+001  0.164917080956886E+001  0.531748762981672E+000  0.373195114365319E+000 -0.131028262406404E+000 -0.132173841464635E+003
  0.100000000000000E+001  0.264346975642211E+003  0.117766940442664E+001  0.181911898599093E+001  0.527089756271162E-001  0.325233151983803E+000 -0.131028262406404E+000 -0.132173487821105E+003
  0.100000000000000E+001  0.264345858039581E+003  0.149417460896981E+001  0.184558072797982E+001  0.806595647462393E+000  0.320195714149477E+000 -0.131028262406404E+000 -0.132172929019790E+003
  0.100000000000000E+001  0.264344905986058E+003  0.774560580583357E+000  0.169310091276613E+001  0.973998323264488E+000  0.440343957537476E+000 -0.131028262406404E+000 -0.132172452993029E+003
  0.100000000000000E+001  0.264341058646557E+003  0.139532433587639E+001  0.193353175459054E+001  0.303377742458665E+000  0.290721164616704E+000 -0.131028262406404E+000 -0.132170529323279E+003
  0.100000000000000E+001  0.264340805947860E+003  0.138414830183466E+001  0.191339601988188E+001  0.480787185978284E+000  0.294449917767646E+000 -0.131028262406404E+000 -0.132170402973930E+003
  0.100000000000000E+001  0.264334293046751E+003  0.838876250892199E+000  0.159990133440437E+001  0.704253081703502E+000  0.446783851793719E+000 -0.131028262406404E+000 -0.132167146523376E+003
  0.100000000000000E+001  0.264326288427901E+003  0.101515707603651E+001  0.154853659947151E+001  0.583577059334574E+000  0.445155418115016E+000 -0.131028262406404E+000 -0.132163144213950E+003
  0.100000000000000E+001  0.264322224174315E+003  0.137397496783314E+001  0.196032098832319E+001  0.303850615000145E-002  0.292225173156457E+000 -0.131028262406404E+000 -0.132161112087158E+003
  0.100000000000000E+001  0.264319792270884E+003  0.795185106003686E+000  0.188159980800081E+001  0.446865787193055E+000  0.410782896853184E+000 -0.131028262406404E+000 -0.132159896135442E+003
  0.100000000000000E+001  0.264313931164198E+003  0.106753369262079E+001  0.156265441254049E+001  0.571364101573151E+000  0.442325216861217E+000 -0.131028262406404E+000 -0.132156965582099E+003
  0.100000000000000E+001  0.264311327427142E+003  0.145617209868185E+001  0.187412433662306E+001  0.195243087533874E+000  0.313282486893007E+000 -0.131028262406404E+000 -0.132155663713571E+003
  0.100000000000000E+001  0.264310569885001E+003  0.727057343805427E+000  0.176686805859215E+001  0.670214222194010E+000  0.452833041825909E+000 -0.131028262406404E+000 -0.132155284942500E+003
  0.100000000000000E+001  0.264299563282154E+003  0.135787779072720E+001  0.191925049330681E+001  0.733160356540821E+000  0.303995665566590E+000 -0.131028262406404E+000 -0.132149781641077E+003
  0.100000000000000E+001  0.264298901537482E+003  0.132867218652742E+001  0.182011638832601E+001  0.324432416939141E-001  0.326468201800446E+000 -0.131028262406404E+000 -0.132149450768741E+003
  0.100000000000000E+001  0.264297210843471E+003  0.107157604038820E+001  0.199234055205766E+001  0.890609445116143E+000  0.332416776295499E+000 -0.131028262406404E+000 -0.132148605421735E+003
  0.100000000000000E+001  0.264296987221795E+003  0.137143775108417E+001  0.174420581408015E+001  0.121605739135440E+000  0.486310695572700E+000 -0.131028262406404E+000 -0.132148493610897E+003
  0.100000000000000E+001  0.264293260743919E+003  0.164403072264193E+001  0.199383163125838E+001  0.999257739724224E+000  0.377686536948557E+000 -0.131028262406404E+000 -0.132146630371959E+003
  0.100000000000000E+001  0.264293064236823E+003  0.860636107991878E+000  0.172896684929285E+001  0.586303256279795E+000  0.413435710190082E+000 -0.131028262406404E+000 -0.132146532118412E+003
  0.100000000000000E+001  0.264290106716604E+003  0.793287148832609E+000  0.156087539732502E+001  0.814207786732975E+000  0.490888032863800E+000 -0.131028262406404E+000 -0.132145053358302E+003
  0.100000000000000E+001  0.264288947477120E+003  0.990222114158178E+000  0.172705210987403E+001  0.590870272879858E+000  0.382785825513779E+000 -0.131028262406404E+000 -0.132144473738560E+003
  0.100000000000000E+001  0.264286787196777E+003  0.140468583060371E+001  0.193393726316823E+001  0.444864715226500E+000  0.302844029956640E+000 -0.131028262406404E+000 -0.132143393598388E+003
  0.100000000000000E+001  0.264283443971980E+003  0.919168279098123E+000  0.183033055078501E+001  0.380605762282842E+000  0.383149481332982E+000 -0.131028262406404E+000 -0.132141721985990E+003
  0.100000000000000E+001  0.264282926730659E+003  0.942987451056425E+000  0.155570547779135E+001  0.382485245737165E+000  0.459230300099733E+000 -0.131028262406404E+000 -0.132141463365329E+003
  0.100000000000000E+001  0.264276599183649E+003  0.142555643062388E+001  0.179660965625283E+001  0.979402243867034E+000  0.439761693971590E+000 -0.131028262406404E+000 -0.132138299591825E+003
  0.100000000000000E+001  0.264273167528522E+003  0.719049614082751E+000  0.175764294990399E+001  0.330569564075496E+000  0.464695985818573E+000 -0.131028262406404E+000 -0.132136583764261E+003
  0.100000000000000E+001  0.264273009663295E+003  0.113808613410249E+001  0.197770755848587E+001  0.134627066849575E+000  0.325674069277768E+000 -0.131028262406404E+000 -0.132136504831647E+003
  0.100000000000000E+001  0.264269281645162E+003  0.141568847026419E+001  0.183753938083492E+001  0.962660909634383E+000  0.340089857320726E+000 -0.131028262406404E+000 -0.132134640822581E+003
  0.100000000000000E+001  0.264264454753032E+003  0.774903171167687E+000  0.174235656874024E+001  0.924792200765692E+000  0.445382225639938E+000 -0.131028262406404E+000 -0.132132227376516E+003
  0.100000000000000E+001  0.264258864145970E+003  0.841312078409073E+000  0.182493452102962E+001  0.678568610493938E-001  0.410563622693115E+000 -0.131028262406404E+000 -0.132129432072985E+003
  0.100000000000000E+001  0.264256215750648E+003  0.147479546783621E+001  0.185348921622590E+001  0.645845970676989E+000  0.375949499724549E+000 -0.131028262406404E+000 -0.132128107875324E+003
  0.100000000000000E+001  0.264255889252420E+003  0.143258931949089E+001  0.199235428492425E+001  0.813240110895378E+000  0.299284174011709E+000 -0.131028262406404E+000 -0.132127944626210E+003
  0.100000000000000E+001  0.264253398769572E+003  0.160793598564653E+001  0.198557881589781E+001  0.228858550287794E+000  0.399727853329049E+000 -0.131028262406404E+000 -0.132126699384786E+003
  0.100000000000000E+001  0.264252558365756E+003  0.105915604391977E+001  0.182721151986592E+001  0.948392467760564E+000  0.359087109701114E+000 -0.131028262406404E+000 -0.132126279182878E+003
  0.100000000000000E+001  0.264252180916027E+003  0.120520196073644E+001  0.163325188425718E+001  0.522830755684121E+000  0.455122391702892E+000 -0.131028262406404E+000 -0.132126090458014E+003
  0.100000000000000E+001  0.264250125388983E+003  0.106901299318855E+001  0.167849220207187E+001  0.611658572829745E+000  0.393420607879220E+000 -0.131028262406404E+000 -0.132125062694492E+003
  0.100000000000000E+001  0.264235423315289E+003  0.854666542745955E+000  0.195797028891569E+001  0.371246403940411E+000  0.398705242999968E+000 -0.131028262406404E+000 -0.132117711657645E+003
  0.100000000000000E+001  0.264233304633937E+003  0.979073496049094E+000  0.154339477269209E+001  0.931949371945157E-001  0.488506142241535E+000 -0.131028262406404E+000 -0.132116652316969E+003
  0.100000000000000E+001  0.264225304928530E+003  0.136617065038900E+001  0.189052670735946E+001  0.348579345728469E-001  0.328643931291743E+000 -0.131028262406404E+000 -0.132112652464265E+003
  0.100000000000000E+001  0.264224603255587E+003  0.120503123916058E+001  0.186938214647422E+001  0.521718376912175E+000  0.338821861228706E+000 -0.131028262406404E+000 -0.132112301627794E+003
  0.100000000000000E+001  0.264221924369914E+003  0.128948993245738E+001  0.198531901369218E+001  0.899119876597342E+000  0.315109179975601E+000 -0.131028262406404E+000 -0.132110962184957E+003
  0.100000000000000E+001  0.264221449603803E+003  0.953103297388826E+000  0.191232539215998E+001  0.306904878967024E+000  0.376234626343960E+000 -0.131028262406404E+000 -0.132110724801901E+003
  0.100000000000000E+001  0.264221103770623E+003  0.115318763530727E+001  0.196156874629813E+001  0.789170747931804E+000  0.333494516329882E+000 -0.131028262406404E+000 -0.132110551885311E+003
  0.100000000000000E+001  0.264217941104534E+003  0.136136403648796E+001  0.190473524141127E+001  0.599037914435284E+000  0.326787983919545E+000 -0.131028262406404E+000 -0.132108970552267E+003
  0.100000000000000E+001  0.264215858717157E+003  0.129237126769097E+001  0.187097872154559E+001  0.392626014569307E+000  0.335449942345487E+000 -0.131028262406404E+000 -0.132107929358579E+003
  0.100000000000000E+001  0.264215031251551E+003  0.955649460030592E+000  0.154029950407933E+001  0.243771969996524E+000  0.498146177762448E+000 -0.131028262406404E+000 -0.132107515625775E+003
  0.100000000000000E+001  0.264212732916075E+003  0.125312751650843E+001  0.173784843607821E+001  0.244452711434103E+000  0.383821773134638E+000 -0.131028262406404E+000 -0.132106366458037E+003
  0.100000000000000E+001  0.264211655677580E+003  0.763142457855652E+000  0.173223455660564E+001  0.329656779319365E+000  0.461774584418740E+000 -0.131028262406404E+000 -0.132105827838790E+003
  0.100000000000000E+001  0.264211454071611E+003  0.991001992921984E+000  0.155571033347242E+001  0.236359854428420E+000  0.485332774334154E+000 -0.131028262406404E+000 -0.132105727035806E+003
  0.100000000000000E+001  0.264210572738456E+003  0.144582743135337E+001  0.196845777123276E+001  0.331891968616163E+000  0.315952375819563E+000 -0.131028262406404E+000 -0.132105286369228E+003
  0.100000000000000E+001  0.264203105005839E+003  0.800973899662412E+000  0.169398097763871E+001  0.648358186590780E+000  0.457938403806367E+000 -0.131028262406404E+000 -0.132101552502919E+003
  0.100000000000000E+001  0.264199656650522E+003  0.110853164689343E+001  0.187731021236683E+001  0.903579658823320E+000  0.353777487276728E+000 -0.131028262406404E+000 -0.132099828325261E+003
  0.100000000000000E+001  0.264188125275019E+003  0.137449760022670E+001  0.178723523058070E+001  0.397539892335610E+000  0.498631987626905E+000 -0.131028262406404E+000 -0.132094062637509E+003
  0.100000000000000E+001  0.264184500552804E+003  0.103261066081544E+001  0.178127886058534E+001  0.355658555406233E+000  0.384741538491970E+000 -0.131028262406404E+000 -0.132092250276402E+003
  0.100000000000000E+001  0.264180707602080E+003  0.155004556159427E+001  0.197767157498945E+001  0.862198226563932E+000  0.352339180625214E+000 -0.131028262406404E+000 -0.132090353801040E+003
  0.100000000000000E+001  0.264177993907697E+003  0.115441169856234E+001  0.192423050703839E+001  0.503642588280311E+000  0.345183991585699E+000 -0.131028262406404E+000 -0.132088996953849E+003
  0.100000000000000E+001  0.264175243250573E+003  0.828711496853622E+000  0.158488242795716E+001  0.726500619555523E+000  0.496338122294988E+000 -0.131028262406404E+000 -0.132087621625287E+003
  0.100000000000000E+001  0.264174623788759E+003  0.106951919398359E+001  0.189307655965320E+001  0.421412170801662E+000  0.362256874846995E+000 -0.131028262406404E+000 -0.132087311894379E+003
  0.100000000000000E+001  0.264173894555871E+003  0.114554523916437E+001  0.175575085103648E+001  0.649530587472244E-001  0.381705540704335E+000 -0.131028262406404E+000 -0.132086947277935E+003
  0.100000000000000E+001  0.264172811669785E+003  0.853740133545549E+000  0.162387725644895E+001  0.719832999329021E-001  0.470951250524259E+000 -0.131028262406404E+000 -0.132086405834893E+003
  0.100000000000000E+001  0.264170426846276E+003  0.127188091429595E+001  0.174542480024498E+001  0.605834911460648E+000  0.403226786516645E+000 -0.131028262406404E+000 -0.132085213423138E+003
  0.100000000000000E+001  0.264170324247096E+003  0.157187497084936E+001  0.199881011176548E+001  0.567927578278286E+000  0.431013796667485E+000 -0.131028262406404E+000 -0.132085162123548E+003
  0.100000000000000E+001  0.264169262155233E+003  0.956219810049392E+000  0.189330130402320E+001  0.376752037957243E+000  0.385989673174757E+000 -0.131028262406404E+000 -0.132084631077617E+003
  0.100000000000000E+001  0.264160009578427E+003  0.694414017418875E+000  0.175065657852459E+001  0.570689920261266E-001  0.498893850383085E+000 -0.131028262406404E+000 -0.132080004789214E+003
  0.100000000000000E+001  0.264157551740113E+003  0.993623703800054E+000  0.167202601970807E+001  0.498412232400186E+000  0.427625876794961E+000 -0.131028262406404E+000 -0.132078775870057E+003
  0.100000000000000E+001  0.264142297080481E+003  0.126729867410059E+001  0.176972907419916E+001  0.478651926249501E+000  0.395832617040965E+000 -0.131028262406404E+000 -0.132071148540240E+003
  0.100000000000000E+001  0.264139333669140E+003  0.888032419534908E+000  0.176614896097924E+001  0.450461120101791E+000  0.427160674363506E+000 -0.131028262406404E+000 -0.132069666834570E+003
  0.100000000000000E+001  0.264136682104795E+003  0.796717143174912E+000  0.176711093148279E+001  0.319399290482807E-001  0.456107932270180E+000 -0.131028262406404E+000 -0.132068341052397E+003
  0.100000000000000E+001  0.264130889791341E+003  0.150008153728887E+001  0.193699635113152E+001  0.445976985856259E+000  0.421991964784275E+000 -0.131028262406404E+000 -0.132065444895670E+003
  0.100000000000000E+001  0.264126018775500E+003  0.128444793841225E+001  0.172417095655230E+001  0.298181140291275E+000  0.497586225210100E+000 -0.131028262406404E+000 -0.132063009387750E+003
  0.100000000000000E+001  0.264122734821118E+003  0.954635669208506E+000  0.190096283715787E+001  0.722093791203404E+000  0.393407999092080E+000 -0.131028262406404E+000 -0.132061367410559E+003
  0.100000000000000E+001  0.264120554160820E+003  0.958525346139676E+000  0.185467863235319E+001  0.294895398892095E+000  0.398552330962871E+000 -0.131028262406404E+000 -0.132060277080410E+003
  0.100000000000000E+001  0.264119969073942E+003  0.103606117776647E+001  0.184792845192246E+001  0.153343211888100E+000  0.384365572365250E+000 -0.131028262406404E+000 -0.132059984536971E+003
  0.100000000000000E+001  0.264117396285970E+003  0.136691808240639E+001  0.187094721497370E+001  0.915190729705898E-001  0.373411916453103E+000 -0.131028262406404E+000 -0.132058698142985E+003
  0.100000000000000E+001  0.264108350206775E+003  0.954750433747431E+000  0.190679051501917E+001  0.528492004203251E-002  0.395201413927599E+000 -0.131028262406404E+000 -0.132054175103387E+003
  0.100000000000000E+001  0.264103606098915E+003  0.147931619807381E+001  0.194490975761352E+001  0.548648903550615E-001  0.498080603603701E+000 -0.131028262406404E+000 -0.132051803049457E+003
  0.100000000000000E+001  0.264096605223695E+003  0.112668231335921E+001  0.189510465715869E+001  0.584679411922287E+000  0.368165711476738E+000 -0.131028262406404E+000 -0.132048302611847E+003
  0.100000000000000E+001  0.264092406538650E+003  0.108087023274537E+001  0.164492369770437E+001  0.419940328904083E+000  0.461908012413332E+000 -0.131028262406404E+000 -0.132046203269325E+003
  0.100000000000000E+001  0.264092371318394E+003  0.148578629535310E+001  0.194730689263233E+001  0.102360231143192E+000  0.472421306708176E+000 -0.131028262406404E+000 -0.132046185659197E+003
  0.100000000000000E+001  0.264081668753488E+003  0.100354999719609E+001  0.183829237876167E+001  0.307316386433197E+000  0.398880634004381E+000 -0.131028262406404E+000 -0.132040834376744E+003
  0.100000000000000E+001  0.264075958802727E+003  0.133493894023942E+001  0.182082771272303E+001  0.905673139886779E+000  0.418788932844499E+000 -0.131028262406404E+000 -0.132037979401364E+003
  0.100000000000000E+001  0.264072899981703E+003  0.126550697158621E+001  0.175596697183984E+001  0.187549412720489E+000  0.441968206831729E+000 -0.131028262406404E+000 -0.132036449990852E+003
  0.100000000000000E+001  0.264068389715667E+003  0.138633039725685E+001  0.186030512538485E+001  0.355422639549554E+000  0.425266558220996E+000 -0.131028262406404E+000 -0.132034194857833E+003
  0.100000000000000E+001  0.264052608429285E+003  0.114872936717513E+001  0.194597270380995E+001  0.115787642141465E+000  0.366311300530919E+000 -0.131028262406404E+000 -0.132026304214642E+003
  0.100000000000000E+001  0.264052429637396E+003  0.100617397283327E+001  0.165881184220894E+001  0.549094507542584E+000  0.460736477895356E+000 -0.131028262406404E+000 -0.132026214818698E+003
  0.100000000000000E+001  0.264049243985630E+003  0.761341171687052E+000  0.187685934279181E+001  0.184431718920568E+000  0.470605119857919E+000 -0.131028262406404E+000 -0.132024621992815E+003
  0.100000000000000E+001  0.264048369808282E+003  0.123906182575041E+001  0.199936683134524E+001  0.426968829844317E+000  0.350995850596454E+000 -0.131028262406404E+000 -0.132024184904141E+003
  0.100000000000000E+001  0.264046782376516E+003  0.977255912618262E+000  0.183575433758295E+001  0.131665512016422E+000  0.410883192792139E+000 -0.131028262406404E+000 -0.132023391188258E+003
  0.100000000000000E+001  0.264044811153507E+003  0.120691407409303E+001  0.192926883020015E+001  0.263433641204197E+000  0.365428732919713E+000 -0.131028262406404E+000 -0.132022405576754E+003
  0.100000000000000E+001  0.264037814202732E+003  0.118803402358703E+001  0.175313703700787E+001  0.190618173739095E+000  0.426498652909198E+000 -0.131028262406404E+000 -0.132018907101366E+003
  0.100000000000000E+001  0.264030001226047E+003  0.114147037164128E+001  0.178115945588954E+001  0.879997549665542E+000  0.410567240906190E+000 -0.131028262406404E+000 -0.132015000613024E+003
  0.100000000000000E+001  0.264025851897108E+003  0.144147934957809E+001  0.194818589057515E+001  0.110908504509724E+000  0.401519832352671E+000 -0.131028262406404E+000 -0.132012925948554E+003
  0.100000000000000E+001  0.264022763816812E+003  0.115471728532035E+001  0.186176728399987E+001  0.860196797649846E+000  0.387603753540706E+000 -0.131028262406404E+000 -0.132011381908406E+003
  0.100000000000000E+001  0.264021764373207E+003  0.867087461990858E+000  0.164067186607115E+001  0.156279454749339E+000  0.496419174227972E+000 -0.131028262406404E+000 -0.132010882186604E+003
  0.100000000000000E+001  0.264021743061263E+003  0.121328628731792E+001  0.171725751817063E+001  0.863668310165817E+000  0.480469723413737E+000 -0.131028262406404E+000 -0.132010871530632E+003
  0.100000000000000E+001  0.264003311469736E+003  0.136003456507802E+001  0.188383298019182E+001  0.362592203245934E+000  0.415103072696307E+000 -0.131028262406404E+000 -0.132001655734868E+003
  0.100000000000000E+001  0.264003229749428E+003  0.143356758885004E+001  0.195551232173619E+001  0.562825868303598E+000  0.401811246831578E+000 -0.131028262406404E+000 -0.132001614874714E+003
  0.100000000000000E+001  0.264000806207378E+003  0.126093936477213E+001  0.179997544877519E+001  0.927063191705886E+000  0.432114949176060E+000 -0.131028262406404E+000 -0.132000403103689E+003
  0.100000000000000E+001  0.264000478844264E+003  0.104801387018277E+001  0.178133461582927E+001  0.214333385808600E-001  0.421681708160479E+000 -0.131028262406404E+000 -0.132000239422132E+003
  0.100000000000000E+001  0.263985684267545E+003  0.751735753888456E+000  0.190834810053525E+001  0.501606210164764E+000  0.483685366718572E+000 -0.131028262406404E+000 -0.131992842133773E+003
  0.100000000000000E+001  0.263981667051560E+003  0.145465982640162E+001  0.196232749242174E+001  0.304382744051872E+000  0.447584697150264E+000 -0.131028262406404E+000 -0.131990833525780E+003
  0.100000000000000E+001  0.263968311856985E+003  0.842204111215648E+000  0.182473307945137E+001  0.587037103065674E+000  0.461536939992426E+000 -0.131028262406404E+000 -0.131984155928492E+003
  0.100000000000000E+001  0.263961321758955E+003  0.902454520129473E+000  0.192122637241229E+001  0.303925152061855E+000  0.432523929195786E+000 -0.131028262406404E+000 -0.131980660879478E+003
  0.100000000000000E+001  0.263960418708102E+003  0.102672841119115E+001  0.168082268803120E+001  0.756941783107086E+000  0.474743313291250E+000 -0.131028262406404E+000 -0.131980209354051E+003
  0.100000000000000E+001  0.263949098580591E+003  0.122683827725514E+001  0.182371591959494E+001  0.284589931994333E+000  0.425000537446126E+000 -0.131028262406404E+000 -0.131974549290296E+003
  0.100000000000000E+001  0.263945717867487E+003  0.139425107507363E+001  0.191539164143081E+001  0.889935474515975E+000  0.455070274274011E+000 -0.131028262406404E+000 -0.131972858933743E+003
  0.100000000000000E+001  0.263935440871286E+003  0.116392235938774E+001  0.172342514929155E+001  0.681010714902207E+000  0.482308724807294E+000 -0.131028262406404E+000 -0.131967720435643E+003
  0.100000000000000E+001  0.263934862344354E+003  0.115330919328573E+001  0.171678696675704E+001  0.903105971790808E+000  0.483869457213676E+000 -0.131028262406404E+000 -0.131967431172177E+003
  0.100000000000000E+001  0.263917399613578E+003  0.142739734874823E+001  0.196011085660331E+001  0.198709302206452E+000  0.480198808646873E+000 -0.131028262406404E+000 -0.131958699806789E+003
  0.100000000000000E+001  0.263912594826059E+003  0.139269213711317E+001  0.195403377092966E+001  0.469823881996650E+000  0.425133852695316E+000 -0.131028262406404E+000 -0.131956297413029E+003
  0.100000000000000E+001  0.263905546373996E+003  0.793442683388898E+000  0.185672444715365E+001  0.152413802727954E+000  0.485517580354845E+000 -0.131028262406404E+000 -0.131952773186998E+003
  0.100000000000000E+001  0.263899842373959E+003  0.102230259012922E+001  0.171419528055447E+001  0.243913879096573E+000  0.473462573927249E+000 -0.131028262406404E+000 -0.131949921186980E+003
  0.100000000000000E+001  0.263894684157965E+003  0.122860273655757E+001  0.182313440806259E+001  0.824331786837500E+000  0.445316111836267E+000 -0.131028262406404E+000 -0.131947342078982E+003
  0.100000000000000E+001  0.263890478782384E+003  0.134392475930693E+001  0.198082560155541E+001  0.838655998658805E+000  0.397373000207323E+000 -0.131028262406404E+000 -0.131945239391192E+003
  0.100000000000000E+001  0.263884652647134E+003  0.121498306255420E+001  0.177143512333120E+001  0.135786549577990E+000  0.487115104161487E+000 -0.131028262406404E+000 -0.131942326323567E+003
  0.100000000000000E+001  0.263877175772167E+003  0.933905015445834E+000  0.187662053935720E+001  0.869891439905615E+000  0.445066462804976E+000 -0.131028262406404E+000 -0.131938587886083E+003
  0.100000000000000E+001  0.263871277889866E+003  0.143623797628727E+001  0.199564427395202E+001  0.640111266295459E+000  0.486812226667165E+000 -0.131028262406404E+000 -0.131935638944933E+003
  0.100000000000000E+001  0.263868273143381E+003  0.139684549997381E+001  0.198327950446544E+001  0.292612666556869E+000  0.427483873087953E+000 -0.131028262406404E+000 -0.131934136571691E+003
  0.100000000000000E+001  0.263856846659327E+003  0.120656283728355E+001  0.183815061722753E+001  0.199871899792824E+000  0.443330918211361E+000 -0.131028262406404E+000 -0.131928423329663E+003
  0.100000000000000E+001  0.263856375980245E+003  0.118009918038556E+001  0.196855741933045E+001  0.363893844846896E+000  0.399819043626826E+000 -0.131028262406404E+000 -0.131928187990122E+003
  0.100000000000000E+001  0.263841277461601E+003  0.112137626551240E+001  0.176561780331642E+001  0.579903257501249E+000  0.470875718119025E+000 -0.131028262406404E+000 -0.131920638730801E+003
  0.100000000000000E+001  0.263840808630704E+003  0.100979469988529E+001  0.187698672490948E+001  0.545437070834231E+000  0.437193687372336E+000 -0.131028262406404E+000 -0.131920404315352E+003
  0.100000000000000E+001  0.263839348302743E+003  0.867904903339339E+000  0.191391365507855E+001  0.628720959162892E+000  0.465243055286426E+000 -0.131028262406404E+000 -0.131919674151372E+003
  0.100000000000000E+001  0.263834785473506E+003  0.943783197146354E+000  0.192420375113246E+001  0.390605860952242E+000  0.444152484250174E+000 -0.131028262406404E+000 -0.131917392736753E+003
  0.100000000000000E+001  0.263825703727498E+003  0.918437750261931E+000  0.178516627208163E+001  0.664195269248587E+000  0.477046928757846E+000 -0.131028262406404E+000 -0.131912851863749E+003
  0.100000000000000E+001  0.263824248231042E+003  0.875218422703860E+000  0.187795901537851E+001  0.879674591997996E+000  0.470059701209447E+000 -0.131028262406404E+000 -0.131912124115521E+003
  0.100000000000000E+001  0.263818545724010E+003  0.890221538191421E+000  0.188854198697626E+001  0.390738787231309E+000  0.465414787614281E+000 -0.131028262406404E+000 -0.131909272862005E+003
  0.100000000000000E+001  0.263812602741755E+003  0.823151221530782E+000  0.189187374450068E+001  0.962652555649267E+000  0.487471340683018E+000 -0.131028262406404E+000 -0.131906301370878E+003
  0.100000000000000E+001  0.263797413888484E+003  0.115999044747983E+001  0.180885001062196E+001  0.666805451928175E+000  0.467902348766445E+000 -0.131028262406404E+000 -0.131898706944242E+003
  0.100000000000000E+001  0.263793497764229E+003  0.840868498568209E+000  0.193504365644885E+001  0.746348394257423E-001  0.480798092133592E+000 -0.131028262406404E+000 -0.131896748882114E+003
  0.100000000000000E+001  0.263793412646397E+003  0.939075005658429E+000  0.180968523005978E+001  0.204382604832530E+000  0.473359855461547E+000 -0.131028262406404E+000 -0.131896706323198E+003
  0.100000000000000E+001  0.263793135164506E+003  0.126498617384208E+001  0.193279905643986E+001  0.562011867871537E+000  0.431974262802404E+000 -0.131028262406404E+000 -0.131896567582253E+003
  0.100000000000000E+001  0.263790582907485E+003  0.109856770074886E+001  0.192559235059252E+001  0.634044065346930E+000  0.427578089786609E+000 -0.131028262406404E+000 -0.131895291453742E+003
  0.100000000000000E+001  0.263770901541030E+003  0.125084423507068E+001  0.187946562628850E+001  0.152164538607093E-002  0.464650316653480E+000 -0.131028262406404E+000 -0.131885450770515E+003
  0.100000000000000E+001  0.263767661313869E+003  0.136724719076389E+001  0.198001967181246E+001  0.864932013396381E+000  0.467427418954266E+000 -0.131028262406404E+000 -0.131883830656934E+003
  0.100000000000000E+001  0.263767116735301E+003  0.889976267221207E+000  0.198653778333815E+001  0.943416104678490E+000  0.466072744457220E+000 -0.131028262406404E+000 -0.131883558367650E+003
  0.100000000000000E+001  0.263757870469862E+003  0.136217930056578E+001  0.198399341292114E+001  0.415983298774181E+000  0.463861041408296E+000 -0.131028262406404E+000 -0.131878935234931E+003
  0.100000000000000E+001  0.263749430495096E+003  0.125153899063464E+001  0.188470109452475E+001  0.302632053131968E+000  0.470178863436267E+000 -0.131028262406404E+000 -0.131874715247548E+003
  0.100000000000000E+001  0.263740675003881E+003  0.120305545172125E+001  0.195648898125430E+001  0.443696791448844E+000  0.430256581832771E+000 -0.131028262406404E+000 -0.131870337501940E+003
  0.100000000000000E+001  0.263731274538771E+003  0.116373102951316E+001  0.195656188528717E+001  0.639317209330195E+000  0.431428746054095E+000 -0.131028262406404E+000 -0.131865637269385E+003
  0.100000000000000E+001  0.263731028337533E+003  0.975711934885497E+000  0.195902881474908E+001  0.681766305911903E+000  0.452481090123523E+000 -0.131028262406404E+000 -0.131865514168766E+003
  0.100000000000000E+001  0.263714577393864E+003  0.948704277538360E+000  0.177223668788294E+001  0.134133579558457E-001  0.499675643145832E+000 -0.131028262406404E+000 -0.131857288696932E+003
  0.100000000000000E+001  0.263707853604432E+003  0.124779564823670E+001  0.190402708788404E+001  0.830246144335348E+000  0.472377817613806E+000 -0.131028262406404E+000 -0.131853926802216E+003
  0.100000000000000E+001  0.263703159312360E+003  0.128460852247779E+001  0.196544170619078E+001  0.708539885536745E+000  0.454174756404075E+000 -0.131028262406404E+000 -0.131851579656180E+003
  0.100000000000000E+001  0.263701167362441E+003  0.969708738918827E+000  0.194652810125587E+001  0.598871014283171E+000  0.460992118937700E+000 -0.131028262406404E+000 -0.131850583681221E+003
  0.100000000000000E+001  0.263677145989972E+003  0.127708651443959E+001  0.198062496084353E+001  0.121221675127362E+000  0.453755994121963E+000 -0.131028262406404E+000 -0.131838572994986E+003
  0.100000000000000E+001  0.263673969382789E+003  0.868417057683106E+000  0.192336417182077E+001  0.881017705120058E+000  0.495201898029680E+000 -0.131028262406404E+000 -0.131836984691394E+003
  0.100000000000000E+001  0.263673096649530E+003  0.125641837789467E+001  0.198782392515533E+001  0.913712212718574E+000  0.446536815946081E+000 -0.131028262406404E+000 -0.131836548324765E+003
  0.100000000000000E+001  0.263673078589624E+003  0.118245027741653E+001  0.198235494961174E+001  0.666425483195056E+000  0.439874222382124E+000 -0.131028262406404E+000 -0.131836539294812E+003
  0.100000000000000E+001  0.263668351973062E+003  0.130729071199141E+001  0.196468146131936E+001  0.990277773742761E+000  0.484580346789874E+000 -0.131028262406404E+000 -0.131834175986531E+003
  0.100000000000000E+001  0.263649287633597E+003  0.104479043748017E+001  0.189860756677085E+001  0.491318119851716E+000  0.468573183006475E+000 -0.131028262406404E+000 -0.131824643816798E+003
  0.100000000000000E+001  0.263634913628057E+003  0.111581013712843E+001  0.188988559572750E+001  0.231527938217601E+000  0.473106395183983E+000 -0.131028262406404E+000 -0.131817456814028E+003
  0.100000000000000E+001  0.263603192296729E+003  0.117919759273081E+001  0.198466005974067E+001  0.848248423874849E+000  0.457569808003727E+000 -0.131028262406404E+000 -0.131801596148364E+003
  0.100000000000000E+001  0.263595131721124E+003  0.105898542781459E+001  0.199971550233204E+001  0.868445967531271E+000  0.461186981346642E+000 -0.131028262406404E+000 -0.131797565860562E+003
  0.100000000000000E+001  0.263593256695282E+003  0.101966417041010E+001  0.197866755739337E+001  0.477624139536467E+000  0.469802255901784E+000 -0.131028262406404E+000 -0.131796628347641E+003
  0.100000000000000E+001  0.263588338982066E+003  0.114522893910350E+001  0.191545242432073E+001  0.917739250024677E+000  0.479636031077737E+000 -0.131028262406404E+000 -0.131794169491033E+003
  0.100000000000000E+001  0.263586914702465E+003  0.123008467484378E+001  0.195318538946954E+001  0.462852525136410E+000  0.484221810151610E+000 -0.131028262406404E+000 -0.131793457351233E+003
  0.100000000000000E+001  0.263582030245169E+003  0.123704311099428E+001  0.196111008312567E+001  0.169926168433290E+000  0.484880021833601E+000 -0.131028262406404E+000 -0.131791015122584E+003
  0.100000000000000E+001  0.263573649952600E+003  0.106902079686675E+001  0.196712518707440E+001  0.202011399508433E+000  0.469832611492929E+000 -0.131028262406404E+000 -0.131786824976300E+003
  0.100000000000000E+001  0.263566232597498E+003  0.114703053779910E+001  0.199306634009901E+001  0.263076605476162E-001  0.463953872274503E+000 -0.131028262406404E+000 -0.131783116298749E+003
  0.100000000000000E+001  0.263563054610636E+003  0.968812752523183E+000  0.194020074843202E+001  0.748053646038383E+000  0.490042183792288E+000 -0.131028262406404E+000 -0.131781527305318E+003
  0.100000000000000E+001  0.263517024617959E+003  0.111045437087446E+001  0.193471566797302E+001  0.823806203392315E-001  0.490228725849890E+000 -0.131028262406404E+000 -0.131758512308979E+003
  0.100000000000000E+001  0.263505177685029E+003  0.116911446908884E+001  0.195874088148144E+001  0.825633538356939E+000  0.493236053690304E+000 -0.131028262406404E+000 -0.131752588842515E+003
