  0.100000000000000E+001  0.291812777197200E+003  0.133395896512834E+001  0.178816619184538E+001  0.504955096993072E+000  0.413210392363864E+000 -0.131028262406404E+000 -0.145906388598600E+003
  0.100000000000000E+001  0.289762175168267E+003  0.182411172429457E+001  0.182233057818391E+001  0.135020221621249E+000  0.219035593886687E+000 -0.131028262406404E+000 -0.144881087584134E+003
  0.100000000000000E+001  0.287468798931580E+003  0.973169616542591E+000  0.194056962270062E+001  0.995164844411838E+000  0.303644300178326E+000 -0.131028262406404E+000 -0.143734399465790E+003
  0.100000000000000E+001  0.285342542455258E+003  0.240493536362889E+000  0.128246221918720E+001  0.533640333314615E+000  0.215348098936116E+000 -0.131028262406404E+000 -0.142671271227629E+003
  0.100000000000000E+001  0.285310791040405E+003  0.364373744914979E+000  0.706102793661054E+000  0.225335261351467E+000  0.125548866126423E+000 -0.131028262406404E+000 -0.142655395520202E+003
  0.100000000000000E+001  0.291944167080211E+003  0.133816298020179E+001  0.102945278576790E+001  0.574223535416570E+000  0.381193698606741E+000 -0.131028262406404E+000 -0.145972083540105E+003
  0.100000000000000E+001  0.285585748260241E+003  0.604418808089997E+000  0.131558310412695E+001  0.841725572635051E+000  0.148777070726322E+000 -0.131028262406404E+000 -0.142792874130120E+003
  0.100000000000000E+001  0.287282845665158E+003  0.197964577206603E+001  0.860289767096190E+000  0.709430562962704E+000  0.122832253793394E+000 -0.131028262406404E+000 -0.143641422832579E+003
  0.100000000000000E+001  0.286287817212562E+003  0.111465519765896E+001  0.953247299621045E+000  0.775050966363345E+000  0.148605021401700E+000 -0.131028262406404E+000 -0.143143908606281E+003
  0.100000000000000E+001  0.286164646871905E+003  0.153924451729429E+001  0.150730350346269E+001  0.139370462534407E+000  0.100495408813679E+000 -0.131028262406404E+000 -0.143082323435953E+003
  0.100000000000000E+001  0.288844993108578E+003  0.170418603059779E+001  0.157373888218616E+001  0.411647616701279E+000  0.200781460036503E+000 -0.131028262406404E+000 -0.144422496554289E+003
  0.100000000000000E+001  0.285711417117012E+003  0.285555214910025E+000  0.894712320922419E+000  0.895365052077848E+000  0.352655520020237E+000 -0.131028262406404E+000 -0.142855708558506E+003
  0.100000000000000E+001  0.289018338305689E+003  0.149780416095964E+001  0.560949514337524E+000  0.217908263298502E+000  0.247975161155932E+000 -0.131028262406404E+000 -0.144509169152844E+003
  0.100000000000000E+001  0.289827838024036E+003  0.109985523063578E+001  0.177888574639474E+001  0.522573614721663E+000  0.412036515608124E+000 -0.131028262406404E+000 -0.144913919012018E+003
  0.100000000000000E+001  0.285747745178413E+003  0.464996492646847E+000  0.188025347663636E+001  0.822378930479917E+000  0.273230539962000E+000 -0.131028262406404E+000 -0.142873872589206E+003
  0.100000000000000E+001  0.289627194796493E+003  0.107392256555064E+001  0.687919939806276E+000  0.200288746006456E+000  0.395457512452103E+000 -0.131028262406404E+000 -0.144813597398247E+003
  0.100000000000000E+001  0.285390761433550E+003  0.249473828099983E+000  0.123416645985094E+001  0.690435373254848E+000  0.238640299593303E+000 -0.131028262406404E+000 -0.142695380716775E+003
  0.100000000000000E+001  0.287737201415780E+003  0.680828608774243E+000  0.760667543505246E+000  0.251655282991007E+000  0.434689626274157E+000 -0.131028262406404E+000 -0.143868600707890E+003
  0.100000000000000E+001  0.287858286152320E+003  0.789834675322852E+000  0.116601008396453E+001  0.217027636830758E+000  0.367899304319074E+000 -0.131028262406404E+000 -0.143929143076160E+003
  0.100000000000000E+001  0.285664350564511E+003  0.972715203098965E+000  0.133347769132576E+001  0.852436277013956E+000  0.102963391500865E+000 -0.131028262406404E+000 -0.142832175282255E+003
  0.100000000000000E+001  0.285512166347760E+003  0.228812763909295E+000  0.177398874210457E+001  0.870405498520089E+000  0.489086286738133E+000 -0.131028262406404E+000 -0.142756083173880E+003
  0.100000000000000E+001  0.290605762798387E+003  0.149955482595982E+001  0.118057105886880E+001  0.920241060936326E+000  0.288852680355232E+000 -0.131028262406404E+000 -0.145302881399194E+003
  0.100000000000000E+001  0.285503066603468E+003  0.147116006765546E+000  0.603137930826775E+000  0.449553731985024E+000  0.484185485305086E+000 -0.131028262406404E+000 -0.142751533301734E+003
  0.100000000000000E+001  0.294951670694971E+003  0.134310818881058E+001  0.101084014927955E+001  0.413789374268012E+000  0.489005255408155E+000 -0.131028262406404E+000 -0.147475835347485E+003
  0.100000000000000E+001  0.290835474429803E+003  0.127918379994591E+001  0.196911305977987E+001  0.478173502803894E-001  0.428043628858444E+000 -0.131028262406404E+000 -0.145417737214902E+003
  0.100000000000000E+001  0.289502651773143E+003  0.107894913132810E+001  0.179089749559044E+001  0.446726540120128E+000  0.402466317995603E+000 -0.131028262406404E+000 -0.144751325886572E+003
  0.100000000000000E+001  0.286025448828391E+003  0.401177809664759E+000  0.101176919866805E+001  0.798656997519738E+000  0.344969826782591E+000 -0.131028262406404E+000 -0.143012724414196E+003
  0.100000000000000E+001  0.286832763558443E+003  0.847403408830869E+000  0.113992048720666E+001  0.689330141613678E+000  0.251269526167891E+000 -0.131028262406404E+000 -0.143416381779222E+003
  0.100000000000000E+001  0.285511965391393E+003  0.218412957574474E+000  0.163711539950059E+001  0.621615942323204E+000  0.429662589161842E+000 -0.131028262406404E+000 -0.142755982695696E+003
  0.100000000000000E+001  0.285207873041700E+003  0.227136863099659E+000  0.503928508848889E+000  0.767530138022139E+000  0.108103086000045E+000 -0.131028262406404E+000 -0.142603936520850E+003
  0.100000000000000E+001  0.292288561606243E+003  0.136430437629594E+001  0.715428890550665E+000  0.314707863316710E+000  0.415158399836553E+000 -0.131028262406404E+000 -0.146144280803121E+003
  0.100000000000000E+001  0.287788592487554E+003  0.155250931899561E+001  0.186619297009785E+001  0.360381015198889E+000  0.185032759091349E+000 -0.131028262406404E+000 -0.143894296243777E+003
  0.100000000000000E+001  0.285953471580073E+003  0.782298605216290E+000  0.992112174455702E+000  0.667625078010928E+000  0.169653852897133E+000 -0.131028262406404E+000 -0.142976735790036E+003
  0.100000000000000E+001  0.288104126738887E+003  0.912625978573913E+000  0.130011809935011E+001  0.955293886768459E+000  0.335715783895373E+000 -0.131028262406404E+000 -0.144052063369443E+003
  0.100000000000000E+001  0.290340647722625E+003  0.131673866178582E+001  0.198708368580621E+001  0.675411003658078E-001  0.381393758872754E+000 -0.131028262406404E+000 -0.145170323861313E+003
  0.100000000000000E+001  0.290764220484471E+003  0.168499442277920E+001  0.707529907493969E+000  0.834355407975513E+000  0.271809499081432E+000 -0.131028262406404E+000 -0.145382110242236E+003
  0.100000000000000E+001  0.297676231836185E+003  0.160705755276809E+001  0.871824239336409E+000  0.679276789386729E+000  0.485450650515210E+000 -0.131028262406404E+000 -0.148838115918093E+003
  0.100000000000000E+001  0.287138727423820E+003  0.109096790834290E+001  0.766618531416550E+000  0.636224138021890E-001  0.218495524033789E+000 -0.131028262406404E+000 -0.143569363711910E+003
  0.100000000000000E+001  0.285826928280879E+003  0.279794901955222E+000  0.538812232256949E+000  0.492668450228099E+000  0.432011197118375E+000 -0.131028262406404E+000 -0.142913464140439E+003
  0.100000000000000E+001  0.287440965030325E+003  0.120772111509792E+001  0.166925520550211E+001  0.429219812016498E+000  0.218003703819311E+000 -0.131028262406404E+000 -0.143720482515162E+003
  0.100000000000000E+001  0.286668709348420E+003  0.136955368731100E+001  0.171724653903033E+001  0.766170179275579E+000  0.147271500695730E+000 -0.131028262406404E+000 -0.143334354674210E+003
  0.100000000000000E+001  0.286830091999626E+003  0.112499856597808E+001  0.117181686539859E+001  0.609025050819863E+000  0.187885658785329E+000 -0.131028262406404E+000 -0.143415045999813E+003
  0.100000000000000E+001  0.285472935562165E+003  0.261821310807611E+000  0.190403167190785E+001  0.546077105321160E+000  0.398941590503702E+000 -0.131028262406404E+000 -0.142736467781082E+003
  0.100000000000000E+001  0.288628205977180E+003  0.765195475768341E+000  0.160036710047696E+001  0.845808856994770E+000  0.499161304299343E+000 -0.131028262406404E+000 -0.144314102988590E+003
  0.100000000000000E+001  0.298316471890046E+003  0.187518045824003E+001  0.674013607912429E+000  0.456844382266741E-001  0.449183745041043E+000 -0.131028262406404E+000 -0.149158235945023E+003
  0.100000000000000E+001  0.285913348783075E+003  0.890213364612104E+000  0.190522714218655E+001  0.427317136929515E+000  0.151296095533062E+000 -0.131028262406404E+000 -0.142956674391537E+003
  0.100000000000000E+001  0.290506121700121E+003  0.112189398840071E+001  0.109881315012010E+001  0.646649890954840E+000  0.394346319399767E+000 -0.131028262406404E+000 -0.145253060850060E+003
  0.100000000000000E+001  0.288143881463758E+003  0.109058775984177E+001  0.111363772004849E+001  0.425370956731796E+000  0.278767445234195E+000 -0.131028262406404E+000 -0.144071940731879E+003
  0.100000000000000E+001  0.295808983533691E+003  0.162114916259652E+001  0.964346110775718E+000  0.964307606756984E+000  0.418082495689297E+000 -0.131028262406404E+000 -0.147904491766846E+003
  0.100000000000000E+001  0.292371144809633E+003  0.167720329934200E+001  0.105778916664825E+001  0.217726284390566E+000  0.306817847268794E+000 -0.131028262406404E+000 -0.146185572404816E+003
  0.100000000000000E+001  0.286565624286958E+003  0.675489595473064E+000  0.507539573900417E+000  0.712438972233358E+000  0.299544464726719E+000 -0.131028262406404E+000 -0.143282812143479E+003
  0.100000000000000E+001  0.288401188333889E+003  0.775772183173212E+000  0.162047427549857E+001  0.722966844214654E-001  0.469096953878443E+000 -0.131028262406404E+000 -0.144200594166944E+003
  0.100000000000000E+001  0.286048722759356E+003  0.110667874233403E+001  0.117472468439093E+001  0.684341562320178E+000  0.129024865709991E+000 -0.131028262406404E+000 -0.143024361379678E+003
  0.100000000000000E+001  0.286207683186745E+003  0.389361669569071E+000  0.135241123727897E+001  0.942642365901990E+000  0.422657406055582E+000 -0.131028262406404E+000 -0.143103841593373E+003
  0.100000000000000E+001  0.290184759444007E+003  0.132780597535164E+001  0.154393897725645E+001  0.647269375495285E+000  0.320409392293946E+000 -0.131028262406404E+000 -0.145092379722003E+003
  0.100000000000000E+001  0.286539536974265E+003  0.873496838433614E+000  0.182695331581463E+001  0.350323425581594E+000  0.231066938434154E+000 -0.131028262406404E+000 -0.143269768487133E+003
  0.100000000000000E+001  0.286296009169733E+003  0.123454326484054E+001  0.132448297352682E+001  0.691950177695374E-001  0.135043097000239E+000 -0.131028262406404E+000 -0.143148004584866E+003
  0.100000000000000E+001  0.286591531724588E+003  0.829932470227562E+000  0.547492122597090E+000  0.782867562699005E+000  0.240805003736239E+000 -0.131028262406404E+000 -0.143295765862294E+003
  0.100000000000000E+001  0.288091006285027E+003  0.182235744926387E+001  0.160133377957281E+001  0.577080160909582E+000  0.163100587143104E+000 -0.131028262406404E+000 -0.144045503142513E+003
  0.100000000000000E+001  0.286740921255557E+003  0.961708085518556E+000  0.115179789939999E+001  0.795801315632361E+000  0.213055535584375E+000 -0.131028262406404E+000 -0.143370460627779E+003
  0.100000000000000E+001  0.289360110921936E+003  0.121439707995570E+001  0.166006318414314E+001  0.300891650489196E+000  0.322711150516792E+000 -0.131028262406404E+000 -0.144680055460968E+003
  0.100000000000000E+001  0.286599819140045E+003  0.137480072810127E+001  0.781592272172547E+000  0.686084229035026E+000  0.140519359966665E+000 -0.131028262406404E+000 -0.143299909570022E+003
  0.100000000000000E+001  0.286677078099148E+003  0.962673246937291E+000  0.746125924321352E+000  0.701366685270101E+000  0.209798591823075E+000 -0.131028262406404E+000 -0.143338539049574E+003
  0.100000000000000E+001  0.287019039560012E+003  0.653632926944151E+000  0.109329709866124E+001  0.516881664550056E-001  0.350884222646804E+000 -0.131028262406404E+000 -0.143509519780006E+003
  0.100000000000000E+001  0.294181752917884E+003  0.142355833019404E+001  0.167845506309369E+001  0.456678228021468E-001  0.455095365739345E+000 -0.131028262406404E+000 -0.147090876458942E+003
  0.100000000000000E+001  0.286119838730929E+003  0.486498100212761E+000  0.158389405508739E+001  0.387549328927624E+000  0.334577709012622E+000 -0.131028262406404E+000 -0.143059919365465E+003
  0.100000000000000E+001  0.287850177692308E+003  0.115152229569888E+001  0.131179127554433E+001  0.725548535542874E+000  0.247289502281124E+000 -0.131028262406404E+000 -0.143925088846154E+003
  0.100000000000000E+001  0.286747998037301E+003  0.665856849761664E+000  0.116635884578427E+001  0.183845817841578E+000  0.311503611632806E+000 -0.131028262406404E+000 -0.143373999018650E+003
  0.100000000000000E+001  0.288963146166427E+003  0.149053357100676E+001  0.551051502609287E+000  0.997549892125970E+000  0.247371752442358E+000 -0.131028262406404E+000 -0.144481573083213E+003
  0.100000000000000E+001  0.285334444624754E+003  0.416577414809858E+000  0.132044247442047E+001  0.281046975926259E+000  0.122469019489133E+000 -0.131028262406404E+000 -0.142667222312377E+003
  0.100000000000000E+001  0.289995821467715E+003  0.891002891732225E+000  0.863343779550987E+000  0.691085028750995E+000  0.493819109454784E+000 -0.131028262406404E+000 -0.144997910733857E+003
  0.100000000000000E+001  0.291134849378139E+003  0.180421474953979E+001  0.124810010203845E+001  0.388995516286675E+000  0.250235860942423E+000 -0.131028262406404E+000 -0.145567424689069E+003
  0.100000000000000E+001  0.287255993033948E+003  0.778209919014827E+000  0.171413420466974E+001  0.656597728836078E+000  0.348544049640123E+000 -0.131028262406404E+000 -0.143627996516974E+003
  0.100000000000000E+001  0.285474511492797E+003  0.321964846046512E+000  0.179601906794382E+001  0.379583411472593E+000  0.258296824650282E+000 -0.131028262406404E+000 -0.142737255746398E+003
  0.100000000000000E+001  0.287358118467640E+003  0.110204246069564E+001  0.196586182310827E+001  0.579523158039098E-001  0.250173300395757E+000 -0.131028262406404E+000 -0.143679059233820E+003
  0.100000000000000E+001  0.294279025643903E+003  0.178909366480786E+001  0.667392385470079E+000  0.696194679361605E+000  0.361091527670369E+000 -0.131028262406404E+000 -0.147139512821952E+003
  0.100000000000000E+001  0.293542978735044E+003  0.175993718145044E+001  0.903887047996085E+000  0.253886896614761E+000  0.326649428515133E+000 -0.131028262406404E+000 -0.146771489367522E+003
  0.100000000000000E+001  0.286718559814071E+003  0.183434966208733E+001  0.856402392249536E+000  0.174487005970484E+000  0.109952852045770E+000 -0.131028262406404E+000 -0.143359279907035E+003
  0.100000000000000E+001  0.286425632419920E+003  0.629433580467941E+000  0.102727471193211E+001  0.262778910871745E+000  0.284046055941147E+000 -0.131028262406404E+000 -0.143212816209960E+003
  0.100000000000000E+001  0.287809291690095E+003  0.179043203709423E+001  0.693311194172550E+000  0.963841260470538E+000  0.157094312909002E+000 -0.131028262406404E+000 -0.143904645845048E+003
  0.100000000000000E+001  0.286147838490728E+003  0.532225773014682E+000  0.189245855921104E+001  0.168756954765301E+000  0.354983829155612E+000 -0.131028262406404E+000 -0.143073919245364E+003
  0.100000000000000E+001  0.297173567255410E+003  0.159068428977369E+001  0.936170495654932E+000  0.794074931283480E+000  0.468368755124096E+000 -0.131028262406404E+000 -0.148586783627705E+003
  0.100000000000000E+001  0.286336276524286E+003  0.131243615947911E+001  0.786330692420742E+000  0.469126561054014E+000  0.129768316325478E+000 -0.131028262406404E+000 -0.143168138262143E+003
  0.100000000000000E+001  0.286965271576781E+003  0.777792661246410E+000  0.138463373941405E+001  0.246272916405887E+000  0.292705874476614E+000 -0.131028262406404E+000 -0.143482635788390E+003
  0.100000000000000E+001  0.288552743460613E+003  0.802883864800970E+000  0.522702424311470E+000  0.366407256807773E+000  0.498692668850751E+000 -0.131028262406404E+000 -0.144276371730307E+003
  0.100000000000000E+001  0.285492406079119E+003  0.150904985499791E+000  0.934240493254662E+000  0.709128285470801E+000  0.444133281545604E+000 -0.131028262406404E+000 -0.142746203039559E+003
  0.100000000000000E+001  0.288200491269230E+003  0.654339691737023E+000  0.933992832565697E+000  0.335012351365669E+000  0.491688112263146E+000 -0.131028262406404E+000 -0.144100245634615E+003
  0.100000000000000E+001  0.290333676910845E+003  0.924226502649737E+000  0.939725740162422E+000  0.174609574960121E+000  0.488296161954157E+000 -0.131028262406404E+000 -0.145166838455423E+003
  0.100000000000000E+001  0.288455801915953E+003  0.116324541691955E+001  0.794436772842439E+000  0.726909978992994E+000  0.284426986588769E+000 -0.131028262406404E+000 -0.144227900957977E+003
  0.100000000000000E+001  0.292937857318442E+003  0.190515760251084E+001  0.111037372924314E+001  0.925663597447354E+000  0.278445249399563E+000 -0.131028262406404E+000 -0.146468928659221E+003
  0.100000000000000E+001  0.285690773283137E+003  0.480928318629157E+000  0.809702470713293E+000  0.143892222268989E-001  0.211599132725735E+000 -0.131028262406404E+000 -0.142845386641569E+003
  0.100000000000000E+001  0.287153744935978E+003  0.835062724029043E+000  0.149261021424195E+001  0.215905481051745E+000  0.293285823257624E+000 -0.131028262406404E+000 -0.143576872467989E+003
  0.100000000000000E+001  0.286284348119921E+003  0.604600100921398E+000  0.103723216993869E+001  0.213142503470959E+000  0.274000429098499E+000 -0.131028262406404E+000 -0.143142174059960E+003
  0.100000000000000E+001  0.301575771253726E+003  0.198815269980860E+001  0.162980717910834E+001  0.310422870919497E+000  0.440823246859430E+000 -0.131028262406404E+000 -0.150787885626863E+003
  0.100000000000000E+001  0.290792570641824E+003  0.166391442852236E+001  0.848513607632654E+000  0.185410055639154E+000  0.270381829054933E+000 -0.131028262406404E+000 -0.145396285320912E+003
  0.100000000000000E+001  0.298863848848905E+003  0.185139556260626E+001  0.188297835715382E+001  0.419890308134441E-001  0.468911449598026E+000 -0.131028262406404E+000 -0.149431924424453E+003
  0.100000000000000E+001  0.291932255243374E+003  0.175369068961912E+001  0.120414680709209E+001  0.365599618861176E+000  0.278760810789048E+000 -0.131028262406404E+000 -0.145966127621687E+003
  0.100000000000000E+001  0.287360021070759E+003  0.101957203881568E+001  0.147856445675489E+001  0.709764462246959E+000  0.250902015501240E+000 -0.131028262406404E+000 -0.143680010535380E+003
  0.100000000000000E+001  0.288649764204828E+003  0.790382478891512E+000  0.132570102573324E+001  0.412092095933901E+000  0.442223134693572E+000 -0.131028262406404E+000 -0.144324882102414E+003
  0.100000000000000E+001  0.286712979816486E+003  0.630090563482941E+000  0.624235020493589E+000  0.622461165786486E+000  0.338458377006613E+000 -0.131028262406404E+000 -0.143356489908243E+003
  0.100000000000000E+001  0.291443483248720E+003  0.113543773107438E+001  0.104442719774411E+001  0.944263210880583E+000  0.435574237494543E+000 -0.131028262406404E+000 -0.145721741624360E+003
  0.100000000000000E+001  0.285829161197003E+003  0.772503031437294E+000  0.722613931454407E+000  0.441458539885780E+000  0.154577974541163E+000 -0.131028262406404E+000 -0.142914580598501E+003
  0.100000000000000E+001  0.299023285850213E+003  0.186066897748245E+001  0.197045090583427E+001  0.850796111119556E+000  0.496241649558249E+000 -0.131028262406404E+000 -0.149511642925106E+003
  0.100000000000000E+001  0.288855571361913E+003  0.795877489743665E+000  0.999487226357814E+000  0.988740338130843E+000  0.452215086428446E+000 -0.131028262406404E+000 -0.144427785680956E+003
  0.100000000000000E+001  0.285539379672715E+003  0.257291383530885E+000  0.632270679160326E+000  0.190089618922996E+000  0.307909041962571E+000 -0.131028262406404E+000 -0.142769689836358E+003
  0.100000000000000E+001  0.287023351729218E+003  0.144011787744412E+001  0.123974524016561E+001  0.484760301339039E-001  0.156338557125982E+000 -0.131028262406404E+000 -0.143511675864609E+003
  0.100000000000000E+001  0.287403540340090E+003  0.911402984841690E+000  0.134406719284607E+001  0.993050654954141E+000  0.283144629289508E+000 -0.131028262406404E+000 -0.143701770170045E+003
  0.100000000000000E+001  0.286280359389235E+003  0.147113576661861E+001  0.104673365197480E+001  0.692536183460794E+000  0.111914020633287E+000 -0.131028262406404E+000 -0.143140179694617E+003
  0.100000000000000E+001  0.292445047711270E+003  0.135507364831203E+001  0.129364919881516E+001  0.362087788453987E+000  0.389654146625775E+000 -0.131028262406404E+000 -0.146222523855635E+003
  0.100000000000000E+001  0.292484958024785E+003  0.128196366658156E+001  0.118259445363238E+001  0.166628294424925E+000  0.416591814225025E+000 -0.131028262406404E+000 -0.146242479012393E+003
  0.100000000000000E+001  0.296391172660315E+003  0.172114358859396E+001  0.996285514306637E+000  0.598767496612251E+000  0.401400629061890E+000 -0.131028262406404E+000 -0.148195586330157E+003
  0.100000000000000E+001  0.290427418693924E+003  0.148317723745682E+001  0.146144220709752E+001  0.576545801417871E+000  0.288652415163856E+000 -0.131028262406404E+000 -0.145213709346962E+003
  0.100000000000000E+001  0.285624445582639E+003  0.639999387885725E+000  0.173585744860399E+001  0.210270268075871E+000  0.153304139360780E+000 -0.131028262406404E+000 -0.142812222791319E+003
  0.100000000000000E+001  0.292994916975147E+003  0.170631000060942E+001  0.171113808663038E+001  0.925480448286604E+000  0.328045905200892E+000 -0.131028262406404E+000 -0.146497458487574E+003
  0.100000000000000E+001  0.285262474492307E+003  0.249060765930310E+000  0.169716616801187E+001  0.157362597065826E+000  0.155227223714191E+000 -0.131028262406404E+000 -0.142631237246154E+003
  0.100000000000000E+001  0.285658029252412E+003  0.489838117413060E+000  0.181431508963138E+001  0.417944605659494E+000  0.219958247208549E+000 -0.131028262406404E+000 -0.142829014626206E+003
  0.100000000000000E+001  0.286564603270139E+003  0.102001152683384E+001  0.121159451550242E+001  0.550552915023507E+000  0.186543607866645E+000 -0.131028262406404E+000 -0.143282301635070E+003
  0.100000000000000E+001  0.285817269792738E+003  0.542714560754222E+000  0.889642714882632E+000  0.251388610697662E+000  0.215777625719703E+000 -0.131028262406404E+000 -0.142908634896369E+003
  0.100000000000000E+001  0.288854482993042E+003  0.147852901587890E+001  0.154148257185625E+001  0.781363261591541E+000  0.233743537007338E+000 -0.131028262406404E+000 -0.144427241496521E+003
  0.100000000000000E+001  0.285563308966606E+003  0.640693900017548E+000  0.111299700704233E+001  0.576248545562733E+000  0.134637858923393E+000 -0.131028262406404E+000 -0.142781654483303E+003
  0.100000000000000E+001  0.286920208895467E+003  0.934177542704403E+000  0.146033893580181E+001  0.484575495001386E+000  0.238580835570316E+000 -0.131028262406404E+000 -0.143460104447733E+003
  0.100000000000000E+001  0.287546794721020E+003  0.705846537836494E+000  0.116428478417506E+001  0.175369654757068E+000  0.382276730146634E+000 -0.131028262406404E+000 -0.143773397360510E+003
  0.100000000000000E+001  0.286328341042714E+003  0.893285526550268E+000  0.913129094386951E+000  0.599318506600148E+000  0.190057462506173E+000 -0.131028262406404E+000 -0.143164170521357E+003
  0.100000000000000E+001  0.288534032649476E+003  0.123827396557400E+001  0.172907010935647E+001  0.429968477807204E+000  0.276033920801765E+000 -0.131028262406404E+000 -0.144267016324738E+003
  0.100000000000000E+001  0.285671452958339E+003  0.989513238864308E+000  0.110528506140592E+001  0.544594988650757E+000  0.101736649917271E+000 -0.131028262406404E+000 -0.142835726479170E+003
  0.100000000000000E+001  0.286392742731259E+003  0.405988257833069E+000  0.572403191829647E+000  0.747994257947824E+000  0.467459227414346E+000 -0.131028262406404E+000 -0.143196371365629E+003
  0.100000000000000E+001  0.285195685064504E+003  0.132982058129051E+000  0.780990410650186E+000  0.530890092204283E-001  0.158615770137598E+000 -0.131028262406404E+000 -0.142597842532252E+003
  0.100000000000000E+001  0.285982096472807E+003  0.567431790023351E+000  0.518437179170087E+000  0.807347848088644E+000  0.244951338156588E+000 -0.131028262406404E+000 -0.142991048236404E+003
  0.100000000000000E+001  0.286180605208713E+003  0.133239472500147E+001  0.879722556644241E+000  0.245873052893390E+000  0.116770206202957E+000 -0.131028262406404E+000 -0.143090302604357E+003
  0.100000000000000E+001  0.287649175430745E+003  0.112655842112895E+001  0.135590118611995E+001  0.524297072149943E+000  0.241600967440469E+000 -0.131028262406404E+000 -0.143824587715372E+003
  0.100000000000000E+001  0.287762718849929E+003  0.850315978117966E+000  0.128167911019396E+001  0.361444574941866E-001  0.334063763340272E+000 -0.131028262406404E+000 -0.143881359424965E+003
  0.100000000000000E+001  0.294160735900943E+003  0.162919283082516E+001  0.988946233426148E+000  0.752173040789214E+000  0.369278952136805E+000 -0.131028262406404E+000 -0.147080367950471E+003
  0.100000000000000E+001  0.286618586592360E+003  0.838236881352966E+000  0.111430937615780E+001  0.530050047125379E+000  0.232889039598754E+000 -0.131028262406404E+000 -0.143309293296180E+003
  0.100000000000000E+001  0.288722808064539E+003  0.159181361915976E+001  0.114606727036439E+001  0.719662477306997E+000  0.208989556171690E+000 -0.131028262406404E+000 -0.144361404032270E+003
  0.100000000000000E+001  0.287820894849669E+003  0.116543790734638E+001  0.512958962846342E+000  0.194857509932075E+000  0.257383729195773E+000 -0.131028262406404E+000 -0.143910447424834E+003
  0.100000000000000E+001  0.285576930039402E+003  0.765634750602786E+000  0.189403510790177E+001  0.514145399536948E-001  0.119423969544803E+000 -0.131028262406404E+000 -0.142788465019701E+003
  0.100000000000000E+001  0.285799486990903E+003  0.519202934241220E+000  0.191845740057644E+001  0.925098132988363E+000  0.256125152485421E+000 -0.131028262406404E+000 -0.142899743495452E+003
  0.100000000000000E+001  0.286525543091658E+003  0.574482645828687E+000  0.196615721899919E+001  0.129255908150323E+000  0.477650022402136E+000 -0.131028262406404E+000 -0.143262771545829E+003
  0.100000000000000E+001  0.285351819295680E+003  0.217921100716550E+000  0.634438932461766E+000  0.903549329233224E+000  0.233157977527008E+000 -0.131028262406404E+000 -0.142675909647840E+003
  0.100000000000000E+001  0.285836697443692E+003  0.349487383887126E+000  0.157376269313918E+001  0.806261353194338E+000  0.381256947857224E+000 -0.131028262406404E+000 -0.142918348721846E+003
  0.100000000000000E+001  0.287921574659296E+003  0.189223155980346E+001  0.946917617167911E+000  0.942056898721720E+000  0.150504775761293E+000 -0.131028262406404E+000 -0.143960787329648E+003
  0.100000000000000E+001  0.290954387302585E+003  0.106514934408894E+001  0.170938739372916E+001  0.274511439818685E+000  0.496158754713087E+000 -0.131028262406404E+000 -0.145477193651292E+003
  0.100000000000000E+001  0.285278292659586E+003  0.110400823345747E+000  0.155355602346619E+001  0.257677611627994E+000  0.400055137135824E+000 -0.131028262406404E+000 -0.142639146329793E+003
  0.100000000000000E+001  0.289076761073717E+003  0.970274103398282E+000  0.180824934232210E+001  0.560865315069968E+000  0.437600383802181E+000 -0.131028262406404E+000 -0.144538380536858E+003
  0.100000000000000E+001  0.288652674104301E+003  0.114541375873524E+001  0.120291870643036E+001  0.226993799212245E+000  0.292129221817474E+000 -0.131028262406404E+000 -0.144326337052150E+003
  0.100000000000000E+001  0.286569243896587E+003  0.109542023969994E+001  0.124805546939810E+001  0.701843253607883E+000  0.173977541625638E+000 -0.131028262406404E+000 -0.143284621948293E+003
  0.100000000000000E+001  0.289297925930145E+003  0.999433866828302E+000  0.994774696842228E+000  0.961062155676922E+000  0.381044040493163E+000 -0.131028262406404E+000 -0.144648962965072E+003
  0.100000000000000E+001  0.285539652081945E+003  0.566493444256137E+000  0.118390073220597E+001  0.452488334929447E+000  0.146610341693071E+000 -0.131028262406404E+000 -0.142769826040973E+003
  0.100000000000000E+001  0.287109543637697E+003  0.152325610066409E+001  0.155061126433880E+001  0.540934152002476E+000  0.153067259211452E+000 -0.131028262406404E+000 -0.143554771818848E+003
  0.100000000000000E+001  0.301847754925343E+003  0.187683495985424E+001  0.909545546160133E+000  0.756987712210314E+000  0.486422996000502E+000 -0.131028262406404E+000 -0.150923877462672E+003
  0.100000000000000E+001  0.286437878663753E+003  0.101375695162302E+001  0.105021352411936E+001  0.194855385501329E-001  0.176699758205235E+000 -0.131028262406404E+000 -0.143218939331877E+003
  0.100000000000000E+001  0.285441909758040E+003  0.256896197592595E+000  0.154179558649750E+001  0.471300147776355E+000  0.282605331743903E+000 -0.131028262406404E+000 -0.142720954879020E+003
  0.100000000000000E+001  0.285519044593299E+003  0.758610818147508E+000  0.159130931876742E+001  0.252897670799290E-002  0.107320530558944E+000 -0.131028262406404E+000 -0.142759522296649E+003
  0.100000000000000E+001  0.285236206541489E+003  0.103926732340468E+000  0.179604677682900E+001  0.969317760020811E+000  0.477961549996387E+000 -0.131028262406404E+000 -0.142618103270744E+003
  0.100000000000000E+001  0.285694472614734E+003  0.244347398003644E+000  0.998426040656911E+000  0.792692924661809E+000  0.398336635658723E+000 -0.131028262406404E+000 -0.142847236307367E+003
  0.100000000000000E+001  0.286397919722107E+003  0.133785054988508E+001  0.172172610077774E+001  0.561466046467964E+000  0.133300732924944E+000 -0.131028262406404E+000 -0.143198959861053E+003
  0.100000000000000E+001  0.285746910310311E+003  0.848179740725971E+000  0.194664730341692E+001  0.546701614258655E+000  0.135308478290865E+000 -0.131028262406404E+000 -0.142873455155155E+003
  0.100000000000000E+001  0.285593837231937E+003  0.506721780839411E+000  0.102997039568784E+001  0.766961051273239E+000  0.177156775099730E+000 -0.131028262406404E+000 -0.142796918615968E+003
  0.100000000000000E+001  0.288750452332647E+003  0.114916261933267E+001  0.157136475735833E+001  0.786122153121226E+000  0.305037486641945E+000 -0.131028262406404E+000 -0.144375226166323E+003
  0.100000000000000E+001  0.287231665636999E+003  0.658719737480799E+000  0.175211213290909E+001  0.727622880201902E+000  0.445055867296238E+000 -0.131028262406404E+000 -0.143615832818500E+003
  0.100000000000000E+001  0.286242214516103E+003  0.601589630086106E+000  0.197550361958695E+001  0.542360001081821E+000  0.335986873426711E+000 -0.131028262406404E+000 -0.143121107258052E+003
  0.100000000000000E+001  0.285182638812480E+003  0.157308351925090E+000  0.675942484525747E+000  0.364556672318437E+000  0.117116467006454E+000 -0.131028262406404E+000 -0.142591319406240E+003
  0.100000000000000E+001  0.285642013695964E+003  0.803674650377028E+000  0.655085743582356E+000  0.501500703341861E+000  0.120484909652378E+000 -0.131028262406404E+000 -0.142821006847982E+003
  0.100000000000000E+001  0.288751640100228E+003  0.188518627773691E+001  0.171059876718546E+001  0.645018536197971E+000  0.179175772708015E+000 -0.131028262406404E+000 -0.144375820050114E+003
  0.100000000000000E+001  0.285796772158358E+003  0.323324494180394E+000  0.116982183546088E+001  0.837400672319617E+000  0.351942273236787E+000 -0.131028262406404E+000 -0.142898386079179E+003
  0.100000000000000E+001  0.288574347045225E+003  0.127807839515051E+001  0.963432793267773E+000  0.721601993347141E+000  0.258361002869518E+000 -0.131028262406404E+000 -0.144287173522612E+003
  0.100000000000000E+001  0.287115225737006E+003  0.934730310938502E+000  0.122923926467418E+001  0.171609743857796E+000  0.251131292224436E+000 -0.131028262406404E+000 -0.143557612868503E+003
  0.100000000000000E+001  0.285196980119911E+003  0.160339945005152E+000  0.100295968835821E+001  0.281094736412355E+000  0.136832038767696E+000 -0.131028262406404E+000 -0.142598490059955E+003
  0.100000000000000E+001  0.286422824892280E+003  0.583343658577225E+000  0.567067421563865E+000  0.764745953326758E+000  0.320325318996712E+000 -0.131028262406404E+000 -0.143211412446140E+003
  0.100000000000000E+001  0.288346188083704E+003  0.188774460143569E+001  0.199226883720602E+001  0.169490987357350E+000  0.170601352558533E+000 -0.131028262406404E+000 -0.144173094041852E+003
  0.100000000000000E+001  0.289275360618700E+003  0.963826410340671E+000  0.152726378300356E+001  0.806671361826426E+000  0.408856276051739E+000 -0.131028262406404E+000 -0.144637680309350E+003
  0.100000000000000E+001  0.285330701638352E+003  0.319482111441259E+000  0.700046709305469E+000  0.394822673989763E+000  0.153131823033827E+000 -0.131028262406404E+000 -0.142665350819176E+003
  0.100000000000000E+001  0.285723391247366E+003  0.400971306367769E+000  0.693653917862298E+000  0.335572601883511E+000  0.262960941080397E+000 -0.131028262406404E+000 -0.142861695623683E+003
  0.100000000000000E+001  0.292569354543488E+003  0.125151428672789E+001  0.870393920394036E+000  0.566241123232363E+000  0.450807843657346E+000 -0.131028262406404E+000 -0.146284677271744E+003
  0.100000000000000E+001  0.293248428964351E+003  0.192179332053515E+001  0.121112976935637E+001  0.288611519802504E-001  0.281332162784540E+000 -0.131028262406404E+000 -0.146624214482175E+003
  0.100000000000000E+001  0.289211274379023E+003  0.144670370045379E+001  0.106531130876513E+001  0.642521954870813E+000  0.250668562564061E+000 -0.131028262406404E+000 -0.144605637189512E+003
  0.100000000000000E+001  0.295160914904030E+003  0.188945756025349E+001  0.892687822869140E+000  0.685725851810028E+000  0.339038352548314E+000 -0.131028262406404E+000 -0.147580457452015E+003
  0.100000000000000E+001  0.288454229161342E+003  0.785865659231650E+000  0.110427714884799E+001  0.516429806254877E+000  0.421789623513897E+000 -0.131028262406404E+000 -0.144227114580671E+003
  0.100000000000000E+001  0.286101250174203E+003  0.440431712830812E+000  0.676012331672639E+000  0.752619037385183E+000  0.340133255128970E+000 -0.131028262406404E+000 -0.143050625087101E+003
  0.100000000000000E+001  0.285882563403125E+003  0.821247832294723E+000  0.170580494110040E+001  0.368447407303385E+000  0.157314273892034E+000 -0.131028262406404E+000 -0.142941281701563E+003
  0.100000000000000E+001  0.285522832200235E+003  0.434150643462606E+000  0.113645198330218E+001  0.329583580591928E+000  0.184541912961136E+000 -0.131028262406404E+000 -0.142761416100117E+003
  0.100000000000000E+001  0.287191414580015E+003  0.152216009383310E+001  0.110250437215688E+001  0.196001476452259E+000  0.155678868745739E+000 -0.131028262406404E+000 -0.143595707290008E+003
  0.100000000000000E+001  0.285392299168999E+003  0.232736010890122E+000  0.151149450069987E+001  0.396499873517227E+000  0.272498057815737E+000 -0.131028262406404E+000 -0.142696149584499E+003
  0.100000000000000E+001  0.286987062283159E+003  0.680364562332103E+000  0.156268230896111E+001  0.583180785421097E+000  0.354532439576461E+000 -0.131028262406404E+000 -0.143493531141580E+003
  0.100000000000000E+001  0.285252665759937E+003  0.266622773876649E+000  0.196830055277752E+001  0.463055441953174E-001  0.141259806821807E+000 -0.131028262406404E+000 -0.142626332879969E+003
  0.100000000000000E+001  0.285770199301961E+003  0.650507083843129E+000  0.127298615641957E+001  0.911466433925209E+000  0.173757412143266E+000 -0.131028262406404E+000 -0.142885099650980E+003
  0.100000000000000E+001  0.285836522817347E+003  0.111209081439215E+001  0.191184575298894E+001  0.876119927833504E+000  0.110978260759238E+000 -0.131028262406404E+000 -0.142918261408674E+003
  0.100000000000000E+001  0.286011725897508E+003  0.888235534861094E+000  0.160030717159184E+001  0.504556937974023E+000  0.159822750420746E+000 -0.131028262406404E+000 -0.143005862948754E+003
  0.100000000000000E+001  0.285300561543484E+003  0.127268785494012E+000  0.165492461918564E+001  0.936948943901974E+000  0.425059831394604E+000 -0.131028262406404E+000 -0.142650280771742E+003
  0.100000000000000E+001  0.291912350442895E+003  0.115505303757230E+001  0.815875589227521E+000  0.859768046528563E-001  0.471521089970696E+000 -0.131028262406404E+000 -0.145956175221448E+003
  0.100000000000000E+001  0.294386671256304E+003  0.141542325337504E+001  0.140773550574681E+001  0.217384095924229E+000  0.437389941349280E+000 -0.131028262406404E+000 -0.147193335628152E+003
  0.100000000000000E+001  0.285316508262008E+003  0.325101689413159E+000  0.126390095146487E+001  0.185829651356229E+000  0.145945140536832E+000 -0.131028262406404E+000 -0.142658254131004E+003
  0.100000000000000E+001  0.288663674986115E+003  0.925979141264393E+000  0.191894942917207E+001  0.616822113233808E+000  0.465671043220841E+000 -0.131028262406404E+000 -0.144331837493057E+003
  0.100000000000000E+001  0.295353283021951E+003  0.184207251828284E+001  0.184041511974989E+001  0.438615926451769E+000  0.369435000933131E+000 -0.131028262406404E+000 -0.147676641510976E+003
  0.100000000000000E+001  0.286760313558315E+003  0.926069370955682E+000  0.176656999274813E+001  0.819302822025753E+000  0.236183082034696E+000 -0.131028262406404E+000 -0.143380156779157E+003
  0.100000000000000E+001  0.299267436610901E+003  0.168920705231129E+001  0.132648157735734E+001  0.311299835201035E+000  0.467956986229411E+000 -0.131028262406404E+000 -0.149633718305450E+003
  0.100000000000000E+001  0.296201506540800E+003  0.182619311022052E+001  0.826007292741088E+000  0.692943992702634E+000  0.384109689654309E+000 -0.131028262406404E+000 -0.148100753270400E+003
  0.100000000000000E+001  0.294803883772722E+003  0.189752279972458E+001  0.715448990313679E+000  0.945485359343501E+000  0.343742384833932E+000 -0.131028262406404E+000 -0.147401941886361E+003
  0.100000000000000E+001  0.286112375918458E+003  0.960039586133324E+000  0.186178470278497E+001  0.367001223660602E+000  0.162197379626908E+000 -0.131028262406404E+000 -0.143056187959229E+003
  0.100000000000000E+001  0.290080203892582E+003  0.111354338339605E+001  0.131695952346087E+001  0.151673852410739E+000  0.377076418137438E+000 -0.131028262406404E+000 -0.145040101946291E+003
  0.100000000000000E+001  0.285162823561824E+003  0.119722874390019E+000  0.113247731319946E+001  0.786887212331439E+000  0.113922459809502E+000 -0.131028262406404E+000 -0.142581411780912E+003
  0.100000000000000E+001  0.286179101628490E+003  0.139468784682857E+001  0.132721939567080E+001  0.637994572270096E+000  0.111610213142787E+000 -0.131028262406404E+000 -0.143089550814245E+003
  0.100000000000000E+001  0.294120107890729E+003  0.163560096082440E+001  0.883798662015159E+000  0.232071116500921E+000  0.373714208914052E+000 -0.131028262406404E+000 -0.147060053945364E+003
  0.100000000000000E+001  0.289523587086049E+003  0.141651001083449E+001  0.638915608926509E+000  0.762312053285548E+000  0.283779198480211E+000 -0.131028262406404E+000 -0.144761793543025E+003
  0.100000000000000E+001  0.286953918060631E+003  0.180010218270336E+001  0.158209568483846E+001  0.669412850496025E+000  0.122631953273521E+000 -0.131028262406404E+000 -0.143476959030315E+003
  0.100000000000000E+001  0.286147313028022E+003  0.976221446729327E+000  0.699681345731130E+000  0.577023444661607E+000  0.157090641763455E+000 -0.131028262406404E+000 -0.143073656514011E+003
  0.100000000000000E+001  0.286183369272379E+003  0.640600786088595E+000  0.148307137504322E+001  0.806801086868664E+000  0.251474292541738E+000 -0.131028262406404E+000 -0.143091684636190E+003
  0.100000000000000E+001  0.286237246127466E+003  0.607785427544596E+000  0.762158146672002E+000  0.397164855335902E+000  0.267660280981050E+000 -0.131028262406404E+000 -0.143118623063733E+003
  0.100000000000000E+001  0.287418925848062E+003  0.733834956543970E+000  0.105748019714815E+001  0.258155569696731E+000  0.353705911560885E+000 -0.131028262406404E+000 -0.143709462924031E+003
  0.100000000000000E+001  0.297545606489330E+003  0.182804292452645E+001  0.992837740060431E+000  0.394606212984674E+000  0.399554164574479E+000 -0.131028262406404E+000 -0.148772803244665E+003
  0.100000000000000E+001  0.289732648712576E+003  0.981525770067533E+000  0.165054788520094E+001  0.810635165481109E+000  0.449480153335006E+000 -0.131028262406404E+000 -0.144866324356288E+003
  0.100000000000000E+001  0.287863589384378E+003  0.111441567498722E+001  0.164001619692889E+001  0.557953536522269E+000  0.265162280716969E+000 -0.131028262406404E+000 -0.143931794692189E+003
  0.100000000000000E+001  0.285612117619001E+003  0.251198681004505E+000  0.146539867568694E+001  0.475376343506360E+000  0.391515014197723E+000 -0.131028262406404E+000 -0.142806058809501E+003
  0.100000000000000E+001  0.289318639448718E+003  0.969137058140009E+000  0.170426345540119E+001  0.996126427026545E+000  0.435315203705485E+000 -0.131028262406404E+000 -0.144659319724359E+003
  0.100000000000000E+001  0.298583848306382E+003  0.199112367784153E+001  0.173673116371475E+001  0.189800060311743E+000  0.392224207839516E+000 -0.131028262406404E+000 -0.149291924153191E+003
  0.100000000000000E+001  0.302184814727219E+003  0.186837985384713E+001  0.105533291026266E+001  0.827638206658823E+000  0.478824328163944E+000 -0.131028262406404E+000 -0.151092407363610E+003
  0.100000000000000E+001  0.296497286099118E+003  0.195080801365682E+001  0.124825827328174E+001  0.528117201584055E+000  0.341222206936563E+000 -0.131028262406404E+000 -0.148248643049559E+003
  0.100000000000000E+001  0.286775909022498E+003  0.486789655641273E+000  0.108381502027112E+001  0.292363368976953E+000  0.430788652106145E+000 -0.131028262406404E+000 -0.143387954511249E+003
  0.100000000000000E+001  0.285541021744800E+003  0.456190277950887E+000  0.682490757261893E+000  0.398694249371766E+000  0.180250267051721E+000 -0.131028262406404E+000 -0.142770510872400E+003
  0.100000000000000E+001  0.285967885589509E+003  0.361014858227767E+000  0.724432314439517E+000  0.222813677070511E+000  0.369093286396801E+000 -0.131028262406404E+000 -0.142983942794755E+003
  0.100000000000000E+001  0.285567442509459E+003  0.186469384220582E+000  0.966482665416697E+000  0.243771637909525E+000  0.423080246076879E+000 -0.131028262406404E+000 -0.142783721254729E+003
  0.100000000000000E+001  0.298481544242441E+003  0.186151866670043E+001  0.174180635419802E+001  0.417803948279502E+000  0.428059557362162E+000 -0.131028262406404E+000 -0.149240772121220E+003
  0.100000000000000E+001  0.289773727575287E+003  0.157692570138231E+001  0.171565686783199E+001  0.830861996502803E+000  0.255116103575392E+000 -0.131028262406404E+000 -0.144886863787644E+003
  0.100000000000000E+001  0.285973240103057E+003  0.335930870186325E+000  0.144815384070021E+001  0.935008171681975E+000  0.429825051456600E+000 -0.131028262406404E+000 -0.142986620051528E+003
  0.100000000000000E+001  0.288189687932788E+003  0.842003300437349E+000  0.973473240966842E+000  0.293293101816774E+000  0.373226191955866E+000 -0.131028262406404E+000 -0.144094843966394E+003
  0.100000000000000E+001  0.292093941261266E+003  0.110868834448914E+001  0.858777145815456E+000  0.237867090817793E+000  0.498005983336479E+000 -0.131028262406404E+000 -0.146046970630633E+003
  0.100000000000000E+001  0.285362112330068E+003  0.293858373651718E+000  0.115222247796799E+001  0.986133795865629E+000  0.186547726342835E+000 -0.131028262406404E+000 -0.142681056165034E+003
  0.100000000000000E+001  0.288026735092696E+003  0.188099294517811E+001  0.167447574431948E+001  0.110320303329171E+000  0.156277138903934E+000 -0.131028262406404E+000 -0.144013367546348E+003
  0.100000000000000E+001  0.286266595843859E+003  0.905436067059842E+000  0.535718167047786E+000  0.209465488464889E+000  0.184587288954288E+000 -0.131028262406404E+000 -0.143133297921929E+003
  0.100000000000000E+001  0.286624354042706E+003  0.422457505365193E+000  0.103762625115320E+001  0.111440090144535E+000  0.463027973270376E+000 -0.131028262406404E+000 -0.143312177021353E+003
  0.100000000000000E+001  0.286957752671928E+003  0.571694920445830E+000  0.136874054179258E+001  0.995090797675277E+000  0.406750909681160E+000 -0.131028262406404E+000 -0.143478876335964E+003
  0.100000000000000E+001  0.286794983511101E+003  0.109914166339761E+001  0.708240036775761E+000  0.877494530096300E-001  0.192428759764567E+000 -0.131028262406404E+000 -0.143397491755550E+003
  0.100000000000000E+001  0.285419180283887E+003  0.128816558515492E+000  0.135931742995176E+001  0.147921969115605E+000  0.491453515792438E+000 -0.131028262406404E+000 -0.142709590141944E+003
  0.100000000000000E+001  0.289596446572166E+003  0.129439287892489E+001  0.173354172160594E+001  0.873905292132118E+000  0.315185091077903E+000 -0.131028262406404E+000 -0.144798223286083E+003
  0.100000000000000E+001  0.292110018888246E+003  0.160401817916875E+001  0.600148980785770E+000  0.625633486635752E+000  0.346693412167767E+000 -0.131028262406404E+000 -0.146055009444123E+003
  0.100000000000000E+001  0.287072062239726E+003  0.121957611591151E+001  0.641926421760308E+000  0.879130248800060E+000  0.192005687255539E+000 -0.131028262406404E+000 -0.143536031119863E+003
  0.100000000000000E+001  0.286729245371236E+003  0.113632616262485E+001  0.184076178002492E+001  0.640206651809542E+000  0.186940119046828E+000 -0.131028262406404E+000 -0.143364622685618E+003
  0.100000000000000E+001  0.285978761434248E+003  0.413441623330186E+000  0.821234437679026E+000  0.469572088512352E+000  0.324298380055403E+000 -0.131028262406404E+000 -0.142989380717124E+003
  0.100000000000000E+001  0.296692123124349E+003  0.178255423637707E+001  0.124030645724924E+001  0.729895788228629E+000  0.382933836091004E+000 -0.131028262406404E+000 -0.148346061562175E+003
  0.100000000000000E+001  0.285702005584437E+003  0.479692562517927E+000  0.121553141681415E+001  0.184223096755992E+000  0.217396211314728E+000 -0.131028262406404E+000 -0.142851002792219E+003
  0.100000000000000E+001  0.291078571390889E+003  0.132398191121250E+001  0.851974046873871E+000  0.105856850843538E+000  0.362102596788036E+000 -0.131028262406404E+000 -0.145539285695445E+003
  0.100000000000000E+001  0.285431541816519E+003  0.573922245326285E+000  0.730963248744490E+000  0.649162595743400E+000  0.116232938888977E+000 -0.131028262406404E+000 -0.142715770908259E+003
  0.100000000000000E+001  0.293611546729775E+003  0.128445918777149E+001  0.136768144679649E+001  0.493320531670974E+000  0.461461880064630E+000 -0.131028262406404E+000 -0.146805773364888E+003
  0.100000000000000E+001  0.285331336252366E+003  0.444172053345297E+000  0.824673438575316E+000  0.623832958481132E+000  0.112141947223206E+000 -0.131028262406404E+000 -0.142665668126183E+003
  0.100000000000000E+001  0.289766491117732E+003  0.149416510938821E+001  0.539147806885276E+000  0.205443363006229E+000  0.283827333207047E+000 -0.131028262406404E+000 -0.144883245558866E+003
  0.100000000000000E+001  0.285769703650350E+003  0.466960647266246E+000  0.603181713992908E+000  0.365819538333998E+000  0.240704235508116E+000 -0.131028262406404E+000 -0.142884851825175E+003
  0.100000000000000E+001  0.287239217540112E+003  0.191560767329518E+001  0.187715017484673E+001  0.806259765255786E+000  0.127478726750166E+000 -0.131028262406404E+000 -0.143619608770056E+003
  0.100000000000000E+001  0.285767032409074E+003  0.416256540009480E+000  0.154562680657653E+001  0.863977922830411E+000  0.285068399884306E+000 -0.131028262406404E+000 -0.142883516204537E+003
  0.100000000000000E+001  0.285660881758316E+003  0.457647341437610E+000  0.174349505465389E+001  0.439693266237883E+000  0.235015946987117E+000 -0.131028262406404E+000 -0.142830440879158E+003
  0.100000000000000E+001  0.286354389418184E+003  0.126222089526588E+001  0.681856673061348E+000  0.713886446789023E+000  0.136722259911755E+000 -0.131028262406404E+000 -0.143177194709092E+003
  0.100000000000000E+001  0.289319460007183E+003  0.102753935253644E+001  0.185005547346055E+001  0.152762629167579E+000  0.431970703992731E+000 -0.131028262406404E+000 -0.144659730003591E+003
  0.100000000000000E+001  0.292203945622099E+003  0.186373830759607E+001  0.158744921451438E+001  0.988049924133378E+000  0.271175045577593E+000 -0.131028262406404E+000 -0.146101972811050E+003
  0.100000000000000E+001  0.287488339255726E+003  0.703881988399326E+000  0.585697782261045E+000  0.635419364479651E+000  0.410963815115192E+000 -0.131028262406404E+000 -0.143744169627863E+003
  0.100000000000000E+001  0.292847504528387E+003  0.173209461045508E+001  0.193119658398015E+001  0.727454809945038E+000  0.337948807248366E+000 -0.131028262406404E+000 -0.146423752264193E+003
  0.100000000000000E+001  0.294652482493732E+003  0.167353100713884E+001  0.191579813990830E+001  0.556138500537224E+000  0.414736505841779E+000 -0.131028262406404E+000 -0.147326241246866E+003
  0.100000000000000E+001  0.285873040187885E+003  0.424804289256574E+000  0.136574654488696E+001  0.303001029686428E+000  0.299016478754021E+000 -0.131028262406404E+000 -0.142936520093942E+003
  0.100000000000000E+001  0.287529785039473E+003  0.172088465994505E+001  0.738250419249271E+000  0.383428647863914E+000  0.152385981586501E+000 -0.131028262406404E+000 -0.143764892519736E+003
  0.100000000000000E+001  0.294749543454707E+003  0.134270389432924E+001  0.125637488932758E+001  0.784562700481780E+000  0.473478540712591E+000 -0.131028262406404E+000 -0.147374771727353E+003
  0.100000000000000E+001  0.287915972777661E+003  0.134752998441442E+001  0.177321196047778E+001  0.360383967164646E-002  0.220872122576939E+000 -0.131028262406404E+000 -0.143957986388830E+003
  0.100000000000000E+001  0.287616011628386E+003  0.705355278822095E+000  0.578246851660769E+000  0.167020460140663E+000  0.429440582651209E+000 -0.131028262406404E+000 -0.143808005814193E+003
  0.100000000000000E+001  0.299865118895273E+003  0.182641978527669E+001  0.108005282206812E+001  0.925816169564224E+000  0.443147937004933E+000 -0.131028262406404E+000 -0.149932559447636E+003
  0.100000000000000E+001  0.285275259693214E+003  0.174626879440053E+000  0.198176907659884E+001  0.376944682661176E+000  0.315524839692357E+000 -0.131028262406404E+000 -0.142637629846607E+003
  0.100000000000000E+001  0.285673484669885E+003  0.333164959819404E+000  0.176032039656370E+001  0.853455570312588E+000  0.364908896339537E+000 -0.131028262406404E+000 -0.142836742334942E+003
  0.100000000000000E+001  0.292125291544490E+003  0.183944334075913E+001  0.137662035828320E+001  0.138107293276824E+000  0.269461882269189E+000 -0.131028262406404E+000 -0.146062645772245E+003
  0.100000000000000E+001  0.290923596476323E+003  0.150398622936795E+001  0.186957188792331E+001  0.782652069850276E-002  0.324789034930487E+000 -0.131028262406404E+000 -0.145461798238162E+003
  0.100000000000000E+001  0.285496906253071E+003  0.332992922530237E+000  0.553559210832175E+000  0.793478598718443E+000  0.225692483025044E+000 -0.131028262406404E+000 -0.142748453126536E+003
  0.100000000000000E+001  0.285913965440871E+003  0.501855903523444E+000  0.618862979308817E+000  0.997687849674971E+000  0.258344469110115E+000 -0.131028262406404E+000 -0.142956982720435E+003
  0.100000000000000E+001  0.285375007516198E+003  0.215311108382664E+000  0.101379589065943E+001  0.208245118547105E+000  0.255308806723490E+000 -0.131028262406404E+000 -0.142687503758099E+003
  0.100000000000000E+001  0.287876174420498E+003  0.191429497176726E+001  0.148938874157401E+001  0.941043047190031E+000  0.147395228655070E+000 -0.131028262406404E+000 -0.143938087210249E+003
  0.100000000000000E+001  0.285550509977880E+003  0.167453861997678E+000  0.106745739712744E+001  0.801581916790173E-002  0.455856366582803E+000 -0.131028262406404E+000 -0.142775254988940E+003
  0.100000000000000E+001  0.296830038804576E+003  0.160187153248809E+001  0.168208457910446E+001  0.752957291541481E+000  0.468968825188597E+000 -0.131028262406404E+000 -0.148415019402288E+003
  0.100000000000000E+001  0.288522878524122E+003  0.100110242471539E+001  0.894765232475386E+000  0.787936517857564E+000  0.335022168035552E+000 -0.131028262406404E+000 -0.144261439262061E+003
  0.100000000000000E+001  0.285755258194459E+003  0.291451783334611E+000  0.151629375216339E+001  0.842141053890759E+000  0.415871924843687E+000 -0.131028262406404E+000 -0.142877629097230E+003
  0.100000000000000E+001  0.287071917510268E+003  0.511055155686021E+000  0.773814151193189E+000  0.428450869018621E+000  0.474566988714391E+000 -0.131028262406404E+000 -0.143535958755134E+003
  0.100000000000000E+001  0.286978667332090E+003  0.135875483178951E+001  0.102593802299470E+001  0.328706072851966E+000  0.163452035782657E+000 -0.131028262406404E+000 -0.143489333666045E+003
  0.100000000000000E+001  0.285487205198900E+003  0.345650747208829E+000  0.153840276593003E+001  0.880218229404357E+000  0.227173366672076E+000 -0.131028262406404E+000 -0.142743602599450E+003
  0.100000000000000E+001  0.289648242476296E+003  0.909988819203558E+000  0.110661703260762E+001  0.764396142292711E+000  0.442435775176834E+000 -0.131028262406404E+000 -0.144824121238148E+003
  0.100000000000000E+001  0.285577946149013E+003  0.414225870051408E+000  0.132359230987960E+001  0.278892340081333E+000  0.214732313368273E+000 -0.131028262406404E+000 -0.142788973074506E+003
  0.100000000000000E+001  0.285277209359050E+003  0.162809121326589E+000  0.155000582552369E+001  0.925045070093475E+000  0.257991331725172E+000 -0.131028262406404E+000 -0.142638604679525E+003
  0.100000000000000E+001  0.286735337550337E+003  0.858073455916005E+000  0.843533635902156E+000  0.362493687430223E+000  0.240522822928330E+000 -0.131028262406404E+000 -0.143367668775169E+003
  0.100000000000000E+001  0.285333110827005E+003  0.383246217794289E+000  0.153195121513033E+001  0.848205340511424E+000  0.134374113929291E+000 -0.131028262406404E+000 -0.142666555413503E+003
  0.100000000000000E+001  0.285997091982418E+003  0.406497215649447E+000  0.129102813306181E+001  0.617493947715972E+000  0.343080080710648E+000 -0.131028262406404E+000 -0.142998545991209E+003
  0.100000000000000E+001  0.287826560847585E+003  0.926672090473663E+000  0.142356727173240E+001  0.442951722915307E+000  0.313350550809719E+000 -0.131028262406404E+000 -0.143913280423793E+003
  0.100000000000000E+001  0.287925696919320E+003  0.926183343284037E+000  0.763859433476730E+000  0.365295459944699E+000  0.325797819109235E+000 -0.131028262406404E+000 -0.143962848459660E+003
  0.100000000000000E+001  0.288639118111108E+003  0.711712198837401E+000  0.120760102255754E+001  0.302860511055225E+000  0.488730400566262E+000 -0.131028262406404E+000 -0.144319559055554E+003
  0.100000000000000E+001  0.288737700347780E+003  0.114769637330521E+001  0.681148264368470E+000  0.543848826429316E+000  0.311801042872488E+000 -0.131028262406404E+000 -0.144368850173890E+003
  0.100000000000000E+001  0.294241576951992E+003  0.156321599236045E+001  0.160784763111470E+001  0.794506392928042E+000  0.395668935108081E+000 -0.131028262406404E+000 -0.147120788475996E+003
  0.100000000000000E+001  0.286052693133681E+003  0.364971149910278E+000  0.545729275650535E+000  0.716781604616485E+000  0.408915772061393E+000 -0.131028262406404E+000 -0.143026346566841E+003
  0.100000000000000E+001  0.296880804925532E+003  0.177746025257490E+001  0.114299783196137E+001  0.168264942666543E+000  0.390325458272739E+000 -0.131028262406404E+000 -0.148440402462766E+003
  0.100000000000000E+001  0.291911830275513E+003  0.173537703642261E+001  0.196284603168291E+001  0.551074921363443E+000  0.310084054469839E+000 -0.131028262406404E+000 -0.145955915137757E+003
  0.100000000000000E+001  0.288584666305530E+003  0.124099753288485E+001  0.197733542085231E+001  0.535276125600764E+000  0.297852477641900E+000 -0.131028262406404E+000 -0.144292333152765E+003
  0.100000000000000E+001  0.286128675843014E+003  0.499787431374728E+000  0.167146519521334E+001  0.738039207308176E+000  0.337018980742232E+000 -0.131028262406404E+000 -0.143064337921507E+003
  0.100000000000000E+001  0.287579563794657E+003  0.914431032282854E+000  0.106241705484085E+001  0.582934262307404E-001  0.293889219233079E+000 -0.131028262406404E+000 -0.143789781897329E+003
  0.100000000000000E+001  0.289030379542947E+003  0.805955704317444E+000  0.121570894703613E+001  0.883623367522765E+000  0.458532659848824E+000 -0.131028262406404E+000 -0.144515189771473E+003
  0.100000000000000E+001  0.288123091832820E+003  0.819065258898051E+000  0.178753402488420E+001  0.226225489643033E+000  0.443256885947765E+000 -0.131028262406404E+000 -0.144061545916410E+003
  0.100000000000000E+001  0.286013276579601E+003  0.960583909658147E+000  0.150489066961097E+001  0.278740566988283E+000  0.146645083603929E+000 -0.131028262406404E+000 -0.143006638289800E+003
  0.100000000000000E+001  0.287361294397654E+003  0.120227385950188E+001  0.195981070011167E+001  0.693789581577068E+000  0.224424124819202E+000 -0.131028262406404E+000 -0.143680647198827E+003
  0.100000000000000E+001  0.285400868352460E+003  0.128125427019175E+000  0.129068656962579E+001  0.467185671663491E+000  0.455954916215722E+000 -0.131028262406404E+000 -0.142700434176230E+003
  0.100000000000000E+001  0.286685360812305E+003  0.613356802303474E+000  0.141097395117952E+001  0.226637057912655E+000  0.339868237130128E+000 -0.131028262406404E+000 -0.143342680406153E+003
  0.100000000000000E+001  0.286027996258034E+003  0.618883158944448E+000  0.145043244064802E+001  0.569762378476036E+000  0.232977908555864E+000 -0.131028262406404E+000 -0.143013998129017E+003
  0.100000000000000E+001  0.299236630319906E+003  0.185272898265857E+001  0.175828622715657E+001  0.458795228500207E+000  0.451740072945555E+000 -0.131028262406404E+000 -0.149618315159953E+003
  0.100000000000000E+001  0.285975518459070E+003  0.305417003193661E+000  0.851836913144721E+000  0.608204007009428E+000  0.428621056632187E+000 -0.131028262406404E+000 -0.142987759229535E+003
  0.100000000000000E+001  0.287336806523055E+003  0.116596255507799E+001  0.651037689294721E+000  0.186667606907665E+000  0.219191913017691E+000 -0.131028262406404E+000 -0.143668403261527E+003
  0.100000000000000E+001  0.298201560509452E+003  0.180321618488286E+001  0.119654787714302E+001  0.117456797580673E-002  0.410359839826251E+000 -0.131028262406404E+000 -0.149100780254726E+003
  0.100000000000000E+001  0.285823447364246E+003  0.250919582026579E+000  0.545383193377541E+000  0.702613274288004E+000  0.483702453879931E+000 -0.131028262406404E+000 -0.142911723682123E+003
  0.100000000000000E+001  0.289402490320232E+003  0.126722848042087E+001  0.112935771003133E+001  0.902347882355067E+000  0.296632207944514E+000 -0.131028262406404E+000 -0.144701245160116E+003
  0.100000000000000E+001  0.285966912457672E+003  0.131119367923170E+001  0.185622935632328E+001  0.343471404894957E+000  0.104396459793947E+000 -0.131028262406404E+000 -0.142983456228836E+003
  0.100000000000000E+001  0.289662917725207E+003  0.997094212420336E+000  0.888667931762646E+000  0.534324467091321E+000  0.410907595889138E+000 -0.131028262406404E+000 -0.144831458862604E+003
  0.100000000000000E+001  0.285582965279729E+003  0.211103535809967E+000  0.142925786609260E+001  0.413746848142053E+000  0.440212921903176E+000 -0.131028262406404E+000 -0.142791482639864E+003
  0.100000000000000E+001  0.287986876036239E+003  0.740295242384635E+000  0.110480273063411E+001  0.853387783930224E+000  0.406013189209787E+000 -0.131028262406404E+000 -0.143993438018119E+003
  0.100000000000000E+001  0.289941465133010E+003  0.111118185796192E+001  0.151578506489043E+001  0.968706313461681E+000  0.380656988560200E+000 -0.131028262406404E+000 -0.144970732566505E+003
  0.100000000000000E+001  0.287355344479053E+003  0.983846171352208E+000  0.172630254998103E+001  0.708755559705149E+000  0.270776113359148E+000 -0.131028262406404E+000 -0.143677672239526E+003
  0.100000000000000E+001  0.287170825266547E+003  0.162424534438635E+001  0.778702271720498E+000  0.287569946769136E+000  0.145854372105971E+000 -0.131028262406404E+000 -0.143585412633273E+003
  0.100000000000000E+001  0.285394058331235E+003  0.252895200329989E+000  0.102953305129492E+001  0.522273036953514E+000  0.232573846001574E+000 -0.131028262406404E+000 -0.142697029165618E+003
  0.100000000000000E+001  0.288724450105445E+003  0.188195907452438E+001  0.777244403751565E+000  0.260612822006646E+000  0.178281588359741E+000 -0.131028262406404E+000 -0.144362225052723E+003
  0.100000000000000E+001  0.285162155490058E+003  0.114854941829708E+000  0.123683426587858E+001  0.412450702965371E+000  0.117814040305341E+000 -0.131028262406404E+000 -0.142581077745029E+003
  0.100000000000000E+001  0.286812382140718E+003  0.110878020551626E+001  0.851930085921996E+000  0.698324359689326E+000  0.190436384252323E+000 -0.131028262406404E+000 -0.143406191070359E+003
  0.100000000000000E+001  0.291923452290199E+003  0.176639484995240E+001  0.187868188895695E+001  0.156773197769169E-001  0.295912443558345E+000 -0.131028262406404E+000 -0.145961726145099E+003
  0.100000000000000E+001  0.290536507860209E+003  0.119894924322310E+001  0.177455567087645E+001  0.303059832004476E-001  0.405838970231913E+000 -0.131028262406404E+000 -0.145268253930104E+003
  0.100000000000000E+001  0.287783855981324E+003  0.194102622265190E+001  0.928438123961510E+000  0.271984610384445E+000  0.142233879025221E+000 -0.131028262406404E+000 -0.143891927990662E+003
  0.100000000000000E+001  0.287426682494576E+003  0.129045987826775E+001  0.970442087546918E+000  0.240949477790076E-002  0.197703322457337E+000 -0.131028262406404E+000 -0.143713341247288E+003
  0.100000000000000E+001  0.286434485249947E+003  0.471465772474874E+000  0.162176627435699E+001  0.856756958232056E+000  0.439322425277128E+000 -0.131028262406404E+000 -0.143217242624973E+003
  0.100000000000000E+001  0.285442930864672E+003  0.170093963308964E+000  0.755158602150606E+000  0.965152962502717E+000  0.364513035996891E+000 -0.131028262406404E+000 -0.142721465432336E+003
  0.100000000000000E+001  0.288748778831750E+003  0.195135339991730E+001  0.963839244027778E+000  0.255718193992818E+000  0.170682891072941E+000 -0.131028262406404E+000 -0.144374389415875E+003
  0.100000000000000E+001  0.295931180923710E+003  0.148526089087048E+001  0.148331478402145E+001  0.606758706593276E+000  0.464091265477256E+000 -0.131028262406404E+000 -0.147965590461855E+003
  0.100000000000000E+001  0.285485235096186E+003  0.276335456787174E+000  0.197419514607056E+001  0.533037688351351E+000  0.478325767091390E+000 -0.131028262406404E+000 -0.142742617548093E+003
  0.100000000000000E+001  0.285988590440044E+003  0.588988389373776E+000  0.146275953354154E+001  0.387970948433147E+000  0.238413914333959E+000 -0.131028262406404E+000 -0.142994295220022E+003
  0.100000000000000E+001  0.286510699743573E+003  0.474537179057486E+000  0.936044131956851E+000  0.438168852547614E-001  0.392825684685096E+000 -0.131028262406404E+000 -0.143255349871787E+003
  0.100000000000000E+001  0.288742107413538E+003  0.951968209517582E+000  0.121972770759696E+001  0.744777055353097E+000  0.362717446382676E+000 -0.131028262406404E+000 -0.144371053706769E+003
  0.100000000000000E+001  0.288007282395476E+003  0.771988732507401E+000  0.621654636000362E+000  0.901827929771636E+000  0.425654491075448E+000 -0.131028262406404E+000 -0.144003641197738E+003
  0.100000000000000E+001  0.294977144141855E+003  0.159478618029363E+001  0.592549184625340E+000  0.672415915469623E+000  0.463917908509662E+000 -0.131028262406404E+000 -0.147488572070927E+003
  0.100000000000000E+001  0.285458126067873E+003  0.490890250435292E+000  0.199981915106176E+001  0.653076386963352E+000  0.156726951771811E+000 -0.131028262406404E+000 -0.142729063033936E+003
  0.100000000000000E+001  0.287039095768228E+003  0.107774713223047E+001  0.702265238050889E+000  0.480387960801439E+000  0.215178644366321E+000 -0.131028262406404E+000 -0.143519547884114E+003
  0.100000000000000E+001  0.287388375757398E+003  0.835208898023104E+000  0.152741325737465E+001  0.183234250481317E+000  0.317677138384765E+000 -0.131028262406404E+000 -0.143694187878699E+003
  0.100000000000000E+001  0.287522587003948E+003  0.763268721887157E+000  0.149315892320736E+001  0.609011406777009E+000  0.364059927150896E+000 -0.131028262406404E+000 -0.143761293501974E+003
  0.100000000000000E+001  0.294858339727250E+003  0.141135512371360E+001  0.112612094633215E+001  0.849725796184474E+000  0.451413673524884E+000 -0.131028262406404E+000 -0.147429169863625E+003
  0.100000000000000E+001  0.290874490104557E+003  0.171473300257098E+001  0.107685878568810E+001  0.407500671878846E+000  0.258478599232260E+000 -0.131028262406404E+000 -0.145437245052278E+003
  0.100000000000000E+001  0.296944507549257E+003  0.148741807966745E+001  0.117325077309855E+001  0.227454241154759E+000  0.483114070619807E+000 -0.131028262406404E+000 -0.148472253774629E+003
  0.100000000000000E+001  0.292266921881924E+003  0.181538211409594E+001  0.525238918790423E+000  0.394222982644605E-001  0.308969686438872E+000 -0.131028262406404E+000 -0.146133460940962E+003
  0.100000000000000E+001  0.286867684166412E+003  0.111686182767810E+001  0.159950930639871E+001  0.258796976401936E+000  0.195906775203400E+000 -0.131028262406404E+000 -0.143433842083206E+003
  0.100000000000000E+001  0.294832494701587E+003  0.190888760202841E+001  0.643552940413756E+000  0.557783902806334E+000  0.350327154815820E+000 -0.131028262406404E+000 -0.147416247350794E+003
  0.100000000000000E+001  0.285381436425135E+003  0.257739918268923E+000  0.194510124412198E+001  0.843149382511983E+000  0.286775728101394E+000 -0.131028262406404E+000 -0.142690718212567E+003
  0.100000000000000E+001  0.285513561849934E+003  0.227452758391492E+000  0.650554828330532E+000  0.750285759899882E+000  0.328152282524216E+000 -0.131028262406404E+000 -0.142756780924967E+003
  0.100000000000000E+001  0.288080768730582E+003  0.844045203619861E+000  0.161731622697108E+001  0.116241682598355E+000  0.387577500982233E+000 -0.131028262406404E+000 -0.144040384365291E+003
  0.100000000000000E+001  0.287728671725314E+003  0.726673313625075E+000  0.166235636351978E+001  0.316420324195815E+000  0.436496472421281E+000 -0.131028262406404E+000 -0.143864335862657E+003
  0.100000000000000E+001  0.293650603603690E+003  0.188297775330238E+001  0.110801666109815E+001  0.781916947088636E+000  0.297962481616280E+000 -0.131028262406404E+000 -0.146825301801845E+003
  0.100000000000000E+001  0.289284841789181E+003  0.103558371213893E+001  0.134071152643451E+001  0.105032672349836E+000  0.365113325446023E+000 -0.131028262406404E+000 -0.144642420894591E+003
  0.100000000000000E+001  0.285864031407729E+003  0.412725586391865E+000  0.918534011793778E+000  0.365473665914915E+000  0.293594702718128E+000 -0.131028262406404E+000 -0.142932015703864E+003
  0.100000000000000E+001  0.285334365684906E+003  0.210839269652243E+000  0.196412568651984E+001  0.610724964653884E+000  0.335568062672552E+000 -0.131028262406404E+000 -0.142667182842453E+003
  0.100000000000000E+001  0.290766175985969E+003  0.178242407371265E+001  0.120784670837059E+001  0.202764158774381E+000  0.243991201468697E+000 -0.131028262406404E+000 -0.145383087992984E+003
  0.100000000000000E+001  0.293476187818933E+003  0.127683635561657E+001  0.120249168371155E+001  0.213980001058265E+000  0.455743968945699E+000 -0.131028262406404E+000 -0.146738093909466E+003
  0.100000000000000E+001  0.285447503692942E+003  0.182060614492146E+000  0.158461149467423E+001  0.773637980711811E+000  0.437980786439936E+000 -0.131028262406404E+000 -0.142723751846471E+003
  0.100000000000000E+001  0.299346250081959E+003  0.180536205225046E+001  0.107881795859548E+001  0.203457116543920E+000  0.438580946244179E+000 -0.131028262406404E+000 -0.149673125040980E+003
  0.100000000000000E+001  0.286317541228443E+003  0.787797982241936E+000  0.131388137931533E+001  0.632401073827482E+000  0.215856351559196E+000 -0.131028262406404E+000 -0.143158770614222E+003
  0.100000000000000E+001  0.297959058794211E+003  0.196950968046121E+001  0.142664438984646E+001  0.383287929185771E+000  0.365958089604001E+000 -0.131028262406404E+000 -0.148979529397106E+003
  0.100000000000000E+001  0.285731422313433E+003  0.478735418493549E+000  0.134686899325275E+001  0.924298222848413E+000  0.228125261538588E+000 -0.131028262406404E+000 -0.142865711156716E+003
  0.100000000000000E+001  0.285305942049449E+003  0.414790053466820E+000  0.571742846949199E+000  0.395758646001736E+000  0.108693842087863E+000 -0.131028262406404E+000 -0.142652971024724E+003
  0.100000000000000E+001  0.286121779246017E+003  0.744445952256888E+000  0.186148067574398E+001  0.876176830472206E+000  0.218081331854253E+000 -0.131028262406404E+000 -0.143060889623009E+003
  0.100000000000000E+001  0.285480235458379E+003  0.422498929956145E+000  0.115596062177902E+001  0.187252601116827E+000  0.175233608886073E+000 -0.131028262406404E+000 -0.142740117729189E+003
  0.100000000000000E+001  0.285879227887379E+003  0.761340474919953E+000  0.700710130075549E+000  0.317637530876494E+000  0.164426741571912E+000 -0.131028262406404E+000 -0.142939613943689E+003
  0.100000000000000E+001  0.289012960074456E+003  0.116702051260003E+001  0.198631769832128E+001  0.599477717498378E+000  0.359419260722115E+000 -0.131028262406404E+000 -0.144506480037228E+003
  0.100000000000000E+001  0.289282763803190E+003  0.122821596740579E+001  0.666075574804640E+000  0.491599553599608E+000  0.320020186252371E+000 -0.131028262406404E+000 -0.144641381901595E+003
  0.100000000000000E+001  0.285633922751169E+003  0.509524454004747E+000  0.809459487226472E+000  0.597530887171667E+000  0.186043144484269E+000 -0.131028262406404E+000 -0.142816961375584E+003
  0.100000000000000E+001  0.286155004214782E+003  0.597802643984121E+000  0.100379014682721E+001  0.192107701814789E+000  0.256101225093998E+000 -0.131028262406404E+000 -0.143077502107391E+003
  0.100000000000000E+001  0.290757033778655E+003  0.169334124170832E+001  0.170396762823847E+001  0.953956636199813E+000  0.265503762657609E+000 -0.131028262406404E+000 -0.145378516889328E+003
  0.100000000000000E+001  0.285402813098129E+003  0.604816695165658E+000  0.122955126243133E+001  0.223570151474967E+000  0.103611077465393E+000 -0.131028262406404E+000 -0.142701406549065E+003
  0.100000000000000E+001  0.285761201532850E+003  0.606279661370517E+000  0.143341276747394E+001  0.321698590780240E+000  0.186860588306049E+000 -0.131028262406404E+000 -0.142880600766425E+003
  0.100000000000000E+001  0.285614961557656E+003  0.658944254815064E+000  0.157099900652924E+001  0.268464865311831E+000  0.144531986330745E+000 -0.131028262406404E+000 -0.142807480778828E+003
  0.100000000000000E+001  0.291630106697981E+003  0.166626420617980E+001  0.749858422775697E+000  0.928716954797074E+000  0.301124288581953E+000 -0.131028262406404E+000 -0.145815053348990E+003
  0.100000000000000E+001  0.286398119401242E+003  0.659944600753148E+000  0.740948756596998E+000  0.904009988571246E+000  0.270727652031463E+000 -0.131028262406404E+000 -0.143199059700621E+003
  0.100000000000000E+001  0.286309063647417E+003  0.116364554520020E+001  0.122982790074737E+001  0.393362616369266E+000  0.144108918284966E+000 -0.131028262406404E+000 -0.143154531823708E+003
  0.100000000000000E+001  0.290044275706092E+003  0.141871510099134E+001  0.675157359671547E+000  0.935090389557976E+000  0.304140140572148E+000 -0.131028262406404E+000 -0.145022137853046E+003
  0.100000000000000E+001  0.285452305277570E+003  0.224105196401343E+000  0.102826232647953E+001  0.142437747875768E+000  0.296838248573200E+000 -0.131028262406404E+000 -0.142726152638785E+003
  0.100000000000000E+001  0.294957254417384E+003  0.169395555937703E+001  0.571746965792507E+000  0.319349803664868E+000  0.430510104733049E+000 -0.131028262406404E+000 -0.147478627208692E+003
  0.100000000000000E+001  0.292547734615995E+003  0.148705488728648E+001  0.106741387379126E+001  0.247001656463480E+000  0.356375104835798E+000 -0.131028262406404E+000 -0.146273867307998E+003
  0.100000000000000E+001  0.286462421550339E+003  0.453225902941812E+000  0.534424804969881E+000  0.890048773772700E-001  0.438513762370539E+000 -0.131028262406404E+000 -0.143231210775170E+003
  0.100000000000000E+001  0.289771740176564E+003  0.107025465072095E+001  0.519846455534574E+000  0.725613991472014E+000  0.441458270202141E+000 -0.131028262406404E+000 -0.144885870088282E+003
  0.100000000000000E+001  0.290750869441456E+003  0.107426982261761E+001  0.828820657637742E+000  0.837672950964272E+000  0.445948599817703E+000 -0.131028262406404E+000 -0.145375434720728E+003
  0.100000000000000E+001  0.285196221260775E+003  0.141008134420246E+000  0.143159599283788E+001  0.124797263392844E+000  0.159545587503575E+000 -0.131028262406404E+000 -0.142598110630387E+003
  0.100000000000000E+001  0.301793888992720E+003  0.199093122402951E+001  0.107708125358150E+001  0.743903924924481E-001  0.434388531383731E+000 -0.131028262406404E+000 -0.150896944496360E+003
  0.100000000000000E+001  0.285664014245136E+003  0.245826929703127E+000  0.135563783031408E+001  0.778459649180508E+000  0.411401136337274E+000 -0.131028262406404E+000 -0.142832007122568E+003
  0.100000000000000E+001  0.286530945436185E+003  0.684313915383483E+000  0.140459699030144E+001  0.749466764649039E+000  0.281102430913128E+000 -0.131028262406404E+000 -0.143265472718092E+003
  0.100000000000000E+001  0.288069524241696E+003  0.119301897233291E+001  0.130578096930701E+001  0.661646053929011E+000  0.250070165006136E+000 -0.131028262406404E+000 -0.144034762120848E+003
  0.100000000000000E+001  0.287108687738322E+003  0.598597910181437E+000  0.987227952399686E+000  0.873398622373338E+000  0.396545699414242E+000 -0.131028262406404E+000 -0.143554343869161E+003
  0.100000000000000E+001  0.285769549430364E+003  0.737814652610556E+000  0.135638034228634E+001  0.450143905427185E+000  0.153592228002152E+000 -0.131028262406404E+000 -0.142884774715182E+003
  0.100000000000000E+001  0.286750524584674E+003  0.789507218620139E+000  0.129495078315017E+001  0.556602388584058E+000  0.263416258151956E+000 -0.131028262406404E+000 -0.143375262292337E+003
  0.100000000000000E+001  0.289595892031966E+003  0.115388982753869E+001  0.563287598612355E+000  0.667670891874095E+000  0.377642092500549E+000 -0.131028262406404E+000 -0.144797946015983E+003
  0.100000000000000E+001  0.286293244795336E+003  0.727371484587441E+000  0.160004080765514E+001  0.838972768290797E+000  0.238683142370268E+000 -0.131028262406404E+000 -0.143146622397668E+003
  0.100000000000000E+001  0.286178744911283E+003  0.848948509035537E+000  0.860568811097835E+000  0.567399305669789E-001  0.183564503863576E+000 -0.131028262406404E+000 -0.143089372455642E+003
  0.100000000000000E+001  0.285434560906135E+003  0.451255389923115E+000  0.134326334483550E+001  0.185993577950093E+000  0.150617307572983E+000 -0.131028262406404E+000 -0.142717280453067E+003
  0.100000000000000E+001  0.285873546633832E+003  0.110565035646589E+001  0.110784604092482E+001  0.541043533914181E+000  0.112434044569805E+000 -0.131028262406404E+000 -0.142936773316916E+003
  0.100000000000000E+001  0.285986346590464E+003  0.599228179890568E+000  0.714223107952377E+000  0.505759890453512E+000  0.228504294350851E+000 -0.131028262406404E+000 -0.142993173295232E+003
  0.100000000000000E+001  0.286394445729568E+003  0.611059833685529E+000  0.769041590619970E+000  0.942144837409489E+000  0.291394421332203E+000 -0.131028262406404E+000 -0.143197222864784E+003
  0.100000000000000E+001  0.291672107981894E+003  0.152485653750368E+001  0.141344451895058E+001  0.475748316237495E+000  0.318773652244769E+000 -0.131028262406404E+000 -0.145836053990947E+003
  0.100000000000000E+001  0.285277684581466E+003  0.188385775156664E+000  0.122758630740807E+001  0.320391368340286E-001  0.208269583519137E+000 -0.131028262406404E+000 -0.142638842290733E+003
  0.100000000000000E+001  0.286236679566611E+003  0.125565675086025E+001  0.820040713042119E+000  0.161635793783405E+000  0.128280664696073E+000 -0.131028262406404E+000 -0.143118339783306E+003
  0.100000000000000E+001  0.293543736145152E+003  0.193473826074484E+001  0.118455842906990E+001  0.494187317805060E+000  0.285746918520999E+000 -0.131028262406404E+000 -0.146771868072576E+003
  0.100000000000000E+001  0.286003995395537E+003  0.617881487202686E+000  0.135614982823557E+001  0.174293620768410E+000  0.226845986289145E+000 -0.131028262406404E+000 -0.143001997697769E+003
  0.100000000000000E+001  0.285992241383364E+003  0.625761703084700E+000  0.739110591914876E+000  0.865703093519088E+000  0.219568663255787E+000 -0.131028262406404E+000 -0.142996120691682E+003
  0.100000000000000E+001  0.286302743880181E+003  0.529403271510695E+000  0.949687787734365E+000  0.108409712756135E-001  0.315977212700175E+000 -0.131028262406404E+000 -0.143151371940091E+003
  0.100000000000000E+001  0.292711731207105E+003  0.121031178029356E+001  0.158546916358304E+001  0.610949423757105E+000  0.481899590301277E+000 -0.131028262406404E+000 -0.146355865603553E+003
  0.100000000000000E+001  0.291515061984088E+003  0.142286303847138E+001  0.125547166354807E+001  0.601867983721206E+000  0.337142206262588E+000 -0.131028262406404E+000 -0.145757530992044E+003
  0.100000000000000E+001  0.285293107417775E+003  0.100734811439808E+000  0.787524903823335E+000  0.154505032358060E+000  0.362209848903637E+000 -0.131028262406404E+000 -0.142646553708888E+003
  0.100000000000000E+001  0.292938177910615E+003  0.174966559032289E+001  0.947886601105003E+000  0.451741566760823E+000  0.310934990706764E+000 -0.131028262406404E+000 -0.146469088955307E+003
  0.100000000000000E+001  0.287852689532965E+003  0.187437040413881E+001  0.178265460512792E+001  0.163464990406348E+000  0.151997342446732E+000 -0.131028262406404E+000 -0.143926344766483E+003
  0.100000000000000E+001  0.290240636622457E+003  0.172024480038121E+001  0.113969050005920E+001  0.818524260855085E+000  0.239024518445701E+000 -0.131028262406404E+000 -0.145120318311228E+003
  0.100000000000000E+001  0.294543942653278E+003  0.164941054333158E+001  0.652931256287931E+000  0.540935413547130E+000  0.412742712872517E+000 -0.131028262406404E+000 -0.147271971326639E+003
  0.100000000000000E+001  0.287270692803951E+003  0.891536171597134E+000  0.833558131054682E+000  0.237121700599920E+000  0.280179855774639E+000 -0.131028262406404E+000 -0.143635346401976E+003
  0.100000000000000E+001  0.291178037070396E+003  0.123791002691158E+001  0.183176837423545E+001  0.864740058704983E+000  0.435304104153796E+000 -0.131028262406404E+000 -0.145589018535198E+003
  0.100000000000000E+001  0.286369882542069E+003  0.811009147076305E+000  0.820972443687110E+000  0.198078122407490E+000  0.214996811727590E+000 -0.131028262406404E+000 -0.143184941271034E+003
  0.100000000000000E+001  0.288157894791242E+003  0.131061130450678E+001  0.117681027632305E+001  0.595699570683297E+000  0.230317580518467E+000 -0.131028262406404E+000 -0.144078947395621E+003
  0.100000000000000E+001  0.286787869216624E+003  0.181783905205928E+001  0.163224172872672E+001  0.961202532732627E+000  0.114610948401460E+000 -0.131028262406404E+000 -0.143393934608312E+003
  0.100000000000000E+001  0.289088536253289E+003  0.111487711525011E+001  0.155357285885160E+001  0.338954647631663E-001  0.334380073109226E+000 -0.131028262406404E+000 -0.144544268126644E+003
  0.100000000000000E+001  0.288841312955697E+003  0.187210084337701E+001  0.879401218301188E+000  0.263500520004563E+000  0.181714835819037E+000 -0.131028262406404E+000 -0.144420656477849E+003
  0.100000000000000E+001  0.289407089273308E+003  0.187336801200106E+001  0.156276056478543E+001  0.455881207980721E+000  0.197666680420081E+000 -0.131028262406404E+000 -0.144703544636654E+003
  0.100000000000000E+001  0.285426061538845E+003  0.454670488891549E+000  0.710449421548299E+000  0.248113276125496E+000  0.143844077763643E+000 -0.131028262406404E+000 -0.142713030769423E+003
  0.100000000000000E+001  0.287049222590271E+003  0.757061107522511E+000  0.126196738956060E+001  0.527961935827720E+000  0.306714110254891E+000 -0.131028262406404E+000 -0.143524611295135E+003
  0.100000000000000E+001  0.285339257930497E+003  0.414249399990648E+000  0.142537197020926E+001  0.611483813990567E+000  0.125981196312524E+000 -0.131028262406404E+000 -0.142669628965248E+003
  0.100000000000000E+001  0.286776364335401E+003  0.183836558026103E+001  0.153127808539560E+001  0.845538212547088E-001  0.112489102503279E+000 -0.131028262406404E+000 -0.143388182167700E+003
  0.100000000000000E+001  0.287925743260218E+003  0.910236171440748E+000  0.180757575002777E+001  0.923517598703794E+000  0.362447280193944E+000 -0.131028262406404E+000 -0.143962871630109E+003
  0.100000000000000E+001  0.288638988697063E+003  0.150795326119196E+001  0.198189508391363E+001  0.345496436096784E+000  0.234457867996855E+000 -0.131028262406404E+000 -0.144319494348531E+003
  0.100000000000000E+001  0.285351706043593E+003  0.132909661672249E+000  0.144124722744436E+001  0.402967089194834E+000  0.415296536069314E+000 -0.131028262406404E+000 -0.142675853021796E+003
  0.100000000000000E+001  0.293497155158729E+003  0.135641442390368E+001  0.142596354641011E+001  0.871498967422987E+000  0.430811110845699E+000 -0.131028262406404E+000 -0.146748577579365E+003
  0.100000000000000E+001  0.286738604315520E+003  0.478410639412603E+000  0.717552961855084E+000  0.181150151942972E+000  0.448764776492633E+000 -0.131028262406404E+000 -0.143369302157760E+003
  0.100000000000000E+001  0.286065317970484E+003  0.892851269020512E+000  0.179523240009413E+001  0.498267013179022E-001  0.168491090234363E+000 -0.131028262406404E+000 -0.143032658985242E+003
  0.100000000000000E+001  0.291696510360082E+003  0.120791108260973E+001  0.175487339196114E+001  0.874155127489163E+000  0.463942123857372E+000 -0.131028262406404E+000 -0.145848255180041E+003
  0.100000000000000E+001  0.288654581135384E+003  0.916354946872222E+000  0.124006800642419E+001  0.734001114360101E+000  0.372384799641446E+000 -0.131028262406404E+000 -0.144327290567692E+003
  0.100000000000000E+001  0.292386180669763E+003  0.149840358198124E+001  0.147224007417447E+001  0.820795092686814E+000  0.349572445776105E+000 -0.131028262406404E+000 -0.146193090334882E+003
  0.100000000000000E+001  0.291332842563207E+003  0.150863568438722E+001  0.182605793721103E+001  0.272363575108961E+000  0.335094574956756E+000 -0.131028262406404E+000 -0.145666421281603E+003
  0.100000000000000E+001  0.291525921496852E+003  0.109380335819777E+001  0.159453357546659E+001  0.848244033986105E+000  0.487818643434786E+000 -0.131028262406404E+000 -0.145762960748426E+003
  0.100000000000000E+001  0.286732866837327E+003  0.766619873721853E+000  0.742644088879502E+000  0.882552242363639E+000  0.272338524203678E+000 -0.131028262406404E+000 -0.143366433418663E+003
  0.100000000000000E+001  0.285451465889886E+003  0.193528643598141E+000  0.963648528463963E+000  0.776409030639873E-001  0.334629983352928E+000 -0.131028262406404E+000 -0.142725732944943E+003
  0.100000000000000E+001  0.287165571728625E+003  0.842937834400218E+000  0.842253181173866E+000  0.169099642903979E+000  0.287049821242875E+000 -0.131028262406404E+000 -0.143582785864312E+003
  0.100000000000000E+001  0.285974796483304E+003  0.447249674812404E+000  0.743879805812485E+000  0.856450327284017E+000  0.301341043960334E+000 -0.131028262406404E+000 -0.142987398241652E+003
  0.100000000000000E+001  0.296287006079184E+003  0.194279230695106E+001  0.534771270238720E+000  0.484667263872066E+000  0.402891707888171E+000 -0.131028262406404E+000 -0.148143503039592E+003
  0.100000000000000E+001  0.298002608038251E+003  0.178541506889886E+001  0.109587169784157E+001  0.148481093806319E+000  0.414577842752539E+000 -0.131028262406404E+000 -0.149001304019126E+003
  0.100000000000000E+001  0.286080113615781E+003  0.714218030522550E+000  0.500077282368385E+000  0.730369103180184E+000  0.209204377305491E+000 -0.131028262406404E+000 -0.143040056807890E+003
  0.100000000000000E+001  0.293487208685944E+003  0.187542051964828E+001  0.513997659215204E+000  0.104361331890155E+000  0.336582371043956E+000 -0.131028262406404E+000 -0.146743604342972E+003
  0.100000000000000E+001  0.290300546788957E+003  0.184721520463709E+001  0.626033260464309E+000  0.101490876911650E+000  0.234076022581971E+000 -0.131028262406404E+000 -0.145150273394479E+003
  0.100000000000000E+001  0.291511333225295E+003  0.188525704902428E+001  0.198455923423247E+001  0.984513828634123E+000  0.268228454135244E+000 -0.131028262406404E+000 -0.145755666612648E+003
  0.100000000000000E+001  0.291042348667593E+003  0.184052238017660E+001  0.125717738769290E+001  0.343727674899404E+000  0.242639671643462E+000 -0.131028262406404E+000 -0.145521174333796E+003
  0.100000000000000E+001  0.293916491703513E+003  0.171728446866872E+001  0.171149290466058E+001  0.644196306123289E+000  0.350857530457527E+000 -0.131028262406404E+000 -0.146958245851756E+003
  0.100000000000000E+001  0.299053150032928E+003  0.178987959786557E+001  0.112116669492679E+001  0.690574067352495E+000  0.434600379467987E+000 -0.131028262406404E+000 -0.149526575016464E+003
  0.100000000000000E+001  0.285643714272825E+003  0.517511244377903E+000  0.128630896146339E+001  0.666626469545008E+000  0.188320744930194E+000 -0.131028262406404E+000 -0.142821857136413E+003
  0.100000000000000E+001  0.285749941450206E+003  0.604846324582566E+000  0.173840717738017E+001  0.861082050918803E+000  0.191922779900441E+000 -0.131028262406404E+000 -0.142874970725103E+003
  0.100000000000000E+001  0.294393736465553E+003  0.142193960690919E+001  0.117604449906388E+001  0.339540257439006E-001  0.431505206959069E+000 -0.131028262406404E+000 -0.147196868232777E+003
  0.100000000000000E+001  0.285289503463531E+003  0.219958385997338E+000  0.134188547555614E+001  0.100745935381364E+000  0.192594112866626E+000 -0.131028262406404E+000 -0.142644751731766E+003
  0.100000000000000E+001  0.294530704408596E+003  0.197418311183950E+001  0.929786453056979E+000  0.142402181516756E+000  0.306681941292438E+000 -0.131028262406404E+000 -0.147265352204298E+003
  0.100000000000000E+001  0.287397009602452E+003  0.130676893241388E+001  0.105153099837736E+001  0.106572336090603E+000  0.193164075009770E+000 -0.131028262406404E+000 -0.143698504801226E+003
  0.100000000000000E+001  0.285790462683571E+003  0.420687177248856E+000  0.111098684382566E+001  0.884870583988937E+000  0.270332454978944E+000 -0.131028262406404E+000 -0.142895231341786E+003
  0.100000000000000E+001  0.291053330351030E+003  0.142306248359301E+001  0.664537871355070E+000  0.309148202559331E+000  0.348024504286970E+000 -0.131028262406404E+000 -0.145526665175515E+003
  0.100000000000000E+001  0.291316466941450E+003  0.116115065379641E+001  0.158697257096111E+001  0.734317939756470E+000  0.438033551633076E+000 -0.131028262406404E+000 -0.145658233470725E+003
  0.100000000000000E+001  0.295176448348635E+003  0.173869791970615E+001  0.550488289933325E+000  0.282054149350167E+000  0.428285248329579E+000 -0.131028262406404E+000 -0.147588224174317E+003
  0.100000000000000E+001  0.289444957562845E+003  0.136702761785191E+001  0.104335773323578E+001  0.847904835688804E+000  0.276173784537545E+000 -0.131028262406404E+000 -0.144722478781422E+003
  0.100000000000000E+001  0.290356109334043E+003  0.118316454503976E+001  0.764275989499102E+000  0.146314495155273E+000  0.384663462476253E+000 -0.131028262406404E+000 -0.145178054667022E+003
  0.100000000000000E+001  0.296149803123950E+003  0.160753182181602E+001  0.176531860200317E+001  0.232827943772507E+000  0.460432609240937E+000 -0.131028262406404E+000 -0.148074901561975E+003
  0.100000000000000E+001  0.286315184894533E+003  0.541079115971964E+000  0.158889650142866E+001  0.772815216841050E+000  0.337979750957675E+000 -0.131028262406404E+000 -0.143157592447267E+003
  0.100000000000000E+001  0.288349922791084E+003  0.689768833987694E+000  0.112627245134790E+001  0.861087015397063E+000  0.474585476686978E+000 -0.131028262406404E+000 -0.144174961395542E+003
  0.100000000000000E+001  0.286816724790484E+003  0.127661081375778E+001  0.193164156288924E+001  0.318748281382216E+000  0.172068013455000E+000 -0.131028262406404E+000 -0.143408362395242E+003
  0.100000000000000E+001  0.286796982040379E+003  0.512350233308597E+000  0.885953000399498E+000  0.677606505878387E+000  0.415870524206370E+000 -0.131028262406404E+000 -0.143398491020189E+003
  0.100000000000000E+001  0.286422742612645E+003  0.564312272497271E+000  0.154307138725774E+001  0.735191554352976E-004  0.338053128394439E+000 -0.131028262406404E+000 -0.143211371306322E+003
  0.100000000000000E+001  0.285413830546509E+003  0.493345283589523E+000  0.104115069610697E+001  0.596233666581939E+000  0.129560496491883E+000 -0.131028262406404E+000 -0.142706915273255E+003
  0.100000000000000E+001  0.286080536773814E+003  0.119893086997995E+001  0.152653319408281E+001  0.540311103431901E-002  0.122738813042899E+000 -0.131028262406404E+000 -0.143040268386907E+003
  0.100000000000000E+001  0.286124787504170E+003  0.446674331963314E+000  0.106144574939729E+001  0.717224002300226E+000  0.334473973658526E+000 -0.131028262406404E+000 -0.143062393752085E+003
  0.100000000000000E+001  0.291678332315755E+003  0.113165091400387E+001  0.157093697919610E+001  0.107152616362958E+000  0.470282000622229E+000 -0.131028262406404E+000 -0.145839166157878E+003
  0.100000000000000E+001  0.287598407238878E+003  0.123180889832811E+001  0.183121565731889E+001  0.394936350742904E+000  0.227968580850861E+000 -0.131028262406404E+000 -0.143799203619439E+003
  0.100000000000000E+001  0.285669242563716E+003  0.245983162664838E+000  0.103970926971122E+001  0.125827838089370E+000  0.385566988438348E+000 -0.131028262406404E+000 -0.142834621281858E+003
  0.100000000000000E+001  0.286351002095835E+003  0.668863364138640E+000  0.191976001769759E+001  0.491883199591806E+000  0.300132459006073E+000 -0.131028262406404E+000 -0.143175501047917E+003
  0.100000000000000E+001  0.285403901827904E+003  0.157900741331692E+000  0.767388996899377E+000  0.295594121460587E+000  0.354446043098984E+000 -0.131028262406404E+000 -0.142701950913952E+003
  0.100000000000000E+001  0.285869278956126E+003  0.542800844612103E+000  0.795602032363531E+000  0.310415583818812E+000  0.227067135823187E+000 -0.131028262406404E+000 -0.142934639478063E+003
  0.100000000000000E+001  0.286512250604939E+003  0.754687796162894E+000  0.103502340678936E+001  0.713185448827898E+000  0.246850599614333E+000 -0.131028262406404E+000 -0.143256125302469E+003
  0.100000000000000E+001  0.287378673658158E+003  0.949761429638736E+000  0.166551169299931E+001  0.624576014030541E+000  0.280659126640411E+000 -0.131028262406404E+000 -0.143689336829079E+003
  0.100000000000000E+001  0.285569712131963E+003  0.302259593749003E+000  0.133347187473774E+001  0.827619032029332E+000  0.290631557434440E+000 -0.131028262406404E+000 -0.142784856065982E+003
  0.100000000000000E+001  0.288121405958866E+003  0.888314220926896E+000  0.177847857825121E+001  0.437615667111988E+000  0.390510410226826E+000 -0.131028262406404E+000 -0.144060702979433E+003
  0.100000000000000E+001  0.285310664265769E+003  0.144116791371827E+000  0.111515927911753E+001  0.780831827250528E+000  0.299500010553538E+000 -0.131028262406404E+000 -0.142655332132885E+003
  0.100000000000000E+001  0.288209260416204E+003  0.104304029302946E+001  0.156510641182946E+001  0.637480743084809E+000  0.305801244422412E+000 -0.131028262406404E+000 -0.144104630208102E+003
  0.100000000000000E+001  0.286191508128819E+003  0.861297831972811E+000  0.737177758751143E+000  0.143505664336329E+000  0.183164800436932E+000 -0.131028262406404E+000 -0.143095754064409E+003
  0.100000000000000E+001  0.287811763157217E+003  0.155249108702649E+001  0.688916560442788E+000  0.604764611961223E+000  0.182787882122246E+000 -0.131028262406404E+000 -0.143905881578609E+003
  0.100000000000000E+001  0.287661249346870E+003  0.171283402503554E+001  0.192858772563704E+001  0.949892042876295E+000  0.161931130501172E+000 -0.131028262406404E+000 -0.143830624673435E+003
  0.100000000000000E+001  0.291181508617328E+003  0.139551999139984E+001  0.930170143816176E+000  0.273146110475927E+000  0.340266119102171E+000 -0.131028262406404E+000 -0.145590754308664E+003
  0.100000000000000E+001  0.288222337789820E+003  0.134361961329018E+001  0.141854661289923E+001  0.393806701355907E+000  0.228739955945609E+000 -0.131028262406404E+000 -0.144111168894910E+003
  0.100000000000000E+001  0.289284846891753E+003  0.103232649748646E+001  0.189682531503284E+001  0.909804068165798E+000  0.439388767058604E+000 -0.131028262406404E+000 -0.144642423445877E+003
  0.100000000000000E+001  0.291444870877093E+003  0.151493937472447E+001  0.555039731872899E+000  0.362187864339930E+000  0.351498866371161E+000 -0.131028262406404E+000 -0.145722435438546E+003
  0.100000000000000E+001  0.287715786483436E+003  0.100036037198976E+001  0.880827328582665E+000  0.896765029905988E+000  0.280060810837525E+000 -0.131028262406404E+000 -0.143857893241718E+003
  0.100000000000000E+001  0.286035660336719E+003  0.672414454532747E+000  0.133532697514110E+001  0.841085116769854E-001  0.212659469542846E+000 -0.131028262406404E+000 -0.143017830168359E+003
  0.100000000000000E+001  0.290012485483843E+003  0.896342515062917E+000  0.109713169702722E+001  0.339021026575395E+000  0.474516005830287E+000 -0.131028262406404E+000 -0.145006242741921E+003
  0.100000000000000E+001  0.285953665884777E+003  0.281580895268130E+000  0.633326245951914E+000  0.887231215463190E+000  0.475610945847641E+000 -0.131028262406404E+000 -0.142976832942388E+003
  0.100000000000000E+001  0.285982362003839E+003  0.350113850745218E+000  0.160045761316678E+001  0.102729100336763E+000  0.450549794380194E+000 -0.131028262406404E+000 -0.142991181001919E+003
  0.100000000000000E+001  0.290626339330555E+003  0.146369854268535E+001  0.127192009065016E+001  0.368879367869690E-002  0.297122760796113E+000 -0.131028262406404E+000 -0.145313169665277E+003
  0.100000000000000E+001  0.295207880613840E+003  0.155480456614050E+001  0.155233151584202E+001  0.582359396022965E+000  0.422400133853312E+000 -0.131028262406404E+000 -0.147603940306920E+003
  0.100000000000000E+001  0.286770869247885E+003  0.167663183889959E+001  0.187740374856485E+001  0.270178843147623E-001  0.125218377203659E+000 -0.131028262406404E+000 -0.143385434623943E+003
  0.100000000000000E+001  0.297648057913126E+003  0.187882809111995E+001  0.144311528664143E+001  0.744856043194788E-001  0.381425280717089E+000 -0.131028262406404E+000 -0.148824028956563E+003
  0.100000000000000E+001  0.287232924167088E+003  0.530727374347190E+000  0.130953863910929E+001  0.793518979962681E+000  0.479513293111935E+000 -0.131028262406404E+000 -0.143616462083544E+003
  0.100000000000000E+001  0.299856583688279E+003  0.188660507013502E+001  0.188580268873576E+001  0.619597146432001E+000  0.482796233045906E+000 -0.131028262406404E+000 -0.149928291844140E+003
  0.100000000000000E+001  0.285304754271697E+003  0.197322600989646E+000  0.894010047709085E+000  0.745897189194200E-001  0.217434533456152E+000 -0.131028262406404E+000 -0.142652377135849E+003
  0.100000000000000E+001  0.287243521197245E+003  0.104166271025318E+001  0.183697661172054E+001  0.857218377160099E+000  0.250044192186102E+000 -0.131028262406404E+000 -0.143621760598623E+003
  0.100000000000000E+001  0.286258712348001E+003  0.687634188789291E+000  0.872568761772448E+000  0.316258645536358E+000  0.238053090284437E+000 -0.131028262406404E+000 -0.143129356174001E+003
  0.100000000000000E+001  0.285613074753785E+003  0.561870148733692E+000  0.196424023656296E+001  0.537210144898453E+000  0.180298045159870E+000 -0.131028262406404E+000 -0.142806537376893E+003
  0.100000000000000E+001  0.285483494629456E+003  0.157846170348900E+000  0.802926497657319E+000  0.723453614951320E-001  0.420876585891373E+000 -0.131028262406404E+000 -0.142741747314728E+003
  0.100000000000000E+001  0.286120403064433E+003  0.602384479923165E+000  0.140378269557768E+001  0.276724965584632E+000  0.254655487840538E+000 -0.131028262406404E+000 -0.143060201532216E+003
  0.100000000000000E+001  0.289837767362043E+003  0.987410205280691E+000  0.153733336484608E+001  0.726297529959442E+000  0.435833014339930E+000 -0.131028262406404E+000 -0.144918883681021E+003
  0.100000000000000E+001  0.289579520047236E+003  0.871153827551729E+000  0.145130667740483E+001  0.389250932546121E+000  0.477634300208373E+000 -0.131028262406404E+000 -0.144789760023618E+003
  0.100000000000000E+001  0.286679703446599E+003  0.712290744251188E+000  0.501974870169667E+000  0.739777803155578E+000  0.299676432505596E+000 -0.131028262406404E+000 -0.143339851723300E+003
  0.100000000000000E+001  0.286409903850955E+003  0.561649859641121E+000  0.191125121513954E+001  0.841670694988921E+000  0.415729960199241E+000 -0.131028262406404E+000 -0.143204951925478E+003
  0.100000000000000E+001  0.289285613513046E+003  0.112703154891632E+001  0.700821317802183E+000  0.136762431142107E+000  0.350874670022092E+000 -0.131028262406404E+000 -0.144642806756523E+003
  0.100000000000000E+001  0.293038811291642E+003  0.164018864740498E+001  0.113584883341285E+001  0.685348788328315E+000  0.330939888820695E+000 -0.131028262406404E+000 -0.146519405645821E+003
  0.100000000000000E+001  0.290357003954229E+003  0.100242294182807E+001  0.141547569698542E+001  0.986644869637813E+000  0.447756543119256E+000 -0.131028262406404E+000 -0.145178501977114E+003
  0.100000000000000E+001  0.285359484954138E+003  0.238457753763831E+000  0.175939381142445E+001  0.295169214063273E+000  0.261037226502906E+000 -0.131028262406404E+000 -0.142679742477069E+003
  0.100000000000000E+001  0.297326978304969E+003  0.185505155756837E+001  0.121293385720586E+001  0.158457321579985E+000  0.378876774197580E+000 -0.131028262406404E+000 -0.148663489152485E+003
  0.100000000000000E+001  0.285342100448556E+003  0.238003245547656E+000  0.681175113299704E+000  0.359329953373894E+000  0.208807799395947E+000 -0.131028262406404E+000 -0.142671050224278E+003
  0.100000000000000E+001  0.286952958840246E+003  0.114431219604100E+001  0.177473004189308E+001  0.414212330571967E+000  0.200687231514393E+000 -0.131028262406404E+000 -0.143476479420123E+003
  0.100000000000000E+001  0.286359156867344E+003  0.139240587379766E+001  0.935524028998968E+000  0.853063474024745E+000  0.123431007663031E+000 -0.131028262406404E+000 -0.143179578433672E+003
  0.100000000000000E+001  0.289231069484370E+003  0.125315837229993E+001  0.140176341981750E+001  0.802404929351907E+000  0.294272358307698E+000 -0.131028262406404E+000 -0.144615534742185E+003
  0.100000000000000E+001  0.286563195789344E+003  0.169092685859517E+001  0.157753089010626E+001  0.974546378809325E+000  0.112495579401504E+000 -0.131028262406404E+000 -0.143281597894672E+003
  0.100000000000000E+001  0.286311931451577E+003  0.887263229991555E+000  0.131945647600726E+001  0.663118271539154E+000  0.190577428792792E+000 -0.131028262406404E+000 -0.143155965725788E+003
  0.100000000000000E+001  0.286246747068815E+003  0.544288509847479E+000  0.166237892802577E+001  0.679482449912266E+000  0.329256027156111E+000 -0.131028262406404E+000 -0.143123373534408E+003
  0.100000000000000E+001  0.289508232574597E+003  0.127318427660542E+001  0.133693213928364E+001  0.260328984416154E+000  0.300301973542820E+000 -0.131028262406404E+000 -0.144754116287298E+003
  0.100000000000000E+001  0.285409382102739E+003  0.505503138685821E+000  0.171905849885240E+001  0.948630523889441E+000  0.129685094160084E+000 -0.131028262406404E+000 -0.142704691051369E+003
  0.100000000000000E+001  0.285715120072867E+003  0.836495738598316E+000  0.135489663558084E+001  0.534108350113960E+000  0.127456786259954E+000 -0.131028262406404E+000 -0.142857560036433E+003
  0.100000000000000E+001  0.285215893054533E+003  0.147563858435556E+000  0.178246267785461E+001  0.611883089681173E+000  0.200244225353587E+000 -0.131028262406404E+000 -0.142607946527267E+003
  0.100000000000000E+001  0.289484512697609E+003  0.158818621587575E+001  0.100777145888352E+001  0.289612825863422E+000  0.237045024762694E+000 -0.131028262406404E+000 -0.144742256348804E+003
  0.100000000000000E+001  0.290247612382709E+003  0.157432378954575E+001  0.745650072722432E+000  0.155616389906377E+000  0.273365972628605E+000 -0.131028262406404E+000 -0.145123806191354E+003
  0.100000000000000E+001  0.285536774590148E+003  0.488229801014719E+000  0.191257504037185E+001  0.181109894754039E+000  0.183993440131919E+000 -0.131028262406404E+000 -0.142768387295074E+003
  0.100000000000000E+001  0.286340733826854E+003  0.515759786729078E+000  0.191582896035017E+001  0.733384376562297E+000  0.471155870836017E+000 -0.131028262406404E+000 -0.143170366913427E+003
  0.100000000000000E+001  0.285540908364288E+003  0.188915519427344E+000  0.145487468936476E+001  0.425957632549877E+000  0.466174633450733E+000 -0.131028262406404E+000 -0.142770454182144E+003
  0.100000000000000E+001  0.289420868319120E+003  0.192733031187419E+001  0.195858301418696E+001  0.424230147828574E+000  0.199634381971336E+000 -0.131028262406404E+000 -0.144710434159560E+003
  0.100000000000000E+001  0.285553939953868E+003  0.472381318451984E+000  0.175344230132848E+001  0.121188161809327E+000  0.191255161822647E+000 -0.131028262406404E+000 -0.142776969976934E+003
  0.100000000000000E+001  0.285435199542856E+003  0.175388517799873E+000  0.101084190874862E+001  0.365546298714567E-001  0.353094241744582E+000 -0.131028262406404E+000 -0.142717599771428E+003
  0.100000000000000E+001  0.291440399463051E+003  0.122337216808837E+001  0.132263638108296E+001  0.686536146815300E+000  0.398093740744419E+000 -0.131028262406404E+000 -0.145720199731525E+003
  0.100000000000000E+001  0.286531547529535E+003  0.126111047227275E+001  0.105881512603208E+001  0.635768547296942E+000  0.148094567218418E+000 -0.131028262406404E+000 -0.143265773764767E+003
  0.100000000000000E+001  0.292249460238876E+003  0.194364656704673E+001  0.683880462282086E+000  0.463820404341145E-001  0.271258396057762E+000 -0.131028262406404E+000 -0.146124730119438E+003
  0.100000000000000E+001  0.285485231366447E+003  0.453021802041287E+000  0.600308959526513E+000  0.511153235343946E+000  0.164211032056650E+000 -0.131028262406404E+000 -0.142742615683223E+003
  0.100000000000000E+001  0.291411354633999E+003  0.182040398566704E+001  0.180401306881863E+001  0.152136297519648E+000  0.266298729375064E+000 -0.131028262406404E+000 -0.145705677317000E+003
  0.100000000000000E+001  0.286373850993864E+003  0.158404208682866E+001  0.122664370172255E+001  0.545830086497028E+000  0.109235357810206E+000 -0.131028262406404E+000 -0.143186925496932E+003
  0.100000000000000E+001  0.287452806622547E+003  0.123787608486044E+001  0.194834756449719E+001  0.992133037482547E-001  0.222294600289678E+000 -0.131028262406404E+000 -0.143726403311273E+003
  0.100000000000000E+001  0.286264927478173E+003  0.388823248423396E+000  0.928895111313969E+000  0.366290171510852E+000  0.416712320775817E+000 -0.131028262406404E+000 -0.143132463739087E+003
  0.100000000000000E+001  0.286027525009389E+003  0.978310238239066E+000  0.113173694279939E+001  0.255247877258614E+000  0.143729765906193E+000 -0.131028262406404E+000 -0.143013762504695E+003
  0.100000000000000E+001  0.285247972607661E+003  0.180866095514851E+000  0.147673568567530E+001  0.753744997435924E+000  0.191407809091258E+000 -0.131028262406404E+000 -0.142623986303831E+003
  0.100000000000000E+001  0.290564279696458E+003  0.127420761529946E+001  0.692777558851395E+000  0.504304731480873E+000  0.370162907173666E+000 -0.131028262406404E+000 -0.145282139848229E+003
  0.100000000000000E+001  0.286883862733018E+003  0.121743343959631E+001  0.594183297547371E+000  0.848348947352832E+000  0.180506963275891E+000 -0.131028262406404E+000 -0.143441931366509E+003
  0.100000000000000E+001  0.285504785126598E+003  0.151006717884409E+000  0.131144630396366E+001  0.653665463570192E+000  0.496737115846869E+000 -0.131028262406404E+000 -0.142752392563299E+003
  0.100000000000000E+001  0.287242454492359E+003  0.709090677600054E+000  0.133562707682304E+001  0.536780377101366E+000  0.353036946253715E+000 -0.131028262406404E+000 -0.143621227246180E+003
  0.100000000000000E+001  0.285417617645932E+003  0.407774494316646E+000  0.926141808656396E+000  0.494437362724479E+000  0.156801853143090E+000 -0.131028262406404E+000 -0.142708808822966E+003
  0.100000000000000E+001  0.286412635551858E+003  0.682835253394228E+000  0.174801704012662E+001  0.662048675606623E+000  0.284441427934346E+000 -0.131028262406404E+000 -0.143206317775929E+003
  0.100000000000000E+001  0.286725210904319E+003  0.163757784117727E+001  0.726688799309927E+000  0.563756262964348E+000  0.124055388293627E+000 -0.131028262406404E+000 -0.143362605452160E+003
  0.100000000000000E+001  0.293678013887075E+003  0.185433396909789E+001  0.192911136729593E+001  0.216097590369756E+000  0.331508286513328E+000 -0.131028262406404E+000 -0.146839006943537E+003
  0.100000000000000E+001  0.286749166411230E+003  0.128140060166268E+001  0.151782032566816E+001  0.781949957026498E+000  0.161184942988787E+000 -0.131028262406404E+000 -0.143374583205615E+003
  0.100000000000000E+001  0.292027423603740E+003  0.198386078926116E+001  0.115778443265463E+001  0.315216455801788E+000  0.246352845329948E+000 -0.131028262406404E+000 -0.146013711801870E+003
  0.100000000000000E+001  0.293603409808988E+003  0.126267723924156E+001  0.123719241072382E+001  0.578556186738455E+000  0.466642924968428E+000 -0.131028262406404E+000 -0.146801704904494E+003
  0.100000000000000E+001  0.285326227628439E+003  0.235696461050658E+000  0.179877565669550E+001  0.413074155104305E+000  0.234424817214742E+000 -0.131028262406404E+000 -0.142663113814220E+003
  0.100000000000000E+001  0.295380463051781E+003  0.153050475027294E+001  0.121136546162893E+001  0.155076143751058E+000  0.423145904299013E+000 -0.131028262406404E+000 -0.147690231525891E+003
  0.100000000000000E+001  0.286752354540107E+003  0.141661384958139E+001  0.123452075278448E+001  0.671765356599264E+000  0.144421836199596E+000 -0.131028262406404E+000 -0.143376177270054E+003
  0.100000000000000E+001  0.285973803346206E+003  0.105028863238655E+001  0.661668206326002E+000  0.390136956354875E+000  0.129061096744483E+000 -0.131028262406404E+000 -0.142986901673103E+003
  0.100000000000000E+001  0.285300431673845E+003  0.449541973762553E+000  0.153605889587227E+001  0.696888594029483E+000  0.100414700091718E+000 -0.131028262406404E+000 -0.142650215836922E+003
  0.100000000000000E+001  0.298913151164049E+003  0.184933692783404E+001  0.710979822361161E+000  0.411835816517170E+000  0.465061378224896E+000 -0.131028262406404E+000 -0.149456575582024E+003
  0.100000000000000E+001  0.287374354245875E+003  0.144440611642884E+001  0.179602042541853E+001  0.166006921875387E+000  0.178297183115834E+000 -0.131028262406404E+000 -0.143687177122938E+003
  0.100000000000000E+001  0.288017038138252E+003  0.112665626428005E+001  0.109381128653350E+001  0.812546661609981E-001  0.262192137650055E+000 -0.131028262406404E+000 -0.144008519069126E+003
  0.100000000000000E+001  0.298438389867647E+003  0.198903029517119E+001  0.704881350959940E+000  0.837380448631765E+000  0.411832514450037E+000 -0.131028262406404E+000 -0.149219194933823E+003
  0.100000000000000E+001  0.290685808210336E+003  0.189264904197696E+001  0.829134685647013E+000  0.468661468436902E+000  0.232124715584779E+000 -0.131028262406404E+000 -0.145342904105168E+003
  0.100000000000000E+001  0.290796499349788E+003  0.193674301541627E+001  0.150637291352270E+001  0.923192702713505E+000  0.225460512114582E+000 -0.131028262406404E+000 -0.145398249674894E+003
  0.100000000000000E+001  0.286543612181562E+003  0.163389968174362E+001  0.163693580325795E+001  0.367754599521392E+000  0.115734577594920E+000 -0.131028262406404E+000 -0.143271806090781E+003
  0.100000000000000E+001  0.290392287408315E+003  0.106311898379403E+001  0.168143088703384E+001  0.716081159455557E+000  0.452273523110569E+000 -0.131028262406404E+000 -0.145196143704157E+003
  0.100000000000000E+001  0.289634303962941E+003  0.845675952893701E+000  0.120193895725481E+001  0.145224274959041E+000  0.479232042650061E+000 -0.131028262406404E+000 -0.144817151981471E+003
  0.100000000000000E+001  0.293171918455752E+003  0.140765315847471E+001  0.193721822571609E+001  0.427282194424291E+000  0.483033725190682E+000 -0.131028262406404E+000 -0.146585959227876E+003
  0.100000000000000E+001  0.288529902466684E+003  0.976261369247906E+000  0.185794311643262E+001  0.597789384661317E+000  0.393561914758791E+000 -0.131028262406404E+000 -0.144264951233342E+003
  0.100000000000000E+001  0.291585386005109E+003  0.157356211850784E+001  0.187556380370062E+001  0.837071999157702E+000  0.331353674403161E+000 -0.131028262406404E+000 -0.145792693002555E+003
  0.100000000000000E+001  0.286133885802562E+003  0.810225388053141E+000  0.173589020720435E+001  0.588883681866458E+000  0.195356757000469E+000 -0.131028262406404E+000 -0.143066942901281E+003
  0.100000000000000E+001  0.288011543023990E+003  0.937468053846133E+000  0.122770512665263E+001  0.675399536365508E+000  0.318230105040735E+000 -0.131028262406404E+000 -0.144005771511995E+003
  0.100000000000000E+001  0.286089194311088E+003  0.101517138209798E+001  0.146542970546745E+001  0.945362655365109E+000  0.145985821279241E+000 -0.131028262406404E+000 -0.143044597155544E+003
  0.100000000000000E+001  0.290795604044275E+003  0.160500786372682E+001  0.735953747166958E+000  0.187201349730905E+000  0.287037171750289E+000 -0.131028262406404E+000 -0.145397802022137E+003
  0.100000000000000E+001  0.287812906954604E+003  0.149948505980781E+001  0.100178538352009E+001  0.659789043631435E+000  0.186372439301150E+000 -0.131028262406404E+000 -0.143906453477302E+003
  0.100000000000000E+001  0.286293843933162E+003  0.516497564481346E+000  0.127343824654694E+001  0.987139660997110E+000  0.327503951774819E+000 -0.131028262406404E+000 -0.143146921966581E+003
  0.100000000000000E+001  0.299229996760246E+003  0.185365057775108E+001  0.122051981891460E+001  0.273934739262969E+000  0.417190709472883E+000 -0.131028262406404E+000 -0.149614998380123E+003
  0.100000000000000E+001  0.285678160838421E+003  0.232972536818685E+000  0.857434423034381E+000  0.181898680078399E+000  0.405902367833604E+000 -0.131028262406404E+000 -0.142839080419210E+003
  0.100000000000000E+001  0.290117350303300E+003  0.118699613209584E+001  0.194370171166018E+001  0.744904286861405E+000  0.423114913916747E+000 -0.131028262406404E+000 -0.145058675151650E+003
  0.100000000000000E+001  0.296246615394141E+003  0.161552323438713E+001  0.678980605116735E+000  0.283975437715343E+000  0.478375802156527E+000 -0.131028262406404E+000 -0.148123307697071E+003
  0.100000000000000E+001  0.289099103272562E+003  0.993818582422519E+000  0.195657742803356E+001  0.298442343231721E+000  0.474507228326365E+000 -0.131028262406404E+000 -0.144549551636281E+003
  0.100000000000000E+001  0.287930846019435E+003  0.680268773359381E+000  0.105621313095970E+001  0.600384337302021E+000  0.438291669720383E+000 -0.131028262406404E+000 -0.143965423009717E+003
  0.100000000000000E+001  0.290471361411884E+003  0.160811339386578E+001  0.906010311021612E+000  0.548404431011560E+000  0.268448835379708E+000 -0.131028262406404E+000 -0.145235680705942E+003
  0.100000000000000E+001  0.286862188391949E+003  0.152327976399669E+001  0.158359082229670E+001  0.530828591245012E+000  0.141043489124823E+000 -0.131028262406404E+000 -0.143431094195975E+003
  0.100000000000000E+001  0.286037814600543E+003  0.447498597083783E+000  0.154634696335019E+001  0.588496256214447E+000  0.341345306118065E+000 -0.131028262406404E+000 -0.143018907300272E+003
  0.100000000000000E+001  0.286913725785107E+003  0.123702470016419E+001  0.170021281104160E+001  0.302220478430163E+000  0.180219759864205E+000 -0.131028262406404E+000 -0.143456862892553E+003
  0.100000000000000E+001  0.299196616045657E+003  0.174454775468938E+001  0.172408159221733E+001  0.472407223303580E+000  0.485482812383098E+000 -0.131028262406404E+000 -0.149598308022828E+003
  0.100000000000000E+001  0.296597973499303E+003  0.189296571794960E+001  0.122703423405680E+001  0.205342408434056E+000  0.355417688196847E+000 -0.131028262406404E+000 -0.148298986749652E+003
  0.100000000000000E+001  0.288336101413103E+003  0.185900494907419E+001  0.538115926842640E+000  0.919941098005122E+000  0.171355627039548E+000 -0.131028262406404E+000 -0.144168050706551E+003
  0.100000000000000E+001  0.286751069289187E+003  0.105777575184809E+001  0.184532179228220E+001  0.108802862928266E+000  0.204691846340176E+000 -0.131028262406404E+000 -0.143375534644593E+003
  0.100000000000000E+001  0.291802329780365E+003  0.125854511140861E+001  0.554150294695255E+000  0.441972011501517E+000  0.475067611765186E+000 -0.131028262406404E+000 -0.145901164890182E+003
  0.100000000000000E+001  0.286303090613628E+003  0.715056154476034E+000  0.130833373409668E+001  0.506135857078938E+000  0.236451439281085E+000 -0.131028262406404E+000 -0.143151545306814E+003
  0.100000000000000E+001  0.289233807263235E+003  0.125351583867515E+001  0.119488514907676E+001  0.458615031879492E+000  0.292214408093830E+000 -0.131028262406404E+000 -0.144616903631618E+003
  0.100000000000000E+001  0.287535382784278E+003  0.717320323351232E+000  0.808144945282022E+000  0.575615996626550E+000  0.383595887349828E+000 -0.131028262406404E+000 -0.143767691392139E+003
  0.100000000000000E+001  0.290069670122255E+003  0.179496066537868E+001  0.186994682997013E+001  0.949418630169878E+000  0.234206002291169E+000 -0.131028262406404E+000 -0.145034835061127E+003
  0.100000000000000E+001  0.287405658792051E+003  0.946301548557608E+000  0.179100910941015E+001  0.218747019344189E+000  0.293075793268645E+000 -0.131028262406404E+000 -0.143702829396026E+003
  0.100000000000000E+001  0.289290081063541E+003  0.195863272901051E+001  0.920650299801879E+000  0.156417274168001E+000  0.185477325145924E+000 -0.131028262406404E+000 -0.144645040531771E+003
  0.100000000000000E+001  0.285711486091476E+003  0.244659980675226E+000  0.112492179744104E+001  0.850302977265302E+000  0.411800854842623E+000 -0.131028262406404E+000 -0.142855743045738E+003
  0.100000000000000E+001  0.285352392219577E+003  0.229229006469779E+000  0.199717519422943E+001  0.470162026983856E+000  0.330928504295968E+000 -0.131028262406404E+000 -0.142676196109788E+003
  0.100000000000000E+001  0.285451878637780E+003  0.524628293985262E+000  0.173234044051334E+001  0.376651282138542E+000  0.138609201680159E+000 -0.131028262406404E+000 -0.142725939318890E+003
  0.100000000000000E+001  0.286603504435968E+003  0.548025653630976E+000  0.185706926167928E+001  0.200858648619216E+000  0.479069278131740E+000 -0.131028262406404E+000 -0.143301752217984E+003
  0.100000000000000E+001  0.288025397745496E+003  0.152944546274498E+001  0.547413582794518E+000  0.201912499216920E+000  0.198196526195791E+000 -0.131028262406404E+000 -0.144012698872748E+003
  0.100000000000000E+001  0.288883678838189E+003  0.199589109308345E+001  0.125260154313482E+001  0.574562887304826E+000  0.169621751066959E+000 -0.131028262406404E+000 -0.144441839419094E+003
  0.100000000000000E+001  0.294091543874806E+003  0.164783576577076E+001  0.999842378578574E+000  0.785420134336978E+000  0.362001467684185E+000 -0.131028262406404E+000 -0.147045771937403E+003
  0.100000000000000E+001  0.285240546905643E+003  0.197380133175551E+000  0.111164835203666E+001  0.620341832569171E+000  0.160584013639942E+000 -0.131028262406404E+000 -0.142620273452822E+003
  0.100000000000000E+001  0.286457085319936E+003  0.429738498240181E+000  0.949341072749095E+000  0.258026439764885E+000  0.420806428749743E+000 -0.131028262406404E+000 -0.143228542659968E+003
  0.100000000000000E+001  0.288789571467703E+003  0.792034587289608E+000  0.668884555045694E+000  0.631264607439836E+000  0.490808064665741E+000 -0.131028262406404E+000 -0.144394785733851E+003
  0.100000000000000E+001  0.295106302935093E+003  0.177809853986130E+001  0.135047662943648E+001  0.181093041102529E+000  0.349267136473081E+000 -0.131028262406404E+000 -0.147553151467546E+003
  0.100000000000000E+001  0.288651321517081E+003  0.820851234459721E+000  0.521097546908615E+000  0.625334738693006E+000  0.497125698392853E+000 -0.131028262406404E+000 -0.144325660758541E+003
  0.100000000000000E+001  0.297874455147240E+003  0.190926883022033E+001  0.178582856531487E+001  0.496163978478898E+000  0.405393694236657E+000 -0.131028262406404E+000 -0.148937227573620E+003
  0.100000000000000E+001  0.285843238531355E+003  0.974015489621267E+000  0.165725890190392E+001  0.696906331692757E+000  0.126402315337310E+000 -0.131028262406404E+000 -0.142921619265678E+003
  0.100000000000000E+001  0.293851892487688E+003  0.146050931434768E+001  0.122394098190187E+001  0.157932710429899E+000  0.401158613341831E+000 -0.131028262406404E+000 -0.146925946243844E+003
  0.100000000000000E+001  0.285961362552892E+003  0.386817211507983E+000  0.165877820287563E+001  0.523378597057781E+000  0.402336250142206E+000 -0.131028262406404E+000 -0.142980681276446E+003
  0.100000000000000E+001  0.288908052612629E+003  0.981410329118358E+000  0.148608564893200E+001  0.229319731463093E+000  0.371626625629788E+000 -0.131028262406404E+000 -0.144454026306315E+003
  0.100000000000000E+001  0.285274669367295E+003  0.303892760503689E+000  0.125541581664335E+001  0.836561411317124E+000  0.129719958979166E+000 -0.131028262406404E+000 -0.142637334683647E+003
  0.100000000000000E+001  0.286272281792746E+003  0.461480046268196E+000  0.760819209288062E+000  0.991328101742055E+000  0.360025952319856E+000 -0.131028262406404E+000 -0.143136140896373E+003
  0.100000000000000E+001  0.294049371241569E+003  0.129318489726559E+001  0.121224039881116E+001  0.222068571082718E+000  0.469836448069673E+000 -0.131028262406404E+000 -0.147024685620785E+003
  0.100000000000000E+001  0.289304339966581E+003  0.108006218207397E+001  0.116852359480965E+001  0.579488263897558E+000  0.347268909692844E+000 -0.131028262406404E+000 -0.144652169983290E+003
  0.100000000000000E+001  0.291997752818122E+003  0.151527519097632E+001  0.137486546006401E+001  0.169284554060016E+000  0.330374523738159E+000 -0.131028262406404E+000 -0.145998876409061E+003
  0.100000000000000E+001  0.287062727767203E+003  0.185251661580046E+001  0.855469240415266E+000  0.468325642264514E+000  0.122969813315771E+000 -0.131028262406404E+000 -0.143531363883601E+003
  0.100000000000000E+001  0.304504828012166E+003  0.190855962573005E+001  0.125580962594699E+001  0.309614751678596E+000  0.499829575769112E+000 -0.131028262406404E+000 -0.152252414006083E+003
  0.100000000000000E+001  0.287553759262183E+003  0.145528336402671E+001  0.129552230221946E+001  0.450118778038304E+000  0.180274903586496E+000 -0.131028262406404E+000 -0.143776879631091E+003
  0.100000000000000E+001  0.288530941816875E+003  0.841495714807104E+000  0.168383351552918E+001  0.341800996705333E-002  0.445901478209902E+000 -0.131028262406404E+000 -0.144265470908438E+003
  0.100000000000000E+001  0.286853569076147E+003  0.143496880860581E+001  0.143245143029243E+001  0.880409056782253E+000  0.148655761542091E+000 -0.131028262406404E+000 -0.143426784538074E+003
  0.100000000000000E+001  0.286185391833505E+003  0.108739408524049E+001  0.199489661329683E+001  0.407442723240503E+000  0.150754730136110E+000 -0.131028262406404E+000 -0.143092695916752E+003
  0.100000000000000E+001  0.290598047069422E+003  0.119863262256354E+001  0.814128562839194E+000  0.367774501286719E+000  0.386281947945221E+000 -0.131028262406404E+000 -0.145299023534711E+003
  0.100000000000000E+001  0.285306336923767E+003  0.119314293886857E+000  0.135646617218181E+001  0.802555735276850E+000  0.372808235092469E+000 -0.131028262406404E+000 -0.142653168461883E+003
  0.100000000000000E+001  0.287325438044455E+003  0.159834848520706E+001  0.182931440172658E+001  0.468275445619264E+000  0.158018907963328E+000 -0.131028262406404E+000 -0.143662719022228E+003
  0.100000000000000E+001  0.286549709136706E+003  0.142605487658102E+001  0.164501871771907E+001  0.230518757117298E+000  0.133572974413635E+000 -0.131028262406404E+000 -0.143274854568353E+003
  0.100000000000000E+001  0.288174977340683E+003  0.174911559708398E+001  0.179927909994438E+001  0.140624275984826E+000  0.175730377374143E+000 -0.131028262406404E+000 -0.144087488670342E+003
  0.100000000000000E+001  0.287184616206709E+003  0.880430251618544E+000  0.877596005549151E+000  0.679718886744011E-001  0.275139118374225E+000 -0.131028262406404E+000 -0.143592308103354E+003
  0.100000000000000E+001  0.287527069800045E+003  0.171074260824762E+001  0.190508150725311E+001  0.622316085423277E-001  0.156267780699046E+000 -0.131028262406404E+000 -0.143763534900022E+003
  0.100000000000000E+001  0.286518280390727E+003  0.116351757135093E+001  0.132094234219356E+001  0.721395527088924E+000  0.160220425637070E+000 -0.131028262406404E+000 -0.143259140195363E+003
  0.100000000000000E+001  0.286706821879699E+003  0.884628171833158E+000  0.170441285575759E+001  0.612394998349891E+000  0.240491662441592E+000 -0.131028262406404E+000 -0.143353410939849E+003
  0.100000000000000E+001  0.290099830165880E+003  0.111744945463527E+001  0.739434766379599E+000  0.620470013645588E+000  0.399584372758430E+000 -0.131028262406404E+000 -0.145049915082940E+003
  0.100000000000000E+001  0.285709190813032E+003  0.847220217475682E+000  0.192806777072608E+001  0.975662842498206E+000  0.129303038028095E+000 -0.131028262406404E+000 -0.142854595406516E+003
  0.100000000000000E+001  0.287810390220099E+003  0.153824857523570E+001  0.144882254214282E+001  0.577346913732670E+000  0.181898384779905E+000 -0.131028262406404E+000 -0.143905195110049E+003
  0.100000000000000E+001  0.287787729385858E+003  0.736168634156675E+000  0.156856076210713E+001  0.158102150092028E+000  0.419194991885937E+000 -0.131028262406404E+000 -0.143893864692929E+003
  0.100000000000000E+001  0.287352362023592E+003  0.894437758170744E+000  0.187858365524985E+001  0.381024050098593E+000  0.319545782033562E+000 -0.131028262406404E+000 -0.143676181011796E+003
  0.100000000000000E+001  0.287244518580253E+003  0.680209345909927E+000  0.725354566830303E+000  0.134880146315426E-001  0.376593706280911E+000 -0.131028262406404E+000 -0.143622259290127E+003
  0.100000000000000E+001  0.287263356151258E+003  0.175834566241539E+001  0.537439267759945E+000  0.867952226033868E+000  0.139816561902579E+000 -0.131028262406404E+000 -0.143631678075629E+003
  0.100000000000000E+001  0.285293882670441E+003  0.173632356102970E+000  0.104069266496424E+001  0.352627711724794E+000  0.235864892823475E+000 -0.131028262406404E+000 -0.142646941335221E+003
  0.100000000000000E+001  0.285541757404424E+003  0.563477448790578E+000  0.190942469479421E+001  0.302603091787639E+000  0.157399607476447E+000 -0.131028262406404E+000 -0.142770878702212E+003
  0.100000000000000E+001  0.289166301245473E+003  0.182127473869647E+001  0.157500415522098E+001  0.476542669919621E+000  0.196789014111191E+000 -0.131028262406404E+000 -0.144583150622736E+003
  0.100000000000000E+001  0.292663539484902E+003  0.158233915341154E+001  0.184829156283610E+001  0.165567170802600E+000  0.364702527806297E+000 -0.131028262406404E+000 -0.146331769742451E+003
  0.100000000000000E+001  0.285539988117447E+003  0.717849698526588E+000  0.875012272571908E+000  0.487563803798481E-001  0.115541634070024E+000 -0.131028262406404E+000 -0.142769994058724E+003
  0.100000000000000E+001  0.291198338571150E+003  0.182305353359489E+001  0.130764443793475E+001  0.481696486000058E+000  0.249093556347739E+000 -0.131028262406404E+000 -0.145599169285575E+003
  0.100000000000000E+001  0.290031656231454E+003  0.136431839784814E+001  0.894900443387062E+000  0.496333451953342E+000  0.304834609859250E+000 -0.131028262406404E+000 -0.145015828115727E+003
  0.100000000000000E+001  0.285631432636300E+003  0.482882238625447E+000  0.168440631832173E+001  0.466471878932049E+000  0.208945491096358E+000 -0.131028262406404E+000 -0.142815716318150E+003
  0.100000000000000E+001  0.292029630790351E+003  0.168808398515110E+001  0.873790731229891E+000  0.491334601570188E+000  0.301827699152564E+000 -0.131028262406404E+000 -0.146014815395175E+003
  0.100000000000000E+001  0.289314408460240E+003  0.795449850159852E+000  0.987636690246883E+000  0.679071467211316E+000  0.491070883291997E+000 -0.131028262406404E+000 -0.144657204230120E+003
  0.100000000000000E+001  0.286764908193308E+003  0.112929138296417E+001  0.101784886226884E+001  0.557132357146796E+000  0.182651817129317E+000 -0.131028262406404E+000 -0.143382454096654E+003
  0.100000000000000E+001  0.295244319479771E+003  0.151525840216164E+001  0.181014153789688E+001  0.388470800370571E+000  0.480403161913008E+000 -0.131028262406404E+000 -0.147622159739886E+003
  0.100000000000000E+001  0.287672144313808E+003  0.887996706008229E+000  0.163446253464833E+001  0.784342638288678E+000  0.328656916673442E+000 -0.131028262406404E+000 -0.143836072156904E+003
  0.100000000000000E+001  0.291549715927689E+003  0.153797584740324E+001  0.128509147809121E+001  0.249015153066713E+000  0.310358684146503E+000 -0.131028262406404E+000 -0.145774857963845E+003
  0.100000000000000E+001  0.289445057143768E+003  0.135080325387639E+001  0.838012885307321E+000  0.242312779788634E+000  0.285424820568288E+000 -0.131028262406404E+000 -0.144722528571884E+003
  0.100000000000000E+001  0.290854621166537E+003  0.122191726742561E+001  0.193390319998672E+001  0.412626488936296E+000  0.452734213885422E+000 -0.131028262406404E+000 -0.145427310583268E+003
  0.100000000000000E+001  0.286977814666032E+003  0.181563559529600E+001  0.117978998512039E+001  0.523102265466563E+000  0.121701152925609E+000 -0.131028262406404E+000 -0.143488907333016E+003
  0.100000000000000E+001  0.286184804473024E+003  0.105083520824023E+001  0.199758736848075E+001  0.477685731691604E+000  0.156626389685079E+000 -0.131028262406404E+000 -0.143092402236512E+003
  0.100000000000000E+001  0.292463648964134E+003  0.188821947730935E+001  0.198015724379191E+001  0.494569980228662E+000  0.294730655039743E+000 -0.131028262406404E+000 -0.146231824482067E+003
  0.100000000000000E+001  0.285359583388741E+003  0.543132357970321E+000  0.649431590402138E+000  0.983350803735205E+000  0.101176212387877E+000 -0.131028262406404E+000 -0.142679791694371E+003
  0.100000000000000E+001  0.285256809007317E+003  0.152733862111116E+000  0.195360907768936E+001  0.455230239252364E+000  0.492364496025937E+000 -0.131028262406404E+000 -0.142628404503658E+003
  0.100000000000000E+001  0.285330858236201E+003  0.206502326422217E+000  0.174242862775490E+001  0.556379372287163E-002  0.276162594753405E+000 -0.131028262406404E+000 -0.142665429118100E+003
  0.100000000000000E+001  0.290596097860688E+003  0.122833570911658E+001  0.564047636301220E+000  0.447182389176201E+000  0.410655971290149E+000 -0.131028262406404E+000 -0.145298048930344E+003
  0.100000000000000E+001  0.292187026677418E+003  0.161430768958874E+001  0.969356931697563E+000  0.574390000687702E+000  0.317868292013835E+000 -0.131028262406404E+000 -0.146093513338709E+003
  0.100000000000000E+001  0.293700906388640E+003  0.190968532414540E+001  0.115922846137234E+001  0.552698976269395E+000  0.293556632079587E+000 -0.131028262406404E+000 -0.146850453194320E+003
  0.100000000000000E+001  0.289497423397947E+003  0.129803381276471E+001  0.545987315786483E+000  0.464027801823361E+000  0.322007155150405E+000 -0.131028262406404E+000 -0.144748711698973E+003
  0.100000000000000E+001  0.286758595760794E+003  0.650621988141374E+000  0.125785647136477E+001  0.461273331848041E+000  0.322400673603710E+000 -0.131028262406404E+000 -0.143379297880397E+003
  0.100000000000000E+001  0.285838723842838E+003  0.717468676691064E+000  0.566276399703544E+000  0.756157876229051E+000  0.168972612731799E+000 -0.131028262406404E+000 -0.142919361921419E+003
  0.100000000000000E+001  0.290598514461723E+003  0.142161442278212E+001  0.634470109895372E+000  0.488399799746930E+000  0.331519137930515E+000 -0.131028262406404E+000 -0.145299257230862E+003
  0.100000000000000E+001  0.292516694775991E+003  0.164217396887536E+001  0.186924989488010E+001  0.516047986144257E+000  0.344306516679880E+000 -0.131028262406404E+000 -0.146258347387996E+003
  0.100000000000000E+001  0.285399612086940E+003  0.270560726003726E+000  0.143924077616590E+001  0.632980323756579E+000  0.233573110671863E+000 -0.131028262406404E+000 -0.142699806043470E+003
  0.100000000000000E+001  0.285782558786533E+003  0.716146870905809E+000  0.159930693618175E+001  0.457453770348294E+000  0.163213996424971E+000 -0.131028262406404E+000 -0.142891279393267E+003
  0.100000000000000E+001  0.285526651894063E+003  0.418276347266135E+000  0.888340669231352E+000  0.267724190843280E-001  0.190953921626066E+000 -0.131028262406404E+000 -0.142763325947031E+003
  0.100000000000000E+001  0.286250660393845E+003  0.839477598063934E+000  0.896714191727650E+000  0.612023633881756E+000  0.193737275326836E+000 -0.131028262406404E+000 -0.143125330196922E+003
  0.100000000000000E+001  0.288910008673487E+003  0.829200926684044E+000  0.924129876557119E+000  0.477833821361840E+000  0.441240571718338E+000 -0.131028262406404E+000 -0.144455004336744E+003
  0.100000000000000E+001  0.294715096504861E+003  0.191354278955589E+001  0.143788747424059E+001  0.295531349001432E-001  0.314380463338564E+000 -0.131028262406404E+000 -0.147357548252431E+003
  0.100000000000000E+001  0.286133790338736E+003  0.802481812504464E+000  0.601744484987712E+000  0.855897610661029E+000  0.191056513283823E+000 -0.131028262406404E+000 -0.143066895169368E+003
  0.100000000000000E+001  0.286311922583795E+003  0.165608181480223E+001  0.134625053001260E+001  0.513493199855621E+000  0.101277725610899E+000 -0.131028262406404E+000 -0.143155961291897E+003
  0.100000000000000E+001  0.285688181297576E+003  0.546642347924261E+000  0.177341246281019E+001  0.884997647336779E+000  0.200224415625802E+000 -0.131028262406404E+000 -0.142844090648788E+003
  0.100000000000000E+001  0.287698977511305E+003  0.710049975992669E+000  0.133285380720388E+001  0.403340040080507E+000  0.402243527632214E+000 -0.131028262406404E+000 -0.143849488755653E+003
  0.100000000000000E+001  0.288742850746798E+003  0.107902120554149E+001  0.888381047465396E+000  0.441067117640570E+000  0.322353116638357E+000 -0.131028262406404E+000 -0.144371425373399E+003
  0.100000000000000E+001  0.286911962667240E+003  0.568660921291435E+000  0.175988311822803E+001  0.682646085403327E+000  0.487974287479642E+000 -0.131028262406404E+000 -0.143455981333620E+003
  0.100000000000000E+001  0.287253172281173E+003  0.722866385294375E+000  0.182138690631030E+001  0.644374935606965E+000  0.407821012464948E+000 -0.131028262406404E+000 -0.143626586140587E+003
  0.100000000000000E+001  0.289606500536882E+003  0.118459992897501E+001  0.118305609949028E+001  0.307655376528207E+000  0.328477641666765E+000 -0.131028262406404E+000 -0.144803250268441E+003
  0.100000000000000E+001  0.287275404133750E+003  0.557397592899982E+000  0.702571495133631E+000  0.704902668117658E+000  0.476652546848145E+000 -0.131028262406404E+000 -0.143637702066875E+003
  0.100000000000000E+001  0.287326325454343E+003  0.681032276784918E+000  0.114574003631926E+001  0.317592818573567E+000  0.372138998069580E+000 -0.131028262406404E+000 -0.143663162727171E+003
  0.100000000000000E+001  0.289122816882404E+003  0.915345953056297E+000  0.886231747340562E+000  0.612294228576716E+000  0.413890647694441E+000 -0.131028262406404E+000 -0.144561408441202E+003
  0.100000000000000E+001  0.296560415898320E+003  0.173352527039479E+001  0.197718421951296E+001  0.175167313913437E+000  0.474287925198402E+000 -0.131028262406404E+000 -0.148280207949160E+003
  0.100000000000000E+001  0.286835971523188E+003  0.121319261189916E+001  0.171211211268302E+001  0.413216149887380E+000  0.178994722823742E+000 -0.131028262406404E+000 -0.143417985761594E+003
  0.100000000000000E+001  0.298496122407378E+003  0.174931946628111E+001  0.145128903367181E+001  0.552195763380608E+000  0.435526501260197E+000 -0.131028262406404E+000 -0.149248061203689E+003
  0.100000000000000E+001  0.285791886972475E+003  0.751449452076505E+000  0.108965757063457E+001  0.540204227877113E+000  0.152953622254870E+000 -0.131028262406404E+000 -0.142895943486238E+003
  0.100000000000000E+001  0.286208385001325E+003  0.808869371915821E+000  0.196370531890708E+001  0.157551898316676E+000  0.214923050105235E+000 -0.131028262406404E+000 -0.143104192500663E+003
  0.100000000000000E+001  0.286650128001860E+003  0.173877901665567E+001  0.119082419648507E+001  0.851308192735605E+000  0.112706520328179E+000 -0.131028262406404E+000 -0.143325064000930E+003
  0.100000000000000E+001  0.287252265550300E+003  0.897432248250785E+000  0.125810578477680E+001  0.720512624470968E-001  0.273824799013953E+000 -0.131028262406404E+000 -0.143626132775150E+003
  0.100000000000000E+001  0.287544010584107E+003  0.131606459404358E+001  0.186465828518831E+001  0.383694655420794E+000  0.209235099356626E+000 -0.131028262406404E+000 -0.143772005292054E+003
  0.100000000000000E+001  0.285523323270455E+003  0.337089767399156E+000  0.125426302551662E+001  0.556223620419428E-001  0.238565109884844E+000 -0.131028262406404E+000 -0.142761661635228E+003
  0.100000000000000E+001  0.285885931399681E+003  0.119472545976741E+001  0.141922431955928E+001  0.579130608019413E+000  0.105702710199290E+000 -0.131028262406404E+000 -0.142942965699841E+003
  0.100000000000000E+001  0.287045126101430E+003  0.562016131063616E+000  0.156919958738163E+001  0.873340329823511E+000  0.460731556985321E+000 -0.131028262406404E+000 -0.143522563050715E+003
  0.100000000000000E+001  0.298527255725476E+003  0.186261436736576E+001  0.581500267924113E+000  0.826037300670386E+000  0.487572862831090E+000 -0.131028262406404E+000 -0.149263627862738E+003
  0.100000000000000E+001  0.288800507964190E+003  0.873097376562080E+000  0.859510077902494E+000  0.565141071165107E+000  0.413222768685173E+000 -0.131028262406404E+000 -0.144400253982095E+003
  0.100000000000000E+001  0.287120256445484E+003  0.924705615145856E+000  0.709138120991244E+000  0.144127195164006E-001  0.260206200749278E+000 -0.131028262406404E+000 -0.143560128222742E+003
  0.100000000000000E+001  0.290439538543548E+003  0.141506262751407E+001  0.153236336050154E+001  0.115797024747482E+000  0.307000589703215E+000 -0.131028262406404E+000 -0.145219769271774E+003
  0.100000000000000E+001  0.293666069894488E+003  0.189103742434354E+001  0.197957334907675E+001  0.870567471429562E+000  0.328268071477949E+000 -0.131028262406404E+000 -0.146833034947244E+003
  0.100000000000000E+001  0.287612678740639E+003  0.179657833614229E+001  0.145157326922314E+001  0.410208552246847E+000  0.147846465629813E+000 -0.131028262406404E+000 -0.143806339370320E+003
  0.100000000000000E+001  0.289383454227607E+003  0.118576128942992E+001  0.192181749394653E+001  0.103380338617932E+000  0.365446346764317E+000 -0.131028262406404E+000 -0.144691727113803E+003
  0.100000000000000E+001  0.286426081212716E+003  0.873895513409433E+000  0.170541715883027E+001  0.867237612014434E+000  0.213217047630507E+000 -0.131028262406404E+000 -0.143213040606358E+003
  0.100000000000000E+001  0.288632706425982E+003  0.135687505496778E+001  0.726420559230819E+000  0.142572140177811E+000  0.250987673934268E+000 -0.131028262406404E+000 -0.144316353212991E+003
  0.100000000000000E+001  0.286272406658168E+003  0.161250764139555E+001  0.882377708538672E+000  0.905237999844239E+000  0.101699307953358E+000 -0.131028262406404E+000 -0.143136203329084E+003
  0.100000000000000E+001  0.287238263279617E+003  0.844088551246972E+000  0.166306383577905E+001  0.100873399513659E+000  0.308263165500492E+000 -0.131028262406404E+000 -0.143619131639808E+003
  0.100000000000000E+001  0.285521757495686E+003  0.284810826250615E+000  0.195389033060662E+001  0.607328475442596E+000  0.479794501163959E+000 -0.131028262406404E+000 -0.142760878747843E+003
  0.100000000000000E+001  0.285754746502587E+003  0.472692534293813E+000  0.926282099477661E+000  0.329059566957516E+000  0.231343608861021E+000 -0.131028262406404E+000 -0.142877373251294E+003
  0.100000000000000E+001  0.287303500013544E+003  0.963558691257378E+000  0.181745223501705E+001  0.233936659295788E+000  0.279236343262846E+000 -0.131028262406404E+000 -0.143651750006772E+003
  0.100000000000000E+001  0.292323006373679E+003  0.195367822495081E+001  0.553473409938331E+000  0.197438259751510E+000  0.280436562352163E+000 -0.131028262406404E+000 -0.146161503186839E+003
  0.100000000000000E+001  0.289588587576682E+003  0.126480694689903E+001  0.125418829678923E+001  0.703075670196724E+000  0.305159303827070E+000 -0.131028262406404E+000 -0.144794293788341E+003
  0.100000000000000E+001  0.287026690094649E+003  0.181396448676445E+001  0.159505720817902E+001  0.945835813671303E+000  0.124700486880431E+000 -0.131028262406404E+000 -0.143513345047324E+003
  0.100000000000000E+001  0.285321786041416E+003  0.134181921576169E+000  0.153414580286445E+001  0.632254614592215E+000  0.391575581467937E+000 -0.131028262406404E+000 -0.142660893020708E+003
  0.100000000000000E+001  0.289044404122019E+003  0.931199000650464E+000  0.122509599675063E+001  0.233395204082215E+000  0.391993102464685E+000 -0.131028262406404E+000 -0.144522202061010E+003
  0.100000000000000E+001  0.286283328102311E+003  0.468086262163009E+000  0.135095093854957E+001  0.170567513969541E+000  0.365191750055008E+000 -0.131028262406404E+000 -0.143141664051155E+003
  0.100000000000000E+001  0.290470099420447E+003  0.118847984125197E+001  0.121852638056247E+001  0.815428014358319E+000  0.367042733250164E+000 -0.131028262406404E+000 -0.145235049710223E+003
  0.100000000000000E+001  0.289529172937029E+003  0.880630228480148E+000  0.867938798571394E+000  0.387553793414281E+000  0.464658504240331E+000 -0.131028262406404E+000 -0.144764586468514E+003
  0.100000000000000E+001  0.291472585584765E+003  0.126519859915988E+001  0.165729056266362E+001  0.940115225954578E+000  0.407198907118816E+000 -0.131028262406404E+000 -0.145736292792382E+003
  0.100000000000000E+001  0.285472679754085E+003  0.381886783819049E+000  0.126864606086716E+001  0.369010494021372E+000  0.192047271556129E+000 -0.131028262406404E+000 -0.142736339877042E+003
  0.100000000000000E+001  0.287377526649589E+003  0.869789292667038E+000  0.685881417398397E+000  0.280917701160756E+000  0.303589340167166E+000 -0.131028262406404E+000 -0.143688763324794E+003
  0.100000000000000E+001  0.293227823937126E+003  0.165284269923160E+001  0.101354681422654E+001  0.651446022890569E+000  0.336800070202558E+000 -0.131028262406404E+000 -0.146613911968563E+003
  0.100000000000000E+001  0.286131298417468E+003  0.981576830216317E+000  0.165542986661174E+001  0.943445118123857E+000  0.157318075210607E+000 -0.131028262406404E+000 -0.143065649208734E+003
  0.100000000000000E+001  0.293459860072933E+003  0.158009063138929E+001  0.107489230577796E+001  0.995350497363674E+000  0.358697805460088E+000 -0.131028262406404E+000 -0.146729930036466E+003
  0.100000000000000E+001  0.287033410104877E+003  0.565037722901544E+000  0.147411468110952E+001  0.837993426933718E+000  0.437263774011092E+000 -0.131028262406404E+000 -0.143516705052438E+003
  0.100000000000000E+001  0.287012533101582E+003  0.100685677758566E+001  0.170282218063363E+001  0.384423442271904E+000  0.234220263813872E+000 -0.131028262406404E+000 -0.143506266550791E+003
  0.100000000000000E+001  0.285886443204645E+003  0.484895696037579E+000  0.170473682315902E+001  0.849260781488183E+000  0.285213845847159E+000 -0.131028262406404E+000 -0.142943221602322E+003
  0.100000000000000E+001  0.294336000878075E+003  0.146567458666818E+001  0.187634404567617E+001  0.645143783671371E-001  0.486867169170321E+000 -0.131028262406404E+000 -0.147168000439038E+003
  0.100000000000000E+001  0.285615712811423E+003  0.185812393935719E+000  0.867168727722563E+000  0.761076768193678E+000  0.454225378049046E+000 -0.131028262406404E+000 -0.142807856405712E+003
  0.100000000000000E+001  0.285864347260135E+003  0.977715970987405E+000  0.116239257217069E+001  0.474584781183067E+000  0.126179879666606E+000 -0.131028262406404E+000 -0.142932173630067E+003
  0.100000000000000E+001  0.297238885066868E+003  0.183983186716407E+001  0.827043896447563E+000  0.555985613729524E+000  0.405588221021231E+000 -0.131028262406404E+000 -0.148619442533434E+003
  0.100000000000000E+001  0.286529372989695E+003  0.176458657386906E+001  0.792729834890463E+000  0.884922460749230E-001  0.105718831193273E+000 -0.131028262406404E+000 -0.143264686494847E+003
  0.100000000000000E+001  0.288392854643149E+003  0.121716373777989E+001  0.127741522726277E+001  0.437725967823572E+000  0.261182699162279E+000 -0.131028262406404E+000 -0.144196427321575E+003
  0.100000000000000E+001  0.286977361323659E+003  0.158744848206489E+001  0.132049835618548E+001  0.670941500045358E+000  0.139607967125631E+000 -0.131028262406404E+000 -0.143488680661829E+003
  0.100000000000000E+001  0.291630562289235E+003  0.181280375168784E+001  0.678772331629561E+000  0.451798980825219E+000  0.276935758828463E+000 -0.131028262406404E+000 -0.145815281144617E+003
  0.100000000000000E+001  0.288088324262461E+003  0.108389474141664E+001  0.147639974041340E+001  0.296637158497453E+000  0.281770755461601E+000 -0.131028262406404E+000 -0.144044162131230E+003
  0.100000000000000E+001  0.287047285125179E+003  0.181485938913219E+001  0.182270204903015E+001  0.940532960196570E+000  0.126725243166847E+000 -0.131028262406404E+000 -0.143523642562590E+003
  0.100000000000000E+001  0.289642991187398E+003  0.135353071674301E+001  0.131279963479515E+001  0.213058210512662E+000  0.286082134124656E+000 -0.131028262406404E+000 -0.144821495593699E+003
  0.100000000000000E+001  0.287718871161680E+003  0.624784024925235E+000  0.916473139964437E+000  0.880668089097806E+000  0.459179390548100E+000 -0.131028262406404E+000 -0.143859435580840E+003
  0.100000000000000E+001  0.286518236521242E+003  0.179728449343538E+001  0.824071847558809E+000  0.975936166313150E+000  0.103205911634848E+000 -0.131028262406404E+000 -0.143259118260621E+003
  0.100000000000000E+001  0.290689921911566E+003  0.179717363500895E+001  0.121922970452015E+001  0.281987394398648E+000  0.239819556224981E+000 -0.131028262406404E+000 -0.145344960955783E+003
  0.100000000000000E+001  0.289246850780469E+003  0.110787051993097E+001  0.177499047770060E+001  0.519492923625760E+000  0.367789741412150E+000 -0.131028262406404E+000 -0.144623425390234E+003
  0.100000000000000E+001  0.286305330870399E+003  0.421890343698013E+000  0.790091611207571E+000  0.987722574949890E+000  0.399670656753454E+000 -0.131028262406404E+000 -0.143152665435199E+003
  0.100000000000000E+001  0.287909178621937E+003  0.166921898111096E+001  0.669265411235572E+000  0.625775901487659E+000  0.173424290166408E+000 -0.131028262406404E+000 -0.143954589310968E+003
  0.100000000000000E+001  0.293404442019119E+003  0.185819102562692E+001  0.139956686169183E+001  0.371252876069989E+000  0.295829337411437E+000 -0.131028262406404E+000 -0.146702221009559E+003
  0.100000000000000E+001  0.285293546296547E+003  0.375127539107070E+000  0.609458231846034E+000  0.844509634618086E+000  0.113632461965755E+000 -0.131028262406404E+000 -0.142646773148273E+003
  0.100000000000000E+001  0.287125164788956E+003  0.106120537618004E+001  0.172050939116690E+001  0.203542751157777E+000  0.230142390075295E+000 -0.131028262406404E+000 -0.143562582394478E+003
  0.100000000000000E+001  0.295913291071914E+003  0.161474961846552E+001  0.144126231914449E+001  0.382924468179204E+000  0.414751443287050E+000 -0.131028262406404E+000 -0.147956645535957E+003
  0.100000000000000E+001  0.301809061785800E+003  0.198230446765955E+001  0.105914802671995E+001  0.223986655670906E+000  0.438201106511952E+000 -0.131028262406404E+000 -0.150904530892900E+003
  0.100000000000000E+001  0.287667550726062E+003  0.104907156260193E+001  0.169202015409398E+001  0.190482768409479E+000  0.272887493824116E+000 -0.131028262406404E+000 -0.143833775363031E+003
  0.100000000000000E+001  0.286155276741656E+003  0.133427049136770E+001  0.107574607911446E+001  0.869634419732258E+000  0.114703034673043E+000 -0.131028262406404E+000 -0.143077638370828E+003
  0.100000000000000E+001  0.285378281995932E+003  0.194463848885092E+000  0.102287994430719E+001  0.547868236407149E+000  0.282142537754904E+000 -0.131028262406404E+000 -0.142689140997966E+003
  0.100000000000000E+001  0.292854436789896E+003  0.174248771761894E+001  0.141283423246525E+001  0.412475397596043E+000  0.304717375749419E+000 -0.131028262406404E+000 -0.146427218394948E+003
  0.100000000000000E+001  0.285929425639060E+003  0.635082441871234E+000  0.156461676636542E+001  0.722717854809277E+000  0.212404085534895E+000 -0.131028262406404E+000 -0.142964712819530E+003
  0.100000000000000E+001  0.285195118132000E+003  0.183742279735925E+000  0.192073681197526E+001  0.492303912680752E+000  0.127623603566372E+000 -0.131028262406404E+000 -0.142597559066000E+003
  0.100000000000000E+001  0.295562354123094E+003  0.172907996233172E+001  0.122265629037894E+001  0.873116621461744E+000  0.371155000003080E+000 -0.131028262406404E+000 -0.147781177061547E+003
  0.100000000000000E+001  0.296770075115260E+003  0.170185162009681E+001  0.167120740343388E+001  0.696651842234139E+000  0.428165369670087E+000 -0.131028262406404E+000 -0.148385037557630E+003
  0.100000000000000E+001  0.296936613623520E+003  0.181631105565239E+001  0.546507934720291E+000  0.638437931400129E-001  0.464414291741779E+000 -0.131028262406404E+000 -0.148468306811760E+003
  0.100000000000000E+001  0.295508839382547E+003  0.186108945368717E+001  0.193629697136997E+001  0.108408296404161E+000  0.382334919501124E+000 -0.131028262406404E+000 -0.147754419691273E+003
  0.100000000000000E+001  0.286229281150352E+003  0.152162754151893E+001  0.160983321458122E+001  0.293855405187260E+000  0.105994010116774E+000 -0.131028262406404E+000 -0.143114640575176E+003
  0.100000000000000E+001  0.292713423866256E+003  0.128623067385663E+001  0.161424463746875E+001  0.393416615835904E+000  0.448116511613338E+000 -0.131028262406404E+000 -0.146356711933128E+003
  0.100000000000000E+001  0.286296675497753E+003  0.965080305040202E+000  0.174993175512494E+001  0.232693606161590E+000  0.179034146406398E+000 -0.131028262406404E+000 -0.143148337748877E+003
  0.100000000000000E+001  0.286040708516239E+003  0.473744798318656E+000  0.897677621266908E+000  0.578641395598271E-001  0.297536306188731E+000 -0.131028262406404E+000 -0.143020354258119E+003
  0.100000000000000E+001  0.285302293231544E+003  0.190049075409344E+000  0.117015409258674E+001  0.968164576350924E+000  0.228426347383893E+000 -0.131028262406404E+000 -0.142651146615772E+003
  0.100000000000000E+001  0.286507940948312E+003  0.668834570837894E+000  0.194534328495089E+001  0.158815346267403E+000  0.338915337986430E+000 -0.131028262406404E+000 -0.143253970474156E+003
  0.100000000000000E+001  0.285944142579603E+003  0.100988616024394E+001  0.127191634498396E+001  0.903568805027532E+000  0.130982337872536E+000 -0.131028262406404E+000 -0.142972071289801E+003
  0.100000000000000E+001  0.290779525490705E+003  0.123081520103879E+001  0.923015916996789E+000  0.130742547815701E+000  0.374884120446063E+000 -0.131028262406404E+000 -0.145389762745352E+003
  0.100000000000000E+001  0.287838017601934E+003  0.917294170215461E+000  0.874507137660242E+000  0.631941458168761E-001  0.316981810652694E+000 -0.131028262406404E+000 -0.143919008800967E+003
  0.100000000000000E+001  0.288620758101456E+003  0.181035444301161E+001  0.117821570595057E+001  0.559029094910736E+000  0.179619368943182E+000 -0.131028262406404E+000 -0.144310379050728E+003
  0.100000000000000E+001  0.291068737627419E+003  0.169370737832510E+001  0.148230567570290E+001  0.935747641696254E+000  0.268103688910364E+000 -0.131028262406404E+000 -0.145534368813710E+003
  0.100000000000000E+001  0.288358297543273E+003  0.117901726586579E+001  0.802176614830189E+000  0.620186972319285E+000  0.274431867632524E+000 -0.131028262406404E+000 -0.144179148771637E+003
  0.100000000000000E+001  0.286173455006668E+003  0.384717437142021E+000  0.941528048498984E+000  0.395692210212826E+000  0.397474816329652E+000 -0.131028262406404E+000 -0.143086727503334E+003
  0.100000000000000E+001  0.285674286195823E+003  0.570310945798392E+000  0.160179729441963E+001  0.337067319485566E+000  0.182840547542108E+000 -0.131028262406404E+000 -0.142837143097912E+003
  0.100000000000000E+001  0.285886950191206E+003  0.123934757095741E+001  0.177937197300939E+001  0.337829523432868E+000  0.103149897854345E+000 -0.131028262406404E+000 -0.142943475095603E+003
  0.100000000000000E+001  0.287704943981909E+003  0.107280226150821E+001  0.143779858682382E+001  0.852035552117911E+000  0.259565543046804E+000 -0.131028262406404E+000 -0.143852471990955E+003
  0.100000000000000E+001  0.286942691386862E+003  0.529696728888737E+000  0.861888002081642E+000  0.477018276644306E+000  0.427551856295123E+000 -0.131028262406404E+000 -0.143471345693431E+003
  0.100000000000000E+001  0.288869578088617E+003  0.105404961354208E+001  0.171199864233758E+001  0.135021785617677E-001  0.357843201329192E+000 -0.131028262406404E+000 -0.144434789044309E+003
  0.100000000000000E+001  0.286466530220271E+003  0.138983490519332E+001  0.789713489386851E+000  0.288544269112749E+000  0.130760297054568E+000 -0.131028262406404E+000 -0.143233265110135E+003
  0.100000000000000E+001  0.291181615414654E+003  0.132658508531968E+001  0.184418522491435E+001  0.699488591290964E+000  0.395284299446199E+000 -0.131028262406404E+000 -0.145590807707327E+003
  0.100000000000000E+001  0.285334297876324E+003  0.409797984516189E+000  0.106677836966726E+001  0.808131712296958E+000  0.123129194192488E+000 -0.131028262406404E+000 -0.142667148938162E+003
  0.100000000000000E+001  0.285579479208189E+003  0.282583696800646E+000  0.109844578862929E+001  0.240759712660999E+000  0.303329705502686E+000 -0.131028262406404E+000 -0.142789739604095E+003
  0.100000000000000E+001  0.286409651123583E+003  0.140275280734385E+001  0.147401580646429E+001  0.914727950988550E+000  0.126341761937424E+000 -0.131028262406404E+000 -0.143204825561791E+003
  0.100000000000000E+001  0.285997774630799E+003  0.374109734462155E+000  0.165090816953329E+001  0.283791837551961E-001  0.434642415188547E+000 -0.131028262406404E+000 -0.142998887315399E+003
  0.100000000000000E+001  0.291924022403420E+003  0.147738767288138E+001  0.563524268782580E+000  0.273757375794332E+000  0.383962798721350E+000 -0.131028262406404E+000 -0.145962011201710E+003
  0.100000000000000E+001  0.291042314225257E+003  0.123098871795253E+001  0.671626117723765E+000  0.170206799847274E+000  0.414920440788910E+000 -0.131028262406404E+000 -0.145521157112628E+003
  0.100000000000000E+001  0.286726291685872E+003  0.476897873720541E+000  0.634998165721862E+000  0.776193817383199E+000  0.460411586798686E+000 -0.131028262406404E+000 -0.143363145842936E+003
  0.100000000000000E+001  0.289464573382584E+003  0.104730269894274E+001  0.190808686487163E+001  0.135382506620739E-001  0.449438270458918E+000 -0.131028262406404E+000 -0.144732286691292E+003
  0.100000000000000E+001  0.290655450250430E+003  0.175705875923549E+001  0.168070041972897E+001  0.865793805805297E+000  0.250835262160448E+000 -0.131028262406404E+000 -0.145327725125215E+003
  0.100000000000000E+001  0.296400244995083E+003  0.177394506331677E+001  0.870996124004576E+000  0.802397073974226E+000  0.398066158957562E+000 -0.131028262406404E+000 -0.148200122497542E+003
  0.100000000000000E+001  0.291542661354422E+003  0.116694202055803E+001  0.144397914257881E+001  0.790306699912536E+000  0.431799681924559E+000 -0.131028262406404E+000 -0.145771330677211E+003
  0.100000000000000E+001  0.298036734888447E+003  0.177646603087581E+001  0.125195768110816E+001  0.332550138637781E+000  0.413361509783650E+000 -0.131028262406404E+000 -0.149018367444224E+003
  0.100000000000000E+001  0.285200397236559E+003  0.131403630069787E+000  0.101592014355905E+001  0.811757638631719E+000  0.170231509250967E+000 -0.131028262406404E+000 -0.142600198618280E+003
  0.100000000000000E+001  0.293011880785669E+003  0.187410663266155E+001  0.193118903780562E+001  0.359679963667843E+000  0.308612952570832E+000 -0.131028262406404E+000 -0.146505940392835E+003
  0.100000000000000E+001  0.289569484713821E+003  0.117757090081245E+001  0.138137914670729E+001  0.952687213352550E+000  0.331295808084375E+000 -0.131028262406404E+000 -0.144784742356910E+003
  0.100000000000000E+001  0.302774156443479E+003  0.190256441626138E+001  0.144554627422517E+001  0.488629962993107E+000  0.474697421450579E+000 -0.131028262406404E+000 -0.151387078221739E+003
  0.100000000000000E+001  0.285583135488121E+003  0.705563240234786E+000  0.853989933746583E+000  0.671984487285595E+000  0.125856291903579E+000 -0.131028262406404E+000 -0.142791567744061E+003
  0.100000000000000E+001  0.286255991648325E+003  0.513222302026117E+000  0.844811165863582E+000  0.954541144604577E+000  0.318433992656061E+000 -0.131028262406404E+000 -0.143127995824163E+003
  0.100000000000000E+001  0.287272415883682E+003  0.782062794768921E+000  0.139015730219244E+001  0.391957457445447E+000  0.322699619481971E+000 -0.131028262406404E+000 -0.143636207941841E+003
  0.100000000000000E+001  0.290855417390328E+003  0.103599740041384E+001  0.130121997437195E+001  0.256537595287568E+000  0.451386447352338E+000 -0.131028262406404E+000 -0.145427708695164E+003
  0.100000000000000E+001  0.285574678346239E+003  0.606749645300704E+000  0.666715810640208E+000  0.903453765107107E+000  0.144291344242940E+000 -0.131028262406404E+000 -0.142787339173120E+003
  0.100000000000000E+001  0.285771845815265E+003  0.368754330032699E+000  0.131881891053715E+001  0.289692133972908E+000  0.309338056285838E+000 -0.131028262406404E+000 -0.142885922907633E+003
  0.100000000000000E+001  0.287259142843376E+003  0.981226501925580E+000  0.771072312542390E+000  0.255267682877014E-002  0.253894428692545E+000 -0.131028262406404E+000 -0.143629571421688E+003
  0.100000000000000E+001  0.286708922054108E+003  0.187398828150398E+001  0.192171794574229E+001  0.694727476451294E+000  0.108968898637512E+000 -0.131028262406404E+000 -0.143354461027054E+003
  0.100000000000000E+001  0.296082075776135E+003  0.196227810605095E+001  0.902425272909224E+000  0.496715035309561E+000  0.343380575141338E+000 -0.131028262406404E+000 -0.148041037888068E+003
  0.100000000000000E+001  0.298350103133404E+003  0.184017477653987E+001  0.118189426437253E+001  0.553628362997203E+000  0.403988084778139E+000 -0.131028262406404E+000 -0.149175051566702E+003
  0.100000000000000E+001  0.285431197069017E+003  0.260048655796207E+000  0.162662095912256E+001  0.933961504552183E+000  0.279625000366824E+000 -0.131028262406404E+000 -0.142715598534509E+003
  0.100000000000000E+001  0.286657467464288E+003  0.129355501142203E+001  0.172791892017649E+001  0.361368509265074E-001  0.155811324106876E+000 -0.131028262406404E+000 -0.143328733732144E+003
  0.100000000000000E+001  0.285284573178566E+003  0.132446416719769E+000  0.887601453406299E+000  0.532066609320484E-001  0.282133811336150E+000 -0.131028262406404E+000 -0.142642286589283E+003
  0.100000000000000E+001  0.299185081405490E+003  0.185121185036259E+001  0.945214330649874E+000  0.818192015704033E+000  0.432994492764392E+000 -0.131028262406404E+000 -0.149592540702745E+003
  0.100000000000000E+001  0.287036824452715E+003  0.540427755152034E+000  0.120040934036713E+001  0.261045127606584E+000  0.431857159422800E+000 -0.131028262406404E+000 -0.143518412226357E+003
  0.100000000000000E+001  0.288454467584277E+003  0.166557250260116E+001  0.166974521352993E+001  0.568749317808300E+000  0.193524332981263E+000 -0.131028262406404E+000 -0.144227233792139E+003
  0.100000000000000E+001  0.289808710170460E+003  0.162808046070822E+001  0.869511767965257E+000  0.607726386297303E-002  0.244177652351054E+000 -0.131028262406404E+000 -0.144904355085230E+003
  0.100000000000000E+001  0.285338495879779E+003  0.429734529237053E+000  0.120390270932990E+001  0.814848966952547E+000  0.119829583153704E+000 -0.131028262406404E+000 -0.142669247939890E+003
  0.100000000000000E+001  0.285457901963277E+003  0.335813982730298E+000  0.194769387341162E+001  0.978897852193433E+000  0.250212095087905E+000 -0.131028262406404E+000 -0.142728950981638E+003
  0.100000000000000E+001  0.292916548113869E+003  0.178001885270509E+001  0.190445286934775E+001  0.435492172565088E+000  0.324799617222236E+000 -0.131028262406404E+000 -0.146458274056934E+003
  0.100000000000000E+001  0.290023684223454E+003  0.109754345198469E+001  0.136519291664608E+001  0.142156622985903E-001  0.382019130077337E+000 -0.131028262406404E+000 -0.145011842111727E+003
  0.100000000000000E+001  0.286787930442036E+003  0.115879887312068E+001  0.743672568327265E+000  0.763902843825184E+000  0.181245024186265E+000 -0.131028262406404E+000 -0.143393965221018E+003
  0.100000000000000E+001  0.286285610092179E+003  0.624256505353186E+000  0.131820572661457E+001  0.966258199052271E+000  0.269524550983159E+000 -0.131028262406404E+000 -0.143142805046090E+003
  0.100000000000000E+001  0.291753216688722E+003  0.156325272536772E+001  0.159715754995172E+001  0.273487298487655E+000  0.318618392874914E+000 -0.131028262406404E+000 -0.145876608344361E+003
  0.100000000000000E+001  0.286884420398231E+003  0.854199796761495E+000  0.738497268283867E+000  0.485153664627215E+000  0.258773813265694E+000 -0.131028262406404E+000 -0.143442210199115E+003
  0.100000000000000E+001  0.288271310030216E+003  0.769148872868064E+000  0.118534846792001E+001  0.257219128500939E+000  0.416093563672669E+000 -0.131028262406404E+000 -0.144135655015108E+003
  0.100000000000000E+001  0.293000943763832E+003  0.178446059132519E+001  0.763632473799071E+000  0.383954638537366E+000  0.316013718090989E+000 -0.131028262406404E+000 -0.146500471881916E+003
  0.100000000000000E+001  0.286679747333083E+003  0.100375951163506E+001  0.107191443889130E+001  0.118950247594571E+000  0.198924936834556E+000 -0.131028262406404E+000 -0.143339873666542E+003
  0.100000000000000E+001  0.290109190790356E+003  0.137554292316248E+001  0.534457596031245E+000  0.393285777338818E+000  0.332803393758329E+000 -0.131028262406404E+000 -0.145054595395178E+003
  0.100000000000000E+001  0.286889132961825E+003  0.763465838754855E+000  0.185774860995175E+001  0.776262956197516E+000  0.327295198742563E+000 -0.131028262406404E+000 -0.143444566480912E+003
  0.100000000000000E+001  0.292208283529064E+003  0.147549132325864E+001  0.104039543040089E+001  0.887612594076037E+000  0.349575658231133E+000 -0.131028262406404E+000 -0.146104141764532E+003
  0.100000000000000E+001  0.286780788369860E+003  0.153031916762156E+001  0.129632212881379E+001  0.873971797187008E+000  0.135106284510637E+000 -0.131028262406404E+000 -0.143390394184930E+003
  0.100000000000000E+001  0.286703255851324E+003  0.596493345292713E+000  0.110636905224096E+001  0.601729841108872E+000  0.341262960741538E+000 -0.131028262406404E+000 -0.143351627925662E+003
  0.100000000000000E+001  0.287028448544855E+003  0.956646894847056E+000  0.638917940325247E+000  0.448368853520802E+000  0.245120948214961E+000 -0.131028262406404E+000 -0.143514224272427E+003
  0.100000000000000E+001  0.289332743121956E+003  0.148651568688281E+001  0.175529622116621E+001  0.889293306488813E+000  0.257562700356945E+000 -0.131028262406404E+000 -0.144666371560978E+003
  0.100000000000000E+001  0.290227902753719E+003  0.158069443005848E+001  0.982454783525061E+000  0.101260376954948E+000  0.263561803928026E+000 -0.131028262406404E+000 -0.145113951376859E+003
  0.100000000000000E+001  0.285714238582020E+003  0.409981862944130E+000  0.996716464432721E+000  0.237441396215703E+000  0.253758498416979E+000 -0.131028262406404E+000 -0.142857119291010E+003
  0.100000000000000E+001  0.289885597588642E+003  0.915317522143902E+000  0.104552650548838E+001  0.476161598961592E+000  0.456881511371403E+000 -0.131028262406404E+000 -0.144942798794321E+003
  0.100000000000000E+001  0.290375700522288E+003  0.107758395850867E+001  0.104940061910987E+001  0.613669676841074E+000  0.407217381498595E+000 -0.131028262406404E+000 -0.145187850261144E+003
  0.100000000000000E+001  0.295347314452003E+003  0.184060513019247E+001  0.103439613650728E+001  0.474308197663099E+000  0.345874862696191E+000 -0.131028262406404E+000 -0.147673657226002E+003
  0.100000000000000E+001  0.286166879667774E+003  0.318464922482868E+000  0.127099353206346E+001  0.432613731371620E+000  0.491505494645367E+000 -0.131028262406404E+000 -0.143083439833887E+003
  0.100000000000000E+001  0.288507160361511E+003  0.118207725443652E+001  0.581744476349034E+000  0.486706799134891E+000  0.294141095830123E+000 -0.131028262406404E+000 -0.144253580180755E+003
  0.100000000000000E+001  0.287089286690434E+003  0.196924988566110E+001  0.625606320573473E+000  0.979400037737461E+000  0.117285364871916E+000 -0.131028262406404E+000 -0.143544643345217E+003
  0.100000000000000E+001  0.286348209650717E+003  0.131714525384962E+001  0.113399018494935E+001  0.718651061615886E+000  0.129723492194502E+000 -0.131028262406404E+000 -0.143174104825359E+003
  0.100000000000000E+001  0.289030502223204E+003  0.868872828528445E+000  0.175342153833147E+001  0.927351273592778E+000  0.497404890522728E+000 -0.131028262406404E+000 -0.144515251111602E+003
  0.100000000000000E+001  0.291138990350211E+003  0.173963141380990E+001  0.149090879086146E+001  0.767998054780125E+000  0.262382497298249E+000 -0.131028262406404E+000 -0.145569495175106E+003
  0.100000000000000E+001  0.290005758774310E+003  0.120207985312656E+001  0.125467003932630E+001  0.838008593855384E+000  0.341754538780637E+000 -0.131028262406404E+000 -0.145002879387155E+003
  0.100000000000000E+001  0.286924972244565E+003  0.590547222074253E+000  0.110744134318105E+001  0.365072245345386E+000  0.376322854150292E+000 -0.131028262406404E+000 -0.143462486122282E+003
  0.100000000000000E+001  0.285302683056396E+003  0.204333390271590E+000  0.142761538719831E+001  0.656588005685375E+000  0.222789872902250E+000 -0.131028262406404E+000 -0.142651341528198E+003
  0.100000000000000E+001  0.287835175040033E+003  0.764629533295200E+000  0.102679609781338E+001  0.808194035123289E-001  0.379128562900831E+000 -0.131028262406404E+000 -0.143917587520017E+003
  0.100000000000000E+001  0.286063191745042E+003  0.315667702177094E+000  0.616521890667918E+000  0.606094570580530E+000  0.469931560122288E+000 -0.131028262406404E+000 -0.143031595872521E+003
  0.100000000000000E+001  0.292294006883523E+003  0.181611852616925E+001  0.163169449244994E+001  0.357191316407090E+000  0.282935770332550E+000 -0.131028262406404E+000 -0.146147003441761E+003
  0.100000000000000E+001  0.286846711286918E+003  0.194576590077629E+001  0.107035856413300E+001  0.796931281892333E+000  0.108477353718666E+000 -0.131028262406404E+000 -0.143423355643459E+003
  0.100000000000000E+001  0.286026404910148E+003  0.126699558470228E+001  0.117649559008002E+001  0.707148203206328E+000  0.110877744740207E+000 -0.131028262406404E+000 -0.143013202455074E+003
  0.100000000000000E+001  0.287404350687778E+003  0.133604867458724E+001  0.105579201039308E+001  0.363998119647386E+000  0.189178943371415E+000 -0.131028262406404E+000 -0.143702175343889E+003
  0.100000000000000E+001  0.297172455911232E+003  0.184695225610917E+001  0.123025878992156E+001  0.345189628057436E+000  0.377410937827496E+000 -0.131028262406404E+000 -0.148586227955616E+003
  0.100000000000000E+001  0.290749420517190E+003  0.178597615298732E+001  0.733968082704795E+000  0.622508994340030E-001  0.252667949249884E+000 -0.131028262406404E+000 -0.145374710258595E+003
  0.100000000000000E+001  0.288167203345919E+003  0.172575045760688E+001  0.128484182615839E+001  0.559687221755029E+000  0.173528976605032E+000 -0.131028262406404E+000 -0.144083601672960E+003
  0.100000000000000E+001  0.299779922089911E+003  0.168982708992415E+001  0.118886393493368E+001  0.969934127699536E+000  0.479755309533356E+000 -0.131028262406404E+000 -0.149889961044955E+003
  0.100000000000000E+001  0.286034019189824E+003  0.516858734639421E+000  0.173250080272348E+001  0.452849741451205E+000  0.306082400632465E+000 -0.131028262406404E+000 -0.143017009594912E+003
  0.100000000000000E+001  0.298352093558328E+003  0.188884552631506E+001  0.910017741839522E+000  0.355547847749668E+000  0.408342503029734E+000 -0.131028262406404E+000 -0.149176046779164E+003
  0.100000000000000E+001  0.285431114457068E+003  0.592999566559467E+000  0.166493102555273E+001  0.432241634883212E+000  0.115552028424746E+000 -0.131028262406404E+000 -0.142715557228534E+003
  0.100000000000000E+001  0.288238156702850E+003  0.813276701004448E+000  0.126120542583879E+001  0.925008460285799E+000  0.390785062533373E+000 -0.131028262406404E+000 -0.144119078351425E+003
  0.100000000000000E+001  0.288218287886025E+003  0.969115236089550E+000  0.165581211424055E+001  0.352006199279607E+000  0.340978678478138E+000 -0.131028262406404E+000 -0.144109143943013E+003
  0.100000000000000E+001  0.285797634986594E+003  0.103856488226180E+001  0.836642017456040E+000  0.513747009180958E-001  0.111435406834642E+000 -0.131028262406404E+000 -0.142898817493297E+003
  0.100000000000000E+001  0.302380795238222E+003  0.197201465693582E+001  0.107285841770313E+001  0.349565564317137E+000  0.450324377570811E+000 -0.131028262406404E+000 -0.151190397619111E+003
  0.100000000000000E+001  0.289804186533497E+003  0.163566749014402E+001  0.684427824251092E+000  0.699066574656527E+000  0.248779572543434E+000 -0.131028262406404E+000 -0.144902093266749E+003
  0.100000000000000E+001  0.286480944520642E+003  0.697915287241207E+000  0.197712417285495E+001  0.624156442574531E+000  0.317356311406288E+000 -0.131028262406404E+000 -0.143240472260321E+003
  0.100000000000000E+001  0.286934827594439E+003  0.143642308780815E+001  0.528979104468711E+000  0.129144617224471E+000  0.155269050424950E+000 -0.131028262406404E+000 -0.143467413797219E+003
  0.100000000000000E+001  0.294854952678940E+003  0.168790058842613E+001  0.598340384456042E+000  0.576262680708162E-001  0.422282401790729E+000 -0.131028262406404E+000 -0.147427476339470E+003
  0.100000000000000E+001  0.287428912828917E+003  0.834792133829944E+000  0.138499745098240E+001  0.409340900320741E+000  0.314757175752738E+000 -0.131028262406404E+000 -0.143714456414459E+003
  0.100000000000000E+001  0.285428240858561E+003  0.238197905920682E+000  0.645429638950211E+000  0.497161007426545E-001  0.264310356226151E+000 -0.131028262406404E+000 -0.142714120429280E+003
  0.100000000000000E+001  0.285180400190735E+003  0.124843860552679E+000  0.538215178135116E+000  0.244104024781606E+000  0.140359957283437E+000 -0.131028262406404E+000 -0.142590200095368E+003
  0.100000000000000E+001  0.286898240327141E+003  0.191882962802511E+001  0.135312806887776E+001  0.808341636666939E+000  0.112172934493364E+000 -0.131028262406404E+000 -0.143449120163570E+003
  0.100000000000000E+001  0.287245174067674E+003  0.531883531553752E+000  0.101355742012959E+001  0.339510611368986E+000  0.467097176537638E+000 -0.131028262406404E+000 -0.143622587033837E+003
  0.100000000000000E+001  0.286235692947588E+003  0.318143010001448E+000  0.104163463946070E+001  0.605238141252678E+000  0.493757468127327E+000 -0.131028262406404E+000 -0.143117846473794E+003
  0.100000000000000E+001  0.285696112389540E+003  0.405125454492044E+000  0.141575478134920E+001  0.668831226385765E+000  0.262043936976676E+000 -0.131028262406404E+000 -0.142848056194770E+003
  0.100000000000000E+001  0.285293065788270E+003  0.311608778550662E+000  0.158862127344321E+001  0.108164928856406E+000  0.141844286630337E+000 -0.131028262406404E+000 -0.142646532894135E+003
  0.100000000000000E+001  0.285846060213985E+003  0.551878549856957E+000  0.943746053732758E+000  0.210849468710922E+000  0.218174323726878E+000 -0.131028262406404E+000 -0.142923030106993E+003
  0.100000000000000E+001  0.288509279410436E+003  0.106480697692698E+001  0.171229714266618E+001  0.168054119011986E+000  0.328477035655739E+000 -0.131028262406404E+000 -0.144254639705218E+003
  0.100000000000000E+001  0.287026359056028E+003  0.135865867389391E+001  0.192866058026906E+001  0.841616154811081E+000  0.173444652757804E+000 -0.131028262406404E+000 -0.143513179528014E+003
  0.100000000000000E+001  0.285555122571186E+003  0.198947165930372E+000  0.117401694438900E+001  0.114405969499517E+000  0.405332323126858E+000 -0.131028262406404E+000 -0.142777561285593E+003
  0.100000000000000E+001  0.286791305250234E+003  0.621248377076760E+000  0.141628628016039E+001  0.708974555893664E+000  0.351031012993765E+000 -0.131028262406404E+000 -0.143395652625117E+003
  0.100000000000000E+001  0.299609440100866E+003  0.182967448872407E+001  0.938234054949176E+000  0.775507214138026E-001  0.449324370456267E+000 -0.131028262406404E+000 -0.149804720050433E+003
  0.100000000000000E+001  0.287132215424989E+003  0.115403512920896E+001  0.762300578394197E+000  0.419182879025787E+000  0.205619161556602E+000 -0.131028262406404E+000 -0.143566107712494E+003
  0.100000000000000E+001  0.286718537164045E+003  0.124709967019644E+001  0.151463158378095E+001  0.930299811806474E+000  0.163765718241738E+000 -0.131028262406404E+000 -0.143359268582022E+003
  0.100000000000000E+001  0.292391022860568E+003  0.122683311569327E+001  0.163531533928784E+001  0.355634588628409E+000  0.465928417573570E+000 -0.131028262406404E+000 -0.146195511430284E+003
  0.100000000000000E+001  0.286284438283463E+003  0.387017103601267E+000  0.716367066588671E+000  0.544959185063140E+000  0.435657998301734E+000 -0.131028262406404E+000 -0.143142219141732E+003
  0.100000000000000E+001  0.285287984688987E+003  0.282671153915503E+000  0.176931289205397E+001  0.966885478555537E+000  0.157204545734332E+000 -0.131028262406404E+000 -0.142643992344494E+003
  0.100000000000000E+001  0.287270301073058E+003  0.849838067324757E+000  0.653601426866601E+000  0.833465384087131E+000  0.302578681267590E+000 -0.131028262406404E+000 -0.143635150536529E+003
  0.100000000000000E+001  0.288831820253857E+003  0.195962492284366E+001  0.157032307264710E+001  0.434417826344118E+000  0.172792353700384E+000 -0.131028262406404E+000 -0.144415910126929E+003
  0.100000000000000E+001  0.285859311916856E+003  0.667586711316661E+000  0.117303555951205E+001  0.999421878744947E+000  0.183916953994448E+000 -0.131028262406404E+000 -0.142929655958428E+003
  0.100000000000000E+001  0.285196517909087E+003  0.208388550958108E+000  0.677497536751411E+000  0.490349817832378E+000  0.105332235683670E+000 -0.131028262406404E+000 -0.142598258954543E+003
  0.100000000000000E+001  0.300308463168734E+003  0.193924846630781E+001  0.674996821624397E+000  0.264193976829351E+000  0.480169331486164E+000 -0.131028262406404E+000 -0.150154231584367E+003
  0.100000000000000E+001  0.285825265463640E+003  0.803927174302476E+000  0.136772426015415E+001  0.346830505835600E+000  0.149008643994601E+000 -0.131028262406404E+000 -0.142912632731820E+003
  0.100000000000000E+001  0.285807480345984E+003  0.433183001557769E+000  0.183135239242926E+001  0.878920589982270E+000  0.319495517532346E+000 -0.131028262406404E+000 -0.142903740172992E+003
  0.100000000000000E+001  0.289276755366913E+003  0.942766843640316E+000  0.783631588544273E+000  0.985412076203135E+000  0.421120031537943E+000 -0.131028262406404E+000 -0.144638377683457E+003
  0.100000000000000E+001  0.289224242558198E+003  0.130340091116765E+001  0.166886786931906E+001  0.185954651394692E+000  0.290737712094425E+000 -0.131028262406404E+000 -0.144612121279099E+003
  0.100000000000000E+001  0.293560825224225E+003  0.150780834402400E+001  0.128165507737117E+001  0.472893518254736E+000  0.378097938595673E+000 -0.131028262406404E+000 -0.146780412612112E+003
  0.100000000000000E+001  0.290641186305844E+003  0.110977406196557E+001  0.164529287504454E+001  0.636411196309249E+000  0.435293184952083E+000 -0.131028262406404E+000 -0.145320593152922E+003
  0.100000000000000E+001  0.288681737299785E+003  0.168817869527822E+001  0.155265661619690E+001  0.375211871787851E-002  0.197037136917111E+000 -0.131028262406404E+000 -0.144340868649893E+003
  0.100000000000000E+001  0.291231553411413E+003  0.115599904678198E+001  0.170977131449025E+001  0.128299043327795E+000  0.456599318602862E+000 -0.131028262406404E+000 -0.145615776705707E+003
  0.100000000000000E+001  0.295527239204880E+003  0.189595082717130E+001  0.167207242922841E+001  0.818108018450336E-001  0.344617257211622E+000 -0.131028262406404E+000 -0.147763619602440E+003
  0.100000000000000E+001  0.294610157082306E+003  0.137021698640568E+001  0.125538489563523E+001  0.805709127782662E+000  0.457474272172066E+000 -0.131028262406404E+000 -0.147305078541153E+003
  0.100000000000000E+001  0.288370573960339E+003  0.143497925257574E+001  0.188758642486310E+001  0.633991769359954E-001  0.231293990529646E+000 -0.131028262406404E+000 -0.144185286980169E+003
  0.100000000000000E+001  0.285284420157105E+003  0.172480305281030E+000  0.159063546024153E+001  0.296535051238718E-001  0.255395432737831E+000 -0.131028262406404E+000 -0.142642210078552E+003
  0.100000000000000E+001  0.290455878237437E+003  0.129091394745930E+001  0.151327397058181E+001  0.246895498613762E+000  0.341175239005001E+000 -0.131028262406404E+000 -0.145227939118719E+003
  0.100000000000000E+001  0.291743736250640E+003  0.155107343717300E+001  0.815065700331998E+000  0.969412579726210E+000  0.326780732961447E+000 -0.131028262406404E+000 -0.145871868125320E+003
  0.100000000000000E+001  0.286628151719516E+003  0.416202277143979E+000  0.134432674217334E+001  0.370147934730539E-001  0.495232355649991E+000 -0.131028262406404E+000 -0.143314075859758E+003
  0.100000000000000E+001  0.290264440906987E+003  0.163557798050599E+001  0.143768025250092E+001  0.640931815122985E+000  0.253845543509934E+000 -0.131028262406404E+000 -0.145132220453494E+003
  0.100000000000000E+001  0.286261090334776E+003  0.508518101282772E+000  0.894117329590597E+000  0.894699062137413E+000  0.321427840946186E+000 -0.131028262406404E+000 -0.143130545167388E+003
  0.100000000000000E+001  0.293171068692229E+003  0.168084085077608E+001  0.582360431118970E+000  0.704830531206466E+000  0.366920383861793E+000 -0.131028262406404E+000 -0.146585534346114E+003
  0.100000000000000E+001  0.286357739694953E+003  0.117278813095785E+001  0.109819025868772E+001  0.942263381828324E+000  0.146511406655445E+000 -0.131028262406404E+000 -0.143178869847477E+003
  0.100000000000000E+001  0.285774709122422E+003  0.250535191637039E+000  0.716505474424031E+000  0.459263807234940E+000  0.432010391942469E+000 -0.131028262406404E+000 -0.142887354561211E+003
  0.100000000000000E+001  0.290326554044274E+003  0.150352261428270E+001  0.195049743753013E+001  0.959102405220967E+000  0.308394671893926E+000 -0.131028262406404E+000 -0.145163277022137E+003
  0.100000000000000E+001  0.287094578711590E+003  0.773436605205362E+000  0.165552339665308E+001  0.965929343150208E+000  0.325036675253831E+000 -0.131028262406404E+000 -0.143547289355795E+003
  0.100000000000000E+001  0.286037877342149E+003  0.477240605590399E+000  0.995097253710866E+000  0.627046221134847E+000  0.294633071928921E+000 -0.131028262406404E+000 -0.143018938671075E+003
  0.100000000000000E+001  0.293981320299347E+003  0.180305574327062E+001  0.154061980906163E+001  0.903495967734349E+000  0.322895646591005E+000 -0.131028262406404E+000 -0.146990660149673E+003
  0.100000000000000E+001  0.285235405119234E+003  0.272079949433389E+000  0.563844418711657E+000  0.990942520004538E+000  0.112811293735414E+000 -0.131028262406404E+000 -0.142617702559617E+003
  0.100000000000000E+001  0.285269363305925E+003  0.142998024504860E+000  0.168579983506688E+001  0.806167698414042E+000  0.306511980080815E+000 -0.131028262406404E+000 -0.142634681652963E+003
  0.100000000000000E+001  0.286134570211438E+003  0.147874335126208E+001  0.899335351798237E+000  0.193846730056083E-001  0.102170510379437E+000 -0.131028262406404E+000 -0.143067285105719E+003
  0.100000000000000E+001  0.288940518934376E+003  0.103144843224069E+001  0.837340850514523E+000  0.300536212929638E+000  0.354048897400174E+000 -0.131028262406404E+000 -0.144470259467188E+003
  0.100000000000000E+001  0.286005513156518E+003  0.515707962070330E+000  0.163044662415536E+001  0.627177886234383E+000  0.289360272491151E+000 -0.131028262406404E+000 -0.143002756578259E+003
  0.100000000000000E+001  0.298816992020327E+003  0.166152669100730E+001  0.119352796101271E+001  0.160742610078471E+000  0.467158382152961E+000 -0.131028262406404E+000 -0.149408496010163E+003
  0.100000000000000E+001  0.286844554759519E+003  0.571231287714211E+000  0.142321217878880E+001  0.106172069633903E+000  0.394496924984989E+000 -0.131028262406404E+000 -0.143422277379759E+003
  0.100000000000000E+001  0.294727876504507E+003  0.164772344251739E+001  0.102997278454168E+001  0.559575877936557E+000  0.377368107094184E+000 -0.131028262406404E+000 -0.147363938252254E+003
  0.100000000000000E+001  0.289167004428332E+003  0.100509773439083E+001  0.180200746956239E+001  0.236132108679057E+000  0.421079990555527E+000 -0.131028262406404E+000 -0.144583502214166E+003
  0.100000000000000E+001  0.291298815251140E+003  0.119700765126983E+001  0.116030954373449E+001  0.295600723471261E+000  0.400772990247477E+000 -0.131028262406404E+000 -0.145649407625570E+003
  0.100000000000000E+001  0.297050072496829E+003  0.186622425256534E+001  0.122539137010398E+001  0.654091057700269E+000  0.370472168172043E+000 -0.131028262406404E+000 -0.148525036248414E+003
  0.100000000000000E+001  0.286106335015215E+003  0.326498537393660E+000  0.792351997427780E+000  0.864171003384497E+000  0.448672557032566E+000 -0.131028262406404E+000 -0.143053167507607E+003
  0.100000000000000E+001  0.288297841792762E+003  0.109579869829771E+001  0.147854079819976E+001  0.489441188170822E+000  0.291110683603447E+000 -0.131028262406404E+000 -0.144148920896381E+003
  0.100000000000000E+001  0.287259313909587E+003  0.569852216155428E+000  0.154546832732088E+001  0.165782681716848E+000  0.485688878595789E+000 -0.131028262406404E+000 -0.143629656954793E+003
  0.100000000000000E+001  0.290815799078717E+003  0.131672534844619E+001  0.194099393800792E+001  0.948137124751300E+000  0.399595465383869E+000 -0.131028262406404E+000 -0.145407899539358E+003
  0.100000000000000E+001  0.293029140377172E+003  0.138352123354394E+001  0.151932784523909E+001  0.837211923463826E+000  0.410226181257848E+000 -0.131028262406404E+000 -0.146514570188586E+003
  0.100000000000000E+001  0.286014377400398E+003  0.355031217309902E+000  0.932609729808918E+000  0.722953623360701E+000  0.383322929745225E+000 -0.131028262406404E+000 -0.143007188700199E+003
  0.100000000000000E+001  0.289722484823905E+003  0.136754209673622E+001  0.137380862410241E+001  0.754469392353309E-001  0.286776641336461E+000 -0.131028262406404E+000 -0.144861242411952E+003
  0.100000000000000E+001  0.288740079841017E+003  0.928080221927252E+000  0.155198120096499E+001  0.868662663321836E+000  0.390710596102629E+000 -0.131028262406404E+000 -0.144370039920508E+003
  0.100000000000000E+001  0.289384593652986E+003  0.151280980670492E+001  0.175595125715775E+001  0.529552476779775E+000  0.254433633146511E+000 -0.131028262406404E+000 -0.144692296826493E+003
  0.100000000000000E+001  0.285874347891359E+003  0.839388592189755E+000  0.130207078194295E+001  0.457542120512980E+000  0.148873034074778E+000 -0.131028262406404E+000 -0.142937173945679E+003
  0.100000000000000E+001  0.285432586285478E+003  0.612200395273469E+000  0.615168620510715E+000  0.940100779998440E+000  0.109440818003421E+000 -0.131028262406404E+000 -0.142716293142739E+003
  0.100000000000000E+001  0.285431166891674E+003  0.187988460445575E+000  0.819136319471817E+000  0.396852287317929E+000  0.326218115198566E+000 -0.131028262406404E+000 -0.142715583445837E+003
  0.100000000000000E+001  0.300634152831473E+003  0.191081414901844E+001  0.185042319622951E+001  0.706593393224771E+000  0.484160518275460E+000 -0.131028262406404E+000 -0.150317076415736E+003
  0.100000000000000E+001  0.286754661595137E+003  0.165994022723879E+001  0.671382367980704E+000  0.160446530181211E+000  0.123990616975888E+000 -0.131028262406404E+000 -0.143377330797568E+003
  0.100000000000000E+001  0.288946544950071E+003  0.130753018211431E+001  0.101665341329999E+001  0.713485890482103E+000  0.268318831211887E+000 -0.131028262406404E+000 -0.144473272475036E+003
  0.100000000000000E+001  0.287183797121415E+003  0.114365108467912E+001  0.183265014775749E+001  0.305952178708064E+000  0.219430423299744E+000 -0.131028262406404E+000 -0.143591898560707E+003
  0.100000000000000E+001  0.286786643168131E+003  0.451590284476678E+000  0.736905599924182E+000  0.305064845088927E+000  0.485177221969971E+000 -0.131028262406404E+000 -0.143393321584065E+003
  0.100000000000000E+001  0.285503572226400E+003  0.175585187554892E+000  0.104102817705205E+001  0.384071963454016E+000  0.404212633213992E+000 -0.131028262406404E+000 -0.142751786113200E+003
  0.100000000000000E+001  0.285767249489256E+003  0.554402849999575E+000  0.178370485648800E+001  0.121639632523574E+000  0.218047369194483E+000 -0.131028262406404E+000 -0.142883624744628E+003
  0.100000000000000E+001  0.289943395116778E+003  0.182573484253847E+001  0.885573870229875E+000  0.404461262011351E+000  0.219276493169363E+000 -0.131028262406404E+000 -0.144971697558389E+003
  0.100000000000000E+001  0.295844826881435E+003  0.193970905856550E+001  0.178155818085970E+001  0.421776822667148E+000  0.350405193810568E+000 -0.131028262406404E+000 -0.147922413440717E+003
  0.100000000000000E+001  0.287474052262576E+003  0.883517480348403E+000  0.134453762257161E+001  0.631023992945581E-001  0.298610990736783E+000 -0.131028262406404E+000 -0.143737026131288E+003
  0.100000000000000E+001  0.287662516791893E+003  0.118966638777509E+001  0.174640560743504E+001  0.303902098105462E+000  0.237984049741316E+000 -0.131028262406404E+000 -0.143831258395947E+003
  0.100000000000000E+001  0.293347383558974E+003  0.191130185843208E+001  0.944044790708007E+000  0.760577764402943E+000  0.291007301320601E+000 -0.131028262406404E+000 -0.146673691779487E+003
  0.100000000000000E+001  0.288499840613856E+003  0.182881398220449E+001  0.191476647624481E+001  0.879470463029885E+000  0.180485333097103E+000 -0.131028262406404E+000 -0.144249920306928E+003
  0.100000000000000E+001  0.285668167018083E+003  0.367110593253732E+000  0.197258626335447E+001  0.116546727692075E+000  0.384318674010262E+000 -0.131028262406404E+000 -0.142834083509042E+003
  0.100000000000000E+001  0.294344291901864E+003  0.181766081580853E+001  0.509725798871664E+000  0.178323962110170E+000  0.382138763353704E+000 -0.131028262406404E+000 -0.147172145950932E+003
  0.100000000000000E+001  0.288540275272335E+003  0.838790018471290E+000  0.177040842137444E+001  0.362725497682202E+000  0.473068873980960E+000 -0.131028262406404E+000 -0.144270137636168E+003
  0.100000000000000E+001  0.285990686581165E+003  0.979834381489267E+000  0.114166851458462E+001  0.238533933783733E+000  0.139660914391579E+000 -0.131028262406404E+000 -0.142995343290583E+003
  0.100000000000000E+001  0.285664701668919E+003  0.465136463753406E+000  0.158536289268766E+001  0.586812756662184E+000  0.224062368083261E+000 -0.131028262406404E+000 -0.142832350834459E+003
  0.100000000000000E+001  0.285888200627838E+003  0.112727123176279E+001  0.646626574297013E+000  0.344166391596852E+000  0.112000501280015E+000 -0.131028262406404E+000 -0.142944100313919E+003
  0.100000000000000E+001  0.285642296328998E+003  0.770051978183659E+000  0.178125818981632E+001  0.708271419027944E+000  0.129682529803147E+000 -0.131028262406404E+000 -0.142821148164499E+003
  0.100000000000000E+001  0.291553162352743E+003  0.128462303505750E+001  0.121345550639446E+001  0.680735985405903E+000  0.379671508059808E+000 -0.131028262406404E+000 -0.145776581176372E+003
  0.100000000000000E+001  0.290723471047966E+003  0.177338385667243E+001  0.156660806384821E+001  0.552273143602466E-002  0.247214118069538E+000 -0.131028262406404E+000 -0.145361735523983E+003
  0.100000000000000E+001  0.285181486456403E+003  0.161905084457764E+000  0.130112610769433E+001  0.965728613132877E+000  0.115270916366158E+000 -0.131028262406404E+000 -0.142590743228201E+003
  0.100000000000000E+001  0.295098831420166E+003  0.159020339185967E+001  0.122343978861197E+001  0.644102712465874E+000  0.397011004811802E+000 -0.131028262406404E+000 -0.147549415710083E+003
  0.100000000000000E+001  0.297770125136213E+003  0.177013087621442E+001  0.640786754036596E+000  0.800637738537044E+000  0.479250523804313E+000 -0.131028262406404E+000 -0.148885062568107E+003
  0.100000000000000E+001  0.288899593626255E+003  0.187250303898178E+001  0.547106161122846E+000  0.123542013455697E+000  0.188841909101729E+000 -0.131028262406404E+000 -0.144449796813128E+003
  0.100000000000000E+001  0.285904647371303E+003  0.542118570426964E+000  0.131620375650198E+001  0.753145424713409E+000  0.238143262494623E+000 -0.131028262406404E+000 -0.142952323685652E+003
  0.100000000000000E+001  0.289426959006980E+003  0.941159128913984E+000  0.662690431095909E+000  0.404394271754560E+000  0.452768733041843E+000 -0.131028262406404E+000 -0.144713479503490E+003
  0.100000000000000E+001  0.285625811069883E+003  0.840248479080105E+000  0.668036045349402E+000  0.730100487995427E+000  0.112756819893235E+000 -0.131028262406404E+000 -0.142812905534942E+003
  0.100000000000000E+001  0.293693432869928E+003  0.168884541898703E+001  0.193435018253591E+001  0.534876142040761E+000  0.379567169452165E+000 -0.131028262406404E+000 -0.146846716434964E+003
  0.100000000000000E+001  0.295537882525275E+003  0.182118719585349E+001  0.827900047789166E+000  0.562723057997703E+000  0.368764885554499E+000 -0.131028262406404E+000 -0.147768941262638E+003
  0.100000000000000E+001  0.288649332020172E+003  0.957126623521212E+000  0.199128967558337E+001  0.895362792029374E+000  0.468188029851037E+000 -0.131028262406404E+000 -0.144324666010086E+003
  0.100000000000000E+001  0.288273488113391E+003  0.194645353018464E+001  0.145113017362303E+001  0.383060662790867E+000  0.157006101108345E+000 -0.131028262406404E+000 -0.144136744056695E+003
  0.100000000000000E+001  0.285433718272628E+003  0.300370346876284E+000  0.187465276699974E+001  0.410952815917444E+000  0.262514723009266E+000 -0.131028262406404E+000 -0.142716859136314E+003
  0.100000000000000E+001  0.285860024375806E+003  0.861556954502290E+000  0.906338304351125E+000  0.367157406417676E+000  0.142356819436735E+000 -0.131028262406404E+000 -0.142930012187903E+003
  0.100000000000000E+001  0.285467443875914E+003  0.253686220381460E+000  0.117197022026293E+001  0.248068281071381E+000  0.278399661792759E+000 -0.131028262406404E+000 -0.142733721937957E+003
  0.100000000000000E+001  0.287595093192990E+003  0.929898102253153E+000  0.162677719913770E+001  0.308821348165915E-001  0.303978603053285E+000 -0.131028262406404E+000 -0.143797546596495E+003
  0.100000000000000E+001  0.285316503809112E+003  0.227299951182065E+000  0.123249691506589E+001  0.154853195314993E+000  0.205811111695983E+000 -0.131028262406404E+000 -0.142658251904556E+003
  0.100000000000000E+001  0.285861779322739E+003  0.573354895265807E+000  0.563053519341272E+000  0.132999157679645E+000  0.216512061990357E+000 -0.131028262406404E+000 -0.142930889661370E+003
  0.100000000000000E+001  0.285815926163785E+003  0.364871259241814E+000  0.183429172812708E+001  0.245980197391102E+000  0.432664242296378E+000 -0.131028262406404E+000 -0.142907963081892E+003
  0.100000000000000E+001  0.292134510142695E+003  0.195635353699278E+001  0.682370497352056E+000  0.589871949204501E+000  0.266285778402159E+000 -0.131028262406404E+000 -0.146067255071348E+003
  0.100000000000000E+001  0.286074770736712E+003  0.467348448207744E+000  0.515343237104355E+000  0.369179257376105E+000  0.323415532427105E+000 -0.131028262406404E+000 -0.143037385368356E+003
  0.100000000000000E+001  0.285439246321402E+003  0.585422410974345E+000  0.164694244136867E+001  0.319032060840575E+000  0.119240253806911E+000 -0.131028262406404E+000 -0.142719623160701E+003
  0.100000000000000E+001  0.287576544535218E+003  0.716950775584958E+000  0.162176053267443E+001  0.393027040471623E+000  0.416011675206720E+000 -0.131028262406404E+000 -0.143788272267609E+003
  0.100000000000000E+001  0.286813414367972E+003  0.536008650340072E+000  0.688810003763417E+000  0.973043378544989E+000  0.414788368086670E+000 -0.131028262406404E+000 -0.143406707183986E+003
  0.100000000000000E+001  0.286971121053149E+003  0.524769899579769E+000  0.508689436324764E+000  0.261499638347013E+000  0.499253589143541E+000 -0.131028262406404E+000 -0.143485560526575E+003
  0.100000000000000E+001  0.289880946864309E+003  0.102480574471508E+001  0.905619062077991E+000  0.218062950803178E-001  0.410404842556330E+000 -0.131028262406404E+000 -0.144940473432155E+003
  0.100000000000000E+001  0.285810394566887E+003  0.596124674385110E+000  0.179479856080783E+001  0.500641117879614E+000  0.211037796717480E+000 -0.131028262406404E+000 -0.142905197283444E+003
  0.100000000000000E+001  0.287070554420541E+003  0.100509794319499E+001  0.183305888226905E+001  0.291825211156527E+000  0.245570173321553E+000 -0.131028262406404E+000 -0.143535277210270E+003
  0.100000000000000E+001  0.286037620129378E+003  0.353999242300647E+000  0.527099082707782E+000  0.579390792521957E+000  0.419916666236090E+000 -0.131028262406404E+000 -0.143018810064689E+003
  0.100000000000000E+001  0.285777451582492E+003  0.445266515594401E+000  0.151889306159296E+001  0.135717930524454E+000  0.266224762943374E+000 -0.131028262406404E+000 -0.142888725791246E+003
  0.100000000000000E+001  0.288656157927993E+003  0.116201384456111E+001  0.137532199172171E+001  0.198151166402458E+000  0.289688014054758E+000 -0.131028262406404E+000 -0.144328078963997E+003
  0.100000000000000E+001  0.289362157210190E+003  0.820656321613109E+000  0.128157725319791E+001  0.288575559998181E-001  0.478298284822077E+000 -0.131028262406404E+000 -0.144681078605095E+003
  0.100000000000000E+001  0.292323811313912E+003  0.181047540787571E+001  0.147896085619373E+001  0.709303349616742E-001  0.280430743458090E+000 -0.131028262406404E+000 -0.146161905656956E+003
  0.100000000000000E+001  0.286946900810609E+003  0.152925033527341E+001  0.180691367428218E+001  0.392384309385855E+000  0.146625090544887E+000 -0.131028262406404E+000 -0.143473450405304E+003
  0.100000000000000E+001  0.292875383304647E+003  0.142087475800652E+001  0.188535329663541E+001  0.622324685407710E+000  0.444363758463340E+000 -0.131028262406404E+000 -0.146437691652324E+003
  0.100000000000000E+001  0.286326410013864E+003  0.139399075462262E+001  0.157680313258834E+001  0.109686316556951E+000  0.122250627527924E+000 -0.131028262406404E+000 -0.143163205006932E+003
  0.100000000000000E+001  0.285967145349681E+003  0.932717967834202E+000  0.120739907788777E+001  0.661665534980969E+000  0.144267699598513E+000 -0.131028262406404E+000 -0.142983572674841E+003
  0.100000000000000E+001  0.288033483440046E+003  0.778788304748922E+000  0.145953718573728E+001  0.409864895956826E+000  0.403999093794075E+000 -0.131028262406404E+000 -0.144016741720023E+003
  0.100000000000000E+001  0.294617171925658E+003  0.190582831042069E+001  0.159027960549145E+001  0.533563650603745E+000  0.318351472798433E+000 -0.131028262406404E+000 -0.147308585962829E+003
  0.100000000000000E+001  0.286032123946579E+003  0.722690295512297E+000  0.625667195592964E+000  0.890659655652653E+000  0.197268377086029E+000 -0.131028262406404E+000 -0.143016061973289E+003
  0.100000000000000E+001  0.285558948130387E+003  0.601403961836446E+000  0.709371250680201E+000  0.985361870910311E+000  0.141887016881215E+000 -0.131028262406404E+000 -0.142779474065194E+003
  0.100000000000000E+001  0.285993280577032E+003  0.446568025060465E+000  0.607521237444520E+000  0.511423782529937E+000  0.311392741638012E+000 -0.131028262406404E+000 -0.142996640288516E+003
  0.100000000000000E+001  0.285967388351805E+003  0.127823755076838E+001  0.128032705182359E+001  0.406847604400450E+000  0.105292798529046E+000 -0.131028262406404E+000 -0.142983694175902E+003
  0.100000000000000E+001  0.291071983266700E+003  0.147126639496590E+001  0.191708272366975E+001  0.729788461306509E+000  0.346881700128913E+000 -0.131028262406404E+000 -0.145535991633350E+003
  0.100000000000000E+001  0.290107793002742E+003  0.140904737363735E+001  0.721323979800782E+000  0.204101296459483E+000  0.306123493188246E+000 -0.131028262406404E+000 -0.145053896501371E+003
  0.100000000000000E+001  0.288157620503316E+003  0.129057374881095E+001  0.872527590353915E+000  0.961359839561633E+000  0.236975284783797E+000 -0.131028262406404E+000 -0.144078810251658E+003
  0.100000000000000E+001  0.290720547654214E+003  0.153311064239603E+001  0.150816120159261E+001  0.742614212699731E+000  0.289005823426571E+000 -0.131028262406404E+000 -0.145360273827107E+003
  0.100000000000000E+001  0.287001788702771E+003  0.115099221139875E+001  0.103870052018096E+001  0.258783616163602E+000  0.195110898115735E+000 -0.131028262406404E+000 -0.143500894351385E+003
  0.100000000000000E+001  0.293321756394338E+003  0.141677581116273E+001  0.177694384078883E+001  0.602174420333544E+000  0.441617228331945E+000 -0.131028262406404E+000 -0.146660878197169E+003
  0.100000000000000E+001  0.289070130961113E+003  0.112065597189218E+001  0.118321927454110E+001  0.800665448987059E+000  0.321328476318882E+000 -0.131028262406404E+000 -0.144535065480556E+003
  0.100000000000000E+001  0.285640689217457E+003  0.345614528591910E+000  0.192424801090061E+001  0.388015159030866E+000  0.380487872042296E+000 -0.131028262406404E+000 -0.142820344608728E+003
  0.100000000000000E+001  0.286225303314676E+003  0.446644832722780E+000  0.154446380785301E+001  0.306529861966659E+000  0.393660104714500E+000 -0.131028262406404E+000 -0.143112651657338E+003
  0.100000000000000E+001  0.287112320266316E+003  0.149414815150327E+001  0.926557500250346E+000  0.545405363486538E+000  0.155276463587636E+000 -0.131028262406404E+000 -0.143556160133158E+003
  0.100000000000000E+001  0.285693028257309E+003  0.606177205709617E+000  0.182425072606755E+001  0.851451688623924E+000  0.180891179594984E+000 -0.131028262406404E+000 -0.142846514128654E+003
  0.100000000000000E+001  0.285197660693017E+003  0.229474184248955E+000  0.186866283345587E+001  0.493286021086741E+000  0.102654195135371E+000 -0.131028262406404E+000 -0.142598830346508E+003
  0.100000000000000E+001  0.288272212036028E+003  0.107050211462530E+001  0.164050485347081E+001  0.252919682890531E+000  0.305035765273604E+000 -0.131028262406404E+000 -0.144136106018014E+003
  0.100000000000000E+001  0.285676427464718E+003  0.296069804537630E+000  0.180287884910861E+001  0.883948332791716E+000  0.478766437345676E+000 -0.131028262406404E+000 -0.142838213732359E+003
  0.100000000000000E+001  0.291131887820351E+003  0.139745171219385E+001  0.170388366408083E+001  0.989703184183472E+000  0.349015619186928E+000 -0.131028262406404E+000 -0.145565943910176E+003
  0.100000000000000E+001  0.285243114109380E+003  0.179052880246339E+000  0.792856918135567E+000  0.942951900339291E+000  0.175289480155299E+000 -0.131028262406404E+000 -0.142621557054690E+003
  0.100000000000000E+001  0.285903022326469E+003  0.107340469258931E+001  0.104446483060963E+001  0.505226201200314E+000  0.118747334976419E+000 -0.131028262406404E+000 -0.142951511163235E+003
  0.100000000000000E+001  0.288035691884428E+003  0.174290260526854E+001  0.134947085135022E+001  0.463406353331838E+000  0.167393576886928E+000 -0.131028262406404E+000 -0.144017845942214E+003
  0.100000000000000E+001  0.291189604836936E+003  0.122405809737267E+001  0.126476571840271E+001  0.852012580829080E+000  0.386170462829168E+000 -0.131028262406404E+000 -0.145594802418468E+003
  0.100000000000000E+001  0.289308427639671E+003  0.895575392545315E+000  0.139959385052369E+001  0.281050610112470E+000  0.436579059830674E+000 -0.131028262406404E+000 -0.144654213819836E+003
  0.100000000000000E+001  0.286151118475785E+003  0.475579198995145E+000  0.659146548247203E+000  0.819709775883437E+000  0.327369372819512E+000 -0.131028262406404E+000 -0.143075559237892E+003
  0.100000000000000E+001  0.285569283730912E+003  0.236825100158176E+000  0.161324512806146E+001  0.456486433602023E+000  0.428112168670695E+000 -0.131028262406404E+000 -0.142784641865456E+003
  0.100000000000000E+001  0.288227009351081E+003  0.111599229749594E+001  0.156017092105141E+001  0.742417876871849E+000  0.284018833703670E+000 -0.131028262406404E+000 -0.144113504675540E+003
  0.100000000000000E+001  0.289211535770221E+003  0.149855407947331E+001  0.102352653370100E+001  0.849959855622469E+000  0.241950317879557E+000 -0.131028262406404E+000 -0.144605767885111E+003
  0.100000000000000E+001  0.291221729845336E+003  0.179128801820741E+001  0.193827516090226E+001  0.498283447630702E+000  0.273867325363313E+000 -0.131028262406404E+000 -0.145610864922668E+003
  0.100000000000000E+001  0.292692617931525E+003  0.197074009073490E+001  0.133535892871985E+001  0.290742932665728E+000  0.261915548751536E+000 -0.131028262406404E+000 -0.146346308965762E+003
  0.100000000000000E+001  0.285499782890246E+003  0.494887944561709E+000  0.934442861540328E+000  0.998286926674245E+000  0.154890377304389E+000 -0.131028262406404E+000 -0.142749891445123E+003
  0.100000000000000E+001  0.286164412828539E+003  0.136902611276321E+001  0.176104431888743E+001  0.508223123852902E+000  0.114267498664832E+000 -0.131028262406404E+000 -0.143082206414269E+003
  0.100000000000000E+001  0.287404881287749E+003  0.158665292873439E+001  0.163375264244153E+001  0.132803315169291E-001  0.160626022155175E+000 -0.131028262406404E+000 -0.143702440643874E+003
  0.100000000000000E+001  0.289618786742024E+003  0.142033388018517E+001  0.698580366659360E+000  0.538078118990733E+000  0.283590723416371E+000 -0.131028262406404E+000 -0.144809393371012E+003
  0.100000000000000E+001  0.287444165424712E+003  0.105123490403004E+001  0.144413349585144E+001  0.513559806553246E+000  0.247860308322617E+000 -0.131028262406404E+000 -0.143722082712356E+003
  0.100000000000000E+001  0.289157477749000E+003  0.139931133320296E+001  0.176549751274150E+001  0.915573141918796E+000  0.269300465915347E+000 -0.131028262406404E+000 -0.144578738874500E+003
  0.100000000000000E+001  0.287859836418001E+003  0.820108032895143E+000  0.153686691361522E+001  0.590724175281607E+000  0.370850281082844E+000 -0.131028262406404E+000 -0.143929918209000E+003
  0.100000000000000E+001  0.303045761148770E+003  0.194913522640942E+001  0.124650569819528E+001  0.130470427594575E+000  0.461138652891582E+000 -0.131028262406404E+000 -0.151522880574385E+003
  0.100000000000000E+001  0.293361720566614E+003  0.142437845179907E+001  0.128524944120454E+001  0.932371404891312E+000  0.397593401203219E+000 -0.131028262406404E+000 -0.146680860283307E+003
  0.100000000000000E+001  0.288808327701533E+003  0.890025286867822E+000  0.153892651988668E+001  0.416188667933835E+000  0.415474120308098E+000 -0.131028262406404E+000 -0.144404163850766E+003
  0.100000000000000E+001  0.285211240856880E+003  0.125559684154198E+000  0.199984318295171E+001  0.556464511296230E+000  0.278280848580322E+000 -0.131028262406404E+000 -0.142605620428440E+003
  0.100000000000000E+001  0.290555784283096E+003  0.120109852472891E+001  0.109603307596417E+001  0.860782911448221E+000  0.367791530976018E+000 -0.131028262406404E+000 -0.145277892141548E+003
  0.100000000000000E+001  0.288774341867621E+003  0.985944489574529E+000  0.186660374577695E+001  0.768577012601483E+000  0.413267883154323E+000 -0.131028262406404E+000 -0.144387170933810E+003
  0.100000000000000E+001  0.286425245923252E+003  0.804354404506601E+000  0.759071332975105E+000  0.836090873820892E+000  0.224011074968608E+000 -0.131028262406404E+000 -0.143212622961626E+003
  0.100000000000000E+001  0.289411252273375E+003  0.156376950897701E+001  0.191765053988317E+001  0.363453413491270E-001  0.253386546099474E+000 -0.131028262406404E+000 -0.144705626136687E+003
  0.100000000000000E+001  0.292668245595819E+003  0.167008309514853E+001  0.129074060847349E+001  0.869565128190937E+000  0.313428679351071E+000 -0.131028262406404E+000 -0.146334122797909E+003
  0.100000000000000E+001  0.286278969823023E+003  0.140800633368293E+001  0.568707517820091E+000  0.445008790844592E+000  0.117809437210176E+000 -0.131028262406404E+000 -0.143139484911512E+003
  0.100000000000000E+001  0.285357004613390E+003  0.509866216870533E+000  0.107416299912998E+001  0.522007159243456E+000  0.107221404226019E+000 -0.131028262406404E+000 -0.142678502306695E+003
  0.100000000000000E+001  0.285297692450616E+003  0.355286111466189E+000  0.140300846160098E+001  0.258675849494516E+000  0.124845037746634E+000 -0.131028262406404E+000 -0.142648846225308E+003
  0.100000000000000E+001  0.285840756723153E+003  0.338730703678946E+000  0.128365116045755E+001  0.334133688484897E+000  0.358589747155756E+000 -0.131028262406404E+000 -0.142920378361576E+003
  0.100000000000000E+001  0.288583263778130E+003  0.121453508699326E+001  0.663642742729770E+000  0.849105021031461E+000  0.284407350250558E+000 -0.131028262406404E+000 -0.144291631889065E+003
  0.100000000000000E+001  0.286611996972285E+003  0.100001687656693E+001  0.109370967088606E+001  0.513493977547911E+000  0.194058662992121E+000 -0.131028262406404E+000 -0.143305998486142E+003
  0.100000000000000E+001  0.285686191783930E+003  0.716670093130020E+000  0.110814785032706E+001  0.751014877437545E+000  0.142745768127911E+000 -0.131028262406404E+000 -0.142843095891965E+003
  0.100000000000000E+001  0.287881961697288E+003  0.963253655962180E+000  0.103386253382639E+001  0.912375094406046E+000  0.300445925879005E+000 -0.131028262406404E+000 -0.143940980848644E+003
  0.100000000000000E+001  0.287031214387948E+003  0.655272006640189E+000  0.193449180018366E+001  0.558790772431957E+000  0.491090544354536E+000 -0.131028262406404E+000 -0.143515607193974E+003
  0.100000000000000E+001  0.286177169551926E+003  0.399950825260028E+000  0.145067497987151E+001  0.999099440800851E+000  0.416057731887057E+000 -0.131028262406404E+000 -0.143088584775963E+003
  0.100000000000000E+001  0.289846737976171E+003  0.178758469985646E+001  0.102751453343229E+001  0.857316589696518E+000  0.219417874304474E+000 -0.131028262406404E+000 -0.144923368988085E+003
  0.100000000000000E+001  0.286102280744573E+003  0.440045632900367E+000  0.110148650880459E+001  0.768971526181318E+000  0.334946555913032E+000 -0.131028262406404E+000 -0.143051140372287E+003
  0.100000000000000E+001  0.293280838073830E+003  0.135752454776390E+001  0.144878316962411E+001  0.488933931850608E+000  0.424058195821575E+000 -0.131028262406404E+000 -0.146640419036915E+003
  0.100000000000000E+001  0.292258978199225E+003  0.186952714201362E+001  0.160891951211208E+001  0.913529002649072E+000  0.272159996747696E+000 -0.131028262406404E+000 -0.146129489099613E+003
  0.100000000000000E+001  0.299081879495160E+003  0.183792284908491E+001  0.845996089052093E+000  0.650356918605661E+000  0.447171847855932E+000 -0.131028262406404E+000 -0.149540939747580E+003
  0.100000000000000E+001  0.285346396176900E+003  0.201281612685450E+000  0.114219428470290E+001  0.645893623519276E+000  0.252811121508331E+000 -0.131028262406404E+000 -0.142673198088450E+003
  0.100000000000000E+001  0.287416689198409E+003  0.112917714184603E+001  0.100129486319865E+001  0.613192909106430E+000  0.226137199428930E+000 -0.131028262406404E+000 -0.143708344599205E+003
  0.100000000000000E+001  0.288909523955868E+003  0.982062082486059E+000  0.115595936318580E+001  0.663484956050353E+000  0.360927224153322E+000 -0.131028262406404E+000 -0.144454761977934E+003
  0.100000000000000E+001  0.285748019588657E+003  0.627667116071344E+000  0.163132274116802E+001  0.923836989261177E+000  0.181253871010164E+000 -0.131028262406404E+000 -0.142874009794328E+003
  0.100000000000000E+001  0.286539990476940E+003  0.448627473779406E+000  0.156619764659659E+001  0.845152058001669E+000  0.482456806755098E+000 -0.131028262406404E+000 -0.143269995238470E+003
  0.100000000000000E+001  0.285981656648966E+003  0.102670359375900E+001  0.135591179220719E+001  0.642202574465924E+000  0.132974851316082E+000 -0.131028262406404E+000 -0.142990828324483E+003
  0.100000000000000E+001  0.292896763267095E+003  0.176840504260381E+001  0.193299606206351E+001  0.840794126214515E+000  0.330225095081202E+000 -0.131028262406404E+000 -0.146448381633547E+003
  0.100000000000000E+001  0.285219637636427E+003  0.135333106491899E+000  0.784684629286076E+000  0.317990511889306E+000  0.191977436559007E+000 -0.131028262406404E+000 -0.142609818818214E+003
  0.100000000000000E+001  0.288145095030702E+003  0.976267987080462E+000  0.159188507726086E+001  0.356708763911307E+000  0.327273744236271E+000 -0.131028262406404E+000 -0.144072547515351E+003
  0.100000000000000E+001  0.285434139348698E+003  0.206706015837648E+000  0.141657994021683E+001  0.412448223879400E+000  0.333548619579446E+000 -0.131028262406404E+000 -0.142717069674349E+003
  0.100000000000000E+001  0.285331446697429E+003  0.228372293684286E+000  0.176382597612373E+001  0.880560407713542E+000  0.246069510405057E+000 -0.131028262406404E+000 -0.142665723348714E+003
  0.100000000000000E+001  0.286357352273816E+003  0.688553390453040E+000  0.168219385791689E+001  0.595936222275938E+000  0.267939087972937E+000 -0.131028262406404E+000 -0.143178676136908E+003
  0.100000000000000E+001  0.296811284966317E+003  0.170876092954365E+001  0.587755306596391E+000  0.723111105689638E+000  0.488760696245916E+000 -0.131028262406404E+000 -0.148405642483158E+003
  0.100000000000000E+001  0.286211920164729E+003  0.106116901250402E+001  0.149668493444686E+001  0.956023440314140E+000  0.151102484958080E+000 -0.131028262406404E+000 -0.143105960082365E+003
  0.100000000000000E+001  0.288437054557826E+003  0.137617169541320E+001  0.936128790032989E+000  0.767505082092629E+000  0.233138858602975E+000 -0.131028262406404E+000 -0.144218527278913E+003
  0.100000000000000E+001  0.285580704588444E+003  0.362799997642267E+000  0.132151843735820E+001  0.989136786785310E-001  0.246105340513114E+000 -0.131028262406404E+000 -0.142790352294222E+003
  0.100000000000000E+001  0.285945149854306E+003  0.535087242507584E+000  0.984874705815801E+000  0.222039620788206E+000  0.245259064776783E+000 -0.131028262406404E+000 -0.142972574927153E+003
  0.100000000000000E+001  0.286646302692788E+003  0.428431181346836E+000  0.698638688689544E+000  0.952368694840175E+000  0.485406650833441E+000 -0.131028262406404E+000 -0.143323151346394E+003
  0.100000000000000E+001  0.285907172715155E+003  0.320195086688348E+000  0.553588669686254E+000  0.333206820665561E-001  0.407697850565876E+000 -0.131028262406404E+000 -0.142953586357578E+003
  0.100000000000000E+001  0.285474203185428E+003  0.391356528444804E+000  0.134791777889197E+001  0.482858916126189E+000  0.189425986706244E+000 -0.131028262406404E+000 -0.142737101592714E+003
  0.100000000000000E+001  0.289265654613111E+003  0.159957724780415E+001  0.150326427795203E+001  0.635794925217093E+000  0.228462359121223E+000 -0.131028262406404E+000 -0.144632827306556E+003
  0.100000000000000E+001  0.285300863439595E+003  0.232214667827693E+000  0.182599763658146E+001  0.266740061076192E-001  0.213469798255737E+000 -0.131028262406404E+000 -0.142650431719797E+003
  0.100000000000000E+001  0.286472938063484E+003  0.478443225843886E+000  0.121867176710605E+001  0.620792368666528E+000  0.387019473203171E+000 -0.131028262406404E+000 -0.143236469031742E+003
  0.100000000000000E+001  0.285239236018244E+003  0.165149399455783E+000  0.555595136543609E+000  0.826970385675471E+000  0.183110100039826E+000 -0.131028262406404E+000 -0.142619618009122E+003
  0.100000000000000E+001  0.285673036640520E+003  0.336884706915121E+000  0.122720046026358E+001  0.941417766847029E+000  0.296955312762570E+000 -0.131028262406404E+000 -0.142836518320260E+003
  0.100000000000000E+001  0.285407662785096E+003  0.161756198334631E+000  0.803479429178980E+000  0.541098317340249E+000  0.350511818490369E+000 -0.131028262406404E+000 -0.142703831392548E+003
  0.100000000000000E+001  0.293742502562193E+003  0.134283120535865E+001  0.164281231516294E+001  0.775432321531428E-001  0.469332964185046E+000 -0.131028262406404E+000 -0.146871251281097E+003
  0.100000000000000E+001  0.286260826175462E+003  0.443322175629939E+000  0.165319258512532E+001  0.323786236638571E+000  0.432587219615110E+000 -0.131028262406404E+000 -0.143130413087731E+003
  0.100000000000000E+001  0.286792906357188E+003  0.627919034593906E+000  0.154304914701168E+001  0.998109625234656E+000  0.357948545394597E+000 -0.131028262406404E+000 -0.143396453178594E+003
  0.100000000000000E+001  0.285608061546790E+003  0.336969560043929E+000  0.129316573972933E+001  0.481318829073530E-001  0.274710114490212E+000 -0.131028262406404E+000 -0.142804030773395E+003
  0.100000000000000E+001  0.288669132474632E+003  0.147111141240643E+001  0.184788145601300E+001  0.683823759383061E+000  0.236535128650655E+000 -0.131028262406404E+000 -0.144334566237316E+003
  0.100000000000000E+001  0.287642757494859E+003  0.938339315175309E+000  0.881249407041432E+000  0.728043711617978E+000  0.294075036155145E+000 -0.131028262406404E+000 -0.143821378747430E+003
  0.100000000000000E+001  0.287478752330832E+003  0.131535662374203E+001  0.172437836680521E+001  0.906176240026754E+000  0.201849203407978E+000 -0.131028262406404E+000 -0.143739376165416E+003
  0.100000000000000E+001  0.298521046037760E+003  0.163952713019300E+001  0.102493129335934E+001  0.376073039095444E+000  0.477029972689294E+000 -0.131028262406404E+000 -0.149260523018880E+003
  0.100000000000000E+001  0.288973278147153E+003  0.180907589860415E+001  0.125755910416147E+001  0.943714108582195E+000  0.190463377941333E+000 -0.131028262406404E+000 -0.144486639073576E+003
  0.100000000000000E+001  0.285423537018473E+003  0.166731244405518E+000  0.159711452847007E+001  0.689709012003190E+000  0.462387913850385E+000 -0.131028262406404E+000 -0.142711768509236E+003
  0.100000000000000E+001  0.287886166981260E+003  0.100123116016865E+001  0.116326395302317E+001  0.511116107567536E+000  0.288010778694285E+000 -0.131028262406404E+000 -0.143943083490630E+003
  0.100000000000000E+001  0.287710967464455E+003  0.925645125319670E+000  0.198065789781042E+001  0.764355664061860E+000  0.363301061817400E+000 -0.131028262406404E+000 -0.143855483732227E+003
  0.100000000000000E+001  0.285524546129531E+003  0.427676087069093E+000  0.162572471142046E+001  0.150299711039309E+000  0.197734558061374E+000 -0.131028262406404E+000 -0.142762273064766E+003
  0.100000000000000E+001  0.285279353196625E+003  0.322819220103651E+000  0.126942813299037E+001  0.392509320048396E+000  0.125200268597668E+000 -0.131028262406404E+000 -0.142639676598313E+003
  0.100000000000000E+001  0.286442911819726E+003  0.146442257556723E+001  0.806059584773067E+000  0.406446415458901E+000  0.122570559688508E+000 -0.131028262406404E+000 -0.143221455909863E+003
  0.100000000000000E+001  0.288084900591147E+003  0.123857025524163E+001  0.168282536117065E+001  0.228264203122086E+000  0.249226110935273E+000 -0.131028262406404E+000 -0.144042450295573E+003
  0.100000000000000E+001  0.286272883365233E+003  0.672579754130440E+000  0.116318255360175E+001  0.485771978744627E+000  0.245395695689116E+000 -0.131028262406404E+000 -0.143136441682617E+003
  0.100000000000000E+001  0.289091022860098E+003  0.166468266266528E+001  0.199383772374057E+001  0.447134415039618E+000  0.226375109609970E+000 -0.131028262406404E+000 -0.144545511430049E+003
  0.100000000000000E+001  0.285657575422189E+003  0.217713377260595E+000  0.649563715375095E+000  0.447373539859022E+000  0.430348897267460E+000 -0.131028262406404E+000 -0.142828787711095E+003
  0.100000000000000E+001  0.288397886480498E+003  0.165100336871386E+001  0.110614255795270E+001  0.727095299093002E+000  0.189995787272367E+000 -0.131028262406404E+000 -0.144198943240249E+003
  0.100000000000000E+001  0.286272883229024E+003  0.117292932813528E+001  0.806689750629299E+000  0.733283982384071E-001  0.140338387320892E+000 -0.131028262406404E+000 -0.143136441614512E+003
  0.100000000000000E+001  0.285206782690078E+003  0.194034232984776E+000  0.879458487633179E+000  0.475605849053778E+000  0.124996556870786E+000 -0.131028262406404E+000 -0.142603391345039E+003
  0.100000000000000E+001  0.286421388535439E+003  0.139593816901771E+001  0.192167333488965E+001  0.352812864063304E+000  0.130662348937874E+000 -0.131028262406404E+000 -0.143210694267720E+003
  0.100000000000000E+001  0.286105995708049E+003  0.492173585264967E+000  0.143369547520365E+001  0.619323565295541E+000  0.313825859787771E+000 -0.131028262406404E+000 -0.143052997854025E+003
  0.100000000000000E+001  0.296939621756362E+003  0.183024123895373E+001  0.121545416498162E+001  0.469847710683287E+000  0.376806354443426E+000 -0.131028262406404E+000 -0.148469810878181E+003
  0.100000000000000E+001  0.285866670513884E+003  0.117868054810124E+001  0.164584084441717E+001  0.334777252340350E+000  0.106092615769762E+000 -0.131028262406404E+000 -0.142933335256942E+003
  0.100000000000000E+001  0.285947227653533E+003  0.535499494082462E+000  0.164495359438383E+001  0.118315201200788E+000  0.264316227438899E+000 -0.131028262406404E+000 -0.142973613826767E+003
  0.100000000000000E+001  0.290918776751713E+003  0.111399928915208E+001  0.103074324343270E+001  0.610156895435421E+000  0.420160922026111E+000 -0.131028262406404E+000 -0.145459388375856E+003
  0.100000000000000E+001  0.289121742711910E+003  0.181977515457271E+001  0.676499442740100E+000  0.399039281723999E+000  0.199307526322815E+000 -0.131028262406404E+000 -0.144560871355955E+003
  0.100000000000000E+001  0.290326199536036E+003  0.101166567294459E+001  0.129362747321439E+001  0.113648220006109E+000  0.433907995893872E+000 -0.131028262406404E+000 -0.145163099768018E+003
  0.100000000000000E+001  0.298151068095260E+003  0.168399185752779E+001  0.171144177652940E+001  0.136424943892541E+000  0.479056180065380E+000 -0.131028262406404E+000 -0.149075534047630E+003
  0.100000000000000E+001  0.286999521393161E+003  0.766140570753764E+000  0.110556869251358E+001  0.186171816082471E+000  0.296027873611635E+000 -0.131028262406404E+000 -0.143499760696581E+003
  0.100000000000000E+001  0.285936681408477E+003  0.130476601744945E+001  0.194284826399404E+001  0.512405983873522E+000  0.102818201220738E+000 -0.131028262406404E+000 -0.142968340704239E+003
  0.100000000000000E+001  0.287638420441147E+003  0.130331652266349E+001  0.671102764600245E+000  0.194810271592164E+000  0.211344050036042E+000 -0.131028262406404E+000 -0.143819210220574E+003
  0.100000000000000E+001  0.285325445015875E+003  0.250756828157418E+000  0.141243096813307E+001  0.299916090572493E+000  0.198215489368587E+000 -0.131028262406404E+000 -0.142662722507937E+003
  0.100000000000000E+001  0.286679394440526E+003  0.728483323440013E+000  0.842224034827378E+000  0.612816415616507E+000  0.277947380191277E+000 -0.131028262406404E+000 -0.143339697220263E+003
  0.100000000000000E+001  0.292195406829122E+003  0.186796155478484E+001  0.799380456059303E+000  0.525724367811756E+000  0.276501033613748E+000 -0.131028262406404E+000 -0.146097703414561E+003
  0.100000000000000E+001  0.290892242092175E+003  0.121443104957603E+001  0.105267181327691E+001  0.404672679521694E+000  0.379313079841411E+000 -0.131028262406404E+000 -0.145446121046087E+003
  0.100000000000000E+001  0.288481863450588E+003  0.793699483834803E+000  0.140432993914177E+001  0.859752283444842E+000  0.431590896701457E+000 -0.131028262406404E+000 -0.144240931725294E+003
  0.100000000000000E+001  0.288641902303880E+003  0.130514022004253E+001  0.167749796792707E+001  0.355010048496868E+000  0.262726479381103E+000 -0.131028262406404E+000 -0.144320951151940E+003
  0.100000000000000E+001  0.287719644640352E+003  0.175099966804995E+001  0.152414307429346E+001  0.871188211156229E+000  0.156147350990435E+000 -0.131028262406404E+000 -0.143859822320176E+003
  0.100000000000000E+001  0.286127063753341E+003  0.149851891452540E+001  0.789253142621660E+000  0.343656350000748E+000  0.100436972328199E+000 -0.131028262406404E+000 -0.143063531876671E+003
  0.100000000000000E+001  0.301574996383080E+003  0.184211060856141E+001  0.140533302958560E+001  0.252647084563583E+000  0.468816530690546E+000 -0.131028262406404E+000 -0.150787498191540E+003
  0.100000000000000E+001  0.295028326743800E+003  0.183202779667292E+001  0.154856016014788E+001  0.826903339740885E+000  0.340960569620186E+000 -0.131028262406404E+000 -0.147514163371900E+003
  0.100000000000000E+001  0.290017045418891E+003  0.126502633887591E+001  0.117661858313587E+001  0.421954718606507E+000  0.323516209549077E+000 -0.131028262406404E+000 -0.145008522709445E+003
  0.100000000000000E+001  0.288289786007126E+003  0.916823615610152E+000  0.978228742620650E+000  0.646173403641198E+000  0.348047142879652E+000 -0.131028262406404E+000 -0.144144893003563E+003
  0.100000000000000E+001  0.285809036955635E+003  0.292694507153583E+000  0.768612522418872E+000  0.921401569602581E+000  0.385572624160743E+000 -0.131028262406404E+000 -0.142904518477818E+003
  0.100000000000000E+001  0.285702366183259E+003  0.304877369388210E+000  0.178036434414395E+001  0.298532924165950E+000  0.458306962600385E+000 -0.131028262406404E+000 -0.142851183091630E+003
  0.100000000000000E+001  0.285964406777153E+003  0.482953006365270E+000  0.553763820508619E+000  0.364633626416423E+000  0.283022200382900E+000 -0.131028262406404E+000 -0.142982203388576E+003
  0.100000000000000E+001  0.286281062738901E+003  0.104553884573044E+001  0.983249680498676E+000  0.216271156302439E+000  0.157854845104741E+000 -0.131028262406404E+000 -0.143140531369451E+003
  0.100000000000000E+001  0.285643130922257E+003  0.375421409640292E+000  0.147746543858555E+001  0.552529565910754E+000  0.267839917887102E+000 -0.131028262406404E+000 -0.142821565461128E+003
  0.100000000000000E+001  0.285263431032377E+003  0.134899721230243E+000  0.186613116349323E+001  0.640660660912759E+000  0.457234631805744E+000 -0.131028262406404E+000 -0.142631715516188E+003
  0.100000000000000E+001  0.285698389481025E+003  0.554344220977902E+000  0.172502816544620E+001  0.319154185836321E+000  0.198027660860305E+000 -0.131028262406404E+000 -0.142849194740513E+003
  0.100000000000000E+001  0.291018197072842E+003  0.195224252017846E+001  0.112994772332549E+001  0.430642308901159E+000  0.227849610826763E+000 -0.131028262406404E+000 -0.145509098536421E+003
  0.100000000000000E+001  0.287359633964691E+003  0.106946927218326E+001  0.105078239760794E+001  0.458786845670232E+000  0.235081551924976E+000 -0.131028262406404E+000 -0.143679816982345E+003
  0.100000000000000E+001  0.296090026578042E+003  0.175228842009035E+001  0.851518074124717E+000  0.126430298808113E+000  0.398269802492031E+000 -0.131028262406404E+000 -0.148045013289021E+003
  0.100000000000000E+001  0.285314174602731E+003  0.413696600245202E+000  0.767446012908121E+000  0.365039344620535E+000  0.112667457128279E+000 -0.131028262406404E+000 -0.142657087301366E+003
  0.100000000000000E+001  0.286458347059552E+003  0.100751576519793E+001  0.964033274857399E+000  0.839297707599045E+000  0.179731363242169E+000 -0.131028262406404E+000 -0.143229173529776E+003
  0.100000000000000E+001  0.292158849918556E+003  0.172073423364209E+001  0.184435663127631E+001  0.700837473858270E+000  0.310376144416017E+000 -0.131028262406404E+000 -0.146079424959278E+003
  0.100000000000000E+001  0.285523140745338E+003  0.629372452794881E+000  0.188715488831337E+001  0.418825482051687E+000  0.134202930093861E+000 -0.131028262406404E+000 -0.142761570372669E+003
  0.100000000000000E+001  0.291847526137299E+003  0.117438561041926E+001  0.137372919218849E+001  0.212073216789745E+000  0.437891533417841E+000 -0.131028262406404E+000 -0.145923763068650E+003
  0.100000000000000E+001  0.290411451966535E+003  0.102767085842974E+001  0.168201073282017E+001  0.656893870746297E-001  0.476234044730010E+000 -0.131028262406404E+000 -0.145205725983268E+003
  0.100000000000000E+001  0.285721891286288E+003  0.376256515107446E+000  0.181949049052176E+001  0.359194235682022E+000  0.344765708918183E+000 -0.131028262406404E+000 -0.142860945643144E+003
  0.100000000000000E+001  0.288395326907037E+003  0.779914107426221E+000  0.827418876153584E+000  0.193271410551588E+000  0.433642994598600E+000 -0.131028262406404E+000 -0.144197663453518E+003
  0.100000000000000E+001  0.285596447806871E+003  0.785666834602140E+000  0.635181088071131E+000  0.579657658831705E+000  0.115634814657446E+000 -0.131028262406404E+000 -0.142798223903435E+003
  0.100000000000000E+001  0.285216914966323E+003  0.243930801580147E+000  0.179446329774558E+001  0.963305010339045E-001  0.115726511917841E+000 -0.131028262406404E+000 -0.142608457483162E+003
  0.100000000000000E+001  0.286360847929831E+003  0.518716944404048E+000  0.183452479978022E+001  0.556571201153000E-002  0.426194123192603E+000 -0.131028262406404E+000 -0.143180423964916E+003
  0.100000000000000E+001  0.285743002181770E+003  0.510810118364779E+000  0.145205847563021E+001  0.873473808360326E+000  0.219010858509962E+000 -0.131028262406404E+000 -0.142871501090885E+003
  0.100000000000000E+001  0.285355099950081E+003  0.462134933767566E+000  0.140760259331493E+001  0.968401020999296E+000  0.118892245514432E+000 -0.131028262406404E+000 -0.142677549975041E+003
  0.100000000000000E+001  0.285560702556520E+003  0.232252645688175E+000  0.166632319751119E+001  0.296451029954603E+000  0.456142815175087E+000 -0.131028262406404E+000 -0.142780351278260E+003
  0.100000000000000E+001  0.297046888912032E+003  0.154716857769107E+001  0.129083347846635E+001  0.586332150962625E+000  0.462716453842909E+000 -0.131028262406404E+000 -0.148523444456016E+003
  0.100000000000000E+001  0.286358122801441E+003  0.107501927086568E+001  0.137662643479696E+001  0.185097646510047E+000  0.160936851659440E+000 -0.131028262406404E+000 -0.143179061400721E+003
  0.100000000000000E+001  0.289155522040763E+003  0.117705410798104E+001  0.133553864140013E+001  0.798665194098405E-001  0.310151883687398E+000 -0.131028262406404E+000 -0.144577761020381E+003
  0.100000000000000E+001  0.289022419216951E+003  0.170113120883835E+001  0.196753065436707E+001  0.429249487152035E+000  0.216930062343949E+000 -0.131028262406404E+000 -0.144511209608476E+003
  0.100000000000000E+001  0.291094585514445E+003  0.138855496114330E+001  0.919401856096102E+000  0.267456384052002E+000  0.339448366654895E+000 -0.131028262406404E+000 -0.145547292757222E+003
  0.100000000000000E+001  0.295956344120705E+003  0.145933471912835E+001  0.157603420633103E+001  0.429553195050763E-001  0.486497084141944E+000 -0.131028262406404E+000 -0.147978172060353E+003
  0.100000000000000E+001  0.288420074691093E+003  0.153510293326989E+001  0.176500723651620E+001  0.984462280635120E+000  0.212250196078899E+000 -0.131028262406404E+000 -0.144210037345547E+003
  0.100000000000000E+001  0.285938834940274E+003  0.129026112245173E+001  0.731625934673289E+000  0.742312153228653E+000  0.101935119132318E+000 -0.131028262406404E+000 -0.142969417470137E+003
  0.100000000000000E+001  0.295706160717191E+003  0.181410857959529E+001  0.153733176918580E+001  0.251192678476516E-001  0.359736824182772E+000 -0.131028262406404E+000 -0.147853080358596E+003
  0.100000000000000E+001  0.299009874142983E+003  0.173061843034701E+001  0.152441122829368E+001  0.671588548834549E+000  0.458619539629453E+000 -0.131028262406404E+000 -0.149504937071491E+003
  0.100000000000000E+001  0.287669672767586E+003  0.167374848758036E+001  0.178192601225507E+001  0.532883682533242E+000  0.164231491222248E+000 -0.131028262406404E+000 -0.143834836383793E+003
  0.100000000000000E+001  0.287997510732514E+003  0.157909634146085E+001  0.500366714126348E+000  0.282055208313204E+000  0.191201845386183E+000 -0.131028262406404E+000 -0.143998755366257E+003
  0.100000000000000E+001  0.287716333968854E+003  0.195859758449174E+001  0.706572027162190E+000  0.788539466103931E+000  0.139816394042839E+000 -0.131028262406404E+000 -0.143858166984427E+003
  0.100000000000000E+001  0.288920623215822E+003  0.145667926799899E+001  0.139220388801811E+001  0.787161626668785E+000  0.237855277198578E+000 -0.131028262406404E+000 -0.144460311607911E+003
  0.100000000000000E+001  0.289074250019048E+003  0.102500825072240E+001  0.178661211663311E+001  0.641889754703426E+000  0.398407481866368E+000 -0.131028262406404E+000 -0.144537125009524E+003
  0.100000000000000E+001  0.285164563277390E+003  0.123742567941430E+000  0.923126895878804E+000  0.753349969094275E+000  0.112860740415937E+000 -0.131028262406404E+000 -0.142582281638695E+003
  0.100000000000000E+001  0.285346214982690E+003  0.196250566244502E+000  0.172678814839757E+001  0.517206951860027E+000  0.313509263613727E+000 -0.131028262406404E+000 -0.142673107491345E+003
  0.100000000000000E+001  0.285889225716402E+003  0.836487773218975E+000  0.140444333251443E+001  0.761734222808206E+000  0.152030422892122E+000 -0.131028262406404E+000 -0.142944612858201E+003
  0.100000000000000E+001  0.285876125838744E+003  0.395195793811316E+000  0.731737815062809E+000  0.803794961989921E+000  0.311777108577156E+000 -0.131028262406404E+000 -0.142938062919372E+003
  0.100000000000000E+001  0.286812233424958E+003  0.455828942212860E+000  0.987727801661526E+000  0.806499199492997E+000  0.466245216348931E+000 -0.131028262406404E+000 -0.143406116712479E+003
  0.100000000000000E+001  0.290464842610089E+003  0.985162416642081E+000  0.111001012122934E+001  0.100284264858026E+000  0.453432561351861E+000 -0.131028262406404E+000 -0.145232421305045E+003
  0.100000000000000E+001  0.288335348387484E+003  0.102598808238337E+001  0.145308216204659E+001  0.686306605915616E+000  0.314725931955259E+000 -0.131028262406404E+000 -0.144167674193742E+003
  0.100000000000000E+001  0.287600917427336E+003  0.740908247683702E+000  0.990585440188085E+000  0.701646744328507E+000  0.369537637501280E+000 -0.131028262406404E+000 -0.143800458713668E+003
  0.100000000000000E+001  0.285543497031503E+003  0.639390082495293E+000  0.765502130835964E+000  0.417128871912610E+000  0.130227960514075E+000 -0.131028262406404E+000 -0.142771748515751E+003
  0.100000000000000E+001  0.285567569702639E+003  0.342885319786844E+000  0.119031058064815E+001  0.601964228988570E+000  0.250733978955160E+000 -0.131028262406404E+000 -0.142783784851319E+003
  0.100000000000000E+001  0.296142373414180E+003  0.187956426854420E+001  0.123017171041204E+001  0.989315167893621E+000  0.349089902733508E+000 -0.131028262406404E+000 -0.148071186707090E+003
  0.100000000000000E+001  0.285693602263818E+003  0.388715906876191E+000  0.150602964100738E+001  0.769435208727567E+000  0.278073779563757E+000 -0.131028262406404E+000 -0.142846801131909E+003
  0.100000000000000E+001  0.285521265506527E+003  0.225685238760080E+000  0.125419568837813E+001  0.630494224268580E+000  0.348720990378357E+000 -0.131028262406404E+000 -0.142760632753263E+003
  0.100000000000000E+001  0.285778701566606E+003  0.350814448357591E+000  0.524169223542723E+000  0.386393901757833E+000  0.325414506388044E+000 -0.131028262406404E+000 -0.142889350783303E+003
  0.100000000000000E+001  0.286445156279554E+003  0.676511451501814E+000  0.549946435407403E+000  0.253553110300944E+000  0.277776460940602E+000 -0.131028262406404E+000 -0.143222578139777E+003
  0.100000000000000E+001  0.288512814843795E+003  0.143019502762911E+001  0.102931375080562E+001  0.891872185445721E+000  0.225954583941372E+000 -0.131028262406404E+000 -0.144256407421898E+003
  0.100000000000000E+001  0.285361062040565E+003  0.135085676623081E+000  0.147646764738201E+001  0.811788837125271E+000  0.431732253448460E+000 -0.131028262406404E+000 -0.142680531020282E+003
  0.100000000000000E+001  0.287659261350454E+003  0.115432489269446E+001  0.165025513165787E+001  0.671261893786045E+000  0.242507983710260E+000 -0.131028262406404E+000 -0.143829630675227E+003
  0.100000000000000E+001  0.285336731542600E+003  0.431620940556762E+000  0.989870725528264E+000  0.207069288818380E+000  0.117819799932709E+000 -0.131028262406404E+000 -0.142668365771300E+003
  0.100000000000000E+001  0.287750355249472E+003  0.752236593616214E+000  0.124695693023218E+001  0.304671718928428E+000  0.378972541101185E+000 -0.131028262406404E+000 -0.143875177624736E+003
  0.100000000000000E+001  0.291716043331153E+003  0.181430631095575E+001  0.756783182120770E+000  0.479347524189162E+000  0.274855515302911E+000 -0.131028262406404E+000 -0.145858021665576E+003
  0.100000000000000E+001  0.290798638260028E+003  0.138818958741430E+001  0.184561961049493E+001  0.870709081965892E+000  0.353027589733723E+000 -0.131028262406404E+000 -0.145399319130014E+003
  0.100000000000000E+001  0.286766135534044E+003  0.797077049945231E+000  0.198278477964950E+001  0.988104081562406E-001  0.307646723432322E+000 -0.131028262406404E+000 -0.143383067767022E+003
  0.100000000000000E+001  0.285363000535157E+003  0.183372240980093E+000  0.183507404398723E+001  0.550065760346965E+000  0.462513080912495E+000 -0.131028262406404E+000 -0.142681500267578E+003
  0.100000000000000E+001  0.290676881182833E+003  0.181733181722096E+001  0.640889379688046E+000  0.890186650157261E+000  0.249512391354673E+000 -0.131028262406404E+000 -0.145338440591417E+003
  0.100000000000000E+001  0.296386598357264E+003  0.193367972344126E+001  0.799866171803086E+000  0.667685595753749E+000  0.365001581109455E+000 -0.131028262406404E+000 -0.148193299178632E+003
  0.100000000000000E+001  0.285410619151638E+003  0.534203468332532E+000  0.797286353208269E+000  0.346715033252851E+000  0.118531038603364E+000 -0.131028262406404E+000 -0.142705309575819E+003
  0.100000000000000E+001  0.285961317288346E+003  0.368263711835031E+000  0.160179248802357E+001  0.778149907106350E+000  0.413744327903309E+000 -0.131028262406404E+000 -0.142980658644173E+003
  0.100000000000000E+001  0.290491392669890E+003  0.153455929019279E+001  0.502677627736440E+000  0.617161795363536E+000  0.310103961172275E+000 -0.131028262406404E+000 -0.145245696334945E+003
  0.100000000000000E+001  0.287611028286649E+003  0.181963090303543E+001  0.594055779292249E+000  0.318465769141549E+000  0.148009546372850E+000 -0.131028262406404E+000 -0.143805514143325E+003
  0.100000000000000E+001  0.286681753407628E+003  0.516154878396156E+000  0.166561422086011E+001  0.270325713794944E-001  0.461823517657500E+000 -0.131028262406404E+000 -0.143340876703814E+003
  0.100000000000000E+001  0.286228640415657E+003  0.967668837868563E+000  0.867394449275678E+000  0.209689668157584E+000  0.165853485908289E+000 -0.131028262406404E+000 -0.143114320207829E+003
  0.100000000000000E+001  0.287669851088731E+003  0.754886750181288E+000  0.188848531193130E+001  0.136164733178193E+000  0.476010736462727E+000 -0.131028262406404E+000 -0.143834925544365E+003
  0.100000000000000E+001  0.285408919102588E+003  0.245814440567553E+000  0.180894288669819E+001  0.532890965984381E+000  0.309918211880089E+000 -0.131028262406404E+000 -0.142704459551294E+003
  0.100000000000000E+001  0.287375824701893E+003  0.162601729053653E+001  0.184136326364724E+001  0.208508386512287E+000  0.157533241837283E+000 -0.131028262406404E+000 -0.143687912350947E+003
  0.100000000000000E+001  0.297027543600508E+003  0.169057361186320E+001  0.188720360511292E+001  0.951177693866019E+000  0.482652400521097E+000 -0.131028262406404E+000 -0.148513771800254E+003
  0.100000000000000E+001  0.285905087924945E+003  0.721251342150196E+000  0.157254478221318E+001  0.250020171077465E+000  0.181835619065534E+000 -0.131028262406404E+000 -0.142952543962473E+003
  0.100000000000000E+001  0.287814408502467E+003  0.981401266006214E+000  0.171113797523162E+001  0.490325840973156E+000  0.308525150435864E+000 -0.131028262406404E+000 -0.143907204251234E+003
  0.100000000000000E+001  0.285732037811451E+003  0.570326471491485E+000  0.565370610444605E+000  0.753373600683792E+000  0.189832587596610E+000 -0.131028262406404E+000 -0.142866018905726E+003
  0.100000000000000E+001  0.287038631116165E+003  0.122858597367031E+001  0.138026950445887E+001  0.269588290574759E+000  0.185549002754502E+000 -0.131028262406404E+000 -0.143519315558083E+003
  0.100000000000000E+001  0.291957386236636E+003  0.146436702250880E+001  0.620310519128744E+000  0.794510639882553E+000  0.380138704483152E+000 -0.131028262406404E+000 -0.145978693118318E+003
  0.100000000000000E+001  0.287673294741205E+003  0.887989915642577E+000  0.812581722933900E+000  0.421835313323862E+000  0.316992863468269E+000 -0.131028262406404E+000 -0.143836647370602E+003
  0.100000000000000E+001  0.295564582481381E+003  0.157884257947867E+001  0.138042707888112E+001  0.516084891835617E+000  0.414427775885357E+000 -0.131028262406404E+000 -0.147782291240691E+003
  0.100000000000000E+001  0.285319115348692E+003  0.323399503828097E+000  0.179650767944446E+001  0.788762314057380E+000  0.156997649011036E+000 -0.131028262406404E+000 -0.142659557674346E+003
  0.100000000000000E+001  0.285555287974403E+003  0.193396185212033E+000  0.143558526006294E+001  0.113788585756693E-001  0.461140853594110E+000 -0.131028262406404E+000 -0.142777643987202E+003
  0.100000000000000E+001  0.301084343111156E+003  0.197325126258143E+001  0.182337618582385E+001  0.265213522316121E+000  0.465284181634562E+000 -0.131028262406404E+000 -0.150542171555578E+003
  0.100000000000000E+001  0.292125585825820E+003  0.165126200329785E+001  0.147050733409745E+001  0.321084018124347E+000  0.305340484488356E+000 -0.131028262406404E+000 -0.146062792912910E+003
  0.100000000000000E+001  0.285575588686460E+003  0.190221075323205E+000  0.604741984742069E+000  0.972024228307375E+000  0.434477594887802E+000 -0.131028262406404E+000 -0.142787794343230E+003
  0.100000000000000E+001  0.285446820395322E+003  0.230708819950579E+000  0.188235238973016E+001  0.458445201918833E+000  0.498985622188349E+000 -0.131028262406404E+000 -0.142723410197661E+003
  0.100000000000000E+001  0.294433135254326E+003  0.171956597101066E+001  0.581496902129592E+000  0.973923875731575E+000  0.400413532331727E+000 -0.131028262406404E+000 -0.147216567627163E+003
  0.100000000000000E+001  0.285888775817457E+003  0.535870363568588E+000  0.179937551490569E+001  0.897746543172562E+000  0.260867539535713E+000 -0.131028262406404E+000 -0.142944387908729E+003
  0.100000000000000E+001  0.287667534889518E+003  0.110951730060266E+001  0.121411966969330E+001  0.797371524080080E+000  0.245439036516736E+000 -0.131028262406404E+000 -0.143833767444759E+003
  0.100000000000000E+001  0.290234099775972E+003  0.125527147397706E+001  0.514169170614852E+000  0.686342799662987E+000  0.386420839124564E+000 -0.131028262406404E+000 -0.145117049887986E+003
  0.100000000000000E+001  0.286942808734925E+003  0.175723720799711E+001  0.626475640034643E+000  0.670540407436182E+000  0.125567586512061E+000 -0.131028262406404E+000 -0.143471404367462E+003
  0.100000000000000E+001  0.285372477869089E+003  0.167682271045051E+000  0.175173774529908E+001  0.918170184408214E+000  0.481692424025581E+000 -0.131028262406404E+000 -0.142686238934544E+003
  0.100000000000000E+001  0.285358958746391E+003  0.180068282391934E+000  0.140547391647146E+001  0.368808610179594E+000  0.309569157658924E+000 -0.131028262406404E+000 -0.142679479373196E+003
  0.100000000000000E+001  0.285287788190001E+003  0.167605047475279E+000  0.977142115836739E+000  0.793079565554985E+000  0.235728491526460E+000 -0.131028262406404E+000 -0.142643894095001E+003
  0.100000000000000E+001  0.297985997839918E+003  0.178628943509824E+001  0.697755072717563E+000  0.356509930500426E+000  0.464380002330807E+000 -0.131028262406404E+000 -0.148992998919959E+003
  0.100000000000000E+001  0.286810227505164E+003  0.607413127059989E+000  0.672248357628203E+000  0.278332316446562E+000  0.363877680653370E+000 -0.131028262406404E+000 -0.143405113752582E+003
  0.100000000000000E+001  0.293344859992707E+003  0.191980543204564E+001  0.110016677359235E+001  0.951380151246487E+000  0.285182908708668E+000 -0.131028262406404E+000 -0.146672429996354E+003
  0.100000000000000E+001  0.285621498352328E+003  0.219919734404182E+000  0.101520022072863E+001  0.362815325938999E-001  0.398809186402075E+000 -0.131028262406404E+000 -0.142810749176164E+003
  0.100000000000000E+001  0.285222109602347E+003  0.146177262063425E+000  0.704585188670988E+000  0.218836898907243E+000  0.182152644871216E+000 -0.131028262406404E+000 -0.142611054801173E+003
  0.100000000000000E+001  0.285196838650516E+003  0.161046786027771E+000  0.181853390066396E+001  0.286462641541019E+000  0.148507604771232E+000 -0.131028262406404E+000 -0.142598419325258E+003
  0.100000000000000E+001  0.286100160537509E+003  0.527655920969287E+000  0.127537953874572E+001  0.570441029826512E+000  0.283613053223569E+000 -0.131028262406404E+000 -0.143050080268754E+003
  0.100000000000000E+001  0.286596116382644E+003  0.147890433797566E+001  0.548390877848621E+000  0.760655428389382E+000  0.131363578291106E+000 -0.131028262406404E+000 -0.143298058191322E+003
  0.100000000000000E+001  0.301612548927408E+003  0.187824537873065E+001  0.141748243750143E+001  0.749118215446441E+000  0.458616470485601E+000 -0.131028262406404E+000 -0.150806274463704E+003
  0.100000000000000E+001  0.297724353171718E+003  0.199814555742420E+001  0.765787312226377E+000  0.145246617417659E+000  0.383822695728977E+000 -0.131028262406404E+000 -0.148862176585859E+003
  0.100000000000000E+001  0.287788794891775E+003  0.133878661189267E+001  0.161454007867488E+001  0.255908118981748E+000  0.211927877836638E+000 -0.131028262406404E+000 -0.143894397445888E+003
  0.100000000000000E+001  0.288449987116671E+003  0.173736944066761E+001  0.130144931911510E+001  0.910882786729450E+000  0.181901126069141E+000 -0.131028262406404E+000 -0.144224993558336E+003
  0.100000000000000E+001  0.288804628749694E+003  0.843485767399410E+000  0.142090454559427E+001  0.916175538511012E+000  0.430121249074648E+000 -0.131028262406404E+000 -0.144402314374847E+003
  0.100000000000000E+001  0.288924003684698E+003  0.997668426447087E+000  0.160856597383130E+001  0.206004263322439E+000  0.375878164299458E+000 -0.131028262406404E+000 -0.144462001842349E+003
  0.100000000000000E+001  0.285370452247375E+003  0.205361414770249E+000  0.179715965119149E+001  0.609273700075787E+000  0.347684902405503E+000 -0.131028262406404E+000 -0.142685226123687E+003
  0.100000000000000E+001  0.291684428742843E+003  0.191580073632321E+001  0.188666815015894E+001  0.193908626007724E+000  0.261738451847937E+000 -0.131028262406404E+000 -0.145842214371421E+003
  0.100000000000000E+001  0.293288967667217E+003  0.132402749933660E+001  0.170002253295430E+001  0.936678974577666E+000  0.469668987419582E+000 -0.131028262406404E+000 -0.146644483833608E+003
  0.100000000000000E+001  0.288530336753520E+003  0.122800954690172E+001  0.754578191175800E+000  0.696574269458141E+000  0.273584474869039E+000 -0.131028262406404E+000 -0.144265168376760E+003
  0.100000000000000E+001  0.285755305004965E+003  0.405469804388882E+000  0.111133030833606E+001  0.997138690621678E+000  0.270001677119447E+000 -0.131028262406404E+000 -0.142877652502483E+003
  0.100000000000000E+001  0.287619635873497E+003  0.185122581370847E+001  0.126906433679509E+001  0.235753659655709E+000  0.143162535624161E+000 -0.131028262406404E+000 -0.143809817936749E+003
  0.100000000000000E+001  0.286203756991345E+003  0.402277408015271E+000  0.643995883338023E+000  0.962258255060721E+000  0.403771308147019E+000 -0.131028262406404E+000 -0.143101878495673E+003
  0.100000000000000E+001  0.296526822248820E+003  0.156760572042369E+001  0.161693778877414E+001  0.189373771562305E+000  0.463897983026665E+000 -0.131028262406404E+000 -0.148263411124410E+003
  0.100000000000000E+001  0.285690120325099E+003  0.309866751238138E+000  0.154096373365654E+001  0.835922741316836E+000  0.360283138154860E+000 -0.131028262406404E+000 -0.142845060162549E+003
  0.100000000000000E+001  0.286405260683538E+003  0.374452106057510E+000  0.914681716480463E+000  0.581853180972479E+000  0.468194028976629E+000 -0.131028262406404E+000 -0.143202630341769E+003
  0.100000000000000E+001  0.286200691185481E+003  0.138078196854558E+001  0.111154171530897E+001  0.146612603990042E+000  0.113953399912265E+000 -0.131028262406404E+000 -0.143100345592740E+003
  0.100000000000000E+001  0.288316714559349E+003  0.129731564378826E+001  0.193168649470252E+001  0.730386232028717E+000  0.261027703673422E+000 -0.131028262406404E+000 -0.144158357279675E+003
  0.100000000000000E+001  0.286909482736129E+003  0.538187897885872E+000  0.871262208958729E+000  0.986731203142440E+000  0.414807656634419E+000 -0.131028262406404E+000 -0.143454741368064E+003
  0.100000000000000E+001  0.291913204115443E+003  0.137363420820129E+001  0.188268997569413E+001  0.929081042029448E+000  0.419088016336640E+000 -0.131028262406404E+000 -0.145956602057721E+003
  0.100000000000000E+001  0.295837959848122E+003  0.143858792105544E+001  0.145720302671857E+001  0.600965858907426E+000  0.478277306538519E+000 -0.131028262406404E+000 -0.147918979924061E+003
  0.100000000000000E+001  0.295683645315529E+003  0.191240197200737E+001  0.609951334848462E+000  0.183316105978890E+000  0.378124681805593E+000 -0.131028262406404E+000 -0.147841822657764E+003
  0.100000000000000E+001  0.288884256777962E+003  0.142338978242788E+001  0.623644728087108E+000  0.625266345630481E+000  0.253535480298452E+000 -0.131028262406404E+000 -0.144442128388981E+003
  0.100000000000000E+001  0.285188752833093E+003  0.162083186470491E+000  0.674649511027509E+000  0.416826403937393E+000  0.122535552015146E+000 -0.131028262406404E+000 -0.142594376416546E+003
  0.100000000000000E+001  0.287633882872395E+003  0.859930095958812E+000  0.554788806907891E+000  0.924827201152216E+000  0.343904235348453E+000 -0.131028262406404E+000 -0.143816941436197E+003
  0.100000000000000E+001  0.290332266285982E+003  0.125767146803946E+001  0.135329403688362E+001  0.640375802901868E+000  0.340386070243456E+000 -0.131028262406404E+000 -0.145166133142991E+003
  0.100000000000000E+001  0.285604157122111E+003  0.527717299823290E+000  0.962332485545492E+000  0.100724209430901E+000  0.172619049333183E+000 -0.131028262406404E+000 -0.142802078561056E+003
  0.100000000000000E+001  0.291337614625143E+003  0.127274197470195E+001  0.143988692113851E+001  0.838535441749213E+000  0.380329773951934E+000 -0.131028262406404E+000 -0.145668807312572E+003
  0.100000000000000E+001  0.291492069178491E+003  0.163332397337987E+001  0.669805204765320E+000  0.137089690958533E+000  0.309575061654514E+000 -0.131028262406404E+000 -0.145746034589246E+003
  0.100000000000000E+001  0.286026027093702E+003  0.855721129526899E+000  0.106390917694678E+001  0.648115013688082E+000  0.164038277645785E+000 -0.131028262406404E+000 -0.143013013546851E+003
  0.100000000000000E+001  0.286007729474005E+003  0.275102321029387E+000  0.778040728111330E+000  0.639124179248874E+000  0.490423717120990E+000 -0.131028262406404E+000 -0.143003864737002E+003
  0.100000000000000E+001  0.285237656651544E+003  0.260430419129991E+000  0.135036134069280E+001  0.333889609480187E+000  0.122518530596594E+000 -0.131028262406404E+000 -0.142618828325772E+003
  0.100000000000000E+001  0.299883617997862E+003  0.188713440467153E+001  0.146737970518625E+001  0.303282493556172E+000  0.424623081931521E+000 -0.131028262406404E+000 -0.149941808998931E+003
  0.100000000000000E+001  0.285369430623092E+003  0.252694285531125E+000  0.102231258170942E+001  0.634711444707420E-001  0.217486951317828E+000 -0.131028262406404E+000 -0.142684715311546E+003
  0.100000000000000E+001  0.287510110964570E+003  0.113079477776015E+001  0.196509274132051E+001  0.144235195562278E+000  0.254031316662225E+000 -0.131028262406404E+000 -0.143755055482285E+003
  0.100000000000000E+001  0.285803206074618E+003  0.288130925191932E+000  0.838139214041368E+000  0.272406703697240E+000  0.386811750748845E+000 -0.131028262406404E+000 -0.142901603037309E+003
  0.100000000000000E+001  0.285705439920593E+003  0.624010323999808E+000  0.114004751370212E+001  0.562414670782966E+000  0.167655869736015E+000 -0.131028262406404E+000 -0.142852719960297E+003
  0.100000000000000E+001  0.287658760755144E+003  0.761201098084516E+000  0.121807442463316E+001  0.931984746335640E-001  0.364694947447869E+000 -0.131028262406404E+000 -0.143829380377572E+003
  0.100000000000000E+001  0.285608932526666E+003  0.871425007389315E+000  0.732651513431999E+000  0.204572702741494E+000  0.106148560565251E+000 -0.131028262406404E+000 -0.142804466263333E+003
  0.100000000000000E+001  0.289244519348531E+003  0.156143496429881E+001  0.138798102399046E+001  0.543699841569927E+000  0.232296728900334E+000 -0.131028262406404E+000 -0.144622259674265E+003
  0.100000000000000E+001  0.287677321678454E+003  0.148010956027845E+001  0.183399177070530E+001  0.540011611048329E+000  0.189089324528417E+000 -0.131028262406404E+000 -0.143838660839227E+003
  0.100000000000000E+001  0.287080324401496E+003  0.147983708194209E+001  0.193180012589230E+001  0.340784840726935E+000  0.160753629722746E+000 -0.131028262406404E+000 -0.143540162200748E+003
  0.100000000000000E+001  0.285725663050660E+003  0.816997655340751E+000  0.824885686794953E+000  0.447474377697312E+000  0.131076200760860E+000 -0.131028262406404E+000 -0.142862831525330E+003
  0.100000000000000E+001  0.296672387322852E+003  0.182306581295545E+001  0.873773223271896E+000  0.887881381726524E-001  0.391293510561947E+000 -0.131028262406404E+000 -0.148336193661426E+003
  0.100000000000000E+001  0.289817992393126E+003  0.949092470431602E+000  0.135149453155631E+001  0.601775954040787E-001  0.438254656232308E+000 -0.131028262406404E+000 -0.144908996196563E+003
  0.100000000000000E+001  0.287249739479263E+003  0.786415419042629E+000  0.157982376130633E+001  0.574883973371726E+000  0.329686103302738E+000 -0.131028262406404E+000 -0.143624869739632E+003
  0.100000000000000E+001  0.286370644461825E+003  0.373496855388727E+000  0.616621556498766E+000  0.400242354285950E+000  0.496140703357669E+000 -0.131028262406404E+000 -0.143185322230913E+003
  0.100000000000000E+001  0.286110681135248E+003  0.952640912967774E+000  0.674844368306483E+000  0.839944516780076E+000  0.157312493058091E+000 -0.131028262406404E+000 -0.143055340567624E+003
  0.100000000000000E+001  0.291489364307575E+003  0.138498368906090E+001  0.919849579528123E+000  0.312402316976757E+000  0.355431986857620E+000 -0.131028262406404E+000 -0.145744682153787E+003
  0.100000000000000E+001  0.287048599005346E+003  0.745822342069617E+000  0.637135869058243E+000  0.405279441157191E+000  0.323681799113741E+000 -0.131028262406404E+000 -0.143524299502673E+003
  0.100000000000000E+001  0.288081379422714E+003  0.197854873246325E+001  0.119645258564469E+001  0.527235080353527E+000  0.148184608161985E+000 -0.131028262406404E+000 -0.144040689711357E+003
  0.100000000000000E+001  0.289204244476951E+003  0.106656977079459E+001  0.113404944470284E+001  0.618819263529821E+000  0.346708888116855E+000 -0.131028262406404E+000 -0.144602122238475E+003
  0.100000000000000E+001  0.289411449996677E+003  0.946331558423838E+000  0.604683951567907E+000  0.197498062870504E+000  0.461564163381363E+000 -0.131028262406404E+000 -0.144705724998338E+003
  0.100000000000000E+001  0.291565246824994E+003  0.126299045583461E+001  0.135241862333076E+001  0.196748060001319E+000  0.389557932638592E+000 -0.131028262406404E+000 -0.145782623412497E+003
  0.100000000000000E+001  0.285341306828657E+003  0.326221589320441E+000  0.186606531710627E+001  0.926799691473547E+000  0.172136669756262E+000 -0.131028262406404E+000 -0.142670653414329E+003
  0.100000000000000E+001  0.286173627808057E+003  0.150603514150370E+001  0.112699101836521E+001  0.697279229498502E+000  0.102760102129372E+000 -0.131028262406404E+000 -0.143086813904029E+003
  0.100000000000000E+001  0.285380274362276E+003  0.253482626675354E+000  0.935191128854523E+000  0.755288161155882E+000  0.222391688136359E+000 -0.131028262406404E+000 -0.142690137181138E+003
  0.100000000000000E+001  0.291722088409769E+003  0.112785212618439E+001  0.162809677802494E+001  0.839876042193216E+000  0.484940546095314E+000 -0.131028262406404E+000 -0.145861044204885E+003
  0.100000000000000E+001  0.292085472042109E+003  0.144506952485688E+001  0.101491775991772E+001  0.475104383943089E+000  0.354797836259363E+000 -0.131028262406404E+000 -0.146042736021054E+003
  0.100000000000000E+001  0.289979589749143E+003  0.989710315182421E+000  0.107353381228393E+001  0.685044707063888E+000  0.423706527810961E+000 -0.131028262406404E+000 -0.144989794874571E+003
  0.100000000000000E+001  0.292079191330834E+003  0.194154077377945E+001  0.998267513389778E+000  0.739173224245325E+000  0.255690621151712E+000 -0.131028262406404E+000 -0.146039595665417E+003
  0.100000000000000E+001  0.289490059425360E+003  0.120755878125078E+001  0.169057208252938E+001  0.897079489649788E+000  0.334165431055918E+000 -0.131028262406404E+000 -0.144745029712680E+003
  0.100000000000000E+001  0.286593961606632E+003  0.187753706920533E+001  0.101964955355881E+001  0.530915382691779E+000  0.101912388624726E+000 -0.131028262406404E+000 -0.143296980803316E+003
  0.100000000000000E+001  0.285876246114736E+003  0.339352057159783E+000  0.574067223411192E+000  0.641048174566584E+000  0.370108840569102E+000 -0.131028262406404E+000 -0.142938123057368E+003
  0.100000000000000E+001  0.287979307388013E+003  0.724687130520086E+000  0.552116507412124E+000  0.903723995363646E+000  0.473662141297996E+000 -0.131028262406404E+000 -0.143989653694006E+003
  0.100000000000000E+001  0.288933135255424E+003  0.988435825444501E+000  0.164354103135376E+001  0.990069815577094E+000  0.384949941989011E+000 -0.131028262406404E+000 -0.144466567627712E+003
  0.100000000000000E+001  0.287478325902643E+003  0.695510070727760E+000  0.938662647185882E+000  0.286449286098653E+000  0.382929966227468E+000 -0.131028262406404E+000 -0.143739162951321E+003
  0.100000000000000E+001  0.286590142227531E+003  0.156756004622876E+001  0.121771314504831E+001  0.773181793325384E+000  0.122053585446140E+000 -0.131028262406404E+000 -0.143295071113766E+003
  0.100000000000000E+001  0.286007207249416E+003  0.344830875183381E+000  0.128673968028630E+001  0.512103586660403E+000  0.407279040028074E+000 -0.131028262406404E+000 -0.143003603624708E+003
  0.100000000000000E+001  0.291410762218084E+003  0.126824021032144E+001  0.975665039990928E+000  0.674945459512430E+000  0.386217547273478E+000 -0.131028262406404E+000 -0.145705381109042E+003
  0.100000000000000E+001  0.286432923316616E+003  0.172695610645416E+001  0.952577883651573E+000  0.912958394769413E+000  0.103098996670177E+000 -0.131028262406404E+000 -0.143216461658308E+003
  0.100000000000000E+001  0.296903664768916E+003  0.161039048670866E+001  0.170759353569865E+001  0.752167220832205E+000  0.472136258143415E+000 -0.131028262406404E+000 -0.148451832384458E+003
  0.100000000000000E+001  0.292114064284062E+003  0.143924757823479E+001  0.187841664193413E+001  0.953426319560944E+000  0.398983974299505E+000 -0.131028262406404E+000 -0.146057032142031E+003
  0.100000000000000E+001  0.285291112779059E+003  0.288160138611984E+000  0.153534851135622E+001  0.844453302319853E+000  0.151499073911358E+000 -0.131028262406404E+000 -0.142645556389530E+003
  0.100000000000000E+001  0.295224965162185E+003  0.162287956137390E+001  0.114431094494365E+001  0.444504136200332E+000  0.392459848681929E+000 -0.131028262406404E+000 -0.147612482581093E+003
  0.100000000000000E+001  0.290289802536038E+003  0.173084186817346E+001  0.754147514587103E+000  0.868256012381759E+000  0.246642129224919E+000 -0.131028262406404E+000 -0.145144901268019E+003
  0.100000000000000E+001  0.285809300069086E+003  0.342443581873466E+000  0.161400598947993E+001  0.881957456430710E+000  0.387139143100572E+000 -0.131028262406404E+000 -0.142904650034543E+003
  0.100000000000000E+001  0.286441897232308E+003  0.585032370683691E+000  0.755262806781358E+000  0.319097253294077E+000  0.312853923998343E+000 -0.131028262406404E+000 -0.143220948616154E+003
  0.100000000000000E+001  0.286617594878780E+003  0.923540248737287E+000  0.914448327793280E+000  0.210029186721234E+000  0.211498838154991E+000 -0.131028262406404E+000 -0.143308797439390E+003
  0.100000000000000E+001  0.287624003839461E+003  0.871873905871209E+000  0.889013142919459E+000  0.177777731453562E+000  0.316051979177739E+000 -0.131028262406404E+000 -0.143812001919731E+003
  0.100000000000000E+001  0.287284669240164E+003  0.117371756509824E+001  0.111475407327116E+001  0.543476734268269E+000  0.208803523039122E+000 -0.131028262406404E+000 -0.143642334620082E+003
  0.100000000000000E+001  0.288111494759394E+003  0.109652895898463E+001  0.708167299297503E+000  0.691808941027569E+000  0.285559755877070E+000 -0.131028262406404E+000 -0.144055747379697E+003
  0.100000000000000E+001  0.287482800265482E+003  0.137053273067395E+001  0.111104361149680E+001  0.932693386450331E+000  0.188080662082241E+000 -0.131028262406404E+000 -0.143741400132741E+003
  0.100000000000000E+001  0.285641511201792E+003  0.905089873515786E+000  0.121300680741759E+001  0.501444676876713E+000  0.107174847525546E+000 -0.131028262406404E+000 -0.142820755600896E+003
  0.100000000000000E+001  0.287174191979758E+003  0.117774608397734E+001  0.188553101734687E+001  0.682938692482396E+000  0.213344742502677E+000 -0.131028262406404E+000 -0.143587095989879E+003
  0.100000000000000E+001  0.289835677729699E+003  0.114078896485886E+001  0.664195711058015E+000  0.735108131978176E+000  0.383612958342161E+000 -0.131028262406404E+000 -0.144917838864849E+003
  0.100000000000000E+001  0.285448413285434E+003  0.135901478125040E+000  0.959748344639663E+000  0.142396524032450E+000  0.444759167649006E+000 -0.131028262406404E+000 -0.142724206642717E+003
  0.100000000000000E+001  0.285237947282220E+003  0.287310256246242E+000  0.157262069716870E+001  0.587593540703160E+000  0.112923253641866E+000 -0.131028262406404E+000 -0.142618973641110E+003
  0.100000000000000E+001  0.289855910170333E+003  0.145123311893647E+001  0.199834396807490E+001  0.520332002427114E+000  0.306866965590478E+000 -0.131028262406404E+000 -0.144927955085166E+003
  0.100000000000000E+001  0.286133376350375E+003  0.427792074492077E+000  0.181170557114684E+001  0.373733320693689E+000  0.477271586500635E+000 -0.131028262406404E+000 -0.143066688175188E+003
  0.100000000000000E+001  0.291701878739509E+003  0.181824448879436E+001  0.896989591406359E+000  0.353689072177812E+000  0.268077687320654E+000 -0.131028262406404E+000 -0.145850939369754E+003
  0.100000000000000E+001  0.288531052626881E+003  0.107926902974130E+001  0.156229703005993E+001  0.870700060727020E-001  0.314080793023798E+000 -0.131028262406404E+000 -0.144265526313441E+003
  0.100000000000000E+001  0.286041768630470E+003  0.333227387845877E+000  0.153959179995794E+001  0.137580507161186E+000  0.485125403512042E+000 -0.131028262406404E+000 -0.143020884315235E+003
  0.100000000000000E+001  0.290899332680141E+003  0.111781107650938E+001  0.112542176388130E+001  0.177235001543091E+000  0.414537206565146E+000 -0.131028262406404E+000 -0.145449666340070E+003
  0.100000000000000E+001  0.285826486600632E+003  0.391028478138937E+000  0.106222243605596E+001  0.731613258695087E+000  0.299535894700797E+000 -0.131028262406404E+000 -0.142913243300316E+003
  0.100000000000000E+001  0.289256603601419E+003  0.155562360691497E+001  0.196326738151417E+001  0.992250018514771E+000  0.251292453390806E+000 -0.131028262406404E+000 -0.144628301800709E+003
  0.100000000000000E+001  0.285813648545947E+003  0.725337467902667E+000  0.184659674128555E+001  0.779836693650464E+000  0.171034149084282E+000 -0.131028262406404E+000 -0.142906824272973E+003
  0.100000000000000E+001  0.285577214015679E+003  0.808645907550606E+000  0.827616627977676E+000  0.611427003040734E+000  0.109032314265099E+000 -0.131028262406404E+000 -0.142788607007840E+003
  0.100000000000000E+001  0.287973822993001E+003  0.135962017767098E+001  0.561012143845205E+000  0.162788443760270E+000  0.222723954385657E+000 -0.131028262406404E+000 -0.143986911496500E+003
  0.100000000000000E+001  0.290968663898201E+003  0.157462934602156E+001  0.674172166371024E+000  0.987087686431698E+000  0.303908628945444E+000 -0.131028262406404E+000 -0.145484331949100E+003
  0.100000000000000E+001  0.289299224156777E+003  0.109269668085839E+001  0.667603430579280E+000  0.230144287313115E-001  0.368356245073392E+000 -0.131028262406404E+000 -0.144649612078388E+003
  0.100000000000000E+001  0.297018655518637E+003  0.192962043768814E+001  0.568840514421181E+000  0.551089618797929E+000  0.420728247621601E+000 -0.131028262406404E+000 -0.148509327759318E+003
  0.100000000000000E+001  0.292266967602289E+003  0.179608708457756E+001  0.113067274264008E+001  0.212360374049742E+000  0.280553686482544E+000 -0.131028262406404E+000 -0.146133483801145E+003
  0.100000000000000E+001  0.287481551727487E+003  0.645885676810833E+000  0.135728604014936E+001  0.887859419446982E+000  0.422275377064803E+000 -0.131028262406404E+000 -0.143740775863744E+003
  0.100000000000000E+001  0.286481966051313E+003  0.117857801037643E+001  0.903366509464658E+000  0.526032001475651E-001  0.155271153637515E+000 -0.131028262406404E+000 -0.143240983025656E+003
  0.100000000000000E+001  0.291717101488727E+003  0.123131097297697E+001  0.103664711153675E+001  0.111525617835693E+000  0.409213947662486E+000 -0.131028262406404E+000 -0.145858550744363E+003
  0.100000000000000E+001  0.285342790620604E+003  0.222381042481545E+000  0.147040424250273E+001  0.976961941054991E+000  0.241172929041354E+000 -0.131028262406404E+000 -0.142671395310302E+003
  0.100000000000000E+001  0.288849808831721E+003  0.140786063944040E+001  0.600835823389572E+000  0.157571158296633E+000  0.256196172642368E+000 -0.131028262406404E+000 -0.144424904415861E+003
  0.100000000000000E+001  0.286769867371481E+003  0.149671193820201E+001  0.792630899727554E+000  0.663422294795519E+000  0.138101274405723E+000 -0.131028262406404E+000 -0.143384933685741E+003
  0.100000000000000E+001  0.287714403231548E+003  0.100366962242727E+001  0.185707951664446E+001  0.881779378737221E+000  0.304764591227454E+000 -0.131028262406404E+000 -0.143857201615774E+003
  0.100000000000000E+001  0.291520897712878E+003  0.138613979346740E+001  0.165680098639116E+001  0.917722417241215E+000  0.364048217458617E+000 -0.131028262406404E+000 -0.145760448856439E+003
  0.100000000000000E+001  0.286426532959245E+003  0.149180034458910E+001  0.147562764216832E+001  0.814149634013801E+000  0.119659031280125E+000 -0.131028262406404E+000 -0.143213266479623E+003
  0.100000000000000E+001  0.290355601785763E+003  0.126055255881629E+001  0.104992915975909E+001  0.731476539456455E+000  0.341226851229124E+000 -0.131028262406404E+000 -0.145177800892882E+003
  0.100000000000000E+001  0.285996266915476E+003  0.110870072479845E+001  0.123159201861177E+001  0.653197302314924E+000  0.124077071886562E+000 -0.131028262406404E+000 -0.142998133457738E+003
  0.100000000000000E+001  0.290489177393828E+003  0.170205006166632E+001  0.199203965810798E+001  0.183639814078079E+000  0.271198503849831E+000 -0.131028262406404E+000 -0.145244588696914E+003
  0.100000000000000E+001  0.287181355732352E+003  0.827336068484176E+000  0.877484522410574E+000  0.838871028922417E+000  0.293289157457570E+000 -0.131028262406404E+000 -0.143590677866176E+003
  0.100000000000000E+001  0.287422322412352E+003  0.774896127371897E+000  0.504986490292840E+000  0.600092185556742E+000  0.369648569479935E+000 -0.131028262406404E+000 -0.143711161206176E+003
  0.100000000000000E+001  0.295157633654804E+003  0.152649695301794E+001  0.188910891699998E+001  0.297621198479815E+000  0.494143445288863E+000 -0.131028262406404E+000 -0.147578816827402E+003
  0.100000000000000E+001  0.291653626792819E+003  0.150012494585199E+001  0.679382856764750E+000  0.762144484156774E+000  0.348701911304458E+000 -0.131028262406404E+000 -0.145826813396410E+003
  0.100000000000000E+001  0.285384345274889E+003  0.124499394764805E+000  0.126823511312201E+001  0.735822030420304E+000  0.443767453804632E+000 -0.131028262406404E+000 -0.142692172637445E+003
  0.100000000000000E+001  0.287559357380925E+003  0.138182471261901E+001  0.770064714755279E+000  0.246659978464233E+000  0.192814376339477E+000 -0.131028262406404E+000 -0.143779678690463E+003
  0.100000000000000E+001  0.297412616082087E+003  0.168414385509295E+001  0.165425902830169E+001  0.235792039030365E+000  0.449438523345416E+000 -0.131028262406404E+000 -0.148706308041044E+003
  0.100000000000000E+001  0.288620464056673E+003  0.124770264642406E+001  0.114833024265097E+001  0.120590352888799E+000  0.265212643036654E+000 -0.131028262406404E+000 -0.144310232028336E+003
  0.100000000000000E+001  0.297676992850069E+003  0.196410279920882E+001  0.169848045070068E+001  0.678296246961991E+000  0.376571662604272E+000 -0.131028262406404E+000 -0.148838496425034E+003
  0.100000000000000E+001  0.290911072398893E+003  0.137680075080959E+001  0.106748906547360E+001  0.924523152797747E+000  0.330132637369593E+000 -0.131028262406404E+000 -0.145455536199446E+003
  0.100000000000000E+001  0.287346687792854E+003  0.812476827913461E+000  0.183575416661133E+001  0.813845793462836E-001  0.358050019631878E+000 -0.131028262406404E+000 -0.143673343896427E+003
  0.100000000000000E+001  0.288216161128006E+003  0.988187339133922E+000  0.531478496964542E+000  0.999316327527791E+000  0.345601719655530E+000 -0.131028262406404E+000 -0.144108080564003E+003
  0.100000000000000E+001  0.302015850571907E+003  0.185570044506630E+001  0.160110018296152E+001  0.723059542778739E+000  0.490197210437139E+000 -0.131028262406404E+000 -0.151007925285954E+003
  0.100000000000000E+001  0.286735206728781E+003  0.611639373317452E+000  0.196357397441748E+001  0.803849145306266E+000  0.490426071747015E+000 -0.131028262406404E+000 -0.143367603364390E+003
  0.100000000000000E+001  0.291811780809988E+003  0.187227989179929E+001  0.148082610993919E+001  0.862425227634023E+000  0.258218625659096E+000 -0.131028262406404E+000 -0.145905890404994E+003
  0.100000000000000E+001  0.285388110414694E+003  0.504234842586859E+000  0.896102639681390E+000  0.667548587118682E+000  0.118324151101001E+000 -0.131028262406404E+000 -0.142694055207347E+003
  0.100000000000000E+001  0.287496223989357E+003  0.167130464486600E+001  0.662209692954443E+000  0.116131043209070E+000  0.156369044691837E+000 -0.131028262406404E+000 -0.143748111994679E+003
  0.100000000000000E+001  0.289312827411931E+003  0.196067388951346E+001  0.754731905338590E+000  0.426121776473213E+000  0.188001281872974E+000 -0.131028262406404E+000 -0.144656413705965E+003
  0.100000000000000E+001  0.299058055340732E+003  0.191665626695438E+001  0.915719059572995E+000  0.288219250828345E+000  0.415371003743216E+000 -0.131028262406404E+000 -0.149529027670366E+003
  0.100000000000000E+001  0.285681957191578E+003  0.899285888489516E+000  0.197535564760953E+001  0.908377435479021E+000  0.117639421635434E+000 -0.131028262406404E+000 -0.142840978595789E+003
  0.100000000000000E+001  0.285576122420743E+003  0.390025613939097E+000  0.597487438694718E+000  0.692585988757949E+000  0.222448583956089E+000 -0.131028262406404E+000 -0.142788061210371E+003
  0.100000000000000E+001  0.289486142913356E+003  0.186016135597672E+001  0.637980035297968E+000  0.148499696604200E+000  0.206860355825498E+000 -0.131028262406404E+000 -0.144743071456678E+003
  0.100000000000000E+001  0.285391259205232E+003  0.208356045233672E+000  0.920273353784874E+000  0.795777420225822E+000  0.272570251227166E+000 -0.131028262406404E+000 -0.142695629602616E+003
  0.100000000000000E+001  0.286129100327340E+003  0.510670983470277E+000  0.102196102618020E+001  0.405018583208466E+000  0.294111091879179E+000 -0.131028262406404E+000 -0.143064550163670E+003
  0.100000000000000E+001  0.288313421873404E+003  0.135788061724304E+001  0.749349566500225E+000  0.472209524505351E+000  0.234653926958544E+000 -0.131028262406404E+000 -0.144156710936702E+003
  0.100000000000000E+001  0.286761234576441E+003  0.170159499376792E+001  0.174151684502279E+001  0.497701662409064E+000  0.121972171033404E+000 -0.131028262406404E+000 -0.143380617288220E+003
  0.100000000000000E+001  0.294827900913987E+003  0.152023749266735E+001  0.127377060715201E+001  0.897681259203801E+000  0.410787450141953E+000 -0.131028262406404E+000 -0.147413950456994E+003
  0.100000000000000E+001  0.291850411572845E+003  0.198710859790675E+001  0.184145864137988E+001  0.602841116855774E+000  0.252541159045618E+000 -0.131028262406404E+000 -0.145925205786422E+003
  0.100000000000000E+001  0.291869372511115E+003  0.144840061022629E+001  0.194861688795522E+001  0.695732431456888E+000  0.398154765063823E+000 -0.131028262406404E+000 -0.145934686255558E+003
  0.100000000000000E+001  0.288068101669826E+003  0.107011778177609E+001  0.189810946025673E+001  0.165658350947955E+000  0.312844659354017E+000 -0.131028262406404E+000 -0.144034050834913E+003
  0.100000000000000E+001  0.295999019336036E+003  0.172365273805483E+001  0.191486484593299E+001  0.534689938185642E+000  0.440895398790455E+000 -0.131028262406404E+000 -0.147999509668018E+003
  0.100000000000000E+001  0.293717102676181E+003  0.166022745752253E+001  0.105739562821048E+001  0.642843455414481E+000  0.346482148070427E+000 -0.131028262406404E+000 -0.146858551338090E+003
  0.100000000000000E+001  0.286439667433561E+003  0.139067354910850E+001  0.199178682793514E+001  0.648005595901355E+000  0.133140810038242E+000 -0.131028262406404E+000 -0.143219833716781E+003
  0.100000000000000E+001  0.285289940325932E+003  0.181587939411966E+000  0.149333693695291E+001  0.517053989611305E+000  0.240919756000147E+000 -0.131028262406404E+000 -0.142644970162966E+003
  0.100000000000000E+001  0.300662708796011E+003  0.188486458811614E+001  0.109585085545170E+001  0.724308997639218E+000  0.441271618726957E+000 -0.131028262406404E+000 -0.150331354398006E+003
  0.100000000000000E+001  0.286338063837562E+003  0.431450128705894E+000  0.112271578479292E+001  0.743397713975076E+000  0.395261247636458E+000 -0.131028262406404E+000 -0.143169031918781E+003
  0.100000000000000E+001  0.295775046939115E+003  0.179380619721691E+001  0.130511978104728E+001  0.824658244314999E+000  0.360120524922827E+000 -0.131028262406404E+000 -0.147887523469557E+003
  0.100000000000000E+001  0.298584325251500E+003  0.172159503355035E+001  0.918168129173481E+000  0.999134901405027E+000  0.462206057449103E+000 -0.131028262406404E+000 -0.149292162625750E+003
  0.100000000000000E+001  0.286290479306216E+003  0.963664576466057E+000  0.945354620771564E+000  0.401184015019724E+000  0.172334606005892E+000 -0.131028262406404E+000 -0.143145239653108E+003
  0.100000000000000E+001  0.287064998682080E+003  0.687408998099252E+000  0.181321626227248E+001  0.939464661553778E+000  0.404015297133475E+000 -0.131028262406404E+000 -0.143532499341040E+003
  0.100000000000000E+001  0.285309086807402E+003  0.306048850795903E+000  0.150022076706406E+001  0.158727660555964E+000  0.153557769261883E+000 -0.131028262406404E+000 -0.142654543403701E+003
  0.100000000000000E+001  0.287086193439631E+003  0.764571428549583E+000  0.905293036134637E+000  0.925875885449889E+000  0.307709129224055E+000 -0.131028262406404E+000 -0.143543096719816E+003
  0.100000000000000E+001  0.288252352307916E+003  0.125297604453208E+001  0.154196598578425E+001  0.961652111927130E+000  0.250495998829497E+000 -0.131028262406404E+000 -0.144126176153958E+003
  0.100000000000000E+001  0.292447121069800E+003  0.162626718524718E+001  0.172674930552928E+001  0.201063444713355E+000  0.332684637931089E+000 -0.131028262406404E+000 -0.146223560534900E+003
  0.100000000000000E+001  0.285607893931411E+003  0.242705509415378E+000  0.140471103156552E+001  0.499756922395801E+000  0.392458139662908E+000 -0.131028262406404E+000 -0.142803946965705E+003
  0.100000000000000E+001  0.286042755735690E+003  0.754001987999210E+000  0.905153841641872E+000  0.438393498194254E+000  0.188452320168641E+000 -0.131028262406404E+000 -0.143021377867845E+003
  0.100000000000000E+001  0.286337046997489E+003  0.395523843518926E+000  0.779779556412792E+000  0.898854762286689E+000  0.434711783956885E+000 -0.131028262406404E+000 -0.143168523498745E+003
  0.100000000000000E+001  0.286391094605647E+003  0.821195801968181E+000  0.188195047103892E+001  0.137571990744975E+000  0.232407733605236E+000 -0.131028262406404E+000 -0.143195547302824E+003
  0.100000000000000E+001  0.285519939670906E+003  0.465140629472030E+000  0.197286575471154E+001  0.676068170929039E+000  0.191148221718252E+000 -0.131028262406404E+000 -0.142759969835453E+003
  0.100000000000000E+001  0.288179881327773E+003  0.156584482697762E+001  0.614540081501754E+000  0.813399895644297E+000  0.198356092180574E+000 -0.131028262406404E+000 -0.144089940663887E+003
  0.100000000000000E+001  0.293533297360028E+003  0.151846814181642E+001  0.559523570383698E+000  0.258915315678922E+000  0.443223397447723E+000 -0.131028262406404E+000 -0.146766648680014E+003
  0.100000000000000E+001  0.294955942189758E+003  0.159607860744798E+001  0.130449320404802E+001  0.764547640858905E+000  0.391559819227601E+000 -0.131028262406404E+000 -0.147477971094879E+003
  0.100000000000000E+001  0.289107998443201E+003  0.102206310131658E+001  0.162801289978146E+001  0.417887133729962E-001  0.379323391268242E+000 -0.131028262406404E+000 -0.144553999221600E+003
  0.100000000000000E+001  0.285364538530769E+003  0.189716860845792E+000  0.676706300402546E+000  0.693722810002100E+000  0.273436128200005E+000 -0.131028262406404E+000 -0.142682269265384E+003
  0.100000000000000E+001  0.290875451187863E+003  0.165650050524154E+001  0.100116510226851E+001  0.819501232914262E+000  0.269766329408858E+000 -0.131028262406404E+000 -0.145437725593932E+003
  0.100000000000000E+001  0.286383595477239E+003  0.108663517555476E+001  0.119244171362561E+001  0.418537560820745E+000  0.160488522990984E+000 -0.131028262406404E+000 -0.143191797738620E+003
  0.100000000000000E+001  0.285493861680686E+003  0.403469003562292E+000  0.127551195180959E+001  0.447606301488101E+000  0.189817610006399E+000 -0.131028262406404E+000 -0.142746930840343E+003
  0.100000000000000E+001  0.287090226255055E+003  0.629111948105552E+000  0.761567421986555E+000  0.717333619967782E+000  0.384667932920463E+000 -0.131028262406404E+000 -0.143545113127527E+003
  0.100000000000000E+001  0.293240823670263E+003  0.126118673692751E+001  0.169040773008386E+001  0.970325257970633E+000  0.499802372872107E+000 -0.131028262406404E+000 -0.146620411835132E+003
  0.100000000000000E+001  0.287877660517855E+003  0.824482192053188E+000  0.874809571516865E+000  0.751250546869402E+000  0.358799382046041E+000 -0.131028262406404E+000 -0.143938830258928E+003
  0.100000000000000E+001  0.298291284006475E+003  0.179412242493034E+001  0.143732418049949E+001  0.184350160303729E+000  0.416956367130518E+000 -0.131028262406404E+000 -0.149145642003238E+003
  0.100000000000000E+001  0.285288551614080E+003  0.118088965144961E+000  0.105317872999963E+001  0.609589966184185E+000  0.321500067558199E+000 -0.131028262406404E+000 -0.142644275807040E+003
  0.100000000000000E+001  0.285221981206841E+003  0.267339887640856E+000  0.172553015104345E+001  0.953474220815881E+000  0.109074098580937E+000 -0.131028262406404E+000 -0.142610990603420E+003
  0.100000000000000E+001  0.285524585415515E+003  0.276579084390815E+000  0.155804575291782E+001  0.563343948366779E+000  0.314423903711959E+000 -0.131028262406404E+000 -0.142762292707758E+003
  0.100000000000000E+001  0.288462016165164E+003  0.161548414990357E+001  0.148557083260424E+001  0.641350870370100E+000  0.197781758786093E+000 -0.131028262406404E+000 -0.144231008082582E+003
  0.100000000000000E+001  0.286518317321837E+003  0.182575787723374E+001  0.163816870836690E+001  0.784858563498892E+000  0.102138944446765E+000 -0.131028262406404E+000 -0.143259158660919E+003
  0.100000000000000E+001  0.285249477999348E+003  0.197984949245762E+000  0.885630418527497E+000  0.595741315604296E+000  0.166782469955071E+000 -0.131028262406404E+000 -0.142624738999674E+003
  0.100000000000000E+001  0.289096222311358E+003  0.146942639135239E+001  0.104460190675270E+001  0.441947482583353E+000  0.242400538572968E+000 -0.131028262406404E+000 -0.144548111155679E+003
  0.100000000000000E+001  0.292273787169343E+003  0.150769872094770E+001  0.177849689018966E+001  0.791351104787740E+000  0.365649364088790E+000 -0.131028262406404E+000 -0.146136893584672E+003
  0.100000000000000E+001  0.290449086957874E+003  0.187128033096231E+001  0.149245998050871E+001  0.755873240611971E+000  0.224977282570476E+000 -0.131028262406404E+000 -0.145224543478937E+003
  0.100000000000000E+001  0.291913774359641E+003  0.140454162680069E+001  0.122197169955888E+001  0.570022295613655E+000  0.355729096139830E+000 -0.131028262406404E+000 -0.145956887179820E+003
  0.100000000000000E+001  0.285230478894085E+003  0.127999488517062E+000  0.101387374249213E+001  0.522180520787739E+000  0.221143029731625E+000 -0.131028262406404E+000 -0.142615239447042E+003
  0.100000000000000E+001  0.287977212811183E+003  0.167929775972627E+001  0.185226048721245E+001  0.829842823180050E+000  0.176999972300525E+000 -0.131028262406404E+000 -0.143988606405592E+003
  0.100000000000000E+001  0.300326131594781E+003  0.191438828750637E+001  0.129170842548293E+001  0.878161132882338E+000  0.421284459855619E+000 -0.131028262406404E+000 -0.150163065797391E+003
  0.100000000000000E+001  0.285909696692153E+003  0.432201963015488E+000  0.624435469242143E+000  0.236789280158972E+000  0.298218362086153E+000 -0.131028262406404E+000 -0.142954848346077E+003
  0.100000000000000E+001  0.286467049224151E+003  0.618095682310650E+000  0.111384606779053E+001  0.637893078717461E+000  0.295729949123133E+000 -0.131028262406404E+000 -0.143233524612075E+003
  0.100000000000000E+001  0.288997071315966E+003  0.173873193390203E+001  0.599965064507956E+000  0.242121972642003E-001  0.207169318412747E+000 -0.131028262406404E+000 -0.144498535657983E+003
  0.100000000000000E+001  0.285913874383524E+003  0.983864964943629E+000  0.104910751475544E+001  0.680620652711814E+000  0.130726864674580E+000 -0.131028262406404E+000 -0.142956937191762E+003
  0.100000000000000E+001  0.285646539365052E+003  0.532606599458544E+000  0.156292661418367E+001  0.162989468985434E+000  0.188501856398200E+000 -0.131028262406404E+000 -0.142823269682526E+003
  0.100000000000000E+001  0.285425833195675E+003  0.393334272121605E+000  0.892607048647786E+000  0.596288824491196E+000  0.165396188248796E+000 -0.131028262406404E+000 -0.142712916597838E+003
  0.100000000000000E+001  0.287299903293808E+003  0.121026026496670E+001  0.168058465345588E+001  0.670499991949134E+000  0.209071614516988E+000 -0.131028262406404E+000 -0.143649951646904E+003
  0.100000000000000E+001  0.285488705086074E+003  0.431119126471839E+000  0.802605228086628E+000  0.971402887317277E+000  0.172996396262771E+000 -0.131028262406404E+000 -0.142744352543037E+003
  0.100000000000000E+001  0.286526604970738E+003  0.136079350741786E+001  0.929963093426658E+000  0.126530195920107E+000  0.136995769985257E+000 -0.131028262406404E+000 -0.143263302485369E+003
  0.100000000000000E+001  0.286582689450508E+003  0.516396774381189E+000  0.160143164185226E+001  0.382418166537103E-001  0.420375732464770E+000 -0.131028262406404E+000 -0.143291344725254E+003
  0.100000000000000E+001  0.285968025848796E+003  0.337657217583971E+000  0.163606227595967E+001  0.180066160473815E-001  0.480510436517511E+000 -0.131028262406404E+000 -0.142984012924398E+003
  0.100000000000000E+001  0.287320945270371E+003  0.115743242713911E+001  0.147982251338804E+001  0.695321384395220E+000  0.216628255788477E+000 -0.131028262406404E+000 -0.143660472635186E+003
  0.100000000000000E+001  0.286127291154859E+003  0.549626610827989E+000  0.165423367807002E+001  0.683350225235404E+000  0.297880636273476E+000 -0.131028262406404E+000 -0.143063645577430E+003
  0.100000000000000E+001  0.287328748235317E+003  0.893856744350621E+000  0.190425002482816E+001  0.300197650942416E+000  0.320662863712390E+000 -0.131028262406404E+000 -0.143664374117658E+003
  0.100000000000000E+001  0.299099371193174E+003  0.161201075075866E+001  0.118990028747106E+001  0.972572169496428E+000  0.491742606502601E+000 -0.131028262406404E+000 -0.149549685596587E+003
  0.100000000000000E+001  0.285296833257581E+003  0.447051056493194E+000  0.179307029206379E+001  0.890098567092579E+000  0.100820635490548E+000 -0.131028262406404E+000 -0.142648416628790E+003
  0.100000000000000E+001  0.285565797450285E+003  0.445826094609119E+000  0.806899787456047E+000  0.550369004843155E+000  0.191564027556209E+000 -0.131028262406404E+000 -0.142782898725143E+003
  0.100000000000000E+001  0.298183717287306E+003  0.164115674786416E+001  0.821536509514835E+000  0.351704319807470E+000  0.495955926636484E+000 -0.131028262406404E+000 -0.149091858643653E+003
  0.100000000000000E+001  0.287231073633802E+003  0.173959905203111E+001  0.133675486618207E+001  0.391440465696466E+000  0.137683335191488E+000 -0.131028262406404E+000 -0.143615536816901E+003
  0.100000000000000E+001  0.286254954897459E+003  0.157121714451086E+001  0.171973484190857E+001  0.994373391063892E+000  0.104481129313223E+000 -0.131028262406404E+000 -0.143127477448729E+003
  0.100000000000000E+001  0.286531528842678E+003  0.778285960015325E+000  0.747762676512502E+000  0.733891220320279E+000  0.244571706178977E+000 -0.131028262406404E+000 -0.143265764421339E+003
  0.100000000000000E+001  0.289754158125237E+003  0.136125318287224E+001  0.145553034718625E+001  0.669580840291526E+000  0.291159105626868E+000 -0.131028262406404E+000 -0.144877079062619E+003
  0.100000000000000E+001  0.285866829085454E+003  0.521600032025546E+000  0.164407761152838E+001  0.186396864599668E+000  0.252375865570475E+000 -0.131028262406404E+000 -0.142933414542727E+003
  0.100000000000000E+001  0.285528475336023E+003  0.292279624925063E+000  0.190871188791215E+001  0.399404046327963E+000  0.385139251211223E+000 -0.131028262406404E+000 -0.142764237668012E+003
  0.100000000000000E+001  0.294641288697769E+003  0.144244522306986E+001  0.112176540909316E+001  0.434685646594871E-001  0.433457450634472E+000 -0.131028262406404E+000 -0.147320644348884E+003
  0.100000000000000E+001  0.289971627248683E+003  0.933133837015746E+000  0.116939785865598E+001  0.830513935800541E+000  0.450552131269402E+000 -0.131028262406404E+000 -0.144985813624341E+003
  0.100000000000000E+001  0.294323458956250E+003  0.146959232799302E+001  0.792179615230449E+000  0.860670789316448E+000  0.443670899788602E+000 -0.131028262406404E+000 -0.147161729478125E+003
  0.100000000000000E+001  0.285539095936376E+003  0.337455907660393E+000  0.107807477549588E+001  0.460887253949399E+000  0.240771964621574E+000 -0.131028262406404E+000 -0.142769547968188E+003
  0.100000000000000E+001  0.285749972588859E+003  0.672623380463244E+000  0.198425092908265E+001  0.683285294522976E+000  0.177368564476887E+000 -0.131028262406404E+000 -0.142874986294430E+003
  0.100000000000000E+001  0.285398423281378E+003  0.329616998295167E+000  0.160457411588386E+001  0.253876398406907E+000  0.195317903426602E+000 -0.131028262406404E+000 -0.142699211640689E+003
  0.100000000000000E+001  0.290790589324256E+003  0.116241877871131E+001  0.154091740613420E+001  0.711759695486258E+000  0.405492265144572E+000 -0.131028262406404E+000 -0.145395294662128E+003
  0.100000000000000E+001  0.300958010225211E+003  0.182526915969527E+001  0.139656811025044E+001  0.657625954186419E+000  0.461443732113421E+000 -0.131028262406404E+000 -0.150479005112605E+003
  0.100000000000000E+001  0.290482245214030E+003  0.110302230601046E+001  0.145535187120919E+001  0.959307289287201E+000  0.408641012274480E+000 -0.131028262406404E+000 -0.145241122607015E+003
  0.100000000000000E+001  0.289208054209509E+003  0.127777010348558E+001  0.163756150455088E+001  0.591785114595572E+000  0.295154033591089E+000 -0.131028262406404E+000 -0.144604027104754E+003
  0.100000000000000E+001  0.287282234409952E+003  0.164888913350048E+001  0.182924771068985E+001  0.769200748548797E+000  0.150913961367296E+000 -0.131028262406404E+000 -0.143641117204976E+003
  0.100000000000000E+001  0.287949767831985E+003  0.831709490290841E+000  0.168591653123137E+001  0.549988629085115E+000  0.391641955331940E+000 -0.131028262406404E+000 -0.143974883915992E+003
  0.100000000000000E+001  0.285808486275646E+003  0.112713221028797E+001  0.162090080520994E+001  0.405686892898968E+000  0.105027092013324E+000 -0.131028262406404E+000 -0.142904243137823E+003
  0.100000000000000E+001  0.287040179533942E+003  0.111165079319024E+001  0.602703609536577E+000  0.258784612460148E+000  0.210403704740102E+000 -0.131028262406404E+000 -0.143520089766971E+003
  0.100000000000000E+001  0.287518975989695E+003  0.785247948775637E+000  0.755681818109944E+000  0.843461446182247E+000  0.349729242600940E+000 -0.131028262406404E+000 -0.143759487994847E+003
  0.100000000000000E+001  0.285809031803047E+003  0.291833281052613E+000  0.159702274155932E+001  0.296889302903867E+000  0.469974423460895E+000 -0.131028262406404E+000 -0.142904515901524E+003
  0.100000000000000E+001  0.291046123867046E+003  0.105717576165752E+001  0.134902222396711E+001  0.571188455337860E+000  0.453250023948642E+000 -0.131028262406404E+000 -0.145523061933523E+003
  0.100000000000000E+001  0.285482412548047E+003  0.422750822084359E+000  0.978015582563344E+000  0.937704695460073E+000  0.174596542858828E+000 -0.131028262406404E+000 -0.142741206274024E+003
  0.100000000000000E+001  0.285922611840915E+003  0.712666572457934E+000  0.136633972516155E+001  0.247128943740326E-001  0.183776222665955E+000 -0.131028262406404E+000 -0.142961305920458E+003
  0.100000000000000E+001  0.285466692391204E+003  0.595323222539480E+000  0.179901340522026E+001  0.345494840823274E+000  0.126057576232684E+000 -0.131028262406404E+000 -0.142733346195602E+003
  0.100000000000000E+001  0.286744910469236E+003  0.462332281197199E+000  0.840819569143356E+000  0.261746722154811E+000  0.453564340104034E+000 -0.131028262406404E+000 -0.143372455234618E+003
  0.100000000000000E+001  0.285505392976651E+003  0.758063815016952E+000  0.137451084933901E+001  0.558982364247131E+000  0.103909282896979E+000 -0.131028262406404E+000 -0.142752696488325E+003
  0.100000000000000E+001  0.287606305684781E+003  0.796831141727089E+000  0.168704974131607E+001  0.483641229126696E+000  0.375515564459072E+000 -0.131028262406404E+000 -0.143803152842390E+003
  0.100000000000000E+001  0.285559607627078E+003  0.206457058195717E+000  0.150720871461627E+001  0.130509922397744E+000  0.455095348020154E+000 -0.131028262406404E+000 -0.142779803813539E+003
  0.100000000000000E+001  0.291971147058101E+003  0.135912259029304E+001  0.110476027309318E+001  0.882330687315812E+000  0.372904830730915E+000 -0.131028262406404E+000 -0.145985573529050E+003
  0.100000000000000E+001  0.287227478405688E+003  0.666419914381747E+000  0.186942184343335E+001  0.180719730538082E+000  0.485455272810283E+000 -0.131028262406404E+000 -0.143613739202844E+003
  0.100000000000000E+001  0.285352872097818E+003  0.182825265759476E+000  0.891144118870139E+000  0.730405662154964E+000  0.273949043864323E+000 -0.131028262406404E+000 -0.142676436048909E+003
  0.100000000000000E+001  0.286681152005064E+003  0.576411053578114E+000  0.177619557695940E+001  0.246489467421451E+000  0.424589977024685E+000 -0.131028262406404E+000 -0.143340576002532E+003
  0.100000000000000E+001  0.286338294641591E+003  0.733096573795592E+000  0.595707845486021E+000  0.145494469260430E+000  0.238595436206462E+000 -0.131028262406404E+000 -0.143169147320795E+003
  0.100000000000000E+001  0.286171944032714E+003  0.455148547470661E+000  0.175989788032759E+001  0.692140067549578E+000  0.419774306556233E+000 -0.131028262406404E+000 -0.143085972016357E+003
  0.100000000000000E+001  0.286250901545164E+003  0.947253204850940E+000  0.177517866787395E+001  0.196538973191899E+000  0.178348122421071E+000 -0.131028262406404E+000 -0.143125450772582E+003
  0.100000000000000E+001  0.286043400000680E+003  0.512648693519029E+000  0.127410916452579E+001  0.470258089782644E+000  0.280407795679780E+000 -0.131028262406404E+000 -0.143021700000340E+003
  0.100000000000000E+001  0.285304186416509E+003  0.183453894716230E+000  0.119180496606552E+001  0.567103892551237E+000  0.238513151481697E+000 -0.131028262406404E+000 -0.142652093208254E+003
  0.100000000000000E+001  0.286030635294832E+003  0.753750068510273E+000  0.168336293156287E+001  0.400789377457570E+000  0.194766174214414E+000 -0.131028262406404E+000 -0.143015317647416E+003
  0.100000000000000E+001  0.287524003405911E+003  0.130900815603870E+001  0.800923340923498E+000  0.318405528725498E+000  0.201753117721655E+000 -0.131028262406404E+000 -0.143762001702955E+003
  0.100000000000000E+001  0.286134039475989E+003  0.490047433852683E+000  0.564341469003237E+000  0.798822870320709E+000  0.318911556306904E+000 -0.131028262406404E+000 -0.143067019737995E+003
  0.100000000000000E+001  0.287758571974385E+003  0.987186939581892E+000  0.176014018692443E+001  0.156551466142804E+000  0.305779492553057E+000 -0.131028262406404E+000 -0.143879285987193E+003
  0.100000000000000E+001  0.286138328742552E+003  0.127310808606507E+001  0.679800892458968E+000  0.385264753138755E+000  0.119455147232279E+000 -0.131028262406404E+000 -0.143069164371276E+003
  0.100000000000000E+001  0.286337964528119E+003  0.978293261758578E+000  0.125037975419187E+001  0.590456105508527E+000  0.174532768897334E+000 -0.131028262406404E+000 -0.143168982264060E+003
  0.100000000000000E+001  0.285348180687312E+003  0.172634548930547E+000  0.940859735257219E+000  0.626823287942384E+000  0.284686979734421E+000 -0.131028262406404E+000 -0.142674090343656E+003
  0.100000000000000E+001  0.291148741330068E+003  0.198348872705989E+001  0.712744737478994E+000  0.292735954095229E+000  0.235534917791608E+000 -0.131028262406404E+000 -0.145574370665034E+003
  0.100000000000000E+001  0.285292301898063E+003  0.176384076370369E+000  0.166042177018884E+001  0.294587886020655E+000  0.266977183814172E+000 -0.131028262406404E+000 -0.142646150949032E+003
  0.100000000000000E+001  0.287353672036669E+003  0.158816493550085E+001  0.837171031946774E+000  0.477189345710746E-001  0.157163990536186E+000 -0.131028262406404E+000 -0.143676836018335E+003
  0.100000000000000E+001  0.286555331219107E+003  0.503016174008950E+000  0.174557803485698E+001  0.993447091856895E+000  0.475963336911839E+000 -0.131028262406404E+000 -0.143277665609554E+003
  0.100000000000000E+001  0.289692499314225E+003  0.157618795374911E+001  0.119877300024552E+001  0.185945314226185E+000  0.244362570916092E+000 -0.131028262406404E+000 -0.144846249657113E+003
  0.100000000000000E+001  0.286857695574760E+003  0.559663486127947E+000  0.622883888680841E+000  0.263421435650998E+000  0.411845873011108E+000 -0.131028262406404E+000 -0.143428847787380E+003
  0.100000000000000E+001  0.285899925930112E+003  0.123032572093212E+001  0.169309336961881E+001  0.697823588315613E+000  0.104742618997162E+000 -0.131028262406404E+000 -0.142949962965056E+003
  0.100000000000000E+001  0.286071817195708E+003  0.621552053961386E+000  0.528676275867435E+000  0.514474307766055E+000  0.239330271803310E+000 -0.131028262406404E+000 -0.143035908597854E+003
  0.100000000000000E+001  0.285340291425325E+003  0.297602396022655E+000  0.895583837157750E+000  0.148655121963353E+000  0.169705815274034E+000 -0.131028262406404E+000 -0.142670145712663E+003
  0.100000000000000E+001  0.291534532422811E+003  0.160750091886148E+001  0.150406465301309E+001  0.643300212417122E+000  0.298524314297256E+000 -0.131028262406404E+000 -0.145767266211406E+003
  0.100000000000000E+001  0.286911495593557E+003  0.123939737981619E+001  0.788351365539047E+000  0.608815384943451E+000  0.176712009954993E+000 -0.131028262406404E+000 -0.143455747796779E+003
  0.100000000000000E+001  0.285658797148836E+003  0.576903250531969E+000  0.117265541592231E+001  0.599122960735664E+000  0.171344133544523E+000 -0.131028262406404E+000 -0.142829398574418E+003
  0.100000000000000E+001  0.285620497085578E+003  0.367712013929700E+000  0.990709779857048E+000  0.672797944420105E+000  0.249939354621289E+000 -0.131028262406404E+000 -0.142810248542789E+003
  0.100000000000000E+001  0.286870779175281E+003  0.952296221710844E+000  0.173571214902527E+001  0.954899773591634E+000  0.237928885699730E+000 -0.131028262406404E+000 -0.143435389587641E+003
  0.100000000000000E+001  0.285774293908877E+003  0.267330207878458E+000  0.106954739809226E+001  0.754909329321683E+000  0.404236685418039E+000 -0.131028262406404E+000 -0.142887146954439E+003
  0.100000000000000E+001  0.285367402168301E+003  0.145444063184943E+000  0.837115750578941E+000  0.472769872711155E+000  0.345118167843512E+000 -0.131028262406404E+000 -0.142683701084151E+003
  0.100000000000000E+001  0.288809300606613E+003  0.108694566421206E+001  0.822234058891456E+000  0.478710136220079E+000  0.326921395116241E+000 -0.131028262406404E+000 -0.144404650303307E+003
  0.100000000000000E+001  0.296344017666918E+003  0.199587875981453E+001  0.185180495058695E+001  0.419331985986885E+000  0.355638623971885E+000 -0.131028262406404E+000 -0.148172008833459E+003
  0.100000000000000E+001  0.287596139026492E+003  0.776682185324741E+000  0.138505312051694E+001  0.487512153466560E+000  0.357105845811479E+000 -0.131028262406404E+000 -0.143798069513246E+003
  0.100000000000000E+001  0.287518033900842E+003  0.726965921371080E+000  0.161831111052038E+001  0.994841506211581E+000  0.400581044559845E+000 -0.131028262406404E+000 -0.143759016950421E+003
  0.100000000000000E+001  0.285199338306645E+003  0.218605563992848E+000  0.135231321906238E+001  0.877415540647902E+000  0.105974460653741E+000 -0.131028262406404E+000 -0.142599669153323E+003
  0.100000000000000E+001  0.286380728083478E+003  0.487827518192068E+000  0.181056298169054E+001  0.645122427853890E+000  0.472514943644746E+000 -0.131028262406404E+000 -0.143190364041739E+003
  0.100000000000000E+001  0.290953455612634E+003  0.161795797561968E+001  0.143956236585510E+001  0.277486667219070E+000  0.277762345559192E+000 -0.131028262406404E+000 -0.145476727806317E+003
  0.100000000000000E+001  0.287570742875086E+003  0.720913142212832E+000  0.607253149320240E+000  0.510388819082128E+000  0.407191960240238E+000 -0.131028262406404E+000 -0.143785371437543E+003
  0.100000000000000E+001  0.285704119611311E+003  0.583717438923651E+000  0.199277161132707E+001  0.617252542995056E+000  0.198643081728533E+000 -0.131028262406404E+000 -0.142852059805656E+003
  0.100000000000000E+001  0.285278612460997E+003  0.273712086449219E+000  0.784730299004082E+000  0.501092536342739E+000  0.143427804540186E+000 -0.131028262406404E+000 -0.142639306230499E+003
  0.100000000000000E+001  0.296725756140142E+003  0.190981925892945E+001  0.196558424067374E+001  0.765463846310303E+000  0.407001960086179E+000 -0.131028262406404E+000 -0.148362878070071E+003
  0.100000000000000E+001  0.287195603624544E+003  0.730260984131620E+000  0.167289793184038E+001  0.542633584591490E+000  0.364481252317128E+000 -0.131028262406404E+000 -0.143597801812272E+003
  0.100000000000000E+001  0.285519822624712E+003  0.491393265445667E+000  0.129022134359982E+001  0.403853375890178E+000  0.163965656056099E+000 -0.131028262406404E+000 -0.142759911312356E+003
  0.100000000000000E+001  0.286117560244765E+003  0.582941863533006E+000  0.122872727526521E+001  0.488599110383022E+000  0.258371743262094E+000 -0.131028262406404E+000 -0.143058780122382E+003
  0.100000000000000E+001  0.290556101665654E+003  0.100509183255328E+001  0.160400498068052E+001  0.150738921618796E+000  0.484585283754242E+000 -0.131028262406404E+000 -0.145278050832827E+003
  0.100000000000000E+001  0.285398472410964E+003  0.168947035663468E+000  0.130274222933186E+001  0.932045876485968E+000  0.356208151134844E+000 -0.131028262406404E+000 -0.142699236205482E+003
  0.100000000000000E+001  0.291188951116124E+003  0.118884915294427E+001  0.144798348043589E+001  0.648264095573057E+000  0.406221903898460E+000 -0.131028262406404E+000 -0.145594475558062E+003
  0.100000000000000E+001  0.294167869547034E+003  0.193076555473037E+001  0.131015937248250E+001  0.822006009239264E+000  0.298781414842861E+000 -0.131028262406404E+000 -0.147083934773517E+003
  0.100000000000000E+001  0.288802062794732E+003  0.192558088556770E+001  0.104431159330070E+001  0.144090411384196E+000  0.174146805276747E+000 -0.131028262406404E+000 -0.144401031397366E+003
  0.100000000000000E+001  0.285968760576389E+003  0.450863545776082E+000  0.757566824856208E+000  0.529104320822579E+000  0.297194942179124E+000 -0.131028262406404E+000 -0.142984380288194E+003
  0.100000000000000E+001  0.290296984769778E+003  0.124230862888666E+001  0.125628719320635E+001  0.147656282276300E+000  0.342136140709845E+000 -0.131028262406404E+000 -0.145148492384889E+003
  0.100000000000000E+001  0.289252723846066E+003  0.144393350798534E+001  0.171487064526773E+001  0.129237207618366E+000  0.261314355698449E+000 -0.131028262406404E+000 -0.144626361923033E+003
  0.100000000000000E+001  0.293316921137951E+003  0.186793586410319E+001  0.147109584115226E+001  0.971115345499517E+000  0.293335880695116E+000 -0.131028262406404E+000 -0.146658460568975E+003
  0.100000000000000E+001  0.288107876288657E+003  0.967500916224483E+000  0.871113676527069E+000  0.155588401844140E+000  0.319289101292716E+000 -0.131028262406404E+000 -0.144053938144328E+003
  0.100000000000000E+001  0.300195640697164E+003  0.177725963960646E+001  0.143316468169835E+001  0.577775572728702E+000  0.462921349582039E+000 -0.131028262406404E+000 -0.150097820348582E+003
  0.100000000000000E+001  0.285191316458008E+003  0.149154608604024E+000  0.544541845227059E+000  0.932261673886823E+000  0.135787198147366E+000 -0.131028262406404E+000 -0.142595658229004E+003
  0.100000000000000E+001  0.285554534770592E+003  0.194510448629532E+000  0.114469343523068E+001  0.323846757270552E+000  0.410315068432971E+000 -0.131028262406404E+000 -0.142777267385296E+003
  0.100000000000000E+001  0.288101248544088E+003  0.187496613373165E+001  0.141501492884865E+001  0.993231843365426E-001  0.157592619396529E+000 -0.131028262406404E+000 -0.144050624272044E+003
  0.100000000000000E+001  0.285975765908993E+003  0.783070534570770E+000  0.621824128393118E+000  0.368411926577566E+000  0.174085682079123E+000 -0.131028262406404E+000 -0.142987882954497E+003
  0.100000000000000E+001  0.285647910026643E+003  0.346574358649821E+000  0.191910392054716E+001  0.618944454114418E-001  0.382386243316800E+000 -0.131028262406404E+000 -0.142823955013321E+003
  0.100000000000000E+001  0.287970214303902E+003  0.670428377716517E+000  0.115336738996313E+001  0.429173309021233E+000  0.449605382455877E+000 -0.131028262406404E+000 -0.143985107151951E+003
  0.100000000000000E+001  0.287246943041445E+003  0.150776292584509E+001  0.127853585158638E+001  0.839602300300593E+000  0.159907612196210E+000 -0.131028262406404E+000 -0.143623471520722E+003
  0.100000000000000E+001  0.285296703300528E+003  0.420662148270129E+000  0.652334628445656E+000  0.687314656569836E+000  0.103166899441588E+000 -0.131028262406404E+000 -0.142648351650264E+003
  0.100000000000000E+001  0.285640791710300E+003  0.193596637200584E+000  0.114542112255103E+001  0.260576579133991E+000  0.465286829778167E+000 -0.131028262406404E+000 -0.142820395855150E+003
  0.100000000000000E+001  0.290796336533481E+003  0.191263968853912E+001  0.777824634317354E+000  0.947732266402334E-001  0.233778298398729E+000 -0.131028262406404E+000 -0.145398168266741E+003
  0.100000000000000E+001  0.287506903631800E+003  0.868394075675541E+000  0.191168117873505E+001  0.416564141127166E+000  0.358272073098752E+000 -0.131028262406404E+000 -0.143753451815900E+003
  0.100000000000000E+001  0.286475531183147E+003  0.976722504733142E+000  0.524116889409583E+000  0.782904531700639E+000  0.191631972646172E+000 -0.131028262406404E+000 -0.143237765591574E+003
  0.100000000000000E+001  0.285380918383196E+003  0.221871327312650E+000  0.194110915252196E+001  0.195866077963006E+000  0.409319463298170E+000 -0.131028262406404E+000 -0.142690459191598E+003
  0.100000000000000E+001  0.286518262959928E+003  0.721735110070279E+000  0.198030230026993E+001  0.642034875815304E+000  0.309308827131023E+000 -0.131028262406404E+000 -0.143259131479964E+003
  0.100000000000000E+001  0.286019819403017E+003  0.660016690731174E+000  0.118489296282143E+001  0.748910845947365E+000  0.212317153510429E+000 -0.131028262406404E+000 -0.143009909701508E+003
  0.100000000000000E+001  0.286678609666061E+003  0.140815284444054E+001  0.124123821585596E+001  0.342903658254069E+000  0.141155849902342E+000 -0.131028262406404E+000 -0.143339304833031E+003
  0.100000000000000E+001  0.296946356803973E+003  0.155743684120550E+001  0.118342959810270E+001  0.641441038652070E+000  0.456896433318830E+000 -0.131028262406404E+000 -0.148473178401987E+003
  0.100000000000000E+001  0.291599551536331E+003  0.155561426674052E+001  0.529985902979718E+000  0.629872605310737E+000  0.349783579530629E+000 -0.131028262406404E+000 -0.145799775768166E+003
  0.100000000000000E+001  0.286167717184434E+003  0.359297569094538E+000  0.100139337928681E+001  0.940087207781001E+000  0.422187845610026E+000 -0.131028262406404E+000 -0.143083858592217E+003
  0.100000000000000E+001  0.287590233686117E+003  0.131581596960996E+001  0.540970435673173E+000  0.913821609821179E+000  0.209709283372522E+000 -0.131028262406404E+000 -0.143795116843058E+003
  0.100000000000000E+001  0.287760908842997E+003  0.101165876024606E+001  0.127062863563367E+001  0.795626958249696E+000  0.277187904033067E+000 -0.131028262406404E+000 -0.143880454421498E+003
  0.100000000000000E+001  0.286454776329752E+003  0.632311215537904E+000  0.129609565580105E+001  0.726680358211262E+000  0.290633337601694E+000 -0.131028262406404E+000 -0.143227388164876E+003
  0.100000000000000E+001  0.288887598894952E+003  0.165806649704482E+001  0.875796475586336E+000  0.942816242818358E-001  0.208237540402117E+000 -0.131028262406404E+000 -0.144443799447476E+003
  0.100000000000000E+001  0.285770484368256E+003  0.576794864870731E+000  0.188400347223036E+001  0.744482041168915E+000  0.213841241848346E+000 -0.131028262406404E+000 -0.142885242184128E+003
  0.100000000000000E+001  0.298122640762458E+003  0.192296519314597E+001  0.171675560718321E+001  0.213586603966689E+000  0.398546591238612E+000 -0.131028262406404E+000 -0.149061320381229E+003
  0.100000000000000E+001  0.295472584095172E+003  0.179172279192592E+001  0.691050534974966E+000  0.481498677496499E+000  0.391809830779989E+000 -0.131028262406404E+000 -0.147736292047586E+003
  0.100000000000000E+001  0.286271969857939E+003  0.523773703579651E+000  0.178537523161137E+001  0.557302267021817E+000  0.375333539131926E+000 -0.131028262406404E+000 -0.143135984928970E+003
  0.100000000000000E+001  0.286984826008244E+003  0.136985284941953E+001  0.709678317816756E+000  0.554169105191508E+000  0.164194412732347E+000 -0.131028262406404E+000 -0.143492413004122E+003
  0.100000000000000E+001  0.292990351497765E+003  0.188528913942568E+001  0.534250412336570E+000  0.500576042918176E+000  0.315807485421428E+000 -0.131028262406404E+000 -0.146495175748883E+003
  0.100000000000000E+001  0.291616840619946E+003  0.143434053363824E+001  0.149848605205641E+001  0.325424453767807E+000  0.342886808309026E+000 -0.131028262406404E+000 -0.145808420309973E+003
  0.100000000000000E+001  0.288951320846801E+003  0.102581196818033E+001  0.139813426075107E+001  0.171165531773123E+000  0.351198678754373E+000 -0.131028262406404E+000 -0.144475660423400E+003
  0.100000000000000E+001  0.285291379975235E+003  0.247215355485080E+000  0.757423244206655E+000  0.487305934830415E+000  0.166967346180391E+000 -0.131028262406404E+000 -0.142645689987617E+003
  0.100000000000000E+001  0.294021493880290E+003  0.151998059792839E+001  0.902986316114117E+000  0.221636570876905E+000  0.402785362486331E+000 -0.131028262406404E+000 -0.147010746940145E+003
  0.100000000000000E+001  0.303284034007746E+003  0.194009053088313E+001  0.106356588238847E+001  0.106634630786267E+000  0.476757973066724E+000 -0.131028262406404E+000 -0.151642017003873E+003
  0.100000000000000E+001  0.285742027839724E+003  0.460960505117177E+000  0.598439966852212E+000  0.557964974356569E+000  0.236388368122360E+000 -0.131028262406404E+000 -0.142871013919862E+003
  0.100000000000000E+001  0.287136654133178E+003  0.541164457338689E+000  0.103437864659393E+001  0.110248378346156E+000  0.442650000380668E+000 -0.131028262406404E+000 -0.143568327066589E+003
  0.100000000000000E+001  0.288762521942039E+003  0.147723077897283E+001  0.106123146825594E+001  0.253774192673918E+000  0.228028036927450E+000 -0.131028262406404E+000 -0.144381260971019E+003
  0.100000000000000E+001  0.285508719777412E+003  0.428027263291496E+000  0.144543540037907E+001  0.343886012895912E-001  0.187091335411578E+000 -0.131028262406404E+000 -0.142754359888706E+003
  0.100000000000000E+001  0.290683081782385E+003  0.111579299982200E+001  0.586682526323042E+000  0.585221383062608E+000  0.467855246564890E+000 -0.131028262406404E+000 -0.145341540891192E+003
  0.100000000000000E+001  0.286525985394434E+003  0.602721130157068E+000  0.162596884982543E+001  0.351689772512458E+000  0.339484965027811E+000 -0.131028262406404E+000 -0.143262992697217E+003
  0.100000000000000E+001  0.293324822649373E+003  0.192460341104214E+001  0.128829422450150E+001  0.768310310048442E+000  0.282216956561465E+000 -0.131028262406404E+000 -0.146662411324687E+003
  0.100000000000000E+001  0.295631262721202E+003  0.173421450867614E+001  0.814596035276254E+000  0.259872450812116E+000  0.395439615839418E+000 -0.131028262406404E+000 -0.147815631360601E+003
  0.100000000000000E+001  0.295989725100991E+003  0.158954017748094E+001  0.804696007389890E+000  0.118931030555614E+000  0.453070432547602E+000 -0.131028262406404E+000 -0.147994862550496E+003
  0.100000000000000E+001  0.285709207571962E+003  0.629758884227440E+000  0.178605607676569E+001  0.910252801460243E+000  0.175957609611273E+000 -0.131028262406404E+000 -0.142854603785981E+003
  0.100000000000000E+001  0.285685630137543E+003  0.373149075484669E+000  0.173303536130308E+001  0.728183210818687E+000  0.312446750576237E+000 -0.131028262406404E+000 -0.142842815068771E+003
  0.100000000000000E+001  0.289906189030055E+003  0.176448861225797E+001  0.157317409105603E+001  0.934241365105711E+000  0.225638646849126E+000 -0.131028262406404E+000 -0.144953094515028E+003
  0.100000000000000E+001  0.290685443264777E+003  0.122799117525939E+001  0.758930749050935E+000  0.124525026624978E+000  0.385389978069413E+000 -0.131028262406404E+000 -0.145342721632389E+003
  0.100000000000000E+001  0.285273468002079E+003  0.129274628865386E+000  0.162444407862475E+001  0.651966088514590E+000  0.341823498354119E+000 -0.131028262406404E+000 -0.142636734001040E+003
  0.100000000000000E+001  0.294276599025356E+003  0.183159132090645E+001  0.118390484181051E+001  0.776561476283152E+000  0.319977557144586E+000 -0.131028262406404E+000 -0.147138299512678E+003
  0.100000000000000E+001  0.296047390286573E+003  0.161329755663419E+001  0.106835778363452E+001  0.522401948642513E+000  0.419631091162819E+000 -0.131028262406404E+000 -0.148023695143287E+003
  0.100000000000000E+001  0.285664042706225E+003  0.850713966238196E+000  0.135238270336347E+001  0.313317895189803E-001  0.117808059930249E+000 -0.131028262406404E+000 -0.142832021353113E+003
  0.100000000000000E+001  0.291656899085273E+003  0.109945971596591E+001  0.160632331631959E+001  0.211523682561677E+000  0.494279624040905E+000 -0.131028262406404E+000 -0.145828449542636E+003
  0.100000000000000E+001  0.294753074822759E+003  0.186201568308609E+001  0.173620052774097E+001  0.179445572823420E+000  0.339120733878791E+000 -0.131028262406404E+000 -0.147376537411380E+003
  0.100000000000000E+001  0.285289914296406E+003  0.224754187470132E+000  0.176017095988017E+001  0.786959669474580E+000  0.205383778217403E+000 -0.131028262406404E+000 -0.142644957148203E+003
  0.100000000000000E+001  0.287378574108561E+003  0.886557090213884E+000  0.196512153614862E+001  0.794403482383215E+000  0.341110328822679E+000 -0.131028262406404E+000 -0.143689287054281E+003
  0.100000000000000E+001  0.285337458434732E+003  0.524711120051632E+000  0.181787035127966E+001  0.147042448655245E+000  0.100661765412668E+000 -0.131028262406404E+000 -0.142668729217366E+003
  0.100000000000000E+001  0.299438614818258E+003  0.199556405024508E+001  0.191778152768159E+001  0.665364730108339E+000  0.439139563303117E+000 -0.131028262406404E+000 -0.149719307409129E+003
  0.100000000000000E+001  0.294017884994524E+003  0.132165811661162E+001  0.157452915169910E+001  0.819205291823529E+000  0.480160426603095E+000 -0.131028262406404E+000 -0.147008942497262E+003
  0.100000000000000E+001  0.291591441563754E+003  0.157592837587446E+001  0.193971032857823E+001  0.501576732705244E+000  0.338646920886355E+000 -0.131028262406404E+000 -0.145795720781877E+003
  0.100000000000000E+001  0.289133411963027E+003  0.151600264077468E+001  0.944786058861496E+000  0.371159817137081E-001  0.237257793056751E+000 -0.131028262406404E+000 -0.144566705981513E+003
  0.100000000000000E+001  0.287032067568151E+003  0.173776560420153E+001  0.940277909165233E+000  0.339504848736027E+000  0.129721121455119E+000 -0.131028262406404E+000 -0.143516033784075E+003
  0.100000000000000E+001  0.286703905709746E+003  0.459880425378737E+000  0.119552682297116E+001  0.595602426030227E+000  0.446781132190482E+000 -0.131028262406404E+000 -0.143351952854873E+003
  0.100000000000000E+001  0.288733840183230E+003  0.719199029815714E+000  0.113364938028257E+001  0.297777878786508E-001  0.490161346888366E+000 -0.131028262406404E+000 -0.144366920091615E+003
  0.100000000000000E+001  0.287618222908674E+003  0.655072658199244E+000  0.167104492212247E+001  0.614713760881461E+000  0.490961903646715E+000 -0.131028262406404E+000 -0.143809111454337E+003
  0.100000000000000E+001  0.298676329974282E+003  0.177415889618198E+001  0.725829159725023E+000  0.932974526620838E+000  0.481420009474366E+000 -0.131028262406404E+000 -0.149338164987141E+003
  0.100000000000000E+001  0.287037877018808E+003  0.800394036855336E+000  0.177780328313934E+001  0.950927163047723E+000  0.316890335713048E+000 -0.131028262406404E+000 -0.143518938509404E+003
  0.100000000000000E+001  0.285803870190587E+003  0.799145838109709E+000  0.634258099042338E+000  0.260697960115719E+000  0.146125673379931E+000 -0.131028262406404E+000 -0.142901935095293E+003
  0.100000000000000E+001  0.286598769219213E+003  0.991678105776814E+000  0.170438166583966E+001  0.759739650556323E+000  0.201754636858332E+000 -0.131028262406404E+000 -0.143299384609606E+003
  0.100000000000000E+001  0.286329254337683E+003  0.720834509325545E+000  0.163157070541531E+001  0.290624645141136E+000  0.247547538904946E+000 -0.131028262406404E+000 -0.143164627168841E+003
  0.100000000000000E+001  0.289062849678593E+003  0.113511511135290E+001  0.184859450492844E+001  0.358921272543440E+000  0.353747181567929E+000 -0.131028262406404E+000 -0.144531424839297E+003
  0.100000000000000E+001  0.285944999045610E+003  0.287239389504667E+000  0.761524177283183E+000  0.753301783466413E+000  0.447141143844466E+000 -0.131028262406404E+000 -0.142972499522805E+003
  0.100000000000000E+001  0.287006615697108E+003  0.106052902861697E+001  0.798397740004886E+000  0.321247109403533E+000  0.214709336737908E+000 -0.131028262406404E+000 -0.143503307848554E+003
  0.100000000000000E+001  0.287578638885925E+003  0.154904116150167E+001  0.185771272348680E+001  0.480377809807464E+000  0.175761902291603E+000 -0.131028262406404E+000 -0.143789319442963E+003
  0.100000000000000E+001  0.285232332047536E+003  0.136832161159257E+000  0.894802440348864E+000  0.458212197925912E+000  0.209002823861539E+000 -0.131028262406404E+000 -0.142616166023768E+003
  0.100000000000000E+001  0.301284119696695E+003  0.178072393901001E+001  0.101017404695022E+001  0.880229480199530E+000  0.493453851772147E+000 -0.131028262406404E+000 -0.150642059848348E+003
  0.100000000000000E+001  0.288505184488113E+003  0.180177895633970E+001  0.816099860455080E+000  0.563506013820644E+000  0.179020846032481E+000 -0.131028262406404E+000 -0.144252592244057E+003
  0.100000000000000E+001  0.286177252994467E+003  0.800877065666075E+000  0.193508053608737E+001  0.911381816929014E+000  0.211423135480439E+000 -0.131028262406404E+000 -0.143088626497233E+003
  0.100000000000000E+001  0.296371505005034E+003  0.159418296543824E+001  0.707277339034364E+000  0.548958255535928E+000  0.483921840173722E+000 -0.131028262406404E+000 -0.148185752502517E+003
  0.100000000000000E+001  0.290270212835772E+003  0.939279179700061E+000  0.136343880423301E+001  0.302865410537002E+000  0.473927583953282E+000 -0.131028262406404E+000 -0.145135106417886E+003
  0.100000000000000E+001  0.288695866513573E+003  0.178267804866187E+001  0.156699921788602E+001  0.722469561273732E+000  0.186594196486766E+000 -0.131028262406404E+000 -0.144347933256786E+003
  0.100000000000000E+001  0.286293681871662E+003  0.332780422498110E+000  0.114964140796455E+001  0.221566984766651E-001  0.495664697067391E+000 -0.131028262406404E+000 -0.143146840935831E+003
  0.100000000000000E+001  0.285297181260225E+003  0.206855018855012E+000  0.732418772065078E+000  0.767911049517836E+000  0.201071490638960E+000 -0.131028262406404E+000 -0.142648590630113E+003
  0.100000000000000E+001  0.286039002332759E+003  0.601618733105481E+000  0.108849440436624E+001  0.684837250667199E+000  0.235366075096547E+000 -0.131028262406404E+000 -0.143019501166380E+003
  0.100000000000000E+001  0.290956877817111E+003  0.198974259719132E+001  0.156769307562378E+001  0.261646375782207E+000  0.223567756951836E+000 -0.131028262406404E+000 -0.145478438908555E+003
  0.100000000000000E+001  0.292612314249277E+003  0.135749733642218E+001  0.546974910647180E+000  0.994681439803924E-001  0.474513722231916E+000 -0.131028262406404E+000 -0.146306157124639E+003
  0.100000000000000E+001  0.288879238235790E+003  0.166094778205303E+001  0.115642245946562E+001  0.807598901161679E-001  0.205164469095516E+000 -0.131028262406404E+000 -0.144439619117895E+003
  0.100000000000000E+001  0.290069116333137E+003  0.114527994548667E+001  0.844713067053705E+000  0.871917060465166E+000  0.376311172243934E+000 -0.131028262406404E+000 -0.145034558166568E+003
  0.100000000000000E+001  0.298286116950718E+003  0.171681028675077E+001  0.107187902693018E+001  0.617486296549841E+000  0.442295480311544E+000 -0.131028262406404E+000 -0.149143058475359E+003
  0.100000000000000E+001  0.291504805228345E+003  0.117355485180684E+001  0.172173802005786E+001  0.448660143170719E+000  0.465116206748594E+000 -0.131028262406404E+000 -0.145752402614172E+003
  0.100000000000000E+001  0.285582411862413E+003  0.403963254570116E+000  0.148349356604133E+001  0.942297988804166E+000  0.226706908152627E+000 -0.131028262406404E+000 -0.142791205931206E+003
  0.100000000000000E+001  0.292421611065551E+003  0.128556120047919E+001  0.182222580374335E+001  0.599678650585748E+000  0.477100545122650E+000 -0.131028262406404E+000 -0.146210805532775E+003
  0.100000000000000E+001  0.294050216643383E+003  0.163451899530269E+001  0.101636075280697E+001  0.690949568988734E+000  0.363447328403053E+000 -0.131028262406404E+000 -0.147025108321691E+003
  0.100000000000000E+001  0.287278875225945E+003  0.199556573235087E+001  0.177142968335236E+001  0.824094827974042E+000  0.122889930425831E+000 -0.131028262406404E+000 -0.143639437612973E+003
  0.100000000000000E+001  0.289336590858769E+003  0.187390469692825E+001  0.180709456289769E+001  0.661804472700315E-001  0.199623064137967E+000 -0.131028262406404E+000 -0.144668295429385E+003
  0.100000000000000E+001  0.289246801298782E+003  0.161532783699305E+001  0.185987837569838E+001  0.978379366740920E+000  0.234772852969160E+000 -0.131028262406404E+000 -0.144623400649391E+003
  0.100000000000000E+001  0.301692550181464E+003  0.180419799423611E+001  0.131387565036474E+001  0.764811334862629E+000  0.480918100631123E+000 -0.131028262406404E+000 -0.150846275090732E+003
  0.100000000000000E+001  0.288380289255755E+003  0.174918846829600E+001  0.197650609037731E+001  0.359546076171489E+000  0.186841184558448E+000 -0.131028262406404E+000 -0.144190144627877E+003
  0.100000000000000E+001  0.285398877705117E+003  0.317454930558556E+000  0.120390417503156E+001  0.228679542707906E+000  0.192885139438576E+000 -0.131028262406404E+000 -0.142699438852559E+003
  0.100000000000000E+001  0.285165936700797E+003  0.128615883836233E+000  0.141746341986082E+001  0.651634634539724E+000  0.114634936510868E+000 -0.131028262406404E+000 -0.142582968350399E+003
  0.100000000000000E+001  0.291746478064861E+003  0.136034154368014E+001  0.165605803022073E+001  0.169445988496273E+000  0.381916534687479E+000 -0.131028262406404E+000 -0.145873239032431E+003
  0.100000000000000E+001  0.287531859139897E+003  0.158348497230345E+001  0.620565276305887E+000  0.652486380276638E+000  0.167595863293466E+000 -0.131028262406404E+000 -0.143765929569948E+003
  0.100000000000000E+001  0.290734853456251E+003  0.144533288988280E+001  0.653709206616235E+000  0.708542578494257E+000  0.328942947821091E+000 -0.131028262406404E+000 -0.145367426728125E+003
  0.100000000000000E+001  0.286484757891512E+003  0.719752063253198E+000  0.982578089023129E+000  0.984917358386874E+000  0.255734026972280E+000 -0.131028262406404E+000 -0.143242378945756E+003
  0.100000000000000E+001  0.285186467666373E+003  0.150224793507622E+000  0.191909625734675E+001  0.320996646339401E+000  0.143116936480823E+000 -0.131028262406404E+000 -0.142593233833186E+003
  0.100000000000000E+001  0.288194090680568E+003  0.116889057139261E+001  0.129339321457188E+001  0.170300342172431E-001  0.262200696108994E+000 -0.131028262406404E+000 -0.144097045340284E+003
  0.100000000000000E+001  0.289733598931641E+003  0.931358763362446E+000  0.118037620636790E+001  0.919940166576428E+000  0.436398635034915E+000 -0.131028262406404E+000 -0.144866799465821E+003
  0.100000000000000E+001  0.297559603344068E+003  0.198388688144763E+001  0.696623033056661E+000  0.534879236560539E+000  0.393638141054494E+000 -0.131028262406404E+000 -0.148779801672034E+003
  0.100000000000000E+001  0.292513319230691E+003  0.122787505053744E+001  0.132244169372114E+001  0.907955054953899E+000  0.440769484155142E+000 -0.131028262406404E+000 -0.146256659615345E+003
  0.100000000000000E+001  0.288412354311331E+003  0.109429587050454E+001  0.158912023332593E+001  0.305648875607341E+000  0.303240561490423E+000 -0.131028262406404E+000 -0.144206177155666E+003
  0.100000000000000E+001  0.286280187231121E+003  0.128671075050092E+001  0.686640170119630E+000  0.337855808386586E+000  0.128722312555945E+000 -0.131028262406404E+000 -0.143140093615561E+003
  0.100000000000000E+001  0.285653690809440E+003  0.656761897944666E+000  0.199133132777350E+001  0.239644181503851E-002  0.160633486275852E+000 -0.131028262406404E+000 -0.142826845404720E+003
  0.100000000000000E+001  0.286822363596053E+003  0.115012497304667E+001  0.172633197877533E+001  0.894802669753246E+000  0.188928144717113E+000 -0.131028262406404E+000 -0.143411181798027E+003
  0.100000000000000E+001  0.288126185689287E+003  0.153119838205998E+001  0.984758953347767E+000  0.866526189267173E-001  0.195418579808706E+000 -0.131028262406404E+000 -0.144063092844644E+003
  0.100000000000000E+001  0.286486069697682E+003  0.872288542855633E+000  0.156160704539726E+001  0.656653884259599E+000  0.216193021332328E+000 -0.131028262406404E+000 -0.143243034848841E+003
  0.100000000000000E+001  0.297447978881226E+003  0.190338813617601E+001  0.198524425225140E+001  0.766914864858975E+000  0.434770283438227E+000 -0.131028262406404E+000 -0.148723989440613E+003
  0.100000000000000E+001  0.288688049819291E+003  0.918403986845111E+000  0.760828742830783E+000  0.894520335265042E+000  0.390566038773817E+000 -0.131028262406404E+000 -0.144344024909645E+003
  0.100000000000000E+001  0.291315397848546E+003  0.188768713519960E+001  0.170780463048637E+001  0.154841992434656E+000  0.249163118315620E+000 -0.131028262406404E+000 -0.145657698924273E+003
  0.100000000000000E+001  0.287626255811655E+003  0.186103145405884E+001  0.507096074446639E+000  0.304939127409122E+000  0.145952153465492E+000 -0.131028262406404E+000 -0.143813127905827E+003
  0.100000000000000E+001  0.290259710081676E+003  0.174466175506073E+001  0.190745814797891E+001  0.120698866317897E+000  0.250066534104115E+000 -0.131028262406404E+000 -0.145129855040838E+003
  0.100000000000000E+001  0.285725787718024E+003  0.307314162803968E+000  0.136354281869801E+001  0.905517340893228E+000  0.356564168869637E+000 -0.131028262406404E+000 -0.142862893859012E+003
  0.100000000000000E+001  0.289841693750591E+003  0.988738951016074E+000  0.103389139931963E+001  0.547414685094903E+000  0.417276934493684E+000 -0.131028262406404E+000 -0.144920846875295E+003
  0.100000000000000E+001  0.291934389411084E+003  0.185551556695516E+001  0.131589681429555E+001  0.283481470002516E-001  0.262095625731809E+000 -0.131028262406404E+000 -0.145967194705542E+003
  0.100000000000000E+001  0.289283729821072E+003  0.118312260392283E+001  0.987931021509222E+000  0.244315073174843E-001  0.316373954013416E+000 -0.131028262406404E+000 -0.144641864910536E+003
  0.100000000000000E+001  0.285826366337922E+003  0.294241542948143E+000  0.140839241540209E+001  0.882456606566653E-001  0.423308824703638E+000 -0.131028262406404E+000 -0.142913183168961E+003
  0.100000000000000E+001  0.286667653802151E+003  0.601413015019437E+000  0.173480379460291E+001  0.300179862288778E+000  0.385030556350220E+000 -0.131028262406404E+000 -0.143333826901076E+003
  0.100000000000000E+001  0.287305252470633E+003  0.138926072510432E+001  0.183275976020517E+001  0.516642450113722E+000  0.183071522813016E+000 -0.131028262406404E+000 -0.143652626235316E+003
  0.100000000000000E+001  0.285416182671434E+003  0.577363863409088E+000  0.775724576216084E+000  0.135196849428970E+000  0.111397781891765E+000 -0.131028262406404E+000 -0.142708091335717E+003
  0.100000000000000E+001  0.286889923762187E+003  0.530826327935156E+000  0.925139121583488E+000  0.379464799734727E+000  0.415074652383947E+000 -0.131028262406404E+000 -0.143444961881094E+003
  0.100000000000000E+001  0.292142612626919E+003  0.158557644741472E+001  0.115875379869771E+001  0.642423178018104E+000  0.317899464230024E+000 -0.131028262406404E+000 -0.146071306313460E+003
  0.100000000000000E+001  0.287708895179748E+003  0.103553928925687E+001  0.616988338006955E+000  0.598864405439623E+000  0.279546926669411E+000 -0.131028262406404E+000 -0.143854447589874E+003
  0.100000000000000E+001  0.285269823831533E+003  0.108832874882260E+000  0.135199832838872E+001  0.755326148582238E+000  0.343868870230839E+000 -0.131028262406404E+000 -0.142634911915767E+003
  0.100000000000000E+001  0.295650972318072E+003  0.164558890186769E+001  0.810489701304189E+000  0.351819034686228E-001  0.423035010254270E+000 -0.131028262406404E+000 -0.147825486159036E+003
  0.100000000000000E+001  0.288374265093381E+003  0.103312793433836E+001  0.189381178614121E+001  0.324173129621284E+000  0.354678929167950E+000 -0.131028262406404E+000 -0.144187132546691E+003
  0.100000000000000E+001  0.287285472770000E+003  0.971571461071081E+000  0.199169123524479E+001  0.966940477869597E-001  0.291276933888521E+000 -0.131028262406404E+000 -0.143642736385000E+003
  0.100000000000000E+001  0.286189631846330E+003  0.721714986094384E+000  0.190875960105772E+001  0.170082191868231E+000  0.240895881986048E+000 -0.131028262406404E+000 -0.143094815923165E+003
  0.100000000000000E+001  0.287096900446089E+003  0.522118331731900E+000  0.113141533541883E+001  0.944272411455263E+000  0.453894451500838E+000 -0.131028262406404E+000 -0.143548450223044E+003
  0.100000000000000E+001  0.286207137555676E+003  0.391426531870569E+000  0.133845919543233E+001  0.619345791678146E+000  0.418500445065775E+000 -0.131028262406404E+000 -0.143103568777838E+003
  0.100000000000000E+001  0.289269412885108E+003  0.111264233668414E+001  0.503451539327217E+000  0.944724696430216E+000  0.382412332385770E+000 -0.131028262406404E+000 -0.144634706442554E+003
  0.100000000000000E+001  0.285818755694754E+003  0.335805767112897E+000  0.156905953362338E+001  0.759207525171711E+000  0.391010416061858E+000 -0.131028262406404E+000 -0.142909377847377E+003
  0.100000000000000E+001  0.285411551405120E+003  0.501876782097747E+000  0.156512909005673E+001  0.441034954517947E+000  0.129819870291279E+000 -0.131028262406404E+000 -0.142705775702560E+003
  0.100000000000000E+001  0.297039484958125E+003  0.166981484953799E+001  0.154883225173075E+001  0.170201411886363E+000  0.433113169794049E+000 -0.131028262406404E+000 -0.148519742479063E+003
  0.100000000000000E+001  0.285429199408677E+003  0.189910251718487E+000  0.865895280317495E+000  0.400743046145740E+000  0.322381312757376E+000 -0.131028262406404E+000 -0.142714599704339E+003
  0.100000000000000E+001  0.286209379831536E+003  0.770871180426842E+000  0.138185490706212E+001  0.267297929009833E+000  0.208283595814240E+000 -0.131028262406404E+000 -0.143104689915768E+003
  0.100000000000000E+001  0.285632896513293E+003  0.739635000018618E+000  0.150759234560167E+001  0.898679214222280E+000  0.131118176518288E+000 -0.131028262406404E+000 -0.142816448256647E+003
  0.100000000000000E+001  0.285241036036801E+003  0.137009425917679E+000  0.541569576552848E+000  0.498100556029868E+000  0.218002559570279E+000 -0.131028262406404E+000 -0.142620518018400E+003
  0.100000000000000E+001  0.287208834757360E+003  0.628592145845158E+000  0.143644906973452E+001  0.359445901749870E+000  0.406912886843177E+000 -0.131028262406404E+000 -0.143604417378680E+003
  0.100000000000000E+001  0.286822770791771E+003  0.167378374188654E+001  0.115515973254988E+001  0.509001178011023E+000  0.125180185106791E+000 -0.131028262406404E+000 -0.143411385395886E+003
  0.100000000000000E+001  0.291666532326043E+003  0.132505783501789E+001  0.176916817868128E+001  0.172410156234292E+000  0.406899362742073E+000 -0.131028262406404E+000 -0.145833266163022E+003
  0.100000000000000E+001  0.286208790122788E+003  0.588685723605544E+000  0.650720015220414E+000  0.321564254857273E+000  0.274529203469611E+000 -0.131028262406404E+000 -0.143104395061394E+003
  0.100000000000000E+001  0.285735285726896E+003  0.680589424833539E+000  0.881594380358476E+000  0.262654881446530E+000  0.158665122998049E+000 -0.131028262406404E+000 -0.142867642863448E+003
  0.100000000000000E+001  0.287884979545087E+003  0.111321643489023E+001  0.997246909838870E+000  0.623781182493832E+000  0.258599129214219E+000 -0.131028262406404E+000 -0.143942489772543E+003
  0.100000000000000E+001  0.286784392790829E+003  0.132901921639881E+001  0.168807162556724E+001  0.171071099608327E+000  0.158918211143710E+000 -0.131028262406404E+000 -0.143392196395414E+003
  0.100000000000000E+001  0.287764327600955E+003  0.822912213311850E+000  0.821657388472377E+000  0.577709989037559E+000  0.351988826294247E+000 -0.131028262406404E+000 -0.143882163800477E+003
  0.100000000000000E+001  0.287769137810295E+003  0.976177624373953E+000  0.182123695906450E+001  0.339931824773727E+000  0.317146001528327E+000 -0.131028262406404E+000 -0.143884568905147E+003
  0.100000000000000E+001  0.286954350044456E+003  0.125299275868781E+001  0.640825007565150E+000  0.848390137168759E+000  0.179076972579498E+000 -0.131028262406404E+000 -0.143477175022228E+003
  0.100000000000000E+001  0.296946664944451E+003  0.184429012496071E+001  0.114114943643040E+001  0.510389630079539E+000  0.375312447474723E+000 -0.131028262406404E+000 -0.148473332472226E+003
  0.100000000000000E+001  0.285288639853550E+003  0.121893072785590E+000  0.165585370067864E+001  0.323382992333513E+000  0.420392924463381E+000 -0.131028262406404E+000 -0.142644319926775E+003
  0.100000000000000E+001  0.289865851868122E+003  0.133936891466523E+001  0.513352783416958E+000  0.128405172296618E+000  0.333693072058565E+000 -0.131028262406404E+000 -0.144932925934061E+003
  0.100000000000000E+001  0.288139048862035E+003  0.987149906338605E+000  0.188336284219888E+001  0.943222293213791E+000  0.354795387944098E+000 -0.131028262406404E+000 -0.144069524431017E+003
  0.100000000000000E+001  0.285760444016177E+003  0.539688329458024E+000  0.175912968038124E+001  0.538402556013842E+000  0.221927413253661E+000 -0.131028262406404E+000 -0.142880222008089E+003
  0.100000000000000E+001  0.287739087487549E+003  0.113445119859884E+001  0.132123693608611E+001  0.247454200983138E+000  0.244792274344432E+000 -0.131028262406404E+000 -0.143869543743775E+003
  0.100000000000000E+001  0.285601186013144E+003  0.232204403460418E+000  0.752355857492870E+000  0.962430247340121E+000  0.368938359483186E+000 -0.131028262406404E+000 -0.142800593006572E+003
  0.100000000000000E+001  0.286171385529846E+003  0.480097744103767E+000  0.549218104614020E+000  0.248195090423187E-002  0.335963683232477E+000 -0.131028262406404E+000 -0.143085692764923E+003
  0.100000000000000E+001  0.287480473877784E+003  0.111410806279193E+001  0.106570161866125E+001  0.752235963213739E+000  0.232941589958843E+000 -0.131028262406404E+000 -0.143740236938892E+003
  0.100000000000000E+001  0.303759928201074E+003  0.190002389507216E+001  0.134988186930237E+001  0.489110620213943E+000  0.489873144908572E+000 -0.131028262406404E+000 -0.151879964100537E+003
  0.100000000000000E+001  0.298161785668803E+003  0.162300763661514E+001  0.111455902862668E+001  0.938520822790825E+000  0.467620689397622E+000 -0.131028262406404E+000 -0.149080892834401E+003
  0.100000000000000E+001  0.285722898180555E+003  0.949813935681567E+000  0.605466631241839E+000  0.765546036741476E+000  0.112826442774603E+000 -0.131028262406404E+000 -0.142861449090278E+003
  0.100000000000000E+001  0.286653955448409E+003  0.692449414092902E+000  0.157084986816259E+001  0.613587991321928E+000  0.302497798805676E+000 -0.131028262406404E+000 -0.143326977724205E+003
  0.100000000000000E+001  0.289916656596155E+003  0.143954719070628E+001  0.158171560658715E+001  0.785885526523211E+000  0.283348811965565E+000 -0.131028262406404E+000 -0.144958328298078E+003
  0.100000000000000E+001  0.286347067819808E+003  0.972081595793346E+000  0.194522890095455E+001  0.998531337637281E+000  0.187848088859868E+000 -0.131028262406404E+000 -0.143173533909904E+003
  0.100000000000000E+001  0.285175381697225E+003  0.161285352226822E+000  0.122258987823546E+001  0.819299148850835E+000  0.105744802950617E+000 -0.131028262406404E+000 -0.142587690848612E+003
  0.100000000000000E+001  0.289536659701098E+003  0.146220768517598E+001  0.125573135297043E+001  0.696664266544509E+000  0.259064885722751E+000 -0.131028262406404E+000 -0.144768329850549E+003
  0.100000000000000E+001  0.287832778545234E+003  0.828212391659334E+000  0.195922018778372E+001  0.924069724036985E+000  0.457140266367308E+000 -0.131028262406404E+000 -0.143916389272617E+003
  0.100000000000000E+001  0.288915127317152E+003  0.157898006666364E+001  0.160202056242143E+001  0.737300651671759E+000  0.220977912980066E+000 -0.131028262406404E+000 -0.144457563658576E+003
  0.100000000000000E+001  0.285318044055364E+003  0.271159389176449E+000  0.791356684961980E+000  0.608470576171773E+000  0.170696240568116E+000 -0.131028262406404E+000 -0.142659022027682E+003
  0.100000000000000E+001  0.285270413806131E+003  0.342614316438716E+000  0.640586417536156E+000  0.881495264907014E+000  0.111153052207352E+000 -0.131028262406404E+000 -0.142635206903066E+003
  0.100000000000000E+001  0.285455137533085E+003  0.374750534168791E+000  0.927878811709756E+000  0.457865785109307E+000  0.185041539128642E+000 -0.131028262406404E+000 -0.142727568766543E+003
  0.100000000000000E+001  0.288429224561316E+003  0.959029947192987E+000  0.794549525499180E+000  0.174293147388726E+000  0.350000392324028E+000 -0.131028262406404E+000 -0.144214612280658E+003
  0.100000000000000E+001  0.287360927853876E+003  0.127525820492677E+001  0.182885267431450E+001  0.304569971868198E+000  0.204706084801851E+000 -0.131028262406404E+000 -0.143680463926938E+003
  0.100000000000000E+001  0.287434908807706E+003  0.105178421236038E+001  0.983843647149919E+000  0.851919891766113E+000  0.244850185203217E+000 -0.131028262406404E+000 -0.143717454403853E+003
  0.100000000000000E+001  0.296038880488947E+003  0.174966398676339E+001  0.687890983053984E+000  0.888041074064275E-001  0.421620627682057E+000 -0.131028262406404E+000 -0.148019440244474E+003
  0.100000000000000E+001  0.286176372403620E+003  0.406877390631746E+000  0.126193289983513E+001  0.227819615065388E+000  0.387480185256366E+000 -0.131028262406404E+000 -0.143088186201810E+003
  0.100000000000000E+001  0.287289773399289E+003  0.556045560605346E+000  0.684591769897660E+000  0.313619415445917E+000  0.483913363461317E+000 -0.131028262406404E+000 -0.143644886699644E+003
  0.100000000000000E+001  0.288733639829503E+003  0.123843420478975E+001  0.123455044769777E+001  0.425186827730818E+000  0.272724604715427E+000 -0.131028262406404E+000 -0.144366819914751E+003
  0.100000000000000E+001  0.289887305207336E+003  0.120536982840068E+001  0.566695236908412E+000  0.347615920822277E+000  0.375196308002342E+000 -0.131028262406404E+000 -0.144943652603668E+003
  0.100000000000000E+001  0.285609203149979E+003  0.627886183120530E+000  0.172994653242647E+001  0.318797878860423E+000  0.152898624463092E+000 -0.131028262406404E+000 -0.142804601574990E+003
  0.100000000000000E+001  0.290185961798073E+003  0.119112155313940E+001  0.113310218744105E+001  0.219714256062805E+000  0.353750581573057E+000 -0.131028262406404E+000 -0.145092980899036E+003
  0.100000000000000E+001  0.295089029976960E+003  0.170042971994621E+001  0.198658516395121E+001  0.503679450073271E-001  0.437276955590950E+000 -0.131028262406404E+000 -0.147544514988480E+003
  0.100000000000000E+001  0.293577011792985E+003  0.161519834721254E+001  0.923456371638269E+000  0.743908855556502E-001  0.360547695995637E+000 -0.131028262406404E+000 -0.146788505896492E+003
  0.100000000000000E+001  0.286641782806923E+003  0.601293886289582E+000  0.186880686007594E+001  0.375711591846548E+000  0.417743881119155E+000 -0.131028262406404E+000 -0.143320891403461E+003
  0.100000000000000E+001  0.288578973100948E+003  0.961211566439108E+000  0.704920715658218E+000  0.332348253503865E+000  0.367841224196371E+000 -0.131028262406404E+000 -0.144289486550474E+003
  0.100000000000000E+001  0.286697114314943E+003  0.849905402524897E+000  0.185170461717747E+001  0.822735914692674E+000  0.259450753668987E+000 -0.131028262406404E+000 -0.143348557157472E+003
  0.100000000000000E+001  0.292808756194610E+003  0.121170007286341E+001  0.777701799959169E+000  0.531248861340745E+000  0.495308788240063E+000 -0.131028262406404E+000 -0.146404378097305E+003
  0.100000000000000E+001  0.287208981146809E+003  0.757295393554190E+000  0.186651445164023E+001  0.798068960131642E-001  0.383448412562432E+000 -0.131028262406404E+000 -0.143604490573405E+003
  0.100000000000000E+001  0.294576796864054E+003  0.186231745121493E+001  0.825384070911582E+000  0.978727337031107E+000  0.335847917030711E+000 -0.131028262406404E+000 -0.147288398432027E+003
  0.100000000000000E+001  0.293637096199640E+003  0.168087303967873E+001  0.535531904416981E+000  0.634851830714932E+000  0.393310898072219E+000 -0.131028262406404E+000 -0.146818548099820E+003
  0.100000000000000E+001  0.288570282454330E+003  0.163552676436380E+001  0.900860712557614E+000  0.982948928153775E+000  0.199588364442673E+000 -0.131028262406404E+000 -0.144285141227165E+003
  0.100000000000000E+001  0.290845815866638E+003  0.125644567686453E+001  0.182245270253204E+001  0.275777018427642E+000  0.404909317133287E+000 -0.131028262406404E+000 -0.145422907933319E+003
  0.100000000000000E+001  0.298070783509740E+003  0.198145098740647E+001  0.122832114815780E+001  0.368126411762544E+000  0.364418854470759E+000 -0.131028262406404E+000 -0.149035391754870E+003
  0.100000000000000E+001  0.298724986023109E+003  0.176324170156337E+001  0.119753203852394E+001  0.362607437359840E+000  0.432710836111789E+000 -0.131028262406404E+000 -0.149362493011554E+003
  0.100000000000000E+001  0.300180722022240E+003  0.181577152741040E+001  0.923259247896807E+000  0.626140399232351E+000  0.468136862539508E+000 -0.131028262406404E+000 -0.150090361011120E+003
  0.100000000000000E+001  0.285865758368099E+003  0.475560053837954E+000  0.134552586877510E+001  0.973393950288813E+000  0.263671933724655E+000 -0.131028262406404E+000 -0.142932879184049E+003
  0.100000000000000E+001  0.285877305889313E+003  0.828967878281994E+000  0.780119060514270E+000  0.450301699399655E+000  0.150472787242073E+000 -0.131028262406404E+000 -0.142938652944656E+003
  0.100000000000000E+001  0.288443157022589E+003  0.109694435909072E+001  0.945106877490048E+000  0.999785086158271E+000  0.297136231020915E+000 -0.131028262406404E+000 -0.144221578511294E+003
  0.100000000000000E+001  0.287015821210100E+003  0.193948602008841E+001  0.184685811088630E+001  0.175557863402854E+000  0.117142538392904E+000 -0.131028262406404E+000 -0.143507910605050E+003
  0.100000000000000E+001  0.289146642920658E+003  0.101588489813211E+001  0.193756564436570E+001  0.806966776164941E-001  0.452386221049065E+000 -0.131028262406404E+000 -0.144573321460329E+003
  0.100000000000000E+001  0.285268039108149E+003  0.121232575246656E+000  0.760038818433656E+000  0.417686681724202E+000  0.279828315013040E+000 -0.131028262406404E+000 -0.142634019554074E+003
  0.100000000000000E+001  0.287758030443934E+003  0.670757293337519E+000  0.605539840557554E+000  0.105864433077675E-001  0.472330314420790E+000 -0.131028262406404E+000 -0.143879015221967E+003
  0.100000000000000E+001  0.286647225615748E+003  0.568404846559356E+000  0.179324768819485E+001  0.681503447751922E-001  0.431326388366740E+000 -0.131028262406404E+000 -0.143323612807874E+003
  0.100000000000000E+001  0.285511458942406E+003  0.478371309692896E+000  0.104483389412196E+001  0.667499675762081E+000  0.163957749147038E+000 -0.131028262406404E+000 -0.142755729471203E+003
  0.100000000000000E+001  0.286441557053173E+003  0.452974877418043E+000  0.760434997945598E+000  0.883512172323379E+000  0.404579638380534E+000 -0.131028262406404E+000 -0.143220778526587E+003
  0.100000000000000E+001  0.297474609426539E+003  0.195646473048089E+001  0.913873928602014E+000  0.655059259149041E+000  0.372863172557190E+000 -0.131028262406404E+000 -0.148737304713270E+003
  0.100000000000000E+001  0.285433499255062E+003  0.164509558633430E+000  0.144281117992377E+001  0.825860759354374E+000  0.424650191459090E+000 -0.131028262406404E+000 -0.142716749627531E+003
  0.100000000000000E+001  0.288621707140132E+003  0.115828931353531E+001  0.134107312906890E+001  0.115734385028813E-001  0.288264912928264E+000 -0.131028262406404E+000 -0.144310853570066E+003
  0.100000000000000E+001  0.286989727729563E+003  0.723234537438225E+000  0.179693787488911E+001  0.319613685125112E+000  0.358946500331144E+000 -0.131028262406404E+000 -0.143494863864782E+003
  0.100000000000000E+001  0.289624732399765E+003  0.156486098085138E+001  0.198937568939105E+001  0.954961825340523E+000  0.266624318285699E+000 -0.131028262406404E+000 -0.144812366199882E+003
  0.100000000000000E+001  0.287948336504848E+003  0.159874324323928E+001  0.824652977690498E+000  0.993673886116740E+000  0.181202986854851E+000 -0.131028262406404E+000 -0.143974168252424E+003
  0.100000000000000E+001  0.288709334634084E+003  0.174060094866516E+001  0.191452561316714E+001  0.149714428408539E-001  0.198315208502481E+000 -0.131028262406404E+000 -0.144354667317042E+003
  0.100000000000000E+001  0.295480450663843E+003  0.188156021291205E+001  0.546804198872628E+000  0.508939919034972E+000  0.393060453169778E+000 -0.131028262406404E+000 -0.147740225331921E+003
  0.100000000000000E+001  0.286178739941037E+003  0.450966621233535E+000  0.714294724908901E+000  0.462653920587916E+000  0.348975776523210E+000 -0.131028262406404E+000 -0.143089369970519E+003
  0.100000000000000E+001  0.290772357115360E+003  0.132982200418604E+001  0.144743148208325E+001  0.519698360974500E+000  0.339579806628817E+000 -0.131028262406404E+000 -0.145386178557680E+003
  0.100000000000000E+001  0.292261502628891E+003  0.165560585284559E+001  0.118945409537606E+001  0.875770781655745E+000  0.305947598039788E+000 -0.131028262406404E+000 -0.146130751314446E+003
  0.100000000000000E+001  0.287396668179848E+003  0.947754906985297E+000  0.738320446602350E+000  0.335450766945890E+000  0.275971612473764E+000 -0.131028262406404E+000 -0.143698334089924E+003
  0.100000000000000E+001  0.285703964319347E+003  0.352740407127914E+000  0.156664569674776E+001  0.498258786938055E+000  0.319750467210593E+000 -0.131028262406404E+000 -0.142851982159674E+003
  0.100000000000000E+001  0.294803342413724E+003  0.152701026744163E+001  0.183735897767589E+001  0.645359174083647E+000  0.464307831158784E+000 -0.131028262406404E+000 -0.147401671206862E+003
  0.100000000000000E+001  0.286499693287866E+003  0.809374304272806E+000  0.120759763392470E+001  0.395073247360867E+000  0.229199881922609E+000 -0.131028262406404E+000 -0.143249846643933E+003
  0.100000000000000E+001  0.286567484165341E+003  0.167366730251061E+001  0.505191528678906E+000  0.129444751525901E+000  0.114379246070921E+000 -0.131028262406404E+000 -0.143283742082671E+003
  0.100000000000000E+001  0.297139380178725E+003  0.179698326957200E+001  0.975835963227744E+000  0.161494764830917E+000  0.399932304084733E+000 -0.131028262406404E+000 -0.148569690089362E+003
  0.100000000000000E+001  0.286139457745694E+003  0.667927264120401E+000  0.166236687199921E+001  0.913224070468949E+000  0.240345308537788E+000 -0.131028262406404E+000 -0.143069728872847E+003
  0.100000000000000E+001  0.286364192096499E+003  0.614683909604470E+000  0.198766423197640E+001  0.275693219598410E+000  0.363465086008715E+000 -0.131028262406404E+000 -0.143182096048249E+003
  0.100000000000000E+001  0.288550931544791E+003  0.135278448943506E+001  0.951938298488825E+000  0.286338960672670E+000  0.242332890742526E+000 -0.131028262406404E+000 -0.144275465772395E+003
  0.100000000000000E+001  0.286126539483940E+003  0.560127350175932E+000  0.160897931073614E+001  0.262246162258251E+000  0.287523096676813E+000 -0.131028262406404E+000 -0.143063269741970E+003
  0.100000000000000E+001  0.298126910272482E+003  0.174639118330273E+001  0.112333969130476E+001  0.491689666625613E-001  0.427086704132131E+000 -0.131028262406404E+000 -0.149063455136241E+003
  0.100000000000000E+001  0.289612589450067E+003  0.908134312001507E+000  0.101187441319229E+001  0.844140599889070E+000  0.444009381450209E+000 -0.131028262406404E+000 -0.144806294725033E+003
  0.100000000000000E+001  0.286414409612156E+003  0.867913982923350E+000  0.136523624363619E+001  0.777864883662818E+000  0.206247280761369E+000 -0.131028262406404E+000 -0.143207204806078E+003
  0.100000000000000E+001  0.285754615733998E+003  0.370703285685034E+000  0.502048757614035E+000  0.202336620674503E+000  0.300628517560903E+000 -0.131028262406404E+000 -0.142877307866999E+003
  0.100000000000000E+001  0.285531963575069E+003  0.533354011090929E+000  0.163536374724156E+001  0.651665729469785E+000  0.158615681161874E+000 -0.131028262406404E+000 -0.142765981787534E+003
  0.100000000000000E+001  0.287524747456024E+003  0.120822925046458E+001  0.126087263340730E+001  0.329716683926611E+000  0.216750826671060E+000 -0.131028262406404E+000 -0.143762373728012E+003
  0.100000000000000E+001  0.290950757805979E+003  0.124324578718395E+001  0.190317861370355E+001  0.222763080057813E+000  0.436796135062872E+000 -0.131028262406404E+000 -0.145475378902989E+003
  0.100000000000000E+001  0.289040677649129E+003  0.987691758459481E+000  0.159323056790279E+001  0.505027079804175E+000  0.387287195226342E+000 -0.131028262406404E+000 -0.144520338824565E+003
  0.100000000000000E+001  0.286690880305663E+003  0.638477105679011E+000  0.133710105224805E+001  0.571980284475354E+000  0.322487190870942E+000 -0.131028262406404E+000 -0.143345440152831E+003
  0.100000000000000E+001  0.285574842633337E+003  0.569921591728182E+000  0.175486582559331E+001  0.540365321370498E+000  0.161245254440478E+000 -0.131028262406404E+000 -0.142787421316668E+003
  0.100000000000000E+001  0.285766027489197E+003  0.659174745592522E+000  0.102837901565095E+001  0.593291714840266E+000  0.169403548621259E+000 -0.131028262406404E+000 -0.142883013744599E+003
  0.100000000000000E+001  0.291465665379412E+003  0.114515115279777E+001  0.132987060309580E+001  0.561771991140106E+000  0.431393323086848E+000 -0.131028262406404E+000 -0.145732832689706E+003
  0.100000000000000E+001  0.285362830372624E+003  0.257320569686182E+000  0.177379061269602E+001  0.695630022190284E+000  0.241702327065071E+000 -0.131028262406404E+000 -0.142681415186312E+003
  0.100000000000000E+001  0.287278088220757E+003  0.150174386461424E+001  0.151863653033398E+001  0.245539368210620E+000  0.163189301065182E+000 -0.131028262406404E+000 -0.143639044110379E+003
  0.100000000000000E+001  0.289124559431856E+003  0.156700650209201E+001  0.726724458869339E+000  0.717239699663309E+000  0.233612356545754E+000 -0.131028262406404E+000 -0.144562279715928E+003
  0.100000000000000E+001  0.285679390902487E+003  0.743651677274410E+000  0.128098836360137E+001  0.405762905999813E+000  0.137114448877342E+000 -0.131028262406404E+000 -0.142839695451243E+003
  0.100000000000000E+001  0.287073925266634E+003  0.479325139153766E+000  0.111930679516405E+001  0.886145258577107E+000  0.490327024598503E+000 -0.131028262406404E+000 -0.143536962633317E+003
  0.100000000000000E+001  0.287642199609686E+003  0.134504944294088E+001  0.171176886156700E+001  0.717357420040713E+000  0.205392177261174E+000 -0.131028262406404E+000 -0.143821099804843E+003
  0.100000000000000E+001  0.287525896366836E+003  0.811283072257927E+000  0.796056030089442E+000  0.810966967551647E+000  0.336000438913713E+000 -0.131028262406404E+000 -0.143762948183418E+003
  0.100000000000000E+001  0.286293145141680E+003  0.157138795175028E+001  0.156774717458050E+001  0.812710462848402E+000  0.106210447480529E+000 -0.131028262406404E+000 -0.143146572570840E+003
  0.100000000000000E+001  0.289185296582617E+003  0.120013212865239E+001  0.761574015798093E+000  0.568613366532055E+000  0.316349292315912E+000 -0.131028262406404E+000 -0.144592648291308E+003
  0.100000000000000E+001  0.286369817440523E+003  0.848144292570831E+000  0.168256889362623E+001  0.134881406135070E+000  0.213117129967712E+000 -0.131028262406404E+000 -0.143184908720261E+003
  0.100000000000000E+001  0.286355450368745E+003  0.890730064760670E+000  0.195779674890321E+001  0.832871243659311E+000  0.209830983754582E+000 -0.131028262406404E+000 -0.143177725184373E+003
  0.100000000000000E+001  0.286813520710220E+003  0.778794196712652E+000  0.149110206190737E+001  0.645801350776732E+000  0.279856913582354E+000 -0.131028262406404E+000 -0.143406760355110E+003
  0.100000000000000E+001  0.287143840164144E+003  0.708273177022514E+000  0.106781198803303E+001  0.584177900919143E+000  0.337051516636321E+000 -0.131028262406404E+000 -0.143571920082072E+003
  0.100000000000000E+001  0.285896379501984E+003  0.784186437690441E+000  0.814837294401155E+000  0.879653130093533E+000  0.161620981143403E+000 -0.131028262406404E+000 -0.142948189750992E+003
  0.100000000000000E+001  0.287807427338815E+003  0.705169783474614E+000  0.120077511031171E+001  0.980239572516034E+000  0.410600735873945E+000 -0.131028262406404E+000 -0.143903713669407E+003
  0.100000000000000E+001  0.285552949583745E+003  0.412368905576448E+000  0.130733885115414E+001  0.689573065450696E+000  0.206901068318138E+000 -0.131028262406404E+000 -0.142776474791872E+003
  0.100000000000000E+001  0.289897815620958E+003  0.912099503707439E+000  0.109404794429677E+001  0.899583909861278E+000  0.457984896748650E+000 -0.131028262406404E+000 -0.144948907810479E+003
  0.100000000000000E+001  0.294803756783030E+003  0.135692618023204E+001  0.117666225281541E+001  0.509022792769367E+000  0.469634882104388E+000 -0.131028262406404E+000 -0.147401878391515E+003
  0.100000000000000E+001  0.288688703417775E+003  0.141519211036494E+001  0.170037584504894E+001  0.373802364392343E+000  0.242508787427536E+000 -0.131028262406404E+000 -0.144344351708888E+003
  0.100000000000000E+001  0.286125903210338E+003  0.662156583426277E+000  0.950738982594372E+000  0.126324096297767E+000  0.227070217828488E+000 -0.131028262406404E+000 -0.143062951605169E+003
  0.100000000000000E+001  0.292848787534792E+003  0.153519632993684E+001  0.162940604028492E+001  0.741052399483481E+000  0.362739547993172E+000 -0.131028262406404E+000 -0.146424393767396E+003
  0.100000000000000E+001  0.289380620231440E+003  0.198322489533420E+001  0.150870536292623E+001  0.226815142860106E+000  0.184914130079639E+000 -0.131028262406404E+000 -0.144690310115720E+003
  0.100000000000000E+001  0.291625745532538E+003  0.150221235830231E+001  0.578011722895238E+000  0.560898397023704E+000  0.359959585442444E+000 -0.131028262406404E+000 -0.145812872766269E+003
  0.100000000000000E+001  0.287810268787160E+003  0.839147753881243E+000  0.999059093139645E+000  0.975352489525751E+000  0.342161561214562E+000 -0.131028262406404E+000 -0.143905134393580E+003
  0.100000000000000E+001  0.288783974223688E+003  0.895355105681644E+000  0.166824565671227E+001  0.811146069876872E-001  0.429685123340173E+000 -0.131028262406404E+000 -0.144391987111844E+003
  0.100000000000000E+001  0.286174397057666E+003  0.675521606287906E+000  0.196926970605590E+001  0.717748799545306E+000  0.265251275166157E+000 -0.131028262406404E+000 -0.143087198528833E+003
  0.100000000000000E+001  0.285533272714756E+003  0.822301264922275E+000  0.143320403885193E+001  0.498007322642225E+000  0.100816950614509E+000 -0.131028262406404E+000 -0.142766636357378E+003
  0.100000000000000E+001  0.285940279559932E+003  0.537987301234185E+000  0.886305633924214E+000  0.772517205145799E+000  0.243102852120554E+000 -0.131028262406404E+000 -0.142970139779966E+003
  0.100000000000000E+001  0.288984455871725E+003  0.177534110364521E+001  0.111238642785575E+001  0.520949645768601E+000  0.194804118890899E+000 -0.131028262406404E+000 -0.144492227935863E+003
  0.100000000000000E+001  0.291253001427106E+003  0.155079818592039E+001  0.146239132586702E+001  0.818860905602021E-001  0.301003202209033E+000 -0.131028262406404E+000 -0.145626500713553E+003
  0.100000000000000E+001  0.296464553163057E+003  0.145319930351852E+001  0.951125895272533E+000  0.854093897394444E+000  0.498811182576181E+000 -0.131028262406404E+000 -0.148232276581528E+003
  0.100000000000000E+001  0.288456137964222E+003  0.958589958859230E+000  0.820527438661381E+000  0.454470367499026E+000  0.350489124251494E+000 -0.131028262406404E+000 -0.144228068982111E+003
  0.100000000000000E+001  0.287227044532296E+003  0.113958732165852E+001  0.123601335601398E+001  0.361094107571663E+000  0.211792564454679E+000 -0.131028262406404E+000 -0.143613522266148E+003
  0.100000000000000E+001  0.285631422975871E+003  0.193918857855573E+000  0.114123063487261E+001  0.523849861650341E+000  0.458601483453805E+000 -0.131028262406404E+000 -0.142815711487935E+003
  0.100000000000000E+001  0.287544818623731E+003  0.133100236737440E+001  0.110620389259337E+001  0.244957179450364E+000  0.197000603692575E+000 -0.131028262406404E+000 -0.143772409311865E+003
  0.100000000000000E+001  0.293605783274341E+003  0.136011918355550E+001  0.102893561105533E+001  0.425289265183410E+000  0.433700291908974E+000 -0.131028262406404E+000 -0.146802891637170E+003
  0.100000000000000E+001  0.290580151805964E+003  0.185266078371718E+001  0.965968196346023E+000  0.609558090211131E+000  0.231804188610544E+000 -0.131028262406404E+000 -0.145290075902982E+003
  0.100000000000000E+001  0.286521176639654E+003  0.773807308705279E+000  0.148492838819982E+001  0.190185419822245E+000  0.247832123572274E+000 -0.131028262406404E+000 -0.143260588319827E+003
  0.100000000000000E+001  0.302518319625309E+003  0.195514928427327E+001  0.151733897479948E+001  0.956603240067542E+000  0.458207856600177E+000 -0.131028262406404E+000 -0.151259159812654E+003
  0.100000000000000E+001  0.286689514909576E+003  0.105371269668211E+001  0.167362632920960E+001  0.897341661981397E+000  0.195793453389394E+000 -0.131028262406404E+000 -0.143344757454788E+003
  0.100000000000000E+001  0.292165355882194E+003  0.156957835891047E+001  0.133684404790364E+001  0.505234799379795E+000  0.321903799272613E+000 -0.131028262406404E+000 -0.146082677941097E+003
  0.100000000000000E+001  0.285452038600645E+003  0.170107390079813E+000  0.613272335381281E+000  0.126712926602683E+000  0.376595004006840E+000 -0.131028262406404E+000 -0.142726019300323E+003
  0.100000000000000E+001  0.285617952042185E+003  0.180227104693026E+000  0.101056050363131E+001  0.287989624630616E+000  0.469358956445350E+000 -0.131028262406404E+000 -0.142808976021092E+003
  0.100000000000000E+001  0.286964308598865E+003  0.186086302872200E+001  0.118670508827268E+001  0.397445374225678E+000  0.118180765785786E+000 -0.131028262406404E+000 -0.143482154299433E+003
  0.100000000000000E+001  0.299986293935043E+003  0.183925410919174E+001  0.769849337089326E+000  0.964252510363300E+000  0.482578920134745E+000 -0.131028262406404E+000 -0.149993146967522E+003
  0.100000000000000E+001  0.286637261512599E+003  0.106420657824069E+001  0.142262237628987E+001  0.320440031201699E-001  0.185772777993858E+000 -0.131028262406404E+000 -0.143318630756299E+003
  0.100000000000000E+001  0.289086382303207E+003  0.903294326831466E+000  0.632303073658811E+000  0.911569096859423E+000  0.452177310908214E+000 -0.131028262406404E+000 -0.144543191151604E+003
  0.100000000000000E+001  0.290334985032250E+003  0.968381719885698E+000  0.147675441204939E+001  0.177539269675060E+000  0.472383776867128E+000 -0.131028262406404E+000 -0.145167492516125E+003
  0.100000000000000E+001  0.285761844292174E+003  0.414126811853471E+000  0.129488213046955E+001  0.117667360057979E+000  0.271375542864838E+000 -0.131028262406404E+000 -0.142880922146087E+003
  0.100000000000000E+001  0.286766354233312E+003  0.126824774653444E+001  0.682343620769636E+000  0.755085608771288E+000  0.164249962222410E+000 -0.131028262406404E+000 -0.143383177116656E+003
  0.100000000000000E+001  0.285467715081654E+003  0.249843959402160E+000  0.135386320307068E+001  0.110687734345075E+000  0.292376503805099E+000 -0.131028262406404E+000 -0.142733857540827E+003
  0.100000000000000E+001  0.297724622722526E+003  0.175090999328749E+001  0.185801299482362E+001  0.716661787806068E+000  0.470548321471791E+000 -0.131028262406404E+000 -0.148862311361263E+003
  0.100000000000000E+001  0.287394104103536E+003  0.967486206630367E+000  0.185385796569452E+001  0.641588268337948E+000  0.289331567080080E+000 -0.131028262406404E+000 -0.143697052051768E+003
  0.100000000000000E+001  0.285921594523811E+003  0.583678946122431E+000  0.195133211948995E+001  0.565964645663021E-001  0.255133750510885E+000 -0.131028262406404E+000 -0.142960797261906E+003
  0.100000000000000E+001  0.300168781444534E+003  0.196927461230838E+001  0.182822196038544E+001  0.496413806985228E+000  0.446587182188104E+000 -0.131028262406404E+000 -0.150084390722267E+003
  0.100000000000000E+001  0.291019874076533E+003  0.157335365290376E+001  0.137469394082000E+001  0.946835829591018E+000  0.287482768153225E+000 -0.131028262406404E+000 -0.145509937038266E+003
  0.100000000000000E+001  0.294330879680652E+003  0.148322553414558E+001  0.137244650304337E+001  0.527345945992769E-001  0.410165615818050E+000 -0.131028262406404E+000 -0.147165439840326E+003
  0.100000000000000E+001  0.291687713869986E+003  0.144389270111570E+001  0.198352642800520E+001  0.156397372560476E+000  0.399116652831668E+000 -0.131028262406404E+000 -0.145843856934993E+003
  0.100000000000000E+001  0.290445417835191E+003  0.922805135363672E+000  0.139478733029506E+001  0.662709123481990E+000  0.498900132395208E+000 -0.131028262406404E+000 -0.145222708917595E+003
  0.100000000000000E+001  0.287830215606430E+003  0.113481868202224E+001  0.167476312166654E+001  0.606334076027604E+000  0.259074027608732E+000 -0.131028262406404E+000 -0.143915107803215E+003
  0.100000000000000E+001  0.288673430623517E+003  0.839216535259136E+000  0.656076111398492E+000  0.933300612353769E+000  0.448034023515635E+000 -0.131028262406404E+000 -0.144336715311759E+003
  0.100000000000000E+001  0.286180034662397E+003  0.155688040762755E+001  0.567425582737604E+000  0.376569147842381E+000  0.100324787517327E+000 -0.131028262406404E+000 -0.143090017331199E+003
  0.100000000000000E+001  0.285300095445823E+003  0.365547035993147E+000  0.150070092499836E+001  0.715717324474899E+000  0.123388629084087E+000 -0.131028262406404E+000 -0.142650047722911E+003
  0.100000000000000E+001  0.288038454254384E+003  0.119936964924812E+001  0.156905498925380E+001  0.423694556550461E+000  0.251885220272948E+000 -0.131028262406404E+000 -0.144019227127192E+003
  0.100000000000000E+001  0.285818107509236E+003  0.295050241525804E+000  0.592967406010491E+000  0.557471854301484E+000  0.398095052845965E+000 -0.131028262406404E+000 -0.142909053754618E+003
  0.100000000000000E+001  0.285528069551998E+003  0.190484180166673E+000  0.895478767195261E+000  0.148304702497328E+000  0.389155645948272E+000 -0.131028262406404E+000 -0.142764034775999E+003
  0.100000000000000E+001  0.288410921459093E+003  0.820760159239010E+000  0.153218462077828E+001  0.526259817248582E-001  0.422049201336315E+000 -0.131028262406404E+000 -0.144205460729547E+003
  0.100000000000000E+001  0.303535666177028E+003  0.194536878440995E+001  0.127284603013748E+001  0.831769174603106E+000  0.470666851747978E+000 -0.131028262406404E+000 -0.151767833088514E+003
  0.100000000000000E+001  0.289308842677798E+003  0.937834076076236E+000  0.120577635792902E+001  0.984805865506915E+000  0.405996024853957E+000 -0.131028262406404E+000 -0.144654421338899E+003
  0.100000000000000E+001  0.285791501501766E+003  0.108345636236493E+001  0.690749437121192E+000  0.920046810042643E+000  0.106332844933831E+000 -0.131028262406404E+000 -0.142895750750883E+003
  0.100000000000000E+001  0.285228097856738E+003  0.137445761061664E+000  0.137573066443202E+001  0.536059714496194E+000  0.215328108807982E+000 -0.131028262406404E+000 -0.142614048928369E+003
  0.100000000000000E+001  0.298173747726899E+003  0.179494749829308E+001  0.188560699295798E+001  0.775215225090416E+000  0.472767083443598E+000 -0.131028262406404E+000 -0.149086873863449E+003
  0.100000000000000E+001  0.285387089686221E+003  0.287413406035898E+000  0.115896007677097E+001  0.442644014561186E+000  0.204795803349220E+000 -0.131028262406404E+000 -0.142693544843110E+003
  0.100000000000000E+001  0.286580386952770E+003  0.525327518827910E+000  0.151315686634989E+001  0.341537131717060E+000  0.395821986909568E+000 -0.131028262406404E+000 -0.143290193476385E+003
  0.100000000000000E+001  0.297175195152922E+003  0.170124711032115E+001  0.190265929351160E+001  0.895533778145492E+000  0.487379921928902E+000 -0.131028262406404E+000 -0.148587597576461E+003
  0.100000000000000E+001  0.289137691577051E+003  0.133681625085482E+001  0.762587771323838E+000  0.352359778856754E+000  0.277891356824816E+000 -0.131028262406404E+000 -0.144568845788526E+003
  0.100000000000000E+001  0.289061843673294E+003  0.851992083050115E+000  0.117883557160749E+001  0.288523175064627E+000  0.432892672009533E+000 -0.131028262406404E+000 -0.144530921836647E+003
  0.100000000000000E+001  0.286979454269553E+003  0.121047194612041E+001  0.176392969949810E+001  0.322332643137654E+000  0.190152120067360E+000 -0.131028262406404E+000 -0.143489727134777E+003
  0.100000000000000E+001  0.289497293655118E+003  0.123896848905202E+001  0.139563905275259E+001  0.790270094687747E+000  0.310103225714122E+000 -0.131028262406404E+000 -0.144748646827559E+003
  0.100000000000000E+001  0.287309729672171E+003  0.880328536376679E+000  0.143859237271750E+001  0.118830695713170E+000  0.288626447621782E+000 -0.131028262406404E+000 -0.143654864836086E+003
  0.100000000000000E+001  0.285871680175757E+003  0.320286830370741E+000  0.154230160550878E+001  0.701800780604386E-001  0.432337188527781E+000 -0.131028262406404E+000 -0.142935840087879E+003
  0.100000000000000E+001  0.298992882355575E+003  0.163693749214175E+001  0.148628688630244E+001  0.414959672332536E+000  0.489465445586293E+000 -0.131028262406404E+000 -0.149496441177787E+003
  0.100000000000000E+001  0.292378636435501E+003  0.118074393353577E+001  0.136124910964905E+001  0.668111571463155E+000  0.457883561242540E+000 -0.131028262406404E+000 -0.146189318217751E+003
  0.100000000000000E+001  0.285709118912537E+003  0.320039677569907E+000  0.182052838666593E+001  0.357561844562416E+000  0.450157480619233E+000 -0.131028262406404E+000 -0.142854559456269E+003
  0.100000000000000E+001  0.285410197612198E+003  0.528509687120439E+000  0.152510652397998E+001  0.803436835360136E+000  0.122390471453771E+000 -0.131028262406404E+000 -0.142705098806099E+003
  0.100000000000000E+001  0.293353452913272E+003  0.132508985469835E+001  0.180396334121756E+001  0.186628501308060E+000  0.497899812169642E+000 -0.131028262406404E+000 -0.146676726456636E+003
  0.100000000000000E+001  0.286108734781151E+003  0.800130595309685E+000  0.798549270479249E+000  0.291993139413803E-001  0.186468357490337E+000 -0.131028262406404E+000 -0.143054367390576E+003
  0.100000000000000E+001  0.289810746235762E+003  0.144760327835315E+001  0.151119393059789E+001  0.463817186643909E+000  0.275429040805591E+000 -0.131028262406404E+000 -0.144905373117881E+003
  0.100000000000000E+001  0.285534257727870E+003  0.352270758540385E+000  0.659446358921511E+000  0.647955683111868E+000  0.228008220164589E+000 -0.131028262406404E+000 -0.142767128863935E+003
  0.100000000000000E+001  0.286395560402430E+003  0.150759421959589E+001  0.115365357458369E+001  0.656888080642330E+000  0.116010809728297E+000 -0.131028262406404E+000 -0.143197780201215E+003
  0.100000000000000E+001  0.288992923488822E+003  0.134013880270811E+001  0.135278513507891E+001  0.865176043831135E-001  0.262682108576753E+000 -0.131028262406404E+000 -0.144496461744411E+003
  0.100000000000000E+001  0.288584735694512E+003  0.149513916243224E+001  0.935567241286350E+000  0.386841898239921E+000  0.219536636149534E+000 -0.131028262406404E+000 -0.144292367847256E+003
  0.100000000000000E+001  0.287645146307511E+003  0.863003008271448E+000  0.119184828549096E+001  0.643574349641254E+000  0.317719895423160E+000 -0.131028262406404E+000 -0.143822573153756E+003
  0.100000000000000E+001  0.290745923109569E+003  0.154543175342629E+001  0.115044140967554E+001  0.156964518567468E+000  0.284263393954987E+000 -0.131028262406404E+000 -0.145372961554784E+003
  0.100000000000000E+001  0.288531295250292E+003  0.126541436248561E+001  0.960978327717442E+000  0.335368025334207E-001  0.259064763037507E+000 -0.131028262406404E+000 -0.144265647625146E+003
  0.100000000000000E+001  0.285967882073709E+003  0.259848475446521E+000  0.875873395708528E+000  0.533701870549266E+000  0.492774137266223E+000 -0.131028262406404E+000 -0.142983941036854E+003
  0.100000000000000E+001  0.285534268089790E+003  0.412824533361023E+000  0.192926099795885E+001  0.442407347114138E+000  0.226278506158839E+000 -0.131028262406404E+000 -0.142767134044895E+003
  0.100000000000000E+001  0.291188001188771E+003  0.165297503301178E+001  0.106116941752445E+001  0.319394441173445E+000  0.278340506482045E+000 -0.131028262406404E+000 -0.145594000594385E+003
  0.100000000000000E+001  0.289028954147330E+003  0.163522655225369E+001  0.187369424461772E+001  0.557722264381185E+000  0.223859652337538E+000 -0.131028262406404E+000 -0.144514477073665E+003
  0.100000000000000E+001  0.286599437144538E+003  0.127317642132562E+001  0.552638794840203E+000  0.579248548237912E+000  0.153637402134478E+000 -0.131028262406404E+000 -0.143299718572269E+003
  0.100000000000000E+001  0.287793866533673E+003  0.993190512464998E+000  0.188470066665599E+001  0.915928487491355E+000  0.319566139943113E+000 -0.131028262406404E+000 -0.143896933266836E+003
  0.100000000000000E+001  0.289330160617635E+003  0.135002328484531E+001  0.142106998414955E+001  0.392227845587863E+000  0.275719194720014E+000 -0.131028262406404E+000 -0.144665080308818E+003
  0.100000000000000E+001  0.289056551352167E+003  0.108825332608326E+001  0.101866614661624E+001  0.635695151953328E-001  0.333039338725605E+000 -0.131028262406404E+000 -0.144528275676083E+003
  0.100000000000000E+001  0.290525242568065E+003  0.178661069691078E+001  0.837626717275570E+000  0.395011151983476E+000  0.242493906983907E+000 -0.131028262406404E+000 -0.145262621284032E+003
  0.100000000000000E+001  0.286887804936678E+003  0.971001082270810E+000  0.198752007986050E+001  0.536249542957204E+000  0.248262832909232E+000 -0.131028262406404E+000 -0.143443902468339E+003
  0.100000000000000E+001  0.285723673842488E+003  0.688530031931451E+000  0.829976423552012E+000  0.407449445597281E+000  0.154877072981471E+000 -0.131028262406404E+000 -0.142861836921244E+003
  0.100000000000000E+001  0.287516708380947E+003  0.936022553311911E+000  0.133728803544804E+001  0.435276217447160E+000  0.283851689649792E+000 -0.131028262406404E+000 -0.143758354190474E+003
  0.100000000000000E+001  0.292966184801866E+003  0.160680767673268E+001  0.731957437079400E+000  0.389079405960744E+000  0.360558878049220E+000 -0.131028262406404E+000 -0.146483092400933E+003
  0.100000000000000E+001  0.285325096934483E+003  0.392937206951559E+000  0.137695419720427E+001  0.363584387885245E+000  0.125865136551221E+000 -0.131028262406404E+000 -0.142662548467242E+003
  0.100000000000000E+001  0.286655737661525E+003  0.852164852451082E+000  0.104932034889233E+001  0.560081508790780E+000  0.232668663998722E+000 -0.131028262406404E+000 -0.143327868830763E+003
  0.100000000000000E+001  0.285400176557719E+003  0.228502994245464E+000  0.557143363236913E+000  0.493726058546327E+000  0.257109751026353E+000 -0.131028262406404E+000 -0.142700088278860E+003
  0.100000000000000E+001  0.294920676949962E+003  0.158163804187795E+001  0.198280882966851E+001  0.648167357028217E+000  0.486961775925678E+000 -0.131028262406404E+000 -0.147460338474981E+003
  0.100000000000000E+001  0.286522229102881E+003  0.783590362297476E+000  0.174554756484569E+001  0.465279177680595E+000  0.255746365311350E+000 -0.131028262406404E+000 -0.143261114551441E+003
  0.100000000000000E+001  0.291220959126449E+003  0.188655052226804E+001  0.148382811912604E+001  0.646085170540260E+000  0.242044357870989E+000 -0.131028262406404E+000 -0.145610479563224E+003
  0.100000000000000E+001  0.286674206743150E+003  0.546235133542494E+000  0.115492393457107E+001  0.928411576744818E+000  0.369332064506051E+000 -0.131028262406404E+000 -0.143337103371575E+003
  0.100000000000000E+001  0.285344096229261E+003  0.192304729671677E+000  0.190031614241736E+001  0.754877084704274E+000  0.415097182261788E+000 -0.131028262406404E+000 -0.142672048114630E+003
  0.100000000000000E+001  0.287911354624148E+003  0.105363872315565E+001  0.198619018119988E+001  0.621191190667299E+000  0.317873982549354E+000 -0.131028262406404E+000 -0.143955677312074E+003
  0.100000000000000E+001  0.288762198312051E+003  0.115033320854883E+001  0.996660031926475E+000  0.733546788337428E+000  0.298576821013086E+000 -0.131028262406404E+000 -0.144381099156025E+003
  0.100000000000000E+001  0.286048507375084E+003  0.891705019336989E+000  0.195504362823235E+001  0.836445532528547E+000  0.170094977597849E+000 -0.131028262406404E+000 -0.143024253687542E+003
  0.100000000000000E+001  0.287848517643823E+003  0.977512152529635E+000  0.166899792649065E+001  0.577489654384249E+000  0.309520841058701E+000 -0.131028262406404E+000 -0.143924258821912E+003
  0.100000000000000E+001  0.298496001969980E+003  0.179146428862036E+001  0.110498313495045E+001  0.651400903378491E+000  0.423067558334345E+000 -0.131028262406404E+000 -0.149248000984990E+003
  0.100000000000000E+001  0.290505518211577E+003  0.167152505667329E+001  0.634852406471505E+000  0.315016800004192E+000  0.269567037152438E+000 -0.131028262406404E+000 -0.145252759105788E+003
  0.100000000000000E+001  0.290163809278199E+003  0.879766209772793E+000  0.111319339103642E+001  0.649340269242819E-001  0.494459362370574E+000 -0.131028262406404E+000 -0.145081904639100E+003
  0.100000000000000E+001  0.296223272971916E+003  0.154712890548082E+001  0.105971224417957E+001  0.505483796313732E+000  0.446313653680115E+000 -0.131028262406404E+000 -0.148111636485958E+003
  0.100000000000000E+001  0.285611784350386E+003  0.210710916046937E+000  0.597379346154062E+000  0.677958143360618E+000  0.419358878389300E+000 -0.131028262406404E+000 -0.142805892175193E+003
  0.100000000000000E+001  0.285813606664433E+003  0.408035027711793E+000  0.194234356997454E+001  0.914889740875552E+000  0.397627253124729E+000 -0.131028262406404E+000 -0.142906803332216E+003
  0.100000000000000E+001  0.285811295269909E+003  0.578593633912376E+000  0.186003503928648E+001  0.630509797428597E+000  0.222142261041850E+000 -0.131028262406404E+000 -0.142905647634955E+003
  0.100000000000000E+001  0.293678203172343E+003  0.152790963870598E+001  0.896551720601383E+000  0.614451155448022E+000  0.390071488812351E+000 -0.131028262406404E+000 -0.146839101586171E+003
  0.100000000000000E+001  0.288764638986108E+003  0.998154596707886E+000  0.657002926861139E+000  0.104989837176619E+000  0.371199179795072E+000 -0.131028262406404E+000 -0.144382319493054E+003
  0.100000000000000E+001  0.288586727970683E+003  0.113836189860545E+001  0.743142681316853E+000  0.175918761251530E+000  0.301580412116292E+000 -0.131028262406404E+000 -0.144293363985342E+003
  0.100000000000000E+001  0.289898174118784E+003  0.101264966017440E+001  0.158162144549561E+001  0.843821580646407E+000  0.431681317260087E+000 -0.131028262406404E+000 -0.144949087059392E+003
  0.100000000000000E+001  0.290140470250214E+003  0.137631605309522E+001  0.169717911549925E+001  0.455125469535720E+000  0.313722819103882E+000 -0.131028262406404E+000 -0.145070235125107E+003
  0.100000000000000E+001  0.300275863388261E+003  0.195051399198031E+001  0.688247989377289E+000  0.188546136603565E+000  0.471870814411614E+000 -0.131028262406404E+000 -0.150137931694130E+003
  0.100000000000000E+001  0.287848380475219E+003  0.937188998217569E+000  0.194790423328589E+001  0.699676662122414E+000  0.365171024887557E+000 -0.131028262406404E+000 -0.143924190237609E+003
  0.100000000000000E+001  0.286118002363555E+003  0.108962828168525E+001  0.189860771772964E+001  0.429560261860453E+000  0.142363734766330E+000 -0.131028262406404E+000 -0.143059001181777E+003
  0.100000000000000E+001  0.288368560735203E+003  0.113146524742072E+001  0.123041994175981E+001  0.515287337674999E+000  0.280647968568675E+000 -0.131028262406404E+000 -0.144184280367601E+003
  0.100000000000000E+001  0.286124206252764E+003  0.870580045656442E+000  0.102633169332473E+001  0.901625990619171E+000  0.172519915244715E+000 -0.131028262406404E+000 -0.143062103126382E+003
  0.100000000000000E+001  0.285388281015259E+003  0.349542002033329E+000  0.545632225224773E+000  0.204790045841066E+000  0.168266648579808E+000 -0.131028262406404E+000 -0.142694140507629E+003
  0.100000000000000E+001  0.286122191499870E+003  0.448471175282826E+000  0.975190741183857E+000  0.922750688024379E+000  0.331949687669383E+000 -0.131028262406404E+000 -0.143061095749935E+003
  0.100000000000000E+001  0.285518156363319E+003  0.234906348470835E+000  0.910165132359722E+000  0.916242882029059E+000  0.319856286759781E+000 -0.131028262406404E+000 -0.142759078181659E+003
  0.100000000000000E+001  0.286590432358794E+003  0.573675794721142E+000  0.160021417240523E+001  0.815942989141827E+000  0.369602668033155E+000 -0.131028262406404E+000 -0.143295216179397E+003
  0.100000000000000E+001  0.286354315702200E+003  0.152576925174666E+001  0.144747094235102E+001  0.714277514972430E+000  0.112710716411166E+000 -0.131028262406404E+000 -0.143177157851100E+003
  0.100000000000000E+001  0.286562005290293E+003  0.151108262309338E+001  0.142128030113047E+001  0.432632146534514E-001  0.125552849419892E+000 -0.131028262406404E+000 -0.143281002645147E+003
  0.100000000000000E+001  0.286811805168906E+003  0.140574284333324E+001  0.624097874854557E+000  0.424688398503172E+000  0.150758532304912E+000 -0.131028262406404E+000 -0.143405902584453E+003
  0.100000000000000E+001  0.290277236374074E+003  0.966264925334001E+000  0.114785670180017E+001  0.873508570965849E+000  0.451727208389947E+000 -0.131028262406404E+000 -0.145138618187037E+003
  0.100000000000000E+001  0.287114708040601E+003  0.795726676364948E+000  0.186760393284122E+001  0.448843103237574E+000  0.342298101021911E+000 -0.131028262406404E+000 -0.143557354020301E+003
  0.100000000000000E+001  0.289902232370140E+003  0.139109466384653E+001  0.182798641184061E+001  0.736709352859347E+000  0.309111049173697E+000 -0.131028262406404E+000 -0.144951116185070E+003
  0.100000000000000E+001  0.289332148896354E+003  0.101551486201808E+001  0.612814052445227E+000  0.284883892546947E+000  0.413660836507693E+000 -0.131028262406404E+000 -0.144666074448177E+003
  0.100000000000000E+001  0.285313766867493E+003  0.152443663763072E+000  0.654890447735229E+000  0.397366739890204E+000  0.279420924016272E+000 -0.131028262406404E+000 -0.142656883433746E+003
  0.100000000000000E+001  0.289304857029750E+003  0.130198251914638E+001  0.131802092867677E+001  0.541915059725850E+000  0.284145960005760E+000 -0.131028262406404E+000 -0.144652428514875E+003
  0.100000000000000E+001  0.288229232382562E+003  0.100743572674127E+001  0.682410974783164E+000  0.863459437779229E-001  0.324407338291044E+000 -0.131028262406404E+000 -0.144114616191281E+003
  0.100000000000000E+001  0.285500267287175E+003  0.213721930862666E+000  0.138395836686895E+001  0.303662657583588E+000  0.367749201379643E+000 -0.131028262406404E+000 -0.142750133643588E+003
  0.100000000000000E+001  0.300867675610559E+003  0.186996138333374E+001  0.138993663714283E+001  0.455893767947315E+000  0.445594415643940E+000 -0.131028262406404E+000 -0.150433837805279E+003
  0.100000000000000E+001  0.287545202651503E+003  0.678378619069043E+000  0.614249918190272E+000  0.337204789534280E+000  0.432573338982770E+000 -0.131028262406404E+000 -0.143772601325752E+003
  0.100000000000000E+001  0.300293324575925E+003  0.192200205531776E+001  0.127077682945930E+001  0.745766315289107E+000  0.418728532768339E+000 -0.131028262406404E+000 -0.150146662287962E+003
  0.100000000000000E+001  0.292420747528775E+003  0.179095775146859E+001  0.173915339385833E+001  0.273839073566395E-001  0.295786509332919E+000 -0.131028262406404E+000 -0.146210373764388E+003
  0.100000000000000E+001  0.287471093394179E+003  0.109621696057891E+001  0.678839809830361E+000  0.141385790573615E+000  0.243021617659055E+000 -0.131028262406404E+000 -0.143735546697089E+003
  0.100000000000000E+001  0.285679651430283E+003  0.241400098390985E+000  0.776427417714484E+000  0.266316324776571E+000  0.395884408010772E+000 -0.131028262406404E+000 -0.142839825715142E+003
  0.100000000000000E+001  0.289360234045478E+003  0.128447752070576E+001  0.518264451724242E+000  0.323563586219671E+000  0.321349564560184E+000 -0.131028262406404E+000 -0.144680117022739E+003
  0.100000000000000E+001  0.287900739468169E+003  0.699627443061168E+000  0.133557224020411E+001  0.120504034872356E+000  0.430850663526237E+000 -0.131028262406404E+000 -0.143950369734085E+003
  0.100000000000000E+001  0.286090033935345E+003  0.760420231138641E+000  0.125418996888096E+001  0.418371535525186E+000  0.194115657026751E+000 -0.131028262406404E+000 -0.143045016967673E+003
  0.100000000000000E+001  0.285817297755274E+003  0.424793406675005E+000  0.837001400893363E+000  0.859162182781414E+000  0.273561541360911E+000 -0.131028262406404E+000 -0.142908648877637E+003
  0.100000000000000E+001  0.288013922938225E+003  0.189760431728662E+001  0.749498178360299E+000  0.604491350358718E+000  0.154308108030741E+000 -0.131028262406404E+000 -0.144006961469112E+003
  0.100000000000000E+001  0.298655172297467E+003  0.186932410878420E+001  0.659296884494786E+000  0.966321878196848E+000  0.464249434803092E+000 -0.131028262406404E+000 -0.149327586148734E+003
  0.100000000000000E+001  0.287660414866469E+003  0.144117011940290E+001  0.183426145583582E+001  0.126957571827872E+000  0.193949533443233E+000 -0.131028262406404E+000 -0.143830207433234E+003
  0.100000000000000E+001  0.285319545544536E+003  0.130877110209750E+000  0.663257389615624E+000  0.298571205457132E+000  0.324117490551993E+000 -0.131028262406404E+000 -0.142659772772268E+003
  0.100000000000000E+001  0.285412364172783E+003  0.129234655174348E+000  0.128728952750831E+001  0.421809659320372E-001  0.464625922596066E+000 -0.131028262406404E+000 -0.142706182086391E+003
  0.100000000000000E+001  0.291928301769965E+003  0.134327054669640E+001  0.173043142809864E+001  0.882345600715694E+000  0.405261390522741E+000 -0.131028262406404E+000 -0.145964150884983E+003
  0.100000000000000E+001  0.292554121611286E+003  0.135614293857971E+001  0.165629047404837E+001  0.249027218193163E+000  0.416504473698911E+000 -0.131028262406404E+000 -0.146277060805643E+003
  0.100000000000000E+001  0.292905977366649E+003  0.138557364897724E+001  0.189872470593451E+001  0.585412023986975E+000  0.468486710909145E+000 -0.131028262406404E+000 -0.146452988683325E+003
  0.100000000000000E+001  0.288767077035748E+003  0.978949607774253E+000  0.109938485025337E+001  0.146625089441007E-001  0.353511313703126E+000 -0.131028262406404E+000 -0.144383538517874E+003
  0.100000000000000E+001  0.287117698559621E+003  0.671099677403469E+000  0.188003855825998E+001  0.983484551767198E+000  0.457468630437686E+000 -0.131028262406404E+000 -0.143558849279810E+003
  0.100000000000000E+001  0.288753060093365E+003  0.150323896142383E+001  0.767034182713447E+000  0.966268914347586E+000  0.228241459089660E+000 -0.131028262406404E+000 -0.144376530046683E+003
  0.100000000000000E+001  0.292725061288771E+003  0.131289363971801E+001  0.137786079984798E+001  0.936124975105909E+000  0.417017283439798E+000 -0.131028262406404E+000 -0.146362530644385E+003
  0.100000000000000E+001  0.286299394827125E+003  0.504227490956168E+000  0.914733505203663E+000  0.317595869163503E+000  0.331182456759710E+000 -0.131028262406404E+000 -0.143149697413562E+003
  0.100000000000000E+001  0.297806241504346E+003  0.193184516865423E+001  0.175592033972954E+001  0.878842726067342E+000  0.393622852023121E+000 -0.131028262406404E+000 -0.148903120752173E+003
  0.100000000000000E+001  0.288553048950695E+003  0.127305776227918E+001  0.144249204597446E+001  0.104744601920360E+000  0.258696565451205E+000 -0.131028262406404E+000 -0.144276524475348E+003
  0.100000000000000E+001  0.289014266241010E+003  0.148452417005565E+001  0.113382944597418E+001  0.479717689453479E+000  0.235981729304966E+000 -0.131028262406404E+000 -0.144507133120505E+003
  0.100000000000000E+001  0.287601588407437E+003  0.613257555419091E+000  0.940437873696380E+000  0.548455890164082E+000  0.451934498491189E+000 -0.131028262406404E+000 -0.143800794203718E+003
  0.100000000000000E+001  0.288145350173463E+003  0.159475370571820E+001  0.149326036913214E+001  0.612567756669881E+000  0.188662544335989E+000 -0.131028262406404E+000 -0.144072675086732E+003
  0.100000000000000E+001  0.298425061966765E+003  0.177892569950536E+001  0.100487534799935E+001  0.145899421784999E+000  0.431644747347623E+000 -0.131028262406404E+000 -0.149212530983383E+003
  0.100000000000000E+001  0.285595202609660E+003  0.302665070925193E+000  0.850563612970953E+000  0.778222102656513E+000  0.287814564046862E+000 -0.131028262406404E+000 -0.142797601304830E+003
  0.100000000000000E+001  0.285417640238990E+003  0.550524213273821E+000  0.876629544593267E+000  0.694317567279084E+000  0.117184037954214E+000 -0.131028262406404E+000 -0.142708820119495E+003
  0.100000000000000E+001  0.287688696960181E+003  0.918081600092169E+000  0.594301187860656E+000  0.399579107040397E+000  0.320310987313518E+000 -0.131028262406404E+000 -0.143844348480091E+003
  0.100000000000000E+001  0.287908314767738E+003  0.113339656297422E+001  0.748827266556977E+000  0.925905706759011E+000  0.260806894763678E+000 -0.131028262406404E+000 -0.143954157383869E+003
  0.100000000000000E+001  0.286455459392791E+003  0.498779554033985E+000  0.176775169234101E+001  0.147395329845530E+000  0.459639642971835E+000 -0.131028262406404E+000 -0.143227729696395E+003
  0.100000000000000E+001  0.287427286349356E+003  0.137092063325490E+001  0.146888439167424E+001  0.671927658273263E+000  0.186635750510786E+000 -0.131028262406404E+000 -0.143713643174678E+003
  0.100000000000000E+001  0.286652236764825E+003  0.182713283642680E+001  0.158116243495913E+001  0.955922425778507E+000  0.107949128029783E+000 -0.131028262406404E+000 -0.143326118382413E+003
  0.100000000000000E+001  0.286119509518725E+003  0.739583316618384E+000  0.119183803814115E+001  0.922888486033896E+000  0.203122109498632E+000 -0.131028262406404E+000 -0.143059754759363E+003
  0.100000000000000E+001  0.285882666255970E+003  0.350590808733793E+000  0.851260318849813E+000  0.954784255176152E+000  0.348476594731131E+000 -0.131028262406404E+000 -0.142941333127985E+003
  0.100000000000000E+001  0.287865401631784E+003  0.792948087304996E+000  0.181630243457297E+001  0.466584651511681E+000  0.439717912163930E+000 -0.131028262406404E+000 -0.143932700815892E+003
  0.100000000000000E+001  0.289584361507280E+003  0.127121735598287E+001  0.925305535995524E+000  0.650811551218407E+000  0.308216704049267E+000 -0.131028262406404E+000 -0.144792180753640E+003
  0.100000000000000E+001  0.289751184030412E+003  0.175613667713439E+001  0.511069626743433E+000  0.434546315842403E+000  0.234759938299301E+000 -0.131028262406404E+000 -0.144875592015206E+003
  0.100000000000000E+001  0.289231169102515E+003  0.108319542963973E+001  0.917267978927003E+000  0.787312469041257E+000  0.348260345599030E+000 -0.131028262406404E+000 -0.144615584551258E+003
  0.100000000000000E+001  0.287344690373890E+003  0.123689897914047E+001  0.101923814280580E+001  0.197262290217459E-001  0.201577138401047E+000 -0.131028262406404E+000 -0.143672345186945E+003
  0.100000000000000E+001  0.286454440330908E+003  0.811754812827261E+000  0.124531177615956E+001  0.151909159195770E+000  0.223928816651719E+000 -0.131028262406404E+000 -0.143227220165454E+003
  0.100000000000000E+001  0.292447265729860E+003  0.145833946277310E+001  0.138922497672738E+001  0.410747855681482E+000  0.359939083190370E+000 -0.131028262406404E+000 -0.146223632864930E+003
  0.100000000000000E+001  0.286131896672864E+003  0.118175427149084E+001  0.924898249774177E+000  0.976015460365003E+000  0.127692742789905E+000 -0.131028262406404E+000 -0.143065948336432E+003
  0.100000000000000E+001  0.286987011196988E+003  0.698583434688238E+000  0.136329989598850E+001  0.950490105990421E+000  0.330274344261120E+000 -0.131028262406404E+000 -0.143493505598494E+003
  0.100000000000000E+001  0.291632350101398E+003  0.158868612270315E+001  0.173300326538710E+001  0.519562943074189E+000  0.316545505890832E+000 -0.131028262406404E+000 -0.145816175050699E+003
  0.100000000000000E+001  0.287380334598882E+003  0.533058906548644E+000  0.980757078245828E+000  0.910205023207226E+000  0.487208762581838E+000 -0.131028262406404E+000 -0.143690167299441E+003
  0.100000000000000E+001  0.287111357708404E+003  0.643287619643163E+000  0.147433347879862E+001  0.456870495666037E+000  0.386876256043277E+000 -0.131028262406404E+000 -0.143555678854202E+003
  0.100000000000000E+001  0.286461189596634E+003  0.377593344563387E+000  0.846785067276193E+000  0.622988645941175E+000  0.482575069688521E+000 -0.131028262406404E+000 -0.143230594798317E+003
  0.100000000000000E+001  0.290067716021955E+003  0.168196158631692E+001  0.110327041289337E+001  0.351895868887809E+000  0.239983429355970E+000 -0.131028262406404E+000 -0.145033858010978E+003
  0.100000000000000E+001  0.285316910991826E+003  0.166052928750296E+000  0.182591559023258E+001  0.423018272093180E-001  0.395967489610550E+000 -0.131028262406404E+000 -0.142658455495913E+003
  0.100000000000000E+001  0.287139421251350E+003  0.697105338515985E+000  0.925916573225875E+000  0.755872664721500E+000  0.344159710253214E+000 -0.131028262406404E+000 -0.143569710625675E+003
  0.100000000000000E+001  0.288468952298423E+003  0.103499316484143E+001  0.611127551567507E+000  0.714506792461759E+000  0.338371199416893E+000 -0.131028262406404E+000 -0.144234476149212E+003
  0.100000000000000E+001  0.285211973153039E+003  0.174393430295730E+000  0.703325063048768E+000  0.173018330618798E+000  0.143602938578988E+000 -0.131028262406404E+000 -0.142605986576519E+003
  0.100000000000000E+001  0.292338748793010E+003  0.148966680253121E+001  0.164004262024557E+001  0.766875262494628E-001  0.360170975670689E+000 -0.131028262406404E+000 -0.146169374396505E+003
  0.100000000000000E+001  0.286799001480312E+003  0.102518492997112E+001  0.186367714183937E+001  0.524073777610338E+000  0.217219824380088E+000 -0.131028262406404E+000 -0.143399500740156E+003
  0.100000000000000E+001  0.285924411914978E+003  0.387809902050806E+000  0.164219740285220E+001  0.417455990005108E-001  0.381980028478319E+000 -0.131028262406404E+000 -0.142962205957489E+003
  0.100000000000000E+001  0.286752493693777E+003  0.496129988403081E+000  0.639019450758546E+000  0.822992552989837E+000  0.445590496848221E+000 -0.131028262406404E+000 -0.143376246846889E+003
  0.100000000000000E+001  0.285628092394098E+003  0.568994195717390E+000  0.152092698156689E+001  0.193204671299812E+000  0.170697442126240E+000 -0.131028262406404E+000 -0.142814046197049E+003
  0.100000000000000E+001  0.288878745589417E+003  0.855689486924023E+000  0.735682536731601E+000  0.451324383733551E+000  0.443531175264628E+000 -0.131028262406404E+000 -0.144439372794709E+003
  0.100000000000000E+001  0.285342546289483E+003  0.284470206475543E+000  0.702679847894047E+000  0.710735478079905E+000  0.177661293481716E+000 -0.131028262406404E+000 -0.142671273144742E+003
  0.100000000000000E+001  0.286583733890475E+003  0.497000334502479E+000  0.162645805547259E+001  0.529184086355529E+000  0.448758609286857E+000 -0.131028262406404E+000 -0.143291866945237E+003
  0.100000000000000E+001  0.285994813220920E+003  0.603415926062843E+000  0.185825092292515E+001  0.949252970462203E-001  0.253909277933754E+000 -0.131028262406404E+000 -0.142997406610460E+003
  0.100000000000000E+001  0.292360243291843E+003  0.191777895608811E+001  0.867921690758036E+000  0.706731387226881E+000  0.269618742951919E+000 -0.131028262406404E+000 -0.146180121645922E+003
  0.100000000000000E+001  0.288439108660569E+003  0.796418982179529E+000  0.624663828765881E+000  0.699003927414318E+000  0.458566252776608E+000 -0.131028262406404E+000 -0.144219554330285E+003
  0.100000000000000E+001  0.289440669599959E+003  0.108448469842101E+001  0.748891989668124E+000  0.119106418373672E+000  0.372028044695175E+000 -0.131028262406404E+000 -0.144720334799979E+003
  0.100000000000000E+001  0.291757663717087E+003  0.130215476362019E+001  0.150147011028930E+001  0.122145927383168E+000  0.390410776563508E+000 -0.131028262406404E+000 -0.145878831858544E+003
  0.100000000000000E+001  0.293911379941540E+003  0.197562378329227E+001  0.747354457303822E+000  0.460241431360709E+000  0.303055690051305E+000 -0.131028262406404E+000 -0.146955689970770E+003
  0.100000000000000E+001  0.285525666920027E+003  0.547659294289010E+000  0.116567462555780E+001  0.553871682704706E+000  0.147900544248613E+000 -0.131028262406404E+000 -0.142762833460014E+003
  0.100000000000000E+001  0.288868024622433E+003  0.818540548269959E+000  0.144254985397845E+001  0.429623743513863E+000  0.453512788372033E+000 -0.131028262406404E+000 -0.144434012311217E+003
  0.100000000000000E+001  0.291287783864870E+003  0.191632855087065E+001  0.564776239194002E+000  0.125454648597904E+000  0.256031464818216E+000 -0.131028262406404E+000 -0.145643891932435E+003
  0.100000000000000E+001  0.288548300952895E+003  0.120032019631421E+001  0.140766343107513E+001  0.759900450887022E+000  0.274793443326698E+000 -0.131028262406404E+000 -0.144274150476447E+003
  0.100000000000000E+001  0.286776254635851E+003  0.102129504851753E+001  0.194913454258054E+001  0.330923826059507E+000  0.219860679248582E+000 -0.131028262406404E+000 -0.143388127317925E+003
  0.100000000000000E+001  0.285572839563995E+003  0.858809209288123E+000  0.111365750836606E+001  0.367334582518369E+000  0.102226512593020E+000 -0.131028262406404E+000 -0.142786419781998E+003
  0.100000000000000E+001  0.289747711960103E+003  0.101562102970285E+001  0.865916651765352E+000  0.417941366827808E+000  0.409607402611255E+000 -0.131028262406404E+000 -0.144873855980051E+003
  0.100000000000000E+001  0.288015200854014E+003  0.121687343263609E+001  0.103563388925777E+001  0.482082335818670E-001  0.242154955171481E+000 -0.131028262406404E+000 -0.144007600427007E+003
  0.100000000000000E+001  0.285842402292059E+003  0.114801360833545E+001  0.112687766952507E+001  0.212601854059135E+000  0.105304453482385E+000 -0.131028262406404E+000 -0.142921201146029E+003
  0.100000000000000E+001  0.288442473787404E+003  0.168775694472857E+001  0.195709237414323E+001  0.960214722935129E+000  0.196524184296906E+000 -0.131028262406404E+000 -0.144221236893702E+003
  0.100000000000000E+001  0.288425088148410E+003  0.137097694515538E+001  0.131372682537590E+001  0.308953903988499E+000  0.231920984122406E+000 -0.131028262406404E+000 -0.144212544074205E+003
  0.100000000000000E+001  0.290171329933936E+003  0.169242610926405E+001  0.125523350994017E+001  0.128360541991786E+000  0.240793579837327E+000 -0.131028262406404E+000 -0.145085664966968E+003
  0.100000000000000E+001  0.286412483826634E+003  0.398724439799912E+000  0.121113249967669E+001  0.910298951450556E-001  0.449500174729106E+000 -0.131028262406404E+000 -0.143206241913317E+003
  0.100000000000000E+001  0.285742732102084E+003  0.568110839841144E+000  0.836106341199989E+000  0.796359658079371E+000  0.191080352234202E+000 -0.131028262406404E+000 -0.142871366051042E+003
  0.100000000000000E+001  0.286631487741720E+003  0.434636397413018E+000  0.106131342406908E+001  0.841846266177949E+000  0.452202460049105E+000 -0.131028262406404E+000 -0.143315743870860E+003
  0.100000000000000E+001  0.290433146705647E+003  0.134114338352042E+001  0.178592398065585E+001  0.982735789661231E+000  0.345007886840774E+000 -0.131028262406404E+000 -0.145216573352824E+003
  0.100000000000000E+001  0.285863983262640E+003  0.901132261348841E+000  0.798513097349440E+000  0.748549470479526E+000  0.136765954862442E+000 -0.131028262406404E+000 -0.142931991631320E+003
  0.100000000000000E+001  0.289023345173054E+003  0.123749492143737E+001  0.175189065575862E+001  0.758727761751614E+000  0.304287109979583E+000 -0.131028262406404E+000 -0.144511672586527E+003
  0.100000000000000E+001  0.285421226388421E+003  0.501904353518832E+000  0.668210166778669E+000  0.993221243049145E+000  0.129261236771656E+000 -0.131028262406404E+000 -0.142710613194210E+003
  0.100000000000000E+001  0.286588055098223E+003  0.127537625461212E+001  0.115800553463875E+001  0.118914694760129E+000  0.150139724095064E+000 -0.131028262406404E+000 -0.143294027549112E+003
  0.100000000000000E+001  0.290749096466427E+003  0.149858072868615E+001  0.192896278215072E+001  0.312079850586645E+000  0.325720391967501E+000 -0.131028262406404E+000 -0.145374548233214E+003
  0.100000000000000E+001  0.292726024967151E+003  0.199715605578573E+001  0.524508617664709E+000  0.694011603642313E+000  0.286483324524480E+000 -0.131028262406404E+000 -0.146363012483576E+003
  0.100000000000000E+001  0.289229163977405E+003  0.138853553528575E+001  0.104063263243773E+001  0.628605580499053E+000  0.262928539109723E+000 -0.131028262406404E+000 -0.144614581988702E+003
  0.100000000000000E+001  0.292563833955751E+003  0.184266513868431E+001  0.195233922661037E+001  0.925014480814070E-001  0.304714821338310E+000 -0.131028262406404E+000 -0.146281916977875E+003
  0.100000000000000E+001  0.290832392015911E+003  0.163979930699801E+001  0.667174002476745E+000  0.543855437925117E+000  0.285310513008722E+000 -0.131028262406404E+000 -0.145416196007955E+003
  0.100000000000000E+001  0.285318021380541E+003  0.337172072870967E+000  0.755833851721869E+000  0.564881889141683E+000  0.139050339321459E+000 -0.131028262406404E+000 -0.142659010690270E+003
  0.100000000000000E+001  0.286721197917953E+003  0.559527667953377E+000  0.149251207027478E+001  0.964267629994624E-001  0.390688772965280E+000 -0.131028262406404E+000 -0.143360598958976E+003
  0.100000000000000E+001  0.287155250739403E+003  0.142380828788310E+001  0.155204322400983E+001  0.490909592694460E+000  0.166567591138938E+000 -0.131028262406404E+000 -0.143577625369702E+003
  0.100000000000000E+001  0.288257173313419E+003  0.902062493941744E+000  0.107860951572668E+001  0.799150621845148E+000  0.349632115742094E+000 -0.131028262406404E+000 -0.144128586656710E+003
  0.100000000000000E+001  0.286663615442603E+003  0.423364950633024E+000  0.115619177899463E+001  0.680754338341887E+000  0.474106580401203E+000 -0.131028262406404E+000 -0.143331807721302E+003
  0.100000000000000E+001  0.285337524073256E+003  0.327595543757835E+000  0.135641018658679E+001  0.564131933114822E+000  0.157559078012792E+000 -0.131028262406404E+000 -0.142668762036628E+003
  0.100000000000000E+001  0.285530193953826E+003  0.159407546784086E+000  0.911109811314257E+000  0.844491461787671E+000  0.453106080533626E+000 -0.131028262406404E+000 -0.142765096976913E+003
  0.100000000000000E+001  0.286692556801026E+003  0.559493517083103E+000  0.141099173422270E+001  0.363641378355433E+000  0.377136858553638E+000 -0.131028262406404E+000 -0.143346278400513E+003
  0.100000000000000E+001  0.286652215685254E+003  0.128468424053093E+001  0.942695047394565E+000  0.406553281059818E-002  0.153324251155921E+000 -0.131028262406404E+000 -0.143326107842627E+003
  0.100000000000000E+001  0.287719302350809E+003  0.125816647952180E+001  0.124447585721381E+001  0.919361408291072E+000  0.218128493954079E+000 -0.131028262406404E+000 -0.143859651175405E+003
  0.100000000000000E+001  0.289914103295868E+003  0.112297435257904E+001  0.181985032312849E+001  0.462178143126565E+000  0.413816682040149E+000 -0.131028262406404E+000 -0.144957051647934E+003
  0.100000000000000E+001  0.286061111213705E+003  0.312068007487451E+000  0.933786814734392E+000  0.158014595106500E+000  0.446977211131503E+000 -0.131028262406404E+000 -0.143030555606852E+003
  0.100000000000000E+001  0.286110343412098E+003  0.107833450170366E+001  0.183874933973756E+001  0.525001021475224E+000  0.142466974459219E+000 -0.131028262406404E+000 -0.143055171706049E+003
  0.100000000000000E+001  0.291116014935575E+003  0.184962118429883E+001  0.791862263392962E+000  0.998733853562836E+000  0.251017401095062E+000 -0.131028262406404E+000 -0.145558007467787E+003
  0.100000000000000E+001  0.287546507226821E+003  0.177834041760648E+001  0.102436543393268E+001  0.169049041665576E+000  0.146603151090171E+000 -0.131028262406404E+000 -0.143773253613411E+003
  0.100000000000000E+001  0.287740961424782E+003  0.928828641047202E+000  0.143177758263564E+001  0.660570101610969E+000  0.306273930485881E+000 -0.131028262406404E+000 -0.143870480712391E+003
  0.100000000000000E+001  0.287739941405382E+003  0.112682715824596E+001  0.193178568851062E+001  0.350211041555636E+000  0.270415592312960E+000 -0.131028262406404E+000 -0.143869970702691E+003
  0.100000000000000E+001  0.285410563604932E+003  0.578338884648305E+000  0.173203899717129E+001  0.243055856732263E+000  0.113123529353368E+000 -0.131028262406404E+000 -0.142705281802466E+003
  0.100000000000000E+001  0.294921847021187E+003  0.166795501671363E+001  0.579448345016383E+000  0.248457732960832E+000  0.436672820381243E+000 -0.131028262406404E+000 -0.147460923510594E+003
  0.100000000000000E+001  0.296264572337518E+003  0.166803399551181E+001  0.627975515439982E+000  0.362304660737445E+000  0.472366022642256E+000 -0.131028262406404E+000 -0.148132286168759E+003
  0.100000000000000E+001  0.293565804973309E+003  0.148362519034545E+001  0.136643525217784E+001  0.648200916628563E+000  0.386776938390754E+000 -0.131028262406404E+000 -0.146782902486655E+003
  0.100000000000000E+001  0.289333703497500E+003  0.141898767936536E+001  0.156471453703907E+001  0.178691452749470E-001  0.264497636688047E+000 -0.131028262406404E+000 -0.144666851748750E+003
  0.100000000000000E+001  0.285319635823542E+003  0.128411635752876E+000  0.892601560510774E+000  0.912651610990118E+000  0.330768303206303E+000 -0.131028262406404E+000 -0.142659817911771E+003
  0.100000000000000E+001  0.290870531629671E+003  0.196315325821904E+001  0.593600613177353E+000  0.954520646322137E+000  0.235562533518643E+000 -0.131028262406404E+000 -0.145435265814836E+003
  0.100000000000000E+001  0.286568044838436E+003  0.188909592430542E+001  0.158540317230862E+001  0.420449447322561E+000  0.100713202632811E+000 -0.131028262406404E+000 -0.143284022419218E+003
  0.100000000000000E+001  0.288515827033686E+003  0.150453970710480E+001  0.605151479601581E+000  0.684297481723850E-002  0.222559953486236E+000 -0.131028262406404E+000 -0.144257913516843E+003
  0.100000000000000E+001  0.299348429845105E+003  0.170987762085639E+001  0.158177188147552E+001  0.769711475044961E-001  0.480504860156818E+000 -0.131028262406404E+000 -0.149674214922552E+003
  0.100000000000000E+001  0.286322871449545E+003  0.583691117562400E+000  0.185723606982570E+001  0.312500173165037E+000  0.347308898402813E+000 -0.131028262406404E+000 -0.143161435724772E+003
  0.100000000000000E+001  0.287575223685533E+003  0.822844846545271E+000  0.824922440559239E+000  0.740861014150960E+000  0.334208954935623E+000 -0.131028262406404E+000 -0.143787611842766E+003
  0.100000000000000E+001  0.285695137303924E+003  0.438465647413236E+000  0.186477057136939E+001  0.762458159286162E+000  0.272094141477074E+000 -0.131028262406404E+000 -0.142847568651962E+003
  0.100000000000000E+001  0.286963143942191E+003  0.727042809316309E+000  0.866723904333176E+000  0.816615907931002E+000  0.311295665996555E+000 -0.131028262406404E+000 -0.143481571971095E+003
  0.100000000000000E+001  0.290339525834206E+003  0.175070078268348E+001  0.694815414437701E+000  0.215250433272137E+000  0.247280504983650E+000 -0.131028262406404E+000 -0.145169762917103E+003
  0.100000000000000E+001  0.287000328515844E+003  0.768035322409902E+000  0.177818343609542E+001  0.517036089518566E+000  0.329460839712486E+000 -0.131028262406404E+000 -0.143500164257922E+003
  0.100000000000000E+001  0.285372428057894E+003  0.487581518177533E+000  0.111312991702444E+001  0.465075299400789E+000  0.117497806243202E+000 -0.131028262406404E+000 -0.142686214028947E+003
  0.100000000000000E+001  0.286572642864587E+003  0.686475129328671E+000  0.520569491834004E+000  0.394547414818023E-001  0.294483922166149E+000 -0.131028262406404E+000 -0.143286321432294E+003
  0.100000000000000E+001  0.288743455150788E+003  0.802823372765035E+000  0.876327553323168E+000  0.140132125962584E+000  0.446777499615733E+000 -0.131028262406404E+000 -0.144371727575394E+003
  0.100000000000000E+001  0.285397472576557E+003  0.475606822005749E+000  0.871299961585968E+000  0.786235763413183E+000  0.128372494349265E+000 -0.131028262406404E+000 -0.142698736288278E+003
  0.100000000000000E+001  0.293841926406799E+003  0.198630868762406E+001  0.193996266489072E+001  0.199994920317051E+000  0.307648400700065E+000 -0.131028262406404E+000 -0.146920963203400E+003
  0.100000000000000E+001  0.287143843879581E+003  0.144990548720634E+001  0.104255313270366E+001  0.688816936035917E+000  0.161331951751397E+000 -0.131028262406404E+000 -0.143571921939790E+003
  0.100000000000000E+001  0.286951217312370E+003  0.141580941650902E+001  0.136167257806243E+001  0.612189990608844E+000  0.155650586418238E+000 -0.131028262406404E+000 -0.143475608656185E+003
  0.100000000000000E+001  0.290110996964711E+003  0.884704228391721E+000  0.137786357132643E+001  0.132665463837388E+000  0.499318479970651E+000 -0.131028262406404E+000 -0.145055498482356E+003
  0.100000000000000E+001  0.289802844243651E+003  0.194515048091667E+001  0.196341568639948E+001  0.557949154082334E+000  0.208862533245947E+000 -0.131028262406404E+000 -0.144901422121825E+003
  0.100000000000000E+001  0.285903101664847E+003  0.857977047176966E+000  0.176186170567479E+001  0.550342050524308E+000  0.153750584955788E+000 -0.131028262406404E+000 -0.142951550832424E+003
  0.100000000000000E+001  0.287719611124796E+003  0.111498887363644E+001  0.904127629661452E+000  0.768409555230603E+000  0.249460833899909E+000 -0.131028262406404E+000 -0.143859805562398E+003
  0.100000000000000E+001  0.286882744085950E+003  0.594638343839901E+000  0.155316907784836E+001  0.874663891597054E+000  0.398383995651435E+000 -0.131028262406404E+000 -0.143441372042975E+003
  0.100000000000000E+001  0.289260287702433E+003  0.818858837638811E+000  0.135358623293414E+001  0.780125295328218E+000  0.476870761648174E+000 -0.131028262406404E+000 -0.144630143851216E+003
  0.100000000000000E+001  0.285582519338393E+003  0.418502310506550E+000  0.185604646591193E+001  0.973863705865258E+000  0.238512794503854E+000 -0.131028262406404E+000 -0.142791259669196E+003
  0.100000000000000E+001  0.291448607636133E+003  0.127994873756006E+001  0.163330286839848E+001  0.473799704477550E-001  0.397219292886709E+000 -0.131028262406404E+000 -0.145724303818066E+003
  0.100000000000000E+001  0.289861941416812E+003  0.156164601730591E+001  0.102473446653079E+001  0.119523172235858E+000  0.254002144288301E+000 -0.131028262406404E+000 -0.144930970708406E+003
  0.100000000000000E+001  0.292211515453475E+003  0.154661402611496E+001  0.111239642000482E+001  0.878234893873353E+000  0.329691975661052E+000 -0.131028262406404E+000 -0.146105757726737E+003
  0.100000000000000E+001  0.294618359346313E+003  0.146537297045300E+001  0.114162945702836E+001  0.546469714408850E+000  0.424194928896797E+000 -0.131028262406404E+000 -0.147309179673157E+003
  0.100000000000000E+001  0.289971269457175E+003  0.115411453579321E+001  0.140706795690092E+001  0.340820409305392E+000  0.359655179233084E+000 -0.131028262406404E+000 -0.144985634728588E+003
  0.100000000000000E+001  0.299237347265166E+003  0.182375180855531E+001  0.179819664546407E+001  0.225169852261189E+000  0.470110107459460E+000 -0.131028262406404E+000 -0.149618673632583E+003
  0.100000000000000E+001  0.290265187389283E+003  0.196017545060009E+001  0.149596406054952E+001  0.547639264824947E-001  0.209619578792376E+000 -0.131028262406404E+000 -0.145132593694642E+003
  0.100000000000000E+001  0.288114443513375E+003  0.144905158630862E+001  0.149279676663700E+001  0.747391928365671E+000  0.207398045027438E+000 -0.131028262406404E+000 -0.144057221756687E+003
  0.100000000000000E+001  0.286476807142034E+003  0.168023023436926E+001  0.784242623358145E+000  0.421946928720109E+000  0.108447236164750E+000 -0.131028262406404E+000 -0.143238403571017E+003
  0.100000000000000E+001  0.285305687516399E+003  0.233636685064019E+000  0.112214615873061E+001  0.932133079523829E-001  0.190098561069810E+000 -0.131028262406404E+000 -0.142652843758200E+003
  0.100000000000000E+001  0.293145417489318E+003  0.164320243975662E+001  0.111887047214184E+001  0.788354338898607E+000  0.333472038551168E+000 -0.131028262406404E+000 -0.146572708744659E+003
  0.100000000000000E+001  0.287097717473547E+003  0.573846902610328E+000  0.164350063552329E+001  0.610306239880740E+000  0.478404322484902E+000 -0.131028262406404E+000 -0.143548858736774E+003
  0.100000000000000E+001  0.285413659551302E+003  0.162313056174295E+000  0.516424493701978E+000  0.348996563035871E+000  0.363579983584241E+000 -0.131028262406404E+000 -0.142706829775651E+003
  0.100000000000000E+001  0.286517507469483E+003  0.456178079649947E+000  0.134103941107780E+001  0.552317659962888E-001  0.425521873837260E+000 -0.131028262406404E+000 -0.143258753734742E+003
  0.100000000000000E+001  0.292278030115811E+003  0.179711054562919E+001  0.131653152300120E+001  0.359256237914655E+000  0.279723388638170E+000 -0.131028262406404E+000 -0.146139015057905E+003
  0.100000000000000E+001  0.285538058669329E+003  0.686375949829095E+000  0.114552867251946E+001  0.436203067505374E+000  0.120789965916229E+000 -0.131028262406404E+000 -0.142769029334665E+003
  0.100000000000000E+001  0.287422034902048E+003  0.733702048032121E+000  0.112046125402058E+001  0.183094038611459E+000  0.353997680681499E+000 -0.131028262406404E+000 -0.143711017451024E+003
  0.100000000000000E+001  0.288064547275585E+003  0.843207855573759E+000  0.166659662373696E+001  0.382053235170153E+000  0.393408236590053E+000 -0.131028262406404E+000 -0.144032273637792E+003
  0.100000000000000E+001  0.286413680281999E+003  0.988779904937643E+000  0.119335461555050E+001  0.678724170005982E+000  0.179273083188332E+000 -0.131028262406404E+000 -0.143206840141000E+003
  0.100000000000000E+001  0.294437163195444E+003  0.141562649295884E+001  0.144976378225768E+001  0.475267029339394E+000  0.441507600235782E+000 -0.131028262406404E+000 -0.147218581597722E+003
  0.100000000000000E+001  0.288939524951160E+003  0.141524160513092E+001  0.775335736888982E+000  0.287968171365364E+000  0.251718666109375E+000 -0.131028262406404E+000 -0.144469762475580E+003
  0.100000000000000E+001  0.295628679270623E+003  0.177487837177596E+001  0.111324332891859E+001  0.328134383045901E+000  0.364012759063496E+000 -0.131028262406404E+000 -0.147814339635311E+003
  0.100000000000000E+001  0.285615206098777E+003  0.843376728833838E+000  0.935502466318661E+000  0.223967212497156E+000  0.110578804823906E+000 -0.131028262406404E+000 -0.142807603049389E+003
  0.100000000000000E+001  0.286143395255233E+003  0.140852828063618E+001  0.143477031583106E+001  0.884047997768850E+000  0.108311629053452E+000 -0.131028262406404E+000 -0.143071697627617E+003
  0.100000000000000E+001  0.288867591491212E+003  0.888623466907596E+000  0.573063319435396E+000  0.719479415274558E+000  0.454228922601408E+000 -0.131028262406404E+000 -0.144433795745606E+003
  0.100000000000000E+001  0.290869115403065E+003  0.106387729357098E+001  0.170992399916176E+001  0.684054560651214E+000  0.491178024474523E+000 -0.131028262406404E+000 -0.145434557701533E+003
  0.100000000000000E+001  0.288605769257203E+003  0.107043991769082E+001  0.744008297551973E+000  0.363692571497712E+000  0.324315602452150E+000 -0.131028262406404E+000 -0.144302884628601E+003
  0.100000000000000E+001  0.287459026478267E+003  0.103118574655731E+001  0.107853063361011E+001  0.239519411884584E+000  0.250889671626203E+000 -0.131028262406404E+000 -0.143729513239134E+003
  0.100000000000000E+001  0.288926139733512E+003  0.171415864332868E+001  0.149173029859575E+001  0.271323214891473E+000  0.201234896761659E+000 -0.131028262406404E+000 -0.144463069866756E+003
  0.100000000000000E+001  0.294970318066159E+003  0.190766215701053E+001  0.115482670109084E+001  0.216551500478120E+000  0.320633561706509E+000 -0.131028262406404E+000 -0.147485159033079E+003
  0.100000000000000E+001  0.291385986068880E+003  0.133066366747365E+001  0.699797288670434E+000  0.662939081865379E+000  0.389058299003416E+000 -0.131028262406404E+000 -0.145692993034440E+003
  0.100000000000000E+001  0.285301202206159E+003  0.211671412443296E+000  0.195519786104776E+001  0.414352269299461E+000  0.259806022663694E+000 -0.131028262406404E+000 -0.142650601103079E+003
  0.100000000000000E+001  0.286994063542692E+003  0.169750971214150E+001  0.182257631461088E+001  0.513516897464095E+000  0.133567561900961E+000 -0.131028262406404E+000 -0.143497031771346E+003
  0.100000000000000E+001  0.286898533503108E+003  0.142096931238533E+001  0.158569105205606E+001  0.521609548804345E+000  0.153592287066430E+000 -0.131028262406404E+000 -0.143449266751554E+003
  0.100000000000000E+001  0.285956188875759E+003  0.389136442607842E+000  0.162530974096893E+001  0.764404357237937E+000  0.389010102071566E+000 -0.131028262406404E+000 -0.142978094437879E+003
  0.100000000000000E+001  0.287415190180525E+003  0.109737508292504E+001  0.186261770420939E+001  0.874930301372863E+000  0.249496834507005E+000 -0.131028262406404E+000 -0.143707595090263E+003
  0.100000000000000E+001  0.286438628964808E+003  0.540710644708806E+000  0.168114170538235E+001  0.876834184601320E+000  0.379197806391160E+000 -0.131028262406404E+000 -0.143219314482404E+003
  0.100000000000000E+001  0.286998993725041E+003  0.727585508092323E+000  0.146946321581859E+001  0.570476120620054E+000  0.322679044684475E+000 -0.131028262406404E+000 -0.143499496862520E+003
  0.100000000000000E+001  0.286402422558829E+003  0.131314544208151E+001  0.805154065311983E+000  0.383062998955450E+000  0.134161884236743E+000 -0.131028262406404E+000 -0.143201211279414E+003
  0.100000000000000E+001  0.293073679203419E+003  0.134784671285163E+001  0.151446732773160E+001  0.373432630448674E+000  0.425102669176451E+000 -0.131028262406404E+000 -0.146536839601709E+003
  0.100000000000000E+001  0.288929490011647E+003  0.183758929234999E+001  0.153324355829407E+001  0.584992453408261E+000  0.187476627310992E+000 -0.131028262406404E+000 -0.144464745005823E+003
  0.100000000000000E+001  0.285621497055516E+003  0.331118334577839E+000  0.587144144632961E+000  0.489765394651923E+000  0.278537371169553E+000 -0.131028262406404E+000 -0.142810748527758E+003
  0.100000000000000E+001  0.292297665965344E+003  0.141863389085454E+001  0.568161305293727E+000  0.959355621633675E+000  0.423198094690578E+000 -0.131028262406404E+000 -0.146148832982672E+003
  0.100000000000000E+001  0.290074895662365E+003  0.140114260377688E+001  0.187152301557808E+001  0.115530911530740E+000  0.318248366835906E+000 -0.131028262406404E+000 -0.145037447831182E+003
  0.100000000000000E+001  0.287033145809869E+003  0.561128378144116E+000  0.165639358612243E+001  0.282714953761788E+000  0.484595171966329E+000 -0.131028262406404E+000 -0.143516572904935E+003
  0.100000000000000E+001  0.292193303516358E+003  0.124428126693253E+001  0.183012093851092E+001  0.317333126655172E+000  0.491957631819357E+000 -0.131028262406404E+000 -0.146096651758179E+003
  0.100000000000000E+001  0.286672821207782E+003  0.722538999900959E+000  0.195578029756687E+001  0.691196801798266E-001  0.334601428824553E+000 -0.131028262406404E+000 -0.143336410603891E+003
  0.100000000000000E+001  0.286733290386228E+003  0.120206536471135E+001  0.164721356551306E+001  0.694361785420349E+000  0.172689552626384E+000 -0.131028262406404E+000 -0.143366645193114E+003
  0.100000000000000E+001  0.287752545971827E+003  0.196011957769806E+001  0.912470373068518E+000  0.657704117733469E+000  0.139855823754770E+000 -0.131028262406404E+000 -0.143876272985913E+003
  0.100000000000000E+001  0.285718913877351E+003  0.334444943535394E+000  0.160157005005004E+001  0.970476359782568E+000  0.352554883609168E+000 -0.131028262406404E+000 -0.142859456938676E+003
  0.100000000000000E+001  0.290891097969368E+003  0.199180864426867E+001  0.117940275449240E+001  0.692303294969947E+000  0.219833926509512E+000 -0.131028262406404E+000 -0.145445548984684E+003
  0.100000000000000E+001  0.288208987042224E+003  0.150772371093962E+001  0.133344156974689E+001  0.989710467918038E+000  0.201434936808893E+000 -0.131028262406404E+000 -0.144104493521112E+003
  0.100000000000000E+001  0.301924010178609E+003  0.195272634418762E+001  0.178139796849891E+001  0.333211260579311E+000  0.483072029879032E+000 -0.131028262406404E+000 -0.150962005089305E+003
  0.100000000000000E+001  0.285177506044008E+003  0.113704897406764E+000  0.144023915493137E+001  0.622953547764535E-001  0.156643615073929E+000 -0.131028262406404E+000 -0.142588753022004E+003
  0.100000000000000E+001  0.285659915547802E+003  0.884473280239695E+000  0.677701364865551E+000  0.120413474323829E+000  0.112112844541456E+000 -0.131028262406404E+000 -0.142829957773901E+003
  0.100000000000000E+001  0.290079378741387E+003  0.186827269046625E+001  0.892282261596225E+000  0.642284084524036E+000  0.217554447871145E+000 -0.131028262406404E+000 -0.145039689370694E+003
  0.100000000000000E+001  0.285399299992085E+003  0.159715183133718E+000  0.511572343846555E+000  0.454899207545696E+000  0.355180715487831E+000 -0.131028262406404E+000 -0.142699649996042E+003
  0.100000000000000E+001  0.285507042692848E+003  0.216064435213688E+000  0.883333399483780E+000  0.830218179125038E+000  0.337019535684289E+000 -0.131028262406404E+000 -0.142753521346424E+003
  0.100000000000000E+001  0.292120111700966E+003  0.199786999092962E+001  0.697736063800041E+000  0.230716465565758E+000  0.258684916346448E+000 -0.131028262406404E+000 -0.146060055850483E+003
  0.100000000000000E+001  0.287514945337172E+003  0.687051382920212E+000  0.179034245766292E+001  0.967207761174013E+000  0.481507408764848E+000 -0.131028262406404E+000 -0.143757472668586E+003
  0.100000000000000E+001  0.286795490104242E+003  0.603356164132573E+000  0.154001627578136E+001  0.117828209073129E+000  0.375302992232020E+000 -0.131028262406404E+000 -0.143397745052121E+003
  0.100000000000000E+001  0.290143353219881E+003  0.193802479094228E+001  0.183566197379621E+001  0.142545176203558E+000  0.215402153495148E+000 -0.131028262406404E+000 -0.145071676609940E+003
  0.100000000000000E+001  0.286480101726723E+003  0.174230762395024E+001  0.166156068947055E+001  0.938250265424070E+000  0.105347214947932E+000 -0.131028262406404E+000 -0.143240050863362E+003
  0.100000000000000E+001  0.285591752437672E+003  0.231337244516234E+000  0.106707756405360E+001  0.710074941487109E+000  0.368336914193546E+000 -0.131028262406404E+000 -0.142795876218836E+003
  0.100000000000000E+001  0.286886033009666E+003  0.143702381864783E+001  0.103644405719391E+001  0.970019315567694E+000  0.149507476490946E+000 -0.131028262406404E+000 -0.143443016504833E+003
  0.100000000000000E+001  0.293245861561466E+003  0.176223804680793E+001  0.137811946026001E+001  0.288151159901237E+000  0.309857719616700E+000 -0.131028262406404E+000 -0.146622930780733E+003
  0.100000000000000E+001  0.288899241473052E+003  0.116206979737817E+001  0.173039766353527E+001  0.543298177281784E+000  0.319783656694342E+000 -0.131028262406404E+000 -0.144449620736526E+003
  0.100000000000000E+001  0.288238329433127E+003  0.896670587808105E+000  0.651656825231873E+000  0.518543545226368E+000  0.374721966919322E+000 -0.131028262406404E+000 -0.144119164716563E+003
  0.100000000000000E+001  0.287917793085843E+003  0.104370155240469E+001  0.720333484341558E+000  0.472751607310525E+000  0.287282820562179E+000 -0.131028262406404E+000 -0.143958896542922E+003
  0.100000000000000E+001  0.287874135270595E+003  0.885135009042486E+000  0.198944974069470E+001  0.647556692646667E+000  0.420154553332382E+000 -0.131028262406404E+000 -0.143937067635298E+003
  0.100000000000000E+001  0.290193509542081E+003  0.113955574417187E+001  0.148763779017829E+001  0.999629912344084E+000  0.380496348902413E+000 -0.131028262406404E+000 -0.145096754771040E+003
  0.100000000000000E+001  0.285279755794182E+003  0.297212384560000E+000  0.782025609613926E+000  0.518119938665982E+000  0.133433955944517E+000 -0.131028262406404E+000 -0.142639877897091E+003
  0.100000000000000E+001  0.285279120787807E+003  0.341889329789993E+000  0.128845181550781E+001  0.263211091929299E+000  0.118297878090115E+000 -0.131028262406404E+000 -0.142639560393903E+003
  0.100000000000000E+001  0.294736289558299E+003  0.148582163079626E+001  0.174660643975923E+001  0.401566907626087E+000  0.460457664257359E+000 -0.131028262406404E+000 -0.147368144779149E+003
  0.100000000000000E+001  0.289430415114505E+003  0.152703747121212E+001  0.108045670510916E+001  0.805160797825244E+000  0.244368741624773E+000 -0.131028262406404E+000 -0.144715207557253E+003
  0.100000000000000E+001  0.287679628228279E+003  0.772635378803499E+000  0.144015115894547E+001  0.367925068973360E+000  0.370956691870869E+000 -0.131028262406404E+000 -0.143839814114140E+003
  0.100000000000000E+001  0.286930397303377E+003  0.172880586441840E+001  0.511897806202939E+000  0.263449571866679E+000  0.127806015190328E+000 -0.131028262406404E+000 -0.143465198651688E+003
  0.100000000000000E+001  0.287736225888386E+003  0.196789710473619E+001  0.556050664032867E+000  0.257628757756962E+000  0.140945761290813E+000 -0.131028262406404E+000 -0.143868112944193E+003
  0.100000000000000E+001  0.292247759477971E+003  0.139428505146449E+001  0.577327259002540E+000  0.835717286436401E+000  0.428612037688419E+000 -0.131028262406404E+000 -0.146123879738986E+003
  0.100000000000000E+001  0.288449273944769E+003  0.963326728903620E+000  0.112813168269229E+001  0.186870579946021E+000  0.338523174462701E+000 -0.131028262406404E+000 -0.144224636972384E+003
  0.100000000000000E+001  0.286038475051169E+003  0.298410525309283E+000  0.764189670022642E+000  0.184671790506377E+000  0.466525856503798E+000 -0.131028262406404E+000 -0.143019237525584E+003
  0.100000000000000E+001  0.291496167275057E+003  0.185678100350804E+001  0.716117517996958E+000  0.953271025902079E+000  0.263513733360619E+000 -0.131028262406404E+000 -0.145748083637528E+003
  0.100000000000000E+001  0.285266671050267E+003  0.277137048260563E+000  0.186507900557966E+001  0.868430745537189E+000  0.145264959534383E+000 -0.131028262406404E+000 -0.142633335525134E+003
  0.100000000000000E+001  0.286558557076152E+003  0.840870729655923E+000  0.844547430217623E+000  0.525442317321202E+000  0.227322065636842E+000 -0.131028262406404E+000 -0.143279278538076E+003
  0.100000000000000E+001  0.286864109930600E+003  0.543573717226423E+000  0.638235340589216E+000  0.274608613840841E+000  0.424443237818085E+000 -0.131028262406404E+000 -0.143432054965300E+003
  0.100000000000000E+001  0.286413638664120E+003  0.102625952119685E+001  0.173496743289876E+001  0.419254823080679E+000  0.178266458400573E+000 -0.131028262406404E+000 -0.143206819332060E+003
  0.100000000000000E+001  0.286384002002761E+003  0.445625332020577E+000  0.165011319132245E+001  0.416583340740039E+000  0.468453309997914E+000 -0.131028262406404E+000 -0.143192001001380E+003
  0.100000000000000E+001  0.287683604612846E+003  0.911615878892527E+000  0.686724951064457E+000  0.570352518822200E+000  0.315610548916535E+000 -0.131028262406404E+000 -0.143841802306423E+003
  0.100000000000000E+001  0.287015489643058E+003  0.914869979864234E+000  0.108651198235853E+001  0.341849997594466E+000  0.247960958661545E+000 -0.131028262406404E+000 -0.143507744821529E+003
  0.100000000000000E+001  0.301362104778837E+003  0.193558611955797E+001  0.102198536920580E+001  0.339428616895486E+000  0.445739897239330E+000 -0.131028262406404E+000 -0.150681052389419E+003
  0.100000000000000E+001  0.285626762883245E+003  0.320642290725756E+000  0.120281444498061E+001  0.554578417615055E+000  0.292046624499581E+000 -0.131028262406404E+000 -0.142813381441623E+003
  0.100000000000000E+001  0.288297735437924E+003  0.193791511682526E+001  0.126424296309092E+001  0.340338244429277E+000  0.157955852271942E+000 -0.131028262406404E+000 -0.144148867718962E+003
  0.100000000000000E+001  0.287265220856920E+003  0.125737088314198E+001  0.624182469980491E+000  0.990544993830850E+000  0.198286632803607E+000 -0.131028262406404E+000 -0.143632610428460E+003
  0.100000000000000E+001  0.288887857930004E+003  0.119444040438902E+001  0.643913364827512E+000  0.410264241995270E+000  0.309281520162471E+000 -0.131028262406404E+000 -0.144443928965002E+003
  0.100000000000000E+001  0.286382934635662E+003  0.107815960253035E+001  0.862106389414241E+000  0.925713866869014E+000  0.161959418499718E+000 -0.131028262406404E+000 -0.143191467317831E+003
  0.100000000000000E+001  0.298006931528414E+003  0.180839796980814E+001  0.123539682388744E+001  0.123374622479035E+000  0.404242931762903E+000 -0.131028262406404E+000 -0.149003465764207E+003
  0.100000000000000E+001  0.290307047627887E+003  0.138253329867618E+001  0.774619962672048E+000  0.729749890757957E+000  0.317970263752484E+000 -0.131028262406404E+000 -0.145153523813944E+003
  0.100000000000000E+001  0.287803453189427E+003  0.165671143112736E+001  0.115616605413128E+001  0.160454571069587E-001  0.167408674995474E+000 -0.131028262406404E+000 -0.143901726594713E+003
  0.100000000000000E+001  0.287300074961542E+003  0.840135786342196E+000  0.105201141502560E+001  0.399121601988049E+000  0.296747691602405E+000 -0.131028262406404E+000 -0.143650037480771E+003
  0.100000000000000E+001  0.291378120708219E+003  0.188789629268625E+001  0.633805357697054E+000  0.361614837740308E+000  0.259322979267014E+000 -0.131028262406404E+000 -0.145689060354110E+003
  0.100000000000000E+001  0.288832781901853E+003  0.157981786458256E+001  0.152730506556544E+001  0.460331529594240E+000  0.216615770100125E+000 -0.131028262406404E+000 -0.144416390950926E+003
  0.100000000000000E+001  0.287656275617920E+003  0.907577053680742E+000  0.707305574908202E+000  0.253194915831121E+000  0.313486557716831E+000 -0.131028262406404E+000 -0.143828137808960E+003
  0.100000000000000E+001  0.286773812341557E+003  0.586057391983139E+000  0.187525626852262E+001  0.997252291555198E+000  0.484447632907771E+000 -0.131028262406404E+000 -0.143386906170778E+003
  0.100000000000000E+001  0.287584286202396E+003  0.171904139830657E+001  0.932855525560272E+000  0.240211821438567E+000  0.153539466124285E+000 -0.131028262406404E+000 -0.143792143101198E+003
  0.100000000000000E+001  0.285724306134069E+003  0.312882439591393E+000  0.157998467512814E+001  0.292743505377866E+000  0.380671981978545E+000 -0.131028262406404E+000 -0.142862153067034E+003
  0.100000000000000E+001  0.291925208123781E+003  0.110898834430403E+001  0.157800694626852E+001  0.151774828126955E+000  0.498318475490433E+000 -0.131028262406404E+000 -0.145962604061890E+003
  0.100000000000000E+001  0.286548639821830E+003  0.501995004559586E+000  0.171832881575213E+001  0.948793230630024E+000  0.463466469103858E+000 -0.131028262406404E+000 -0.143274319910915E+003
  0.100000000000000E+001  0.286945823198912E+003  0.169833736355875E+001  0.663910475573592E+000  0.796176758857405E+000  0.129997834029832E+000 -0.131028262406404E+000 -0.143472911599456E+003
  0.100000000000000E+001  0.294997476991651E+003  0.170847537658610E+001  0.859045133335141E+000  0.100051278271569E+000  0.380684971429773E+000 -0.131028262406404E+000 -0.147498738495826E+003
  0.100000000000000E+001  0.289947472329222E+003  0.105875343405419E+001  0.182090899829471E+001  0.248658475888452E+000  0.456009682763210E+000 -0.131028262406404E+000 -0.144973736164611E+003
  0.100000000000000E+001  0.286789324248438E+003  0.189862272922594E+001  0.167132643682644E+001  0.854490082414141E+000  0.109810079218294E+000 -0.131028262406404E+000 -0.143394662124219E+003
  0.100000000000000E+001  0.286984888697380E+003  0.645031763066403E+000  0.118372207431485E+001  0.466596746051648E+000  0.352599929595101E+000 -0.131028262406404E+000 -0.143492444348690E+003
  0.100000000000000E+001  0.285370208393705E+003  0.481427326575273E+000  0.557114278274097E+000  0.978849480660853E+000  0.117545820901404E+000 -0.131028262406404E+000 -0.142685104196853E+003
  0.100000000000000E+001  0.297394854192368E+003  0.196827571547180E+001  0.865114488889008E+000  0.598221484647202E+000  0.372758987365936E+000 -0.131028262406404E+000 -0.148697427096184E+003
  0.100000000000000E+001  0.286884460393318E+003  0.589260693907260E+000  0.558706432877062E+000  0.242246371215744E+000  0.402516222999782E+000 -0.131028262406404E+000 -0.143442230196659E+003
  0.100000000000000E+001  0.292126489395099E+003  0.175653102542119E+001  0.129892797578522E+001  0.718700217429485E+000  0.282977446864850E+000 -0.131028262406404E+000 -0.146063244697549E+003
  0.100000000000000E+001  0.287926009954186E+003  0.106370711416809E+001  0.170185455750033E+001  0.356857386846134E+000  0.287442695573795E+000 -0.131028262406404E+000 -0.143963004977093E+003
  0.100000000000000E+001  0.288847251806186E+003  0.911290139166997E+000  0.734080158978838E+000  0.303247120805289E-001  0.409925794537801E+000 -0.131028262406404E+000 -0.144423625903093E+003
  0.100000000000000E+001  0.287055869620038E+003  0.627647249281627E+000  0.156659265092434E+001  0.640177762505065E+000  0.401986607752375E+000 -0.131028262406404E+000 -0.143527934810019E+003
  0.100000000000000E+001  0.285634716334624E+003  0.299404195514717E+000  0.742011422193543E+000  0.389642554942898E+000  0.308052969242113E+000 -0.131028262406404E+000 -0.142817358167312E+003
  0.100000000000000E+001  0.287999801794475E+003  0.816375174432998E+000  0.112953435426667E+001  0.766393061642867E-001  0.367093966375935E+000 -0.131028262406404E+000 -0.143999900897237E+003
  0.100000000000000E+001  0.293430634571255E+003  0.155816324004528E+001  0.135238836365715E+001  0.751917340343977E+000  0.361180843265549E+000 -0.131028262406404E+000 -0.146715317285628E+003
  0.100000000000000E+001  0.291871837055870E+003  0.117100138863182E+001  0.133088388332985E+001  0.659317426379106E-001  0.438453955325292E+000 -0.131028262406404E+000 -0.145935918527935E+003
  0.100000000000000E+001  0.288533248606568E+003  0.743420337968980E+000  0.731850781716452E+000  0.548393541630535E+000  0.485985830360907E+000 -0.131028262406404E+000 -0.144266624303284E+003
  0.100000000000000E+001  0.285239447047778E+003  0.215113354723746E+000  0.101515033452643E+001  0.664626168289046E+000  0.146167232152897E+000 -0.131028262406404E+000 -0.142619723523889E+003
  0.100000000000000E+001  0.288873337083241E+003  0.185201593169600E+001  0.919118332056803E+000  0.392011603986920E+000  0.184372946235397E+000 -0.131028262406404E+000 -0.144436668541620E+003
  0.100000000000000E+001  0.293956312342377E+003  0.126958485313601E+001  0.899707989544395E+000  0.863491450890637E+000  0.497268722120168E+000 -0.131028262406404E+000 -0.146978156171188E+003
  0.100000000000000E+001  0.286371232516777E+003  0.921711527899978E+000  0.854868154114758E+000  0.985729675844856E+000  0.188714398504148E+000 -0.131028262406404E+000 -0.143185616258388E+003
  0.100000000000000E+001  0.287472975989777E+003  0.111146693176112E+001  0.871316554160620E+000  0.974549595869851E+000  0.235086301084131E+000 -0.131028262406404E+000 -0.143736487994889E+003
  0.100000000000000E+001  0.290906899160825E+003  0.138049265823072E+001  0.163254335046305E+001  0.970324264560353E+000  0.339575973305243E+000 -0.131028262406404E+000 -0.145453449580413E+003
  0.100000000000000E+001  0.286312283474115E+003  0.791525080087068E+000  0.144697457974518E+001  0.855924405067080E+000  0.216327215624604E+000 -0.131028262406404E+000 -0.143156141737057E+003
  0.100000000000000E+001  0.290049852003933E+003  0.982869921006412E+000  0.114506058126332E+001  0.356656791342226E-001  0.429860906208648E+000 -0.131028262406404E+000 -0.145024926001966E+003
  0.100000000000000E+001  0.288156076290085E+003  0.108818827479785E+001  0.163232086790562E+001  0.804036794089799E+000  0.291257376054546E+000 -0.131028262406404E+000 -0.144078038145043E+003
  0.100000000000000E+001  0.292272953478194E+003  0.138878612094534E+001  0.971538224722105E+000  0.790925624772102E+000  0.380109357523998E+000 -0.131028262406404E+000 -0.146136476739097E+003
  0.100000000000000E+001  0.287746352009791E+003  0.190905530188351E+001  0.777004593541748E+000  0.474220722281047E+000  0.144162765600157E+000 -0.131028262406404E+000 -0.143873176004895E+003
  0.100000000000000E+001  0.285595687141161E+003  0.370012592051714E+000  0.912020044497223E+000  0.384113345891728E+000  0.239354938053780E+000 -0.131028262406404E+000 -0.142797843570580E+003
  0.100000000000000E+001  0.286220451248380E+003  0.154472555134355E+001  0.709782972332016E+000  0.168336427516725E+000  0.103315510415033E+000 -0.131028262406404E+000 -0.143110225624190E+003
  0.100000000000000E+001  0.289582829963136E+003  0.142369200178480E+001  0.161017961808798E+001  0.797506531799779E+000  0.274911334535458E+000 -0.131028262406404E+000 -0.144791414981568E+003
  0.100000000000000E+001  0.286304531162146E+003  0.455452112838919E+000  0.145550808107287E+001  0.187383692861398E+000  0.391876006024201E+000 -0.131028262406404E+000 -0.143152265581073E+003
  0.100000000000000E+001  0.287066872624524E+003  0.551663193552163E+000  0.112925890192327E+001  0.687978933990599E+000  0.424765898923287E+000 -0.131028262406404E+000 -0.143533436312262E+003
  0.100000000000000E+001  0.303310559882432E+003  0.192549382904759E+001  0.139499139909653E+001  0.853597287564283E+000  0.474863468717825E+000 -0.131028262406404E+000 -0.151655279941216E+003
  0.100000000000000E+001  0.290925103700722E+003  0.126647547212289E+001  0.895190975981426E+000  0.426155023049775E+000  0.371077882584048E+000 -0.131028262406404E+000 -0.145462551850361E+003
  0.100000000000000E+001  0.286362078670769E+003  0.598401274160479E+000  0.763659508022958E+000  0.361846733809902E+000  0.292524343024579E+000 -0.131028262406404E+000 -0.143181039335384E+003
  0.100000000000000E+001  0.298522680299371E+003  0.172785934521534E+001  0.101759695225141E+001  0.850578887799615E+000  0.448282063009221E+000 -0.131028262406404E+000 -0.149261340149685E+003
  0.100000000000000E+001  0.286154982680578E+003  0.457650998537909E+000  0.184908545653185E+001  0.439597906987588E+000  0.449969002228741E+000 -0.131028262406404E+000 -0.143077491340289E+003
  0.100000000000000E+001  0.287605496689326E+003  0.692781331818766E+000  0.122111790507948E+001  0.590870800095007E+000  0.397593203456606E+000 -0.131028262406404E+000 -0.143802748344663E+003
  0.100000000000000E+001  0.288812777469284E+003  0.121111512189258E+001  0.132264178008539E+001  0.869626200173037E-001  0.283894652949703E+000 -0.131028262406404E+000 -0.144406388734642E+003
  0.100000000000000E+001  0.290931322609782E+003  0.172942687530851E+001  0.672018023710661E+000  0.698540774981352E+000  0.270950039708891E+000 -0.131028262406404E+000 -0.145465661304891E+003
  0.100000000000000E+001  0.285624293591843E+003  0.655387403952805E+000  0.706895854707561E+000  0.788290291943829E+000  0.143765754900667E+000 -0.131028262406404E+000 -0.142812146795921E+003
  0.100000000000000E+001  0.292365168146453E+003  0.185210881747029E+001  0.953847419463993E+000  0.790596271876651E+000  0.277474368103781E+000 -0.131028262406404E+000 -0.146182584073227E+003
  0.100000000000000E+001  0.287347168188606E+003  0.997028054464266E+000  0.131559451665848E+001  0.214306893219537E+000  0.252857410734486E+000 -0.131028262406404E+000 -0.143673584094303E+003
  0.100000000000000E+001  0.287919957357051E+003  0.142946917451370E+001  0.181699028295042E+001  0.296761692015501E+000  0.208093515686615E+000 -0.131028262406404E+000 -0.143959978678526E+003
  0.100000000000000E+001  0.285970601294650E+003  0.725614628063167E+000  0.746738211029993E+000  0.795426773982013E+000  0.186116937432172E+000 -0.131028262406404E+000 -0.142985300647325E+003
  0.100000000000000E+001  0.287334697774778E+003  0.550784107281628E+000  0.102686938198625E+001  0.482095871702461E+000  0.463599766493477E+000 -0.131028262406404E+000 -0.143667348887389E+003
  0.100000000000000E+001  0.288348416388284E+003  0.169691983990275E+001  0.713157550242400E+000  0.846732763894407E+000  0.186520968436608E+000 -0.131028262406404E+000 -0.144174208194142E+003
  0.100000000000000E+001  0.288474705358196E+003  0.177425171504749E+001  0.680680102759215E+000  0.281849647342571E+000  0.182762344603564E+000 -0.131028262406404E+000 -0.144237352679098E+003
  0.100000000000000E+001  0.295624870985057E+003  0.166418600625978E+001  0.156260825219415E+001  0.742067878246317E+000  0.399431625150904E+000 -0.131028262406404E+000 -0.147812435492528E+003
  0.100000000000000E+001  0.290942693001334E+003  0.143687802047186E+001  0.194901058121617E+001  0.870000122613519E+000  0.357726924133638E+000 -0.131028262406404E+000 -0.145471346500667E+003
  0.100000000000000E+001  0.292889253119151E+003  0.199373716648633E+001  0.139484184603098E+001  0.707034010015595E+000  0.263063061313186E+000 -0.131028262406404E+000 -0.146444626559575E+003
  0.100000000000000E+001  0.289190660224191E+003  0.180504274977508E+001  0.197042877006928E+001  0.718392944953495E-001  0.208167801834126E+000 -0.131028262406404E+000 -0.144595330112095E+003
  0.100000000000000E+001  0.287987848123379E+003  0.768708053571877E+000  0.551089136530684E+000  0.115176828589198E+000  0.440026984546067E+000 -0.131028262406404E+000 -0.143993924061690E+003
  0.100000000000000E+001  0.293769857178007E+003  0.187506724912363E+001  0.195420739676122E+001  0.936478432095810E+000  0.331994981366738E+000 -0.131028262406404E+000 -0.146884928589004E+003
  0.100000000000000E+001  0.285448561201839E+003  0.571177980715749E+000  0.188921081178788E+001  0.574651009277923E+000  0.127509655436099E+000 -0.131028262406404E+000 -0.142724280600920E+003
  0.100000000000000E+001  0.289391864250429E+003  0.108491614687823E+001  0.146790109406328E+001  0.494458549288140E+000  0.357602170320020E+000 -0.131028262406404E+000 -0.144695932125214E+003
  0.100000000000000E+001  0.288882575918660E+003  0.161357281771120E+001  0.134953405924763E+001  0.335598900399909E+000  0.211820486346152E+000 -0.131028262406404E+000 -0.144441287959330E+003
  0.100000000000000E+001  0.287469708362976E+003  0.168358036778563E+001  0.149279055569750E+001  0.959608976680099E+000  0.152656165663256E+000 -0.131028262406404E+000 -0.143734854181488E+003
  0.100000000000000E+001  0.286407919830807E+003  0.473225944609007E+000  0.894957852383571E+000  0.690147624903204E+000  0.374603027403314E+000 -0.131028262406404E+000 -0.143203959915403E+003
  0.100000000000000E+001  0.288628920163081E+003  0.174562004981754E+001  0.883618414301970E+000  0.717634898970027E+000  0.188523919066225E+000 -0.131028262406404E+000 -0.144314460081541E+003
  0.100000000000000E+001  0.287812002910659E+003  0.117628454510225E+001  0.520964478295075E+000  0.778194614528233E+000  0.253616918192944E+000 -0.131028262406404E+000 -0.143906001455330E+003
  0.100000000000000E+001  0.285347118297669E+003  0.206974151113522E+000  0.781408499172657E+000  0.194415989038620E+000  0.240574204795626E+000 -0.131028262406404E+000 -0.142673559148835E+003
  0.100000000000000E+001  0.286331624808511E+003  0.147424435482268E+001  0.155661540365402E+001  0.363941022830677E+000  0.115687242157126E+000 -0.131028262406404E+000 -0.143165812404256E+003
  0.100000000000000E+001  0.297598635762638E+003  0.164711620335908E+001  0.106272108991163E+001  0.487584235423068E+000  0.448617667252785E+000 -0.131028262406404E+000 -0.148799317881319E+003
  0.100000000000000E+001  0.286657278781038E+003  0.185383616786757E+001  0.772827786847013E+000  0.250280327881246E-001  0.106292430059748E+000 -0.131028262406404E+000 -0.143328639390519E+003
  0.100000000000000E+001  0.294002951358618E+003  0.173986047533698E+001  0.559292124155886E+000  0.234350043464583E+000  0.383334589029006E+000 -0.131028262406404E+000 -0.147001475679309E+003
  0.100000000000000E+001  0.300512336168414E+003  0.198343444939676E+001  0.702327615172598E+000  0.373505474006724E+000  0.463331097810814E+000 -0.131028262406404E+000 -0.150256168084207E+003
  0.100000000000000E+001  0.286517690241451E+003  0.997583438589353E+000  0.173669940042479E+001  0.650703375951846E+000  0.193741941245595E+000 -0.131028262406404E+000 -0.143258845120725E+003
  0.100000000000000E+001  0.288479603934685E+003  0.169636161700333E+001  0.641552636011738E+000  0.163482268853302E+000  0.192742770775632E+000 -0.131028262406404E+000 -0.144239801967342E+003
  0.100000000000000E+001  0.285739385651522E+003  0.304655112265345E+000  0.156513323914557E+001  0.356130226287016E+000  0.397756392345000E+000 -0.131028262406404E+000 -0.142869692825761E+003
  0.100000000000000E+001  0.286656343161855E+003  0.123811448293408E+001  0.904514364344457E+000  0.275508787481527E+000  0.159582611363442E+000 -0.131028262406404E+000 -0.143328171580927E+003
  0.100000000000000E+001  0.301639582776713E+003  0.197758676618973E+001  0.176394860395307E+001  0.483669716736483E+000  0.464485074465140E+000 -0.131028262406404E+000 -0.150819791388357E+003
  0.100000000000000E+001  0.293689949478630E+003  0.164265941350252E+001  0.152939367897378E+001  0.561829208976289E+000  0.352068871445572E+000 -0.131028262406404E+000 -0.146844974739315E+003
  0.100000000000000E+001  0.287332311135888E+003  0.176520423976108E+001  0.603743194944060E+000  0.803370986020816E+000  0.141560563927160E+000 -0.131028262406404E+000 -0.143666155567944E+003
  0.100000000000000E+001  0.285534093734627E+003  0.448788000199672E+000  0.859191013313764E+000  0.171202867088971E+000  0.180753876670499E+000 -0.131028262406404E+000 -0.142767046867314E+003
  0.100000000000000E+001  0.295324483198601E+003  0.134165637856120E+001  0.113355456529308E+001  0.203074651253082E+000  0.494782907120573E+000 -0.131028262406404E+000 -0.147662241599301E+003
  0.100000000000000E+001  0.295823518894724E+003  0.181204596054843E+001  0.176273557081983E+001  0.612329585650090E+000  0.380533607397887E+000 -0.131028262406404E+000 -0.147911759447362E+003
  0.100000000000000E+001  0.287731030994092E+003  0.704753370931674E+000  0.797623367529436E+000  0.605364652354430E+000  0.414171481728488E+000 -0.131028262406404E+000 -0.143865515497046E+003
  0.100000000000000E+001  0.291033511506908E+003  0.149494077055307E+001  0.642964763140905E+000  0.126063636575105E+000  0.329018479581975E+000 -0.131028262406404E+000 -0.145516755753454E+003
  0.100000000000000E+001  0.294554907696430E+003  0.172123893249727E+001  0.582273192083253E+000  0.632467165874027E+000  0.404014132875929E+000 -0.131028262406404E+000 -0.147277453848215E+003
  0.100000000000000E+001  0.293318024919615E+003  0.145697700665352E+001  0.195721465581432E+001  0.681236986644670E+000  0.469207374493459E+000 -0.131028262406404E+000 -0.146659012459808E+003
  0.100000000000000E+001  0.285466166118181E+003  0.227804073430848E+000  0.137168501922897E+001  0.388074836689375E+000  0.320762680392790E+000 -0.131028262406404E+000 -0.142733083059090E+003
  0.100000000000000E+001  0.288439377379250E+003  0.172450322197181E+001  0.674186306649819E+000  0.679410150971271E+000  0.187267457409075E+000 -0.131028262406404E+000 -0.144219688689625E+003
  0.100000000000000E+001  0.294727817363846E+003  0.161553909848697E+001  0.151982193451425E+001  0.325920453304366E+000  0.387138129540463E+000 -0.131028262406404E+000 -0.147363908681923E+003
  0.100000000000000E+001  0.285846966817643E+003  0.838946856377421E+000  0.185707327967796E+001  0.819660990544401E+000  0.150913110369080E+000 -0.131028262406404E+000 -0.142923483408822E+003
  0.100000000000000E+001  0.285853723251703E+003  0.286131973223273E+000  0.110137373482133E+001  0.412166367977277E+000  0.412304631510617E+000 -0.131028262406404E+000 -0.142926861625852E+003
  0.100000000000000E+001  0.290147096110882E+003  0.118031071840742E+001  0.155340560758310E+001  0.431590229954141E+000  0.367001929578497E+000 -0.131028262406404E+000 -0.145073548055441E+003
  0.100000000000000E+001  0.285408298994609E+003  0.199160243721200E+000  0.178797925470600E+001  0.780123881650404E+000  0.437069349323677E+000 -0.131028262406404E+000 -0.142704149497305E+003
  0.100000000000000E+001  0.301964141732711E+003  0.198817968638156E+001  0.131694334821180E+001  0.216569601769462E+000  0.431064410863733E+000 -0.131028262406404E+000 -0.150982070866356E+003
  0.100000000000000E+001  0.285604766730088E+003  0.235154222847898E+000  0.121299524817347E+001  0.826673735788534E+000  0.379259449404996E+000 -0.131028262406404E+000 -0.142802383365044E+003
  0.100000000000000E+001  0.292843407349457E+003  0.146062157663679E+001  0.682430312603214E+000  0.609593306210484E+000  0.408574438689408E+000 -0.131028262406404E+000 -0.146421703674729E+003
  0.100000000000000E+001  0.287594982601389E+003  0.104223249996803E+001  0.117143192191839E+001  0.838875660626509E+000  0.257124236664437E+000 -0.131028262406404E+000 -0.143797491300694E+003
  0.100000000000000E+001  0.287695097803206E+003  0.600298828853106E+000  0.110844344862114E+001  0.720072940792542E-001  0.470352797631810E+000 -0.131028262406404E+000 -0.143847548901603E+003
  0.100000000000000E+001  0.287326968371251E+003  0.145750794428900E+001  0.185094558491790E+001  0.251577225252001E+000  0.175121548702238E+000 -0.131028262406404E+000 -0.143663484185625E+003
  0.100000000000000E+001  0.285815531531766E+003  0.669097162643203E+000  0.141339883455129E+001  0.223581895651110E+000  0.178374456631047E+000 -0.131028262406404E+000 -0.142907765765883E+003
  0.100000000000000E+001  0.285556150235335E+003  0.302158504161849E+000  0.513257753139993E+000  0.748410214275746E+000  0.276226148016759E+000 -0.131028262406404E+000 -0.142778075117668E+003
  0.100000000000000E+001  0.287887648578586E+003  0.155833009596160E+001  0.738723539483180E+000  0.152488674539403E+000  0.184640071492518E+000 -0.131028262406404E+000 -0.143943824289293E+003
  0.100000000000000E+001  0.286099338401586E+003  0.537460690621916E+000  0.844389467476447E+000  0.889107389390026E+000  0.274906147659196E+000 -0.131028262406404E+000 -0.143049669200793E+003
  0.100000000000000E+001  0.287148124612232E+003  0.933897835974489E+000  0.185889457914857E+001  0.697269624927206E+000  0.278415466924910E+000 -0.131028262406404E+000 -0.143574062306116E+003
  0.100000000000000E+001  0.285572424415263E+003  0.201711258493909E+000  0.127100266783590E+001  0.128379237149482E+000  0.422459382046784E+000 -0.131028262406404E+000 -0.142786212207631E+003
  0.100000000000000E+001  0.285791641870616E+003  0.107479004659909E+001  0.624749324780020E+000  0.758564945310346E+000  0.107317599155089E+000 -0.131028262406404E+000 -0.142895820935308E+003
  0.100000000000000E+001  0.287836781281917E+003  0.171177683109595E+001  0.134389836925642E+001  0.391780600551438E-001  0.163334699049322E+000 -0.131028262406404E+000 -0.143918390640958E+003
  0.100000000000000E+001  0.285768890951765E+003  0.571404779109391E+000  0.194052246881327E+001  0.486418638926712E+000  0.219182993297353E+000 -0.131028262406404E+000 -0.142884445475883E+003
  0.100000000000000E+001  0.288766349228581E+003  0.190660714940688E+001  0.682448531080357E+000  0.327437222334288E+000  0.178408375787555E+000 -0.131028262406404E+000 -0.144383174614290E+003
  0.100000000000000E+001  0.290199435898831E+003  0.141657422708033E+001  0.110352381406631E+001  0.574761266651207E+000  0.293462063707826E+000 -0.131028262406404E+000 -0.145099717949416E+003
  0.100000000000000E+001  0.285942454726661E+003  0.342592257086713E+000  0.671461492076080E+000  0.149878369267254E+000  0.382867364785596E+000 -0.131028262406404E+000 -0.142971227363330E+003
  0.100000000000000E+001  0.286085735025785E+003  0.636762982868381E+000  0.122825285060907E+001  0.153324102323626E-002  0.231256430009786E+000 -0.131028262406404E+000 -0.143042867512892E+003
  0.100000000000000E+001  0.300535238377299E+003  0.184116532342958E+001  0.126228346427864E+001  0.561499339793371E+000  0.445945418131363E+000 -0.131028262406404E+000 -0.150267619188649E+003
  0.100000000000000E+001  0.294442179021257E+003  0.173120795413831E+001  0.110393630902497E+001  0.531785957746045E-002  0.346713124467392E+000 -0.131028262406404E+000 -0.147221089510628E+003
  0.100000000000000E+001  0.285305187612439E+003  0.113099549601591E+000  0.153483410052928E+001  0.231816232829472E+000  0.439713537203709E+000 -0.131028262406404E+000 -0.142652593806219E+003
  0.100000000000000E+001  0.287144573711448E+003  0.577408436098611E+000  0.163468451942416E+001  0.594914133469098E+000  0.480857657517912E+000 -0.131028262406404E+000 -0.143572286855724E+003
  0.100000000000000E+001  0.286519551378434E+003  0.129773414437296E+001  0.190235260049739E+001  0.370173770465202E+000  0.148095549334246E+000 -0.131028262406404E+000 -0.143259775689217E+003
  0.100000000000000E+001  0.285577140908521E+003  0.193682964391159E+000  0.138988385270451E+001  0.999819513143930E+000  0.465040076478098E+000 -0.131028262406404E+000 -0.142788570454260E+003
  0.100000000000000E+001  0.286403306701187E+003  0.915688465146012E+000  0.133636107715977E+001  0.981456174096243E+000  0.193779336762771E+000 -0.131028262406404E+000 -0.143201653350593E+003
  0.100000000000000E+001  0.293094230189910E+003  0.140143498228862E+001  0.552564553990415E+000  0.250410861391043E+000  0.477209640052775E+000 -0.131028262406404E+000 -0.146547115094955E+003
  0.100000000000000E+001  0.294214225284647E+003  0.159769740012882E+001  0.172288209314690E+001  0.704609028297731E+000  0.395578921637761E+000 -0.131028262406404E+000 -0.147107112642324E+003
  0.100000000000000E+001  0.289264796459608E+003  0.165887411898539E+001  0.195320255881467E+001  0.969259162793557E-002  0.232114923133655E+000 -0.131028262406404E+000 -0.144632398229804E+003
  0.100000000000000E+001  0.294822341373607E+003  0.155420486352283E+001  0.100359821326806E+001  0.996521457896678E+000  0.408264310385000E+000 -0.131028262406404E+000 -0.147411170686804E+003
  0.100000000000000E+001  0.285382638417677E+003  0.201301456773203E+000  0.999625329998579E+000  0.832158532880300E+000  0.276309735836182E+000 -0.131028262406404E+000 -0.142691319208838E+003
  0.100000000000000E+001  0.288800442201683E+003  0.813731791849664E+000  0.133639857454634E+001  0.966232865035475E-001  0.441100273019260E+000 -0.131028262406404E+000 -0.144400221100841E+003
  0.100000000000000E+001  0.286510073283330E+003  0.124343149904556E+001  0.184789335467019E+001  0.701790707058897E+000  0.153650077973314E+000 -0.131028262406404E+000 -0.143255036641665E+003
  0.100000000000000E+001  0.291875127341359E+003  0.136131096575841E+001  0.628510489045247E+000  0.663510763574345E+000  0.412408866288780E+000 -0.131028262406404E+000 -0.145937563670679E+003
  0.100000000000000E+001  0.292895619021204E+003  0.119168581314785E+001  0.873243504318929E+000  0.201644476980415E+000  0.492621444196073E+000 -0.131028262406404E+000 -0.146447809510602E+003
  0.100000000000000E+001  0.289237934198730E+003  0.174849375185715E+001  0.147165539905815E+001  0.191534657630010E-001  0.206545165037311E+000 -0.131028262406404E+000 -0.144618967099365E+003
  0.100000000000000E+001  0.292984216553648E+003  0.138397768616089E+001  0.157632123993656E+001  0.719974158029491E+000  0.413364271744131E+000 -0.131028262406404E+000 -0.146492108276824E+003
  0.100000000000000E+001  0.288243247247226E+003  0.107282113844821E+001  0.105489567149853E+001  0.762905730350445E+000  0.290136027759733E+000 -0.131028262406404E+000 -0.144121623623613E+003
  0.100000000000000E+001  0.285407108279530E+003  0.284471501718630E+000  0.183886159777199E+001  0.100792048174437E+000  0.255103782347989E+000 -0.131028262406404E+000 -0.142703554139765E+003
  0.100000000000000E+001  0.294764473702274E+003  0.167394927580480E+001  0.929643159725427E+000  0.493397520197839E+000  0.377668366813012E+000 -0.131028262406404E+000 -0.147382236851137E+003
  0.100000000000000E+001  0.286619646156465E+003  0.647335886025441E+000  0.104381301691612E+001  0.393457088480442E+000  0.302784804969695E+000 -0.131028262406404E+000 -0.143309823078232E+003
  0.100000000000000E+001  0.292602165188828E+003  0.133286340889277E+001  0.132320449708619E+001  0.863224347607629E+000  0.403421660757634E+000 -0.131028262406404E+000 -0.146301082594414E+003
  0.100000000000000E+001  0.287456567881988E+003  0.787572649884038E+000  0.617265366574287E+000  0.830935339409456E+000  0.353170911281147E+000 -0.131028262406404E+000 -0.143728283940994E+003
  0.100000000000000E+001  0.291663695377967E+003  0.161244387974879E+001  0.692916016791719E+000  0.654252363673470E+000  0.318501371077633E+000 -0.131028262406404E+000 -0.145831847688984E+003
  0.100000000000000E+001  0.286756948352206E+003  0.480752930069751E+000  0.914785306057566E+000  0.167438468878601E-001  0.434467992627506E+000 -0.131028262406404E+000 -0.143378474176103E+003
  0.100000000000000E+001  0.299886279774522E+003  0.179318145485358E+001  0.123314681945176E+001  0.622048034543506E+000  0.447539854796702E+000 -0.131028262406404E+000 -0.149943139887261E+003
  0.100000000000000E+001  0.285319462030515E+003  0.165429522077163E+000  0.185789601015728E+001  0.232491707684579E+000  0.469930947007279E+000 -0.131028262406404E+000 -0.142659731015258E+003
  0.100000000000000E+001  0.290509752469022E+003  0.159591064090745E+001  0.906997307142331E+000  0.331688911397666E+000  0.271935668878066E+000 -0.131028262406404E+000 -0.145254876234511E+003
  0.100000000000000E+001  0.289342372845345E+003  0.837784845606287E+000  0.982523110326051E+000  0.292276728380751E+000  0.466410025935912E+000 -0.131028262406404E+000 -0.144671186422673E+003
  0.100000000000000E+001  0.288675736938496E+003  0.134079570691780E+001  0.155341780007979E+001  0.998130568623453E+000  0.252444966484974E+000 -0.131028262406404E+000 -0.144337868469248E+003
  0.100000000000000E+001  0.285915174996740E+003  0.502590946068119E+000  0.840984054726481E+000  0.836606439265246E+000  0.254600175245402E+000 -0.131028262406404E+000 -0.142957587498370E+003
  0.100000000000000E+001  0.288837152589657E+003  0.118528663241195E+001  0.950646504877007E+000  0.253903092879520E+000  0.294085351566363E+000 -0.131028262406404E+000 -0.144418576294829E+003
  0.100000000000000E+001  0.292050262161256E+003  0.188330058356160E+001  0.107332165100593E+001  0.110765549097693E+000  0.262196775461279E+000 -0.131028262406404E+000 -0.146025131080628E+003
  0.100000000000000E+001  0.293918906234042E+003  0.169121287918588E+001  0.891351575982947E+000  0.214653588279352E+000  0.353189658954391E+000 -0.131028262406404E+000 -0.146959453117021E+003
  0.100000000000000E+001  0.285725330794800E+003  0.420596974154685E+000  0.118495183942421E+001  0.995049012759726E+000  0.253561577438973E+000 -0.131028262406404E+000 -0.142862665397400E+003
  0.100000000000000E+001  0.285325643465795E+003  0.155288951646539E+000  0.103959930168809E+001  0.354931992823579E+000  0.292863309934960E+000 -0.131028262406404E+000 -0.142662821732897E+003
  0.100000000000000E+001  0.290767104643848E+003  0.147191826446952E+001  0.157037596183527E+001  0.437149895465528E+000  0.306524672826782E+000 -0.131028262406404E+000 -0.145383552321924E+003
  0.100000000000000E+001  0.286715408926949E+003  0.134627977789490E+001  0.169360925601311E+001  0.259365875431920E+000  0.152613671928519E+000 -0.131028262406404E+000 -0.143357704463475E+003
  0.100000000000000E+001  0.290108224733648E+003  0.155566785529144E+001  0.991497582275398E+000  0.957939219589667E+000  0.263963399960409E+000 -0.131028262406404E+000 -0.145054112366824E+003
  0.100000000000000E+001  0.286502497378236E+003  0.163889901684545E+001  0.160747923056118E+001  0.925138581738032E+000  0.113132222907038E+000 -0.131028262406404E+000 -0.143251248689118E+003
  0.100000000000000E+001  0.294962225433131E+003  0.190294935133443E+001  0.529333053824669E+000  0.165169230842531E-001  0.374079838131784E+000 -0.131028262406404E+000 -0.147481112716565E+003
  0.100000000000000E+001  0.290274030001583E+003  0.144204303009370E+001  0.197273288988635E+001  0.236846406267708E+000  0.326982865055117E+000 -0.131028262406404E+000 -0.145137015000792E+003
  0.100000000000000E+001  0.290123051979121E+003  0.146404043146147E+001  0.134850281732737E+001  0.675023890099178E+000  0.280235486297205E+000 -0.131028262406404E+000 -0.145061525989561E+003
  0.100000000000000E+001  0.288277484187330E+003  0.155593788995603E+001  0.132481425016971E+001  0.302874644113721E+000  0.197537672239330E+000 -0.131028262406404E+000 -0.144138742093665E+003
  0.100000000000000E+001  0.285836106521665E+003  0.989204002676800E+000  0.896902581651024E+000  0.680148148369437E+000  0.121363771028299E+000 -0.131028262406404E+000 -0.142918053260832E+003
  0.100000000000000E+001  0.293893949221224E+003  0.184571070139264E+001  0.103303250491071E+001  0.513664556020044E-001  0.312208051430513E+000 -0.131028262406404E+000 -0.146946974610612E+003
  0.100000000000000E+001  0.288279364772735E+003  0.664777306792939E+000  0.122376815619508E+001  0.564265150782572E+000  0.489511782787302E+000 -0.131028262406404E+000 -0.144139682386367E+003
  0.100000000000000E+001  0.297065320178734E+003  0.172242012649860E+001  0.113181693376957E+001  0.826231842216033E+000  0.409630461038831E+000 -0.131028262406404E+000 -0.148532660089367E+003
  0.100000000000000E+001  0.289310507525765E+003  0.149913123807103E+001  0.185897780908987E+001  0.946336719231398E+000  0.259130157754111E+000 -0.131028262406404E+000 -0.144655253762882E+003
  0.100000000000000E+001  0.287376900549095E+003  0.173045952085569E+001  0.902409450251982E+000  0.567110659482378E-001  0.144533636171399E+000 -0.131028262406404E+000 -0.143688450274547E+003
  0.100000000000000E+001  0.285986239673960E+003  0.110167917690443E+001  0.102710607248856E+001  0.481651044132174E+000  0.123684156426213E+000 -0.131028262406404E+000 -0.142993119836980E+003
  0.100000000000000E+001  0.293307490285675E+003  0.116873319951973E+001  0.123327730155483E+001  0.618744395189961E+000  0.499039812939405E+000 -0.131028262406404E+000 -0.146653745142837E+003
  0.100000000000000E+001  0.286893361868758E+003  0.973020524572703E+000  0.118883406364412E+001  0.724167352167811E+000  0.223143116560429E+000 -0.131028262406404E+000 -0.143446680934379E+003
  0.100000000000000E+001  0.286124672784629E+003  0.366129451192894E+000  0.669290266021733E+000  0.859218852878717E+000  0.416763333545649E+000 -0.131028262406404E+000 -0.143062336392315E+003
  0.100000000000000E+001  0.285578767371578E+003  0.690617720876557E+000  0.188064609840841E+001  0.791719163772921E+000  0.133639714176681E+000 -0.131028262406404E+000 -0.142789383685789E+003
  0.100000000000000E+001  0.285293607425845E+003  0.436786843676713E+000  0.172300902073079E+001  0.420053101129143E+000  0.101333466475723E+000 -0.131028262406404E+000 -0.142646803712922E+003
  0.100000000000000E+001  0.287987878625399E+003  0.127573554947766E+001  0.106519694365190E+001  0.156701729131737E+000  0.228878644305099E+000 -0.131028262406404E+000 -0.143993939312700E+003
  0.100000000000000E+001  0.285392901938179E+003  0.236185547201253E+000  0.190836196440078E+001  0.596888560717744E-001  0.343874306884696E+000 -0.131028262406404E+000 -0.142696450969090E+003
  0.100000000000000E+001  0.286594961751679E+003  0.597512873638978E+000  0.107678427759103E+001  0.237391265825844E+000  0.324723175370164E+000 -0.131028262406404E+000 -0.143297480875839E+003
  0.100000000000000E+001  0.288126993003560E+003  0.180931594673290E+001  0.142346057252782E+001  0.188590826745462E+000  0.164386011324475E+000 -0.131028262406404E+000 -0.144063496501780E+003
  0.100000000000000E+001  0.285642825039558E+003  0.342068581886014E+000  0.131854382727895E+001  0.484082589201684E+000  0.285388783451433E+000 -0.131028262406404E+000 -0.142821412519779E+003
  0.100000000000000E+001  0.286658834405960E+003  0.157005615514810E+001  0.170020361839025E+001  0.215068635044624E-001  0.127038379782469E+000 -0.131028262406404E+000 -0.143329417202980E+003
  0.100000000000000E+001  0.285852393467554E+003  0.641246739692308E+000  0.974425026076388E+000  0.852327634802415E+000  0.189409121066903E+000 -0.131028262406404E+000 -0.142926196733777E+003
  0.100000000000000E+001  0.288883388194205E+003  0.840436368025939E+000  0.153953182648216E+001  0.484767708215730E+000  0.453307742915823E+000 -0.131028262406404E+000 -0.144441694097102E+003
  0.100000000000000E+001  0.292292766810531E+003  0.119333568844693E+001  0.130628975216698E+001  0.446892185061788E+000  0.446004517282968E+000 -0.131028262406404E+000 -0.146146383405266E+003
  0.100000000000000E+001  0.292375298074615E+003  0.157644184991664E+001  0.123120084307071E+001  0.848508106013043E+000  0.326004146349562E+000 -0.131028262406404E+000 -0.146187649037307E+003
  0.100000000000000E+001  0.290396864320109E+003  0.130739966649656E+001  0.183858346449272E+001  0.974070145908733E+000  0.361820777172139E+000 -0.131028262406404E+000 -0.145198432160055E+003
  0.100000000000000E+001  0.285663539149001E+003  0.251081729629492E+000  0.133623665567247E+001  0.980975228918305E+000  0.399914935284237E+000 -0.131028262406404E+000 -0.142831769574501E+003
  0.100000000000000E+001  0.288146988656541E+003  0.138977429998616E+001  0.573685584741515E+000  0.334316813046783E+000  0.225897910992275E+000 -0.131028262406404E+000 -0.144073494328271E+003
  0.100000000000000E+001  0.285295389469123E+003  0.165821025077040E+000  0.138943803955556E+001  0.824009272035824E+000  0.263236390112882E+000 -0.131028262406404E+000 -0.142647694734561E+003
  0.100000000000000E+001  0.287226975783706E+003  0.114337221946609E+001  0.940478464939738E+000  0.963304292652439E+000  0.211721461319602E+000 -0.131028262406404E+000 -0.143613487891853E+003
  0.100000000000000E+001  0.285210432035457E+003  0.181554839117225E+000  0.175890735535392E+001  0.648253850177071E+000  0.149051644204955E+000 -0.131028262406404E+000 -0.142605216017728E+003
  0.100000000000000E+001  0.294180230117712E+003  0.164637313082601E+001  0.127291030464715E+001  0.869610677619383E+000  0.357862378756624E+000 -0.131028262406404E+000 -0.147090115058856E+003
  0.100000000000000E+001  0.288958262968369E+003  0.892748852096234E+000  0.171594695599969E+001  0.686652147222705E+000  0.458488805518634E+000 -0.131028262406404E+000 -0.144479131484184E+003
  0.100000000000000E+001  0.288474166299994E+003  0.199160829223354E+001  0.180016426834255E+001  0.367450244629010E-001  0.161941210890181E+000 -0.131028262406404E+000 -0.144237083149997E+003
  0.100000000000000E+001  0.290579038733099E+003  0.133955245994879E+001  0.815908792999813E+000  0.740108605868759E+000  0.338738422704368E+000 -0.131028262406404E+000 -0.145289519366550E+003
  0.100000000000000E+001  0.287130699186658E+003  0.151718044684986E+001  0.107081851821591E+001  0.232598308218291E-001  0.153375361933269E+000 -0.131028262406404E+000 -0.143565349593329E+003
  0.100000000000000E+001  0.285865264816420E+003  0.784666765328052E+000  0.187042157513243E+001  0.787086710814866E+000  0.165626104278300E+000 -0.131028262406404E+000 -0.142932632408210E+003
  0.100000000000000E+001  0.286514704279958E+003  0.146912414000541E+001  0.785041125305042E+000  0.427673393646164E+000  0.126443069873185E+000 -0.131028262406404E+000 -0.143257352139979E+003
  0.100000000000000E+001  0.292308801984522E+003  0.162154665567589E+001  0.115050459501421E+001  0.231534405057726E-001  0.314853063425316E+000 -0.131028262406404E+000 -0.146154400992261E+003
  0.100000000000000E+001  0.290138836228301E+003  0.108333764495741E+001  0.966261781356286E+000  0.792766845445233E+000  0.396068826993451E+000 -0.131028262406404E+000 -0.145069418114151E+003
  0.100000000000000E+001  0.286118155734264E+003  0.108266203017966E+001  0.159799591342941E+001  0.359971689638339E+000  0.140259337528946E+000 -0.131028262406404E+000 -0.143059077867132E+003
  0.100000000000000E+001  0.285244328644604E+003  0.242876456336508E+000  0.108471160672482E+001  0.882454571076843E+000  0.134832615160498E+000 -0.131028262406404E+000 -0.142622164322302E+003
  0.100000000000000E+001  0.291203913485052E+003  0.139899460763638E+001  0.781700260428655E+000  0.458023820673828E+000  0.350074511053985E+000 -0.131028262406404E+000 -0.145601956742526E+003
  0.100000000000000E+001  0.286042229229556E+003  0.470422588866072E+000  0.197203565799935E+001  0.192719608672872E+000  0.443779060325860E+000 -0.131028262406404E+000 -0.143021114614778E+003
  0.100000000000000E+001  0.289673005026466E+003  0.134415308103884E+001  0.150602636370235E+001  0.484255405153681E+000  0.293420609368559E+000 -0.131028262406404E+000 -0.144836502513233E+003
  0.100000000000000E+001  0.291068940125056E+003  0.128472640701613E+001  0.165866305659967E+001  0.145411590927136E+000  0.380903358557126E+000 -0.131028262406404E+000 -0.145534470062528E+003
  0.100000000000000E+001  0.288073135057297E+003  0.109383163028414E+001  0.120152926138986E+001  0.515783611255419E+000  0.273631653294212E+000 -0.131028262406404E+000 -0.144036567528648E+003
  0.100000000000000E+001  0.293906567624058E+003  0.198784646485894E+001  0.139557814447589E+001  0.637140119753931E+000  0.284600239405459E+000 -0.131028262406404E+000 -0.146953283812029E+003
  0.100000000000000E+001  0.290827934700072E+003  0.172237483872179E+001  0.104361579916881E+001  0.222372349543550E-001  0.256440413067488E+000 -0.131028262406404E+000 -0.145413967350036E+003
  0.100000000000000E+001  0.287958916384880E+003  0.153318195415889E+001  0.197719033632391E+001  0.364955563327846E+000  0.198473003646308E+000 -0.131028262406404E+000 -0.143979458192440E+003
  0.100000000000000E+001  0.301203392918342E+003  0.191159339045589E+001  0.903937265129260E+000  0.167701915858727E+000  0.462819458067355E+000 -0.131028262406404E+000 -0.150601696459171E+003
  0.100000000000000E+001  0.286492834399082E+003  0.790566459869883E+000  0.955577934869600E+000  0.200442178021886E-001  0.233637623502750E+000 -0.131028262406404E+000 -0.143246417199541E+003
  0.100000000000000E+001  0.291823217873788E+003  0.126105626283987E+001  0.162179789381027E+001  0.313860873639435E+000  0.420734265285243E+000 -0.131028262406404E+000 -0.145911608936894E+003
  0.100000000000000E+001  0.291835705767087E+003  0.158902274624850E+001  0.147830583006525E+001  0.918412708342246E+000  0.310681091883261E+000 -0.131028262406404E+000 -0.145917852883544E+003
  0.100000000000000E+001  0.285667366193265E+003  0.229396964638746E+000  0.556759825186717E+000  0.588336027081264E+000  0.425575138558583E+000 -0.131028262406404E+000 -0.142833683096633E+003
  0.100000000000000E+001  0.297197041295680E+003  0.167860073831428E+001  0.174653267531168E+001  0.263666004853648E+000  0.460159793897440E+000 -0.131028262406404E+000 -0.148598520647840E+003
  0.100000000000000E+001  0.286185068861983E+003  0.466365296437827E+000  0.121014828457408E+001  0.181832352711021E+000  0.337350097254999E+000 -0.131028262406404E+000 -0.143092534430992E+003
  0.100000000000000E+001  0.290658176802523E+003  0.117969105684834E+001  0.602917609284855E+000  0.853406957925385E+000  0.428606294089700E+000 -0.131028262406404E+000 -0.145329088401262E+003
  0.100000000000000E+001  0.285532816097146E+003  0.183804180555231E+000  0.126245861811899E+001  0.720710084016775E+000  0.429816231120237E+000 -0.131028262406404E+000 -0.142766408048573E+003
  0.100000000000000E+001  0.289218917481769E+003  0.851742522099639E+000  0.147738144926917E+001  0.220292630093230E+000  0.465331385494707E+000 -0.131028262406404E+000 -0.144609458740884E+003
  0.100000000000000E+001  0.298903157636171E+003  0.170714225502613E+001  0.110042448541420E+001  0.485175511998666E+000  0.457801144223271E+000 -0.131028262406404E+000 -0.149451578818085E+003
  0.100000000000000E+001  0.286624213387791E+003  0.182711702738009E+001  0.192155752984374E+001  0.860126085392825E+000  0.108040605958232E+000 -0.131028262406404E+000 -0.143312106693895E+003
  0.100000000000000E+001  0.293756046174650E+003  0.177465229857623E+001  0.616436855256576E+000  0.202017537591999E+000  0.355762722302269E+000 -0.131028262406404E+000 -0.146878023087325E+003
  0.100000000000000E+001  0.292490780664797E+003  0.143258665061750E+001  0.155851685926522E+001  0.139334643917186E-001  0.377114468408713E+000 -0.131028262406404E+000 -0.146245390332398E+003
  0.100000000000000E+001  0.291150081918817E+003  0.154420612455547E+001  0.196324101595732E+001  0.896816688851364E+000  0.333417159839275E+000 -0.131028262406404E+000 -0.145575040959408E+003
  0.100000000000000E+001  0.286828322371625E+003  0.637478786522056E+000  0.114900332330709E+001  0.121104975806525E+000  0.336043389238484E+000 -0.131028262406404E+000 -0.143414161185813E+003
  0.100000000000000E+001  0.291279264215642E+003  0.171476422755535E+001  0.144970931699330E+001  0.486192734284296E+000  0.269679494802201E+000 -0.131028262406404E+000 -0.145639632107821E+003
  0.100000000000000E+001  0.295632412763847E+003  0.158247672275160E+001  0.105069934938694E+001  0.864117660450073E+000  0.419131156248417E+000 -0.131028262406404E+000 -0.147816206381924E+003
  0.100000000000000E+001  0.285389022402607E+003  0.199058308264794E+000  0.183959189311049E+001  0.229236547810845E+000  0.446290854480371E+000 -0.131028262406404E+000 -0.142694511201304E+003
  0.100000000000000E+001  0.292577901983895E+003  0.143736769636561E+001  0.150199848960840E+001  0.973530215598563E+000  0.375053072968547E+000 -0.131028262406404E+000 -0.146288950991948E+003
  0.100000000000000E+001  0.287824993808715E+003  0.118522405382010E+001  0.659406863227060E+000  0.419649330935021E+000  0.246318831497505E+000 -0.131028262406404E+000 -0.143912496904357E+003
  0.100000000000000E+001  0.286952118551438E+003  0.730140124903754E+000  0.170447540933745E+001  0.919496154547303E+000  0.335504891903366E+000 -0.131028262406404E+000 -0.143476059275719E+003
  0.100000000000000E+001  0.288124332136052E+003  0.738595710786138E+000  0.109410168237242E+001  0.374690962693431E+000  0.420081247346922E+000 -0.131028262406404E+000 -0.144062166068026E+003
  0.100000000000000E+001  0.291239763642395E+003  0.189010004868304E+001  0.795367854393896E+000  0.164858561167984E+000  0.248164430704913E+000 -0.131028262406404E+000 -0.145619881821198E+003
  0.100000000000000E+001  0.289355092194306E+003  0.130488570012771E+001  0.556012289254212E+000  0.241180164927871E+000  0.310924229451083E+000 -0.131028262406404E+000 -0.144677546097153E+003
  0.100000000000000E+001  0.291013464414020E+003  0.126000838259357E+001  0.145943695478776E+001  0.879013805998920E+000  0.372236338015870E+000 -0.131028262406404E+000 -0.145506732207010E+003
  0.100000000000000E+001  0.294958265384607E+003  0.196697259180094E+001  0.513345004636920E+000  0.821163759804548E+000  0.359871313185238E+000 -0.131028262406404E+000 -0.147479132692303E+003
  0.100000000000000E+001  0.286627628136431E+003  0.159069539111366E+001  0.179728924888228E+001  0.812655944224877E+000  0.124292226969844E+000 -0.131028262406404E+000 -0.143313814068216E+003
  0.100000000000000E+001  0.293205167625108E+003  0.183377412333753E+001  0.187523869306020E+001  0.295959773510134E+000  0.317673051835602E+000 -0.131028262406404E+000 -0.146602583812554E+003
  0.100000000000000E+001  0.287522601462494E+003  0.971378654591010E+000  0.571118727212456E+000  0.487563291213679E+000  0.287401551501530E+000 -0.131028262406404E+000 -0.143761300731247E+003
  0.100000000000000E+001  0.285183991337440E+003  0.103032602993036E+000  0.559351092561041E+000  0.404366323693561E-002  0.173895724578518E+000 -0.131028262406404E+000 -0.142591995668720E+003
  0.100000000000000E+001  0.292281423897773E+003  0.168730671157730E+001  0.187000935342408E+001  0.538556304318617E+000  0.324562432310695E+000 -0.131028262406404E+000 -0.146140711948887E+003
  0.100000000000000E+001  0.285253940402972E+003  0.155046670775240E+000  0.159210466895119E+001  0.666002582874181E+000  0.240671819348167E+000 -0.131028262406404E+000 -0.142626970201486E+003
  0.100000000000000E+001  0.285570394479230E+003  0.696036948326892E+000  0.116660468211826E+001  0.699286904211706E+000  0.125586675044512E+000 -0.131028262406404E+000 -0.142785197239615E+003
  0.100000000000000E+001  0.286138758999048E+003  0.477069267248960E+000  0.910504355975081E+000  0.764949133372499E+000  0.316482080169557E+000 -0.131028262406404E+000 -0.143069379499524E+003
  0.100000000000000E+001  0.293083925603932E+003  0.182420320568735E+001  0.705391387008915E+000  0.699306880730906E+000  0.314541109861143E+000 -0.131028262406404E+000 -0.146541962801966E+003
  0.100000000000000E+001  0.289527022318269E+003  0.167157853401089E+001  0.190947458458925E+001  0.203354237788701E-001  0.237632461212498E+000 -0.131028262406404E+000 -0.144763511159134E+003
  0.100000000000000E+001  0.295026992035981E+003  0.158539046123030E+001  0.705995790261649E+000  0.716225948135696E+000  0.441210028477408E+000 -0.131028262406404E+000 -0.147513496017991E+003
  0.100000000000000E+001  0.285537007067551E+003  0.628627356409362E+000  0.136698745192232E+001  0.728518039468054E+000  0.132606970447612E+000 -0.131028262406404E+000 -0.142768503533776E+003
  0.100000000000000E+001  0.286766664827529E+003  0.176761121474306E+001  0.134136430611206E+001  0.990428533942579E-001  0.116201626379585E+000 -0.131028262406404E+000 -0.143383332413765E+003
  0.100000000000000E+001  0.285752515321781E+003  0.336514991451869E+000  0.949469866754974E+000  0.392092324275193E+000  0.318247198012209E+000 -0.131028262406404E+000 -0.142876257660890E+003
  0.100000000000000E+001  0.289867025221041E+003  0.137199022342718E+001  0.174745707831611E+001  0.855772961964370E+000  0.306531702262562E+000 -0.131028262406404E+000 -0.144933512610520E+003
  0.100000000000000E+001  0.288460279319231E+003  0.825405138343286E+000  0.102518550818975E+001  0.175098499162099E+000  0.401995503038974E+000 -0.131028262406404E+000 -0.144230139659616E+003
  0.100000000000000E+001  0.291309015861879E+003  0.130291394076002E+001  0.119647061128796E+001  0.192805892080603E+000  0.364359066672476E+000 -0.131028262406404E+000 -0.145654507930939E+003
  0.100000000000000E+001  0.294061863247936E+003  0.159858689140443E+001  0.890051438208872E+000  0.449066804372457E+000  0.381729123219498E+000 -0.131028262406404E+000 -0.147030931623968E+003
  0.100000000000000E+001  0.297226416273347E+003  0.165447901678547E+001  0.183513289731687E+001  0.416292613620452E+000  0.491640860633489E+000 -0.131028262406404E+000 -0.148613208136674E+003
  0.100000000000000E+001  0.286355327620715E+003  0.603619514490905E+000  0.902195892216774E+000  0.630990166693900E+000  0.286162741757722E+000 -0.131028262406404E+000 -0.143177663810358E+003
  0.100000000000000E+001  0.285355804554548E+003  0.382889953886428E+000  0.965103839556851E+000  0.732984528790014E+000  0.140728750843413E+000 -0.131028262406404E+000 -0.142677902277274E+003
  0.100000000000000E+001  0.285154504207405E+003  0.104424148148622E+000  0.140059643306486E+001  0.230694068684736E+000  0.111023286805507E+000 -0.131028262406404E+000 -0.142577252103703E+003
  0.100000000000000E+001  0.290463745975365E+003  0.139249245686427E+001  0.110302594953043E+001  0.346484976869764E-001  0.308855103823384E+000 -0.131028262406404E+000 -0.145231872987683E+003
  0.100000000000000E+001  0.290662383362021E+003  0.160432957197900E+001  0.192525655976565E+001  0.667627287670723E+000  0.293746784968947E+000 -0.131028262406404E+000 -0.145331191681011E+003
  0.100000000000000E+001  0.289174049081708E+003  0.173013510300095E+001  0.157362848901938E+001  0.899738315196580E+000  0.208111405966982E+000 -0.131028262406404E+000 -0.144587024540854E+003
  0.100000000000000E+001  0.285609242902895E+003  0.221467990396269E+000  0.935621136044544E+000  0.844862329564786E+000  0.387777952487429E+000 -0.131028262406404E+000 -0.142804621451447E+003
  0.100000000000000E+001  0.285970224640672E+003  0.827353282662799E+000  0.998744026337129E+000  0.710802993443027E-001  0.162595359771478E+000 -0.131028262406404E+000 -0.142985112320336E+003
  0.100000000000000E+001  0.287064185444054E+003  0.913157093424943E+000  0.176133029321916E+001  0.904051486406786E+000  0.270370487289875E+000 -0.131028262406404E+000 -0.143532092722027E+003
  0.100000000000000E+001  0.288032035576265E+003  0.780304520731733E+000  0.641264152091235E+000  0.159520626339852E+000  0.419824343241304E+000 -0.131028262406404E+000 -0.144016017788132E+003
  0.100000000000000E+001  0.285479328467349E+003  0.281398914298667E+000  0.157882028559395E+001  0.669024126576718E+000  0.282533745485597E+000 -0.131028262406404E+000 -0.142739664233675E+003
  0.100000000000000E+001  0.288089320951174E+003  0.814043114640767E+000  0.176641825860765E+001  0.651901328462501E+000  0.437138112829142E+000 -0.131028262406404E+000 -0.144044660475587E+003
  0.100000000000000E+001  0.294021353121081E+003  0.139220049622205E+001  0.900793884025777E+000  0.839538533690459E+000  0.447416445359258E+000 -0.131028262406404E+000 -0.147010676560541E+003
  0.100000000000000E+001  0.288248952212608E+003  0.193131925054933E+001  0.124319916052651E+001  0.938718420085584E+000  0.157024393185168E+000 -0.131028262406404E+000 -0.144124476106304E+003
  0.100000000000000E+001  0.286039186108721E+003  0.108906727021623E+001  0.601792182316819E+000  0.920135166125839E+000  0.130977338726452E+000 -0.131028262406404E+000 -0.143019593054361E+003
  0.100000000000000E+001  0.286213698397452E+003  0.436078509899896E+000  0.853661502768710E+000  0.451987118360514E+000  0.363416941767306E+000 -0.131028262406404E+000 -0.143106849198726E+003
  0.100000000000000E+001  0.286839516867844E+003  0.102358151526111E+001  0.108584520810212E+001  0.944059450666056E+000  0.207575915764627E+000 -0.131028262406404E+000 -0.143419758433922E+003
  0.100000000000000E+001  0.285631960945911E+003  0.350609646234320E+000  0.932003845841084E+000  0.475595111116778E+000  0.264948690996902E+000 -0.131028262406404E+000 -0.142815980472955E+003
  0.100000000000000E+001  0.294712110105490E+003  0.189618815379286E+001  0.138992145183287E+001  0.291668469699156E+000  0.316811921002752E+000 -0.131028262406404E+000 -0.147356055052745E+003
  0.100000000000000E+001  0.286407153099323E+003  0.150766791468429E+001  0.124711983342783E+001  0.964307448908345E-001  0.116759012149926E+000 -0.131028262406404E+000 -0.143203576549661E+003
  0.100000000000000E+001  0.296096444720413E+003  0.157511423816402E+001  0.979698508445333E+000  0.353527545135440E+000  0.439377608438942E+000 -0.131028262406404E+000 -0.148048222360207E+003
  0.100000000000000E+001  0.286355591872574E+003  0.965784188609169E+000  0.695095223810641E+000  0.329093555215106E+000  0.179727272894015E+000 -0.131028262406404E+000 -0.143177795936287E+003
  0.100000000000000E+001  0.285245882040721E+003  0.143352324424111E+000  0.136491989537419E+001  0.877369406666217E+000  0.232675684310477E+000 -0.131028262406404E+000 -0.142622941020361E+003
  0.100000000000000E+001  0.288520860712688E+003  0.132518112290677E+001  0.534182592240354E+000  0.651089077287547E+000  0.260913911576043E+000 -0.131028262406404E+000 -0.144260430356344E+003
  0.100000000000000E+001  0.288834615850432E+003  0.131309129862759E+001  0.127981868615377E+001  0.208794756845058E+000  0.260910289824577E+000 -0.131028262406404E+000 -0.144417307925216E+003
  0.100000000000000E+001  0.290620548678049E+003  0.179913335562832E+001  0.135256640214294E+001  0.821350068293017E+000  0.237914764982006E+000 -0.131028262406404E+000 -0.145310274339025E+003
  0.100000000000000E+001  0.289397261249935E+003  0.927320702450966E+000  0.588882319673880E+000  0.526474678998426E+000  0.477181641392775E+000 -0.131028262406404E+000 -0.144698630624967E+003
  0.100000000000000E+001  0.285500935208977E+003  0.484556653683236E+000  0.130367844093315E+001  0.175939510315879E+000  0.160750209024283E+000 -0.131028262406404E+000 -0.142750467604488E+003
  0.100000000000000E+001  0.286588797788540E+003  0.666153348504817E+000  0.116631087277016E+001  0.614841604717071E-001  0.290863540503329E+000 -0.131028262406404E+000 -0.143294398894270E+003
  0.100000000000000E+001  0.285389580443861E+003  0.406771529750707E+000  0.107356766106035E+001  0.635552986443144E+000  0.146952789777828E+000 -0.131028262406404E+000 -0.142694790221931E+003
  0.100000000000000E+001  0.290003086752521E+003  0.162873682175896E+001  0.153283693702599E+001  0.827916701826727E+000  0.248496584712029E+000 -0.131028262406404E+000 -0.145001543376260E+003
  0.100000000000000E+001  0.287336654720187E+003  0.198930827776270E+001  0.922248388121051E+000  0.906197114170641E+000  0.123932242998589E+000 -0.131028262406404E+000 -0.143668327360093E+003
  0.100000000000000E+001  0.290428588566767E+003  0.120364711165011E+001  0.156925259870458E+001  0.259313305282427E+000  0.373308504580076E+000 -0.131028262406404E+000 -0.145214294283383E+003
  0.100000000000000E+001  0.290101210998110E+003  0.133128141485567E+001  0.166778924553082E+001  0.924861510831592E+000  0.322860638491284E+000 -0.131028262406404E+000 -0.145050605499055E+003
  0.100000000000000E+001  0.285752410725101E+003  0.251839158013131E+000  0.540236924470575E+000  0.699670874787856E+000  0.439024999573083E+000 -0.131028262406404E+000 -0.142876205362551E+003
  0.100000000000000E+001  0.287595351970611E+003  0.155699735564470E+001  0.187461348117715E+001  0.911431445986564E+000  0.175855953911510E+000 -0.131028262406404E+000 -0.143797675985305E+003
  0.100000000000000E+001  0.287729229183673E+003  0.156891505607655E+001  0.116910359778771E+001  0.404238759734928E+000  0.174000965793254E+000 -0.131028262406404E+000 -0.143864614591837E+003
  0.100000000000000E+001  0.286166603078236E+003  0.668146310214067E+000  0.527946176495532E+000  0.194205864049064E+000  0.237802029193028E+000 -0.131028262406404E+000 -0.143083301539118E+003
  0.100000000000000E+001  0.285882306649260E+003  0.435669400364451E+000  0.103576025731483E+001  0.286629741036155E+000  0.284060148923799E+000 -0.131028262406404E+000 -0.142941153324630E+003
  0.100000000000000E+001  0.287012826507468E+003  0.575491362391891E+000  0.958791237033931E+000  0.462435039685492E+000  0.399683159061881E+000 -0.131028262406404E+000 -0.143506413253734E+003
  0.100000000000000E+001  0.289524913665802E+003  0.149324750684719E+001  0.105857174115237E+001  0.201456963179955E+000  0.253937233674318E+000 -0.131028262406404E+000 -0.144762456832901E+003
  0.100000000000000E+001  0.285518721349224E+003  0.522490792580662E+000  0.655602883855972E+000  0.601433283830320E+000  0.152140525769816E+000 -0.131028262406404E+000 -0.142759360674612E+003
  0.100000000000000E+001  0.288115979384382E+003  0.725938761211656E+000  0.148348508292186E+001  0.989132764749740E+000  0.451309030487532E+000 -0.131028262406404E+000 -0.144057989692191E+003
  0.100000000000000E+001  0.286673065308992E+003  0.180315426324382E+001  0.129024578866141E+001  0.549222560042740E+000  0.109743794216280E+000 -0.131028262406404E+000 -0.143336532654496E+003
  0.100000000000000E+001  0.288241278020212E+003  0.704955786517241E+000  0.139120931914938E+001  0.278840843372848E+000  0.468740942286731E+000 -0.131028262406404E+000 -0.144120639010106E+003
  0.100000000000000E+001  0.286550648347272E+003  0.134453327828041E+001  0.955276287201155E+000  0.368779586808351E+000  0.140127821906560E+000 -0.131028262406404E+000 -0.143275324173636E+003
  0.100000000000000E+001  0.285417540592631E+003  0.125366847798387E+000  0.124471277884565E+001  0.879703761633233E+000  0.473729419050644E+000 -0.131028262406404E+000 -0.142708770296315E+003
  0.100000000000000E+001  0.286039206368333E+003  0.626947030172960E+000  0.997232163487304E+000  0.660845549149914E+000  0.225658556119387E+000 -0.131028262406404E+000 -0.143019603184167E+003
  0.100000000000000E+001  0.290987986015830E+003  0.155275958162968E+001  0.848007365035112E+000  0.289448560721973E+000  0.298875455005202E+000 -0.131028262406404E+000 -0.145493993007915E+003
  0.100000000000000E+001  0.285778698157641E+003  0.229362313531735E+000  0.563208115921697E+000  0.916832526842911E+000  0.499425498897633E+000 -0.131028262406404E+000 -0.142889349078821E+003
  0.100000000000000E+001  0.285353207377648E+003  0.508009694411087E+000  0.515606459917647E+000  0.332120852475055E+000  0.105908624459593E+000 -0.131028262406404E+000 -0.142676603688824E+003
  0.100000000000000E+001  0.297026110972197E+003  0.156467272538845E+001  0.893679366662006E+000  0.312744519141498E-001  0.479397347509398E+000 -0.131028262406404E+000 -0.148513055486098E+003
  0.100000000000000E+001  0.292574632503647E+003  0.141404322736856E+001  0.197427436488293E+001  0.913195138419311E+000  0.459453320386519E+000 -0.131028262406404E+000 -0.146287316251823E+003
  0.100000000000000E+001  0.285523003261475E+003  0.227675906258156E+000  0.643188284197283E+000  0.654003827754347E+000  0.333758516130252E+000 -0.131028262406404E+000 -0.142761501630738E+003
  0.100000000000000E+001  0.285448219939318E+003  0.243243511071868E+000  0.154077390044132E+001  0.471295920606875E+000  0.304681738019599E+000 -0.131028262406404E+000 -0.142724109969659E+003
  0.100000000000000E+001  0.286971651662376E+003  0.930039248129048E+000  0.152648504462888E+001  0.768819677158841E+000  0.245925233446198E+000 -0.131028262406404E+000 -0.143485825831188E+003
  0.100000000000000E+001  0.286411268372721E+003  0.175106345139425E+001  0.616685495979939E+000  0.459440274572309E+000  0.101108907303658E+000 -0.131028262406404E+000 -0.143205634186360E+003
  0.100000000000000E+001  0.290350940142375E+003  0.195509103894465E+001  0.685412417049801E+000  0.316768772608996E+000  0.218946990134226E+000 -0.131028262406404E+000 -0.145175470071188E+003
  0.100000000000000E+001  0.289754659798056E+003  0.117726069038206E+001  0.147771286605912E+001  0.850488474200310E+000  0.344050226448099E+000 -0.131028262406404E+000 -0.144877329899028E+003
  0.100000000000000E+001  0.291136104637867E+003  0.114367118255477E+001  0.141606241118087E+001  0.373205934010736E-001  0.420916408541239E+000 -0.131028262406404E+000 -0.145568052318934E+003
  0.100000000000000E+001  0.287807000301916E+003  0.712879340536243E+000  0.129407599462241E+001  0.752695110229191E+000  0.409568392179537E+000 -0.131028262406404E+000 -0.143903500150958E+003
  0.100000000000000E+001  0.297084739839651E+003  0.193886208173968E+001  0.176576021385467E+001  0.844804059416777E+000  0.376838365351451E+000 -0.131028262406404E+000 -0.148542369919826E+003
  0.100000000000000E+001  0.286099948567800E+003  0.490594449546349E+000  0.120019850449446E+001  0.846044650513812E+000  0.302851391964499E+000 -0.131028262406404E+000 -0.143049974283900E+003
  0.100000000000000E+001  0.298927019591553E+003  0.164651091154913E+001  0.104686571372201E+001  0.140482791949486E+000  0.482696962224952E+000 -0.131028262406404E+000 -0.149463509795777E+003
  0.100000000000000E+001  0.296887203040811E+003  0.188494803052073E+001  0.552662717910155E+000  0.722817761819992E+000  0.435714483928708E+000 -0.131028262406404E+000 -0.148443601520405E+003
  0.100000000000000E+001  0.288752149362188E+003  0.175722313019593E+001  0.964915264731593E+000  0.563387424847509E+000  0.190482805067988E+000 -0.131028262406404E+000 -0.144376074681094E+003
  0.100000000000000E+001  0.286717258732874E+003  0.488379991409932E+000  0.160002518926677E+001  0.903907662265344E+000  0.485703325103473E+000 -0.131028262406404E+000 -0.143358629366437E+003
  0.100000000000000E+001  0.289523302176880E+003  0.120367945208504E+001  0.172535069524037E+001  0.346389656087366E+000  0.340438349655327E+000 -0.131028262406404E+000 -0.144761651088440E+003
  0.100000000000000E+001  0.292688214779107E+003  0.163783137003815E+001  0.949771302338588E+000  0.703054291753814E+000  0.327990122815492E+000 -0.131028262406404E+000 -0.146344107389553E+003
  0.100000000000000E+001  0.285677973032424E+003  0.606305494940331E+000  0.165616042893281E+001  0.819122065287382E+000  0.173251156034979E+000 -0.131028262406404E+000 -0.142838986516212E+003
  0.100000000000000E+001  0.288201360710626E+003  0.194015387554119E+001  0.163596088458565E+001  0.528363426714490E+000  0.156458829454718E+000 -0.131028262406404E+000 -0.144100680355313E+003
  0.100000000000000E+001  0.285578920574359E+003  0.465513825561918E+000  0.163085870606248E+001  0.566253356982686E+000  0.198597074493340E+000 -0.131028262406404E+000 -0.142789460287179E+003
  0.100000000000000E+001  0.289387395334242E+003  0.172868617696330E+001  0.735639754234588E+000  0.118188274799114E+000  0.218366513383960E+000 -0.131028262406404E+000 -0.144693697667121E+003
  0.100000000000000E+001  0.288826279562681E+003  0.162383178753493E+001  0.679347516823655E+000  0.215920071807483E+000  0.214706898188754E+000 -0.131028262406404E+000 -0.144413139781341E+003
  0.100000000000000E+001  0.297434405352115E+003  0.195598662239927E+001  0.117840168425607E+001  0.559732748299377E+000  0.358967515177607E+000 -0.131028262406404E+000 -0.148717202676058E+003
  0.100000000000000E+001  0.300118825643833E+003  0.182388837870030E+001  0.140943587122058E+001  0.155720897657530E+000  0.445282242883244E+000 -0.131028262406404E+000 -0.150059412821917E+003
  0.100000000000000E+001  0.285331588434574E+003  0.252732592517774E+000  0.118468961254769E+001  0.781037867123585E+000  0.195559166390547E+000 -0.131028262406404E+000 -0.142665794217287E+003
  0.100000000000000E+001  0.286057871585146E+003  0.497067067002022E+000  0.104482465450496E+001  0.757356179315565E+000  0.287623459101704E+000 -0.131028262406404E+000 -0.143028935792573E+003
  0.100000000000000E+001  0.288200079297739E+003  0.977048422866350E+000  0.184431319323372E+001  0.675065192650749E-001  0.359215576683673E+000 -0.131028262406404E+000 -0.144100039648870E+003
  0.100000000000000E+001  0.287781020464057E+003  0.190796190001030E+001  0.194288684523950E+001  0.560077700880889E+000  0.148436396299099E+000 -0.131028262406404E+000 -0.143890510232028E+003
  0.100000000000000E+001  0.292309207486925E+003  0.120907773255534E+001  0.113676768766012E+001  0.724631490460752E+000  0.439158369950291E+000 -0.131028262406404E+000 -0.146154603743462E+003
  0.100000000000000E+001  0.285604692903202E+003  0.621083883209379E+000  0.706300387087046E+000  0.464101209129111E+000  0.147417305486441E+000 -0.131028262406404E+000 -0.142802346451601E+003
  0.100000000000000E+001  0.286359382261101E+003  0.899277761077677E+000  0.181011808288799E+001  0.632457703394944E+000  0.202321000524550E+000 -0.131028262406404E+000 -0.143179691130551E+003
  0.100000000000000E+001  0.293439703931608E+003  0.150579402247534E+001  0.183460155820689E+001  0.894249494800720E+000  0.419248418080665E+000 -0.131028262406404E+000 -0.146719851965804E+003
  0.100000000000000E+001  0.288949390125633E+003  0.104947969247435E+001  0.110328200671816E+001  0.214350675537003E-001  0.338556204865019E+000 -0.131028262406404E+000 -0.144474695062817E+003
  0.100000000000000E+001  0.297424109199452E+003  0.199957314530297E+001  0.160839773482000E+001  0.724464609745948E-001  0.356795616016246E+000 -0.131028262406404E+000 -0.148712054599726E+003
  0.100000000000000E+001  0.285461729623894E+003  0.192206795642544E+000  0.132976354798606E+001  0.329450555529936E+000  0.369496909431069E+000 -0.131028262406404E+000 -0.142730864811947E+003
  0.100000000000000E+001  0.290762001193318E+003  0.141187831417091E+001  0.101754225562437E+001  0.429509089736815E+000  0.317001444679600E+000 -0.131028262406404E+000 -0.145381000596659E+003
  0.100000000000000E+001  0.296693807639731E+003  0.164076795223271E+001  0.723772758841072E+000  0.741975533782023E+000  0.472264406496695E+000 -0.131028262406404E+000 -0.148346903819866E+003
  0.100000000000000E+001  0.288689325853664E+003  0.935741633770771E+000  0.951184480552506E+000  0.165741714276775E+000  0.369801417465789E+000 -0.131028262406404E+000 -0.144344662926832E+003
  0.100000000000000E+001  0.293345240647614E+003  0.162475795865270E+001  0.156781953426996E+001  0.700408062497684E+000  0.349093133838920E+000 -0.131028262406404E+000 -0.146672620323807E+003
  0.100000000000000E+001  0.286424646194261E+003  0.788479412450254E+000  0.148487198407786E+001  0.952401889994440E+000  0.231551328116976E+000 -0.131028262406404E+000 -0.143212323097130E+003
  0.100000000000000E+001  0.286758834735541E+003  0.789534948451641E+000  0.164148440745718E+001  0.446315866195457E+000  0.276788209206780E+000 -0.131028262406404E+000 -0.143379417367771E+003
  0.100000000000000E+001  0.285674221157639E+003  0.214748698186474E+000  0.120460509946793E+001  0.332799066028643E+000  0.449934021136503E+000 -0.131028262406404E+000 -0.142837110578819E+003
  0.100000000000000E+001  0.287011490064526E+003  0.785006292537139E+000  0.572445711001201E+000  0.963464156896912E+000  0.305909545513418E+000 -0.131028262406404E+000 -0.143505745032263E+003
  0.100000000000000E+001  0.288300466507529E+003  0.189920422289331E+001  0.196355009524441E+001  0.282265572399934E+000  0.167382309032968E+000 -0.131028262406404E+000 -0.144150233253764E+003
  0.100000000000000E+001  0.287477372407188E+003  0.107922751814498E+001  0.521651837711664E+000  0.159820497879638E-001  0.254107771370829E+000 -0.131028262406404E+000 -0.143738686203594E+003
  0.100000000000000E+001  0.290136009570282E+003  0.164180119685919E+001  0.172837470149651E+001  0.518446201127417E+000  0.256132078216696E+000 -0.131028262406404E+000 -0.145068004785141E+003
  0.100000000000000E+001  0.288773253237587E+003  0.199215827366293E+001  0.141047495466164E+001  0.985354661834800E+000  0.167286591783951E+000 -0.131028262406404E+000 -0.144386626618794E+003
  0.100000000000000E+001  0.285240754379195E+003  0.193274536027301E+000  0.134447227043141E+001  0.668931628840433E+000  0.167730987149341E+000 -0.131028262406404E+000 -0.142620377189597E+003
  0.100000000000000E+001  0.288001767286667E+003  0.896673820513704E+000  0.148090715322137E+001  0.466330951471760E-001  0.342000354047577E+000 -0.131028262406404E+000 -0.144000883643333E+003
  0.100000000000000E+001  0.287041471160771E+003  0.182466717852492E+001  0.131691550806548E+001  0.452642320544565E+000  0.123755861065885E+000 -0.131028262406404E+000 -0.143520735580386E+003
  0.100000000000000E+001  0.285921626641781E+003  0.277472852780556E+000  0.130381342603533E+001  0.162526925651272E-001  0.471811210183247E+000 -0.131028262406404E+000 -0.142960813320890E+003
  0.100000000000000E+001  0.293308354260303E+003  0.121275940784762E+001  0.115342498346433E+001  0.130179221400392E-001  0.478014251340896E+000 -0.131028262406404E+000 -0.146654177130152E+003
  0.100000000000000E+001  0.285484851148052E+003  0.184194553968694E+000  0.162350444619677E+001  0.828021314546874E+000  0.499499033234020E+000 -0.131028262406404E+000 -0.142742425574026E+003
  0.100000000000000E+001  0.289017697083868E+003  0.134360108935346E+001  0.118684833430062E+001  0.942763551160355E+000  0.262217628586613E+000 -0.131028262406404E+000 -0.144508848541934E+003
  0.100000000000000E+001  0.286055255691998E+003  0.281606047297921E+000  0.114809291313926E+001  0.685737902761964E+000  0.495957364884971E+000 -0.131028262406404E+000 -0.143027627845999E+003
  0.100000000000000E+001  0.286528698347998E+003  0.630765998499321E+000  0.164143546801989E+001  0.112160324219973E+000  0.323359171594770E+000 -0.131028262406404E+000 -0.143264349173999E+003
  0.100000000000000E+001  0.287075811737412E+003  0.989502489542369E+000  0.192858394717184E+001  0.541382258286561E+000  0.256974044525108E+000 -0.131028262406404E+000 -0.143537905868706E+003
  0.100000000000000E+001  0.285834996230632E+003  0.729699138885026E+000  0.501926635454164E+000  0.395495889465646E+000  0.166099989385281E+000 -0.131028262406404E+000 -0.142917498115316E+003
  0.100000000000000E+001  0.288536059588699E+003  0.747990932618353E+000  0.882034846577436E+000  0.854105663375276E-001  0.462395326056125E+000 -0.131028262406404E+000 -0.144268029794349E+003
  0.100000000000000E+001  0.285770056893490E+003  0.441737450997735E+000  0.189170267608823E+001  0.470697939302265E-001  0.305504980682496E+000 -0.131028262406404E+000 -0.142885028446745E+003
  0.100000000000000E+001  0.290490408805703E+003  0.172191299967222E+001  0.110062287758645E+001  0.320617720254566E+000  0.246235813878379E+000 -0.131028262406404E+000 -0.145245204402852E+003
  0.100000000000000E+001  0.286239014189035E+003  0.437622714903339E+000  0.106710466459290E+001  0.116042508047398E-002  0.366888763040031E+000 -0.131028262406404E+000 -0.143119507094517E+003
  0.100000000000000E+001  0.286893374105509E+003  0.147053788183305E+001  0.919966635753871E+000  0.200316548438826E+000  0.146697447479325E+000 -0.131028262406404E+000 -0.143446687052755E+003
  0.100000000000000E+001  0.295446896261374E+003  0.153797514744121E+001  0.107002448452263E+001  0.172348680069868E+000  0.427135304137627E+000 -0.131028262406404E+000 -0.147723448130687E+003
  0.100000000000000E+001  0.291208011885039E+003  0.153517888250063E+001  0.109321098153201E+001  0.134416509595873E+000  0.301817204624739E+000 -0.131028262406404E+000 -0.145604005942520E+003
  0.100000000000000E+001  0.296737814719130E+003  0.177823880226239E+001  0.167681002062456E+001  0.912981531018743E+000  0.403672323852572E+000 -0.131028262406404E+000 -0.148368907359565E+003
  0.100000000000000E+001  0.288121051239430E+003  0.101337863908629E+001  0.995111747743746E+000  0.258471148420658E+000  0.301270887298614E+000 -0.131028262406404E+000 -0.144060525619715E+003
  0.100000000000000E+001  0.294303091255654E+003  0.143965830196268E+001  0.872145644335441E+000  0.269884565026842E+000  0.442823236426904E+000 -0.131028262406404E+000 -0.147151545627827E+003
  0.100000000000000E+001  0.291969658084812E+003  0.195367944263550E+001  0.906875359084323E+000  0.665399532090970E+000  0.253648161911340E+000 -0.131028262406404E+000 -0.145984829042406E+003
  0.100000000000000E+001  0.290292713523052E+003  0.186225810783466E+001  0.859369054904316E+000  0.613530218702336E+000  0.224823174934539E+000 -0.131028262406404E+000 -0.145146356761526E+003
  0.100000000000000E+001  0.291877757312849E+003  0.139825011398646E+001  0.710913465953902E+000  0.177884069754674E+000  0.385834842114414E+000 -0.131028262406404E+000 -0.145938878656425E+003
  0.100000000000000E+001  0.286010641741635E+003  0.102618980318518E+001  0.182217904516279E+001  0.999980512294304E+000  0.139523563231848E+000 -0.131028262406404E+000 -0.143005320870817E+003
  0.100000000000000E+001  0.287358757543572E+003  0.120045631900988E+001  0.141421323551160E+001  0.724796573247632E+000  0.209839552728846E+000 -0.131028262406404E+000 -0.143679378771786E+003
  0.100000000000000E+001  0.295909196430946E+003  0.162660143231129E+001  0.187205818691237E+001  0.294756216319366E+000  0.468584580555090E+000 -0.131028262406404E+000 -0.147954598215473E+003
  0.100000000000000E+001  0.286975450780139E+003  0.887568038563739E+000  0.198947021608075E+001  0.864717817928233E+000  0.291731146735911E+000 -0.131028262406404E+000 -0.143487725390069E+003
  0.100000000000000E+001  0.286079325262406E+003  0.902263844709722E+000  0.923361954852370E+000  0.274857653447327E+000  0.161592835946787E+000 -0.131028262406404E+000 -0.143039662631203E+003
  0.100000000000000E+001  0.286143116109134E+003  0.867413990076936E+000  0.190669712547206E+001  0.443901019194623E+000  0.186871484761663E+000 -0.131028262406404E+000 -0.143071558054567E+003
  0.100000000000000E+001  0.296303009630833E+003  0.170525863532590E+001  0.994870209837466E+000  0.720285689904101E+000  0.403769289658268E+000 -0.131028262406404E+000 -0.148151504815417E+003
  0.100000000000000E+001  0.286690955039601E+003  0.163382468770732E+001  0.748726237303036E+000  0.886030274977790E+000  0.122575033934767E+000 -0.131028262406404E+000 -0.143345477519801E+003
  0.100000000000000E+001  0.289237535580435E+003  0.118600095060891E+001  0.571886078179617E+000  0.585843222909417E+000  0.340428897063372E+000 -0.131028262406404E+000 -0.144618767790217E+003
  0.100000000000000E+001  0.286152617028746E+003  0.316435052041120E+000  0.864495088456645E+000  0.274744470008881E+000  0.472947903774436E+000 -0.131028262406404E+000 -0.143076308514373E+003
  0.100000000000000E+001  0.289159676363695E+003  0.163967038542271E+001  0.171784968337253E+001  0.240777987155479E+000  0.223092591475899E+000 -0.131028262406404E+000 -0.144579838181848E+003
  0.100000000000000E+001  0.286250895551332E+003  0.101714416877844E+001  0.110381455885056E+001  0.299081645051288E-001  0.159532378554847E+000 -0.131028262406404E+000 -0.143125447775666E+003
  0.100000000000000E+001  0.289336500555570E+003  0.996266637554863E+000  0.178783858122586E+001  0.556573383785179E+000  0.438036596193349E+000 -0.131028262406404E+000 -0.144668250277785E+003
  0.100000000000000E+001  0.285522324429698E+003  0.153417765572185E+000  0.676992315171494E+000  0.841830443085039E+000  0.473103969481975E+000 -0.131028262406404E+000 -0.142761162214849E+003
  0.100000000000000E+001  0.286430334064558E+003  0.576423954534832E+000  0.677659605656560E+000  0.704543101963924E+000  0.319032342974875E+000 -0.131028262406404E+000 -0.143215167032279E+003
  0.100000000000000E+001  0.285517699752217E+003  0.254311569748682E+000  0.101498277416115E+001  0.661594954794967E+000  0.299848177181463E+000 -0.131028262406404E+000 -0.142758849876108E+003
  0.100000000000000E+001  0.287193699276321E+003  0.185031445594832E+001  0.165651007329538E+001  0.132438575405806E+000  0.128999463291745E+000 -0.131028262406404E+000 -0.143596849638161E+003
  0.100000000000000E+001  0.287133074295344E+003  0.766513112474836E+000  0.153441722782259E+001  0.289646008454481E-002  0.323159571200443E+000 -0.131028262406404E+000 -0.143566537147672E+003
  0.100000000000000E+001  0.293162213252553E+003  0.184995926285136E+001  0.708290910985451E+000  0.874203375835787E+000  0.311156963099123E+000 -0.131028262406404E+000 -0.146581106626277E+003
  0.100000000000000E+001  0.288828141395181E+003  0.104427314129360E+001  0.567418650355997E+000  0.880726177552534E+000  0.367638472809944E+000 -0.131028262406404E+000 -0.144414070697591E+003
  0.100000000000000E+001  0.288537411518829E+003  0.141714103755396E+001  0.176909500357572E+001  0.987124963023690E+000  0.237772589869986E+000 -0.131028262406404E+000 -0.144268705759415E+003
  0.100000000000000E+001  0.285731179465019E+003  0.870876744559735E+000  0.166119621877265E+001  0.308679939879716E+000  0.126400000422098E+000 -0.131028262406404E+000 -0.142865589732510E+003
  0.100000000000000E+001  0.286483649881240E+003  0.132144519091452E+001  0.794185360440079E+000  0.909660359097238E+000  0.138738231361159E+000 -0.131028262406404E+000 -0.143241824940620E+003
  0.100000000000000E+001  0.286449723750885E+003  0.584952811720426E+000  0.190904882299661E+001  0.769515202827278E+000  0.396876963804319E+000 -0.131028262406404E+000 -0.143224861875442E+003
  0.100000000000000E+001  0.286491843982564E+003  0.132637828169201E+001  0.133516729707816E+001  0.558235652267096E+000  0.138592567354720E+000 -0.131028262406404E+000 -0.143245921991282E+003
  0.100000000000000E+001  0.287230705130681E+003  0.878334018785625E+000  0.909824777489201E+000  0.370088059460780E+000  0.279235367662542E+000 -0.131028262406404E+000 -0.143615352565340E+003
  0.100000000000000E+001  0.288559840621417E+003  0.123530369235494E+001  0.834961561521882E+000  0.822948051998278E+000  0.270470784399395E+000 -0.131028262406404E+000 -0.144279920310709E+003
  0.100000000000000E+001  0.286375120200796E+003  0.486405089515723E+000  0.132165305360169E+001  0.826649984267669E+000  0.367571434047949E+000 -0.131028262406404E+000 -0.143187560100398E+003
  0.100000000000000E+001  0.285361269460132E+003  0.254060203566752E+000  0.180131832293387E+001  0.953184533108020E-002  0.246974361606806E+000 -0.131028262406404E+000 -0.142680634730066E+003
  0.100000000000000E+001  0.288546444450824E+003  0.912027617027642E+000  0.192955437574060E+001  0.391211795504116E+000  0.468082275015006E+000 -0.131028262406404E+000 -0.144273222225412E+003
  0.100000000000000E+001  0.286360965618638E+003  0.111101700507912E+001  0.661114868281607E+000  0.348844819009517E+000  0.156427207663500E+000 -0.131028262406404E+000 -0.143180482809319E+003
  0.100000000000000E+001  0.286613033434955E+003  0.444472868145140E+000  0.794314565413012E+000  0.177782747528717E+000  0.447692051114655E+000 -0.131028262406404E+000 -0.143306516717477E+003
  0.100000000000000E+001  0.289655761295546E+003  0.193188605896621E+001  0.139845692419103E+001  0.689609512817980E+000  0.196609324378235E+000 -0.131028262406404E+000 -0.144827880647773E+003
  0.100000000000000E+001  0.288440776676704E+003  0.186335024686849E+001  0.156708950883603E+001  0.292051991012985E+000  0.170248300830927E+000 -0.131028262406404E+000 -0.144220388338352E+003
  0.100000000000000E+001  0.294648611554747E+003  0.161252742082986E+001  0.676415626412852E+000  0.744182249784643E+000  0.424303242738441E+000 -0.131028262406404E+000 -0.147324305777374E+003
  0.100000000000000E+001  0.291948042900861E+003  0.195685470699898E+001  0.122951892991443E+001  0.755962402310902E+000  0.247824628611342E+000 -0.131028262406404E+000 -0.145974021450431E+003
  0.100000000000000E+001  0.290109136603619E+003  0.114283492340160E+001  0.153493491162461E+001  0.951687859469372E+000  0.378199670634809E+000 -0.131028262406404E+000 -0.145054568301809E+003
  0.100000000000000E+001  0.285357337351602E+003  0.187223693544998E+000  0.111256676650637E+001  0.409221769634734E+000  0.277954329472588E+000 -0.131028262406404E+000 -0.142678668675801E+003
  0.100000000000000E+001  0.287633318202096E+003  0.111513534909032E+001  0.158290494615305E+001  0.763555584608497E+000  0.248109297497730E+000 -0.131028262406404E+000 -0.143816659101048E+003
  0.100000000000000E+001  0.285264231374789E+003  0.189323406828257E+000  0.181713335045642E+001  0.975551322799506E+000  0.221458293360687E+000 -0.131028262406404E+000 -0.142632115687395E+003
  0.100000000000000E+001  0.292973772352617E+003  0.180061438043290E+001  0.903412494437137E+000  0.106868257670203E+000  0.303801683892130E+000 -0.131028262406404E+000 -0.146486886176309E+003
  0.100000000000000E+001  0.294543699613975E+003  0.146265405686348E+001  0.102353329549885E+001  0.812685838621478E+000  0.428407922592837E+000 -0.131028262406404E+000 -0.147271849806988E+003
  0.100000000000000E+001  0.285630038259986E+003  0.344059062771124E+000  0.799443423940004E+000  0.561934901961236E+000  0.268813822297282E+000 -0.131028262406404E+000 -0.142815019129993E+003
  0.100000000000000E+001  0.286969192635512E+003  0.173586214323845E+001  0.181074308507328E+001  0.264662325730996E+000  0.129276301081544E+000 -0.131028262406404E+000 -0.143484596317756E+003
  0.100000000000000E+001  0.285552467480633E+003  0.314295199841358E+000  0.195977015939412E+001  0.433775422920679E-002  0.386377316058008E+000 -0.131028262406404E+000 -0.142776233740317E+003
  0.100000000000000E+001  0.286528741423918E+003  0.473520267971118E+000  0.525996746238280E+000  0.687116360690742E+000  0.436075452643542E+000 -0.131028262406404E+000 -0.143264370711959E+003
  0.100000000000000E+001  0.285528769393902E+003  0.238100530509661E+000  0.171848305450345E+001  0.920693495343592E+000  0.432632838677733E+000 -0.131028262406404E+000 -0.142764384696951E+003
  0.100000000000000E+001  0.285908211313039E+003  0.422460595104925E+000  0.173074108084333E+001  0.995966086059933E+000  0.352537923926186E+000 -0.131028262406404E+000 -0.142954105656520E+003
  0.100000000000000E+001  0.285806936781285E+003  0.389164039256380E+000  0.108946982089352E+001  0.709532212473713E+000  0.295737976953590E+000 -0.131028262406404E+000 -0.142903468390642E+003
  0.100000000000000E+001  0.285781790045750E+003  0.510231726144893E+000  0.164222194907980E+001  0.717470833627697E+000  0.236392573253972E+000 -0.131028262406404E+000 -0.142890895022875E+003
  0.100000000000000E+001  0.288828056732256E+003  0.903760326518562E+000  0.101620925809292E+001  0.391194037164474E+000  0.391510460360126E+000 -0.131028262406404E+000 -0.144414028366128E+003
  0.100000000000000E+001  0.285746445162712E+003  0.631882645214511E+000  0.180826802643268E+001  0.520001252402235E+000  0.184070172062833E+000 -0.131028262406404E+000 -0.142873222581356E+003
  0.100000000000000E+001  0.287409847797716E+003  0.148207115267455E+001  0.982213306407047E+000  0.333034070034556E+000  0.170586498251238E+000 -0.131028262406404E+000 -0.143704923898858E+003
  0.100000000000000E+001  0.286112341833720E+003  0.708721296294178E+000  0.110937539052994E+001  0.159508941714241E+000  0.210491338269746E+000 -0.131028262406404E+000 -0.143056170916860E+003
  0.100000000000000E+001  0.288150367570107E+003  0.177643203872277E+001  0.100455150854260E+001  0.536254305752107E+000  0.168263681436071E+000 -0.131028262406404E+000 -0.144075183785054E+003
  0.100000000000000E+001  0.287570204236930E+003  0.192523009070912E+001  0.700557279532239E+000  0.635822933590289E+000  0.137303117367435E+000 -0.131028262406404E+000 -0.143785102118465E+003
  0.100000000000000E+001  0.287373622452072E+003  0.168172372682661E+001  0.106434312779863E+001  0.377255721086043E-001  0.148219346490690E+000 -0.131028262406404E+000 -0.143686811226036E+003
  0.100000000000000E+001  0.295626511386818E+003  0.155828342163443E+001  0.676538553766809E+000  0.677607052852218E+000  0.480175978925535E+000 -0.131028262406404E+000 -0.147813255693409E+003
  0.100000000000000E+001  0.286231482273630E+003  0.620838855175921E+000  0.175322607148680E+001  0.552083668954596E+000  0.285654554612435E+000 -0.131028262406404E+000 -0.143115741136815E+003
  0.100000000000000E+001  0.290151509821996E+003  0.106016126556658E+001  0.118334782757894E+001  0.413796225051422E+000  0.400359776828536E+000 -0.131028262406404E+000 -0.145075754910998E+003
  0.100000000000000E+001  0.286974077393682E+003  0.147324772709934E+001  0.174909293589692E+001  0.786274255766360E+000  0.153367770832769E+000 -0.131028262406404E+000 -0.143487038696841E+003
  0.100000000000000E+001  0.293606234613515E+003  0.195731696135713E+001  0.781511755798052E+000  0.162725276012578E+000  0.296884254988006E+000 -0.131028262406404E+000 -0.146803117306758E+003
  0.100000000000000E+001  0.287021441205412E+003  0.116607019690546E+001  0.142496109102537E+001  0.549920772547092E+000  0.195175234999483E+000 -0.131028262406404E+000 -0.143510720602706E+003
  0.100000000000000E+001  0.287377207718566E+003  0.156709936199102E+001  0.950578698118174E+000  0.805071138476433E+000  0.159792824163300E+000 -0.131028262406404E+000 -0.143688603859283E+003
  0.100000000000000E+001  0.288802706616223E+003  0.941171024515692E+000  0.187104133157543E+001  0.778053479086675E+000  0.450496452240747E+000 -0.131028262406404E+000 -0.144401353308112E+003
  0.100000000000000E+001  0.294309050466387E+003  0.152909060697900E+001  0.786892090023489E+000  0.888100784423150E+000  0.422647754770667E+000 -0.131028262406404E+000 -0.147154525233194E+003
  0.100000000000000E+001  0.286943116547511E+003  0.139647338131844E+001  0.138347384516367E+001  0.897429795759391E+000  0.157516766488176E+000 -0.131028262406404E+000 -0.143471558273755E+003
  0.100000000000000E+001  0.286064346114590E+003  0.600236760890528E+000  0.782277584417870E+000  0.363582814739024E+000  0.241135879149645E+000 -0.131028262406404E+000 -0.143032173057295E+003
  0.100000000000000E+001  0.285388427813186E+003  0.368512318790624E+000  0.129627029602852E+001  0.746875443641760E+000  0.163343430755056E+000 -0.131028262406404E+000 -0.142694213906593E+003
  0.100000000000000E+001  0.290290892597303E+003  0.118671747698737E+001  0.121056589467361E+001  0.248683011961182E-001  0.359516086302029E+000 -0.131028262406404E+000 -0.145145446298651E+003
  0.100000000000000E+001  0.288665739380923E+003  0.196771552388927E+001  0.126459013940886E+001  0.914926403448110E+000  0.166084125596582E+000 -0.131028262406404E+000 -0.144332869690462E+003
  0.100000000000000E+001  0.285623284338943E+003  0.364108078373128E+000  0.165222949581780E+001  0.965581523929858E+000  0.282534015713605E+000 -0.131028262406404E+000 -0.142811642169471E+003
  0.100000000000000E+001  0.292500708486095E+003  0.187642081114405E+001  0.181617851408435E+001  0.635499028524076E+000  0.285932134893607E+000 -0.131028262406404E+000 -0.146250354243047E+003
  0.100000000000000E+001  0.287859636223144E+003  0.155275199609612E+001  0.103936776381003E+001  0.194230215279796E+000  0.181522321188806E+000 -0.131028262406404E+000 -0.143929818111572E+003
  0.100000000000000E+001  0.301949186071520E+003  0.197843265067305E+001  0.100843040542412E+001  0.374641225236015E+000  0.445975528238313E+000 -0.131028262406404E+000 -0.150974593035760E+003
  0.100000000000000E+001  0.290616781498152E+003  0.183544865022930E+001  0.864499074740891E+000  0.730462255873303E+000  0.237264886450359E+000 -0.131028262406404E+000 -0.145308390749076E+003
  0.100000000000000E+001  0.290288015657349E+003  0.129224790247978E+001  0.621355788171009E+000  0.866444904288916E+000  0.358383952665276E+000 -0.131028262406404E+000 -0.145144007828675E+003
  0.100000000000000E+001  0.292855892825917E+003  0.178355821588983E+001  0.655452879809308E+000  0.978075916259238E+000  0.321158495291132E+000 -0.131028262406404E+000 -0.146427946412959E+003
  0.100000000000000E+001  0.300328263195940E+003  0.170049766567922E+001  0.126554282457950E+001  0.540540066949607E+000  0.487322473449319E+000 -0.131028262406404E+000 -0.150164131597970E+003
  0.100000000000000E+001  0.285283141408200E+003  0.213423243927261E+000  0.196065979827566E+001  0.736870814606165E+000  0.228342099543224E+000 -0.131028262406404E+000 -0.142641570704100E+003
  0.100000000000000E+001  0.287770437271786E+003  0.817342451380004E+000  0.531770843338883E+000  0.354234395682971E+000  0.384678903087794E+000 -0.131028262406404E+000 -0.143885218635893E+003
  0.100000000000000E+001  0.289291584470630E+003  0.131119048727781E+001  0.736747206701157E+000  0.180145306180404E+000  0.292707599318565E+000 -0.131028262406404E+000 -0.144645792235315E+003
  0.100000000000000E+001  0.285372705267348E+003  0.485071723734259E+000  0.168207785785454E+001  0.180465750222839E+000  0.121650891112650E+000 -0.131028262406404E+000 -0.142686352633674E+003
  0.100000000000000E+001  0.285413637604404E+003  0.300528789869794E+000  0.714579699878958E+000  0.411406000397119E+000  0.206433507601175E+000 -0.131028262406404E+000 -0.142706818802202E+003
  0.100000000000000E+001  0.296396030566798E+003  0.150312720460686E+001  0.109805211805390E+001  0.875579991404449E+000  0.464581038843323E+000 -0.131028262406404E+000 -0.148198015283399E+003
  0.100000000000000E+001  0.286641945490162E+003  0.479373941628062E+000  0.129549419622706E+001  0.127864138676178E+000  0.424052938798939E+000 -0.131028262406404E+000 -0.143320972745081E+003
  0.100000000000000E+001  0.290734513919137E+003  0.129366944932141E+001  0.687411039792759E+000  0.303756011278367E-002  0.372495797401848E+000 -0.131028262406404E+000 -0.145367256959568E+003
  0.100000000000000E+001  0.285218355916912E+003  0.259272607475217E+000  0.199243969108902E+001  0.406032511059415E+000  0.112018351259466E+000 -0.131028262406404E+000 -0.142609177958456E+003
  0.100000000000000E+001  0.286241976719833E+003  0.450540290422070E+000  0.639347818829311E+000  0.258840467295860E+000  0.369403709028875E+000 -0.131028262406404E+000 -0.143120988359916E+003
  0.100000000000000E+001  0.303526791137417E+003  0.199669129751996E+001  0.171185976059388E+001  0.805009762658885E+000  0.488057379408035E+000 -0.131028262406404E+000 -0.151763395568708E+003
  0.100000000000000E+001  0.286288155584845E+003  0.512058154568821E+000  0.176099057598028E+001  0.853473472290726E+000  0.386679733436248E+000 -0.131028262406404E+000 -0.143144077792423E+003
  0.100000000000000E+001  0.285545444761507E+003  0.535628868208128E+000  0.160435162488147E+001  0.728732745353123E+000  0.161179267207228E+000 -0.131028262406404E+000 -0.142772722380753E+003
  0.100000000000000E+001  0.300563844499764E+003  0.194378443017923E+001  0.656980311735631E+000  0.476763171212152E+000  0.490655798620991E+000 -0.131028262406404E+000 -0.150281922249882E+003
  0.100000000000000E+001  0.287391607857411E+003  0.745850661939587E+000  0.170107148425351E+001  0.292997120233521E+000  0.384500546576484E+000 -0.131028262406404E+000 -0.143695803928706E+003
  0.100000000000000E+001  0.296659840256615E+003  0.173052375831719E+001  0.195516426531477E+001  0.899950752606351E+000  0.472035159710249E+000 -0.131028262406404E+000 -0.148329920128308E+003
  0.100000000000000E+001  0.286618798493876E+003  0.808396335945398E+000  0.106269631304049E+001  0.571195768921541E+000  0.241604602871120E+000 -0.131028262406404E+000 -0.143309399246938E+003
  0.100000000000000E+001  0.285422794938758E+003  0.126769772907771E+000  0.102037512931561E+001  0.267593179682962E+000  0.448233276799008E+000 -0.131028262406404E+000 -0.142711397469379E+003
  0.100000000000000E+001  0.291434875836699E+003  0.167065245646221E+001  0.111682550260988E+001  0.131397652788293E+000  0.281203437583903E+000 -0.131028262406404E+000 -0.145717437918349E+003
  0.100000000000000E+001  0.288014666122651E+003  0.828473225376705E+000  0.759358754365093E+000  0.263060053566976E+000  0.376951179768217E+000 -0.131028262406404E+000 -0.144007333061326E+003
  0.100000000000000E+001  0.285620575693386E+003  0.346579762604641E+000  0.191783935721597E+001  0.448348678773488E+000  0.356238911059935E+000 -0.131028262406404E+000 -0.142810287846693E+003
  0.100000000000000E+001  0.285213300824507E+003  0.195502294067208E+000  0.187019368314081E+001  0.807317215511903E+000  0.143879656278510E+000 -0.131028262406404E+000 -0.142606650412253E+003
  0.100000000000000E+001  0.285382873503245E+003  0.327561816276534E+000  0.170530617446654E+001  0.294945081573330E+000  0.191447673815983E+000 -0.131028262406404E+000 -0.142691436751623E+003
  0.100000000000000E+001  0.294341266278767E+003  0.153527424147077E+001  0.193624752938947E+001  0.553999896445950E+000  0.469059532277227E+000 -0.131028262406404E+000 -0.147170633139383E+003
  0.100000000000000E+001  0.286653507160243E+003  0.666325500426378E+000  0.163787171889324E+001  0.165413285128124E+000  0.321926856002605E+000 -0.131028262406404E+000 -0.143326753580121E+003
  0.100000000000000E+001  0.289884214357184E+003  0.991801728819203E+000  0.583950864130785E+000  0.753749487557933E+000  0.480603873125568E+000 -0.131028262406404E+000 -0.144942107178592E+003
  0.100000000000000E+001  0.288961865173886E+003  0.168706061943202E+001  0.128612230848073E+001  0.510187152705559E+000  0.204512546453947E+000 -0.131028262406404E+000 -0.144480932586943E+003
  0.100000000000000E+001  0.288190237418196E+003  0.107966467447339E+001  0.198338683516871E+001  0.944936555074507E-001  0.331184664692384E+000 -0.131028262406404E+000 -0.144095118709098E+003
  0.100000000000000E+001  0.285427599991188E+003  0.347709643622464E+000  0.108458743723307E+001  0.258821779594011E+000  0.188120507712076E+000 -0.131028262406404E+000 -0.142713799995594E+003
  0.100000000000000E+001  0.285573650836146E+003  0.311926792872372E+000  0.786861923696046E+000  0.964357845769068E+000  0.271220390803026E+000 -0.131028262406404E+000 -0.142786825418073E+003
  0.100000000000000E+001  0.286902384723554E+003  0.715272900728263E+000  0.163710501335127E+001  0.533332174705991E+000  0.329907997328216E+000 -0.131028262406404E+000 -0.143451192361777E+003
  0.100000000000000E+001  0.286606758225113E+003  0.185565244867955E+001  0.168767912460878E+001  0.329846280740617E+000  0.104578613048818E+000 -0.131028262406404E+000 -0.143303379112556E+003
  0.100000000000000E+001  0.285496855092092E+003  0.171525070991718E+000  0.135482686263928E+001  0.646095705587316E+000  0.445768415519223E+000 -0.131028262406404E+000 -0.142748427546046E+003
  0.100000000000000E+001  0.287372411537651E+003  0.889048807163304E+000  0.157811028363929E+001  0.124919197471184E+000  0.297200882925123E+000 -0.131028262406404E+000 -0.143686205768825E+003
  0.100000000000000E+001  0.285904460663490E+003  0.839698714986843E+000  0.130367688416207E+001  0.883145901585272E+000  0.152781528007505E+000 -0.131028262406404E+000 -0.142952230331745E+003
  0.100000000000000E+001  0.286069645157600E+003  0.620758456356594E+000  0.104764341603798E+001  0.863068021232035E+000  0.233016613660424E+000 -0.131028262406404E+000 -0.143034822578800E+003
  0.100000000000000E+001  0.286403671610732E+003  0.100182136480882E+001  0.127196638378979E+001  0.669201309687621E+000  0.176366029626769E+000 -0.131028262406404E+000 -0.143201835805366E+003
  0.100000000000000E+001  0.299379512323556E+003  0.165437325027710E+001  0.143645480877474E+001  0.926998904214121E+000  0.488267119981443E+000 -0.131028262406404E+000 -0.149689756161778E+003
  0.100000000000000E+001  0.285863372364570E+003  0.335249326343409E+000  0.111086872118356E+001  0.267207144300172E+000  0.359897081176228E+000 -0.131028262406404E+000 -0.142931686182285E+003
  0.100000000000000E+001  0.287233147553099E+003  0.941549636985589E+000  0.997507482440128E+000  0.917549041910227E+000  0.258775824779646E+000 -0.131028262406404E+000 -0.143616573776549E+003
  0.100000000000000E+001  0.290952370869802E+003  0.143914704221985E+001  0.112638872278004E+001  0.635006936189530E+000  0.314700133664262E+000 -0.131028262406404E+000 -0.145476185434901E+003
  0.100000000000000E+001  0.286969888447100E+003  0.661432342474241E+000  0.168441492071878E+001  0.636047916907317E+000  0.381170360317731E+000 -0.131028262406404E+000 -0.143484944223550E+003
  0.100000000000000E+001  0.285677595732024E+003  0.436139166216328E+000  0.183441995968219E+001  0.756850662945134E+000  0.263323038874852E+000 -0.131028262406404E+000 -0.142838797866012E+003
  0.100000000000000E+001  0.285697251839323E+003  0.286766515133225E+000  0.599464708590407E+000  0.723909517107895E+000  0.353447749925392E+000 -0.131028262406404E+000 -0.142848625919662E+003
  0.100000000000000E+001  0.285476351768080E+003  0.393645955834270E+000  0.119640995769559E+001  0.648866776577404E-001  0.186757947826171E+000 -0.131028262406404E+000 -0.142738175884040E+003
  0.100000000000000E+001  0.285605241798489E+003  0.340676708311223E+000  0.153161163501732E+001  0.783200816220747E+000  0.284930243284979E+000 -0.131028262406404E+000 -0.142802620899244E+003
  0.100000000000000E+001  0.288700875814981E+003  0.137750316438815E+001  0.616120171061036E+000  0.535974732004291E+000  0.254546925777987E+000 -0.131028262406404E+000 -0.144350437907490E+003
  0.100000000000000E+001  0.285579069273477E+003  0.582402078530309E+000  0.144368807846232E+001  0.425205486711691E+000  0.154059344053151E+000 -0.131028262406404E+000 -0.142789534636738E+003
  0.100000000000000E+001  0.287550241207772E+003  0.845562452420365E+000  0.175509610599359E+001  0.696518989370768E-001  0.350434523299772E+000 -0.131028262406404E+000 -0.143775120603886E+003
  0.100000000000000E+001  0.289461557212706E+003  0.994670417168012E+000  0.187554079187515E+001  0.229776284084390E+000  0.478970242758623E+000 -0.131028262406404E+000 -0.144730778606353E+003
  0.100000000000000E+001  0.287601222622335E+003  0.145783289807151E+001  0.164887233989455E+001  0.758647480198113E+000  0.185202600355744E+000 -0.131028262406404E+000 -0.143800611311167E+003
  0.100000000000000E+001  0.287804727748152E+003  0.191851236335461E+001  0.183474419758499E+001  0.221813024274266E-001  0.147174064286899E+000 -0.131028262406404E+000 -0.143902363874076E+003
  0.100000000000000E+001  0.292629969627371E+003  0.182919481632155E+001  0.511818733303317E+000  0.622127616359336E+000  0.319600717274572E+000 -0.131028262406404E+000 -0.146314984813685E+003
  0.100000000000000E+001  0.286141150801491E+003  0.493269162267670E+000  0.710725976854359E+000  0.766257189740406E-001  0.311254590245172E+000 -0.131028262406404E+000 -0.143070575400746E+003
  0.100000000000000E+001  0.292956726222198E+003  0.154834125080607E+001  0.875619531951992E+000  0.420609623806493E+000  0.362979463144841E+000 -0.131028262406404E+000 -0.146478363111099E+003
  0.100000000000000E+001  0.286326322872393E+003  0.589576692136848E+000  0.149915094829752E+001  0.735598573881795E+000  0.301275682079698E+000 -0.131028262406404E+000 -0.143163161436197E+003
  0.100000000000000E+001  0.289081584027575E+003  0.150954173153092E+001  0.512953369486891E+000  0.786452006627064E+000  0.251094117508846E+000 -0.131028262406404E+000 -0.144540792013788E+003
  0.100000000000000E+001  0.285899044937565E+003  0.119585951228993E+001  0.117513010896711E+001  0.456699844607444E+000  0.106343455281036E+000 -0.131028262406404E+000 -0.142949522468782E+003
  0.100000000000000E+001  0.288029246124772E+003  0.108141737817345E+001  0.146638086788818E+001  0.183384819650721E+000  0.278511946540030E+000 -0.131028262406404E+000 -0.144014623062386E+003
  0.100000000000000E+001  0.286720599731866E+003  0.687895033436473E+000  0.161183498194388E+001  0.179520406586959E-001  0.317403830654209E+000 -0.131028262406404E+000 -0.143360299865933E+003
  0.100000000000000E+001  0.286706238485927E+003  0.614147409698223E+000  0.159885240114057E+001  0.345400360153042E+000  0.359815308358607E+000 -0.131028262406404E+000 -0.143353119242964E+003
  0.100000000000000E+001  0.287801966445485E+003  0.630221764890455E+000  0.112810130606667E+001  0.722404719272280E+000  0.459943022547914E+000 -0.131028262406404E+000 -0.143900983222742E+003
  0.100000000000000E+001  0.295796525669001E+003  0.192808744587314E+001  0.515937036995300E+000  0.819913477258848E+000  0.396435368329096E+000 -0.131028262406404E+000 -0.147898262834501E+003
  0.100000000000000E+001  0.286862563255727E+003  0.192747201333323E+001  0.932181037697262E+000  0.534452932637961E+000  0.110258541254589E+000 -0.131028262406404E+000 -0.143431281627863E+003
  0.100000000000000E+001  0.296556300653289E+003  0.166463899923672E+001  0.131205112771686E+001  0.829448327213975E+000  0.411903106315291E+000 -0.131028262406404E+000 -0.148278150326644E+003
  0.100000000000000E+001  0.285476898539937E+003  0.387063961527353E+000  0.120083600715132E+001  0.331174249303565E+000  0.190121274407727E+000 -0.131028262406404E+000 -0.142738449269969E+003
  0.100000000000000E+001  0.286305401702696E+003  0.748822112326516E+000  0.188291632755022E+001  0.485195492536433E+000  0.247126205867247E+000 -0.131028262406404E+000 -0.143152700851348E+003
  0.100000000000000E+001  0.285208588471644E+003  0.243703695013960E+000  0.122441896425337E+001  0.579586406773143E+000  0.103485466002332E+000 -0.131028262406404E+000 -0.142604294235822E+003
  0.100000000000000E+001  0.287969930206893E+003  0.727688484579931E+000  0.572135768793010E+000  0.986983993916052E+000  0.464077429227896E+000 -0.131028262406404E+000 -0.143984965103447E+003
  0.100000000000000E+001  0.286784324781480E+003  0.116328314627187E+001  0.143793949148798E+001  0.104993779533823E+000  0.179888684538233E+000 -0.131028262406404E+000 -0.143392162390740E+003
  0.100000000000000E+001  0.294196459534851E+003  0.164018205349608E+001  0.103098953218811E+001  0.123746539006379E+000  0.365227687897807E+000 -0.131028262406404E+000 -0.147098229767425E+003
  0.100000000000000E+001  0.297167532945210E+003  0.149755606277214E+001  0.123740273009018E+001  0.781809345630095E+000  0.484513125607342E+000 -0.131028262406404E+000 -0.148583766472605E+003
  0.100000000000000E+001  0.289304571194869E+003  0.135210529048556E+001  0.194552067324647E+001  0.507586743766038E+000  0.302141567323389E+000 -0.131028262406404E+000 -0.144652285597434E+003
  0.100000000000000E+001  0.287590873049449E+003  0.156634148137165E+001  0.531065340896245E+000  0.673199531449663E+000  0.173598923301641E+000 -0.131028262406404E+000 -0.143795436524724E+003
  0.100000000000000E+001  0.285867325647739E+003  0.924770341163764E+000  0.105423426845149E+001  0.640466509703784E+000  0.133577668090007E+000 -0.131028262406404E+000 -0.142933662823869E+003
  0.100000000000000E+001  0.290522974353849E+003  0.174335891983377E+001  0.567017617989438E+000  0.281342318853732E+000  0.260964210757217E+000 -0.131028262406404E+000 -0.145261487176924E+003
  0.100000000000000E+001  0.296443727308596E+003  0.175529276574660E+001  0.541399771401074E+000  0.798411654492948E+000  0.472550402719117E+000 -0.131028262406404E+000 -0.148221863654298E+003
  0.100000000000000E+001  0.287629001929125E+003  0.104309523791090E+001  0.113601433710503E+001  0.980398656091834E+000  0.259138861974768E+000 -0.131028262406404E+000 -0.143814500964562E+003
  0.100000000000000E+001  0.290149910125461E+003  0.187440300933311E+001  0.130612778803924E+001  0.806153941754626E-001  0.215610671514955E+000 -0.131028262406404E+000 -0.145074955062731E+003
  0.100000000000000E+001  0.286131154808384E+003  0.385947615370718E+000  0.597355875944999E+000  0.387182034197602E+000  0.404539083144115E+000 -0.131028262406404E+000 -0.143065577404192E+003
  0.100000000000000E+001  0.287416998390741E+003  0.185717355104145E+001  0.141476783380982E+001  0.375566748415174E-001  0.135826856901575E+000 -0.131028262406404E+000 -0.143708499195371E+003
  0.100000000000000E+001  0.288077661045306E+003  0.931553394563844E+000  0.110159439441878E+001  0.781280327941854E+000  0.324817011935466E+000 -0.131028262406404E+000 -0.144038830522653E+003
  0.100000000000000E+001  0.288035207670449E+003  0.114190729100490E+001  0.170582114998780E+001  0.602061377367450E+000  0.271612988173941E+000 -0.131028262406404E+000 -0.144017603835224E+003
  0.100000000000000E+001  0.294213089861187E+003  0.196035586539304E+001  0.559871946937564E+000  0.585295913626094E-001  0.332237103624638E+000 -0.131028262406404E+000 -0.147106544930593E+003
  0.100000000000000E+001  0.285450350838989E+003  0.353495348020214E+000  0.134531440643302E+001  0.756622671367968E+000  0.199221032417380E+000 -0.131028262406404E+000 -0.142725175419495E+003
  0.100000000000000E+001  0.287347646425148E+003  0.170512473420413E+001  0.157458016294351E+001  0.867924055408415E+000  0.146250287082068E+000 -0.131028262406404E+000 -0.143673823212574E+003
  0.100000000000000E+001  0.296037763394844E+003  0.167737470174334E+001  0.167582035151076E+001  0.661460416569247E+000  0.417087240504084E+000 -0.131028262406404E+000 -0.148018881697422E+003
  0.100000000000000E+001  0.285405177826451E+003  0.126063591794062E+000  0.122774752066414E+001  0.870243058887311E+000  0.455308373610264E+000 -0.131028262406404E+000 -0.142702588913226E+003
  0.100000000000000E+001  0.285465144858648E+003  0.195830659501254E+000  0.128204446568535E+001  0.179925615167673E-001  0.360191942341739E+000 -0.131028262406404E+000 -0.142732572429324E+003
  0.100000000000000E+001  0.296447807666234E+003  0.192755974140379E+001  0.734336006321146E+000  0.719138352975235E+000  0.375530675441676E+000 -0.131028262406404E+000 -0.148223903833117E+003
  0.100000000000000E+001  0.289542917104229E+003  0.126459985753717E+001  0.183483860887698E+001  0.514686401916619E+000  0.331397983665482E+000 -0.131028262406404E+000 -0.144771458552114E+003
  0.100000000000000E+001  0.288528764499973E+003  0.116813195608941E+001  0.831313611227054E+000  0.681638445172701E+000  0.285850337581895E+000 -0.131028262406404E+000 -0.144264382249987E+003
  0.100000000000000E+001  0.286251198990034E+003  0.651506803453521E+000  0.162269043322744E+001  0.630085589052220E+000  0.264161335809441E+000 -0.131028262406404E+000 -0.143125599495017E+003
  0.100000000000000E+001  0.286565617945961E+003  0.103455821777107E+001  0.153909537628116E+001  0.512672074605150E+000  0.186842087624497E+000 -0.131028262406404E+000 -0.143282808972980E+003
  0.100000000000000E+001  0.302263397675998E+003  0.189984787159948E+001  0.153557900063781E+001  0.849026496329124E+000  0.472522926415556E+000 -0.131028262406404E+000 -0.151131698837999E+003
  0.100000000000000E+001  0.285547709026541E+003  0.386569320881978E+000  0.188352236689099E+001  0.795647903494672E+000  0.249523512847783E+000 -0.131028262406404E+000 -0.142773854513271E+003
  0.100000000000000E+001  0.292401718739519E+003  0.192499214505902E+001  0.196799917929877E+001  0.146261831180976E+000  0.284676336070390E+000 -0.131028262406404E+000 -0.146200859369759E+003
  0.100000000000000E+001  0.291008895094564E+003  0.168978658566578E+001  0.863309193883188E+000  0.826748625698469E+000  0.271807806149653E+000 -0.131028262406404E+000 -0.145504447547282E+003
  0.100000000000000E+001  0.290661279674582E+003  0.195175096925469E+001  0.176613589411820E+001  0.418656735678687E+000  0.225334122330449E+000 -0.131028262406404E+000 -0.145330639837291E+003
  0.100000000000000E+001  0.293887515047531E+003  0.171855634342908E+001  0.133728612389700E+001  0.956182193242934E-001  0.333994877600568E+000 -0.131028262406404E+000 -0.146943757523765E+003
  0.100000000000000E+001  0.286868314663544E+003  0.488177473274555E+000  0.137185346805230E+001  0.264672803653747E+000  0.467385521675834E+000 -0.131028262406404E+000 -0.143434157331772E+003
  0.100000000000000E+001  0.289184490523087E+003  0.181966155112532E+001  0.124721562829037E+001  0.998609532811731E+000  0.195506601770530E+000 -0.131028262406404E+000 -0.144592245261543E+003
  0.100000000000000E+001  0.287945330756542E+003  0.757707599567882E+000  0.555018453386709E+000  0.985461239843279E+000  0.441506598028274E+000 -0.131028262406404E+000 -0.143972665378271E+003
  0.100000000000000E+001  0.285196547845477E+003  0.121924744869529E+000  0.591783254471002E+000  0.804533976312317E+000  0.171791269082556E+000 -0.131028262406404E+000 -0.142598273922739E+003
  0.100000000000000E+001  0.288174340499752E+003  0.191587006695594E+001  0.938091006965108E+000  0.708741234445756E-001  0.156707760823783E+000 -0.131028262406404E+000 -0.144087170249876E+003
  0.100000000000000E+001  0.287112994337629E+003  0.148358899017121E+001  0.557747832861447E+000  0.241191934223143E+000  0.159281255530554E+000 -0.131028262406404E+000 -0.143556497168815E+003
  0.100000000000000E+001  0.288602293636419E+003  0.124346882990211E+001  0.527857243449085E+000  0.450482595891531E+000  0.286745328924260E+000 -0.131028262406404E+000 -0.144301146818210E+003
  0.100000000000000E+001  0.290515255705486E+003  0.986629324172124E+000  0.911346753734213E+000  0.138113983590179E+000  0.467299569626343E+000 -0.131028262406404E+000 -0.145257627852743E+003
  0.100000000000000E+001  0.285274980227115E+003  0.150663975682234E+000  0.134157082608004E+001  0.412226191229257E+000  0.259302193274588E+000 -0.131028262406404E+000 -0.142637490113558E+003
  0.100000000000000E+001  0.295271487173609E+003  0.154892194193162E+001  0.111095734973787E+001  0.970651137406213E+000  0.416832498273682E+000 -0.131028262406404E+000 -0.147635743586805E+003
  0.100000000000000E+001  0.287290831331195E+003  0.615194378098913E+000  0.149200194365990E+001  0.798485766343191E+000  0.436451391982641E+000 -0.131028262406404E+000 -0.143645415665597E+003
  0.100000000000000E+001  0.285763674982660E+003  0.649804480164470E+000  0.130684377454391E+001  0.113179687437137E-001  0.173061557709887E+000 -0.131028262406404E+000 -0.142881837491330E+003
  0.100000000000000E+001  0.294623347326639E+003  0.180338564258916E+001  0.612948916043353E+000  0.451024490317123E+000  0.375807413778826E+000 -0.131028262406404E+000 -0.147311673663319E+003
  0.100000000000000E+001  0.288500286332080E+003  0.124568553099286E+001  0.117516356747592E+001  0.369765817629992E+000  0.259802053912608E+000 -0.131028262406404E+000 -0.144250143166040E+003
  0.100000000000000E+001  0.293635509259765E+003  0.175236098498011E+001  0.768613011365080E+000  0.927201739779434E+000  0.340511689988831E+000 -0.131028262406404E+000 -0.146817754629882E+003
  0.100000000000000E+001  0.286515642844523E+003  0.184881467678934E+001  0.166045169473327E+001  0.192010791031308E+000  0.100778791806896E+000 -0.131028262406404E+000 -0.143257821422262E+003
  0.100000000000000E+001  0.285438344003380E+003  0.241309570190069E+000  0.139052940654636E+001  0.410866181457229E+000  0.286076787650227E+000 -0.131028262406404E+000 -0.142719172001690E+003
  0.100000000000000E+001  0.293010473393260E+003  0.121483880043657E+001  0.109424268839226E+001  0.216508504124214E+000  0.466846181656367E+000 -0.131028262406404E+000 -0.146505236696630E+003
  0.100000000000000E+001  0.295015245182644E+003  0.191476728485306E+001  0.191085354920206E+001  0.483520763325548E+000  0.350448562842408E+000 -0.131028262406404E+000 -0.147507622591322E+003
  0.100000000000000E+001  0.287249692539520E+003  0.972385183328559E+000  0.143312393712792E+001  0.450606771390040E+000  0.254392880683871E+000 -0.131028262406404E+000 -0.143624846269760E+003
  0.100000000000000E+001  0.285347658704830E+003  0.200228197451466E+000  0.145135404861589E+001  0.916167547839744E+000  0.271821541202404E+000 -0.131028262406404E+000 -0.142673829352415E+003
  0.100000000000000E+001  0.287895356549100E+003  0.179311171700441E+001  0.119732021311871E+001  0.294520913255364E+000  0.157563468958002E+000 -0.131028262406404E+000 -0.143947678274550E+003
  0.100000000000000E+001  0.285205524828141E+003  0.214591727025858E+000  0.646770493896672E+000  0.169123239130258E+000  0.111798918273084E+000 -0.131028262406404E+000 -0.142602762414070E+003
  0.100000000000000E+001  0.286870249225421E+003  0.154993567289129E+001  0.921860655520546E+000  0.585757401429741E+000  0.137910109624373E+000 -0.131028262406404E+000 -0.143435124612710E+003
  0.100000000000000E+001  0.291329736321195E+003  0.138003222954813E+001  0.653759568850138E+000  0.318860472360735E+000  0.375514620452600E+000 -0.131028262406404E+000 -0.145664868160597E+003
  0.100000000000000E+001  0.287195753967125E+003  0.729785206080784E+000  0.177214764237408E+001  0.793746473306146E+000  0.381384584782467E+000 -0.131028262406404E+000 -0.143597876983562E+003
  0.100000000000000E+001  0.289201279256137E+003  0.767110282941193E+000  0.110340903760123E+001  0.843336914806256E+000  0.496978991034282E+000 -0.131028262406404E+000 -0.144600639628069E+003
  0.100000000000000E+001  0.286241926936371E+003  0.412624319005749E+000  0.507526645163413E+000  0.986378334951004E+000  0.423545539369881E+000 -0.131028262406404E+000 -0.143120963468185E+003
  0.100000000000000E+001  0.285914468872187E+003  0.596808289535437E+000  0.189751300886091E+001  0.214019456946792E+000  0.241332846603466E+000 -0.131028262406404E+000 -0.142957234436093E+003
  0.100000000000000E+001  0.290917774074611E+003  0.163422363059317E+001  0.500765903571628E+000  0.264239050950627E+000  0.303716799457150E+000 -0.131028262406404E+000 -0.145458887037306E+003
  0.100000000000000E+001  0.286130934032962E+003  0.586007391724113E+000  0.183814727863017E+001  0.186350318348633E+000  0.294443988642497E+000 -0.131028262406404E+000 -0.143065467016481E+003
  0.100000000000000E+001  0.286439255144894E+003  0.106907486082735E+001  0.190345854182668E+001  0.863750331333554E+000  0.176218294620174E+000 -0.131028262406404E+000 -0.143219627572447E+003
  0.100000000000000E+001  0.293452102471536E+003  0.157893275474961E+001  0.185433362476261E+001  0.817326269938314E+000  0.395199708378596E+000 -0.131028262406404E+000 -0.146726051235768E+003
  0.100000000000000E+001  0.286495879513390E+003  0.810614660923347E+000  0.122447376398136E+001  0.377464264992381E+000  0.228573381380265E+000 -0.131028262406404E+000 -0.143247939756695E+003
  0.100000000000000E+001  0.285226036655512E+003  0.281772209064840E+000  0.129455338694621E+001  0.458921117595091E+000  0.103984600631037E+000 -0.131028262406404E+000 -0.142613018327756E+003
  0.100000000000000E+001  0.287413025034695E+003  0.100002330402434E+001  0.180097475239371E+001  0.428512255786493E+000  0.275091306413705E+000 -0.131028262406404E+000 -0.143706512517348E+003
  0.100000000000000E+001  0.286395032315037E+003  0.157448336626785E+001  0.122876251589065E+001  0.998796464671837E+000  0.111079317982253E+000 -0.131028262406404E+000 -0.143197516157518E+003
  0.100000000000000E+001  0.296232353106138E+003  0.172088392343133E+001  0.764103363680583E+000  0.593085686370353E+000  0.422970895080833E+000 -0.131028262406404E+000 -0.148116176553069E+003
  0.100000000000000E+001  0.286319283813931E+003  0.473244166097599E+000  0.722672315338519E+000  0.300915126045216E+000  0.363295660018891E+000 -0.131028262406404E+000 -0.143159641906966E+003
  0.100000000000000E+001  0.287820737240290E+003  0.126585215812761E+001  0.129882912130431E+001  0.567798179444310E+000  0.222265177251566E+000 -0.131028262406404E+000 -0.143910368620145E+003
  0.100000000000000E+001  0.285287718766260E+003  0.240858899744685E+000  0.177465875048805E+001  0.263116402678006E-001  0.188090589323665E+000 -0.131028262406404E+000 -0.142643859383130E+003
  0.100000000000000E+001  0.290890645713994E+003  0.156061534184926E+001  0.157617254527644E+001  0.636352181684972E-001  0.290867023294046E+000 -0.131028262406404E+000 -0.145445322856997E+003
  0.100000000000000E+001  0.293280195385380E+003  0.166017367467527E+001  0.551697866483355E+000  0.798871914969387E+000  0.382751540732694E+000 -0.131028262406404E+000 -0.146640097692690E+003
  0.100000000000000E+001  0.289758769257502E+003  0.931298469858495E+000  0.141824201388778E+001  0.601194994196663E+000  0.449385643898470E+000 -0.131028262406404E+000 -0.144879384628751E+003
  0.100000000000000E+001  0.291747971907036E+003  0.156434375809083E+001  0.134015801029236E+001  0.900145419893942E+000  0.310869230438640E+000 -0.131028262406404E+000 -0.145873985953518E+003
  0.100000000000000E+001  0.285582449386773E+003  0.390674124733200E+000  0.102974375829962E+001  0.139066658984338E+000  0.223806338148560E+000 -0.131028262406404E+000 -0.142791224693386E+003
  0.100000000000000E+001  0.294047216430758E+003  0.133947186504423E+001  0.994582748730244E+000  0.692702771927100E+000  0.459836959244231E+000 -0.131028262406404E+000 -0.147023608215379E+003
  0.100000000000000E+001  0.294562424666753E+003  0.195682537711685E+001  0.137360943712280E+001  0.222798518826521E+000  0.302612027295349E+000 -0.131028262406404E+000 -0.147281212333376E+003
  0.100000000000000E+001  0.292333087242069E+003  0.130196258653222E+001  0.522469810116095E+000  0.878983238682143E+000  0.497579922181412E+000 -0.131028262406404E+000 -0.146166543621035E+003
  0.100000000000000E+001  0.285229119352909E+003  0.165999746577435E+000  0.109719517329724E+001  0.601529453710339E+000  0.174709388860366E+000 -0.131028262406404E+000 -0.142614559676455E+003
  0.100000000000000E+001  0.296626457643777E+003  0.174461917249073E+001  0.104957009942913E+001  0.669893354303917E+000  0.397251955245713E+000 -0.131028262406404E+000 -0.148313228821889E+003
  0.100000000000000E+001  0.285983712051965E+003  0.490646834056556E+000  0.186943224009180E+001  0.519702212170131E+000  0.336129891903652E+000 -0.131028262406404E+000 -0.142991856025983E+003
  0.100000000000000E+001  0.290796004607828E+003  0.104391016485154E+001  0.989621033543580E+000  0.248528081743460E-002  0.447868509374033E+000 -0.131028262406404E+000 -0.145398002303914E+003
  0.100000000000000E+001  0.287593372093510E+003  0.787542427138451E+000  0.170315754262076E+001  0.764846104172055E+000  0.382362873952498E+000 -0.131028262406404E+000 -0.143796686046755E+003
  0.100000000000000E+001  0.291972488411190E+003  0.192496632815463E+001  0.174129034875576E+001  0.739265397521213E+000  0.260905077132689E+000 -0.131028262406404E+000 -0.145986244205595E+003
  0.100000000000000E+001  0.292218168462416E+003  0.111732094708691E+001  0.119962384441281E+001  0.813835265129300E+000  0.476230565489623E+000 -0.131028262406404E+000 -0.146109084231208E+003
  0.100000000000000E+001  0.289634917236005E+003  0.196773734335538E+001  0.594570130037940E+000  0.636809581611600E+000  0.199740300297065E+000 -0.131028262406404E+000 -0.144817458618003E+003
  0.100000000000000E+001  0.285321312981042E+003  0.311531277253316E+000  0.186639684066953E+001  0.467493547150634E+000  0.167352062432855E+000 -0.131028262406404E+000 -0.142660656490521E+003
  0.100000000000000E+001  0.289470129771776E+003  0.917858445123715E+000  0.123856786834811E+001  0.817416066328107E+000  0.427185517982834E+000 -0.131028262406404E+000 -0.144735064885888E+003
  0.100000000000000E+001  0.292964111815211E+003  0.194895200379214E+001  0.103684177593024E+001  0.953865763526720E+000  0.273570783329766E+000 -0.131028262406404E+000 -0.146482055907606E+003
  0.100000000000000E+001  0.290494134948383E+003  0.194997511909654E+001  0.165741211116902E+001  0.694101091955628E+000  0.218819341939550E+000 -0.131028262406404E+000 -0.145247067474192E+003
  0.100000000000000E+001  0.287556999757193E+003  0.158739414726770E+001  0.810523869382709E+000  0.129614136902310E+000  0.166305072355833E+000 -0.131028262406404E+000 -0.143778499878597E+003
  0.100000000000000E+001  0.290979565420222E+003  0.165690872370698E+001  0.186917007692925E+001  0.746923209991508E+000  0.288691405532314E+000 -0.131028262406404E+000 -0.145489782710111E+003
  0.100000000000000E+001  0.297937058862406E+003  0.191025698151046E+001  0.569532993476170E+000  0.915153737347841E+000  0.455098247785114E+000 -0.131028262406404E+000 -0.148968529431203E+003
  0.100000000000000E+001  0.287469651892632E+003  0.682901173619331E+000  0.844259390110917E+000  0.803536170341392E+000  0.393945199863512E+000 -0.131028262406404E+000 -0.143734825946316E+003
  0.100000000000000E+001  0.291405430925634E+003  0.189672309403005E+001  0.594978263155697E+000  0.316876243324077E+000  0.260876779737786E+000 -0.131028262406404E+000 -0.145702715462817E+003
  0.100000000000000E+001  0.288470551710673E+003  0.998108899729348E+000  0.164354946722074E+001  0.910852733652411E+000  0.346488019147747E+000 -0.131028262406404E+000 -0.144235275855337E+003
  0.100000000000000E+001  0.286011629670096E+003  0.107849327619359E+001  0.148180639540401E+001  0.908989004582626E+000  0.129963837398605E+000 -0.131028262406404E+000 -0.143005814835048E+003
  0.100000000000000E+001  0.285375227217285E+003  0.200042881876672E+000  0.185918693680903E+001  0.624875822623953E+000  0.420685409845073E+000 -0.131028262406404E+000 -0.142687613608643E+003
  0.100000000000000E+001  0.286926339684537E+003  0.662541788639681E+000  0.156501759156473E+001  0.954566985764470E+000  0.357483701947523E+000 -0.131028262406404E+000 -0.143463169842268E+003
  0.100000000000000E+001  0.286350792676684E+003  0.955748484038224E+000  0.104779536710087E+001  0.936132629368323E+000  0.179409251428118E+000 -0.131028262406404E+000 -0.143175396338342E+003
  0.100000000000000E+001  0.285242551367750E+003  0.115314327015152E+000  0.163146275222873E+001  0.331571540861965E+000  0.318286308025288E+000 -0.131028262406404E+000 -0.142621275683875E+003
  0.100000000000000E+001  0.290003853275688E+003  0.136143988698190E+001  0.180881737276460E+001  0.728318974858465E+000  0.320758661203716E+000 -0.131028262406404E+000 -0.145001926637844E+003
  0.100000000000000E+001  0.285554712064450E+003  0.420306034484299E+000  0.127124010676137E+001  0.531542755065893E+000  0.202923058375489E+000 -0.131028262406404E+000 -0.142777356032225E+003
  0.100000000000000E+001  0.286825993922674E+003  0.918768629871959E+000  0.581406671462505E+000  0.117457178156251E+000  0.238572965589706E+000 -0.131028262406404E+000 -0.143412996961337E+003
  0.100000000000000E+001  0.291946668900345E+003  0.149446875329377E+001  0.113359973277937E+001  0.857575499503709E+000  0.333831353595467E+000 -0.131028262406404E+000 -0.145973334450173E+003
  0.100000000000000E+001  0.285386218411654E+003  0.221410480994153E+000  0.194241325683621E+001  0.675958951155588E+000  0.476238443817954E+000 -0.131028262406404E+000 -0.142693109205827E+003
  0.100000000000000E+001  0.288381445484226E+003  0.150172900960206E+001  0.195193702518293E+001  0.773907824716102E+000  0.222316662844243E+000 -0.131028262406404E+000 -0.144190722742113E+003
  0.100000000000000E+001  0.289348251128080E+003  0.101511778873056E+001  0.536885198690577E+000  0.773339237485805E+000  0.431572038731625E+000 -0.131028262406404E+000 -0.144674125564040E+003
  0.100000000000000E+001  0.286439112852845E+003  0.371439674123632E+000  0.107199274378604E+001  0.995082050317934E+000  0.479619852419546E+000 -0.131028262406404E+000 -0.143219556426423E+003
  0.100000000000000E+001  0.286800917679705E+003  0.568152013633882E+000  0.597601866161090E+000  0.833498541323173E+000  0.397867562432130E+000 -0.131028262406404E+000 -0.143400458839852E+003
  0.100000000000000E+001  0.286149124897315E+003  0.355405816541366E+000  0.144711906528346E+001  0.601570667287570E+000  0.464351760658158E+000 -0.131028262406404E+000 -0.143074562448657E+003
  0.100000000000000E+001  0.296110274846394E+003  0.177429654430542E+001  0.566661136346590E+000  0.426690698419044E+000  0.444481569566954E+000 -0.131028262406404E+000 -0.148055137423197E+003
  0.100000000000000E+001  0.285230907734878E+003  0.132310331657154E+000  0.197873977061324E+001  0.675768780576646E+000  0.389067927591834E+000 -0.131028262406404E+000 -0.142615453867439E+003
  0.100000000000000E+001  0.285649918964661E+003  0.561555455322095E+000  0.110402020888966E+001  0.699519476830792E+000  0.173514265264400E+000 -0.131028262406404E+000 -0.142824959482330E+003
  0.100000000000000E+001  0.297233383820613E+003  0.166984681378181E+001  0.135731188978139E+001  0.403476746262953E+000  0.427386773408920E+000 -0.131028262406404E+000 -0.148616691910306E+003
  0.100000000000000E+001  0.286374823653375E+003  0.433768343746187E+000  0.552183949390997E+000  0.387451206623367E+000  0.431842331645084E+000 -0.131028262406404E+000 -0.143187411826688E+003
  0.100000000000000E+001  0.290970998127596E+003  0.108635265870785E+001  0.176241044424995E+001  0.405821947797075E+000  0.497715614684738E+000 -0.131028262406404E+000 -0.145485499063798E+003
  0.100000000000000E+001  0.285560890750186E+003  0.217984627019608E+000  0.157097134722185E+001  0.295080377642402E+000  0.450661755819623E+000 -0.131028262406404E+000 -0.142780445375093E+003
  0.100000000000000E+001  0.287887240957382E+003  0.736555831527186E+000  0.165291552505305E+001  0.970014725973810E+000  0.447041085301495E+000 -0.131028262406404E+000 -0.143943620478691E+003
  0.100000000000000E+001  0.285907617953232E+003  0.715108202748483E+000  0.147818946407729E+001  0.669911205024731E+000  0.182298233262012E+000 -0.131028262406404E+000 -0.142953808976616E+003
  0.100000000000000E+001  0.294479327532328E+003  0.189374815061797E+001  0.123446358500588E+001  0.319945194246636E+000  0.312000978363248E+000 -0.131028262406404E+000 -0.147239663766164E+003
  0.100000000000000E+001  0.285569774175149E+003  0.785500296424438E+000  0.520073346981166E+000  0.286134644786000E+000  0.111270309171857E+000 -0.131028262406404E+000 -0.142784887087575E+003
  0.100000000000000E+001  0.286230223057108E+003  0.154815698294994E+001  0.144628374055311E+001  0.106227260295062E+000  0.103771730687079E+000 -0.131028262406404E+000 -0.143115111528554E+003
  0.100000000000000E+001  0.287006612335937E+003  0.717614251873068E+000  0.183920602038698E+001  0.599170271833540E-001  0.374396500277720E+000 -0.131028262406404E+000 -0.143503306167969E+003
  0.100000000000000E+001  0.285786616433785E+003  0.247728726453108E+000  0.587341647907567E+000  0.573104894002984E+000  0.458831225814693E+000 -0.131028262406404E+000 -0.142893308216892E+003
  0.100000000000000E+001  0.288434435156606E+003  0.115414187332258E+001  0.120807568748114E+001  0.607183766753906E+000  0.278235567922403E+000 -0.131028262406404E+000 -0.144217217578303E+003
  0.100000000000000E+001  0.286954579624769E+003  0.126906094550969E+001  0.199015769512627E+001  0.239984470387200E-002  0.184160735200458E+000 -0.131028262406404E+000 -0.143477289812385E+003
  0.100000000000000E+001  0.289677298098423E+003  0.976704542831779E+000  0.177944701642405E+001  0.551636300962739E+000  0.480268446928884E+000 -0.131028262406404E+000 -0.144838649049211E+003
  0.100000000000000E+001  0.296035289458734E+003  0.182889217590342E+001  0.994892435483788E+000  0.460049397763025E+000  0.365805381146925E+000 -0.131028262406404E+000 -0.148017644729367E+003
  0.100000000000000E+001  0.286082835234535E+003  0.614435466865435E+000  0.145555169682689E+001  0.912543231416642E-001  0.244575752249669E+000 -0.131028262406404E+000 -0.143041417617267E+003
  0.100000000000000E+001  0.293958137299362E+003  0.123153797202889E+001  0.134192172350683E+001  0.123092134380500E+000  0.498322213192064E+000 -0.131028262406404E+000 -0.146979068649681E+003
  0.100000000000000E+001  0.285518843917603E+003  0.439239243411279E+000  0.752383067465805E+000  0.647626734552762E-001  0.179702415586670E+000 -0.131028262406404E+000 -0.142759421958801E+003
  0.100000000000000E+001  0.286172649802598E+003  0.609895355700053E+000  0.124986216431669E+001  0.896348027552211E+000  0.256265675168359E+000 -0.131028262406404E+000 -0.143086324901299E+003
  0.100000000000000E+001  0.287847608889566E+003  0.796240875667624E+000  0.870912645590470E+000  0.699760013161261E+000  0.369820178112836E+000 -0.131028262406404E+000 -0.143923804444783E+003
  0.100000000000000E+001  0.285583967282487E+003  0.202692561803717E+000  0.677316486315827E+000  0.248853976364077E+000  0.409038898371819E+000 -0.131028262406404E+000 -0.142791983641244E+003
  0.100000000000000E+001  0.291378635166514E+003  0.175143633645608E+001  0.121686126791559E+001  0.850359880690727E+000  0.264826829596303E+000 -0.131028262406404E+000 -0.145689317583257E+003
  0.100000000000000E+001  0.288387140003393E+003  0.134402723574707E+001  0.742249845172747E+000  0.854267865039852E+000  0.241115289110521E+000 -0.131028262406404E+000 -0.144193570001696E+003
  0.100000000000000E+001  0.286931956106241E+003  0.183508281665292E+001  0.139720751242687E+001  0.585399555926490E+000  0.118811747770453E+000 -0.131028262406404E+000 -0.143465978053120E+003
  0.100000000000000E+001  0.287328049548754E+003  0.584118388819527E+000  0.752514934304934E+000  0.975137834927728E+000  0.453698957513754E+000 -0.131028262406404E+000 -0.143664024774377E+003
  0.100000000000000E+001  0.290629014132052E+003  0.115220140692898E+001  0.144254274512969E+001  0.878892178225413E+000  0.394338104124613E+000 -0.131028262406404E+000 -0.145314507066026E+003
  0.100000000000000E+001  0.285777075205064E+003  0.655975017185995E+000  0.193990050138640E+001  0.648438878730158E+000  0.187131703947826E+000 -0.131028262406404E+000 -0.142888537602532E+003
  0.100000000000000E+001  0.285736972345640E+003  0.253465945507001E+000  0.143951847003128E+001  0.529760689826320E+000  0.454465226522934E+000 -0.131028262406404E+000 -0.142868486172820E+003
  0.100000000000000E+001  0.288636994235745E+003  0.101655717663045E+001  0.136724434575341E+001  0.393271652681002E+000  0.334158524508682E+000 -0.131028262406404E+000 -0.144318497117872E+003
  0.100000000000000E+001  0.287210787833176E+003  0.721698385001732E+000  0.175248739781455E+001  0.754853286922060E+000  0.385793298872350E+000 -0.131028262406404E+000 -0.143605393916588E+003
  0.100000000000000E+001  0.285934614472750E+003  0.462749197450375E+000  0.196739803899694E+001  0.875684407358640E+000  0.384235879482890E+000 -0.131028262406404E+000 -0.142967307236375E+003
  0.100000000000000E+001  0.286726083863807E+003  0.158075857308433E+001  0.101073906574870E+001  0.687332465693497E+000  0.127929420320191E+000 -0.131028262406404E+000 -0.143363041931904E+003
  0.100000000000000E+001  0.288311510251284E+003  0.109232218993676E+001  0.198809229782160E+001  0.508153112037791E+000  0.336908258870080E+000 -0.131028262406404E+000 -0.144155755125642E+003
  0.100000000000000E+001  0.285562972589316E+003  0.182012400395424E+000  0.942435264954926E+000  0.399609407651589E+000  0.428194468211891E+000 -0.131028262406404E+000 -0.142781486294658E+003
  0.100000000000000E+001  0.286394334913035E+003  0.147330236357427E+001  0.753359681178001E+000  0.718252376212274E+000  0.119060665631132E+000 -0.131028262406404E+000 -0.143197167456518E+003
  0.100000000000000E+001  0.287185119464244E+003  0.161060765430736E+001  0.914456195573154E+000  0.573570043354980E+000  0.147126461939449E+000 -0.131028262406404E+000 -0.143592559732122E+003
  0.100000000000000E+001  0.290511757432176E+003  0.141326214393857E+001  0.103762703224390E+001  0.608384753058172E+000  0.306952773570185E+000 -0.131028262406404E+000 -0.145255878716088E+003
  0.100000000000000E+001  0.289655542566423E+003  0.140090398381774E+001  0.100624374227501E+001  0.839138606424139E+000  0.277957256828610E+000 -0.131028262406404E+000 -0.144827771283211E+003
  0.100000000000000E+001  0.289691095422708E+003  0.195002127383488E+001  0.866534819671468E+000  0.718279387368266E+000  0.197882141142640E+000 -0.131028262406404E+000 -0.144845547711354E+003
  0.100000000000000E+001  0.285971787211835E+003  0.121375899829058E+001  0.131750662787420E+001  0.823602223736067E+000  0.111366520297282E+000 -0.131028262406404E+000 -0.142985893605918E+003
  0.100000000000000E+001  0.286972502150749E+003  0.683404636846569E+000  0.107713807629158E+001  0.239246509907295E+000  0.329704765863351E+000 -0.131028262406404E+000 -0.143486251075375E+003
  0.100000000000000E+001  0.295581875810644E+003  0.187381918494399E+001  0.584466638962808E+000  0.136764479388474E+000  0.390570706606035E+000 -0.131028262406404E+000 -0.147790937905322E+003
  0.100000000000000E+001  0.289390141856359E+003  0.181615071769650E+001  0.122592866655920E+001  0.209939848603576E+000  0.201835796541467E+000 -0.131028262406404E+000 -0.144695070928180E+003
  0.100000000000000E+001  0.285962061485641E+003  0.634719108056761E+000  0.186110204358976E+001  0.268728784252011E-001  0.231575616590333E+000 -0.131028262406404E+000 -0.142981030742821E+003
  0.100000000000000E+001  0.286522658691254E+003  0.106628424340825E+001  0.195420844254185E+001  0.789143208442427E+000  0.185819517791025E+000 -0.131028262406404E+000 -0.143261329345627E+003
  0.100000000000000E+001  0.285458281014328E+003  0.145557456084817E+000  0.941599004597230E+000  0.190302200813175E+000  0.428772699230936E+000 -0.131028262406404E+000 -0.142729140507164E+003
  0.100000000000000E+001  0.293560055278153E+003  0.121067660656117E+001  0.119496823248244E+001  0.443530836539319E+000  0.488611535778495E+000 -0.131028262406404E+000 -0.146780027639077E+003
  0.100000000000000E+001  0.288629119498707E+003  0.133994970496502E+001  0.799039783951678E+000  0.766341640055618E+000  0.251920015039180E+000 -0.131028262406404E+000 -0.144314559749354E+003
  0.100000000000000E+001  0.286682322173476E+003  0.190535026291821E+001  0.125493310479798E+001  0.784647205563959E+000  0.104161767787739E+000 -0.131028262406404E+000 -0.143341161086738E+003
  0.100000000000000E+001  0.289458550853214E+003  0.118830956890495E+001  0.162958429612003E+001  0.591951888037518E+000  0.334316373536303E+000 -0.131028262406404E+000 -0.144729275426607E+003
  0.100000000000000E+001  0.285486778553814E+003  0.586311987108995E+000  0.186171949118355E+001  0.738896452247788E+000  0.134513035625572E+000 -0.131028262406404E+000 -0.142743389276907E+003
  0.100000000000000E+001  0.285972394016708E+003  0.721315270698124E+000  0.626024845155700E+000  0.300974682469506E+000  0.188590218046932E+000 -0.131028262406404E+000 -0.142986197008354E+003
  0.100000000000000E+001  0.291291287091385E+003  0.174316780700982E+001  0.153704373967512E+001  0.308629345186117E+000  0.266853385738253E+000 -0.131028262406404E+000 -0.145645643545692E+003
  0.100000000000000E+001  0.286128844604346E+003  0.497606243848088E+000  0.100188016468443E+001  0.300072469442341E+000  0.301525899446805E+000 -0.131028262406404E+000 -0.143064422302173E+003
  0.100000000000000E+001  0.294663037666702E+003  0.144686602241681E+001  0.827786304326287E+000  0.313997527346731E+000  0.458850654243037E+000 -0.131028262406404E+000 -0.147331518833351E+003
  0.100000000000000E+001  0.286261258443597E+003  0.647593964499750E+000  0.197092727590850E+001  0.885510509179365E-001  0.302384316548741E+000 -0.131028262406404E+000 -0.143130629221798E+003
  0.100000000000000E+001  0.286804669602720E+003  0.686326049473117E+000  0.895622579851597E+000  0.208014109766094E+000  0.310056350016211E+000 -0.131028262406404E+000 -0.143402334801360E+003
  0.100000000000000E+001  0.291134388014850E+003  0.130359101184919E+001  0.189571417105932E+001  0.703381200871790E+000  0.413938626764417E+000 -0.131028262406404E+000 -0.145567194007425E+003
  0.100000000000000E+001  0.285211229389829E+003  0.143909164836685E+000  0.155266824272840E+001  0.327251883998239E+000  0.185378707353517E+000 -0.131028262406404E+000 -0.142605614694915E+003
  0.100000000000000E+001  0.290911452983816E+003  0.999208174404279E+000  0.147264445163479E+001  0.385639825183141E-001  0.489655956638542E+000 -0.131028262406404E+000 -0.145455726491908E+003
  0.100000000000000E+001  0.285635215228723E+003  0.401107157360650E+000  0.627672236774686E+000  0.786237056221912E+000  0.235911516713928E+000 -0.131028262406404E+000 -0.142817607614362E+003
  0.100000000000000E+001  0.291799227990618E+003  0.123171065390193E+001  0.156336244104136E+001  0.580396837994006E+000  0.425730237740775E+000 -0.131028262406404E+000 -0.145899613995309E+003
  0.100000000000000E+001  0.285580387455909E+003  0.354550089808978E+000  0.765466804983450E+000  0.186197877129008E+000  0.243490499777572E+000 -0.131028262406404E+000 -0.142790193727955E+003
  0.100000000000000E+001  0.286602946038632E+003  0.387131354373578E+000  0.100480313758565E+001  0.226505600081966E+000  0.498577436492673E+000 -0.131028262406404E+000 -0.143301473019316E+003
  0.100000000000000E+001  0.286172780947920E+003  0.586779972430978E+000  0.135763175212031E+001  0.552483361381719E+000  0.269450789932508E+000 -0.131028262406404E+000 -0.143086390473960E+003
  0.100000000000000E+001  0.285237352652771E+003  0.313367651171551E+000  0.161331496033139E+001  0.558534151332951E+000  0.103197756609259E+000 -0.131028262406404E+000 -0.142618676326386E+003
  0.100000000000000E+001  0.286942353368514E+003  0.594830526949406E+000  0.631732546161053E+000  0.888521008216043E+000  0.398316967600304E+000 -0.131028262406404E+000 -0.143471176684257E+003
  0.100000000000000E+001  0.287875826240417E+003  0.193555139925633E+001  0.143262846004365E+001  0.985688631725518E+000  0.145498037295598E+000 -0.131028262406404E+000 -0.143937913120209E+003
  0.100000000000000E+001  0.288727897836404E+003  0.155993602194084E+001  0.195641565608669E+001  0.569854127698285E+000  0.227683141652405E+000 -0.131028262406404E+000 -0.144363948918202E+003
  0.100000000000000E+001  0.299871917649893E+003  0.176929107696583E+001  0.798359864406898E+000  0.915720871195013E+000  0.498304411548084E+000 -0.131028262406404E+000 -0.149935958824946E+003
  0.100000000000000E+001  0.285294204168963E+003  0.146198593135130E+000  0.131039634061019E+001  0.825539800221983E+000  0.289171160095390E+000 -0.131028262406404E+000 -0.142647102084482E+003
  0.100000000000000E+001  0.302570823972822E+003  0.192709604113515E+001  0.126778069808159E+001  0.842013416129960E+000  0.458903246206205E+000 -0.131028262406404E+000 -0.151285411986411E+003
  0.100000000000000E+001  0.286986874463884E+003  0.752655753329440E+000  0.106936890991381E+001  0.503503681217925E+000  0.300145447718559E+000 -0.131028262406404E+000 -0.143493437231942E+003
  0.100000000000000E+001  0.286403546327857E+003  0.527031014854233E+000  0.679264757789266E+000  0.708771981370094E+000  0.344588036836266E+000 -0.131028262406404E+000 -0.143201773163929E+003
  0.100000000000000E+001  0.297036359039466E+003  0.199169263157164E+001  0.115890031280014E+001  0.275016097998040E+000  0.344648780757867E+000 -0.131028262406404E+000 -0.148518179519733E+003
  0.100000000000000E+001  0.288770320234013E+003  0.156810865874300E+001  0.120709788850184E+001  0.286802139536129E+000  0.213891806446839E+000 -0.131028262406404E+000 -0.144385160117006E+003
  0.100000000000000E+001  0.288779132253329E+003  0.857186517267541E+000  0.540552966065753E+000  0.482483186371998E+000  0.476472350820728E+000 -0.131028262406404E+000 -0.144389566126665E+003
  0.100000000000000E+001  0.285695087666973E+003  0.512084052884616E+000  0.115779622789930E+001  0.755724025343847E+000  0.201444021897494E+000 -0.131028262406404E+000 -0.142847543833486E+003
  0.100000000000000E+001  0.286630091705210E+003  0.464177862777868E+000  0.132603652332381E+001  0.169623706169349E+000  0.439334540901035E+000 -0.131028262406404E+000 -0.143315045852605E+003
  0.100000000000000E+001  0.285760090886999E+003  0.981348429931995E+000  0.132495097281703E+001  0.367976009482272E+000  0.113965063511614E+000 -0.131028262406404E+000 -0.142880045443500E+003
  0.100000000000000E+001  0.288494704716570E+003  0.114412874277591E+001  0.933615418345499E+000  0.779217541924825E+000  0.287175882188792E+000 -0.131028262406404E+000 -0.144247352358285E+003
  0.100000000000000E+001  0.293510419736970E+003  0.199915794586613E+001  0.574171899959167E+000  0.749229888602380E+000  0.303027512299602E+000 -0.131028262406404E+000 -0.146755209868485E+003
  0.100000000000000E+001  0.285423754708007E+003  0.136021610428471E+000  0.127944923556009E+001  0.153060588100538E+000  0.455127530360256E+000 -0.131028262406404E+000 -0.142711877354004E+003
  0.100000000000000E+001  0.290719354500942E+003  0.115016033638526E+001  0.635536280566154E+000  0.939849031587617E+000  0.439742158567449E+000 -0.131028262406404E+000 -0.145359677250471E+003
  0.100000000000000E+001  0.285207030503131E+003  0.175474350997898E+000  0.134948820046768E+001  0.890493098376948E+000  0.141915630964907E+000 -0.131028262406404E+000 -0.142603515251565E+003
  0.100000000000000E+001  0.288111485752224E+003  0.169433697462862E+001  0.867796980779114E+000  0.938546454631494E+000  0.176233046109833E+000 -0.131028262406404E+000 -0.144055742876112E+003
  0.100000000000000E+001  0.287026124818085E+003  0.864406779750659E+000  0.168609951002762E+001  0.610655059275505E+000  0.279658700563998E+000 -0.131028262406404E+000 -0.143513062409043E+003
  0.100000000000000E+001  0.286016728809639E+003  0.360144229903874E+000  0.992849134413129E+000  0.875511498006650E-001  0.379104642698067E+000 -0.131028262406404E+000 -0.143008364404819E+003
  0.100000000000000E+001  0.295636887046781E+003  0.168408819992118E+001  0.161521243167963E+001  0.181766131009263E+000  0.397982791356535E+000 -0.131028262406404E+000 -0.147818443523391E+003
  0.100000000000000E+001  0.288424592224215E+003  0.115063716270419E+001  0.132825876793911E+001  0.699362479659913E+000  0.279598196338561E+000 -0.131028262406404E+000 -0.144212296112107E+003
  0.100000000000000E+001  0.285480873170741E+003  0.291210976384708E+000  0.198847041418894E+001  0.204054353172700E+000  0.370852885969792E+000 -0.131028262406404E+000 -0.142740436585371E+003
  0.100000000000000E+001  0.299586153610063E+003  0.183513839964667E+001  0.118199538332187E+001  0.145006880969345E+000  0.430295401261756E+000 -0.131028262406404E+000 -0.149793076805031E+003
  0.100000000000000E+001  0.285533983302199E+003  0.527052895079167E+000  0.179361274640360E+001  0.187537287782646E+000  0.164386304085216E+000 -0.131028262406404E+000 -0.142766991651100E+003
  0.100000000000000E+001  0.298410455370343E+003  0.188828768231952E+001  0.152246485469031E+001  0.390483335318799E+000  0.397884636391063E+000 -0.131028262406404E+000 -0.149205227685171E+003
  0.100000000000000E+001  0.285545242387117E+003  0.361579864973535E+000  0.171269251853600E+001  0.793933808826903E+000  0.253557729323149E+000 -0.131028262406404E+000 -0.142772621193558E+003
  0.100000000000000E+001  0.288178796899495E+003  0.828910460426703E+000  0.129562260519840E+001  0.472818050133139E-001  0.378985418370292E+000 -0.131028262406404E+000 -0.144089398449748E+003
  0.100000000000000E+001  0.286899485721752E+003  0.156190888927080E+001  0.975989474325782E+000  0.304881450921119E+000  0.138141192208214E+000 -0.131028262406404E+000 -0.143449742860876E+003
  0.100000000000000E+001  0.287442652526815E+003  0.674066565335809E+000  0.517889236730940E+000  0.530379768451929E+000  0.440623810165292E+000 -0.131028262406404E+000 -0.143721326263407E+003
  0.100000000000000E+001  0.287603282970598E+003  0.137068910708760E+001  0.121268245356959E+001  0.792353885336064E+000  0.193945039899276E+000 -0.131028262406404E+000 -0.143801641485299E+003
  0.100000000000000E+001  0.285765657841560E+003  0.440411582453203E+000  0.129354992319235E+001  0.336724507961379E+000  0.256163453114881E+000 -0.131028262406404E+000 -0.142882828920780E+003
  0.100000000000000E+001  0.296616953016611E+003  0.159112256089476E+001  0.169721052998242E+001  0.861611829088746E+000  0.469489527553993E+000 -0.131028262406404E+000 -0.148308476508306E+003
  0.100000000000000E+001  0.286788361727784E+003  0.660379889825920E+000  0.153290893194558E+001  0.788454607446675E+000  0.335976178874602E+000 -0.131028262406404E+000 -0.143394180863892E+003
  0.100000000000000E+001  0.285525223134144E+003  0.231606142008403E+000  0.128383819115283E+001  0.491032310583271E+000  0.345282224041721E+000 -0.131028262406404E+000 -0.142762611567072E+003
  0.100000000000000E+001  0.287758908608530E+003  0.795307821238269E+000  0.739112191907717E+000  0.625174506849256E+000  0.370562090066544E+000 -0.131028262406404E+000 -0.143879454304265E+003
  0.100000000000000E+001  0.290325138725937E+003  0.156630045551226E+001  0.199068065341236E+001  0.652487551514800E+000  0.295814958220609E+000 -0.131028262406404E+000 -0.145162569362969E+003
  0.100000000000000E+001  0.287705482253620E+003  0.159977798635970E+001  0.132672865205401E+001  0.387282545432057E+000  0.169832648950229E+000 -0.131028262406404E+000 -0.143852741126810E+003
  0.100000000000000E+001  0.288073517391523E+003  0.844430447571655E+000  0.160778443951227E+001  0.714035554160710E+000  0.385451344531481E+000 -0.131028262406404E+000 -0.144036758695762E+003
  0.100000000000000E+001  0.291400316969761E+003  0.156067765532765E+001  0.140588104875433E+001  0.783032216995728E-001  0.302182257626380E+000 -0.131028262406404E+000 -0.145700158484881E+003
  0.100000000000000E+001  0.286809924440192E+003  0.508335121332989E+000  0.151492232797401E+001  0.583892115596545E+000  0.459883108653581E+000 -0.131028262406404E+000 -0.143404962220096E+003
  0.100000000000000E+001  0.290546067252321E+003  0.103795467644338E+001  0.115438460200170E+001  0.113937574731268E+000  0.431424625386539E+000 -0.131028262406404E+000 -0.145273033626161E+003
  0.100000000000000E+001  0.285201570383296E+003  0.168094815581588E+000  0.127746081514949E+001  0.635140793451645E+000  0.139559823443690E+000 -0.131028262406404E+000 -0.142600785191648E+003
  0.100000000000000E+001  0.298613079717239E+003  0.197448422310817E+001  0.850645586571675E+000  0.758880725362458E+000  0.398382110504800E+000 -0.131028262406404E+000 -0.149306539858619E+003
  0.100000000000000E+001  0.285675469558300E+003  0.423228876008432E+000  0.112395926135117E+001  0.865292370183599E+000  0.236460593987135E+000 -0.131028262406404E+000 -0.142837734779150E+003
  0.100000000000000E+001  0.285285932620043E+003  0.270553961822900E+000  0.192104866224525E+001  0.624220008375417E-001  0.168327468965882E+000 -0.131028262406404E+000 -0.142642966310022E+003
  0.100000000000000E+001  0.285304892859627E+003  0.104105188903805E+000  0.136754956754366E+001  0.472970331453751E-001  0.421679958296941E+000 -0.131028262406404E+000 -0.142652446429814E+003
  0.100000000000000E+001  0.285766768494949E+003  0.325036130724991E+000  0.115294377690316E+001  0.103498216170459E+000  0.338750151120095E+000 -0.131028262406404E+000 -0.142883384247474E+003
  0.100000000000000E+001  0.292035097171961E+003  0.153477391556123E+001  0.122426511831457E+001  0.848707730950328E+000  0.325786069807818E+000 -0.131028262406404E+000 -0.146017548585981E+003
  0.100000000000000E+001  0.287386259516252E+003  0.146720452907758E+001  0.160896465561946E+001  0.567933326671255E-001  0.173257635373417E+000 -0.131028262406404E+000 -0.143693129758126E+003
  0.100000000000000E+001  0.287231715077505E+003  0.984103207381946E+000  0.178820131575867E+001  0.555276159275435E+000  0.263724195863402E+000 -0.131028262406404E+000 -0.143615857538752E+003
  0.100000000000000E+001  0.285568765203783E+003  0.231833070332004E+000  0.698966968858863E+000  0.431897170096727E-001  0.353052618677793E+000 -0.131028262406404E+000 -0.142784382601891E+003
  0.100000000000000E+001  0.286564894820657E+003  0.144023592708402E+001  0.150182432207493E+001  0.574574478102965E+000  0.132333141154931E+000 -0.131028262406404E+000 -0.143282447410328E+003
  0.100000000000000E+001  0.287134645702590E+003  0.167016347453523E+001  0.719321816917707E+000  0.893264713929917E+000  0.140473352917017E+000 -0.131028262406404E+000 -0.143567322851295E+003
  0.100000000000000E+001  0.286325865962137E+003  0.512273236511715E+000  0.507803689771084E+000  0.850642690243853E+000  0.352656303808547E+000 -0.131028262406404E+000 -0.143162932981069E+003
  0.100000000000000E+001  0.286474704473215E+003  0.945898709789196E+000  0.171179307956671E+001  0.783034037787925E+000  0.200473704137436E+000 -0.131028262406404E+000 -0.143237352236608E+003
  0.100000000000000E+001  0.287329031721947E+003  0.913375735078894E+000  0.199224713742674E+001  0.825578189399833E+000  0.324434599909587E+000 -0.131028262406404E+000 -0.143664515860974E+003
  0.100000000000000E+001  0.285822808812086E+003  0.520834892768065E+000  0.165180886231076E+001  0.725191041285769E+000  0.242051677519248E+000 -0.131028262406404E+000 -0.142911404406043E+003
  0.100000000000000E+001  0.287639055459195E+003  0.600992625046990E+000  0.709335070234831E+000  0.872484420911723E+000  0.493885065396884E+000 -0.131028262406404E+000 -0.143819527729598E+003
  0.100000000000000E+001  0.295360154345349E+003  0.183057379481039E+001  0.825494207244832E+000  0.914766978272859E+000  0.362307258650008E+000 -0.131028262406404E+000 -0.147680077172674E+003
  0.100000000000000E+001  0.286691417859577E+003  0.782019205092807E+000  0.639712790416088E+000  0.378088610758250E+000  0.265323482396318E+000 -0.131028262406404E+000 -0.143345708929788E+003
  0.100000000000000E+001  0.286283880900441E+003  0.389694746220234E+000  0.793104090238445E+000  0.510867122734096E+000  0.426139652851169E+000 -0.131028262406404E+000 -0.143141940450221E+003
  0.100000000000000E+001  0.285532558753350E+003  0.337679944378611E+000  0.192729475015221E+001  0.331629882161554E+000  0.301172460101815E+000 -0.131028262406404E+000 -0.142766279376675E+003
  0.100000000000000E+001  0.287047561077891E+003  0.490077232474290E+000  0.110290254473616E+001  0.766074254874119E+000  0.474694859017674E+000 -0.131028262406404E+000 -0.143523780538945E+003
  0.100000000000000E+001  0.289892082143587E+003  0.117907992791424E+001  0.192941385182677E+001  0.691184460302569E+000  0.406932992120971E+000 -0.131028262406404E+000 -0.144946041071793E+003
  0.100000000000000E+001  0.285365137660000E+003  0.449185214734163E+000  0.130312043242524E+001  0.914251859577202E+000  0.125554666826281E+000 -0.131028262406404E+000 -0.142682568830000E+003
  0.100000000000000E+001  0.303684649620791E+003  0.193232148161548E+001  0.151804238829124E+001  0.397501719547122E+000  0.487692713473016E+000 -0.131028262406404E+000 -0.151842324810395E+003
  0.100000000000000E+001  0.286737242978845E+003  0.798285969201712E+000  0.158823396295007E+001  0.300452609475991E+000  0.268075873922657E+000 -0.131028262406404E+000 -0.143368621489422E+003
  0.100000000000000E+001  0.286922865398133E+003  0.591622069697171E+000  0.879656807321725E+000  0.881699669143052E+000  0.378391198765120E+000 -0.131028262406404E+000 -0.143461432699067E+003
  0.100000000000000E+001  0.285406090136931E+003  0.324872078579014E+000  0.858738275310831E+000  0.804407175861882E+000  0.188741581980943E+000 -0.131028262406404E+000 -0.142703045068466E+003
  0.100000000000000E+001  0.286926198905351E+003  0.977481943904482E+000  0.101162365251248E+001  0.254589436094503E+000  0.224801272679970E+000 -0.131028262406404E+000 -0.143463099452676E+003
  0.100000000000000E+001  0.288742455789626E+003  0.104889790812407E+001  0.188798942985833E+001  0.444185661849546E+000  0.377521369883608E+000 -0.131028262406404E+000 -0.144371227894813E+003
  0.100000000000000E+001  0.289345206047257E+003  0.111169550304575E+001  0.573836934526146E+000  0.475716682603083E+000  0.376316314440140E+000 -0.131028262406404E+000 -0.144672603023628E+003
  0.100000000000000E+001  0.285617497117567E+003  0.294861803481183E+000  0.178863912092358E+001  0.453182655750339E+000  0.409261958141943E+000 -0.131028262406404E+000 -0.142808748558784E+003
  0.100000000000000E+001  0.285626181665619E+003  0.269383900761199E+000  0.116503879742186E+001  0.543792320911163E-002  0.341773353668715E+000 -0.131028262406404E+000 -0.142813090832810E+003
  0.100000000000000E+001  0.289730568407641E+003  0.987507832704062E+000  0.174739628267367E+001  0.560877593999757E+000  0.467381341749880E+000 -0.131028262406404E+000 -0.144865284203821E+003
  0.100000000000000E+001  0.285635128694104E+003  0.848800982341160E+000  0.121292071549318E+001  0.775773649726661E+000  0.113297300045003E+000 -0.131028262406404E+000 -0.142817564347052E+003
  0.100000000000000E+001  0.287133568218560E+003  0.754781842873112E+000  0.149410297989952E+001  0.669781211983639E-001  0.326256342760397E+000 -0.131028262406404E+000 -0.143566784109280E+003
  0.100000000000000E+001  0.286128125871606E+003  0.108972126174626E+001  0.111510123522212E+001  0.741396990701837E+000  0.138159691758860E+000 -0.131028262406404E+000 -0.143064062935803E+003
  0.100000000000000E+001  0.289242272582422E+003  0.989750749125886E+000  0.558489059659118E+000  0.954677901454963E+000  0.431373361433860E+000 -0.131028262406404E+000 -0.144621136291211E+003
  0.100000000000000E+001  0.299051743238607E+003  0.196300190954275E+001  0.139232197832205E+001  0.898529230326859E-001  0.386750457630115E+000 -0.131028262406404E+000 -0.149525871619304E+003
  0.100000000000000E+001  0.289638738927504E+003  0.994306940899737E+000  0.177619659923713E+001  0.660598619703521E+000  0.462566767196284E+000 -0.131028262406404E+000 -0.144819369463752E+003
  0.100000000000000E+001  0.285490998197204E+003  0.530879419907203E+000  0.149494721875556E+001  0.854564914984955E+000  0.145755743468909E+000 -0.131028262406404E+000 -0.142745499098602E+003
  0.100000000000000E+001  0.287070228467644E+003  0.142354627936752E+001  0.102041213810094E+001  0.774909506179535E+000  0.160663399410427E+000 -0.131028262406404E+000 -0.143535114233822E+003
  0.100000000000000E+001  0.287548153779596E+003  0.147509899345466E+001  0.583356749595159E+000  0.878408270028352E+000  0.182153827537868E+000 -0.131028262406404E+000 -0.143774076889798E+003
  0.100000000000000E+001  0.285296878406223E+003  0.296427681599326E+000  0.777100085687945E+000  0.627323122571316E-001  0.144396533243151E+000 -0.131028262406404E+000 -0.142648439203111E+003
  0.100000000000000E+001  0.290962915717874E+003  0.132814577508652E+001  0.137716625949993E+001  0.581881534913180E+000  0.345314052854292E+000 -0.131028262406404E+000 -0.145481457858937E+003
  0.100000000000000E+001  0.292260260883451E+003  0.138952699104600E+001  0.170615798640212E+001  0.942515866457007E+000  0.397721052159128E+000 -0.131028262406404E+000 -0.146130130441726E+003
  0.100000000000000E+001  0.285955619850168E+003  0.867099546280844E+000  0.103582007808184E+001  0.765678637225127E+000  0.153410486238659E+000 -0.131028262406404E+000 -0.142977809925084E+003
  0.100000000000000E+001  0.285511186253764E+003  0.308809574371426E+000  0.998876408192844E+000  0.609678652365479E+000  0.248074864144611E+000 -0.131028262406404E+000 -0.142755593126882E+003
  0.100000000000000E+001  0.285756641933676E+003  0.352083278396980E+000  0.168154463915092E+001  0.455453581401893E+000  0.363427480302748E+000 -0.131028262406404E+000 -0.142878320966838E+003
  0.100000000000000E+001  0.291328959792009E+003  0.128314487118360E+001  0.144882016494523E+001  0.888809118718305E+000  0.376779239479533E+000 -0.131028262406404E+000 -0.145664479896004E+003
  0.100000000000000E+001  0.291237009620543E+003  0.107944695043247E+001  0.166793686405607E+001  0.636588681944900E+000  0.494822020297836E+000 -0.131028262406404E+000 -0.145618504810272E+003
  0.100000000000000E+001  0.304058203491902E+003  0.199548510665413E+001  0.147991054104388E+001  0.465007541379319E+000  0.471012157777855E+000 -0.131028262406404E+000 -0.152029101745951E+003
  0.100000000000000E+001  0.297055875812147E+003  0.187584844879070E+001  0.111123658330315E+001  0.888713401813655E+000  0.371204764133001E+000 -0.131028262406404E+000 -0.148527937906074E+003
  0.100000000000000E+001  0.288677567582955E+003  0.966238948262156E+000  0.775091292147121E+000  0.525498217060073E+000  0.366783499212015E+000 -0.131028262406404E+000 -0.144338783791478E+003
  0.100000000000000E+001  0.290038818868378E+003  0.163528628080452E+001  0.191252105443870E+001  0.761448835683677E+000  0.262990464615353E+000 -0.131028262406404E+000 -0.145019409434189E+003
  0.100000000000000E+001  0.287065219900018E+003  0.774751735133115E+000  0.197247628322125E+001  0.706674521730795E+000  0.372830577463816E+000 -0.131028262406404E+000 -0.143532609950009E+003
  0.100000000000000E+001  0.298664040049782E+003  0.190036834796776E+001  0.700169108551213E+000  0.751093684953116E-001  0.444343159305420E+000 -0.131028262406404E+000 -0.149332020024891E+003
  0.100000000000000E+001  0.289547278124353E+003  0.171075961399622E+001  0.996448729644924E+000  0.237370374479992E+000  0.221120468811130E+000 -0.131028262406404E+000 -0.144773639062176E+003
  0.100000000000000E+001  0.290261076913967E+003  0.144685342603542E+001  0.515197178365857E+000  0.353102768569110E-001  0.321698530646635E+000 -0.131028262406404E+000 -0.145130538456983E+003
  0.100000000000000E+001  0.294711005748231E+003  0.189836998033153E+001  0.183563471717885E+001  0.130070836946348E+000  0.338380811652753E+000 -0.131028262406404E+000 -0.147355502874115E+003
  0.100000000000000E+001  0.286540222799956E+003  0.114483298883812E+001  0.164526342520855E+001  0.865515619817659E+000  0.167344238824942E+000 -0.131028262406404E+000 -0.143270111399978E+003
  0.100000000000000E+001  0.290808146396465E+003  0.184341863483522E+001  0.171163885739995E+001  0.281839698266284E+000  0.242652490570752E+000 -0.131028262406404E+000 -0.145404073198233E+003
  0.100000000000000E+001  0.286978582537281E+003  0.108357646456494E+001  0.166332202565548E+001  0.862842006193953E+000  0.212130519834485E+000 -0.131028262406404E+000 -0.143489291268640E+003
  0.100000000000000E+001  0.286284735029435E+003  0.804535641914306E+000  0.596021399615408E+000  0.610151641158612E+000  0.209872059515333E+000 -0.131028262406404E+000 -0.143142367514717E+003
  0.100000000000000E+001  0.285470526767126E+003  0.474173073217584E+000  0.177764790424474E+001  0.634065820952572E+000  0.162023686038229E+000 -0.131028262406404E+000 -0.142735263383563E+003
  0.100000000000000E+001  0.299667112175028E+003  0.178782070201521E+001  0.126835092597733E+001  0.952311604286866E+000  0.444321709395055E+000 -0.131028262406404E+000 -0.149833556087514E+003
  0.100000000000000E+001  0.294037352267129E+003  0.181649625612789E+001  0.163986655557682E+001  0.127104492407475E+000  0.325851582801901E+000 -0.131028262406404E+000 -0.147018676133564E+003
  0.100000000000000E+001  0.285293679075299E+003  0.213311237523753E+000  0.187484572734968E+001  0.749369397165742E+000  0.233665103638802E+000 -0.131028262406404E+000 -0.142646839537649E+003
  0.100000000000000E+001  0.286862335451305E+003  0.675870722142902E+000  0.145425362683439E+001  0.975863978324345E+000  0.331588493403624E+000 -0.131028262406404E+000 -0.143431167725653E+003
  0.100000000000000E+001  0.293681796530626E+003  0.140998316850098E+001  0.159236661887752E+001  0.304859564432169E-002  0.430466385938083E+000 -0.131028262406404E+000 -0.146840898265313E+003
  0.100000000000000E+001  0.285769756391681E+003  0.296862858990648E+000  0.956466169790943E+000  0.271523547512350E+000  0.363462172963095E+000 -0.131028262406404E+000 -0.142884878195841E+003
  0.100000000000000E+001  0.286516991938958E+003  0.912490445157547E+000  0.122100594422638E+001  0.214493697872524E+000  0.204544819856540E+000 -0.131028262406404E+000 -0.143258495969479E+003
  0.100000000000000E+001  0.286049086986134E+003  0.118344677857426E+001  0.152085130490772E+001  0.724455178981146E+000  0.121656942330647E+000 -0.131028262406404E+000 -0.143024543493067E+003
  0.100000000000000E+001  0.285403182726289E+003  0.511175220441916E+000  0.621279411172432E+000  0.854425884624083E+000  0.121424511934610E+000 -0.131028262406404E+000 -0.142701591363144E+003
  0.100000000000000E+001  0.286801711144692E+003  0.678726674899230E+000  0.100533446946887E+001  0.347895916295203E+000  0.311604862974305E+000 -0.131028262406404E+000 -0.143400855572346E+003
  0.100000000000000E+001  0.285336617608600E+003  0.344624741629552E+000  0.133184107923562E+001  0.216050198147917E+000  0.149060601692634E+000 -0.131028262406404E+000 -0.142668308804300E+003
  0.100000000000000E+001  0.286026977743047E+003  0.801739735053386E+000  0.766644588431498E+000  0.290752080462174E-001  0.175784045469520E+000 -0.131028262406404E+000 -0.143013488871523E+003
  0.100000000000000E+001  0.288739115724306E+003  0.761892361949107E+000  0.833335707716952E+000  0.845991391411848E+000  0.477799009931734E+000 -0.131028262406404E+000 -0.144369557862153E+003
  0.100000000000000E+001  0.297590577094394E+003  0.167213847441120E+001  0.121704664193891E+001  0.413577569818394E+000  0.434388103655748E+000 -0.131028262406404E+000 -0.148795288547197E+003
  0.100000000000000E+001  0.285570705777104E+003  0.330702219089182E+000  0.103647214267813E+001  0.112617753071528E+000  0.257394057364421E+000 -0.131028262406404E+000 -0.142785352888552E+003
  0.100000000000000E+001  0.287005473297980E+003  0.156880859639720E+001  0.188463512985278E+001  0.405452921482027E-001  0.146459185772190E+000 -0.131028262406404E+000 -0.143502736648990E+003
  0.100000000000000E+001  0.286405071392144E+003  0.484987467103981E+000  0.128068899412979E+001  0.604372355191805E+000  0.371989324645853E+000 -0.131028262406404E+000 -0.143202535696072E+003
  0.100000000000000E+001  0.288956545218149E+003  0.141172770001793E+001  0.664209440496957E+000  0.937598303358927E+000  0.257440949655993E+000 -0.131028262406404E+000 -0.144478272609074E+003
  0.100000000000000E+001  0.285659960068021E+003  0.526931079648249E+000  0.145649512451246E+001  0.443745231540157E+000  0.191746211300761E+000 -0.131028262406404E+000 -0.142829980034011E+003
  0.100000000000000E+001  0.285853956162468E+003  0.337939808892523E+000  0.159114959752623E+001  0.296912512381147E-001  0.409096177418226E+000 -0.131028262406404E+000 -0.142926978081234E+003
  0.100000000000000E+001  0.285788882834501E+003  0.277524835339015E+000  0.158330197378348E+001  0.551473357489198E+000  0.483021412006353E+000 -0.131028262406404E+000 -0.142894441417251E+003
