  0.100000000000000E+001  0.294884379126176E+003  0.967446770683141E+000  0.159816076357740E+001  0.806784558884215E+000  0.100729641847737E+000 -0.131028262406404E+000 -0.147442189563088E+003
  0.100000000000000E+001  0.294581776347105E+003  0.112194510001857E+001  0.599751672806176E+000  0.594860943871587E+000  0.191997363980097E+000 -0.131028262406404E+000 -0.147290888173553E+003
  0.100000000000000E+001  0.297044960117930E+003  0.172697130843047E+001  0.932382026769188E+000  0.347251616326879E+000  0.347922899605984E+000 -0.131028262406404E+000 -0.148522480058965E+003
  0.100000000000000E+001  0.295270682139155E+003  0.121579713920888E+000  0.134792965147619E+001  0.235823746728859E+000  0.260441924158843E+000 -0.131028262406404E+000 -0.147635341069578E+003
  0.100000000000000E+001  0.294600882774978E+003  0.741445252832167E+000  0.707601387197531E+000  0.960652791487209E+000  0.233210637647622E+000 -0.131028262406404E+000 -0.147300441387489E+003
  0.100000000000000E+001  0.294824138206266E+003  0.150296907834259E+001  0.869365579904469E+000  0.981352824721152E+000  0.197677518290951E+000 -0.131028262406404E+000 -0.147412069103133E+003
  0.100000000000000E+001  0.294576018429606E+003  0.495817777408344E+000  0.842638102915623E+000  0.621682550988832E+000  0.351782241129057E+000 -0.131028262406404E+000 -0.147288009214803E+003
  0.100000000000000E+001  0.294982873432012E+003  0.369226421010212E+000  0.138612925116144E+001  0.528460249450143E+000  0.213034090093743E+000 -0.131028262406404E+000 -0.147491436716006E+003
  0.100000000000000E+001  0.294776015371960E+003  0.867185570678575E+000  0.165607971644631E+001  0.228737526863662E-001  0.165829306678282E+000 -0.131028262406404E+000 -0.147388007685980E+003
  0.100000000000000E+001  0.295145842645398E+003  0.396390820110078E+000  0.159704590020258E+001  0.703848621897480E+000  0.122372913261633E+000 -0.131028262406404E+000 -0.147572921322699E+003
  0.100000000000000E+001  0.294946896941351E+003  0.268829078416658E+000  0.634625580718461E+000  0.884437150230720E+000  0.296465511161145E+000 -0.131028262406404E+000 -0.147473448470676E+003
  0.100000000000000E+001  0.294847597333440E+003  0.775896044077046E+000  0.162490050330759E+001  0.971156647622383E-001  0.142771370964452E+000 -0.131028262406404E+000 -0.147423798666720E+003
  0.100000000000000E+001  0.294873263234624E+003  0.311204597987676E+000  0.138808125049320E+001  0.689642811925112E+000  0.419553761988991E+000 -0.131028262406404E+000 -0.147436631617312E+003
  0.100000000000000E+001  0.295423799468035E+003  0.171189674867717E+001  0.508641857089308E+000  0.539228633860260E+000  0.309210934784522E+000 -0.131028262406404E+000 -0.147711899734017E+003
  0.100000000000000E+001  0.295000497343857E+003  0.366222656406598E+000  0.120758198966704E+001  0.494989664001343E+000  0.198436664241998E+000 -0.131028262406404E+000 -0.147500248671928E+003
  0.100000000000000E+001  0.294740280374004E+003  0.134436928940121E+001  0.175971132838476E+001  0.869114892389812E+000  0.136041408588535E+000 -0.131028262406404E+000 -0.147370140187002E+003
  0.100000000000000E+001  0.294784110570854E+003  0.198986342008883E+001  0.153977798719569E+001  0.944785350578788E+000  0.117390504630554E+000 -0.131028262406404E+000 -0.147392055285427E+003
  0.100000000000000E+001  0.295204930352567E+003  0.224741146074852E+000  0.169092736781036E+001  0.758191892714983E+000  0.185594499186985E+000 -0.131028262406404E+000 -0.147602465176284E+003
  0.100000000000000E+001  0.297690224689086E+003  0.151230264783608E+001  0.107589034462349E+001  0.766533558939600E+000  0.428876943558085E+000 -0.131028262406404E+000 -0.148845112344543E+003
  0.100000000000000E+001  0.294812620027507E+003  0.173606233805687E+001  0.197512443788110E+001  0.878177388803601E+000  0.131287921910143E+000 -0.131028262406404E+000 -0.147406310013753E+003
  0.100000000000000E+001  0.294801584719947E+003  0.702297242560316E+000  0.168168735532819E+001  0.725543983183545E+000  0.202930379524523E+000 -0.131028262406404E+000 -0.147400792359973E+003
  0.100000000000000E+001  0.296462959448981E+003  0.135118130438821E+001  0.181687236377157E+001  0.469392500271621E+000  0.329971864457486E+000 -0.131028262406404E+000 -0.148231479724490E+003
  0.100000000000000E+001  0.294337037769882E+003  0.714516326912211E+000  0.703768894216307E+000  0.303464940504361E+000  0.461428488998271E+000 -0.131028262406404E+000 -0.147168518884941E+003
  0.100000000000000E+001  0.297438925466198E+003  0.144096228728531E+001  0.190196440069941E+001  0.945101776282839E+000  0.362745157575470E+000 -0.131028262406404E+000 -0.148719462733099E+003
  0.100000000000000E+001  0.296926489507462E+003  0.151782622621361E+001  0.123764298536746E+001  0.632259051105668E+000  0.353487960555456E+000 -0.131028262406404E+000 -0.148463244753731E+003
  0.100000000000000E+001  0.295561303708757E+003  0.180439176473193E+001  0.540646390416858E+000  0.856369915070781E+000  0.284761252413277E+000 -0.131028262406404E+000 -0.147780651854379E+003
  0.100000000000000E+001  0.295062212707351E+003  0.395557824763422E+000  0.124633731854725E+001  0.777278125931261E+000  0.155014491480623E+000 -0.131028262406404E+000 -0.147531106353675E+003
  0.100000000000000E+001  0.294681594909503E+003  0.130851925806183E+001  0.106297891828846E+001  0.835979496666936E+000  0.136308030701163E+000 -0.131028262406404E+000 -0.147340797454752E+003
  0.100000000000000E+001  0.294580128174765E+003  0.386755904837747E+000  0.727327655370787E+000  0.892616554584442E-001  0.418781238657950E+000 -0.131028262406404E+000 -0.147290064087383E+003
  0.100000000000000E+001  0.294750858167766E+003  0.142784449012755E+001  0.143103086599025E+001  0.391648659316007E+000  0.154917156278241E+000 -0.131028262406404E+000 -0.147375429083883E+003
  0.100000000000000E+001  0.294692953504152E+003  0.652905862373488E+000  0.878478384355822E+000  0.980223703627347E+000  0.219806617303359E+000 -0.131028262406404E+000 -0.147346476752076E+003
  0.100000000000000E+001  0.297489339622192E+003  0.133863408904425E+001  0.182189295728815E+001  0.917069960299045E+000  0.395237147752950E+000 -0.131028262406404E+000 -0.148744669811096E+003
  0.100000000000000E+001  0.299006800177285E+003  0.163627989637122E+001  0.192262356818571E+001  0.749468865070821E+000  0.382561684284566E+000 -0.131028262406404E+000 -0.149503400088642E+003
  0.100000000000000E+001  0.296035081512834E+003  0.123324596472998E+001  0.156506052511463E+001  0.479039328718107E+000  0.341382396555402E+000 -0.131028262406404E+000 -0.148017540756417E+003
  0.100000000000000E+001  0.294790972260113E+003  0.760125303348323E+000  0.129514446942852E+001  0.192060389037510E+000  0.162022840006822E+000 -0.131028262406404E+000 -0.147395486130056E+003
  0.100000000000000E+001  0.294999688704820E+003  0.661382432896147E+000  0.184538311656843E+001  0.852609870926225E+000  0.112910350855512E+000 -0.131028262406404E+000 -0.147499844352410E+003
  0.100000000000000E+001  0.303707898527961E+003  0.184218487087912E+001  0.178931541291266E+001  0.455678966161333E+000  0.469990152285142E+000 -0.131028262406404E+000 -0.151853949263980E+003
  0.100000000000000E+001  0.294870335636522E+003  0.397883523712417E+000  0.115384379569978E+001  0.562655233558099E+000  0.251382591325285E+000 -0.131028262406404E+000 -0.147435167818261E+003
  0.100000000000000E+001  0.295089694457811E+003  0.996067437644032E+000  0.175870362517260E+001  0.309412354757145E+000  0.280948441630772E+000 -0.131028262406404E+000 -0.147544847228906E+003
  0.100000000000000E+001  0.295012139378467E+003  0.497192770087377E+000  0.931894775386349E+000  0.199901464157974E+000  0.138286889682536E+000 -0.131028262406404E+000 -0.147506069689233E+003
  0.100000000000000E+001  0.294855072409290E+003  0.675235244791662E+000  0.197170501185952E+001  0.177244901369297E+000  0.215440933922313E+000 -0.131028262406404E+000 -0.147427536204645E+003
  0.100000000000000E+001  0.294930120835876E+003  0.813043581386455E+000  0.884862884332962E+000  0.828527254460985E+000  0.103632299199173E+000 -0.131028262406404E+000 -0.147465060417938E+003
  0.100000000000000E+001  0.297068739251293E+003  0.158201650275207E+001  0.808979508888785E+000  0.533153355531558E+000  0.438411970657774E+000 -0.131028262406404E+000 -0.148534369625647E+003
  0.100000000000000E+001  0.294615994445267E+003  0.488515619733284E+000  0.644978169443695E+000  0.409874788616491E+000  0.311405106864793E+000 -0.131028262406404E+000 -0.147307997222633E+003
  0.100000000000000E+001  0.301966760256900E+003  0.181657632190364E+001  0.176240214344127E+001  0.156620148541755E+000  0.430025076464732E+000 -0.131028262406404E+000 -0.150983380128450E+003
  0.100000000000000E+001  0.297016492879659E+003  0.166398393088357E+001  0.111798666774173E+001  0.995647836765218E+000  0.334331739230598E+000 -0.131028262406404E+000 -0.148508246439830E+003
  0.100000000000000E+001  0.294929953274705E+003  0.500899468273175E+000  0.537103454336344E+000  0.430764204025774E+000  0.165657228067179E+000 -0.131028262406404E+000 -0.147464976637353E+003
  0.100000000000000E+001  0.298465247476977E+003  0.170834148429382E+001  0.965940009438563E+000  0.255524426537609E+000  0.426910194947267E+000 -0.131028262406404E+000 -0.149232623738488E+003
  0.100000000000000E+001  0.294881454282390E+003  0.131951048804010E+001  0.129977020777748E+001  0.182636355720165E+000  0.209143064733295E+000 -0.131028262406404E+000 -0.147440727141195E+003
  0.100000000000000E+001  0.294579601850381E+003  0.106192046891842E+001  0.623695808409423E+000  0.686794335771187E-001  0.197669369176661E+000 -0.131028262406404E+000 -0.147289800925191E+003
  0.100000000000000E+001  0.295331736360747E+003  0.128029812782240E+001  0.199774913352584E+001  0.937458588854771E+000  0.248427449524821E+000 -0.131028262406404E+000 -0.147665868180374E+003
  0.100000000000000E+001  0.294380515782378E+003  0.629985975035984E+000  0.675556792093695E+000  0.779795882985118E+000  0.395365216772923E+000 -0.131028262406404E+000 -0.147190257891189E+003
  0.100000000000000E+001  0.294558127542483E+003  0.937389500121697E+000  0.787505792682818E+000  0.755823523732322E+000  0.276239555205699E+000 -0.131028262406404E+000 -0.147279063771242E+003
  0.100000000000000E+001  0.294819693090351E+003  0.627936970516518E+000  0.132899233807551E+001  0.685859857204319E+000  0.407996039797531E+000 -0.131028262406404E+000 -0.147409846545176E+003
  0.100000000000000E+001  0.294679456735767E+003  0.148914265053045E+001  0.999305426177918E+000  0.166605775184667E+000  0.122792978271221E+000 -0.131028262406404E+000 -0.147339728367883E+003
  0.100000000000000E+001  0.294761794429792E+003  0.763815459284065E+000  0.151485748209363E+001  0.629977721916305E+000  0.196714663430507E+000 -0.131028262406404E+000 -0.147380897214896E+003
  0.100000000000000E+001  0.295143586298795E+003  0.318118820140180E+000  0.792726168038760E+000  0.112074237164924E+000  0.149208719154636E+000 -0.131028262406404E+000 -0.147571793149397E+003
  0.100000000000000E+001  0.294613832498840E+003  0.699411442682751E+000  0.561532728048500E+000  0.565488519749722E+000  0.229550662646787E+000 -0.131028262406404E+000 -0.147306916249420E+003
  0.100000000000000E+001  0.294772408231791E+003  0.119914564593653E+001  0.155522347564003E+001  0.925070311596898E-001  0.182350757318373E+000 -0.131028262406404E+000 -0.147386204115895E+003
  0.100000000000000E+001  0.295004741519861E+003  0.481227531475624E+000  0.171282609660221E+001  0.791852900156252E+000  0.427085549640546E+000 -0.131028262406404E+000 -0.147502370759931E+003
  0.100000000000000E+001  0.296937490388890E+003  0.151157657884541E+001  0.988639178702060E+000  0.947227613904034E-001  0.399908082554124E+000 -0.131028262406404E+000 -0.148468745194445E+003
  0.100000000000000E+001  0.295507582097581E+003  0.171619765058988E+001  0.124796049730446E+001  0.161996762554143E-001  0.221142972379351E+000 -0.131028262406404E+000 -0.147753791048790E+003
  0.100000000000000E+001  0.295032218162999E+003  0.212240657111785E+000  0.147489246393102E+001  0.875363678798269E+000  0.408482609495350E+000 -0.131028262406404E+000 -0.147516109081499E+003
  0.100000000000000E+001  0.294609042614685E+003  0.396857352923454E+000  0.719363561223070E+000  0.339608941672104E+000  0.387012444419152E+000 -0.131028262406404E+000 -0.147304521307343E+003
  0.100000000000000E+001  0.294554724634855E+003  0.973118713756950E+000  0.747404064153873E+000  0.503948939468047E+000  0.265917141629662E+000 -0.131028262406404E+000 -0.147277362317428E+003
  0.100000000000000E+001  0.294941517948478E+003  0.341665856417714E+000  0.164515915729500E+001  0.409355301908820E+000  0.362862625054211E+000 -0.131028262406404E+000 -0.147470758974239E+003
  0.100000000000000E+001  0.296297000190617E+003  0.145633032906733E+001  0.187979220791085E+001  0.628087096783118E-001  0.295192369032911E+000 -0.131028262406404E+000 -0.148148500095308E+003
  0.100000000000000E+001  0.294765636922132E+003  0.813124217120254E+000  0.118657599154381E+001  0.882494800287411E+000  0.159063386593274E+000 -0.131028262406404E+000 -0.147382818461066E+003
  0.100000000000000E+001  0.295147313324333E+003  0.749050373557089E+000  0.151554966927412E+001  0.613383348349371E+000  0.407190319016825E+000 -0.131028262406404E+000 -0.147573656662166E+003
  0.100000000000000E+001  0.294936816535660E+003  0.150184656893118E+001  0.110056766463637E+001  0.424982653170843E+000  0.201619769103069E+000 -0.131028262406404E+000 -0.147468408267830E+003
  0.100000000000000E+001  0.294712332675148E+003  0.176682764890209E+001  0.120629211444381E+001  0.123640712852265E+000  0.119544910544620E+000 -0.131028262406404E+000 -0.147356166337574E+003
  0.100000000000000E+001  0.296289766680859E+003  0.115952925507110E+001  0.103219370934650E+001  0.305587939742045E+000  0.493864469476159E+000 -0.131028262406404E+000 -0.148144883340429E+003
  0.100000000000000E+001  0.294991611593806E+003  0.721014444129371E+000  0.181352648845697E+001  0.769924286194421E+000  0.104837439349127E+000 -0.131028262406404E+000 -0.147495805796903E+003
  0.100000000000000E+001  0.294876234716592E+003  0.123348068585199E+001  0.840833582795948E+000  0.565515815055641E+000  0.289339604135059E+000 -0.131028262406404E+000 -0.147438117358296E+003
  0.100000000000000E+001  0.294650303970663E+003  0.527361410700527E+000  0.659652416520788E+000  0.727011466037077E+000  0.275110020908125E+000 -0.131028262406404E+000 -0.147325151985331E+003
  0.100000000000000E+001  0.294858930782118E+003  0.148455663963569E+001  0.194435940829472E+001  0.588028936600752E+000  0.159933799787222E+000 -0.131028262406404E+000 -0.147429465391059E+003
  0.100000000000000E+001  0.294890072445426E+003  0.409753790146804E+000  0.154309207457261E+001  0.259869256730362E+000  0.272729856540106E+000 -0.131028262406404E+000 -0.147445036222713E+003
  0.100000000000000E+001  0.294683471676371E+003  0.116107615916385E+001  0.597592879211759E+000  0.666367481406278E+000  0.402175204508083E+000 -0.131028262406404E+000 -0.147341735838185E+003
  0.100000000000000E+001  0.294846145059862E+003  0.139850991529559E+001  0.113191027166369E+001  0.220263394817363E+000  0.200021290012387E+000 -0.131028262406404E+000 -0.147423072529931E+003
  0.100000000000000E+001  0.295108319572677E+003  0.236742396444264E+000  0.187771917930493E+001  0.275046533818293E+000  0.363553944726963E+000 -0.131028262406404E+000 -0.147554159786339E+003
  0.100000000000000E+001  0.295400311556926E+003  0.116612766217583E+000  0.199157765395880E+001  0.474897840040161E+000  0.119257405754204E+000 -0.131028262406404E+000 -0.147700155778463E+003
  0.100000000000000E+001  0.294610581599074E+003  0.457554103739437E+000  0.752252047592836E+000  0.109591960648567E+000  0.341015666659770E+000 -0.131028262406404E+000 -0.147305290799537E+003
  0.100000000000000E+001  0.294320645537186E+003  0.732191606897366E+000  0.545947757515739E+000  0.993584111763857E-001  0.374881197124911E+000 -0.131028262406404E+000 -0.147160322768593E+003
  0.100000000000000E+001  0.295492444519719E+003  0.114415678036966E+001  0.159436334435101E+001  0.601908314441707E-001  0.311695962033871E+000 -0.131028262406404E+000 -0.147746222259859E+003
  0.100000000000000E+001  0.294735473930745E+003  0.138890127269279E+001  0.115487625200588E+001  0.538747195563916E+000  0.170405825939425E+000 -0.131028262406404E+000 -0.147367736965373E+003
  0.100000000000000E+001  0.296560326945462E+003  0.156793217190640E+001  0.962150298455936E+000  0.115135849250460E+000  0.357956361174476E+000 -0.131028262406404E+000 -0.148280163472731E+003
  0.100000000000000E+001  0.297019291994940E+003  0.185933936348378E+001  0.840437222368765E+000  0.857063396141933E+000  0.327170129610503E+000 -0.131028262406404E+000 -0.148509645997470E+003
  0.100000000000000E+001  0.295241045181427E+003  0.191659731730445E+001  0.530068258620646E+000  0.788030887416852E-001  0.218094946271563E+000 -0.131028262406404E+000 -0.147620522590713E+003
  0.100000000000000E+001  0.296759406008951E+003  0.142667615501033E+001  0.149844453171428E+001  0.333096809897193E+000  0.343990166748569E+000 -0.131028262406404E+000 -0.148379703004476E+003
  0.100000000000000E+001  0.296949518205179E+003  0.126307287164453E+001  0.121505659413091E+001  0.886122187431081E+000  0.449600915186431E+000 -0.131028262406404E+000 -0.148474759102589E+003
  0.100000000000000E+001  0.295267409817330E+003  0.123232201608120E+000  0.188713672526976E+001  0.975044847576689E-001  0.449556619310459E+000 -0.131028262406404E+000 -0.147633704908665E+003
  0.100000000000000E+001  0.296617834912107E+003  0.179568947810741E+001  0.558953070476812E+000  0.913079065571193E+000  0.415791596273583E+000 -0.131028262406404E+000 -0.148308917456054E+003
  0.100000000000000E+001  0.297104287885914E+003  0.187060576440870E+001  0.531945526256093E+000  0.275771122978197E-001  0.450316444042006E+000 -0.131028262406404E+000 -0.148552143942957E+003
  0.100000000000000E+001  0.296063089498396E+003  0.169973763774975E+001  0.153782888659363E+001  0.379297506045353E+000  0.247881257984438E+000 -0.131028262406404E+000 -0.148031544749198E+003
  0.100000000000000E+001  0.294679813031274E+003  0.709028718517250E+000  0.102933094095672E+001  0.606788554070463E+000  0.222359853564029E+000 -0.131028262406404E+000 -0.147339906515637E+003
  0.100000000000000E+001  0.295043523962304E+003  0.858662227459160E+000  0.104002722549509E+001  0.875915824282091E+000  0.475470965730247E+000 -0.131028262406404E+000 -0.147521761981152E+003
  0.100000000000000E+001  0.294951576932308E+003  0.606521854386925E+000  0.109605185334069E+001  0.209741117234328E-001  0.132795419047822E+000 -0.131028262406404E+000 -0.147475788466154E+003
  0.100000000000000E+001  0.294345873983538E+003  0.635857396362545E+000  0.614936091530108E+000  0.155329839555310E+000  0.399751186579634E+000 -0.131028262406404E+000 -0.147172936991769E+003
  0.100000000000000E+001  0.294541467605494E+003  0.929132522673760E+000  0.740906587894603E+000  0.261247600356944E+000  0.384506502693730E+000 -0.131028262406404E+000 -0.147270733802747E+003
  0.100000000000000E+001  0.296821113807365E+003  0.179290204180258E+001  0.103590861424289E+001  0.722327421894889E+000  0.303098294734274E+000 -0.131028262406404E+000 -0.148410556903682E+003
  0.100000000000000E+001  0.295213635617871E+003  0.942674264992350E+000  0.196373765315528E+001  0.925565836430152E+000  0.302445678180852E+000 -0.131028262406404E+000 -0.147606817808935E+003
  0.100000000000000E+001  0.294476863764912E+003  0.637037342430969E+000  0.875664834537235E+000  0.762035323327300E+000  0.496074196903331E+000 -0.131028262406404E+000 -0.147238431882456E+003
  0.100000000000000E+001  0.295269300069492E+003  0.124936185764034E+000  0.189674558006726E+001  0.469167176624198E-001  0.477198452005197E+000 -0.131028262406404E+000 -0.147634650034746E+003
  0.100000000000000E+001  0.300257188356121E+003  0.149786974820487E+001  0.161486230471907E+001  0.479969615912311E+000  0.479016324840936E+000 -0.131028262406404E+000 -0.150128594178060E+003
  0.100000000000000E+001  0.294697676860194E+003  0.887380134065086E+000  0.123087783268100E+001  0.818302086299402E+000  0.190967959705482E+000 -0.131028262406404E+000 -0.147348838430097E+003
  0.100000000000000E+001  0.295738677666365E+003  0.178140329705472E+001  0.106498849760006E+001  0.506626423350022E+000  0.237726139875516E+000 -0.131028262406404E+000 -0.147869338833183E+003
  0.100000000000000E+001  0.298068288651879E+003  0.172117593921926E+001  0.184047036695733E+001  0.768356050599431E+000  0.327438333164133E+000 -0.131028262406404E+000 -0.149034144325940E+003
  0.100000000000000E+001  0.295193515295096E+003  0.153324638740270E+001  0.101940672023265E+001  0.453935250503034E+000  0.236438517299471E+000 -0.131028262406404E+000 -0.147596757647548E+003
  0.100000000000000E+001  0.297135956407327E+003  0.189563454493595E+001  0.934110432604423E+000  0.307554839464603E+000  0.309675629513476E+000 -0.131028262406404E+000 -0.148567978203664E+003
  0.100000000000000E+001  0.294789350972160E+003  0.531319364850495E+000  0.148014000327056E+001  0.692170744327218E-001  0.314692640631336E+000 -0.131028262406404E+000 -0.147394675486080E+003
  0.100000000000000E+001  0.296404053248548E+003  0.171648820098185E+001  0.193492801403280E+001  0.306330796310722E+000  0.256341469777229E+000 -0.131028262406404E+000 -0.148202026624274E+003
  0.100000000000000E+001  0.294696878662374E+003  0.129134088897784E+001  0.118105485862713E+001  0.217448900930285E-001  0.130994182822511E+000 -0.131028262406404E+000 -0.147348439331187E+003
  0.100000000000000E+001  0.299685263720090E+003  0.149203074670708E+001  0.137801993970524E+001  0.376768764477823E+000  0.481657590443378E+000 -0.131028262406404E+000 -0.149842631860045E+003
  0.100000000000000E+001  0.294711596316531E+003  0.165341718871412E+001  0.128905074952793E+001  0.560996773174394E+000  0.124183783737947E+000 -0.131028262406404E+000 -0.147355798158266E+003
  0.100000000000000E+001  0.295698827265032E+003  0.123980532536128E+001  0.821344499870256E+000  0.306963944372336E+000  0.462283271857496E+000 -0.131028262406404E+000 -0.147849413632516E+003
  0.100000000000000E+001  0.301187601270488E+003  0.181904727113095E+001  0.110365531149377E+001  0.317976186286742E+000  0.469856558601049E+000 -0.131028262406404E+000 -0.150593800635244E+003
  0.100000000000000E+001  0.295345717906077E+003  0.101037115354530E+001  0.150910202539599E+001  0.513667013705171E+000  0.340568279485852E+000 -0.131028262406404E+000 -0.147672858953039E+003
  0.100000000000000E+001  0.294621242413920E+003  0.713009752623522E+000  0.104315956207641E+001  0.411199130735623E+000  0.282411592433645E+000 -0.131028262406404E+000 -0.147310621206960E+003
  0.100000000000000E+001  0.294686878201970E+003  0.175581320615211E+001  0.669136528332800E+000  0.767829493006426E+000  0.135110498899315E+000 -0.131028262406404E+000 -0.147343439100985E+003
  0.100000000000000E+001  0.294500326946856E+003  0.408468327585883E+000  0.542551590483210E+000  0.850780105629411E+000  0.435905613955126E+000 -0.131028262406404E+000 -0.147250163473428E+003
  0.100000000000000E+001  0.295504198118600E+003  0.999349263004647E+000  0.198661354557090E+001  0.986952409044044E+000  0.329869372930247E+000 -0.131028262406404E+000 -0.147752099059300E+003
  0.100000000000000E+001  0.295025410950283E+003  0.277275878134413E+000  0.170666932177521E+001  0.627672117017460E+000  0.329261644747173E+000 -0.131028262406404E+000 -0.147512705475141E+003
  0.100000000000000E+001  0.295015781400959E+003  0.182887617870060E+001  0.651377010916617E+000  0.568981029112650E+000  0.193037925707310E+000 -0.131028262406404E+000 -0.147507890700480E+003
  0.100000000000000E+001  0.295397210580620E+003  0.128154898340054E+000  0.588573954686505E+000  0.431865714905354E+000  0.106723950565454E+000 -0.131028262406404E+000 -0.147698605290310E+003
  0.100000000000000E+001  0.295837919670212E+003  0.199112092174460E+001  0.713308420784405E+000  0.228697180553257E+000  0.238922091702948E+000 -0.131028262406404E+000 -0.147918959835106E+003
  0.100000000000000E+001  0.294929669239071E+003  0.564245291114818E+000  0.110217677631105E+001  0.952703530771408E+000  0.150746350126111E+000 -0.131028262406404E+000 -0.147464834619535E+003
  0.100000000000000E+001  0.294762980700880E+003  0.120354953976300E+001  0.193509005865973E+001  0.317618695607693E+000  0.128806113861285E+000 -0.131028262406404E+000 -0.147381490350440E+003
  0.100000000000000E+001  0.294705974890825E+003  0.122781601667797E+001  0.119160409816679E+001  0.406214639688639E-001  0.177797240355728E+000 -0.131028262406404E+000 -0.147352987445412E+003
  0.100000000000000E+001  0.294708568520170E+003  0.506500426064267E+000  0.120204476112007E+001  0.489941172316170E+000  0.467688066704655E+000 -0.131028262406404E+000 -0.147354284260085E+003
  0.100000000000000E+001  0.296950544713754E+003  0.172588296985310E+001  0.673912352749529E+000  0.842452581431276E+000  0.421398603901495E+000 -0.131028262406404E+000 -0.148475272356877E+003
  0.100000000000000E+001  0.297601856239078E+003  0.173284077190226E+001  0.119456510884933E+001  0.171942603151297E-001  0.337858479650825E+000 -0.131028262406404E+000 -0.148800928119539E+003
  0.100000000000000E+001  0.296971581348441E+003  0.198578492708029E+001  0.188172494424956E+001  0.493172095660762E+000  0.244526262778955E+000 -0.131028262406404E+000 -0.148485790674221E+003
  0.100000000000000E+001  0.294884792013150E+003  0.805242403105199E+000  0.101915124426647E+001  0.690543440042766E+000  0.117098266233624E+000 -0.131028262406404E+000 -0.147442396006575E+003
  0.100000000000000E+001  0.295104038188581E+003  0.177558620806210E+001  0.122626384598788E+001  0.361256968219875E+000  0.180568876830222E+000 -0.131028262406404E+000 -0.147552019094291E+003
  0.100000000000000E+001  0.296355280242126E+003  0.141433303476831E+001  0.197187726631570E+001  0.423483750064083E+000  0.306433072814524E+000 -0.131028262406404E+000 -0.148177640121063E+003
  0.100000000000000E+001  0.294768056423142E+003  0.169998201842165E+001  0.142996093824324E+001  0.380276296155472E+000  0.135487822402639E+000 -0.131028262406404E+000 -0.147384028211571E+003
  0.100000000000000E+001  0.294713607966547E+003  0.161273330039224E+001  0.112918737086893E+001  0.582529085178105E+000  0.136662419783887E+000 -0.131028262406404E+000 -0.147356803983273E+003
  0.100000000000000E+001  0.294779157803250E+003  0.186524741364120E+001  0.140398562874860E+001  0.457196549525526E+000  0.126563959254029E+000 -0.131028262406404E+000 -0.147389578901625E+003
  0.100000000000000E+001  0.294793579435581E+003  0.651069841873275E+000  0.146417452843603E+001  0.812015932690618E+000  0.323339119134292E+000 -0.131028262406404E+000 -0.147396789717791E+003
  0.100000000000000E+001  0.294731380161080E+003  0.811473867725254E+000  0.137082807330068E+001  0.404400633542360E+000  0.254286771879881E+000 -0.131028262406404E+000 -0.147365690080540E+003
  0.100000000000000E+001  0.295269263173259E+003  0.106408928726529E+001  0.193203723450918E+001  0.783474148727513E+000  0.284453122675913E+000 -0.131028262406404E+000 -0.147634631586629E+003
  0.100000000000000E+001  0.295619782768544E+003  0.942054908907559E+000  0.190021263728765E+001  0.368282667174590E+000  0.366671928618315E+000 -0.131028262406404E+000 -0.147809891384272E+003
  0.100000000000000E+001  0.294499032808492E+003  0.690767915944431E+000  0.879104839816567E+000  0.921615793791928E+000  0.393461949114184E+000 -0.131028262406404E+000 -0.147249516404246E+003
  0.100000000000000E+001  0.294826056356807E+003  0.179808497937352E+001  0.841353447955499E+000  0.524008566980185E+000  0.157603301496216E+000 -0.131028262406404E+000 -0.147413028178403E+003
  0.100000000000000E+001  0.301008621405252E+003  0.178949398843580E+001  0.170196216255055E+001  0.906736176942268E+000  0.410378155376452E+000 -0.131028262406404E+000 -0.150504310702626E+003
  0.100000000000000E+001  0.295009862819340E+003  0.170579726895074E+001  0.168410165781225E+001  0.995448914588585E+000  0.166609006599924E+000 -0.131028262406404E+000 -0.147504931409670E+003
  0.100000000000000E+001  0.294357282197269E+003  0.840590968135544E+000  0.571514489098032E+000  0.819933271204312E+000  0.355567433508645E+000 -0.131028262406404E+000 -0.147178641098635E+003
  0.100000000000000E+001  0.295628458164037E+003  0.137490548640843E+001  0.662666178393725E+000  0.518603609761594E+000  0.459955322451425E+000 -0.131028262406404E+000 -0.147814229082018E+003
  0.100000000000000E+001  0.294795595153280E+003  0.113567581347773E+001  0.168771704190267E+001  0.113120101290898E+000  0.110519607560070E+000 -0.131028262406404E+000 -0.147397797576640E+003
  0.100000000000000E+001  0.298678614359745E+003  0.165086515810016E+001  0.897176361376499E+000  0.707164229726759E+000  0.484212930183971E+000 -0.131028262406404E+000 -0.149339307179872E+003
  0.100000000000000E+001  0.294651681617720E+003  0.994159699231477E+000  0.985623110940301E+000  0.828588688760664E+000  0.244595081493773E+000 -0.131028262406404E+000 -0.147325840808860E+003
  0.100000000000000E+001  0.296826773206594E+003  0.180711251992195E+001  0.162996842730060E+001  0.951507092355820E+000  0.266183466444599E+000 -0.131028262406404E+000 -0.148413386603297E+003
  0.100000000000000E+001  0.295171182941461E+003  0.155260374850704E+001  0.746158898477007E+000  0.973051037252346E+000  0.261983238672085E+000 -0.131028262406404E+000 -0.147585591470731E+003
  0.100000000000000E+001  0.294739082648271E+003  0.873273164010479E+000  0.909415809785711E+000  0.365240758893841E-001  0.431111545755191E+000 -0.131028262406404E+000 -0.147369541324135E+003
  0.100000000000000E+001  0.294870695022579E+003  0.954032257306082E+000  0.188275054628169E+001  0.398951503815889E+000  0.227825677747017E+000 -0.131028262406404E+000 -0.147435347511290E+003
  0.100000000000000E+001  0.295250016258010E+003  0.131384315035932E+001  0.668752015168731E+000  0.504982182046441E+000  0.417210249543908E+000 -0.131028262406404E+000 -0.147625008129005E+003
  0.100000000000000E+001  0.294818918844779E+003  0.162761582197430E+001  0.186134153421609E+001  0.734514611071604E+000  0.142100254216605E+000 -0.131028262406404E+000 -0.147409459422389E+003
  0.100000000000000E+001  0.294983435479389E+003  0.742163861450830E+000  0.149218763399979E+001  0.360574080082627E+000  0.369988048259751E+000 -0.131028262406404E+000 -0.147491717739695E+003
  0.100000000000000E+001  0.295148580579658E+003  0.175293973699202E+000  0.105841843315688E+001  0.358875678230107E+000  0.274733062142575E+000 -0.131028262406404E+000 -0.147574290289829E+003
  0.100000000000000E+001  0.294904101614269E+003  0.130391679385678E+001  0.121530701311440E+001  0.501379062013782E+000  0.222508166556157E+000 -0.131028262406404E+000 -0.147452050807134E+003
  0.100000000000000E+001  0.298534399945320E+003  0.184745258470216E+001  0.164290477117519E+001  0.621691063719105E-001  0.322335504333275E+000 -0.131028262406404E+000 -0.149267199972660E+003
  0.100000000000000E+001  0.294479287389484E+003  0.515806658308189E+000  0.900834593679666E+000  0.934907784056512E+000  0.475926447263244E+000 -0.131028262406404E+000 -0.147239643694742E+003
  0.100000000000000E+001  0.294896854735810E+003  0.827582517037665E+000  0.135960005340052E+001  0.173834637938508E+000  0.112816150407050E+000 -0.131028262406404E+000 -0.147448427367905E+003
  0.100000000000000E+001  0.294948667515889E+003  0.583138660521523E+000  0.116170234156781E+001  0.624678419848796E+000  0.139743309858551E+000 -0.131028262406404E+000 -0.147474333757945E+003
  0.100000000000000E+001  0.296118373288026E+003  0.168465420714109E+001  0.101940237963786E+001  0.273406162670400E+000  0.285934522800257E+000 -0.131028262406404E+000 -0.148059186644013E+003
  0.100000000000000E+001  0.295186264639431E+003  0.123715000377521E+001  0.867868497997448E+000  0.738727369905738E+000  0.351823094844072E+000 -0.131028262406404E+000 -0.147593132319715E+003
  0.100000000000000E+001  0.297765071270193E+003  0.167100292278868E+001  0.874469103998344E+000  0.229261117128815E-001  0.427407658304048E+000 -0.131028262406404E+000 -0.148882535635097E+003
  0.100000000000000E+001  0.295424181337555E+003  0.185253444968994E+001  0.798282479249802E+000  0.601028469416107E+000  0.221452528189391E+000 -0.131028262406404E+000 -0.147712090668778E+003
  0.100000000000000E+001  0.296118649144578E+003  0.174851786843894E+001  0.998947239073150E+000  0.119475292358056E-001  0.274623228125636E+000 -0.131028262406404E+000 -0.148059324572289E+003
  0.100000000000000E+001  0.294708635769736E+003  0.934118596649437E+000  0.993485191118322E+000  0.469100567092524E+000  0.158049545480345E+000 -0.131028262406404E+000 -0.147354317884868E+003
  0.100000000000000E+001  0.296816410614925E+003  0.124541594588127E+001  0.149347755447931E+001  0.842880971135789E+000  0.403498239091865E+000 -0.131028262406404E+000 -0.148408205307463E+003
  0.100000000000000E+001  0.295248177135550E+003  0.104737033867116E+000  0.152958283071253E+001  0.220573845913720E+000  0.404582769991653E+000 -0.131028262406404E+000 -0.147624088567775E+003
  0.100000000000000E+001  0.294895802830464E+003  0.600449538806746E+000  0.122341193336226E+001  0.139539461290586E-001  0.155518425167195E+000 -0.131028262406404E+000 -0.147447901415232E+003
  0.100000000000000E+001  0.302470527081225E+003  0.185456214539708E+001  0.116360563967939E+001  0.173771154472865E+000  0.487259275624781E+000 -0.131028262406404E+000 -0.151235263540612E+003
  0.100000000000000E+001  0.295110564076442E+003  0.416003880117701E+000  0.195096094045761E+001  0.268887031736268E+000  0.433981416895403E+000 -0.131028262406404E+000 -0.147555282038221E+003
  0.100000000000000E+001  0.294690842141902E+003  0.452210426897705E+000  0.849379419516885E+000  0.220032256741484E+000  0.304210669304876E+000 -0.131028262406404E+000 -0.147345421070951E+003
  0.100000000000000E+001  0.295339636953805E+003  0.108487709693862E+000  0.141677637079240E+001  0.653508970402321E+000  0.199524745711395E+000 -0.131028262406404E+000 -0.147669818476902E+003
  0.100000000000000E+001  0.294654061068032E+003  0.118287794895677E+001  0.666146801246746E+000  0.764215652341876E+000  0.286547093388842E+000 -0.131028262406404E+000 -0.147327030534016E+003
  0.100000000000000E+001  0.294677198178016E+003  0.470690309437099E+000  0.741234088051357E+000  0.909882975911249E+000  0.293747333850923E+000 -0.131028262406404E+000 -0.147338599089008E+003
  0.100000000000000E+001  0.298392288984146E+003  0.174058091252623E+001  0.754608286047382E+000  0.734770984313139E+000  0.488152904403396E+000 -0.131028262406404E+000 -0.149196144492073E+003
  0.100000000000000E+001  0.294704619372188E+003  0.110766406131463E+001  0.793678205431458E+000  0.900327152676121E+000  0.302316717782616E+000 -0.131028262406404E+000 -0.147352309686094E+003
  0.100000000000000E+001  0.295247107743885E+003  0.291868287548895E+000  0.185509246914478E+001  0.265880407265034E-001  0.116773902256999E+000 -0.131028262406404E+000 -0.147623553871942E+003
  0.100000000000000E+001  0.295012721601880E+003  0.520913688302725E+000  0.131313285962183E+001  0.278943081107323E+000  0.134340515511519E+000 -0.131028262406404E+000 -0.147506360800940E+003
  0.100000000000000E+001  0.297783679055470E+003  0.117091260698995E+001  0.179969708127366E+001  0.627464883021751E-001  0.475239766934016E+000 -0.131028262406404E+000 -0.148891839527735E+003
  0.100000000000000E+001  0.299929992978953E+003  0.175631481461279E+001  0.112456514692773E+001  0.920728263100268E+000  0.439783375671871E+000 -0.131028262406404E+000 -0.149964996489477E+003
  0.100000000000000E+001  0.294515351193898E+003  0.829513068741800E+000  0.752113760973223E+000  0.864849147013178E+000  0.286958351900915E+000 -0.131028262406404E+000 -0.147257675596949E+003
  0.100000000000000E+001  0.294724518715470E+003  0.414454176161986E+000  0.883429036177796E+000  0.607326719120362E+000  0.311704862888214E+000 -0.131028262406404E+000 -0.147362259357735E+003
  0.100000000000000E+001  0.294879834172503E+003  0.613013395867483E+000  0.122268008788796E+001  0.680674274832575E+000  0.158426393913248E+000 -0.131028262406404E+000 -0.147439917086251E+003
  0.100000000000000E+001  0.297023388152434E+003  0.155024497246280E+001  0.114621528362603E+001  0.225844581324569E+000  0.362178430752498E+000 -0.131028262406404E+000 -0.148511694076217E+003
  0.100000000000000E+001  0.294974180047976E+003  0.676795018589917E+000  0.175958059727700E+001  0.632761501033405E+000  0.337612045524176E+000 -0.131028262406404E+000 -0.147487090023988E+003
  0.100000000000000E+001  0.299410500055024E+003  0.155084101360410E+001  0.128648217458597E+001  0.441780057961397E+000  0.461090242624440E+000 -0.131028262406404E+000 -0.149705250027512E+003
  0.100000000000000E+001  0.294575633906970E+003  0.604158779890337E+000  0.101928707973444E+001  0.311917922369393E+000  0.422847265852075E+000 -0.131028262406404E+000 -0.147287816953485E+003
  0.100000000000000E+001  0.294977943789689E+003  0.775696623580279E+000  0.176554272415475E+001  0.321884826802249E+000  0.310130753984077E+000 -0.131028262406404E+000 -0.147488971894844E+003
  0.100000000000000E+001  0.294685079916123E+003  0.815175324786956E+000  0.119652633456452E+001  0.123563772721812E-001  0.269941953629494E+000 -0.131028262406404E+000 -0.147342539958062E+003
  0.100000000000000E+001  0.294541268319487E+003  0.891410459465930E+000  0.656078952482853E+000  0.667737811816256E+000  0.238890515616199E+000 -0.131028262406404E+000 -0.147270634159743E+003
  0.100000000000000E+001  0.295067792115656E+003  0.173367052288036E+001  0.197367664519641E+001  0.293138699342571E+000  0.165998354544740E+000 -0.131028262406404E+000 -0.147533896057828E+003
  0.100000000000000E+001  0.294970049940223E+003  0.409253157046026E+000  0.192372835180386E+001  0.343481316778284E+000  0.298582053828733E+000 -0.131028262406404E+000 -0.147485024970112E+003
  0.100000000000000E+001  0.295015590621937E+003  0.180589073380861E+000  0.874055992432367E+000  0.352590821268809E+000  0.389531821103352E+000 -0.131028262406404E+000 -0.147507795310969E+003
  0.100000000000000E+001  0.295759833385337E+003  0.114488541266268E+001  0.118092205755931E+001  0.807072464021806E+000  0.395443879568155E+000 -0.131028262406404E+000 -0.147879916692669E+003
  0.100000000000000E+001  0.294945924586097E+003  0.462849289269552E+000  0.186283646000854E+001  0.300685427922019E+000  0.330277453365345E+000 -0.131028262406404E+000 -0.147472962293048E+003
  0.100000000000000E+001  0.295108353199736E+003  0.153356914421518E+001  0.505184439451612E+000  0.753594524525358E-002  0.334449188072392E+000 -0.131028262406404E+000 -0.147554176599868E+003
  0.100000000000000E+001  0.296206293924614E+003  0.118043882057819E+001  0.105155252841564E+001  0.484766423471959E+000  0.465603017317529E+000 -0.131028262406404E+000 -0.148103146962307E+003
  0.100000000000000E+001  0.303779241621214E+003  0.193962469894661E+001  0.153957215451129E+001  0.661690760769997E+000  0.449612288006782E+000 -0.131028262406404E+000 -0.151889620810607E+003
  0.100000000000000E+001  0.296845262168838E+003  0.126356461155864E+001  0.156112116388542E+001  0.419698245136379E+000  0.392920687905211E+000 -0.131028262406404E+000 -0.148422631084419E+003
  0.100000000000000E+001  0.295627183219116E+003  0.186902369178086E+001  0.160041740478488E+001  0.232175093295719E+000  0.199882436332894E+000 -0.131028262406404E+000 -0.147813591609558E+003
  0.100000000000000E+001  0.294661086091275E+003  0.937788265783109E+000  0.105173448854545E+001  0.145337048637955E+000  0.253903394975555E+000 -0.131028262406404E+000 -0.147330543045637E+003
  0.100000000000000E+001  0.294781588479740E+003  0.730823310899388E+000  0.110584900023111E+001  0.574477266760564E+000  0.437751706156277E+000 -0.131028262406404E+000 -0.147390794239870E+003
  0.100000000000000E+001  0.294497363824453E+003  0.544048144213102E+000  0.552223971853918E+000  0.917526427138654E+000  0.339504041207241E+000 -0.131028262406404E+000 -0.147248681912226E+003
  0.100000000000000E+001  0.295095591971589E+003  0.154768043347718E+001  0.569492924990044E+000  0.798726584386007E+000  0.292782219461881E+000 -0.131028262406404E+000 -0.147547795985794E+003
  0.100000000000000E+001  0.294990637584384E+003  0.414613876128065E+000  0.106585297377952E+001  0.403467951230244E+000  0.176521294483317E+000 -0.131028262406404E+000 -0.147495318792192E+003
  0.100000000000000E+001  0.298311639602484E+003  0.129922321303161E+001  0.166701241441247E+001  0.178818494787005E+000  0.460972723979902E+000 -0.131028262406404E+000 -0.149155819801242E+003
  0.100000000000000E+001  0.295983851800266E+003  0.187438457578290E+001  0.117082331490330E+001  0.176272450677767E+000  0.232899804401350E+000 -0.131028262406404E+000 -0.147991925900133E+003
  0.100000000000000E+001  0.294807693925569E+003  0.804565556035646E+000  0.133704328581730E+001  0.121875281511040E+000  0.146646412065502E+000 -0.131028262406404E+000 -0.147403846962785E+003
  0.100000000000000E+001  0.294699325254220E+003  0.712451629141107E+000  0.124235464411478E+001  0.455833172859677E+000  0.238533719311667E+000 -0.131028262406404E+000 -0.147349662627110E+003
  0.100000000000000E+001  0.297487000067331E+003  0.164934871860632E+001  0.163345444166086E+001  0.803753114322503E+000  0.322314813746364E+000 -0.131028262406404E+000 -0.148743500033666E+003
  0.100000000000000E+001  0.295310804699552E+003  0.202108118311378E+000  0.186452024501675E+001  0.291456669762613E-002  0.126119807080250E+000 -0.131028262406404E+000 -0.147655402349776E+003
  0.100000000000000E+001  0.297075336024775E+003  0.152012817653114E+001  0.195368402742785E+001  0.757376084407743E+000  0.325232210143449E+000 -0.131028262406404E+000 -0.148537668012388E+003
  0.100000000000000E+001  0.294536883651506E+003  0.386020125642101E+000  0.728900258392032E+000  0.146881284952504E+000  0.453828902878347E+000 -0.131028262406404E+000 -0.147268441825753E+003
  0.100000000000000E+001  0.294769066231943E+003  0.365100041312903E+000  0.126286049522342E+001  0.442545427255547E+000  0.463335947027436E+000 -0.131028262406404E+000 -0.147384533115972E+003
  0.100000000000000E+001  0.295741830524109E+003  0.913570826433651E+000  0.170103050723755E+001  0.285270306532751E+000  0.409280580280339E+000 -0.131028262406404E+000 -0.147870915262054E+003
  0.100000000000000E+001  0.294714518029516E+003  0.664273550651746E+000  0.112805482326077E+001  0.566686060957678E+000  0.431864183078179E+000 -0.131028262406404E+000 -0.147357259014758E+003
  0.100000000000000E+001  0.294671477188452E+003  0.110462449220305E+001  0.108288953576372E+001  0.795211812133444E+000  0.170407000910465E+000 -0.131028262406404E+000 -0.147335738594226E+003
  0.100000000000000E+001  0.295365846025043E+003  0.141052557078706E+001  0.849563946676542E+000  0.325679613165555E-001  0.315146287262212E+000 -0.131028262406404E+000 -0.147682923012522E+003
  0.100000000000000E+001  0.295695457929347E+003  0.161769425872049E+001  0.859268337472584E+000  0.967636628390369E+000  0.288622891552458E+000 -0.131028262406404E+000 -0.147847728964673E+003
  0.100000000000000E+001  0.294966754856980E+003  0.703219842494255E+000  0.767062034431299E+000  0.311683596789987E+000  0.109282524295483E+000 -0.131028262406404E+000 -0.147483377428490E+003
  0.100000000000000E+001  0.294997603617469E+003  0.780174465069500E+000  0.179197962734246E+001  0.588232709495622E+000  0.311487826727917E+000 -0.131028262406404E+000 -0.147498801808735E+003
  0.100000000000000E+001  0.294978305548227E+003  0.415467083583037E+000  0.104988626348092E+001  0.911071127507976E+000  0.181465984251227E+000 -0.131028262406404E+000 -0.147489152774114E+003
  0.100000000000000E+001  0.298716623386554E+003  0.164100766217276E+001  0.177597597752515E+001  0.218322356970417E+000  0.370226102239612E+000 -0.131028262406404E+000 -0.149358311693277E+003
  0.100000000000000E+001  0.294891101610824E+003  0.640289650946028E+000  0.137360252099855E+001  0.645292417426782E+000  0.149870708139019E+000 -0.131028262406404E+000 -0.147445550805412E+003
  0.100000000000000E+001  0.295687202426317E+003  0.165022231441163E+001  0.994164346345303E+000  0.243815844402276E+000  0.263410831986565E+000 -0.131028262406404E+000 -0.147843601213159E+003
  0.100000000000000E+001  0.294497570991321E+003  0.780937008990480E+000  0.757067529453066E+000  0.572286626701712E+000  0.305899037751855E+000 -0.131028262406404E+000 -0.147248785495660E+003
  0.100000000000000E+001  0.296322919545751E+003  0.192142460456016E+001  0.180992503288360E+001  0.985562253730743E+000  0.226413405588655E+000 -0.131028262406404E+000 -0.148161459772876E+003
  0.100000000000000E+001  0.294699522230378E+003  0.138119071135526E+001  0.117544882399186E+001  0.429990293723904E+000  0.120687516632497E+000 -0.131028262406404E+000 -0.147349761115189E+003
  0.100000000000000E+001  0.294716975050851E+003  0.665233560388379E+000  0.801369228886366E+000  0.880114065972092E+000  0.201961345413722E+000 -0.131028262406404E+000 -0.147358487525425E+003
  0.100000000000000E+001  0.295228983682767E+003  0.210562801604435E+000  0.170973127271795E+001  0.620196139562659E+000  0.180359069498062E+000 -0.131028262406404E+000 -0.147614491841383E+003
  0.100000000000000E+001  0.294639674661192E+003  0.443706410300308E+000  0.950937557665738E+000  0.119095962400196E+000  0.359765958530600E+000 -0.131028262406404E+000 -0.147319837330596E+003
  0.100000000000000E+001  0.294886176394066E+003  0.167736740253998E+001  0.145580438630905E+001  0.949817406960692E-001  0.158522807024783E+000 -0.131028262406404E+000 -0.147443088197033E+003
  0.100000000000000E+001  0.294655962555306E+003  0.138294965440718E+001  0.758976664768955E+000  0.626444384997258E+000  0.170795918201171E+000 -0.131028262406404E+000 -0.147327981277653E+003
  0.100000000000000E+001  0.295375350937261E+003  0.819223873654350E+000  0.194745988479803E+001  0.276753017062173E+000  0.367585808918236E+000 -0.131028262406404E+000 -0.147687675468630E+003
  0.100000000000000E+001  0.294683681271092E+003  0.175224691272527E+001  0.978956858704761E+000  0.102564549470222E+000  0.105514284081208E+000 -0.131028262406404E+000 -0.147341840635546E+003
  0.100000000000000E+001  0.294521204521088E+003  0.529406869428556E+000  0.569659956422836E+000  0.961248606318601E+000  0.335448139339908E+000 -0.131028262406404E+000 -0.147260602260544E+003
  0.100000000000000E+001  0.294725903547567E+003  0.108161514475162E+001  0.989847371433062E+000  0.561991110771469E+000  0.131069384116855E+000 -0.131028262406404E+000 -0.147362951773784E+003
  0.100000000000000E+001  0.294732460159651E+003  0.116996343477042E+001  0.115091132605097E+001  0.920935033678412E+000  0.208413883990999E+000 -0.131028262406404E+000 -0.147366230079826E+003
  0.100000000000000E+001  0.294842470894601E+003  0.540976806237236E+000  0.125048118461766E+001  0.680385433065292E+000  0.199471126047145E+000 -0.131028262406404E+000 -0.147421235447300E+003
  0.100000000000000E+001  0.294396288407798E+003  0.101447138168217E+001  0.547641664581367E+000  0.271660640444448E+000  0.414336420966046E+000 -0.131028262406404E+000 -0.147198144203899E+003
  0.100000000000000E+001  0.294650760561013E+003  0.388502433150995E+000  0.107700489520017E+001  0.442158794199228E+000  0.480040160633990E+000 -0.131028262406404E+000 -0.147325380280507E+003
  0.100000000000000E+001  0.294493650755191E+003  0.653970276620745E+000  0.890862086514786E+000  0.914599370943542E+000  0.460947388957890E+000 -0.131028262406404E+000 -0.147246825377596E+003
  0.100000000000000E+001  0.294620743238370E+003  0.435006494482671E+000  0.962337197716232E+000  0.458561001692183E+000  0.387366071354564E+000 -0.131028262406404E+000 -0.147310371619185E+003
  0.100000000000000E+001  0.294746466028870E+003  0.112452460514978E+001  0.171656681301516E+001  0.678898351294917E+000  0.152461911227161E+000 -0.131028262406404E+000 -0.147373233014435E+003
  0.100000000000000E+001  0.295075284263602E+003  0.535854474639692E+000  0.174203011123716E+001  0.992959474915038E+000  0.431590999559301E+000 -0.131028262406404E+000 -0.147537642131801E+003
  0.100000000000000E+001  0.296465070048124E+003  0.125807236436625E+001  0.125237741664947E+001  0.713752025213838E+000  0.405132125049703E+000 -0.131028262406404E+000 -0.148232535024062E+003
  0.100000000000000E+001  0.294969817497588E+003  0.533915636664644E+000  0.177006122370198E+001  0.768742002723552E+000  0.373883571050701E+000 -0.131028262406404E+000 -0.147484908748794E+003
  0.100000000000000E+001  0.294762257953133E+003  0.365730095582203E+000  0.123506040341262E+001  0.248322524234824E+000  0.418096680820856E+000 -0.131028262406404E+000 -0.147381128976567E+003
  0.100000000000000E+001  0.294929386161024E+003  0.137286967019053E+001  0.899508825069714E+000  0.803536933477730E+000  0.245076239382578E+000 -0.131028262406404E+000 -0.147464693080512E+003
  0.100000000000000E+001  0.297029611033121E+003  0.141895383281933E+001  0.177424945283565E+001  0.534954615633882E+000  0.348387847191999E+000 -0.131028262406404E+000 -0.148514805516561E+003
  0.100000000000000E+001  0.296479909140305E+003  0.188623076317240E+001  0.108392399080395E+001  0.577760197547546E+000  0.262842073098121E+000 -0.131028262406404E+000 -0.148239954570152E+003
  0.100000000000000E+001  0.298892577993387E+003  0.183317447895023E+001  0.111248727226971E+001  0.824754233750553E+000  0.377732603490530E+000 -0.131028262406404E+000 -0.149446288996693E+003
  0.100000000000000E+001  0.294475964579022E+003  0.890371039956763E+000  0.582450327092666E+000  0.757571899832309E+000  0.270904198014515E+000 -0.131028262406404E+000 -0.147237982289511E+003
  0.100000000000000E+001  0.294638001574864E+003  0.818205003784971E+000  0.105136299796041E+001  0.292840347102746E+000  0.244772270337903E+000 -0.131028262406404E+000 -0.147319000787432E+003
  0.100000000000000E+001  0.295200680068043E+003  0.346885188886146E+000  0.761199659374008E+000  0.798661274259410E-001  0.112885304669517E+000 -0.131028262406404E+000 -0.147600340034021E+003
  0.100000000000000E+001  0.294976001629717E+003  0.453376668982515E+000  0.816245758060794E+000  0.985419791224457E+000  0.165063614268779E+000 -0.131028262406404E+000 -0.147488000814859E+003
  0.100000000000000E+001  0.298032558194817E+003  0.147288441125408E+001  0.132989906404743E+001  0.698167164148170E+000  0.416674160348398E+000 -0.131028262406404E+000 -0.149016279097408E+003
  0.100000000000000E+001  0.298281197364751E+003  0.194216856388056E+001  0.685863246378565E+000  0.655063327915977E+000  0.424040448629138E+000 -0.131028262406404E+000 -0.149140598682375E+003
  0.100000000000000E+001  0.294675084057165E+003  0.121195034727312E+001  0.836873803730930E+000  0.781844091625762E+000  0.136742275209555E+000 -0.131028262406404E+000 -0.147337542028582E+003
  0.100000000000000E+001  0.295159695845705E+003  0.154278844897162E+000  0.130711089976829E+001  0.632022758133523E+000  0.322834415057025E+000 -0.131028262406404E+000 -0.147579847922853E+003
  0.100000000000000E+001  0.295454997864428E+003  0.148927623657065E+001  0.195171623564866E+001  0.648547211422360E-001  0.228779753430399E+000 -0.131028262406404E+000 -0.147727498932214E+003
  0.100000000000000E+001  0.296243062921050E+003  0.923739542307754E+000  0.164551686122949E+001  0.505616498511158E+000  0.472075433777549E+000 -0.131028262406404E+000 -0.148121531460525E+003
  0.100000000000000E+001  0.296283510098180E+003  0.141747761726289E+001  0.116793684755714E+001  0.274243975821454E+000  0.348709073667748E+000 -0.131028262406404E+000 -0.148141755049090E+003
  0.100000000000000E+001  0.295891518544867E+003  0.186485459743005E+001  0.714181361561097E+000  0.616343731902627E+000  0.268227934673932E+000 -0.131028262406404E+000 -0.147945759272434E+003
  0.100000000000000E+001  0.294715563286436E+003  0.155857265617629E+001  0.131574985858670E+001  0.513052504644694E-001  0.132916503031072E+000 -0.131028262406404E+000 -0.147357781643218E+003
  0.100000000000000E+001  0.301712860324081E+003  0.195859058977381E+001  0.156833052996331E+001  0.187113911658815E+000  0.392205129354056E+000 -0.131028262406404E+000 -0.150856430162041E+003
  0.100000000000000E+001  0.295052852944900E+003  0.161922959676390E+001  0.108531690090118E+001  0.659556869335525E+000  0.200695277077226E+000 -0.131028262406404E+000 -0.147526426472450E+003
  0.100000000000000E+001  0.298598248550973E+003  0.197265760888044E+001  0.190981463905648E+001  0.437650293687408E+000  0.300857053537046E+000 -0.131028262406404E+000 -0.149299124275487E+003
  0.100000000000000E+001  0.295690603585950E+003  0.175754491779164E+001  0.943284775449381E+000  0.521468632589651E+000  0.247569772209946E+000 -0.131028262406404E+000 -0.147845301792975E+003
  0.100000000000000E+001  0.294882139306572E+003  0.554281037254102E+000  0.160398186113228E+001  0.483367542637242E+000  0.190229243409682E+000 -0.131028262406404E+000 -0.147441069653286E+003
  0.100000000000000E+001  0.294661692082705E+003  0.140655459806723E+001  0.875471110099153E+000  0.673839213591744E+000  0.143032369469726E+000 -0.131028262406404E+000 -0.147330846041353E+003
  0.100000000000000E+001  0.294727050484550E+003  0.659408076578801E+000  0.135074808500718E+001  0.134971087109762E+000  0.256765755244904E+000 -0.131028262406404E+000 -0.147363525242275E+003
  0.100000000000000E+001  0.303336260702100E+003  0.176888425970075E+001  0.173314372514904E+001  0.541305310087983E+000  0.482966406728580E+000 -0.131028262406404E+000 -0.151668130351050E+003
  0.100000000000000E+001  0.295074926632269E+003  0.272115091654865E+000  0.857280170858959E+000  0.846920659034447E+000  0.213993306652975E+000 -0.131028262406404E+000 -0.147537463316135E+003
  0.100000000000000E+001  0.301671221747977E+003  0.195251011288260E+001  0.906253196954896E+000  0.831164899187033E+000  0.495222509529329E+000 -0.131028262406404E+000 -0.150835610873988E+003
  0.100000000000000E+001  0.295102177885724E+003  0.242798347490897E+000  0.188092249750665E+001  0.365438519146162E+000  0.358086169397918E+000 -0.131028262406404E+000 -0.147551088942862E+003
  0.100000000000000E+001  0.295377569692237E+003  0.126156948026790E+001  0.147274212397859E+001  0.844756971972149E+000  0.278692436888740E+000 -0.131028262406404E+000 -0.147688784846118E+003
  0.100000000000000E+001  0.295634973105234E+003  0.190241165965154E+001  0.181182198119768E+001  0.627097785825247E+000  0.193971785863792E+000 -0.131028262406404E+000 -0.147817486552617E+003
  0.100000000000000E+001  0.295460748948533E+003  0.709267851277296E+000  0.157794102299514E+001  0.696319209073144E+000  0.485088505299357E+000 -0.131028262406404E+000 -0.147730374474266E+003
  0.100000000000000E+001  0.294755747747202E+003  0.119774352819117E+001  0.117466602447914E+001  0.484795918815459E-001  0.209130722287108E+000 -0.131028262406404E+000 -0.147377873873601E+003
  0.100000000000000E+001  0.294815022109735E+003  0.734433357969261E+000  0.179271167990429E+001  0.935708422855937E+000  0.229854884665934E+000 -0.131028262406404E+000 -0.147407511054867E+003
  0.100000000000000E+001  0.294855257498542E+003  0.491795589101152E+000  0.115431423499393E+001  0.102784225272280E+000  0.209068440787161E+000 -0.131028262406404E+000 -0.147427628749271E+003
  0.100000000000000E+001  0.299383015386247E+003  0.169018495559505E+001  0.107706253915321E+001  0.427777156983356E+000  0.450143951463928E+000 -0.131028262406404E+000 -0.149691507693124E+003
  0.100000000000000E+001  0.295103007281304E+003  0.180939039122152E+001  0.148956724732162E+001  0.762808121423020E-001  0.170131634455122E+000 -0.131028262406404E+000 -0.147551503640652E+003
  0.100000000000000E+001  0.298419800359285E+003  0.146759102445404E+001  0.143847755419042E+001  0.337424968621992E+000  0.424774193169351E+000 -0.131028262406404E+000 -0.149209900179642E+003
  0.100000000000000E+001  0.294789494916529E+003  0.900120921087574E+000  0.108342136532431E+001  0.879830210688492E+000  0.342571546304695E+000 -0.131028262406404E+000 -0.147394747458265E+003
  0.100000000000000E+001  0.294766554740803E+003  0.668760284953195E+000  0.131206473200029E+001  0.952126218946872E+000  0.359878870334838E+000 -0.131028262406404E+000 -0.147383277370401E+003
  0.100000000000000E+001  0.297625809478860E+003  0.130834030264498E+001  0.160656408758542E+001  0.427264977823542E+000  0.422940660796713E+000 -0.131028262406404E+000 -0.148812904739430E+003
  0.100000000000000E+001  0.294754589454380E+003  0.645302935776387E+000  0.144885036016389E+001  0.432667497310466E+000  0.255494777503838E+000 -0.131028262406404E+000 -0.147377294727190E+003
  0.100000000000000E+001  0.294782489946935E+003  0.795871717109929E+000  0.158173120532992E+001  0.987607309905472E+000  0.247148792838974E+000 -0.131028262406404E+000 -0.147391244973467E+003
  0.100000000000000E+001  0.294633840848885E+003  0.335119878741746E+000  0.894188985360771E+000  0.855649054008013E-001  0.476649362784842E+000 -0.131028262406404E+000 -0.147316920424443E+003
  0.100000000000000E+001  0.299164165241725E+003  0.131659007419437E+001  0.189662735459402E+001  0.588877387097005E-001  0.493044562962593E+000 -0.131028262406404E+000 -0.149582082620863E+003
  0.100000000000000E+001  0.294906152926972E+003  0.990040513446330E+000  0.128998012501403E+001  0.532392515464667E+000  0.293692047039158E+000 -0.131028262406404E+000 -0.147453076463486E+003
  0.100000000000000E+001  0.294713735759711E+003  0.740576330472012E+000  0.132068826368412E+001  0.262747595517223E+000  0.231741586107810E+000 -0.131028262406404E+000 -0.147356867879856E+003
  0.100000000000000E+001  0.294762791975451E+003  0.119103291912480E+001  0.661647691335743E+000  0.548314651058023E+000  0.105531461877224E+000 -0.131028262406404E+000 -0.147381395987726E+003
  0.100000000000000E+001  0.295176881641891E+003  0.156738323895604E+000  0.169749776541567E+001  0.793072882979206E+000  0.390648121761040E+000 -0.131028262406404E+000 -0.147588440820945E+003
  0.100000000000000E+001  0.294746275521511E+003  0.524328922048132E+000  0.121153230112191E+001  0.555990299676106E-001  0.489814001827129E+000 -0.131028262406404E+000 -0.147373137760755E+003
  0.100000000000000E+001  0.295123173306703E+003  0.161606852062230E+001  0.197217686174411E+001  0.582586625955006E-003  0.182732690848408E+000 -0.131028262406404E+000 -0.147561586653352E+003
  0.100000000000000E+001  0.296714841182396E+003  0.121569568120593E+001  0.135092291760995E+001  0.805051839858945E-001  0.425804505120065E+000 -0.131028262406404E+000 -0.148357420591198E+003
  0.100000000000000E+001  0.294856287624825E+003  0.178800350176429E+001  0.127528261902577E+001  0.511845343887726E+000  0.148711602315537E+000 -0.131028262406404E+000 -0.147428143812412E+003
  0.100000000000000E+001  0.296970609302276E+003  0.151103307445101E+001  0.763231727026186E+000  0.969479975940987E+000  0.488346415455464E+000 -0.131028262406404E+000 -0.148485304651138E+003
  0.100000000000000E+001  0.294679663706212E+003  0.822918963628873E+000  0.110976227838063E+001  0.766340358971386E+000  0.204438377106355E+000 -0.131028262406404E+000 -0.147339831853106E+003
  0.100000000000000E+001  0.298182866702974E+003  0.130393737584431E+001  0.137115262274567E+001  0.363275253806373E+000  0.484883381597726E+000 -0.131028262406404E+000 -0.149091433351487E+003
  0.100000000000000E+001  0.297860773990918E+003  0.161955115075511E+001  0.185490711098539E+001  0.308677332580886E+000  0.340263609254661E+000 -0.131028262406404E+000 -0.148930386995459E+003
  0.100000000000000E+001  0.295032872527948E+003  0.477420217939145E+000  0.199238250704733E+001  0.397989912753267E-001  0.152264724931571E+000 -0.131028262406404E+000 -0.147516436263974E+003
  0.100000000000000E+001  0.294756335705987E+003  0.125194710763640E+001  0.193723119901228E+001  0.111326676543688E-002  0.134346112940269E+000 -0.131028262406404E+000 -0.147378167852994E+003
  0.100000000000000E+001  0.294879007079318E+003  0.667821309442671E+000  0.167504054068089E+001  0.260149084655028E+000  0.314396518952327E+000 -0.131028262406404E+000 -0.147439503539659E+003
  0.100000000000000E+001  0.295018883375216E+003  0.159767905753279E+001  0.158735533427494E+001  0.110969076469118E+000  0.180615659084033E+000 -0.131028262406404E+000 -0.147509441687608E+003
  0.100000000000000E+001  0.295365279357490E+003  0.157932571143494E+001  0.184003199767624E+001  0.476910182761358E+000  0.211048856023254E+000 -0.131028262406404E+000 -0.147682639678745E+003
  0.100000000000000E+001  0.296407588114119E+003  0.159082499026104E+001  0.967211000156688E+000  0.205149548944562E+000  0.338282155473614E+000 -0.131028262406404E+000 -0.148203794057060E+003
  0.100000000000000E+001  0.294751424273087E+003  0.323256297844593E+000  0.871270762526521E+000  0.692335721714729E+000  0.378113049345598E+000 -0.131028262406404E+000 -0.147375712136543E+003
  0.100000000000000E+001  0.294767829874592E+003  0.173547272366865E+001  0.500376407124291E+000  0.951633409155800E+000  0.176512884156843E+000 -0.131028262406404E+000 -0.147383914937296E+003
  0.100000000000000E+001  0.295426188706246E+003  0.158154702083954E+001  0.140897970887340E+001  0.969639491474998E+000  0.227568603104591E+000 -0.131028262406404E+000 -0.147713094353123E+003
  0.100000000000000E+001  0.296572890208034E+003  0.199863043648605E+001  0.589309728437771E+000  0.172409602320986E+000  0.314353672358089E+000 -0.131028262406404E+000 -0.148286445104017E+003
  0.100000000000000E+001  0.295307506758384E+003  0.195581940006301E+001  0.884893611236348E+000  0.804069148823578E+000  0.191448287005648E+000 -0.131028262406404E+000 -0.147653753379192E+003
  0.100000000000000E+001  0.296484912439980E+003  0.115057211693416E+001  0.197498600888937E+001  0.941418927205033E+000  0.383945224937789E+000 -0.131028262406404E+000 -0.148242456219990E+003
  0.100000000000000E+001  0.294993413813760E+003  0.197658014258408E+000  0.934089238331570E+000  0.902437145194893E+000  0.376597873093555E+000 -0.131028262406404E+000 -0.147496706906880E+003
  0.100000000000000E+001  0.294625129102612E+003  0.124648008336005E+001  0.507201122827929E+000  0.454019212531099E+000  0.358022976234841E+000 -0.131028262406404E+000 -0.147312564551306E+003
  0.100000000000000E+001  0.294448870453464E+003  0.642723361932051E+000  0.793024040389132E+000  0.320832604182016E+000  0.382270037990384E+000 -0.131028262406404E+000 -0.147224435226732E+003
  0.100000000000000E+001  0.294975238185743E+003  0.184983800823878E+001  0.169481553993743E+001  0.792737840702798E+000  0.150430862519061E+000 -0.131028262406404E+000 -0.147487619092872E+003
  0.100000000000000E+001  0.294779122233731E+003  0.478695833462465E+000  0.137200255146542E+001  0.122569472830025E+000  0.305984646441457E+000 -0.131028262406404E+000 -0.147389561116865E+003
  0.100000000000000E+001  0.294788181559502E+003  0.119247924832471E+001  0.103069451904167E+001  0.452897656550888E+000  0.239756804755044E+000 -0.131028262406404E+000 -0.147394090779751E+003
  0.100000000000000E+001  0.294650120092416E+003  0.157503871926453E+001  0.581256641933407E+000  0.437209708155665E+000  0.148207829338105E+000 -0.131028262406404E+000 -0.147325060046208E+003
  0.100000000000000E+001  0.296355532919349E+003  0.183899558865429E+001  0.111538404243874E+001  0.913302588338282E+000  0.262064081161997E+000 -0.131028262406404E+000 -0.148177766459674E+003
  0.100000000000000E+001  0.295080194621030E+003  0.269759279139169E+000  0.186704413218872E+001  0.828496775369167E+000  0.400197012333353E+000 -0.131028262406404E+000 -0.147540097310515E+003
  0.100000000000000E+001  0.295150712858398E+003  0.123799778334090E+000  0.714163523130897E+000  0.233206676893837E+000  0.393992255858022E+000 -0.131028262406404E+000 -0.147575356429199E+003
  0.100000000000000E+001  0.296528796191382E+003  0.139410167169409E+001  0.125982237893980E+001  0.440088814927416E+000  0.361450599660331E+000 -0.131028262406404E+000 -0.148264398095691E+003
  0.100000000000000E+001  0.294819017501964E+003  0.434274541684222E+000  0.144362697928793E+001  0.523774957525676E+000  0.323001304204880E+000 -0.131028262406404E+000 -0.147409508750982E+003
  0.100000000000000E+001  0.297037085910317E+003  0.121240611055208E+001  0.131164287498848E+001  0.830144825221409E+000  0.459337297705891E+000 -0.131028262406404E+000 -0.148518542955158E+003
  0.100000000000000E+001  0.295010722433265E+003  0.198175505645850E+000  0.136583372060765E+001  0.586529090561450E+000  0.467124905212847E+000 -0.131028262406404E+000 -0.147505361216633E+003
  0.100000000000000E+001  0.294469235761269E+003  0.646668509276683E+000  0.543625293289435E+000  0.731421816678234E+000  0.311707006025489E+000 -0.131028262406404E+000 -0.147234617880635E+003
  0.100000000000000E+001  0.294761349836834E+003  0.124888055811574E+001  0.150095354245956E+001  0.994681133528465E+000  0.109007702635552E+000 -0.131028262406404E+000 -0.147380674918417E+003
  0.100000000000000E+001  0.298788784223317E+003  0.159600331435362E+001  0.192272049079641E+001  0.222200327184034E+000  0.384262220283047E+000 -0.131028262406404E+000 -0.149394392111659E+003
  0.100000000000000E+001  0.300875297439449E+003  0.192786942394383E+001  0.167135709233119E+001  0.994682765389698E-001  0.374288383784970E+000 -0.131028262406404E+000 -0.150437648719725E+003
  0.100000000000000E+001  0.295724980659340E+003  0.199206771390953E+001  0.160032261070142E+001  0.304314514252185E+000  0.192794049294211E+000 -0.131028262406404E+000 -0.147862490329670E+003
  0.100000000000000E+001  0.294962972467817E+003  0.678178248368558E+000  0.106026345500038E+001  0.941504954786482E+000  0.115233052631327E+000 -0.131028262406404E+000 -0.147481486233909E+003
  0.100000000000000E+001  0.295702115983308E+003  0.108846807918933E+001  0.107074350199091E+001  0.204246397288896E+000  0.445684083404136E+000 -0.131028262406404E+000 -0.147851057991654E+003
  0.100000000000000E+001  0.294935186307693E+003  0.488186744539012E+000  0.186710322320576E+001  0.256907004194355E+000  0.321561872908261E+000 -0.131028262406404E+000 -0.147467593153846E+003
  0.100000000000000E+001  0.295102278095282E+003  0.205827084941752E+000  0.167915409395713E+001  0.636738579308844E+000  0.490207244958208E+000 -0.131028262406404E+000 -0.147551139047641E+003
  0.100000000000000E+001  0.295330208981494E+003  0.135373648437330E+001  0.819520839111695E+000  0.976137695053223E+000  0.340075739703932E+000 -0.131028262406404E+000 -0.147665104490747E+003
  0.100000000000000E+001  0.295082616859091E+003  0.221779202495764E+000  0.164836122489574E+001  0.266305946461984E+000  0.334889218854996E+000 -0.131028262406404E+000 -0.147541308429546E+003
  0.100000000000000E+001  0.294740940915932E+003  0.151564051226507E+001  0.180352254443848E+001  0.852616212348857E+000  0.125856216986002E+000 -0.131028262406404E+000 -0.147370470457966E+003
  0.100000000000000E+001  0.295648906549454E+003  0.132908532763185E+001  0.151087816311390E+001  0.390991638590956E+000  0.287776907743495E+000 -0.131028262406404E+000 -0.147824453274727E+003
  0.100000000000000E+001  0.296550238931886E+003  0.142701238403728E+001  0.814257410288502E+000  0.861185200120824E+000  0.465404997991123E+000 -0.131028262406404E+000 -0.148275119465943E+003
  0.100000000000000E+001  0.294355299966254E+003  0.915466037912873E+000  0.598147672017401E+000  0.922471065311934E-001  0.454614471058392E+000 -0.131028262406404E+000 -0.147177649983127E+003
  0.100000000000000E+001  0.295450497709188E+003  0.110649337052000E+001  0.157240304863859E+001  0.759804905607291E+000  0.318813413099448E+000 -0.131028262406404E+000 -0.147725248854594E+003
  0.100000000000000E+001  0.295541295677506E+003  0.176730707733137E+001  0.112180839738428E+001  0.506855025361802E+000  0.222454978151765E+000 -0.131028262406404E+000 -0.147770647838753E+003
  0.100000000000000E+001  0.294734236409589E+003  0.785336824372143E+000  0.143343784007796E+001  0.796107966173300E+000  0.233447274552956E+000 -0.131028262406404E+000 -0.147367118204794E+003
  0.100000000000000E+001  0.294995846686458E+003  0.436693490094608E+000  0.194172982345550E+001  0.229520941640337E+000  0.348851558827046E+000 -0.131028262406404E+000 -0.147497923343229E+003
  0.100000000000000E+001  0.297239273528907E+003  0.153628744854768E+001  0.194197555982197E+001  0.508713649988348E+000  0.329982057402603E+000 -0.131028262406404E+000 -0.148619636764454E+003
  0.100000000000000E+001  0.296218734673667E+003  0.127198812542329E+001  0.119881397791182E+001  0.906370853603657E+000  0.388004752477728E+000 -0.131028262406404E+000 -0.148109367336833E+003
  0.100000000000000E+001  0.295312623896198E+003  0.109468617500192E+000  0.192175708734261E+001  0.316464079717049E+000  0.287004432545355E+000 -0.131028262406404E+000 -0.147656311948099E+003
  0.100000000000000E+001  0.295016187013374E+003  0.710030349187229E+000  0.126538738811087E+001  0.762086042663119E-001  0.467661106022407E+000 -0.131028262406404E+000 -0.147508093506687E+003
  0.100000000000000E+001  0.294950602005295E+003  0.936645956432256E+000  0.177040209439377E+001  0.235453570139313E+000  0.263488364301802E+000 -0.131028262406404E+000 -0.147475301002648E+003
  0.100000000000000E+001  0.295319279065507E+003  0.180294573289188E+001  0.156425307480315E+001  0.587997551281886E+000  0.187118205756646E+000 -0.131028262406404E+000 -0.147659639532753E+003
  0.100000000000000E+001  0.294853984512992E+003  0.630384993237783E+000  0.185247038207874E+001  0.180103879590734E+000  0.250656375817805E+000 -0.131028262406404E+000 -0.147426992256496E+003
  0.100000000000000E+001  0.296354084760605E+003  0.147133600978286E+001  0.110526611564974E+001  0.633183224487519E+000  0.347071764091269E+000 -0.131028262406404E+000 -0.148177042380303E+003
  0.100000000000000E+001  0.294740000799297E+003  0.119556067446726E+001  0.153031114444334E+001  0.322637309297706E+000  0.168500975002993E+000 -0.131028262406404E+000 -0.147370000399648E+003
  0.100000000000000E+001  0.295087270246538E+003  0.904773855344203E+000  0.107401042002583E+001  0.176310756101198E+000  0.439166859575150E+000 -0.131028262406404E+000 -0.147543635123269E+003
  0.100000000000000E+001  0.300135795405490E+003  0.199437890134062E+001  0.940693701024120E+000  0.464159627453426E+000  0.412727189343431E+000 -0.131028262406404E+000 -0.150067897702745E+003
  0.100000000000000E+001  0.295175040991658E+003  0.132646014416579E+000  0.623516779708150E+000  0.784349595446866E+000  0.335530188293507E+000 -0.131028262406404E+000 -0.147587520495829E+003
  0.100000000000000E+001  0.295214481647422E+003  0.128314653588744E+001  0.862352517874709E+000  0.577888173610537E-001  0.337745991785242E+000 -0.131028262406404E+000 -0.147607240823711E+003
  0.100000000000000E+001  0.296352886772413E+003  0.135739230225541E+001  0.193477008643272E+001  0.135556574567062E+000  0.319031952969114E+000 -0.131028262406404E+000 -0.148176443386206E+003
  0.100000000000000E+001  0.295274275373534E+003  0.172277937404661E+000  0.118594909467532E+001  0.235893573789661E+000  0.171805886296484E+000 -0.131028262406404E+000 -0.147637137686767E+003
  0.100000000000000E+001  0.295376383129563E+003  0.142404512760226E+001  0.176275794270368E+001  0.292196364848740E+000  0.235365729417425E+000 -0.131028262406404E+000 -0.147688191564782E+003
  0.100000000000000E+001  0.294755523389338E+003  0.554741683221596E+000  0.139258361720801E+001  0.545748092423192E+000  0.329438537166364E+000 -0.131028262406404E+000 -0.147377761694669E+003
  0.100000000000000E+001  0.294568502550914E+003  0.364421310246036E+000  0.646368217823323E+000  0.327833709983334E+000  0.444569418013229E+000 -0.131028262406404E+000 -0.147284251275457E+003
  0.100000000000000E+001  0.294835945098048E+003  0.415782463459048E+000  0.564910082921082E+000  0.869074121830645E+000  0.241582025177737E+000 -0.131028262406404E+000 -0.147417972549024E+003
  0.100000000000000E+001  0.296622132510295E+003  0.111503540509883E+001  0.173180885663418E+001  0.212211277696670E+000  0.416427251303781E+000 -0.131028262406404E+000 -0.148311066255147E+003
  0.100000000000000E+001  0.294672147531618E+003  0.907324063028578E+000  0.823558096788696E+000  0.348250602882337E+000  0.433719780218571E+000 -0.131028262406404E+000 -0.147336073765809E+003
  0.100000000000000E+001  0.294751852809734E+003  0.644337823002647E+000  0.139998979785324E+001  0.468976484844286E+000  0.309436668954092E+000 -0.131028262406404E+000 -0.147375926404867E+003
  0.100000000000000E+001  0.294596269263508E+003  0.819554676360501E+000  0.732591308322680E+000  0.671096642907375E+000  0.222481061244653E+000 -0.131028262406404E+000 -0.147298134631754E+003
  0.100000000000000E+001  0.296633979892199E+003  0.134539412516617E+001  0.177492189834656E+001  0.624341803526936E+000  0.343610482026875E+000 -0.131028262406404E+000 -0.148316989946099E+003
  0.100000000000000E+001  0.295886534997126E+003  0.199296666321471E+001  0.849264243483100E+000  0.154694536949871E-001  0.229762852868955E+000 -0.131028262406404E+000 -0.147943267498563E+003
  0.100000000000000E+001  0.294769233544569E+003  0.816296429962731E+000  0.145895605469995E+001  0.934380417892530E+000  0.168519897302923E+000 -0.131028262406404E+000 -0.147384616772284E+003
  0.100000000000000E+001  0.294948668214488E+003  0.953942157571705E+000  0.156304823196951E+001  0.136451279563713E+000  0.278729095246629E+000 -0.131028262406404E+000 -0.147474334107244E+003
  0.100000000000000E+001  0.295380436137306E+003  0.128882565689325E+001  0.197144220390977E+001  0.886047250882437E+000  0.252768223222264E+000 -0.131028262406404E+000 -0.147690218068653E+003
  0.100000000000000E+001  0.294707683939981E+003  0.143869799703303E+001  0.139261935832361E+001  0.781648848171237E+000  0.123420555417148E+000 -0.131028262406404E+000 -0.147353841969990E+003
  0.100000000000000E+001  0.294923701216267E+003  0.673599861271255E+000  0.185053257847562E+001  0.353369267023051E+000  0.138842627786141E+000 -0.131028262406404E+000 -0.147461850608133E+003
  0.100000000000000E+001  0.294856602745076E+003  0.154112305754983E+001  0.518519112376480E+000  0.392269358725480E+000  0.249406893382317E+000 -0.131028262406404E+000 -0.147428301372538E+003
  0.100000000000000E+001  0.294930037695182E+003  0.108394401590348E+001  0.156535960055535E+001  0.427272411518767E+000  0.244372172553838E+000 -0.131028262406404E+000 -0.147465018847591E+003
  0.100000000000000E+001  0.294665915749803E+003  0.728424746773883E+000  0.104034033083345E+001  0.300080128043334E+000  0.228473888640443E+000 -0.131028262406404E+000 -0.147332957874901E+003
  0.100000000000000E+001  0.300973604542958E+003  0.173024846448680E+001  0.184631838559531E+001  0.832890883561576E+000  0.424681213946660E+000 -0.131028262406404E+000 -0.150486802271479E+003
  0.100000000000000E+001  0.295096139590453E+003  0.889563790273634E+000  0.100206190831612E+001  0.201531795922522E+000  0.487277819944808E+000 -0.131028262406404E+000 -0.147548069795227E+003
  0.100000000000000E+001  0.294918998882818E+003  0.844444194974519E+000  0.959398594396663E+000  0.346955394591576E+000  0.495769522451636E+000 -0.131028262406404E+000 -0.147459499441409E+003
  0.100000000000000E+001  0.295394122865383E+003  0.141061734912597E+000  0.173216127156920E+001  0.315836880438799E+000  0.101331731485034E+000 -0.131028262406404E+000 -0.147697061432692E+003
  0.100000000000000E+001  0.294796258227277E+003  0.444193262025865E+000  0.131618213046547E+001  0.935061899631160E+000  0.295486660326852E+000 -0.131028262406404E+000 -0.147398129113639E+003
  0.100000000000000E+001  0.294675304865354E+003  0.131501749747320E+001  0.101450554852915E+001  0.107714177170976E+000  0.138894767627714E+000 -0.131028262406404E+000 -0.147337652432677E+003
  0.100000000000000E+001  0.294843089850191E+003  0.645656062337310E+000  0.133161189751453E+001  0.837458515782726E+000  0.410281026825446E+000 -0.131028262406404E+000 -0.147421544925095E+003
  0.100000000000000E+001  0.294857334055303E+003  0.119727455991561E+001  0.582259936400944E+000  0.463862317727442E+000  0.486731228784915E+000 -0.131028262406404E+000 -0.147428667027652E+003
  0.100000000000000E+001  0.295227493034836E+003  0.117508241579376E+000  0.118873287073385E+001  0.357870363072344E+000  0.324043804411911E+000 -0.131028262406404E+000 -0.147613746517418E+003
  0.100000000000000E+001  0.294789295651527E+003  0.736281757101616E+000  0.164477843268613E+001  0.621737219457088E+000  0.242222397238818E+000 -0.131028262406404E+000 -0.147394647825763E+003
  0.100000000000000E+001  0.294737700916005E+003  0.967892888277056E+000  0.149735701272217E+001  0.617661213867488E+000  0.198042887288574E+000 -0.131028262406404E+000 -0.147368850458002E+003
  0.100000000000000E+001  0.295283860573790E+003  0.108758025459461E+000  0.120832971797664E+001  0.609651024639037E-001  0.269245564701939E+000 -0.131028262406404E+000 -0.147641930286895E+003
  0.100000000000000E+001  0.294700526916000E+003  0.107655873652184E+001  0.775273489433636E+000  0.196781877208689E+000  0.331945444251989E+000 -0.131028262406404E+000 -0.147350263458000E+003
  0.100000000000000E+001  0.295152540674723E+003  0.144891237548553E+000  0.113551132154947E+001  0.967556096319306E+000  0.340965385287405E+000 -0.131028262406404E+000 -0.147576270337361E+003
  0.100000000000000E+001  0.294879872824391E+003  0.362312642448426E+000  0.146422990779606E+001  0.660828640372300E+000  0.462692982378613E+000 -0.131028262406404E+000 -0.147439936412196E+003
  0.100000000000000E+001  0.295358450625373E+003  0.157084738849407E+000  0.750592302371506E+000  0.841170514082998E+000  0.117111861085304E+000 -0.131028262406404E+000 -0.147679225312686E+003
  0.100000000000000E+001  0.295342517866203E+003  0.146389991750540E+000  0.153220319260794E+001  0.324543251812152E+000  0.143015178375943E+000 -0.131028262406404E+000 -0.147671258933102E+003
  0.100000000000000E+001  0.294766784753619E+003  0.309900104148291E+000  0.105155313021158E+001  0.787929222231573E+000  0.416872254261617E+000 -0.131028262406404E+000 -0.147383392376809E+003
  0.100000000000000E+001  0.295770316278617E+003  0.144582417600603E+001  0.178886271943036E+001  0.304780553692977E+000  0.263451259468420E+000 -0.131028262406404E+000 -0.147885158139308E+003
  0.100000000000000E+001  0.296623275989006E+003  0.198618275955463E+001  0.144268016936667E+001  0.221635057740759E+000  0.237754166703288E+000 -0.131028262406404E+000 -0.148311637994503E+003
  0.100000000000000E+001  0.295056653436427E+003  0.125379052581052E+001  0.120880704375914E+001  0.803305090978881E+000  0.260676370753373E+000 -0.131028262406404E+000 -0.147528326718214E+003
  0.100000000000000E+001  0.294745703079491E+003  0.133639449432001E+001  0.943417973754675E+000  0.792761793803084E+000  0.100747290808711E+000 -0.131028262406404E+000 -0.147372851539745E+003
  0.100000000000000E+001  0.294487529841877E+003  0.676512270785464E+000  0.662948509921132E+000  0.585713821600480E+000  0.307149081091653E+000 -0.131028262406404E+000 -0.147243764920938E+003
  0.100000000000000E+001  0.294830321737487E+003  0.626706407569839E+000  0.980374132323246E+000  0.602376306459520E+000  0.169791317359845E+000 -0.131028262406404E+000 -0.147415160868743E+003
  0.100000000000000E+001  0.294919568230076E+003  0.243883811340215E+000  0.128187133016797E+001  0.428882526668735E+000  0.436767832002048E+000 -0.131028262406404E+000 -0.147459784115038E+003
  0.100000000000000E+001  0.295139913324905E+003  0.191993281033556E+000  0.151241492164878E+001  0.385795798042177E+000  0.285793434384924E+000 -0.131028262406404E+000 -0.147569956662452E+003
  0.100000000000000E+001  0.295356873465614E+003  0.148072955071744E+001  0.972571861417835E+000  0.111282047857413E+000  0.271952685409210E+000 -0.131028262406404E+000 -0.147678436732807E+003
  0.100000000000000E+001  0.294855750814242E+003  0.661754656293086E+000  0.194288469301653E+001  0.251737189231821E+000  0.203286066416785E+000 -0.131028262406404E+000 -0.147427875407121E+003
  0.100000000000000E+001  0.294683475335551E+003  0.119084882001110E+001  0.874280779649320E+000  0.661192255512074E+000  0.224794695425318E+000 -0.131028262406404E+000 -0.147341737667775E+003
  0.100000000000000E+001  0.294790349307024E+003  0.125451833406396E+001  0.828160726034284E+000  0.647300947579912E+000  0.258099767178974E+000 -0.131028262406404E+000 -0.147395174653512E+003
  0.100000000000000E+001  0.294909081092581E+003  0.154246504747737E+001  0.962341655154809E+000  0.129677909974110E+000  0.199777326059298E+000 -0.131028262406404E+000 -0.147454540546291E+003
  0.100000000000000E+001  0.294961340401833E+003  0.492740736243598E+000  0.156650461824180E+001  0.911021429801822E+000  0.452340095596934E+000 -0.131028262406404E+000 -0.147480670200916E+003
  0.100000000000000E+001  0.297270434944565E+003  0.140683064488455E+001  0.139840225396148E+001  0.266592375940367E+000  0.388421507737034E+000 -0.131028262406404E+000 -0.148635217472283E+003
  0.100000000000000E+001  0.294944502768040E+003  0.499617250680071E+000  0.197407301470574E+001  0.946367588230670E+000  0.204778077608240E+000 -0.131028262406404E+000 -0.147472251384020E+003
  0.100000000000000E+001  0.294759388965909E+003  0.823273416368160E+000  0.146201505593147E+001  0.846255437724195E+000  0.251706035578502E+000 -0.131028262406404E+000 -0.147379694482955E+003
  0.100000000000000E+001  0.295991043246507E+003  0.133150928789501E+001  0.150357781799573E+001  0.123016886690356E+000  0.315985893985556E+000 -0.131028262406404E+000 -0.147995521623254E+003
  0.100000000000000E+001  0.294799328917378E+003  0.167678569228256E+001  0.181416733266192E+001  0.593151958988128E+000  0.135340372316732E+000 -0.131028262406404E+000 -0.147399664458689E+003
  0.100000000000000E+001  0.300320413246951E+003  0.189119976458816E+001  0.912991934850521E+000  0.734120456467861E+000  0.462301166246632E+000 -0.131028262406404E+000 -0.150160206623475E+003
  0.100000000000000E+001  0.299213464150972E+003  0.173849638465457E+001  0.130594509321568E+001  0.708881507737187E+000  0.390445964117892E+000 -0.131028262406404E+000 -0.149606732075486E+003
  0.100000000000000E+001  0.295142712902336E+003  0.167692563090299E+001  0.162479000235809E+001  0.380872640815864E+000  0.184276164029767E+000 -0.131028262406404E+000 -0.147571356451168E+003
  0.100000000000000E+001  0.295260089304467E+003  0.189639003511055E+001  0.898817399014787E+000  0.771905663460811E+000  0.194107783187945E+000 -0.131028262406404E+000 -0.147630044652234E+003
  0.100000000000000E+001  0.300425039032892E+003  0.191945795158364E+001  0.164184833209677E+001  0.922553569007176E+000  0.364583069241339E+000 -0.131028262406404E+000 -0.150212519516446E+003
  0.100000000000000E+001  0.295055331853135E+003  0.234561469699918E+000  0.136430016717608E+001  0.488591670439242E+000  0.288375509027430E+000 -0.131028262406404E+000 -0.147527665926567E+003
  0.100000000000000E+001  0.295156225115304E+003  0.151845851504387E+000  0.112936481119276E+001  0.290958580805664E+000  0.317657123114201E+000 -0.131028262406404E+000 -0.147578112557652E+003
  0.100000000000000E+001  0.294730994363734E+003  0.139980474555201E+001  0.800397660335718E+000  0.570494861766234E-001  0.200275145298829E+000 -0.131028262406404E+000 -0.147365497181867E+003
  0.100000000000000E+001  0.298631533752467E+003  0.195547247626275E+001  0.123442663779044E+001  0.414280686072971E+000  0.326031363355031E+000 -0.131028262406404E+000 -0.149315766876234E+003
  0.100000000000000E+001  0.295058759216222E+003  0.471285256888060E+000  0.181553279601088E+001  0.690875621385759E+000  0.428096778117976E+000 -0.131028262406404E+000 -0.147529379608111E+003
  0.100000000000000E+001  0.295034472782608E+003  0.267475030736026E+000  0.112266696545495E+001  0.175773863318147E+000  0.249336688707969E+000 -0.131028262406404E+000 -0.147517236391304E+003
  0.100000000000000E+001  0.294749671990908E+003  0.618373541486182E+000  0.118069059313458E+001  0.668835917885481E+000  0.453316401580209E+000 -0.131028262406404E+000 -0.147374835995454E+003
  0.100000000000000E+001  0.295307266208017E+003  0.113728635767617E+000  0.178698350666740E+001  0.260835742441387E+000  0.259021886201976E+000 -0.131028262406404E+000 -0.147653633104008E+003
  0.100000000000000E+001  0.296648856283543E+003  0.173474891505404E+001  0.123063224682326E+001  0.622097609306901E+000  0.288084182671273E+000 -0.131028262406404E+000 -0.148324428141771E+003
  0.100000000000000E+001  0.294811207023528E+003  0.706867503345612E+000  0.177079337594082E+001  0.310843555437315E+000  0.212517701687992E+000 -0.131028262406404E+000 -0.147405603511764E+003
  0.100000000000000E+001  0.295142842958315E+003  0.273517532548737E+000  0.138480575021255E+001  0.276412758057176E+000  0.180470482042242E+000 -0.131028262406404E+000 -0.147571421479158E+003
  0.100000000000000E+001  0.294706069479942E+003  0.631155851719680E+000  0.124239875116039E+001  0.227085389054625E+000  0.359621487445341E+000 -0.131028262406404E+000 -0.147353034739971E+003
  0.100000000000000E+001  0.300774459010574E+003  0.189153897722683E+001  0.158042918659980E+001  0.449643862852932E+000  0.382331044201875E+000 -0.131028262406404E+000 -0.150387229505287E+003
  0.100000000000000E+001  0.295165827520499E+003  0.228369453253388E+000  0.138101280553189E+001  0.903002190071805E+000  0.202451217213328E+000 -0.131028262406404E+000 -0.147582913760249E+003
  0.100000000000000E+001  0.300965184921247E+003  0.185754634721597E+001  0.152751440584033E+001  0.792187230402959E+000  0.398275464860955E+000 -0.131028262406404E+000 -0.150482592460623E+003
  0.100000000000000E+001  0.299911746708962E+003  0.184660769126393E+001  0.913232650231903E+000  0.526307610644768E+000  0.461126025258312E+000 -0.131028262406404E+000 -0.149955873354481E+003
  0.100000000000000E+001  0.294648902861503E+003  0.149456897162031E+001  0.664308713810610E+000  0.849519783321303E+000  0.151429206119375E+000 -0.131028262406404E+000 -0.147324451430751E+003
  0.100000000000000E+001  0.300234863564174E+003  0.166133543106844E+001  0.180308063955252E+001  0.703385417711267E+000  0.419432223166844E+000 -0.131028262406404E+000 -0.150117431782087E+003
  0.100000000000000E+001  0.294465902653714E+003  0.627287336785058E+000  0.662956702493509E+000  0.704041649389924E+000  0.334615329611630E+000 -0.131028262406404E+000 -0.147232951326857E+003
  0.100000000000000E+001  0.294923685205295E+003  0.118917665450530E+001  0.605074372929646E+000  0.739651472867719E+000  0.494088264077379E+000 -0.131028262406404E+000 -0.147461842602648E+003
  0.100000000000000E+001  0.294953010362555E+003  0.498163327911708E+000  0.763849561794983E+000  0.818211707002588E+000  0.158564904819258E+000 -0.131028262406404E+000 -0.147476505181277E+003
  0.100000000000000E+001  0.298064137000938E+003  0.123776580962322E+001  0.190593306965535E+001  0.407081619588577E+000  0.463159100842278E+000 -0.131028262406404E+000 -0.149032068500469E+003
  0.100000000000000E+001  0.294825529551769E+003  0.680095343685439E+000  0.175405531865468E+001  0.665112839934201E+000  0.195300188865168E+000 -0.131028262406404E+000 -0.147412764775884E+003
  0.100000000000000E+001  0.294668883312135E+003  0.106773155900957E+001  0.108075327986159E+001  0.483563319543948E+000  0.177452216336984E+000 -0.131028262406404E+000 -0.147334441656068E+003
  0.100000000000000E+001  0.295838417456398E+003  0.169478525004397E+001  0.161577085594143E+001  0.555012775162371E+000  0.233412633593760E+000 -0.131028262406404E+000 -0.147919208728199E+003
  0.100000000000000E+001  0.301411901490646E+003  0.156564853258163E+001  0.184897118249902E+001  0.243757985445369E+000  0.492296246492073E+000 -0.131028262406404E+000 -0.150705950745323E+003
  0.100000000000000E+001  0.295180853888389E+003  0.128004188462493E+000  0.740047978465889E+000  0.213339033763546E+000  0.339541502420683E+000 -0.131028262406404E+000 -0.147590426944195E+003
  0.100000000000000E+001  0.294647825804954E+003  0.663806116266740E+000  0.678235638641988E+000  0.887942405212746E+000  0.228640522962813E+000 -0.131028262406404E+000 -0.147323912902477E+003
  0.100000000000000E+001  0.297090826719963E+003  0.134648511494827E+001  0.145432503155277E+001  0.947072530071743E+000  0.391249708159909E+000 -0.131028262406404E+000 -0.148545413359982E+003
  0.100000000000000E+001  0.294492013551911E+003  0.448570813514249E+000  0.571813541120199E+000  0.204449960691136E+000  0.405606404046451E+000 -0.131028262406404E+000 -0.147246006775956E+003
  0.100000000000000E+001  0.298036749582801E+003  0.123482526802213E+001  0.154821078678379E+001  0.561174879836586E+000  0.482156221340935E+000 -0.131028262406404E+000 -0.149018374791401E+003
  0.100000000000000E+001  0.294962302210252E+003  0.516603346241770E+000  0.130614594619434E+001  0.304484762576294E+000  0.154790413792675E+000 -0.131028262406404E+000 -0.147481151105126E+003
  0.100000000000000E+001  0.296011898351172E+003  0.132840864454520E+001  0.153960146057179E+001  0.782973036659111E-001  0.316011609691168E+000 -0.131028262406404E+000 -0.148005949175586E+003
  0.100000000000000E+001  0.295688415390868E+003  0.139572113513261E+001  0.133279948221592E+001  0.597912692870398E+000  0.288519630570962E+000 -0.131028262406404E+000 -0.147844207695434E+003
  0.100000000000000E+001  0.294943345856748E+003  0.466136215474398E+000  0.190924756136188E+001  0.212358058739155E+000  0.307106650099580E+000 -0.131028262406404E+000 -0.147471672928374E+003
  0.100000000000000E+001  0.295192561752542E+003  0.136916101154951E+001  0.106680961219372E+001  0.253398110665397E+000  0.267761911646550E+000 -0.131028262406404E+000 -0.147596280876271E+003
  0.100000000000000E+001  0.296957419381863E+003  0.186216542805411E+001  0.803989726253802E+000  0.397496079142613E+000  0.329796746100106E+000 -0.131028262406404E+000 -0.148478709690932E+003
  0.100000000000000E+001  0.294819928363463E+003  0.181666973783804E+001  0.623126553954390E+000  0.674430475853898E+000  0.165817204676109E+000 -0.131028262406404E+000 -0.147409964181732E+003
  0.100000000000000E+001  0.297240362811108E+003  0.179787479132490E+001  0.830389551735881E+000  0.916816850967389E+000  0.360893525373162E+000 -0.131028262406404E+000 -0.148620181405554E+003
  0.100000000000000E+001  0.294701645076823E+003  0.151312639984945E+001  0.763370777430869E+000  0.439911469428605E+000  0.169990023548173E+000 -0.131028262406404E+000 -0.147350822538411E+003
  0.100000000000000E+001  0.294746349722870E+003  0.101993965535246E+001  0.147629227069039E+001  0.702573873438717E+000  0.144290696082367E+000 -0.131028262406404E+000 -0.147373174861435E+003
  0.100000000000000E+001  0.296376775827310E+003  0.136905630028496E+001  0.923851059631413E+000  0.663489631317939E+000  0.431714401548611E+000 -0.131028262406404E+000 -0.148188387913655E+003
  0.100000000000000E+001  0.296308433468746E+003  0.106674854197859E+001  0.197580533627154E+001  0.654283140402001E+000  0.396479061005255E+000 -0.131028262406404E+000 -0.148154216734373E+003
  0.100000000000000E+001  0.296508765330093E+003  0.143456192500093E+001  0.123302490291291E+001  0.869271320567592E+000  0.351241248229362E+000 -0.131028262406404E+000 -0.148254382665046E+003
  0.100000000000000E+001  0.296293301930789E+003  0.954584133190604E+000  0.157472480628522E+001  0.381270978704333E+000  0.471647826058461E+000 -0.131028262406404E+000 -0.148146650965395E+003
  0.100000000000000E+001  0.295128802371270E+003  0.277669834766665E+000  0.176974883692514E+001  0.614776247411277E+000  0.200828491399959E+000 -0.131028262406404E+000 -0.147564401185635E+003
  0.100000000000000E+001  0.294928914113420E+003  0.121057100932714E+001  0.676825664641907E+000  0.558384136789247E+000  0.395554559115050E+000 -0.131028262406404E+000 -0.147464457056710E+003
  0.100000000000000E+001  0.295820041670867E+003  0.169319826708942E+001  0.108485368803093E+001  0.478897677166843E+000  0.257211387245098E+000 -0.131028262406404E+000 -0.147910020835434E+003
  0.100000000000000E+001  0.294714377069073E+003  0.158552786783030E+001  0.148000672467160E+001  0.559624670744394E+000  0.106096952464126E+000 -0.131028262406404E+000 -0.147357188534536E+003
  0.100000000000000E+001  0.294956728584775E+003  0.282443394612397E+000  0.100195256116005E+001  0.841561813907732E+000  0.282977794531652E+000 -0.131028262406404E+000 -0.147478364292388E+003
  0.100000000000000E+001  0.294872528175833E+003  0.401439327026632E+000  0.155148900744353E+001  0.270374109122745E+000  0.376935110028125E+000 -0.131028262406404E+000 -0.147436264087916E+003
  0.100000000000000E+001  0.294756356953254E+003  0.167550052355820E+001  0.678413992560038E+000  0.825145604696472E+000  0.168098811721270E+000 -0.131028262406404E+000 -0.147378178476627E+003
  0.100000000000000E+001  0.294903000861554E+003  0.119141891153644E+001  0.140243531799134E+001  0.265303209716804E-001  0.229592996075682E+000 -0.131028262406404E+000 -0.147451500430777E+003
  0.100000000000000E+001  0.294884454640235E+003  0.143881094645078E+001  0.161748754830297E+001  0.935531658880102E+000  0.178318945425824E+000 -0.131028262406404E+000 -0.147442227320118E+003
  0.100000000000000E+001  0.294777409653857E+003  0.639924834694048E+000  0.149036580962888E+001  0.484769761656658E+000  0.296639395886878E+000 -0.131028262406404E+000 -0.147388704826928E+003
  0.100000000000000E+001  0.295086847048022E+003  0.190890611001533E+001  0.178482826045364E+001  0.995711696179613E+000  0.155582998514975E+000 -0.131028262406404E+000 -0.147543423524011E+003
  0.100000000000000E+001  0.295029228751822E+003  0.142871615619354E+001  0.197557075819228E+001  0.352610783560684E+000  0.191986409084875E+000 -0.131028262406404E+000 -0.147514614375911E+003
  0.100000000000000E+001  0.295073252890861E+003  0.356378943938529E+000  0.649006421038336E+000  0.845807110048413E+000  0.163418646301422E+000 -0.131028262406404E+000 -0.147536626445430E+003
  0.100000000000000E+001  0.295176790278619E+003  0.237890424868407E+000  0.113596813918168E+001  0.318973135256082E+000  0.181748800625569E+000 -0.131028262406404E+000 -0.147588395139309E+003
  0.100000000000000E+001  0.294778143736201E+003  0.145511302645161E+001  0.719301755652751E+000  0.618441390513215E+000  0.213180827858831E+000 -0.131028262406404E+000 -0.147389071868101E+003
  0.100000000000000E+001  0.300672546898925E+003  0.183223917251805E+001  0.114252541179913E+001  0.694607730533118E+000  0.439162183592390E+000 -0.131028262406404E+000 -0.150336273449463E+003
  0.100000000000000E+001  0.294634625482612E+003  0.538475268598897E+000  0.618897671997668E+000  0.781533104858036E+000  0.276120964743847E+000 -0.131028262406404E+000 -0.147317312741306E+003
  0.100000000000000E+001  0.296649379896941E+003  0.187473920090157E+001  0.196253665280142E+001  0.984383575154086E+000  0.245733939950163E+000 -0.131028262406404E+000 -0.148324689948471E+003
  0.100000000000000E+001  0.297427372380283E+003  0.110698110239664E+001  0.171044601318922E+001  0.333903740934710E+000  0.483982469245463E+000 -0.131028262406404E+000 -0.148713686190142E+003
  0.100000000000000E+001  0.294970164135175E+003  0.272343231845983E+000  0.787401442564748E+000  0.174584509528414E+000  0.278162698579162E+000 -0.131028262406404E+000 -0.147485082067588E+003
  0.100000000000000E+001  0.295004659859789E+003  0.328209228261073E+000  0.168374182108706E+001  0.780137740621478E+000  0.257435523877432E+000 -0.131028262406404E+000 -0.147502329929895E+003
  0.100000000000000E+001  0.295123212022711E+003  0.316696732281782E+000  0.195328969267257E+001  0.355431950071983E+000  0.452601649444220E+000 -0.131028262406404E+000 -0.147561606011355E+003
  0.100000000000000E+001  0.294847906751509E+003  0.559176089831875E+000  0.138255397322541E+001  0.357616572470704E-001  0.435730465298868E+000 -0.131028262406404E+000 -0.147423953375755E+003
  0.100000000000000E+001  0.297078386325775E+003  0.121444621727610E+001  0.146950268622156E+001  0.248483926647911E+000  0.436703299769674E+000 -0.131028262406404E+000 -0.148539193162887E+003
  0.100000000000000E+001  0.295923487388189E+003  0.165312777096071E+001  0.151180842729974E+001  0.966734996460227E+000  0.247700688740446E+000 -0.131028262406404E+000 -0.147961743694094E+003
  0.100000000000000E+001  0.294686562776376E+003  0.566369416783432E+000  0.121529761104306E+001  0.970639555900443E+000  0.320012402445031E+000 -0.131028262406404E+000 -0.147343281388188E+003
  0.100000000000000E+001  0.295884484244354E+003  0.129463013274384E+001  0.117914996069567E+001  0.534949701270331E+000  0.351961205737633E+000 -0.131028262406404E+000 -0.147942242122177E+003
  0.100000000000000E+001  0.294689731309336E+003  0.792714733072136E+000  0.120623606266556E+001  0.719160973842451E+000  0.218007522966268E+000 -0.131028262406404E+000 -0.147344865654668E+003
  0.100000000000000E+001  0.296766741764612E+003  0.182829923469861E+001  0.160157562330989E+001  0.706992979465980E+000  0.261113250777820E+000 -0.131028262406404E+000 -0.148383370882306E+003
  0.100000000000000E+001  0.294621436363972E+003  0.439143539083354E+000  0.953676388616776E+000  0.174918306141613E-001  0.380444285562581E+000 -0.131028262406404E+000 -0.147310718181986E+003
  0.100000000000000E+001  0.296325667893376E+003  0.146154288768684E+001  0.149023054831299E+001  0.647673386503059E+000  0.309451042687540E+000 -0.131028262406404E+000 -0.148162833946688E+003
  0.100000000000000E+001  0.295313012631933E+003  0.656132970356622E+000  0.185713079405530E+001  0.533766240105089E+000  0.429033551616603E+000 -0.131028262406404E+000 -0.147656506315966E+003
  0.100000000000000E+001  0.295134268269477E+003  0.654063902358947E+000  0.184794749037801E+001  0.118408779535603E+000  0.383215777400907E+000 -0.131028262406404E+000 -0.147567134134739E+003
  0.100000000000000E+001  0.295734462232026E+003  0.139247896053340E+001  0.145148170289259E+001  0.949399946532747E+000  0.284791329029829E+000 -0.131028262406404E+000 -0.147867231116013E+003
  0.100000000000000E+001  0.295263379753951E+003  0.916771603385209E+000  0.123016334197643E+001  0.945898276399378E+000  0.417458871325655E+000 -0.131028262406404E+000 -0.147631689876975E+003
  0.100000000000000E+001  0.294675558256245E+003  0.108041543843557E+001  0.799741394133838E+000  0.301510082167311E-001  0.299329370267423E+000 -0.131028262406404E+000 -0.147337779128122E+003
  0.100000000000000E+001  0.294975380954986E+003  0.508624790205455E+000  0.123881448028077E+001  0.743455848053357E+000  0.151084868560902E+000 -0.131028262406404E+000 -0.147487690477493E+003
  0.100000000000000E+001  0.295763764194657E+003  0.140783537651148E+001  0.102479339486912E+001  0.950641121995614E+000  0.328672803694600E+000 -0.131028262406404E+000 -0.147881882097328E+003
  0.100000000000000E+001  0.294778390508405E+003  0.153203450778083E+001  0.114231212632617E+001  0.323095085519961E+000  0.165005072836899E+000 -0.131028262406404E+000 -0.147389195254203E+003
  0.100000000000000E+001  0.295177630384489E+003  0.349419368707016E+000  0.151504450726257E+001  0.768767728412406E+000  0.124402425044129E+000 -0.131028262406404E+000 -0.147588815192244E+003
  0.100000000000000E+001  0.294844447909768E+003  0.864808805101877E+000  0.930306552690711E+000  0.990769650067552E+000  0.470896431431453E+000 -0.131028262406404E+000 -0.147422223954884E+003
  0.100000000000000E+001  0.295144002491839E+003  0.118242237238115E+001  0.178370679128328E+001  0.610872041624208E+000  0.249439690595108E+000 -0.131028262406404E+000 -0.147572001245920E+003
  0.100000000000000E+001  0.299564376077484E+003  0.156600156377957E+001  0.191942745309131E+001  0.776257672693643E+000  0.423467305859156E+000 -0.131028262406404E+000 -0.149782188038742E+003
  0.100000000000000E+001  0.294710659682195E+003  0.168011755194151E+001  0.134048754389091E+001  0.111160594367482E+000  0.118982598989468E+000 -0.131028262406404E+000 -0.147355329841097E+003
  0.100000000000000E+001  0.296812407181394E+003  0.189887472444840E+001  0.115729407343291E+001  0.243561129349680E+000  0.271577908149369E+000 -0.131028262406404E+000 -0.148406203590697E+003
  0.100000000000000E+001  0.298687046285833E+003  0.165995200730811E+001  0.895898542500699E+000  0.759328581937160E-001  0.481139627023960E+000 -0.131028262406404E+000 -0.149343523142917E+003
  0.100000000000000E+001  0.294949665278947E+003  0.427569087471683E+000  0.189503962540441E+001  0.577169740901012E+000  0.280498535719874E+000 -0.131028262406404E+000 -0.147474832639473E+003
  0.100000000000000E+001  0.294579779588842E+003  0.527742628418224E+000  0.916211795969787E+000  0.485948641587415E+000  0.347020829207694E+000 -0.131028262406404E+000 -0.147289889794421E+003
  0.100000000000000E+001  0.294572108062521E+003  0.628872161626513E+000  0.513242798716187E+000  0.465859389493534E+000  0.266519249755489E+000 -0.131028262406404E+000 -0.147286054031260E+003
  0.100000000000000E+001  0.299213436334857E+003  0.135386469262979E+001  0.193981593555202E+001  0.339453001521473E-002  0.481147436099158E+000 -0.131028262406404E+000 -0.149606718167429E+003
  0.100000000000000E+001  0.294731479901241E+003  0.625029848308297E+000  0.134092914272331E+001  0.437655700741706E+000  0.321250604123682E+000 -0.131028262406404E+000 -0.147365739950620E+003
  0.100000000000000E+001  0.297748744725829E+003  0.155709562159245E+001  0.157619147173119E+001  0.817732343161142E+000  0.357179596091382E+000 -0.131028262406404E+000 -0.148874372362915E+003
  0.100000000000000E+001  0.294930253330364E+003  0.434962874770941E+000  0.157989487056305E+001  0.379530696374884E+000  0.218344515560092E+000 -0.131028262406404E+000 -0.147465126665182E+003
  0.100000000000000E+001  0.294728720782967E+003  0.109101682570762E+001  0.964678590013347E+000  0.526798554724481E-001  0.128486970831480E+000 -0.131028262406404E+000 -0.147364360391483E+003
  0.100000000000000E+001  0.294535213223359E+003  0.871803894245318E+000  0.621528810855945E+000  0.277590982119972E+000  0.239703218298069E+000 -0.131028262406404E+000 -0.147267606611679E+003
  0.100000000000000E+001  0.295169003706923E+003  0.216654066899100E+000  0.192993778222068E+001  0.232321253848860E+000  0.462136681799383E+000 -0.131028262406404E+000 -0.147584501853461E+003
  0.100000000000000E+001  0.295025405390861E+003  0.126139585840160E+001  0.175530408216783E+001  0.888876554360282E+000  0.219940163426329E+000 -0.131028262406404E+000 -0.147512702695431E+003
  0.100000000000000E+001  0.294997975657958E+003  0.317735807292888E+000  0.176773551872401E+001  0.326966653557431E+000  0.345970894120269E+000 -0.131028262406404E+000 -0.147498987828979E+003
  0.100000000000000E+001  0.294538917719316E+003  0.412228257110591E+000  0.877857538667930E+000  0.926720626976556E-001  0.467006437618972E+000 -0.131028262406404E+000 -0.147269458859658E+003
  0.100000000000000E+001  0.298089083503885E+003  0.187089091336848E+001  0.153428891084899E+001  0.336660959099810E-002  0.306362775909019E+000 -0.131028262406404E+000 -0.149044541751942E+003
  0.100000000000000E+001  0.294523496337126E+003  0.891759912613741E+000  0.764147618531340E+000  0.594026254291042E+000  0.371082799880869E+000 -0.131028262406404E+000 -0.147261748168563E+003
  0.100000000000000E+001  0.295224368407602E+003  0.142880963483490E+001  0.901335324691846E+000  0.747275146136206E+000  0.278925870957222E+000 -0.131028262406404E+000 -0.147612184203801E+003
  0.100000000000000E+001  0.295184473353445E+003  0.492019446243230E+000  0.174856989225766E+001  0.669004057950573E+000  0.496906779061012E+000 -0.131028262406404E+000 -0.147592236676722E+003
  0.100000000000000E+001  0.296314552003534E+003  0.100679715901372E+001  0.188063069011013E+001  0.318998979166178E+000  0.422565769717860E+000 -0.131028262406404E+000 -0.148157276001767E+003
  0.100000000000000E+001  0.296100135680259E+003  0.167815543595040E+001  0.175474516671895E+001  0.106316813697085E+000  0.247939588290496E+000 -0.131028262406404E+000 -0.148050067840129E+003
  0.100000000000000E+001  0.300814045602699E+003  0.165431098544816E+001  0.192615393183164E+001  0.345366418053783E+000  0.443271222145288E+000 -0.131028262406404E+000 -0.150407022801349E+003
  0.100000000000000E+001  0.296056574086037E+003  0.158357076500097E+001  0.117896518951378E+001  0.433952311508495E-001  0.287891899580893E+000 -0.131028262406404E+000 -0.148028287043019E+003
  0.100000000000000E+001  0.295114974444973E+003  0.179177707999676E+001  0.767129427998986E+000  0.110240953036014E+000  0.202387599261322E+000 -0.131028262406404E+000 -0.147557487222486E+003
  0.100000000000000E+001  0.294951499112790E+003  0.552612463503337E+000  0.854496943173830E+000  0.623150068828967E+000  0.144104316629176E+000 -0.131028262406404E+000 -0.147475749556395E+003
  0.100000000000000E+001  0.294898589181688E+003  0.693410367650856E+000  0.608623815007500E+000  0.610281975370289E+000  0.129568364493897E+000 -0.131028262406404E+000 -0.147449294590844E+003
  0.100000000000000E+001  0.295219843338268E+003  0.138855353533325E+000  0.160728548885286E+001  0.291232372539632E+000  0.319188708330198E+000 -0.131028262406404E+000 -0.147609921669134E+003
  0.100000000000000E+001  0.295465969722506E+003  0.139715963911169E+001  0.165069522456568E+001  0.823529031287669E+000  0.251496151203261E+000 -0.131028262406404E+000 -0.147732984861253E+003
  0.100000000000000E+001  0.294724170453316E+003  0.562257659097924E+000  0.973656689158406E+000  0.116504285479619E+000  0.239910646219351E+000 -0.131028262406404E+000 -0.147362085226658E+003
  0.100000000000000E+001  0.295260783870983E+003  0.172266231070273E+001  0.178567270343405E+001  0.640991051666028E+000  0.186976220837889E+000 -0.131028262406404E+000 -0.147630391935492E+003
  0.100000000000000E+001  0.304919299311854E+003  0.190301140851278E+001  0.180730057121804E+001  0.542885280662390E+000  0.482493250520029E+000 -0.131028262406404E+000 -0.152459649655927E+003
  0.100000000000000E+001  0.296592349069785E+003  0.111202512633041E+001  0.154650507952503E+001  0.600914377484066E+000  0.431617402610849E+000 -0.131028262406404E+000 -0.148296174534892E+003
  0.100000000000000E+001  0.294919792799455E+003  0.809276076897051E+000  0.180116221126315E+001  0.557864336309566E+000  0.112918066951722E+000 -0.131028262406404E+000 -0.147459896399728E+003
  0.100000000000000E+001  0.298951527128877E+003  0.162984180478118E+001  0.166429228055403E+001  0.952412235978012E+000  0.384501412626335E+000 -0.131028262406404E+000 -0.149475763564439E+003
  0.100000000000000E+001  0.295001511068224E+003  0.443195924463150E+000  0.125219143995938E+001  0.544835649186427E-001  0.162893669523925E+000 -0.131028262406404E+000 -0.147500755534112E+003
  0.100000000000000E+001  0.296342430253160E+003  0.935061865365156E+000  0.159103555961810E+001  0.992808976545205E+000  0.484865435337542E+000 -0.131028262406404E+000 -0.148171215126580E+003
  0.100000000000000E+001  0.294461004506958E+003  0.718264272834015E+000  0.818893427329188E+000  0.929484580740121E+000  0.403552279899364E+000 -0.131028262406404E+000 -0.147230502253479E+003
  0.100000000000000E+001  0.295147032034596E+003  0.181678292590928E+000  0.145817214333626E+001  0.829255545590422E+000  0.291702446657073E+000 -0.131028262406404E+000 -0.147573516017298E+003
  0.100000000000000E+001  0.294237403686594E+003  0.724980427761081E+000  0.609433507103301E+000  0.333024656861686E-001  0.478703730521284E+000 -0.131028262406404E+000 -0.147118701843297E+003
  0.100000000000000E+001  0.300024472941025E+003  0.156269041996437E+001  0.170351313558282E+001  0.833824249530414E+000  0.443201246264663E+000 -0.131028262406404E+000 -0.150012236470512E+003
  0.100000000000000E+001  0.297511593647571E+003  0.187649162723880E+001  0.131417084906166E+001  0.832696379182051E+000  0.294778989866080E+000 -0.131028262406404E+000 -0.148755796823786E+003
  0.100000000000000E+001  0.294884106468517E+003  0.491541713115262E+000  0.170244210309645E+001  0.495426143494053E+000  0.331426077086608E+000 -0.131028262406404E+000 -0.147442053234259E+003
  0.100000000000000E+001  0.294826859615609E+003  0.536730200099217E+000  0.126997322045633E+001  0.726050149189154E+000  0.210803943306896E+000 -0.131028262406404E+000 -0.147413429807805E+003
  0.100000000000000E+001  0.295392925491621E+003  0.164501654123240E+001  0.130065122238724E+001  0.132399193550725E+000  0.220035463331555E+000 -0.131028262406404E+000 -0.147696462745811E+003
  0.100000000000000E+001  0.299334482062204E+003  0.189460275126670E+001  0.187068605475661E+001  0.811999133834033E+000  0.336592388263937E+000 -0.131028262406404E+000 -0.149667241031102E+003
  0.100000000000000E+001  0.296316434046970E+003  0.141258875194998E+001  0.104974746760801E+001  0.473281984484457E+000  0.373577448726362E+000 -0.131028262406404E+000 -0.148158217023485E+003
  0.100000000000000E+001  0.299841641441769E+003  0.139361679643050E+001  0.191131906449132E+001  0.960799251522559E+000  0.495163474119446E+000 -0.131028262406404E+000 -0.149920820720885E+003
  0.100000000000000E+001  0.295154398131193E+003  0.659406651070505E+000  0.199783440583334E+001  0.246782359868080E+000  0.366350099464742E+000 -0.131028262406404E+000 -0.147577199065596E+003
  0.100000000000000E+001  0.299074749724999E+003  0.164669032303745E+001  0.104220263984024E+001  0.136628980501630E+000  0.460760781098624E+000 -0.131028262406404E+000 -0.149537374862500E+003
  0.100000000000000E+001  0.294667119402130E+003  0.621446678535152E+000  0.110432616348904E+001  0.677606086162108E+000  0.272735973814977E+000 -0.131028262406404E+000 -0.147333559701065E+003
  0.100000000000000E+001  0.294700647530896E+003  0.145536822446962E+001  0.860272264361623E+000  0.433194595573469E+000  0.170344467201738E+000 -0.131028262406404E+000 -0.147350323765448E+003
  0.100000000000000E+001  0.294860402747663E+003  0.564087111661127E+000  0.174549483117764E+001  0.428009136079574E+000  0.220275177147971E+000 -0.131028262406404E+000 -0.147430201373832E+003
  0.100000000000000E+001  0.294730933460362E+003  0.845266567642079E+000  0.121812578821069E+001  0.730878630839610E+000  0.171793675712047E+000 -0.131028262406404E+000 -0.147365466730181E+003
  0.100000000000000E+001  0.294636784255669E+003  0.897600220902062E+000  0.554981196598998E+000  0.593952701505673E+000  0.180854100690020E+000 -0.131028262406404E+000 -0.147318392127834E+003
  0.100000000000000E+001  0.295261191279966E+003  0.144123338878705E+001  0.725795447558668E+000  0.255402978745254E+000  0.319783899360712E+000 -0.131028262406404E+000 -0.147630595639983E+003
  0.100000000000000E+001  0.296439635261335E+003  0.163223388735879E+001  0.150361808260498E+001  0.448044250976740E+000  0.280837252509570E+000 -0.131028262406404E+000 -0.148219817630668E+003
  0.100000000000000E+001  0.294422173556476E+003  0.824989221808459E+000  0.679653510573259E+000  0.413676189210684E-001  0.354659714165221E+000 -0.131028262406404E+000 -0.147211086778238E+003
  0.100000000000000E+001  0.298634215248442E+003  0.189333665794264E+001  0.784084207643821E+000  0.804679907878690E+000  0.424638959959441E+000 -0.131028262406404E+000 -0.149317107624221E+003
  0.100000000000000E+001  0.295056989743743E+003  0.197869492181886E+001  0.179126747804234E+001  0.683692613515336E+000  0.147705226737820E+000 -0.131028262406404E+000 -0.147528494871872E+003
  0.100000000000000E+001  0.294957292911153E+003  0.884502041245664E+000  0.188400842238855E+001  0.167998599795227E+000  0.266387374251593E+000 -0.131028262406404E+000 -0.147478646455576E+003
  0.100000000000000E+001  0.295247501004960E+003  0.158421837205504E+001  0.114361837137620E+001  0.300366850356368E+000  0.224246314348653E+000 -0.131028262406404E+000 -0.147623750502480E+003
  0.100000000000000E+001  0.298582807659857E+003  0.147870975055916E+001  0.129678608954547E+001  0.568130109576296E+000  0.447453603012992E+000 -0.131028262406404E+000 -0.149291403829928E+003
  0.100000000000000E+001  0.294854846686121E+003  0.968068144682085E+000  0.167975467834477E+001  0.371934058072591E+000  0.109950712206312E+000 -0.131028262406404E+000 -0.147427423343060E+003
  0.100000000000000E+001  0.295291046024385E+003  0.154298405674719E+001  0.945162062926290E+000  0.205799367537555E+000  0.252968824865159E+000 -0.131028262406404E+000 -0.147645523012193E+003
  0.100000000000000E+001  0.295611659413489E+003  0.187664293003527E+001  0.112362264893677E+001  0.177662143603386E+000  0.212256924456482E+000 -0.131028262406404E+000 -0.147805829706745E+003
  0.100000000000000E+001  0.295045263616067E+003  0.287515222867740E+000  0.147235440581035E+001  0.851584822975322E+000  0.240538327868038E+000 -0.131028262406404E+000 -0.147522631808034E+003
  0.100000000000000E+001  0.294589917942840E+003  0.560217918368953E+000  0.104554724165027E+001  0.644108381254388E+000  0.449690358588012E+000 -0.131028262406404E+000 -0.147294958971420E+003
  0.100000000000000E+001  0.294653872970605E+003  0.107695028247175E+001  0.985565771597590E+000  0.704987465172506E+000  0.207635795026873E+000 -0.131028262406404E+000 -0.147326936485302E+003
  0.100000000000000E+001  0.295338972109233E+003  0.163291623966030E+000  0.167822499121944E+001  0.195213961976296E+000  0.131656997303239E+000 -0.131028262406404E+000 -0.147669486054617E+003
  0.100000000000000E+001  0.296346787662199E+003  0.116123136718260E+001  0.125055527612519E+001  0.124569971249817E-001  0.435833392739050E+000 -0.131028262406404E+000 -0.148173393831100E+003
  0.100000000000000E+001  0.294851335668290E+003  0.748621048841350E+000  0.652833129412645E+000  0.595192199071537E+000  0.133795624239820E+000 -0.131028262406404E+000 -0.147425667834145E+003
  0.100000000000000E+001  0.295407098607288E+003  0.158609484843000E+001  0.752681501736503E+000  0.498931225789251E+000  0.284030621851626E+000 -0.131028262406404E+000 -0.147703549303644E+003
  0.100000000000000E+001  0.295079884249019E+003  0.269301568676107E+000  0.189140347436588E+001  0.715268291295100E+000  0.304930281042172E+000 -0.131028262406404E+000 -0.147539942124509E+003
  0.100000000000000E+001  0.294867314429509E+003  0.300602792020196E+000  0.103533914736368E+001  0.369704058049361E+000  0.331318295679028E+000 -0.131028262406404E+000 -0.147433657214754E+003
  0.100000000000000E+001  0.295018763999552E+003  0.796083924084352E+000  0.111161943156590E+001  0.989854243005572E+000  0.477747904314236E+000 -0.131028262406404E+000 -0.147509381999776E+003
  0.100000000000000E+001  0.295117296906116E+003  0.410290403417970E+000  0.119010862962987E+001  0.780453175823147E+000  0.126515714083810E+000 -0.131028262406404E+000 -0.147558648453058E+003
  0.100000000000000E+001  0.294835391416652E+003  0.686353953690889E+000  0.146214583251242E+001  0.187971405342811E-001  0.340303865342268E+000 -0.131028262406404E+000 -0.147417695708326E+003
  0.100000000000000E+001  0.298748403604103E+003  0.190759002478700E+001  0.702555895619469E+000  0.865545970674522E+000  0.460633834331572E+000 -0.131028262406404E+000 -0.149374201802051E+003
  0.100000000000000E+001  0.295780795457734E+003  0.135600919698925E+001  0.115807225249920E+001  0.401798751439900E+000  0.325592398954895E+000 -0.131028262406404E+000 -0.147890397728867E+003
  0.100000000000000E+001  0.295042231336270E+003  0.273548110226302E+000  0.112686858558221E+001  0.158425363723826E+000  0.238350193755923E+000 -0.131028262406404E+000 -0.147521115668135E+003
  0.100000000000000E+001  0.294596599887866E+003  0.107722499178746E+001  0.754074273361698E+000  0.887124378681245E+000  0.212287534740701E+000 -0.131028262406404E+000 -0.147298299943933E+003
  0.100000000000000E+001  0.295007194645650E+003  0.175563404794062E+001  0.187923602685507E+001  0.345175597752513E+000  0.158898646452536E+000 -0.131028262406404E+000 -0.147503597322825E+003
  0.100000000000000E+001  0.295115506677919E+003  0.196866385498325E+000  0.135896133434721E+001  0.659211224025088E+000  0.288172042998363E+000 -0.131028262406404E+000 -0.147557753338960E+003
  0.100000000000000E+001  0.295174400910490E+003  0.108435247081799E+001  0.118775906733416E+001  0.288988037234519E+000  0.334862386617914E+000 -0.131028262406404E+000 -0.147587200455245E+003
  0.100000000000000E+001  0.294432769002916E+003  0.795494649704348E+000  0.731877533438163E+000  0.472726929517458E+000  0.380611797733540E+000 -0.131028262406404E+000 -0.147216384501458E+003
  0.100000000000000E+001  0.296541969101030E+003  0.914530190493543E+000  0.185238464700247E+001  0.484516442086526E+000  0.490069850443469E+000 -0.131028262406404E+000 -0.148270984550515E+003
  0.100000000000000E+001  0.295012930839190E+003  0.100355003059904E+001  0.115418580890189E+001  0.995787927621866E+000  0.341831604754159E+000 -0.131028262406404E+000 -0.147506465419595E+003
  0.100000000000000E+001  0.294704108769194E+003  0.450864335013521E+000  0.101788581957002E+001  0.291704496318735E-001  0.315344651099026E+000 -0.131028262406404E+000 -0.147352054384597E+003
  0.100000000000000E+001  0.294862344650055E+003  0.145042234810326E+001  0.779969815203930E+000  0.629229097008047E+000  0.227481472479185E+000 -0.131028262406404E+000 -0.147431172325027E+003
  0.100000000000000E+001  0.297530863306984E+003  0.150208671474676E+001  0.861743003335530E+000  0.753487152585609E+000  0.492735804104182E+000 -0.131028262406404E+000 -0.148765431653492E+003
  0.100000000000000E+001  0.294598274731260E+003  0.755262859730178E+000  0.909756587674057E+000  0.304392115455923E+000  0.257099965166691E+000 -0.131028262406404E+000 -0.147299137365630E+003
  0.100000000000000E+001  0.295925425217412E+003  0.915197473981024E+000  0.184387620897160E+001  0.211513683794007E+000  0.419134855863143E+000 -0.131028262406404E+000 -0.147962712608706E+003
  0.100000000000000E+001  0.294923837568136E+003  0.476165869172864E+000  0.753198724130701E+000  0.508713564727347E+000  0.177115096248416E+000 -0.131028262406404E+000 -0.147461918784068E+003
  0.100000000000000E+001  0.294855354023971E+003  0.677054964214627E+000  0.197290976214137E+001  0.494496428809236E+000  0.200937579035994E+000 -0.131028262406404E+000 -0.147427677011986E+003
  0.100000000000000E+001  0.298475267154354E+003  0.178340242707977E+001  0.110459498301994E+001  0.131938393006992E+000  0.375238998405521E+000 -0.131028262406404E+000 -0.149237633577177E+003
  0.100000000000000E+001  0.294711886180859E+003  0.111653128690131E+001  0.530526953234493E+000  0.575303619032828E+000  0.126037710598762E+000 -0.131028262406404E+000 -0.147355943090429E+003
  0.100000000000000E+001  0.294697182545386E+003  0.127549084470000E+001  0.124733360218940E+001  0.925825627236386E+000  0.138501819301299E+000 -0.131028262406404E+000 -0.147348591272693E+003
  0.100000000000000E+001  0.294717867976878E+003  0.147528318595567E+001  0.101090899698122E+001  0.838673877307391E+000  0.161741665915411E+000 -0.131028262406404E+000 -0.147358933988439E+003
  0.100000000000000E+001  0.303604978873984E+003  0.183136116458396E+001  0.161200889552934E+001  0.171109875378196E+000  0.473594525249568E+000 -0.131028262406404E+000 -0.151802489436992E+003
  0.100000000000000E+001  0.294988595045920E+003  0.676027635750294E+000  0.191043376193156E+001  0.940036061376544E+000  0.114575128210265E+000 -0.131028262406404E+000 -0.147494297522960E+003
  0.100000000000000E+001  0.294536607315826E+003  0.381170012980272E+000  0.851416281252284E+000  0.362476629778467E+000  0.499399470577850E+000 -0.131028262406404E+000 -0.147268303657913E+003
  0.100000000000000E+001  0.299299138964749E+003  0.178197570322661E+001  0.186868755823359E+001  0.919205316302780E+000  0.358339633685712E+000 -0.131028262406404E+000 -0.149649569482375E+003
  0.100000000000000E+001  0.294631090825681E+003  0.478825013841947E+000  0.104097844914023E+001  0.273063707991648E+000  0.368613938648426E+000 -0.131028262406404E+000 -0.147315545412841E+003
  0.100000000000000E+001  0.295158803752529E+003  0.135270066611244E+000  0.109080297035587E+001  0.495006116587435E+000  0.357736554244356E+000 -0.131028262406404E+000 -0.147579401876265E+003
  0.100000000000000E+001  0.295917175481140E+003  0.166420580088557E+001  0.167599681904776E+001  0.157528162770937E-002  0.241040843754002E+000 -0.131028262406404E+000 -0.147958587740570E+003
  0.100000000000000E+001  0.294690637421456E+003  0.473464109266176E+000  0.120370941653694E+001  0.585179562138114E+000  0.432391872298105E+000 -0.131028262406404E+000 -0.147345318710728E+003
  0.100000000000000E+001  0.295037720109284E+003  0.318197809540148E+000  0.135351138928474E+001  0.752137560722882E+000  0.212755306435178E+000 -0.131028262406404E+000 -0.147518860054642E+003
  0.100000000000000E+001  0.294709728427070E+003  0.370788772057706E+000  0.101693366413204E+001  0.468504378710331E+000  0.381768901389355E+000 -0.131028262406404E+000 -0.147354864213535E+003
  0.100000000000000E+001  0.295838364674978E+003  0.182977051848563E+001  0.575048351011790E+000  0.972028259170791E+000  0.301091906270136E+000 -0.131028262406404E+000 -0.147919182337489E+003
  0.100000000000000E+001  0.294840307833204E+003  0.383628677982724E+000  0.144529645660620E+001  0.535098220075283E+000  0.385464694161988E+000 -0.131028262406404E+000 -0.147420153916602E+003
  0.100000000000000E+001  0.295540971569396E+003  0.195281401653734E+001  0.118223393051543E+001  0.218958420859564E+000  0.196262713272362E+000 -0.131028262406404E+000 -0.147770485784698E+003
  0.100000000000000E+001  0.294329289914967E+003  0.910072306670152E+000  0.552404546509052E+000  0.503127468403267E+000  0.392847896266304E+000 -0.131028262406404E+000 -0.147164644957483E+003
  0.100000000000000E+001  0.294865013282698E+003  0.522938212886650E+000  0.128213347393995E+001  0.836055981766872E+000  0.196228894078062E+000 -0.131028262406404E+000 -0.147432506641349E+003
  0.100000000000000E+001  0.294583717428784E+003  0.454770304838315E+000  0.795147083199026E+000  0.596381242550831E+000  0.365614272133880E+000 -0.131028262406404E+000 -0.147291858714392E+003
  0.100000000000000E+001  0.294677595629855E+003  0.754284020063117E+000  0.809181673822319E+000  0.936438369518151E-001  0.198233298381167E+000 -0.131028262406404E+000 -0.147338797814928E+003
  0.100000000000000E+001  0.296645800210556E+003  0.137923971960543E+001  0.183617776359456E+001  0.629953152547602E+000  0.334340851488389E+000 -0.131028262406404E+000 -0.148322900105278E+003
  0.100000000000000E+001  0.296339657307672E+003  0.197664154894148E+001  0.558985148110376E+000  0.941100448308258E+000  0.309515936544932E+000 -0.131028262406404E+000 -0.148169828653836E+003
  0.100000000000000E+001  0.294732588666001E+003  0.116691538888766E+001  0.160321077357149E+001  0.483895745856207E+000  0.147773250776778E+000 -0.131028262406404E+000 -0.147366294333000E+003
  0.100000000000000E+001  0.295886835464006E+003  0.161353788220320E+001  0.781461248371024E+000  0.982338925667922E+000  0.324234628766179E+000 -0.131028262406404E+000 -0.147943417732003E+003
  0.100000000000000E+001  0.294817604294050E+003  0.518587574184902E+000  0.137915912113314E+001  0.292396337266040E+000  0.434590604965308E+000 -0.131028262406404E+000 -0.147408802147025E+003
  0.100000000000000E+001  0.295098595927663E+003  0.538308629069021E+000  0.871388145834020E+000  0.357440985333385E+000  0.100962373235404E+000 -0.131028262406404E+000 -0.147549297963832E+003
  0.100000000000000E+001  0.294787033657019E+003  0.360951610388982E+000  0.698366215989681E+000  0.411423098867315E+000  0.306239182027279E+000 -0.131028262406404E+000 -0.147393516828509E+003
  0.100000000000000E+001  0.295094921912989E+003  0.488112757877006E+000  0.199715662543097E+001  0.244910722162983E+000  0.395398931591278E+000 -0.131028262406404E+000 -0.147547460956495E+003
  0.100000000000000E+001  0.294752573019717E+003  0.128513053990823E+001  0.107864819007102E+001  0.577226108223119E+000  0.103694016687355E+000 -0.131028262406404E+000 -0.147376286509858E+003
  0.100000000000000E+001  0.295085926874233E+003  0.328555582004665E+000  0.769807780556301E+000  0.752821169259276E+000  0.171282067329542E+000 -0.131028262406404E+000 -0.147542963437116E+003
  0.100000000000000E+001  0.296683084622311E+003  0.134077463691232E+001  0.124956127629678E+001  0.939566915996130E+000  0.391826911842996E+000 -0.131028262406404E+000 -0.148341542311156E+003
  0.100000000000000E+001  0.298324304872869E+003  0.159507951322017E+001  0.142053962481717E+001  0.873314996274469E+000  0.383063095791570E+000 -0.131028262406404E+000 -0.149162152436434E+003
  0.100000000000000E+001  0.294824845836354E+003  0.970564042091213E+000  0.103823894230523E+001  0.485234163374641E+000  0.112565637981252E+000 -0.131028262406404E+000 -0.147412422918177E+003
  0.100000000000000E+001  0.294892483997133E+003  0.134336150094404E+001  0.193653733278978E+001  0.867656169813540E-001  0.180533625427757E+000 -0.131028262406404E+000 -0.147446241998567E+003
  0.100000000000000E+001  0.297079425201569E+003  0.198978300287679E+001  0.130648549421940E+001  0.779387636148835E+000  0.260188272080119E+000 -0.131028262406404E+000 -0.148539712600785E+003
  0.100000000000000E+001  0.294851251842732E+003  0.451809233928749E+000  0.157926839041291E+001  0.725267927079749E+000  0.324162870021126E+000 -0.131028262406404E+000 -0.147425625921366E+003
  0.100000000000000E+001  0.295813554567682E+003  0.801078505519020E+000  0.174067374353919E+001  0.644296400571838E+000  0.467438534435530E+000 -0.131028262406404E+000 -0.147906777283841E+003
  0.100000000000000E+001  0.294902327425812E+003  0.589083175808381E+000  0.148360341149402E+001  0.281766713546838E+000  0.161767319312825E+000 -0.131028262406404E+000 -0.147451163712906E+003
  0.100000000000000E+001  0.300058953028900E+003  0.160711823813238E+001  0.142672124122173E+001  0.106254341231200E+000  0.448800192084339E+000 -0.131028262406404E+000 -0.150029476514450E+003
  0.100000000000000E+001  0.295527717720521E+003  0.110087877183909E+001  0.146727936390044E+001  0.379575828772895E+000  0.339715612077522E+000 -0.131028262406404E+000 -0.147763858860261E+003
  0.100000000000000E+001  0.295213095081283E+003  0.129407483505305E+001  0.134763196967056E+001  0.812214428881525E-001  0.261306622731705E+000 -0.131028262406404E+000 -0.147606547540641E+003
  0.100000000000000E+001  0.295310243587097E+003  0.187073664843093E+001  0.995656739732661E+000  0.180986529787334E+000  0.196807192925130E+000 -0.131028262406404E+000 -0.147655121793549E+003
  0.100000000000000E+001  0.296410889383105E+003  0.171578270301588E+001  0.802378240492449E+000  0.400057769022078E+000  0.334089091453999E+000 -0.131028262406404E+000 -0.148205444691553E+003
  0.100000000000000E+001  0.296210708317752E+003  0.185294625486556E+001  0.160726887947016E+001  0.780361710377937E-001  0.232521785119325E+000 -0.131028262406404E+000 -0.148105354158876E+003
  0.100000000000000E+001  0.295219736111865E+003  0.134967466330855E+001  0.163914811452159E+001  0.660436384710401E+000  0.235466418159205E+000 -0.131028262406404E+000 -0.147609868055933E+003
  0.100000000000000E+001  0.296911642295864E+003  0.170367137184641E+001  0.162424162059351E+001  0.466650846794001E+000  0.286948091292003E+000 -0.131028262406404E+000 -0.148455821147932E+003
  0.100000000000000E+001  0.297530090012053E+003  0.118241621649701E+001  0.168300240747762E+001  0.724312453696849E+000  0.459847919487375E+000 -0.131028262406404E+000 -0.148765045006027E+003
  0.100000000000000E+001  0.296508401594754E+003  0.174338019484171E+001  0.117511172099221E+001  0.665165532354042E+000  0.283193795579865E+000 -0.131028262406404E+000 -0.148254200797377E+003
  0.100000000000000E+001  0.294579345962356E+003  0.551995686995240E+000  0.102976285275168E+001  0.366657081519607E+000  0.400645054945034E+000 -0.131028262406404E+000 -0.147289672981178E+003
  0.100000000000000E+001  0.297278914124100E+003  0.110828627917052E+001  0.191541997293993E+001  0.823274884104243E+000  0.463017988394931E+000 -0.131028262406404E+000 -0.148639457062050E+003
  0.100000000000000E+001  0.294972950484898E+003  0.766368461770437E+000  0.163571251701745E+001  0.619855392160463E+000  0.102089461123943E+000 -0.131028262406404E+000 -0.147486475242449E+003
  0.100000000000000E+001  0.297280144774442E+003  0.141269373147313E+001  0.104660401552557E+001  0.625315851916120E+000  0.450136849288687E+000 -0.131028262406404E+000 -0.148640072387221E+003
  0.100000000000000E+001  0.294724524512699E+003  0.115761630005408E+001  0.101382857629206E+001  0.214607952288712E+000  0.228469932604905E+000 -0.131028262406404E+000 -0.147362262256350E+003
  0.100000000000000E+001  0.295229611653363E+003  0.285774969039761E+000  0.780919003401986E+000  0.551559579110927E+000  0.123024341698989E+000 -0.131028262406404E+000 -0.147614805826682E+003
  0.100000000000000E+001  0.294689278767475E+003  0.420480428162584E+000  0.115312175786289E+001  0.344591421113408E+000  0.408496527083538E+000 -0.131028262406404E+000 -0.147344639383738E+003
  0.100000000000000E+001  0.295232259377793E+003  0.242223574456466E+000  0.161463093858900E+001  0.517559597432373E+000  0.149674685639885E+000 -0.131028262406404E+000 -0.147616129688897E+003
  0.100000000000000E+001  0.295134225694786E+003  0.135975352454287E+000  0.134552520272563E+001  0.993221256812002E+000  0.458914316549784E+000 -0.131028262406404E+000 -0.147567112847393E+003
  0.100000000000000E+001  0.294944555311658E+003  0.930145447830035E+000  0.976602240506236E+000  0.283840325604203E+000  0.427012795696539E+000 -0.131028262406404E+000 -0.147472277655829E+003
  0.100000000000000E+001  0.295577986955192E+003  0.984621010355164E+000  0.181500586734851E+001  0.295035966776094E-001  0.352794579757242E+000 -0.131028262406404E+000 -0.147788993477596E+003
  0.100000000000000E+001  0.295082632572578E+003  0.704315777592493E+000  0.150542934444711E+001  0.785545916482445E+000  0.414091740665683E+000 -0.131028262406404E+000 -0.147541316286289E+003
  0.100000000000000E+001  0.294895994356320E+003  0.572540581697769E+000  0.181518716989342E+001  0.511223286378563E-001  0.305553236250935E+000 -0.131028262406404E+000 -0.147447997178160E+003
  0.100000000000000E+001  0.294819612850487E+003  0.103642463485809E+001  0.161022751971475E+001  0.266273780734013E+000  0.219759900129010E+000 -0.131028262406404E+000 -0.147409806425243E+003
  0.100000000000000E+001  0.296284473112591E+003  0.198940443748814E+001  0.148325902340777E+001  0.530344698585491E+000  0.222016648652012E+000 -0.131028262406404E+000 -0.148142236556296E+003
  0.100000000000000E+001  0.295110912568296E+003  0.163789689843546E+000  0.132124885936969E+001  0.783435808041112E-001  0.369042973531302E+000 -0.131028262406404E+000 -0.147555456284148E+003
  0.100000000000000E+001  0.294891874379826E+003  0.487069737765175E+000  0.807058418075358E+000  0.781444260590225E+000  0.186459866822860E+000 -0.131028262406404E+000 -0.147445937189913E+003
  0.100000000000000E+001  0.295925485367062E+003  0.111179121945337E+001  0.119757562234353E+001  0.927441626077716E+000  0.426341156744294E+000 -0.131028262406404E+000 -0.147962742683531E+003
  0.100000000000000E+001  0.294890247153722E+003  0.781654278267151E+000  0.585478401235947E+000  0.668064613027477E-001  0.117483210947682E+000 -0.131028262406404E+000 -0.147445123576861E+003
  0.100000000000000E+001  0.294659430758409E+003  0.126751636690991E+001  0.936145069519132E+000  0.693172807933501E+000  0.158268414057527E+000 -0.131028262406404E+000 -0.147329715379205E+003
  0.100000000000000E+001  0.296454687648033E+003  0.174105166925305E+001  0.149230977830074E+001  0.768601927853431E+000  0.263507651520805E+000 -0.131028262406404E+000 -0.148227343824016E+003
  0.100000000000000E+001  0.296230439915145E+003  0.112991287987393E+001  0.134598213001425E+001  0.731009757564300E+000  0.420174332795061E+000 -0.131028262406404E+000 -0.148115219957572E+003
  0.100000000000000E+001  0.294815777323155E+003  0.512812699524474E+000  0.145632364860553E+001  0.675143683145576E-001  0.386257257903085E+000 -0.131028262406404E+000 -0.147407888661577E+003
  0.100000000000000E+001  0.299835130144060E+003  0.188339586662229E+001  0.828358357557796E+000  0.894348239254012E+000  0.473802252958469E+000 -0.131028262406404E+000 -0.149917565072030E+003
  0.100000000000000E+001  0.295205408692021E+003  0.172560004697167E+000  0.189387192760309E+001  0.933870578710602E+000  0.475345879679272E+000 -0.131028262406404E+000 -0.147602704346010E+003
  0.100000000000000E+001  0.295121414060239E+003  0.230937996702707E+000  0.186855699713634E+001  0.664259603783320E+000  0.419924306656814E+000 -0.131028262406404E+000 -0.147560707030119E+003
  0.100000000000000E+001  0.294880472539872E+003  0.561424765701595E+000  0.121086301435992E+001  0.956508168282707E+000  0.172905452239718E+000 -0.131028262406404E+000 -0.147440236269936E+003
  0.100000000000000E+001  0.302132225230217E+003  0.184200913616552E+001  0.145655457522695E+001  0.333857283794688E+000  0.440280342251135E+000 -0.131028262406404E+000 -0.151066112615108E+003
  0.100000000000000E+001  0.294871877440026E+003  0.931160708620791E+000  0.913928321434152E+000  0.895473084111336E+000  0.104148221176249E+000 -0.131028262406404E+000 -0.147435938720013E+003
  0.100000000000000E+001  0.294839538577535E+003  0.173765073733786E+001  0.135526048568869E+001  0.205791036876338E+000  0.148410893452995E+000 -0.131028262406404E+000 -0.147419769288767E+003
  0.100000000000000E+001  0.297713953210546E+003  0.177587195874145E+001  0.776672591634840E+000  0.897814526268950E-001  0.416334654219555E+000 -0.131028262406404E+000 -0.148856976605273E+003
  0.100000000000000E+001  0.295022531091724E+003  0.659711824018805E+000  0.102081162276117E+001  0.369311624775875E+000  0.101725286619334E+000 -0.131028262406404E+000 -0.147511265545862E+003
  0.100000000000000E+001  0.295171787355549E+003  0.151187930574442E+001  0.129043578029072E+001  0.410596372870011E+000  0.219726960121715E+000 -0.131028262406404E+000 -0.147585893677774E+003
  0.100000000000000E+001  0.294734628172062E+003  0.165470583408120E+001  0.818542837489174E+000  0.497653056521811E-001  0.155657373868354E+000 -0.131028262406404E+000 -0.147367314086031E+003
  0.100000000000000E+001  0.295242971228450E+003  0.185569378470103E+001  0.167051520988245E+001  0.612934196637482E+000  0.174364479899677E+000 -0.131028262406404E+000 -0.147621485614225E+003
  0.100000000000000E+001  0.295183414050692E+003  0.105119326261974E+000  0.118265371651681E+001  0.758151388858075E-002  0.471546325090731E+000 -0.131028262406404E+000 -0.147591707025346E+003
  0.100000000000000E+001  0.294942221390748E+003  0.131442152385634E+001  0.845733173755895E+000  0.670281068771353E+000  0.274498290175338E+000 -0.131028262406404E+000 -0.147471110695374E+003
  0.100000000000000E+001  0.294915342817307E+003  0.196676925206342E+001  0.760160436554959E+000  0.867642483567389E+000  0.156439979748820E+000 -0.131028262406404E+000 -0.147457671408654E+003
  0.100000000000000E+001  0.298372999637511E+003  0.196885749519310E+001  0.757069324972912E+000  0.287164899120648E+000  0.392562441869718E+000 -0.131028262406404E+000 -0.149186499818756E+003
  0.100000000000000E+001  0.294983493440307E+003  0.434598881718477E+000  0.190247419653846E+001  0.296812372470666E-001  0.205085964650062E+000 -0.131028262406404E+000 -0.147491746720153E+003
  0.100000000000000E+001  0.294645349082983E+003  0.588488039247841E+000  0.113100969240563E+001  0.626811188183171E+000  0.331776672900823E+000 -0.131028262406404E+000 -0.147322674541491E+003
  0.100000000000000E+001  0.295198026958301E+003  0.158923813894190E+000  0.969785106684762E+000  0.593591572771261E+000  0.253760406245032E+000 -0.131028262406404E+000 -0.147599013479151E+003
  0.100000000000000E+001  0.295015267497524E+003  0.143045435312894E+001  0.797677531440396E+000  0.430110261373213E+000  0.261791070372683E+000 -0.131028262406404E+000 -0.147507633748762E+003
  0.100000000000000E+001  0.295388871090596E+003  0.100927319189340E+000  0.531298073571255E+000  0.555601132858013E+000  0.146600905392070E+000 -0.131028262406404E+000 -0.147694435545298E+003
  0.100000000000000E+001  0.301517580596847E+003  0.175178698765857E+001  0.149885809575545E+001  0.348414509328478E+000  0.445636957173185E+000 -0.131028262406404E+000 -0.150758790298423E+003
  0.100000000000000E+001  0.296910752899421E+003  0.175358759696380E+001  0.823160535605534E+000  0.269549834018321E+000  0.354711168544078E+000 -0.131028262406404E+000 -0.148455376449710E+003
  0.100000000000000E+001  0.294785524159889E+003  0.110980746294813E+001  0.873595532491076E+000  0.141470173408003E+000  0.107819028261282E+000 -0.131028262406404E+000 -0.147392762079945E+003
  0.100000000000000E+001  0.294986922252320E+003  0.254278956508506E+000  0.147510443491168E+001  0.978975106342808E+000  0.364942537681657E+000 -0.131028262406404E+000 -0.147493461126160E+003
  0.100000000000000E+001  0.297307016288951E+003  0.164617782920033E+001  0.805290460419790E+000  0.699333409739730E+000  0.430173349177532E+000 -0.131028262406404E+000 -0.148653508144476E+003
  0.100000000000000E+001  0.294332458144649E+003  0.674617277406875E+000  0.702014551414266E+000  0.517473699320566E+000  0.451769647546149E+000 -0.131028262406404E+000 -0.147166229072325E+003
  0.100000000000000E+001  0.295543984880047E+003  0.143736403790724E+001  0.805240474482719E+000  0.965283002477837E+000  0.341727704922077E+000 -0.131028262406404E+000 -0.147771992440023E+003
  0.100000000000000E+001  0.294690306930255E+003  0.115088270036914E+001  0.639842918332013E+000  0.212121027041381E-001  0.366424588205401E+000 -0.131028262406404E+000 -0.147345153465128E+003
  0.100000000000000E+001  0.294617173040323E+003  0.491545130727027E+000  0.108675549708005E+001  0.948857151475978E+000  0.427683261702407E+000 -0.131028262406404E+000 -0.147308586520161E+003
  0.100000000000000E+001  0.294724552259211E+003  0.909484522831557E+000  0.142771557304485E+001  0.569984461078529E-001  0.189218335208294E+000 -0.131028262406404E+000 -0.147362276129606E+003
  0.100000000000000E+001  0.294912695254096E+003  0.815069051099756E+000  0.105744793438088E+001  0.161018101416341E-001  0.457259987259775E+000 -0.131028262406404E+000 -0.147456347627048E+003
  0.100000000000000E+001  0.294654082406436E+003  0.133450160495826E+001  0.776006266259594E+000  0.836877400378826E+000  0.179196798508130E+000 -0.131028262406404E+000 -0.147327041203218E+003
  0.100000000000000E+001  0.294977847788219E+003  0.310058431774323E+000  0.105247723720411E+001  0.444103804526474E+000  0.245312448179134E+000 -0.131028262406404E+000 -0.147488923894110E+003
  0.100000000000000E+001  0.295133918874479E+003  0.170760089696292E+000  0.163824234362471E+001  0.257576406899053E+000  0.462782146088269E+000 -0.131028262406404E+000 -0.147566959437239E+003
  0.100000000000000E+001  0.294640095515977E+003  0.624954710267833E+000  0.111797633662350E+001  0.387657825437139E+000  0.317629130328279E+000 -0.131028262406404E+000 -0.147320047757989E+003
  0.100000000000000E+001  0.294713525078663E+003  0.323505509752154E+000  0.770230865828586E+000  0.334645302791342E+000  0.397309915363348E+000 -0.131028262406404E+000 -0.147356762539332E+003
  0.100000000000000E+001  0.294507864389636E+003  0.970986338143398E+000  0.647373541443085E+000  0.965711732784153E+000  0.459979572247893E+000 -0.131028262406404E+000 -0.147253932194818E+003
  0.100000000000000E+001  0.298481783679558E+003  0.161544833869302E+001  0.107409462204468E+001  0.559408369944249E+000  0.434875615613866E+000 -0.131028262406404E+000 -0.149240891839779E+003
  0.100000000000000E+001  0.295044030641263E+003  0.196454927283816E+000  0.127356920608038E+001  0.207866857380170E+000  0.364095477314110E+000 -0.131028262406404E+000 -0.147522015320631E+003
  0.100000000000000E+001  0.294827551519703E+003  0.367485033375156E+000  0.138990573174908E+001  0.402689693118083E+000  0.407104412950238E+000 -0.131028262406404E+000 -0.147413775759851E+003
  0.100000000000000E+001  0.301527971045578E+003  0.161287783058017E+001  0.154202349158486E+001  0.511588675664261E+000  0.489102471674439E+000 -0.131028262406404E+000 -0.150763985522789E+003
  0.100000000000000E+001  0.295318785051701E+003  0.157030222790971E+001  0.123468672054939E+001  0.978042811902337E+000  0.228183685625146E+000 -0.131028262406404E+000 -0.147659392525851E+003
  0.100000000000000E+001  0.294686520662355E+003  0.664352172587153E+000  0.120204721962648E+001  0.408010971199125E+000  0.346678620001034E+000 -0.131028262406404E+000 -0.147343260331177E+003
  0.100000000000000E+001  0.294765072204017E+003  0.124152504162247E+001  0.545885387277942E+000  0.998446325448497E+000  0.427492117475370E+000 -0.131028262406404E+000 -0.147382536102009E+003
  0.100000000000000E+001  0.294822281242407E+003  0.708875504903305E+000  0.118392753930358E+001  0.534040120457113E+000  0.430406278647709E+000 -0.131028262406404E+000 -0.147411140621204E+003
  0.100000000000000E+001  0.295622784707322E+003  0.140909497108869E+001  0.910877959148340E+000  0.551528741359467E+000  0.335403448165351E+000 -0.131028262406404E+000 -0.147811392353661E+003
  0.100000000000000E+001  0.294665947665556E+003  0.985548601017961E+000  0.686774230174662E+000  0.211014294192420E+000  0.160323110681045E+000 -0.131028262406404E+000 -0.147332973832778E+003
  0.100000000000000E+001  0.294813600618300E+003  0.796821362975150E+000  0.654009208010864E+000  0.395388527834817E+000  0.136996281245328E+000 -0.131028262406404E+000 -0.147406800309150E+003
  0.100000000000000E+001  0.295264786111766E+003  0.113900058005207E+000  0.179003192139424E+001  0.718334937716664E+000  0.432651432769352E+000 -0.131028262406404E+000 -0.147632393055883E+003
  0.100000000000000E+001  0.299414524578214E+003  0.142485510597918E+001  0.136541280752328E+001  0.181848380220148E+000  0.498855330271739E+000 -0.131028262406404E+000 -0.149707262289107E+003
  0.100000000000000E+001  0.295865900528942E+003  0.898693486929023E+000  0.157588749843628E+001  0.675788916401622E+000  0.448344693185807E+000 -0.131028262406404E+000 -0.147932950264471E+003
  0.100000000000000E+001  0.295090473427501E+003  0.143902749008795E+001  0.132361093261636E+001  0.930502140414390E+000  0.220199262976681E+000 -0.131028262406404E+000 -0.147545236713750E+003
  0.100000000000000E+001  0.294733108129891E+003  0.469768679241236E+000  0.585252672555679E+000  0.476802423635847E-001  0.261225767220007E+000 -0.131028262406404E+000 -0.147366554064945E+003
  0.100000000000000E+001  0.296503226769549E+003  0.118529902443572E+001  0.197508535127270E+001  0.328345826038296E+000  0.374599879392266E+000 -0.131028262406404E+000 -0.148251613384774E+003
  0.100000000000000E+001  0.295506087848603E+003  0.660132299095114E+000  0.186967370793373E+001  0.271936319279916E+000  0.470363899437539E+000 -0.131028262406404E+000 -0.147753043924301E+003
  0.100000000000000E+001  0.294687835790717E+003  0.635386342077374E+000  0.896072191217130E+000  0.351301909424541E+000  0.228743313158134E+000 -0.131028262406404E+000 -0.147343917895359E+003
  0.100000000000000E+001  0.295282849184963E+003  0.154829150173734E+001  0.121051966307653E+001  0.728963517961917E+000  0.229724621870810E+000 -0.131028262406404E+000 -0.147641424592482E+003
  0.100000000000000E+001  0.295176459414846E+003  0.193904844660633E+000  0.102034818735500E+001  0.924620911435906E+000  0.223331581902377E+000 -0.131028262406404E+000 -0.147588229707423E+003
  0.100000000000000E+001  0.294901296125415E+003  0.238238539308206E+000  0.124440603028674E+001  0.593548811461908E+000  0.481465523635605E+000 -0.131028262406404E+000 -0.147450648062707E+003
  0.100000000000000E+001  0.294542072515235E+003  0.690899464177068E+000  0.773985937888684E+000  0.317110257018206E+000  0.287071098818622E+000 -0.131028262406404E+000 -0.147271036257617E+003
  0.100000000000000E+001  0.302012229482791E+003  0.173389989431547E+001  0.185422026061898E+001  0.816842569626402E+000  0.455986220341852E+000 -0.131028262406404E+000 -0.151006114741395E+003
  0.100000000000000E+001  0.294728210319077E+003  0.186246815278159E+001  0.113338769726001E+001  0.773339979450911E+000  0.120862909282284E+000 -0.131028262406404E+000 -0.147364105159538E+003
  0.100000000000000E+001  0.294916064975642E+003  0.176463927510386E+001  0.174605230972202E+001  0.425582731761844E+000  0.149274257426273E+000 -0.131028262406404E+000 -0.147458032487821E+003
  0.100000000000000E+001  0.295706418765998E+003  0.143483290567608E+001  0.981550581701121E+000  0.927843934613961E+000  0.321845701150590E+000 -0.131028262406404E+000 -0.147853209382999E+003
  0.100000000000000E+001  0.296354537887667E+003  0.129079224939982E+001  0.107618425059618E+001  0.626700572999500E+000  0.419553533772479E+000 -0.131028262406404E+000 -0.148177268943834E+003
  0.100000000000000E+001  0.294832697333314E+003  0.118389916509216E+001  0.185456186785259E+001  0.946770497167718E+000  0.187166690721212E+000 -0.131028262406404E+000 -0.147416348666657E+003
  0.100000000000000E+001  0.297595907445406E+003  0.191975278934900E+001  0.852709906201285E+000  0.372657771617044E+000  0.341219708876667E+000 -0.131028262406404E+000 -0.148797953722703E+003
  0.100000000000000E+001  0.294417828169145E+003  0.675570332446107E+000  0.703123726370679E+000  0.646040654770457E+000  0.364883203117138E+000 -0.131028262406404E+000 -0.147208914084573E+003
  0.100000000000000E+001  0.294738862237599E+003  0.121027430549801E+001  0.673282284350988E+000  0.408918017473663E+000  0.110531773725535E+000 -0.131028262406404E+000 -0.147369431118800E+003
  0.100000000000000E+001  0.297509086555028E+003  0.137287845360661E+001  0.118217547647059E+001  0.233288730813563E+000  0.449432572236424E+000 -0.131028262406404E+000 -0.148754543277514E+003
  0.100000000000000E+001  0.294862078058770E+003  0.861216836075210E+000  0.135358870964849E+001  0.870538922316685E+000  0.313146334934679E+000 -0.131028262406404E+000 -0.147431039029385E+003
  0.100000000000000E+001  0.295541018253129E+003  0.129537482953843E+001  0.120943880001370E+001  0.584026488924256E+000  0.312240087130410E+000 -0.131028262406404E+000 -0.147770509126564E+003
  0.100000000000000E+001  0.298957417494634E+003  0.163040956931833E+001  0.136687940696824E+001  0.227902720587106E+000  0.404589618582292E+000 -0.131028262406404E+000 -0.149478708747317E+003
  0.100000000000000E+001  0.294872815360075E+003  0.592164806225338E+000  0.191109434129277E+001  0.381095028076459E+000  0.237839071133718E+000 -0.131028262406404E+000 -0.147436407680038E+003
  0.100000000000000E+001  0.294637604553424E+003  0.711427059016505E+000  0.509243176241004E+000  0.838004835263130E+000  0.215023922745565E+000 -0.131028262406404E+000 -0.147318802276712E+003
  0.100000000000000E+001  0.300993399261707E+003  0.186706787463661E+001  0.162786185106771E+001  0.518538401115768E+000  0.392475670326257E+000 -0.131028262406404E+000 -0.150496699630853E+003
  0.100000000000000E+001  0.299260157847485E+003  0.142155476482860E+001  0.167931416192259E+001  0.921410925392211E+000  0.461100544215320E+000 -0.131028262406404E+000 -0.149630078923743E+003
  0.100000000000000E+001  0.296119180359534E+003  0.131272032610831E+001  0.116571522171780E+001  0.731699283604756E+000  0.369948774982478E+000 -0.131028262406404E+000 -0.148059590179767E+003
  0.100000000000000E+001  0.295377395542312E+003  0.729108626315814E+000  0.168942031675956E+001  0.904415804014144E+000  0.435175329539862E+000 -0.131028262406404E+000 -0.147688697771156E+003
  0.100000000000000E+001  0.294779961498613E+003  0.196855945051067E+001  0.110491392421384E+001  0.579441138503289E-001  0.126054334948196E+000 -0.131028262406404E+000 -0.147389980749307E+003
  0.100000000000000E+001  0.294326684833605E+003  0.921428468225007E+000  0.565502363650662E+000  0.449434813030993E+000  0.428551656904045E+000 -0.131028262406404E+000 -0.147163342416803E+003
  0.100000000000000E+001  0.295118152978700E+003  0.197534869020018E+001  0.738579996101178E+000  0.915371026915908E+000  0.179394814835429E+000 -0.131028262406404E+000 -0.147559076489350E+003
  0.100000000000000E+001  0.295322130605553E+003  0.171916511744277E+001  0.105332903024299E+001  0.822334117521984E+000  0.215577386465722E+000 -0.131028262406404E+000 -0.147661065302777E+003
  0.100000000000000E+001  0.294804410357636E+003  0.601365387898494E+000  0.118477278403748E+001  0.464122314672855E+000  0.194414032010207E+000 -0.131028262406404E+000 -0.147402205178818E+003
  0.100000000000000E+001  0.299404008380951E+003  0.199137667266014E+001  0.141792489894375E+001  0.515615534668019E+000  0.330667616675284E+000 -0.131028262406404E+000 -0.149702004190475E+003
  0.100000000000000E+001  0.301092084531952E+003  0.198549503937258E+001  0.188302326258500E+001  0.966541607642684E+000  0.367767866104220E+000 -0.131028262406404E+000 -0.150546042265976E+003
  0.100000000000000E+001  0.295258222211197E+003  0.199483721985308E+000  0.114842746280422E+001  0.537637164407975E+000  0.158520687462486E+000 -0.131028262406404E+000 -0.147629111105598E+003
  0.100000000000000E+001  0.299671670190713E+003  0.179998346307604E+001  0.103019167678730E+001  0.805036035188178E+000  0.435098108949750E+000 -0.131028262406404E+000 -0.149835835095357E+003
  0.100000000000000E+001  0.295170830041961E+003  0.130563597695268E+000  0.734029102148767E+000  0.630069355261287E+000  0.344539041721505E+000 -0.131028262406404E+000 -0.147585415020980E+003
  0.100000000000000E+001  0.295054430898904E+003  0.230606529871395E+000  0.163874522178616E+001  0.563601082519940E+000  0.464636389344582E+000 -0.131028262406404E+000 -0.147527215449452E+003
  0.100000000000000E+001  0.296846095872559E+003  0.127825426272115E+001  0.138434265163914E+001  0.439635671424956E-001  0.406614722142919E+000 -0.131028262406404E+000 -0.148423047936280E+003
  0.100000000000000E+001  0.295045082602330E+003  0.436598659812384E+000  0.143808166867104E+001  0.131370622340437E+000  0.149300924550484E+000 -0.131028262406404E+000 -0.147522541301165E+003
  0.100000000000000E+001  0.296870820628626E+003  0.192939689815990E+001  0.926375941310806E+000  0.654023652912147E+000  0.289702657022186E+000 -0.131028262406404E+000 -0.148435410314313E+003
  0.100000000000000E+001  0.304698409596940E+003  0.185746800302593E+001  0.185249526188260E+001  0.869327212698517E+000  0.492504160520669E+000 -0.131028262406404E+000 -0.152349204798470E+003
  0.100000000000000E+001  0.294748212785700E+003  0.436196831809271E+000  0.129326458616563E+001  0.856896410998553E+000  0.422382048057125E+000 -0.131028262406404E+000 -0.147374106392850E+003
  0.100000000000000E+001  0.298979839523601E+003  0.177621706640298E+001  0.192050065446041E+001  0.143680132922218E+000  0.349372513126594E+000 -0.131028262406404E+000 -0.149489919761800E+003
  0.100000000000000E+001  0.295809327647367E+003  0.892428036578321E+000  0.153799087688385E+001  0.418341724428112E+000  0.449956792041012E+000 -0.131028262406404E+000 -0.147904663823683E+003
  0.100000000000000E+001  0.299235721837651E+003  0.153924663901179E+001  0.163212014162464E+001  0.316731016574587E+000  0.422653105473509E+000 -0.131028262406404E+000 -0.149617860918825E+003
  0.100000000000000E+001  0.294752331468464E+003  0.109819311361727E+001  0.659001059269898E+000  0.412882967348898E+000  0.446762256759153E+000 -0.131028262406404E+000 -0.147376165734232E+003
  0.100000000000000E+001  0.294930948293818E+003  0.738155422788753E+000  0.117656055952585E+001  0.282391675036159E+000  0.115127118412798E+000 -0.131028262406404E+000 -0.147465474146909E+003
  0.100000000000000E+001  0.295967197251130E+003  0.927913940319340E+000  0.191254735167175E+001  0.264106194409943E+000  0.414662940002978E+000 -0.131028262406404E+000 -0.147983598625565E+003
  0.100000000000000E+001  0.297048539391770E+003  0.177128288814059E+001  0.617321832326468E+000  0.472026228171539E+000  0.439694725226374E+000 -0.131028262406404E+000 -0.148524269695885E+003
  0.100000000000000E+001  0.294751452068460E+003  0.191850141694887E+001  0.188232799826638E+001  0.320079036849096E+000  0.107983501225078E+000 -0.131028262406404E+000 -0.147375726034230E+003
  0.100000000000000E+001  0.294778700160588E+003  0.852681126561622E+000  0.163419548553124E+001  0.919645824601601E+000  0.165242596911754E+000 -0.131028262406404E+000 -0.147389350080294E+003
  0.100000000000000E+001  0.302010978215281E+003  0.179419883278554E+001  0.128102221741680E+001  0.694425814214072E+000  0.472215399251292E+000 -0.131028262406404E+000 -0.151005489107640E+003
  0.100000000000000E+001  0.294684166214845E+003  0.645000941821038E+000  0.117574559445647E+001  0.502069451979098E-001  0.263736050452245E+000 -0.131028262406404E+000 -0.147342083107422E+003
  0.100000000000000E+001  0.294821578542737E+003  0.767298555661820E+000  0.167098138582727E+001  0.655583056664665E+000  0.159858769186437E+000 -0.131028262406404E+000 -0.147410789271368E+003
  0.100000000000000E+001  0.295247427437599E+003  0.140702439018919E+000  0.164608648038113E+001  0.580330243463024E+000  0.269232587468551E+000 -0.131028262406404E+000 -0.147623713718800E+003
  0.100000000000000E+001  0.295225086872292E+003  0.892507651311824E+000  0.131345859339271E+001  0.712235244768657E+000  0.400566155226060E+000 -0.131028262406404E+000 -0.147612543436146E+003
  0.100000000000000E+001  0.294706887069805E+003  0.153037644892969E+001  0.910620055501176E+000  0.237392944871633E+000  0.156835325725125E+000 -0.131028262406404E+000 -0.147353443534902E+003
  0.100000000000000E+001  0.295123177470532E+003  0.788230048897972E+000  0.178779133926621E+001  0.769775722909028E+000  0.342289400089298E+000 -0.131028262406404E+000 -0.147561588735266E+003
  0.100000000000000E+001  0.294760598863382E+003  0.132420559687527E+001  0.543587708540064E+000  0.716608409346781E+000  0.325976066870474E+000 -0.131028262406404E+000 -0.147380299431691E+003
  0.100000000000000E+001  0.294619891463076E+003  0.115591863680420E+001  0.575228593562516E+000  0.807585212665795E+000  0.160667459533030E+000 -0.131028262406404E+000 -0.147309945731538E+003
  0.100000000000000E+001  0.294830347529954E+003  0.682764451787158E+000  0.146710846217298E+001  0.821681572552659E+000  0.337265559894413E+000 -0.131028262406404E+000 -0.147415173764977E+003
  0.100000000000000E+001  0.294734558151238E+003  0.472949855191861E+000  0.121163922550271E+001  0.591916141455795E+000  0.312868643642209E+000 -0.131028262406404E+000 -0.147367279075619E+003
  0.100000000000000E+001  0.294893801367617E+003  0.377756690938895E+000  0.131754389663227E+001  0.277233023818034E+000  0.263512787725584E+000 -0.131028262406404E+000 -0.147446900683808E+003
  0.100000000000000E+001  0.294985476002571E+003  0.894738427436195E+000  0.180063590856987E+001  0.439295007892595E-001  0.278908548302030E+000 -0.131028262406404E+000 -0.147492738001285E+003
  0.100000000000000E+001  0.294835913816367E+003  0.708576157453145E+000  0.183467125340334E+001  0.946735414550205E+000  0.242880413488254E+000 -0.131028262406404E+000 -0.147417956908184E+003
  0.100000000000000E+001  0.295289747507244E+003  0.101073757238166E+001  0.124439856036026E+001  0.894249065444360E+000  0.373421593000915E+000 -0.131028262406404E+000 -0.147644873753622E+003
  0.100000000000000E+001  0.295249272402105E+003  0.125659532404138E+000  0.105763650565661E+001  0.151368716066976E+000  0.266574601976052E+000 -0.131028262406404E+000 -0.147624636201052E+003
  0.100000000000000E+001  0.295106341117299E+003  0.134593424695946E+001  0.113368303079625E+001  0.471345806152354E+000  0.254109972581601E+000 -0.131028262406404E+000 -0.147553170558650E+003
  0.100000000000000E+001  0.294708476165593E+003  0.139971484345854E+001  0.789777747405010E+000  0.886615385692756E+000  0.192985645322094E+000 -0.131028262406404E+000 -0.147354238082797E+003
  0.100000000000000E+001  0.296585818225733E+003  0.118244039080079E+001  0.197758067116601E+001  0.457446161470526E+000  0.381871896063096E+000 -0.131028262406404E+000 -0.148292909112866E+003
  0.100000000000000E+001  0.294720140364934E+003  0.180904206546897E+001  0.149050099534396E+001  0.173070369857283E+000  0.110417681032605E+000 -0.131028262406404E+000 -0.147360070182467E+003
  0.100000000000000E+001  0.297524181459554E+003  0.143303039865036E+001  0.166775654173421E+001  0.134690076557028E+000  0.374699343864966E+000 -0.131028262406404E+000 -0.148762090729777E+003
  0.100000000000000E+001  0.294749652741411E+003  0.110332531829014E+001  0.139689459964235E+001  0.234242760092643E+000  0.127597666317199E+000 -0.131028262406404E+000 -0.147374826370706E+003
  0.100000000000000E+001  0.295102329005993E+003  0.310016529960072E+000  0.185186056161115E+001  0.761684906243077E+000  0.477706061641976E+000 -0.131028262406404E+000 -0.147551164502996E+003
  0.100000000000000E+001  0.294787791021117E+003  0.927670313892565E+000  0.168453678149879E+001  0.434305794989033E+000  0.214106519973179E+000 -0.131028262406404E+000 -0.147393895510559E+003
  0.100000000000000E+001  0.294813742717377E+003  0.866455626058022E+000  0.134264918641655E+001  0.838232988198685E+000  0.295157639565636E+000 -0.131028262406404E+000 -0.147406871358689E+003
  0.100000000000000E+001  0.294916303163459E+003  0.416044846061571E+000  0.758825863839360E+000  0.609053930825846E+000  0.205551494720023E+000 -0.131028262406404E+000 -0.147458151581729E+003
  0.100000000000000E+001  0.296803700785745E+003  0.191756584888161E+001  0.794098849084053E+000  0.243178451599444E+000  0.307606355196766E+000 -0.131028262406404E+000 -0.148401850392873E+003
  0.100000000000000E+001  0.294788463474336E+003  0.170052067859582E+001  0.154742920118357E+001  0.103259699965612E+000  0.137158486308719E+000 -0.131028262406404E+000 -0.147394231737168E+003
  0.100000000000000E+001  0.294833448421574E+003  0.196287943231945E+001  0.185020716825608E+001  0.588142036337473E+000  0.123041163485792E+000 -0.131028262406404E+000 -0.147416724210787E+003
  0.100000000000000E+001  0.294711282512681E+003  0.184938633264555E+001  0.751440643138987E+000  0.553474147971119E+000  0.130158072309755E+000 -0.131028262406404E+000 -0.147355641256341E+003
  0.100000000000000E+001  0.294824304234693E+003  0.112020489244861E+001  0.725071688940502E+000  0.129945057427899E+000  0.393424928623268E+000 -0.131028262406404E+000 -0.147412152117347E+003
  0.100000000000000E+001  0.294736000384822E+003  0.467093815356417E+000  0.122732073992982E+001  0.145506662792689E+000  0.321139003543919E+000 -0.131028262406404E+000 -0.147368000192411E+003
  0.100000000000000E+001  0.295115199916555E+003  0.243637555837452E+000  0.181495201664736E+001  0.275104815537194E-001  0.480067104826787E+000 -0.131028262406404E+000 -0.147557599958277E+003
  0.100000000000000E+001  0.294733542893356E+003  0.385959148825392E+000  0.111757391171941E+001  0.399981747859689E+000  0.367703244321140E+000 -0.131028262406404E+000 -0.147366771446678E+003
  0.100000000000000E+001  0.295042736731196E+003  0.396649004990933E+000  0.137067211035177E+001  0.586791040226383E+000  0.165347115055483E+000 -0.131028262406404E+000 -0.147521368365598E+003
  0.100000000000000E+001  0.294754889217143E+003  0.603079971303571E+000  0.142707879430062E+001  0.709405117028864E+000  0.287655862973491E+000 -0.131028262406404E+000 -0.147377444608571E+003
  0.100000000000000E+001  0.294684453179622E+003  0.109759741303800E+001  0.979811077795623E+000  0.126304252796030E+000  0.232711653830122E+000 -0.131028262406404E+000 -0.147342226589811E+003
  0.100000000000000E+001  0.294860156783836E+003  0.601049052732784E+000  0.166048343525283E+001  0.472929613124754E+000  0.189245612143779E+000 -0.131028262406404E+000 -0.147430078391918E+003
  0.100000000000000E+001  0.294865379179384E+003  0.894779907312902E+000  0.183981330616281E+001  0.618530392441609E+000  0.238764000776173E+000 -0.131028262406404E+000 -0.147432689589692E+003
  0.100000000000000E+001  0.295377441779926E+003  0.750671471471391E+000  0.149939856451045E+001  0.419728608424189E+000  0.461768508545179E+000 -0.131028262406404E+000 -0.147688720889963E+003
  0.100000000000000E+001  0.295136457450010E+003  0.211551536476919E+000  0.183571682456733E+001  0.836821084579195E+000  0.441376593762612E+000 -0.131028262406404E+000 -0.147568228725005E+003
  0.100000000000000E+001  0.294771834107962E+003  0.104043006663217E+001  0.141976557580777E+001  0.454338487699610E+000  0.126233840108852E+000 -0.131028262406404E+000 -0.147385917053981E+003
  0.100000000000000E+001  0.294801147645987E+003  0.701940443001747E+000  0.162922086004549E+001  0.778619000742367E+000  0.263919095144770E+000 -0.131028262406404E+000 -0.147400573822994E+003
  0.100000000000000E+001  0.295123047167405E+003  0.141221754459537E+001  0.108714972608709E+001  0.669666604438313E+000  0.246219610296101E+000 -0.131028262406404E+000 -0.147561523583702E+003
  0.100000000000000E+001  0.294858186813973E+003  0.859303429865467E+000  0.134033569996327E+001  0.668323946313460E+000  0.119630779606168E+000 -0.131028262406404E+000 -0.147429093406986E+003
  0.100000000000000E+001  0.301748323057549E+003  0.185331939222362E+001  0.143281183915037E+001  0.791258768794433E+000  0.428210063147633E+000 -0.131028262406404E+000 -0.150874161528775E+003
  0.100000000000000E+001  0.294936280572059E+003  0.197979111918666E+001  0.884163455210505E+000  0.862211350081672E+000  0.153287822883875E+000 -0.131028262406404E+000 -0.147468140286030E+003
  0.100000000000000E+001  0.295935282627435E+003  0.194539892228877E+001  0.847475980288092E+000  0.303498811418702E+000  0.240618060969694E+000 -0.131028262406404E+000 -0.147967641313717E+003
  0.100000000000000E+001  0.294949703890441E+003  0.772218170587303E+000  0.122031014070454E+001  0.828902339202555E+000  0.105198070933251E+000 -0.131028262406404E+000 -0.147474851945220E+003
  0.100000000000000E+001  0.295017392773029E+003  0.891442350762508E+000  0.131016174953524E+001  0.187824720603013E+000  0.355617451071402E+000 -0.131028262406404E+000 -0.147508696386514E+003
  0.100000000000000E+001  0.296350228641082E+003  0.942887729150826E+000  0.154201679897444E+001  0.280562155344985E+000  0.489147575359817E+000 -0.131028262406404E+000 -0.148175114320541E+003
  0.100000000000000E+001  0.294663538525766E+003  0.406275505404154E+000  0.710374162093775E+000  0.357552108282959E+000  0.342996519096058E+000 -0.131028262406404E+000 -0.147331769262883E+003
  0.100000000000000E+001  0.297546831714964E+003  0.194092848746080E+001  0.159571283880738E+001  0.826466725197454E-001  0.274472611645515E+000 -0.131028262406404E+000 -0.148773415857482E+003
  0.100000000000000E+001  0.294808777625844E+003  0.170116936672338E+001  0.965788493574135E+000  0.659211495608892E+000  0.159816576926470E+000 -0.131028262406404E+000 -0.147404388812922E+003
  0.100000000000000E+001  0.294650456250402E+003  0.105431094409690E+001  0.963828371718786E+000  0.145142841838000E+000  0.180814761193173E+000 -0.131028262406404E+000 -0.147325228125201E+003
  0.100000000000000E+001  0.298636662571572E+003  0.179321356656850E+001  0.100560289361564E+001  0.554365781200916E+000  0.397433458434221E+000 -0.131028262406404E+000 -0.149318331285786E+003
  0.100000000000000E+001  0.295194547959282E+003  0.151344190794410E+000  0.614111671148577E+000  0.228115049816119E+000  0.270409099606367E+000 -0.131028262406404E+000 -0.147597273979641E+003
  0.100000000000000E+001  0.294754792398190E+003  0.114770460586633E+001  0.180149670603947E+001  0.565841864189956E+000  0.138366089856926E+000 -0.131028262406404E+000 -0.147377396199095E+003
  0.100000000000000E+001  0.296540533205409E+003  0.188066944941599E+001  0.129428686031133E+001  0.745495259621490E+000  0.254209397668854E+000 -0.131028262406404E+000 -0.148270266602705E+003
  0.100000000000000E+001  0.294720001560019E+003  0.149305075692080E+001  0.110534683941347E+001  0.229784102205908E+000  0.153880943080692E+000 -0.131028262406404E+000 -0.147360000780009E+003
  0.100000000000000E+001  0.299365723643815E+003  0.157662073542843E+001  0.191123235976463E+001  0.236033430531920E+000  0.412359557274550E+000 -0.131028262406404E+000 -0.149682861821907E+003
  0.100000000000000E+001  0.300187289732474E+003  0.191424258181050E+001  0.148035425221829E+001  0.285658495816723E+000  0.365434418705381E+000 -0.131028262406404E+000 -0.150093644866237E+003
  0.100000000000000E+001  0.299706491601106E+003  0.193926950881557E+001  0.154554487789479E+001  0.768465053109511E+000  0.343520082177817E+000 -0.131028262406404E+000 -0.149853245800553E+003
  0.100000000000000E+001  0.294694200056686E+003  0.108527169886943E+001  0.108278894686103E+001  0.160415341461695E+000  0.219509143689199E+000 -0.131028262406404E+000 -0.147347100028343E+003
  0.100000000000000E+001  0.294826481512284E+003  0.677759190953566E+000  0.166020304127853E+001  0.322241468343938E-001  0.281606181665022E+000 -0.131028262406404E+000 -0.147413240756142E+003
  0.100000000000000E+001  0.294807962504954E+003  0.588002370769764E+000  0.145018174534658E+001  0.396647318969549E+000  0.215488383162644E+000 -0.131028262406404E+000 -0.147403981252477E+003
  0.100000000000000E+001  0.294819065836171E+003  0.702442802666538E+000  0.178027389569848E+001  0.270310296202187E+000  0.197623218364771E+000 -0.131028262406404E+000 -0.147409532918085E+003
  0.100000000000000E+001  0.294832376804721E+003  0.711984415989660E+000  0.110560506124560E+001  0.914957586269734E+000  0.151022630411523E+000 -0.131028262406404E+000 -0.147416188402360E+003
  0.100000000000000E+001  0.294638883239045E+003  0.117711708503584E+001  0.858325066508730E+000  0.217809646501215E+000  0.177342988546563E+000 -0.131028262406404E+000 -0.147319441619523E+003
  0.100000000000000E+001  0.305084002506647E+003  0.198783839860606E+001  0.156898619330201E+001  0.128623784338708E+000  0.464973641218281E+000 -0.131028262406404E+000 -0.152542001253323E+003
  0.100000000000000E+001  0.294851379795830E+003  0.353098902538208E+000  0.823545281773830E+000  0.810873756776095E-001  0.278747389947126E+000 -0.131028262406404E+000 -0.147425689897915E+003
  0.100000000000000E+001  0.294727725255143E+003  0.148715397997539E+001  0.162579331726658E+001  0.413810920418600E+000  0.108379439175431E+000 -0.131028262406404E+000 -0.147363862627571E+003
  0.100000000000000E+001  0.294638481867973E+003  0.130905181068564E+001  0.756671302641203E+000  0.493491379658690E+000  0.169276966035860E+000 -0.131028262406404E+000 -0.147319240933987E+003
  0.100000000000000E+001  0.294615199954207E+003  0.387099366754105E+000  0.826701297714656E+000  0.916986940051269E+000  0.406543529826797E+000 -0.131028262406404E+000 -0.147307599977104E+003
  0.100000000000000E+001  0.294808733432357E+003  0.269481262014280E+000  0.996132534921415E+000  0.616719699431453E+000  0.429418591697207E+000 -0.131028262406404E+000 -0.147404366716178E+003
  0.100000000000000E+001  0.295271247338135E+003  0.792300869664396E+000  0.180845522054167E+001  0.993363527201464E+000  0.370472423326835E+000 -0.131028262406404E+000 -0.147635623669068E+003
  0.100000000000000E+001  0.295091328155002E+003  0.112599575994359E+001  0.121096240017981E+001  0.692257721808130E+000  0.301788018600003E+000 -0.131028262406404E+000 -0.147545664077501E+003
  0.100000000000000E+001  0.294906708068072E+003  0.424308897764418E+000  0.162755550555472E+001  0.530262288095165E-001  0.392983195775872E+000 -0.131028262406404E+000 -0.147453354034036E+003
  0.100000000000000E+001  0.294792324309789E+003  0.535302833753508E+000  0.148599825781992E+001  0.493037563484038E+000  0.322585453452404E+000 -0.131028262406404E+000 -0.147396162154894E+003
  0.100000000000000E+001  0.294939817391693E+003  0.210742694429626E+000  0.912806339718099E+000  0.798617957627483E+000  0.401135466361315E+000 -0.131028262406404E+000 -0.147469908695847E+003
  0.100000000000000E+001  0.298503876510835E+003  0.178208872443134E+001  0.179152855442962E+001  0.516161644682621E+000  0.331473720005058E+000 -0.131028262406404E+000 -0.149251938255417E+003
  0.100000000000000E+001  0.294963968031756E+003  0.901825376328829E+000  0.943468461287388E+000  0.715659911969682E-001  0.473764173771301E+000 -0.131028262406404E+000 -0.147481984015878E+003
  0.100000000000000E+001  0.295247370433193E+003  0.130890789108588E+001  0.139498132780112E+001  0.858207643220503E+000  0.258910385438958E+000 -0.131028262406404E+000 -0.147623685216597E+003
  0.100000000000000E+001  0.295241603371668E+003  0.196309594042925E+001  0.779606444722618E+000  0.602735577689038E+000  0.190446736995297E+000 -0.131028262406404E+000 -0.147620801685834E+003
  0.100000000000000E+001  0.294832827883842E+003  0.167174439952141E+001  0.812709144124317E+000  0.855493940778992E+000  0.176338097973256E+000 -0.131028262406404E+000 -0.147416413941921E+003
  0.100000000000000E+001  0.294381904809234E+003  0.501010822029508E+000  0.599498996395921E+000  0.868638282398670E+000  0.439758786706235E+000 -0.131028262406404E+000 -0.147190952404617E+003
  0.100000000000000E+001  0.299862330644814E+003  0.166877243993179E+001  0.104086362762012E+001  0.857860020632626E+000  0.489613697445332E+000 -0.131028262406404E+000 -0.149931165322407E+003
  0.100000000000000E+001  0.294482585827157E+003  0.726133134961318E+000  0.782941045141119E+000  0.243016603210597E+000  0.333369870734977E+000 -0.131028262406404E+000 -0.147241292913579E+003
  0.100000000000000E+001  0.299309130835278E+003  0.165626156860482E+001  0.166812335193893E+001  0.301746748458744E+000  0.390704998518172E+000 -0.131028262406404E+000 -0.149654565417639E+003
  0.100000000000000E+001  0.294698268802507E+003  0.148894334523904E+001  0.687459291950885E+000  0.735867706435950E+000  0.181854705729655E+000 -0.131028262406404E+000 -0.147349134401254E+003
  0.100000000000000E+001  0.297690033526574E+003  0.177101492084129E+001  0.171105101141407E+001  0.936837105640360E+000  0.305092614015240E+000 -0.131028262406404E+000 -0.148845016763287E+003
  0.100000000000000E+001  0.294532448251975E+003  0.920275327124383E+000  0.750847394297424E+000  0.237415162472450E+000  0.360754094546534E+000 -0.131028262406404E+000 -0.147266224125988E+003
  0.100000000000000E+001  0.296128527583249E+003  0.924375528006286E+000  0.194415600188142E+001  0.479173192105415E+000  0.433626463799342E+000 -0.131028262406404E+000 -0.148064263791625E+003
  0.100000000000000E+001  0.294922827605259E+003  0.547876069215980E+000  0.116588744206443E+001  0.125544230999713E+000  0.158798922659009E+000 -0.131028262406404E+000 -0.147461413802630E+003
  0.100000000000000E+001  0.295542886832323E+003  0.148679085134656E+001  0.104696242017468E+001  0.242316216467474E+000  0.281328685750970E+000 -0.131028262406404E+000 -0.147771443416162E+003
  0.100000000000000E+001  0.295173644247693E+003  0.208809021158150E+000  0.177176776434514E+001  0.250922987444181E+000  0.242232335586445E+000 -0.131028262406404E+000 -0.147586822123846E+003
  0.100000000000000E+001  0.294809913440718E+003  0.330176019405552E+000  0.113176061200268E+001  0.531646254134751E+000  0.359608191229961E+000 -0.131028262406404E+000 -0.147404956720359E+003
  0.100000000000000E+001  0.294920411265858E+003  0.105971664766514E+001  0.141614859908458E+001  0.392893153877853E+000  0.261017784374435E+000 -0.131028262406404E+000 -0.147460205632929E+003
  0.100000000000000E+001  0.294745950547306E+003  0.159273519938924E+001  0.179084973302048E+001  0.738243562917620E+000  0.125077504631830E+000 -0.131028262406404E+000 -0.147372975273653E+003
  0.100000000000000E+001  0.296107642996073E+003  0.112856257561592E+001  0.174801960801400E+001  0.997914872490557E+000  0.367039848829956E+000 -0.131028262406404E+000 -0.148053821498037E+003
  0.100000000000000E+001  0.295095625874138E+003  0.178950095599435E+000  0.152505208963766E+001  0.409223418947672E+000  0.423138383256672E+000 -0.131028262406404E+000 -0.147547812937069E+003
  0.100000000000000E+001  0.297071010003989E+003  0.195351112726896E+001  0.923957889906286E+000  0.662617037408952E+000  0.295255138433992E+000 -0.131028262406404E+000 -0.148535505001994E+003
  0.100000000000000E+001  0.302498886007530E+003  0.183503377336128E+001  0.137247558212710E+001  0.457366163238310E+000  0.461195981919862E+000 -0.131028262406404E+000 -0.151249443003765E+003
  0.100000000000000E+001  0.294765944484369E+003  0.935190073321869E+000  0.101882303323115E+001  0.614276158961327E+000  0.337579815892523E+000 -0.131028262406404E+000 -0.147382972242185E+003
  0.100000000000000E+001  0.298559569493452E+003  0.143405965463496E+001  0.189940890276022E+001  0.936472753718278E+000  0.420166481189158E+000 -0.131028262406404E+000 -0.149279784746726E+003
  0.100000000000000E+001  0.294715918672885E+003  0.993278309222749E+000  0.107889801538683E+001  0.736876431598599E-001  0.265166271559176E+000 -0.131028262406404E+000 -0.147357959336442E+003
  0.100000000000000E+001  0.294806157963296E+003  0.173712749436596E+001  0.115305860230089E+001  0.320712609138483E+000  0.148474275144967E+000 -0.131028262406404E+000 -0.147403078981648E+003
  0.100000000000000E+001  0.294793861889777E+003  0.788432697378385E+000  0.111502521210309E+001  0.654031606153690E+000  0.150350707817891E+000 -0.131028262406404E+000 -0.147396930944888E+003
  0.100000000000000E+001  0.294690244131341E+003  0.468060529041441E+000  0.107315136819291E+001  0.717634745371407E+000  0.325142685239070E+000 -0.131028262406404E+000 -0.147345122065671E+003
  0.100000000000000E+001  0.295978026806618E+003  0.147239025399523E+001  0.929745992769467E+000  0.762031934069393E+000  0.347241037475328E+000 -0.131028262406404E+000 -0.147989013403309E+003
  0.100000000000000E+001  0.300162771957734E+003  0.194932443767424E+001  0.121599015140654E+001  0.554346001140970E+000  0.378733195173821E+000 -0.131028262406404E+000 -0.150081385978867E+003
  0.100000000000000E+001  0.295990923036469E+003  0.120334476558490E+001  0.157092003771299E+001  0.854524322512805E+000  0.345841066659542E+000 -0.131028262406404E+000 -0.147995461518235E+003
  0.100000000000000E+001  0.294713427972018E+003  0.105569675285425E+001  0.848690623521052E+000  0.194921419976448E+000  0.136198565492663E+000 -0.131028262406404E+000 -0.147356713986009E+003
  0.100000000000000E+001  0.296717280061599E+003  0.160884969508409E+001  0.619269656536992E+000  0.428862517997337E-001  0.498627350957428E+000 -0.131028262406404E+000 -0.148358640030800E+003
  0.100000000000000E+001  0.296397153148478E+003  0.174312048457904E+001  0.148829689748653E+001  0.385347557492127E+000  0.260472468172203E+000 -0.131028262406404E+000 -0.148198576574239E+003
  0.100000000000000E+001  0.295212036391202E+003  0.165859387233242E+001  0.108663679913454E+001  0.185176324122847E+000  0.212321366820441E+000 -0.131028262406404E+000 -0.147606018195601E+003
  0.100000000000000E+001  0.294942809024204E+003  0.173196923516224E+001  0.180377472315521E+001  0.384715545782940E+000  0.154397002212084E+000 -0.131028262406404E+000 -0.147471404512102E+003
  0.100000000000000E+001  0.295600966239130E+003  0.120233135421659E+001  0.149512835109098E+001  0.745659797332575E+000  0.315395521623320E+000 -0.131028262406404E+000 -0.147800483119565E+003
  0.100000000000000E+001  0.298054691934022E+003  0.185499328667807E+001  0.127523662579779E+001  0.957483967104944E+000  0.322368443431688E+000 -0.131028262406404E+000 -0.149027345967011E+003
  0.100000000000000E+001  0.296167884548135E+003  0.140148412250332E+001  0.192302110903561E+001  0.521791945328167E+000  0.297214134238151E+000 -0.131028262406404E+000 -0.148083942274068E+003
  0.100000000000000E+001  0.294617272576406E+003  0.126904778768226E+001  0.661325307010170E+000  0.401146790313136E+000  0.170973103185990E+000 -0.131028262406404E+000 -0.147308636288203E+003
  0.100000000000000E+001  0.295059013643309E+003  0.121162601777701E+001  0.781125530274354E+000  0.964935871285497E+000  0.371504425856078E+000 -0.131028262406404E+000 -0.147529506821655E+003
  0.100000000000000E+001  0.295394406187195E+003  0.948537334352601E+000  0.164618237473203E+001  0.117143406884605E+000  0.353612050103726E+000 -0.131028262406404E+000 -0.147697203093598E+003
  0.100000000000000E+001  0.294896840964381E+003  0.160335605958797E+001  0.761297927263257E+000  0.441920081946673E+000  0.203496867856915E+000 -0.131028262406404E+000 -0.147448420482190E+003
  0.100000000000000E+001  0.294709357754114E+003  0.197247508403581E+001  0.129372357003727E+001  0.929235266837226E+000  0.102097093723722E+000 -0.131028262406404E+000 -0.147354678877057E+003
  0.100000000000000E+001  0.294717788843677E+003  0.271087688746992E+000  0.600071761499570E+000  0.847065409645680E+000  0.468583042497618E+000 -0.131028262406404E+000 -0.147358894421838E+003
  0.100000000000000E+001  0.294571027923340E+003  0.618210162343813E+000  0.623496198855491E+000  0.851664851817994E+000  0.276221083753441E+000 -0.131028262406404E+000 -0.147285513961670E+003
  0.100000000000000E+001  0.295140027769838E+003  0.231470078643739E+000  0.198711721868032E+001  0.563382809477280E-001  0.353834333168924E+000 -0.131028262406404E+000 -0.147570013884919E+003
  0.100000000000000E+001  0.294791219104328E+003  0.894317166892574E+000  0.182972838188000E+001  0.955000987525769E+000  0.196225047505404E+000 -0.131028262406404E+000 -0.147395609552164E+003
  0.100000000000000E+001  0.294680845410356E+003  0.111465794689635E+001  0.110526781208559E+001  0.550075077138056E+000  0.194237147015987E+000 -0.131028262406404E+000 -0.147340422705178E+003
  0.100000000000000E+001  0.295278990515413E+003  0.177991033907454E+000  0.153769986232403E+001  0.393306786977330E+000  0.167030508980868E+000 -0.131028262406404E+000 -0.147639495257707E+003
  0.100000000000000E+001  0.298400813991867E+003  0.140358735613973E+001  0.115275301843121E+001  0.174377602419827E+000  0.498819701658392E+000 -0.131028262406404E+000 -0.149200406995934E+003
  0.100000000000000E+001  0.294644538431297E+003  0.288887509870322E+000  0.587441653514260E+000  0.684394872721386E+000  0.497518988339267E+000 -0.131028262406404E+000 -0.147322269215649E+003
  0.100000000000000E+001  0.295082329624381E+003  0.147173990271856E+001  0.527911718402511E+000  0.257175174646853E+000  0.354395409102001E+000 -0.131028262406404E+000 -0.147541164812190E+003
  0.100000000000000E+001  0.295234990421046E+003  0.107981398730330E+000  0.146618705892694E+001  0.678955576938310E+000  0.398429043706672E+000 -0.131028262406404E+000 -0.147617495210523E+003
  0.100000000000000E+001  0.295100913576328E+003  0.240504309288566E+000  0.176121867499019E+001  0.499031491069623E-001  0.284138528875667E+000 -0.131028262406404E+000 -0.147550456788164E+003
  0.100000000000000E+001  0.294822395207931E+003  0.882464146274849E+000  0.182625319623569E+001  0.736134098953477E+000  0.139546086039410E+000 -0.131028262406404E+000 -0.147411197603965E+003
  0.100000000000000E+001  0.294634230731239E+003  0.749647853300508E+000  0.976349996896320E+000  0.851915511110824E+000  0.239498442271481E+000 -0.131028262406404E+000 -0.147317115365619E+003
  0.100000000000000E+001  0.294775910645888E+003  0.121856992329555E+001  0.149581158971062E+001  0.467204425208308E+000  0.106410122179442E+000 -0.131028262406404E+000 -0.147387955322944E+003
  0.100000000000000E+001  0.295232659283260E+003  0.105695406131873E+000  0.754003276924721E+000  0.903483926527046E+000  0.342230421479751E+000 -0.131028262406404E+000 -0.147616329641630E+003
  0.100000000000000E+001  0.294629211329226E+003  0.477569272382963E+000  0.514425251876447E+000  0.212497372056331E+000  0.306397306479700E+000 -0.131028262406404E+000 -0.147314605664613E+003
  0.100000000000000E+001  0.294586016985342E+003  0.453415956065432E+000  0.977015437283135E+000  0.585185024037212E+000  0.415807324663816E+000 -0.131028262406404E+000 -0.147293008492671E+003
  0.100000000000000E+001  0.294636361073653E+003  0.360636135657208E+000  0.923761052692802E+000  0.280894194885348E+000  0.443501891022020E+000 -0.131028262406404E+000 -0.147318180536826E+003
  0.100000000000000E+001  0.294584903247087E+003  0.402520341275674E+000  0.980335040249245E+000  0.513658102120330E+000  0.486514762685214E+000 -0.131028262406404E+000 -0.147292451623543E+003
  0.100000000000000E+001  0.294933287115182E+003  0.541251776723096E+000  0.166784092761273E+001  0.231735373789032E+000  0.168864894187330E+000 -0.131028262406404E+000 -0.147466643557591E+003
  0.100000000000000E+001  0.294816157050266E+003  0.520926900551258E+000  0.153984365207092E+001  0.826080261245443E-002  0.270492162368332E+000 -0.131028262406404E+000 -0.147408078525133E+003
  0.100000000000000E+001  0.295430074807920E+003  0.130999480290198E+001  0.740022565824228E+000  0.344377325760769E+000  0.414620237991381E+000 -0.131028262406404E+000 -0.147715037403960E+003
  0.100000000000000E+001  0.295134527336991E+003  0.168224409680776E+000  0.161195317145442E+001  0.651254418056340E+000  0.420435421788758E+000 -0.131028262406404E+000 -0.147567263668496E+003
  0.100000000000000E+001  0.294539402186140E+003  0.812290656602139E+000  0.559789364530797E+000  0.863307293374813E+000  0.239474836217787E+000 -0.131028262406404E+000 -0.147269701093070E+003
  0.100000000000000E+001  0.296087843126518E+003  0.112801271603999E+001  0.143963163164198E+001  0.736126409134779E-001  0.393124724352967E+000 -0.131028262406404E+000 -0.148043921563259E+003
  0.100000000000000E+001  0.294714812887455E+003  0.667624529001007E+000  0.132254046090846E+001  0.913414487453184E+000  0.271693672972909E+000 -0.131028262406404E+000 -0.147357406443727E+003
  0.100000000000000E+001  0.294702098674509E+003  0.750313674103615E+000  0.126940889128289E+001  0.426785973385679E+000  0.279590562765884E+000 -0.131028262406404E+000 -0.147351049337254E+003
  0.100000000000000E+001  0.295123616916985E+003  0.310124531301030E+000  0.166640707450885E+001  0.932056658557945E+000  0.174799313659616E+000 -0.131028262406404E+000 -0.147561808458492E+003
  0.100000000000000E+001  0.294671946524067E+003  0.131679188631369E+001  0.633518112163662E+000  0.302180427529559E+000  0.233296248838527E+000 -0.131028262406404E+000 -0.147335973262033E+003
  0.100000000000000E+001  0.294632055047811E+003  0.111391433440596E+001  0.779217866978962E+000  0.426141342159208E+000  0.170484168964828E+000 -0.131028262406404E+000 -0.147316027523906E+003
  0.100000000000000E+001  0.295059188106946E+003  0.283821961623852E+000  0.849515734091549E+000  0.361588205282915E+000  0.213959959067398E+000 -0.131028262406404E+000 -0.147529594053473E+003
  0.100000000000000E+001  0.294694488741944E+003  0.157572179850527E+001  0.813719330369780E+000  0.206267103792430E+000  0.101382707068473E+000 -0.131028262406404E+000 -0.147347244370972E+003
  0.100000000000000E+001  0.295198467396565E+003  0.824889063916708E+000  0.127042570541073E+001  0.472609882666418E+000  0.443182643913105E+000 -0.131028262406404E+000 -0.147599233698283E+003
  0.100000000000000E+001  0.297065550513356E+003  0.181442657653435E+001  0.908879171773404E+000  0.459280131114344E+000  0.329366328844838E+000 -0.131028262406404E+000 -0.148532775256678E+003
  0.100000000000000E+001  0.294726037643512E+003  0.162605642787466E+001  0.165124555090745E+001  0.366461063144348E+000  0.117295286833851E+000 -0.131028262406404E+000 -0.147363018821756E+003
  0.100000000000000E+001  0.297342108009777E+003  0.155011750011719E+001  0.153393884260976E+001  0.708519542145819E+000  0.342107861466879E+000 -0.131028262406404E+000 -0.148671054004889E+003
  0.100000000000000E+001  0.294715529133318E+003  0.135875617422666E+001  0.144846204576497E+001  0.262910946921042E+000  0.123930326691275E+000 -0.131028262406404E+000 -0.147357764566659E+003
  0.100000000000000E+001  0.294721722768979E+003  0.993869430440172E+000  0.107797541415420E+001  0.304435545218510E+000  0.145945885956795E+000 -0.131028262406404E+000 -0.147360861384489E+003
  0.100000000000000E+001  0.295113556859145E+003  0.156437456627816E+001  0.153951322146134E+001  0.235493786431412E+000  0.196415749307820E+000 -0.131028262406404E+000 -0.147556778429572E+003
  0.100000000000000E+001  0.294482299250997E+003  0.883578983971194E+000  0.578630406735584E+000  0.841305785684074E+000  0.265956287649672E+000 -0.131028262406404E+000 -0.147241149625498E+003
  0.100000000000000E+001  0.295455093840057E+003  0.108150894926288E+001  0.197541083298716E+001  0.829156958911996E-001  0.303128834083662E+000 -0.131028262406404E+000 -0.147727546920028E+003
  0.100000000000000E+001  0.298074008168596E+003  0.162580503835011E+001  0.110129302467319E+001  0.556905007563074E+000  0.404498864487323E+000 -0.131028262406404E+000 -0.149037004084298E+003
  0.100000000000000E+001  0.294666201621135E+003  0.851578321992053E+000  0.100924239358120E+001  0.753340244491856E+000  0.197983609801494E+000 -0.131028262406404E+000 -0.147333100810567E+003
  0.100000000000000E+001  0.296165970240379E+003  0.132241058471541E+001  0.987445310403674E+000  0.929541393625055E+000  0.411283322735489E+000 -0.131028262406404E+000 -0.148082985120190E+003
  0.100000000000000E+001  0.294926254555756E+003  0.130112984644902E+001  0.196067254189419E+001  0.159549535949520E+000  0.191043006126172E+000 -0.131028262406404E+000 -0.147463127277878E+003
  0.100000000000000E+001  0.294309198665675E+003  0.794708094572693E+000  0.631653149527501E+000  0.630583881111681E+000  0.444263419095662E+000 -0.131028262406404E+000 -0.147154599332837E+003
  0.100000000000000E+001  0.294588551675547E+003  0.918539111908514E+000  0.736573042880722E+000  0.741462154180756E+000  0.465291022270038E+000 -0.131028262406404E+000 -0.147294275837774E+003
  0.100000000000000E+001  0.294960995267048E+003  0.397282037449593E+000  0.174441159951515E+001  0.785439527160527E+000  0.240310864946077E+000 -0.131028262406404E+000 -0.147480497633524E+003
  0.100000000000000E+001  0.294741469898341E+003  0.179342710934574E+001  0.658019616905496E+000  0.281821257323975E+000  0.149449599006766E+000 -0.131028262406404E+000 -0.147370734949171E+003
  0.100000000000000E+001  0.294785720927349E+003  0.132352432808963E+001  0.192449520811399E+001  0.184934463434421E+000  0.154755845177102E+000 -0.131028262406404E+000 -0.147392860463675E+003
  0.100000000000000E+001  0.296029654034194E+003  0.117469302935753E+001  0.136138553216987E+001  0.361834647526217E+000  0.380734034481707E+000 -0.131028262406404E+000 -0.148014827017097E+003
  0.100000000000000E+001  0.295011513997544E+003  0.899336620587289E+000  0.122689235773810E+001  0.656549335226903E+000  0.370810122554957E+000 -0.131028262406404E+000 -0.147505756998772E+003
  0.100000000000000E+001  0.294870026724034E+003  0.262163464751222E+000  0.108981869143586E+001  0.793475841316879E+000  0.395334996083628E+000 -0.131028262406404E+000 -0.147435013362017E+003
  0.100000000000000E+001  0.296860310712973E+003  0.199653003578412E+001  0.700169004347299E+000  0.205967914392779E+000  0.309277753892651E+000 -0.131028262406404E+000 -0.148430155356486E+003
  0.100000000000000E+001  0.294986638296838E+003  0.413780851293408E+000  0.120313540931422E+001  0.192641696754976E+000  0.181060527602552E+000 -0.131028262406404E+000 -0.147493319148419E+003
  0.100000000000000E+001  0.303049179244346E+003  0.177882170885367E+001  0.187422955690997E+001  0.957330336723039E+000  0.473321121100940E+000 -0.131028262406404E+000 -0.151524589622173E+003
  0.100000000000000E+001  0.295010940760345E+003  0.161024234893104E+001  0.525914276852354E+000  0.848044543104853E+000  0.261762372131724E+000 -0.131028262406404E+000 -0.147505470380172E+003
  0.100000000000000E+001  0.295403453392722E+003  0.792677964920018E+000  0.168234548697730E+001  0.140644631752192E+000  0.411562127966687E+000 -0.131028262406404E+000 -0.147701726696361E+003
  0.100000000000000E+001  0.295159705666611E+003  0.406844020099061E+000  0.132918467871636E+001  0.434025457986193E+000  0.112013051641969E+000 -0.131028262406404E+000 -0.147579852833305E+003
  0.100000000000000E+001  0.294900489319104E+003  0.300879362487769E+000  0.121893556159271E+001  0.722461679472881E+000  0.325516459014204E+000 -0.131028262406404E+000 -0.147450244659552E+003
  0.100000000000000E+001  0.295837005611456E+003  0.142276674683285E+001  0.192942613401999E+001  0.103749630163335E+000  0.269700886750717E+000 -0.131028262406404E+000 -0.147918502805728E+003
  0.100000000000000E+001  0.295108800357117E+003  0.519309803631130E+000  0.714467771529694E+000  0.193994608812135E+000  0.101482419263957E+000 -0.131028262406404E+000 -0.147554400178558E+003
  0.100000000000000E+001  0.296738833161064E+003  0.186661398639996E+001  0.142727246958183E+001  0.586793433579540E+000  0.259551921926681E+000 -0.131028262406404E+000 -0.148369416580532E+003
  0.100000000000000E+001  0.304518326254629E+003  0.189035604216172E+001  0.144603391089048E+001  0.763108264837044E+000  0.490189546010754E+000 -0.131028262406404E+000 -0.152259163127315E+003
  0.100000000000000E+001  0.296818940646910E+003  0.147533866987494E+001  0.149994833994232E+001  0.259245130224296E+000  0.335007386638976E+000 -0.131028262406404E+000 -0.148409470323455E+003
  0.100000000000000E+001  0.295211785121926E+003  0.172037964425662E+000  0.157869914325951E+001  0.186725837687753E+000  0.243038948762767E+000 -0.131028262406404E+000 -0.147605892560963E+003
  0.100000000000000E+001  0.295442226790196E+003  0.747775284743746E+000  0.168034311719142E+001  0.789802695857716E+000  0.440402651516463E+000 -0.131028262406404E+000 -0.147721113395098E+003
  0.100000000000000E+001  0.295551033526243E+003  0.105180966799902E+001  0.144424305759587E+001  0.295028488364889E+000  0.362005647626073E+000 -0.131028262406404E+000 -0.147775516763122E+003
  0.100000000000000E+001  0.295287926860674E+003  0.132754786505254E+001  0.657122394388719E+000  0.515369886644827E+000  0.424922261263413E+000 -0.131028262406404E+000 -0.147643963430337E+003
  0.100000000000000E+001  0.295052159963074E+003  0.109522261616186E+001  0.106633006129158E+001  0.915773026148432E+000  0.332512193709048E+000 -0.131028262406404E+000 -0.147526079981537E+003
  0.100000000000000E+001  0.294889229962482E+003  0.536233703664688E+000  0.180408114939983E+001  0.777773763142267E+000  0.214914082884221E+000 -0.131028262406404E+000 -0.147444614981241E+003
  0.100000000000000E+001  0.295195178802089E+003  0.249695672881348E+000  0.170553308879550E+001  0.985653444004234E+000  0.171450235079117E+000 -0.131028262406404E+000 -0.147597589401044E+003
  0.100000000000000E+001  0.295278032498647E+003  0.254484154516526E+000  0.738678599875429E+000  0.339261673329279E-001  0.112542028322671E+000 -0.131028262406404E+000 -0.147639016249323E+003
  0.100000000000000E+001  0.296630427234721E+003  0.124807947830795E+001  0.116196783687901E+001  0.985235228998940E+000  0.442238756700196E+000 -0.131028262406404E+000 -0.148315213617361E+003
  0.100000000000000E+001  0.295238394248199E+003  0.301244856446053E+000  0.121188986477904E+001  0.721480062326176E+000  0.113371666782871E+000 -0.131028262406404E+000 -0.147619197124100E+003
  0.100000000000000E+001  0.296408281747161E+003  0.122930073664534E+001  0.106202707578170E+001  0.553078339836791E+000  0.458052569572748E+000 -0.131028262406404E+000 -0.148204140873580E+003
  0.100000000000000E+001  0.294703175496951E+003  0.906538369276031E+000  0.114583324488662E+001  0.562524663624045E+000  0.173210371145240E+000 -0.131028262406404E+000 -0.147351587748476E+003
  0.100000000000000E+001  0.294774118853480E+003  0.133549266327474E+001  0.704150558909359E+000  0.371960773321191E+000  0.252150599100860E+000 -0.131028262406404E+000 -0.147387059426740E+003
  0.100000000000000E+001  0.295170409324667E+003  0.190310640364714E+000  0.187568138307773E+001  0.972946048527212E-002  0.326969974797458E+000 -0.131028262406404E+000 -0.147585204662334E+003
  0.100000000000000E+001  0.294801711107179E+003  0.812053056908536E+000  0.170461848034401E+001  0.373148104501959E+000  0.234780926128093E+000 -0.131028262406404E+000 -0.147400855553590E+003
  0.100000000000000E+001  0.302421481581918E+003  0.181351301035384E+001  0.196354147868838E+001  0.590914508061042E+000  0.448697190998434E+000 -0.131028262406404E+000 -0.151210740790959E+003
  0.100000000000000E+001  0.294740312738382E+003  0.100453114867664E+001  0.154229794486898E+001  0.424941328060469E+000  0.187527039602090E+000 -0.131028262406404E+000 -0.147370156369191E+003
  0.100000000000000E+001  0.296603494760068E+003  0.164474632976615E+001  0.110965249533173E+001  0.107096013475435E+000  0.316222881688179E+000 -0.131028262406404E+000 -0.148301747380034E+003
  0.100000000000000E+001  0.295049825536342E+003  0.239744300166624E+000  0.165574233555593E+001  0.170185722272536E+000  0.458983352445680E+000 -0.131028262406404E+000 -0.147524912768171E+003
  0.100000000000000E+001  0.294551596576047E+003  0.861364885829643E+000  0.600713385674261E+000  0.489547516231958E-002  0.229213741563747E+000 -0.131028262406404E+000 -0.147275798288024E+003
  0.100000000000000E+001  0.294572823047413E+003  0.905081697634737E+000  0.639939603610013E+000  0.261161878827861E+000  0.215441332321077E+000 -0.131028262406404E+000 -0.147286411523706E+003
  0.100000000000000E+001  0.294759229694011E+003  0.125232190078295E+001  0.854153849161808E+000  0.542883883575765E-001  0.242597599372164E+000 -0.131028262406404E+000 -0.147379614847006E+003
  0.100000000000000E+001  0.299745615641514E+003  0.199987485442435E+001  0.185839534682114E+001  0.544612434163308E+000  0.328995687612309E+000 -0.131028262406404E+000 -0.149872807820757E+003
  0.100000000000000E+001  0.295035297454828E+003  0.315860998714593E+000  0.189749309406042E+001  0.166564287015058E+000  0.296401524129985E+000 -0.131028262406404E+000 -0.147517648727414E+003
  0.100000000000000E+001  0.294553832352887E+003  0.770211241230560E+000  0.841458220490793E+000  0.664096228193675E+000  0.279759885533419E+000 -0.131028262406404E+000 -0.147276916176443E+003
  0.100000000000000E+001  0.294850008439942E+003  0.108858271379807E+001  0.183526310993453E+001  0.750703149571790E+000  0.205342310468871E+000 -0.131028262406404E+000 -0.147425004219971E+003
  0.100000000000000E+001  0.298861460479129E+003  0.129840344408837E+001  0.185272331405868E+001  0.713378449797996E+000  0.484429787342650E+000 -0.131028262406404E+000 -0.149430730239565E+003
  0.100000000000000E+001  0.294934085009574E+003  0.175489824621073E+001  0.127062523820742E+001  0.106901863712837E-001  0.162608127778791E+000 -0.131028262406404E+000 -0.147467042504787E+003
  0.100000000000000E+001  0.294342271928206E+003  0.951920299118154E+000  0.553834056574336E+000  0.956279925585004E+000  0.419408265107654E+000 -0.131028262406404E+000 -0.147171135964103E+003
  0.100000000000000E+001  0.294883804787584E+003  0.563340864087780E+000  0.128920428738311E+001  0.127148825284576E-001  0.172822716178758E+000 -0.131028262406404E+000 -0.147441902393792E+003
  0.100000000000000E+001  0.294736372654454E+003  0.702774796385195E+000  0.139122698733658E+001  0.128431301844699E+000  0.231278046613961E+000 -0.131028262406404E+000 -0.147368186327227E+003
  0.100000000000000E+001  0.295091744359223E+003  0.184882372702655E+000  0.137507088899745E+001  0.778394269675191E+000  0.346810705988865E+000 -0.131028262406404E+000 -0.147545872179611E+003
  0.100000000000000E+001  0.295053103749954E+003  0.219636898858149E+000  0.156214323046587E+001  0.803988915898508E+000  0.373529777938242E+000 -0.131028262406404E+000 -0.147526551874977E+003
  0.100000000000000E+001  0.296161779876829E+003  0.118349500223901E+001  0.167727287224777E+001  0.547298521019416E+000  0.358927706838672E+000 -0.131028262406404E+000 -0.148080889938414E+003
  0.100000000000000E+001  0.296604157347113E+003  0.119573779062580E+001  0.138963758595099E+001  0.286287920128496E+000  0.419064552488855E+000 -0.131028262406404E+000 -0.148302078673556E+003
  0.100000000000000E+001  0.294504957344274E+003  0.114888776909510E+001  0.512400877432027E+000  0.587810203051433E+000  0.326750794912748E+000 -0.131028262406404E+000 -0.147252478672137E+003
  0.100000000000000E+001  0.295062775376749E+003  0.473861496962188E+000  0.199013197111535E+001  0.802688351093228E+000  0.382588895144509E+000 -0.131028262406404E+000 -0.147531387688375E+003
  0.100000000000000E+001  0.297268404733881E+003  0.136592357260092E+001  0.167882269632760E+001  0.390110570832605E+000  0.379572007127268E+000 -0.131028262406404E+000 -0.148634202366941E+003
  0.100000000000000E+001  0.294842427887906E+003  0.104486728646819E+001  0.158707149092366E+001  0.696775086333609E+000  0.103909891577101E+000 -0.131028262406404E+000 -0.147421213943953E+003
  0.100000000000000E+001  0.295508442142532E+003  0.164519113308330E+001  0.169640309177872E+001  0.895407591777776E+000  0.216490275235477E+000 -0.131028262406404E+000 -0.147754221071266E+003
  0.100000000000000E+001  0.294759553525595E+003  0.643003968790163E+000  0.501628328784208E+000  0.638471595242725E+000  0.185838749654751E+000 -0.131028262406404E+000 -0.147379776762797E+003
  0.100000000000000E+001  0.294739435126953E+003  0.137006333533175E+001  0.983840559798943E+000  0.994718718701402E+000  0.188967067384533E+000 -0.131028262406404E+000 -0.147369717563477E+003
  0.100000000000000E+001  0.295000899495759E+003  0.102529440104975E+001  0.123249142210388E+001  0.126811435658111E+000  0.314373211733787E+000 -0.131028262406404E+000 -0.147500449747880E+003
  0.100000000000000E+001  0.295265318217013E+003  0.142380759413546E+001  0.651218051438794E+000  0.901155211732196E-002  0.358933316857864E+000 -0.131028262406404E+000 -0.147632659108506E+003
  0.100000000000000E+001  0.294946291074922E+003  0.196507256178376E+001  0.939695547696472E+000  0.748539721186790E+000  0.154039025589411E+000 -0.131028262406404E+000 -0.147473145537461E+003
  0.100000000000000E+001  0.297058546724143E+003  0.199889231513426E+001  0.507977494332718E+000  0.275984637804200E+000  0.392476510707515E+000 -0.131028262406404E+000 -0.148529273362072E+003
  0.100000000000000E+001  0.295079837449218E+003  0.275323565154187E+000  0.192340948260941E+001  0.525414976339999E+000  0.352792671139411E+000 -0.131028262406404E+000 -0.147539918724609E+003
  0.100000000000000E+001  0.294697450932400E+003  0.958987838911033E+000  0.972400557222157E+000  0.243207029569630E+000  0.306958813365070E+000 -0.131028262406404E+000 -0.147348725466200E+003
  0.100000000000000E+001  0.294550122117070E+003  0.109625522508637E+001  0.565763724517204E+000  0.329479455888799E+000  0.451688825964642E+000 -0.131028262406404E+000 -0.147275061058535E+003
  0.100000000000000E+001  0.294596657412088E+003  0.878644455435197E+000  0.623021366856402E+000  0.643589428992308E-002  0.204848940562639E+000 -0.131028262406404E+000 -0.147298328706044E+003
  0.100000000000000E+001  0.294987350976992E+003  0.158777032122507E+001  0.128521609172920E+001  0.891537634519381E+000  0.187524840382025E+000 -0.131028262406404E+000 -0.147493675488496E+003
  0.100000000000000E+001  0.294797164970910E+003  0.192761120265167E+001  0.186059072966513E+001  0.381650591974144E+000  0.118706839819503E+000 -0.131028262406404E+000 -0.147398582485455E+003
  0.100000000000000E+001  0.296480178418580E+003  0.163480322397722E+001  0.662077140664139E+000  0.419510684350426E+000  0.424386033898768E+000 -0.131028262406404E+000 -0.148240089209290E+003
  0.100000000000000E+001  0.294864736013621E+003  0.634441010681298E+000  0.177191868831030E+001  0.145603639723805E+000  0.180816752982103E+000 -0.131028262406404E+000 -0.147432368006811E+003
  0.100000000000000E+001  0.297069009378363E+003  0.194440964063956E+001  0.179528885674853E+001  0.837947892431704E-001  0.253883077657866E+000 -0.131028262406404E+000 -0.148534504689182E+003
  0.100000000000000E+001  0.294825331569689E+003  0.178744076970627E+001  0.121132701827055E+001  0.503197624735467E+000  0.145558932405028E+000 -0.131028262406404E+000 -0.147412665784844E+003
  0.100000000000000E+001  0.305038049174819E+003  0.199566280752664E+001  0.164612709229164E+001  0.685479315876939E+000  0.458834195784205E+000 -0.131028262406404E+000 -0.152519024587409E+003
  0.100000000000000E+001  0.294665286343446E+003  0.125763086596745E+001  0.500896374003369E+000  0.194979847683949E+000  0.400944586975719E+000 -0.131028262406404E+000 -0.147332643171723E+003
  0.100000000000000E+001  0.297472564278781E+003  0.157242813061385E+001  0.113937850404446E+001  0.789709059726627E+000  0.382607222630007E+000 -0.131028262406404E+000 -0.148736282139390E+003
  0.100000000000000E+001  0.294779327672098E+003  0.472477058268533E+000  0.872072153733406E+000  0.788283588957553E-001  0.245368152019255E+000 -0.131028262406404E+000 -0.147389663836049E+003
  0.100000000000000E+001  0.294777841598357E+003  0.119528447733093E+001  0.123370640226807E+001  0.298126793735723E+000  0.211141440262692E+000 -0.131028262406404E+000 -0.147388920799179E+003
  0.100000000000000E+001  0.295641593539244E+003  0.128522071413238E+001  0.161191332918222E+001  0.589193275783492E+000  0.291221651208954E+000 -0.131028262406404E+000 -0.147820796769622E+003
  0.100000000000000E+001  0.295290928104853E+003  0.111686005303685E+000  0.190828599702850E+001  0.196209872992640E+000  0.463792517360047E+000 -0.131028262406404E+000 -0.147645464052427E+003
  0.100000000000000E+001  0.294782496982764E+003  0.121598118611412E+001  0.104981651610250E+001  0.140237956499668E+000  0.100483533421502E+000 -0.131028262406404E+000 -0.147391248491382E+003
  0.100000000000000E+001  0.295639553923680E+003  0.149394514666578E+001  0.889097168590084E+000  0.360618991450461E-001  0.313280685474908E+000 -0.131028262406404E+000 -0.147819776961840E+003
  0.100000000000000E+001  0.295537019855545E+003  0.155618605034637E+001  0.167336989649228E+001  0.888059072496097E+000  0.231304957913500E+000 -0.131028262406404E+000 -0.147768509927773E+003
  0.100000000000000E+001  0.295041718769596E+003  0.191107366222209E+001  0.909897907332231E+000  0.137101045322539E+000  0.170998527943770E+000 -0.131028262406404E+000 -0.147520859384798E+003
  0.100000000000000E+001  0.295339510448752E+003  0.654066452580019E+000  0.182305368804176E+001  0.181322829841845E+000  0.441799919490690E+000 -0.131028262406404E+000 -0.147669755224376E+003
  0.100000000000000E+001  0.295008574992253E+003  0.892498175799713E+000  0.106121565485906E+001  0.713802379798181E+000  0.431449653776491E+000 -0.131028262406404E+000 -0.147504287496126E+003
  0.100000000000000E+001  0.295044077117407E+003  0.329875531277090E+000  0.186964486956430E+001  0.543018952352593E+000  0.401941498715407E+000 -0.131028262406404E+000 -0.147522038558704E+003
  0.100000000000000E+001  0.296768169678000E+003  0.197833393209658E+001  0.979613945277290E+000  0.979640715720521E+000  0.269842894489987E+000 -0.131028262406404E+000 -0.148384084839000E+003
  0.100000000000000E+001  0.294756996639441E+003  0.116307601507338E+001  0.155125132348232E+001  0.894356906814341E+000  0.120996486334850E+000 -0.131028262406404E+000 -0.147378498319720E+003
  0.100000000000000E+001  0.299439438007858E+003  0.175469356468988E+001  0.164261942187889E+001  0.783433393589333E+000  0.371636363274024E+000 -0.131028262406404E+000 -0.149719719003929E+003
  0.100000000000000E+001  0.295647472728266E+003  0.112402042731060E+001  0.985070481048001E+000  0.624259904803259E+000  0.448800664980106E+000 -0.131028262406404E+000 -0.147823736364133E+003
  0.100000000000000E+001  0.295919375713851E+003  0.149605809253331E+001  0.188859392127319E+001  0.159962198079927E+000  0.263402910665371E+000 -0.131028262406404E+000 -0.147959687856926E+003
  0.100000000000000E+001  0.295316161042001E+003  0.126615177277065E+000  0.137883752907034E+001  0.635966861853088E-001  0.194311489316184E+000 -0.131028262406404E+000 -0.147658080521001E+003
  0.100000000000000E+001  0.294671286904406E+003  0.840285564708383E+000  0.114275261216067E+001  0.393711011247336E+000  0.217291123536057E+000 -0.131028262406404E+000 -0.147335643452203E+003
  0.100000000000000E+001  0.294707157014532E+003  0.136484224816632E+001  0.137900243185943E+001  0.571229621187876E-001  0.131110717736191E+000 -0.131028262406404E+000 -0.147353578507266E+003
  0.100000000000000E+001  0.294904844623733E+003  0.418314500148728E+000  0.682176943789758E+000  0.748249719809723E+000  0.209013795491164E+000 -0.131028262406404E+000 -0.147452422311866E+003
  0.100000000000000E+001  0.294419677762314E+003  0.839088698355571E+000  0.685197056499746E+000  0.226255305899529E+000  0.373286962042444E+000 -0.131028262406404E+000 -0.147209838881157E+003
  0.100000000000000E+001  0.295061495869698E+003  0.966676708181612E+000  0.112757279396376E+001  0.508580402777701E+000  0.377745745032005E+000 -0.131028262406404E+000 -0.147530747934849E+003
  0.100000000000000E+001  0.296047963626603E+003  0.199969408762210E+001  0.705124801294957E+000  0.151817384486971E+000  0.253325774044092E+000 -0.131028262406404E+000 -0.148023981813301E+003
  0.100000000000000E+001  0.295230321811704E+003  0.202002581522507E+000  0.745975596779232E+000  0.449134767670710E-001  0.174243107986409E+000 -0.131028262406404E+000 -0.147615160905852E+003
  0.100000000000000E+001  0.294581889515332E+003  0.928533946314709E+000  0.843644924221856E+000  0.650302433381385E+000  0.287819322298478E+000 -0.131028262406404E+000 -0.147290944757666E+003
  0.100000000000000E+001  0.294838660802302E+003  0.501040491640708E+000  0.144656967675898E+001  0.839721446408506E+000  0.235680120990468E+000 -0.131028262406404E+000 -0.147419330401151E+003
  0.100000000000000E+001  0.295286336682495E+003  0.106939905113834E+001  0.135296665603257E+001  0.898865574838720E+000  0.331754512794621E+000 -0.131028262406404E+000 -0.147643168341247E+003
  0.100000000000000E+001  0.295004547230028E+003  0.112055570680730E+001  0.191551783345695E+001  0.510232071073923E+000  0.232203947133480E+000 -0.131028262406404E+000 -0.147502273615014E+003
  0.100000000000000E+001  0.294923833812642E+003  0.590866121812415E+000  0.116852646912609E+001  0.697220361896250E+000  0.146714015765375E+000 -0.131028262406404E+000 -0.147461916906321E+003
  0.100000000000000E+001  0.294544876522901E+003  0.960701262619632E+000  0.574627539215887E+000  0.474573304694468E+000  0.220271647118274E+000 -0.131028262406404E+000 -0.147272438261450E+003
  0.100000000000000E+001  0.294815867545726E+003  0.637415273962734E+000  0.168650168056974E+001  0.418220249026835E+000  0.222467331176679E+000 -0.131028262406404E+000 -0.147407933772863E+003
  0.100000000000000E+001  0.294862495296930E+003  0.738188906175768E+000  0.136095381670705E+001  0.243212395790996E+000  0.138842013679697E+000 -0.131028262406404E+000 -0.147431247648465E+003
  0.100000000000000E+001  0.295170233915414E+003  0.102321054810227E+001  0.104302495080335E+001  0.357652507699726E+000  0.399362005471415E+000 -0.131028262406404E+000 -0.147585116957707E+003
  0.100000000000000E+001  0.297764589591265E+003  0.170647040412696E+001  0.127322304057785E+001  0.481224138121344E-001  0.343505778246132E+000 -0.131028262406404E+000 -0.148882294795632E+003
  0.100000000000000E+001  0.294866936641489E+003  0.762945513486387E+000  0.108240048096711E+001  0.733671934383615E+000  0.465551708337539E+000 -0.131028262406404E+000 -0.147433468320744E+003
  0.100000000000000E+001  0.295305791407760E+003  0.224417661529470E+000  0.893558724023776E+000  0.589799413522224E+000  0.111532408467357E+000 -0.131028262406404E+000 -0.147652895703880E+003
  0.100000000000000E+001  0.295457291658644E+003  0.193952543073340E+001  0.105019617944945E+001  0.509756025588946E+000  0.197189163383734E+000 -0.131028262406404E+000 -0.147728645829322E+003
  0.100000000000000E+001  0.294476493849275E+003  0.677613584882789E+000  0.574172864997187E+000  0.774095341038599E+000  0.301701698168029E+000 -0.131028262406404E+000 -0.147238246924637E+003
  0.100000000000000E+001  0.294718730375953E+003  0.118671971628304E+001  0.854870451605613E+000  0.582721476904963E+000  0.249272512147637E+000 -0.131028262406404E+000 -0.147359365187977E+003
  0.100000000000000E+001  0.296504943293756E+003  0.147730705957481E+001  0.121777609732320E+001  0.398292786371943E+000  0.340591657769632E+000 -0.131028262406404E+000 -0.148252471646878E+003
  0.100000000000000E+001  0.294734854945099E+003  0.141487449879474E+001  0.132986892523064E+001  0.873155675144833E+000  0.155571190493626E+000 -0.131028262406404E+000 -0.147367427472549E+003
  0.100000000000000E+001  0.299881317431922E+003  0.140403149463818E+001  0.182579633750758E+001  0.500737021977802E+000  0.491959673212569E+000 -0.131028262406404E+000 -0.149940658715961E+003
  0.100000000000000E+001  0.295380962589912E+003  0.969465307269765E+000  0.119800353198966E+001  0.848856073052830E+000  0.420384739730019E+000 -0.131028262406404E+000 -0.147690481294956E+003
  0.100000000000000E+001  0.294693810578683E+003  0.981252559811591E+000  0.868882142432836E+000  0.148227227088020E+000  0.154094944469080E+000 -0.131028262406404E+000 -0.147346905289341E+003
  0.100000000000000E+001  0.295061616645040E+003  0.475730086960666E+000  0.156540454891417E+001  0.809177817922961E-001  0.131288756973170E+000 -0.131028262406404E+000 -0.147530808322520E+003
  0.100000000000000E+001  0.297842982938726E+003  0.173821540743737E+001  0.131953767310786E+001  0.169615938144014E+000  0.335438407689403E+000 -0.131028262406404E+000 -0.148921491469363E+003
  0.100000000000000E+001  0.295054146358325E+003  0.388944936690563E+000  0.620380385508543E+000  0.344599468213073E+000  0.157628789349450E+000 -0.131028262406404E+000 -0.147527073179162E+003
  0.100000000000000E+001  0.294751029779542E+003  0.126978520173409E+001  0.188735948890708E+001  0.195863782501095E+000  0.132319136660869E+000 -0.131028262406404E+000 -0.147375514889771E+003
  0.100000000000000E+001  0.295201001161924E+003  0.368909911088824E+000  0.664673861860207E+000  0.407602471532037E+000  0.106018346851923E+000 -0.131028262406404E+000 -0.147600500580962E+003
  0.100000000000000E+001  0.301124207401099E+003  0.157830161236082E+001  0.191044334249764E+001  0.535062431827120E+000  0.478723761925030E+000 -0.131028262406404E+000 -0.150562103700549E+003
  0.100000000000000E+001  0.296644064424824E+003  0.102729630533881E+001  0.161205333145011E+001  0.644251423255369E+000  0.466194800611188E+000 -0.131028262406404E+000 -0.148322032212412E+003
  0.100000000000000E+001  0.294823537993489E+003  0.110416671066490E+001  0.119505468752786E+001  0.591089784794219E+000  0.250934553615517E+000 -0.131028262406404E+000 -0.147411768996744E+003
  0.100000000000000E+001  0.294668284522922E+003  0.117816951710874E+001  0.989578673371790E+000  0.535405414237531E+000  0.190952159787100E+000 -0.131028262406404E+000 -0.147334142261461E+003
  0.100000000000000E+001  0.305687703452310E+003  0.198558451550660E+001  0.191504702708964E+001  0.115828795627813E+000  0.480329016999037E+000 -0.131028262406404E+000 -0.152843851726155E+003
  0.100000000000000E+001  0.295191986503007E+003  0.390344372476131E+000  0.156807084588986E+001  0.570616110561274E+000  0.105434837694938E+000 -0.131028262406404E+000 -0.147595993251503E+003
  0.100000000000000E+001  0.295063400471006E+003  0.227081467660342E+000  0.166777630109087E+001  0.276618231356204E+000  0.408455887911148E+000 -0.131028262406404E+000 -0.147531700235503E+003
  0.100000000000000E+001  0.295217213677087E+003  0.146457904767188E+001  0.157856702529005E+001  0.824703097312955E+000  0.219469754608407E+000 -0.131028262406404E+000 -0.147608606838544E+003
  0.100000000000000E+001  0.300743054002431E+003  0.173881829947778E+001  0.168104121731419E+001  0.232718158967594E+000  0.416296358491709E+000 -0.131028262406404E+000 -0.150371527001215E+003
  0.100000000000000E+001  0.295621304697197E+003  0.184687966350869E+001  0.599932999860584E+000  0.894114532617893E+000  0.266267461931876E+000 -0.131028262406404E+000 -0.147810652348599E+003
  0.100000000000000E+001  0.295199814809926E+003  0.150346277023534E+000  0.177266172946823E+001  0.722008292855072E+000  0.449584252788760E+000 -0.131028262406404E+000 -0.147599907404963E+003
  0.100000000000000E+001  0.294901037623745E+003  0.495295873171599E+000  0.118353890421032E+001  0.414699091844575E+000  0.186259489883783E+000 -0.131028262406404E+000 -0.147450518811872E+003
  0.100000000000000E+001  0.298852074522186E+003  0.198438012852791E+001  0.161477849405173E+001  0.608576351705927E+000  0.308596557712248E+000 -0.131028262406404E+000 -0.149426037261093E+003
  0.100000000000000E+001  0.294779782173107E+003  0.388505410228785E+000  0.858309540428828E+000  0.163059098063981E+000  0.295208451593889E+000 -0.131028262406404E+000 -0.147389891086553E+003
  0.100000000000000E+001  0.294988619626283E+003  0.133435684366295E+001  0.180673840370202E+001  0.399583080926062E+000  0.202101616007328E+000 -0.131028262406404E+000 -0.147494309813141E+003
  0.100000000000000E+001  0.295176416948001E+003  0.122309011057239E+001  0.886834080127388E+000  0.233230513934995E+000  0.350385910551738E+000 -0.131028262406404E+000 -0.147588208474001E+003
  0.100000000000000E+001  0.295161164726259E+003  0.120555049545442E+000  0.547744272130580E+000  0.647386198066990E+000  0.398928185484461E+000 -0.131028262406404E+000 -0.147580582363129E+003
  0.100000000000000E+001  0.296363020138771E+003  0.106883655917841E+001  0.126788053649679E+001  0.757743396647447E-001  0.479098237223182E+000 -0.131028262406404E+000 -0.148181510069386E+003
  0.100000000000000E+001  0.302241479301795E+003  0.168309108552886E+001  0.180018154991091E+001  0.488831693157605E+000  0.478621896441017E+000 -0.131028262406404E+000 -0.151120739650897E+003
  0.100000000000000E+001  0.294907063785329E+003  0.548100784353893E+000  0.199443020217005E+001  0.859233159981699E+000  0.240055610837401E+000 -0.131028262406404E+000 -0.147453531892664E+003
  0.100000000000000E+001  0.295365921627163E+003  0.115916860216556E+001  0.820063518071792E+000  0.153029552040667E+000  0.456507869249301E+000 -0.131028262406404E+000 -0.147682960813581E+003
  0.100000000000000E+001  0.295025522049442E+003  0.798043947195052E+000  0.115802046134096E+001  0.669465452535056E+000  0.456940696627035E+000 -0.131028262406404E+000 -0.147512761024721E+003
  0.100000000000000E+001  0.294717639243994E+003  0.150353287831501E+001  0.153645718033875E+001  0.340332164429276E+000  0.113297633855918E+000 -0.131028262406404E+000 -0.147358819621997E+003
  0.100000000000000E+001  0.294753313438662E+003  0.121615047304249E+001  0.186497530899370E+001  0.924777324309723E+000  0.139867338709582E+000 -0.131028262406404E+000 -0.147376656719331E+003
  0.100000000000000E+001  0.295190813354136E+003  0.256133277166852E+000  0.144113620069552E+001  0.577119684058986E+000  0.163864145637624E+000 -0.131028262406404E+000 -0.147595406677068E+003
  0.100000000000000E+001  0.295985518770446E+003  0.113966482471485E+001  0.965133946911632E+000  0.839533718153400E-001  0.496333355015495E+000 -0.131028262406404E+000 -0.147992759385223E+003
  0.100000000000000E+001  0.295779368557131E+003  0.103191630507356E+001  0.176773749190805E+001  0.745923820113009E+000  0.364457535102863E+000 -0.131028262406404E+000 -0.147889684278566E+003
  0.100000000000000E+001  0.295387993311169E+003  0.592942228464922E+000  0.195720417506348E+001  0.301055494048633E+000  0.464725126421660E+000 -0.131028262406404E+000 -0.147693996655584E+003
  0.100000000000000E+001  0.294677567621744E+003  0.156971309108981E+001  0.961388650841099E+000  0.917360837274578E+000  0.119733675119265E+000 -0.131028262406404E+000 -0.147338783810872E+003
  0.100000000000000E+001  0.294744013334959E+003  0.552833065201009E+000  0.135908873170539E+001  0.687005792204532E+000  0.302359164818483E+000 -0.131028262406404E+000 -0.147372006667479E+003
  0.100000000000000E+001  0.294855116824756E+003  0.361796784536831E+000  0.139644730038951E+001  0.190855707377408E+000  0.339885100352300E+000 -0.131028262406404E+000 -0.147427558412378E+003
  0.100000000000000E+001  0.295295336982819E+003  0.131467551183857E+000  0.110494781926791E+001  0.656321332047238E+000  0.204411956343894E+000 -0.131028262406404E+000 -0.147647668491409E+003
  0.100000000000000E+001  0.296008730408926E+003  0.184030671999840E+001  0.164545641359956E+001  0.751583591219342E+000  0.223334618118500E+000 -0.131028262406404E+000 -0.148004365204463E+003
  0.100000000000000E+001  0.300279373348306E+003  0.159438662404270E+001  0.141353883604974E+001  0.196500729163433E+000  0.463123145618689E+000 -0.131028262406404E+000 -0.150139686674153E+003
  0.100000000000000E+001  0.294736649382283E+003  0.864798772000098E+000  0.912775142555513E+000  0.479410593369132E+000  0.434874097947076E+000 -0.131028262406404E+000 -0.147368324691142E+003
  0.100000000000000E+001  0.294862217927878E+003  0.379210732487420E+000  0.132257133305539E+001  0.121985715084253E+000  0.289783168948802E+000 -0.131028262406404E+000 -0.147431108963939E+003
  0.100000000000000E+001  0.295280469564619E+003  0.197123598248721E+001  0.188952823281019E+001  0.654485717524952E+000  0.164805269059799E+000 -0.131028262406404E+000 -0.147640234782309E+003
  0.100000000000000E+001  0.295142080650736E+003  0.279745452429650E+000  0.190036809205302E+001  0.674769222805314E+000  0.492862810081961E+000 -0.131028262406404E+000 -0.147571040325368E+003
  0.100000000000000E+001  0.294822537261256E+003  0.185974041491636E+001  0.698392910505892E+000  0.487472562072809E+000  0.156721001696883E+000 -0.131028262406404E+000 -0.147411268630628E+003
  0.100000000000000E+001  0.294733899492215E+003  0.928818944604710E+000  0.103184660499975E+001  0.284568945788903E-001  0.320206251827425E+000 -0.131028262406404E+000 -0.147366949746107E+003
  0.100000000000000E+001  0.294982159099574E+003  0.383860402174490E+000  0.172532167316000E+001  0.620595595028581E+000  0.421886511594952E+000 -0.131028262406404E+000 -0.147491079549787E+003
  0.100000000000000E+001  0.298905449099485E+003  0.170136228610590E+001  0.145064121137945E+001  0.745970581529440E+000  0.375742168190022E+000 -0.131028262406404E+000 -0.149452724549742E+003
  0.100000000000000E+001  0.295428213793818E+003  0.182424982890604E+001  0.926996684798646E+000  0.209811913364613E+000  0.216752141138382E+000 -0.131028262406404E+000 -0.147714106896909E+003
  0.100000000000000E+001  0.294827107234174E+003  0.138110055488141E+001  0.528272882475533E+000  0.507757022001669E+000  0.324382846179339E+000 -0.131028262406404E+000 -0.147413553617087E+003
  0.100000000000000E+001  0.296670579463072E+003  0.141812741084001E+001  0.172035662845447E+001  0.582210427241495E+000  0.329704932834666E+000 -0.131028262406404E+000 -0.148335289731536E+003
  0.100000000000000E+001  0.294521352345268E+003  0.108581593909110E+001  0.500801441981213E+000  0.625871353106309E+000  0.225384237735261E+000 -0.131028262406404E+000 -0.147260676172634E+003
  0.100000000000000E+001  0.297410660238224E+003  0.188145271757538E+001  0.189773898517583E+001  0.234928348018282E+000  0.275041160378399E+000 -0.131028262406404E+000 -0.148705330119112E+003
  0.100000000000000E+001  0.294668968398640E+003  0.110077677588492E+001  0.104468476930625E+001  0.369107144256760E+000  0.166536249139436E+000 -0.131028262406404E+000 -0.147334484199320E+003
  0.100000000000000E+001  0.294740689962181E+003  0.429059184701810E+000  0.779554018766461E+000  0.638133972717039E+000  0.285927490825880E+000 -0.131028262406404E+000 -0.147370344981090E+003
  0.100000000000000E+001  0.294497664257651E+003  0.787503612441426E+000  0.553279463225179E+000  0.861118883934709E-001  0.264395511944755E+000 -0.131028262406404E+000 -0.147248832128826E+003
  0.100000000000000E+001  0.294759809407835E+003  0.712397705094131E+000  0.142267651834468E+001  0.453198816093002E-001  0.291214270110886E+000 -0.131028262406404E+000 -0.147379904703917E+003
  0.100000000000000E+001  0.297427478961693E+003  0.178900606015584E+001  0.922566141620596E+000  0.756081112261739E+000  0.354419139659451E+000 -0.131028262406404E+000 -0.148713739480847E+003
  0.100000000000000E+001  0.294462242391876E+003  0.100771342801497E+001  0.581590343273987E+000  0.831103018888720E+000  0.313698141360682E+000 -0.131028262406404E+000 -0.147231121195938E+003
  0.100000000000000E+001  0.294751451273218E+003  0.100190006931951E+001  0.150735041556520E+001  0.668030199664392E+000  0.145496542779891E+000 -0.131028262406404E+000 -0.147375725636609E+003
  0.100000000000000E+001  0.294921543756178E+003  0.772090473933405E+000  0.180167725473366E+001  0.726596341410409E+000  0.287299477960439E+000 -0.131028262406404E+000 -0.147460771878089E+003
  0.100000000000000E+001  0.295276973325943E+003  0.115837352076108E+000  0.186563597500522E+001  0.306976987340242E+000  0.379533284976579E+000 -0.131028262406404E+000 -0.147638486662972E+003
  0.100000000000000E+001  0.296099283186985E+003  0.168595961167597E+001  0.135681664174475E+001  0.376929301976300E+000  0.259279857112654E+000 -0.131028262406404E+000 -0.148049641593492E+003
  0.100000000000000E+001  0.297491120469912E+003  0.183096831872667E+001  0.131493510286322E+001  0.192959468625954E+000  0.302264006472685E+000 -0.131028262406404E+000 -0.148745560234956E+003
  0.100000000000000E+001  0.294929117213196E+003  0.425056491396345E+000  0.171713717800270E+001  0.447668579605292E+000  0.245529046553806E+000 -0.131028262406404E+000 -0.147464558606598E+003
  0.100000000000000E+001  0.295954105014565E+003  0.196164050606744E+001  0.953329929622513E+000  0.373449664067228E+000  0.231179360153348E+000 -0.131028262406404E+000 -0.147977052507283E+003
  0.100000000000000E+001  0.295647052980661E+003  0.846094949050566E+000  0.181134999315812E+001  0.901059564158719E+000  0.413209330866495E+000 -0.131028262406404E+000 -0.147823526490331E+003
  0.100000000000000E+001  0.294824701655927E+003  0.583371993486109E+000  0.150619620449142E+001  0.580050298615011E+000  0.351793113863147E+000 -0.131028262406404E+000 -0.147412350827963E+003
  0.100000000000000E+001  0.299501516872491E+003  0.195459923546945E+001  0.175098363902056E+001  0.183891740431088E+000  0.330304859348497E+000 -0.131028262406404E+000 -0.149750758436246E+003
  0.100000000000000E+001  0.300410794398436E+003  0.159968166631995E+001  0.171307138706490E+001  0.404529634177865E+000  0.445323464194428E+000 -0.131028262406404E+000 -0.150205397199218E+003
  0.100000000000000E+001  0.296424255181368E+003  0.190694802787433E+001  0.117225684548780E+001  0.338508245459690E-002  0.251036371435268E+000 -0.131028262406404E+000 -0.148212127590684E+003
  0.100000000000000E+001  0.294776973034067E+003  0.148075425835225E+001  0.129947524652135E+001  0.566170545715756E+000  0.163227036839891E+000 -0.131028262406404E+000 -0.147388486517033E+003
  0.100000000000000E+001  0.295145397391993E+003  0.203898027741122E+000  0.539436088519245E+000  0.420683552855665E+000  0.234416592323623E+000 -0.131028262406404E+000 -0.147572698695996E+003
  0.100000000000000E+001  0.295710723474618E+003  0.171087814218039E+001  0.639176860283200E+000  0.768001512807970E+000  0.308268790824822E+000 -0.131028262406404E+000 -0.147855361737309E+003
  0.100000000000000E+001  0.295069489347145E+003  0.206494507438511E+000  0.159879995344184E+001  0.103289024578162E+000  0.448480352195384E+000 -0.131028262406404E+000 -0.147534744673573E+003
  0.100000000000000E+001  0.295162794835995E+003  0.194706204280041E+000  0.180103519701937E+001  0.503199929439289E+000  0.297172321380147E+000 -0.131028262406404E+000 -0.147581397417997E+003
  0.100000000000000E+001  0.296592300549123E+003  0.194184227719456E+001  0.887965774895442E+000  0.548764451184684E+000  0.276692138634303E+000 -0.131028262406404E+000 -0.148296150274561E+003
  0.100000000000000E+001  0.294817561900403E+003  0.172544347335625E+001  0.186734785306842E+001  0.173902485075844E+000  0.134786371003031E+000 -0.131028262406404E+000 -0.147408780950201E+003
  0.100000000000000E+001  0.295993483892086E+003  0.170678870529245E+001  0.727497235726336E+000  0.879859065181444E+000  0.317570070909820E+000 -0.131028262406404E+000 -0.147996741946043E+003
  0.100000000000000E+001  0.295609350441795E+003  0.945690373891575E+000  0.152044789511582E+001  0.128135967397950E+000  0.400707170497102E+000 -0.131028262406404E+000 -0.147804675220897E+003
  0.100000000000000E+001  0.294803903229318E+003  0.138277312255770E+001  0.166021387290859E+001  0.545427743025732E+000  0.165759475105683E+000 -0.131028262406404E+000 -0.147401951614659E+003
  0.100000000000000E+001  0.294841232103570E+003  0.831545362840231E+000  0.171516155248392E+001  0.682523741362471E+000  0.136788728412261E+000 -0.131028262406404E+000 -0.147420616051785E+003
  0.100000000000000E+001  0.295136881421177E+003  0.150794937620494E+001  0.108015367883567E+001  0.653034910589505E+000  0.229514222584359E+000 -0.131028262406404E+000 -0.147568440710589E+003
  0.100000000000000E+001  0.294986264718575E+003  0.576989092121015E+000  0.884855458677821E+000  0.756379853413029E+000  0.127057170680200E+000 -0.131028262406404E+000 -0.147493132359287E+003
  0.100000000000000E+001  0.296241036751250E+003  0.132094587828087E+001  0.105532769338641E+001  0.756099537428980E+000  0.401084106271284E+000 -0.131028262406404E+000 -0.148120518375625E+003
  0.100000000000000E+001  0.295498758131566E+003  0.793139898267921E+000  0.137560483390522E+001  0.356815592866408E+000  0.492399143571754E+000 -0.131028262406404E+000 -0.147749379065783E+003
  0.100000000000000E+001  0.294446054195758E+003  0.698219693752103E+000  0.702445874838546E+000  0.277899292642178E+000  0.338470962930858E+000 -0.131028262406404E+000 -0.147223027097879E+003
  0.100000000000000E+001  0.295109350929408E+003  0.241548128309927E+000  0.124085401285054E+001  0.834403586659381E+000  0.226503771398516E+000 -0.131028262406404E+000 -0.147554675464704E+003
  0.100000000000000E+001  0.295092613082160E+003  0.899937267213189E+000  0.172964455241984E+001  0.901979860182453E+000  0.308398701964461E+000 -0.131028262406404E+000 -0.147546306541080E+003
  0.100000000000000E+001  0.294473756445036E+003  0.907744181633590E+000  0.583936313347886E+000  0.101627559569904E+000  0.272952858476848E+000 -0.131028262406404E+000 -0.147236878222518E+003
  0.100000000000000E+001  0.301328303095317E+003  0.191335770235521E+001  0.948653390897967E+000  0.603669081753013E-001  0.482779448775146E+000 -0.131028262406404E+000 -0.150664151547659E+003
  0.100000000000000E+001  0.294697975890622E+003  0.129017512975848E+001  0.116655867876546E+001  0.934878669346677E+000  0.129295424492435E+000 -0.131028262406404E+000 -0.147348987945311E+003
  0.100000000000000E+001  0.294792079974131E+003  0.160837520785579E+001  0.168795248242169E+001  0.807443211415113E+000  0.141605643653291E+000 -0.131028262406404E+000 -0.147396039987065E+003
  0.100000000000000E+001  0.295252393744763E+003  0.136373999660079E+000  0.178603960231835E+001  0.730887240143704E+000  0.296381348720111E+000 -0.131028262406404E+000 -0.147626196872382E+003
  0.100000000000000E+001  0.298959085276503E+003  0.150549427067690E+001  0.124201746799191E+001  0.552838276044155E+000  0.465323815434928E+000 -0.131028262406404E+000 -0.149479542638252E+003
  0.100000000000000E+001  0.294969478920930E+003  0.590403875420801E+000  0.146630437130931E+001  0.119157063567471E+000  0.446246624375933E+000 -0.131028262406404E+000 -0.147484739460465E+003
  0.100000000000000E+001  0.294577099450021E+003  0.116453510229177E+001  0.545228001456153E+000  0.854093292499422E+000  0.377278867643114E+000 -0.131028262406404E+000 -0.147288549725010E+003
  0.100000000000000E+001  0.299111208564126E+003  0.157380588277805E+001  0.187846076074231E+001  0.578445180627498E+000  0.402670843467371E+000 -0.131028262406404E+000 -0.149555604282063E+003
  0.100000000000000E+001  0.294753653961746E+003  0.822589418738215E+000  0.102399363109321E+001  0.590758815426673E+000  0.157921191907818E+000 -0.131028262406404E+000 -0.147376826980873E+003
  0.100000000000000E+001  0.294676664052145E+003  0.819672682939588E+000  0.925883937660493E+000  0.200914926489547E+000  0.430761376067404E+000 -0.131028262406404E+000 -0.147338332026073E+003
  0.100000000000000E+001  0.294715099894984E+003  0.144835358846716E+001  0.591747559737767E+000  0.441966457208476E+000  0.215319549574313E+000 -0.131028262406404E+000 -0.147357549947492E+003
  0.100000000000000E+001  0.295198871512338E+003  0.209230673198930E+000  0.827966962560581E+000  0.567533504805571E+000  0.189367896182560E+000 -0.131028262406404E+000 -0.147599435756169E+003
  0.100000000000000E+001  0.295049011172115E+003  0.888645977075338E+000  0.104860892517915E+001  0.802172532445922E+000  0.451236495903859E+000 -0.131028262406404E+000 -0.147524505586058E+003
  0.100000000000000E+001  0.294824437808180E+003  0.769053021048201E+000  0.161121289831495E+001  0.416395454801871E+000  0.155043629119573E+000 -0.131028262406404E+000 -0.147412218904090E+003
  0.100000000000000E+001  0.296058496152848E+003  0.119750019720970E+001  0.153395107405843E+001  0.462009341007314E+000  0.356491532604481E+000 -0.131028262406404E+000 -0.148029248076424E+003
  0.100000000000000E+001  0.294886805414030E+003  0.149055179581593E+001  0.575838960034381E+000  0.793385576726886E+000  0.261818620062394E+000 -0.131028262406404E+000 -0.147443402707015E+003
  0.100000000000000E+001  0.294536322808469E+003  0.952807424226614E+000  0.736545458430706E+000  0.299794157303386E+000  0.320859634907497E+000 -0.131028262406404E+000 -0.147268161404234E+003
  0.100000000000000E+001  0.294645643404091E+003  0.365364665374936E+000  0.647707458706739E+000  0.228109244991316E+000  0.388796772831708E+000 -0.131028262406404E+000 -0.147322821702045E+003
  0.100000000000000E+001  0.295985703369360E+003  0.151180831055977E+001  0.123120631872497E+001  0.268333139620379E+000  0.294124457488628E+000 -0.131028262406404E+000 -0.147992851684680E+003
  0.100000000000000E+001  0.294719107533461E+003  0.139935285806260E+001  0.854895531654213E+000  0.552265076907149E+000  0.189294737345355E+000 -0.131028262406404E+000 -0.147359553766730E+003
  0.100000000000000E+001  0.298423937943359E+003  0.187407901596284E+001  0.181485526748665E+001  0.831021387169058E+000  0.311575197826960E+000 -0.131028262406404E+000 -0.149211968971679E+003
  0.100000000000000E+001  0.295161640584486E+003  0.319447073861736E+000  0.130509068187887E+001  0.126124960567113E-001  0.142624225117059E+000 -0.131028262406404E+000 -0.147580820292243E+003
  0.100000000000000E+001  0.294705552029588E+003  0.524681712352454E+000  0.125594449777988E+001  0.295856372801485E-001  0.377119993637144E+000 -0.131028262406404E+000 -0.147352776014794E+003
  0.100000000000000E+001  0.298843826799960E+003  0.126345199889038E+001  0.189408092079210E+001  0.379398705653269E+000  0.498347693908811E+000 -0.131028262406404E+000 -0.149421913399980E+003
  0.100000000000000E+001  0.295001340119643E+003  0.659339354446696E+000  0.115159131611868E+001  0.269640796789464E+000  0.107953555640608E+000 -0.131028262406404E+000 -0.147500670059821E+003
  0.100000000000000E+001  0.295838537692321E+003  0.182803279044428E+001  0.516169955526296E+000  0.841640538036715E+000  0.321356396223394E+000 -0.131028262406404E+000 -0.147919268846160E+003
  0.100000000000000E+001  0.294878123572700E+003  0.647534650832363E+000  0.141893000717919E+001  0.922680516692776E+000  0.154291825998272E+000 -0.131028262406404E+000 -0.147439061786350E+003
  0.100000000000000E+001  0.295773025800640E+003  0.197013936567268E+001  0.101440772820059E+001  0.120917585081988E+000  0.215556992552333E+000 -0.131028262406404E+000 -0.147886512900320E+003
  0.100000000000000E+001  0.294783237930234E+003  0.176157890616567E+001  0.178672030121936E+001  0.633328536413472E-001  0.126640969711794E+000 -0.131028262406404E+000 -0.147391618965117E+003
  0.100000000000000E+001  0.294910970517255E+003  0.208081002523936E+000  0.579429062788791E+000  0.953722879668759E+000  0.427016201486242E+000 -0.131028262406404E+000 -0.147455485258628E+003
  0.100000000000000E+001  0.294600938676639E+003  0.721888037093456E+000  0.994479625655448E+000  0.647827790080239E+000  0.387113504984217E+000 -0.131028262406404E+000 -0.147300469338320E+003
  0.100000000000000E+001  0.294461857664153E+003  0.549371327071454E+000  0.625406609503951E+000  0.849351954278670E+000  0.363646015080928E+000 -0.131028262406404E+000 -0.147230928832076E+003
  0.100000000000000E+001  0.295170233128457E+003  0.180732217581435E+001  0.140529029067694E+001  0.539576564790174E+000  0.178232228117666E+000 -0.131028262406404E+000 -0.147585116564228E+003
  0.100000000000000E+001  0.294783902285617E+003  0.162487769201699E+001  0.152487270031603E+001  0.462082953314288E+000  0.142724394773505E+000 -0.131028262406404E+000 -0.147391951142808E+003
  0.100000000000000E+001  0.297243172607340E+003  0.194569764418029E+001  0.176761446558116E+001  0.294076224492433E+000  0.260333455006934E+000 -0.131028262406404E+000 -0.148621586303670E+003
  0.100000000000000E+001  0.296599788448212E+003  0.132590059310726E+001  0.162476774572696E+001  0.255760612360505E+000  0.353139460239629E+000 -0.131028262406404E+000 -0.148299894224106E+003
  0.100000000000000E+001  0.295021137546581E+003  0.336889856661701E+000  0.116113706719513E+001  0.923110050193668E+000  0.203705437032158E+000 -0.131028262406404E+000 -0.147510568773291E+003
  0.100000000000000E+001  0.295031390992891E+003  0.143926313279802E+001  0.126030916936440E+001  0.846324324353323E+000  0.215966158045575E+000 -0.131028262406404E+000 -0.147515695496446E+003
  0.100000000000000E+001  0.295305272770731E+003  0.176249587523813E+000  0.109962348123714E+001  0.218556937644194E+000  0.143329514048608E+000 -0.131028262406404E+000 -0.147652636385366E+003
  0.100000000000000E+001  0.298889158571224E+003  0.157282276251671E+001  0.120598374508109E+001  0.280821981394581E+000  0.443270487014245E+000 -0.131028262406404E+000 -0.149444579285612E+003
  0.100000000000000E+001  0.295370413580110E+003  0.947396079328440E+000  0.122915616996794E+001  0.460316787564990E+000  0.421524727258236E+000 -0.131028262406404E+000 -0.147685206790055E+003
  0.100000000000000E+001  0.294778314091095E+003  0.105662357482286E+001  0.190270000142644E+001  0.929703416467181E+000  0.138925961382123E+000 -0.131028262406404E+000 -0.147389157045548E+003
  0.100000000000000E+001  0.303105053665278E+003  0.182128599836199E+001  0.175828444377697E+001  0.326680838590280E+000  0.460036412860776E+000 -0.131028262406404E+000 -0.151552526832639E+003
  0.100000000000000E+001  0.295261155531580E+003  0.115605516390957E+000  0.795844820666280E+000  0.261735083244168E+000  0.273121511165465E+000 -0.131028262406404E+000 -0.147630577765790E+003
  0.100000000000000E+001  0.297207412087571E+003  0.171580087845197E+001  0.148356737799277E+001  0.440919005510002E+000  0.302984177755767E+000 -0.131028262406404E+000 -0.148603706043785E+003
  0.100000000000000E+001  0.294879020106252E+003  0.386331859303738E+000  0.140112454314719E+001  0.914641641783906E+000  0.279972401742006E+000 -0.131028262406404E+000 -0.147439510053126E+003
  0.100000000000000E+001  0.294765838568037E+003  0.422912041688356E+000  0.581227084852016E+000  0.938281057436752E+000  0.271593912298421E+000 -0.131028262406404E+000 -0.147382919284018E+003
  0.100000000000000E+001  0.294741542098547E+003  0.148087913946576E+001  0.180167413274777E+001  0.392098872201852E+000  0.128107987702757E+000 -0.131028262406404E+000 -0.147370771049273E+003
  0.100000000000000E+001  0.294789878820462E+003  0.104770470258105E+001  0.753099971036329E+000  0.334491065103897E+000  0.421263945402572E+000 -0.131028262406404E+000 -0.147394939410231E+003
  0.100000000000000E+001  0.294659867260030E+003  0.175177655750885E+001  0.516621098425269E+000  0.487145243232454E+000  0.105653090930029E+000 -0.131028262406404E+000 -0.147329933630015E+003
  0.100000000000000E+001  0.300985555567249E+003  0.171939316250609E+001  0.149576286827099E+001  0.923972711514347E+000  0.438977991006118E+000 -0.131028262406404E+000 -0.150492777783624E+003
  0.100000000000000E+001  0.294810983427053E+003  0.561223139374114E+000  0.156840160269192E+001  0.815927480007396E+000  0.253101525929900E+000 -0.131028262406404E+000 -0.147405491713526E+003
  0.100000000000000E+001  0.294437576620820E+003  0.906342363475814E+000  0.647522313689232E+000  0.449457728723259E+000  0.347670779933392E+000 -0.131028262406404E+000 -0.147218788310410E+003
  0.100000000000000E+001  0.294732005513936E+003  0.147865400929667E+001  0.166225082899826E+001  0.485373243780978E+000  0.129456298199261E+000 -0.131028262406404E+000 -0.147366002756968E+003
  0.100000000000000E+001  0.294700829662567E+003  0.149518197243153E+001  0.113451858016275E+001  0.118028511507087E+000  0.109795501570952E+000 -0.131028262406404E+000 -0.147350414831284E+003
  0.100000000000000E+001  0.294696333447745E+003  0.117624175718945E+001  0.115490085622523E+001  0.410792830729652E+000  0.141281860568503E+000 -0.131028262406404E+000 -0.147348166723873E+003
  0.100000000000000E+001  0.296827344605399E+003  0.180896046728173E+001  0.142649692560767E+001  0.665547757557449E-001  0.272426293983483E+000 -0.131028262406404E+000 -0.148413672302699E+003
  0.100000000000000E+001  0.295972873690349E+003  0.130142814369771E+001  0.850412166452707E+000  0.258450309051962E+000  0.450218913873317E+000 -0.131028262406404E+000 -0.147986436845175E+003
  0.100000000000000E+001  0.296780675814834E+003  0.198779430709267E+001  0.188421293357758E+001  0.512798117997842E+000  0.237035880539971E+000 -0.131028262406404E+000 -0.148390337907417E+003
  0.100000000000000E+001  0.294699660875775E+003  0.751437721267290E+000  0.598711150749806E+000  0.925761857012774E+000  0.183584007500320E+000 -0.131028262406404E+000 -0.147349830437887E+003
  0.100000000000000E+001  0.294371830101508E+003  0.818483218753948E+000  0.678907555600024E+000  0.755294384989227E+000  0.477928847932200E+000 -0.131028262406404E+000 -0.147185915050754E+003
  0.100000000000000E+001  0.294815750191527E+003  0.704943405980512E+000  0.844591721076877E+000  0.919242517700342E+000  0.154803717300838E+000 -0.131028262406404E+000 -0.147407875095763E+003
  0.100000000000000E+001  0.295005632521485E+003  0.412871861266525E+000  0.166157420447695E+001  0.519710871609552E+000  0.470256634421648E+000 -0.131028262406404E+000 -0.147502816260743E+003
  0.100000000000000E+001  0.294756484452214E+003  0.870129303340462E+000  0.579712702904043E+000  0.640936190366403E+000  0.142582112814844E+000 -0.131028262406404E+000 -0.147378242226107E+003
  0.100000000000000E+001  0.294939770382040E+003  0.617519617239703E+000  0.140548542160947E+001  0.426361958226978E+000  0.137528444809090E+000 -0.131028262406404E+000 -0.147469885191020E+003
  0.100000000000000E+001  0.295067074541729E+003  0.141764896770371E+001  0.951686559561315E+000  0.595371557912272E-002  0.251377494742709E+000 -0.131028262406404E+000 -0.147533537270865E+003
  0.100000000000000E+001  0.300888728944058E+003  0.166107065187147E+001  0.149630050722972E+001  0.704864688912519E+000  0.454128761303865E+000 -0.131028262406404E+000 -0.150444364472029E+003
  0.100000000000000E+001  0.294805796054141E+003  0.108490125221451E+001  0.195045839462166E+001  0.371651540783835E+000  0.181627141661435E+000 -0.131028262406404E+000 -0.147402898027071E+003
  0.100000000000000E+001  0.294926006790708E+003  0.679810441297455E+000  0.142320969180143E+001  0.577213770207722E+000  0.129078378634808E+000 -0.131028262406404E+000 -0.147463003395354E+003
  0.100000000000000E+001  0.294577578353967E+003  0.945153617506324E+000  0.559992086002509E+000  0.302753420531135E+000  0.201756624152290E+000 -0.131028262406404E+000 -0.147288789176984E+003
  0.100000000000000E+001  0.294986417651592E+003  0.170104040818201E+001  0.650476650594273E+000  0.374838781819281E+000  0.211307851113504E+000 -0.131028262406404E+000 -0.147493208825796E+003
  0.100000000000000E+001  0.295296772927043E+003  0.223865174235675E+000  0.643625215057591E+000  0.284695078417987E+000  0.117131720130081E+000 -0.131028262406404E+000 -0.147648386463522E+003
  0.100000000000000E+001  0.295609281601956E+003  0.823347991671068E+000  0.188583520843051E+001  0.628803386770688E+000  0.410195732982227E+000 -0.131028262406404E+000 -0.147804640800978E+003
  0.100000000000000E+001  0.294713452955079E+003  0.135287167509712E+001  0.740521491651204E+000  0.801597817558322E+000  0.215077545504995E+000 -0.131028262406404E+000 -0.147356726477540E+003
  0.100000000000000E+001  0.295281499322943E+003  0.265249285253645E+000  0.110113781244031E+001  0.502920472250687E+000  0.106488941309720E+000 -0.131028262406404E+000 -0.147640749661471E+003
  0.100000000000000E+001  0.295061149709337E+003  0.273370203571222E+000  0.147145261626696E+001  0.769265412685373E+000  0.242262803749966E+000 -0.131028262406404E+000 -0.147530574854668E+003
  0.100000000000000E+001  0.295010143892621E+003  0.152493870286673E+001  0.137271824593613E+001  0.986728612486901E+000  0.195115391743841E+000 -0.131028262406404E+000 -0.147505071946311E+003
  0.100000000000000E+001  0.294636172200706E+003  0.323022740562169E+000  0.665398071838195E+000  0.923681115175852E+000  0.450315160713454E+000 -0.131028262406404E+000 -0.147318086100353E+003
  0.100000000000000E+001  0.294710979965133E+003  0.900623908130736E+000  0.134740833708713E+001  0.763692845447631E+000  0.196517070057082E+000 -0.131028262406404E+000 -0.147355489982567E+003
  0.100000000000000E+001  0.294772756814648E+003  0.902785298887901E+000  0.113721223680890E+001  0.497077934984496E+000  0.139411330242016E+000 -0.131028262406404E+000 -0.147386378407324E+003
  0.100000000000000E+001  0.295214209053042E+003  0.191616354785958E+000  0.847615055448511E+000  0.323483350622188E+000  0.195785972154138E+000 -0.131028262406404E+000 -0.147607104526521E+003
  0.100000000000000E+001  0.300099095452513E+003  0.169743059610206E+001  0.188425236989377E+001  0.111951517775183E+000  0.405510769206007E+000 -0.131028262406404E+000 -0.150049547726256E+003
  0.100000000000000E+001  0.295179670616352E+003  0.368490816251996E+000  0.178494992886855E+001  0.567528085279796E+000  0.118962319612207E+000 -0.131028262406404E+000 -0.147589835308176E+003
  0.100000000000000E+001  0.295500005701826E+003  0.162288155933239E+001  0.128657929380344E+001  0.632771818707409E+000  0.232686505226529E+000 -0.131028262406404E+000 -0.147750002850913E+003
  0.100000000000000E+001  0.295050513488255E+003  0.561151929823046E+000  0.170010332990689E+001  0.386922227024664E+000  0.421512011823234E+000 -0.131028262406404E+000 -0.147525256744127E+003
  0.100000000000000E+001  0.294652984266094E+003  0.543994126104488E+000  0.114339912682981E+001  0.928876830198128E+000  0.350929441649396E+000 -0.131028262406404E+000 -0.147326492133047E+003
  0.100000000000000E+001  0.295054494377875E+003  0.336743607232176E+000  0.195637640849362E+001  0.348779540325687E+000  0.374405922463163E+000 -0.131028262406404E+000 -0.147527247188938E+003
  0.100000000000000E+001  0.294785072545880E+003  0.468526938283216E+000  0.136623307098155E+001  0.166224841480285E+000  0.303590660203616E+000 -0.131028262406404E+000 -0.147392536272940E+003
  0.100000000000000E+001  0.299909112252561E+003  0.165535331339907E+001  0.143210385103688E+001  0.961289141945797E+000  0.427120554801757E+000 -0.131028262406404E+000 -0.149954556126281E+003
  0.100000000000000E+001  0.294876568913746E+003  0.198477011865681E+000  0.559835156057896E+000  0.438928327205964E+000  0.489295218418217E+000 -0.131028262406404E+000 -0.147438284456873E+003
  0.100000000000000E+001  0.295361817902146E+003  0.139195992474325E+001  0.674802948725102E+000  0.766548192860724E+000  0.386043587913380E+000 -0.131028262406404E+000 -0.147680908951073E+003
  0.100000000000000E+001  0.295117365469938E+003  0.138443153253592E+001  0.195742033146342E+001  0.409192515408930E+000  0.209106640032168E+000 -0.131028262406404E+000 -0.147558682734969E+003
  0.100000000000000E+001  0.295451443473486E+003  0.196988539422999E+001  0.121573111106645E+001  0.920611491799179E+000  0.187601475686561E+000 -0.131028262406404E+000 -0.147725721736743E+003
  0.100000000000000E+001  0.295292016074868E+003  0.228842512377952E+000  0.173856509869955E+001  0.719307295080306E+000  0.120990136456460E+000 -0.131028262406404E+000 -0.147646008037434E+003
  0.100000000000000E+001  0.294426762951086E+003  0.770125577981476E+000  0.750634469906609E+000  0.791085799510542E+000  0.489217230369775E+000 -0.131028262406404E+000 -0.147213381475543E+003
  0.100000000000000E+001  0.294794675069807E+003  0.184858533179425E+001  0.171479793948759E+001  0.913279104330403E+000  0.124972056778504E+000 -0.131028262406404E+000 -0.147397337534903E+003
  0.100000000000000E+001  0.295149643998654E+003  0.657152048652310E+000  0.167317971969704E+001  0.839915139947902E+000  0.417846496788179E+000 -0.131028262406404E+000 -0.147574821999327E+003
  0.100000000000000E+001  0.298692972351193E+003  0.144952582298630E+001  0.161610656768465E+001  0.898345824000489E+000  0.428910590958041E+000 -0.131028262406404E+000 -0.149346486175596E+003
  0.100000000000000E+001  0.297802810574750E+003  0.176728328662884E+001  0.650213784455692E+000  0.189902758248435E+000  0.491433487109447E+000 -0.131028262406404E+000 -0.148901405287375E+003
  0.100000000000000E+001  0.294794765382390E+003  0.117779489163969E+001  0.150551210032178E+001  0.670350249219470E+000  0.104122813624627E+000 -0.131028262406404E+000 -0.147397382691195E+003
  0.100000000000000E+001  0.295865513185611E+003  0.129261455278666E+001  0.141447909351275E+001  0.498199930575511E+000  0.322691835398234E+000 -0.131028262406404E+000 -0.147932756592805E+003
  0.100000000000000E+001  0.298372132869425E+003  0.144915222820651E+001  0.163051991240668E+001  0.461276404347894E+000  0.413306906773359E+000 -0.131028262406404E+000 -0.149186066434713E+003
  0.100000000000000E+001  0.294754199837122E+003  0.132528182281426E+001  0.194592305796134E+001  0.953526466488130E+000  0.133943247360926E+000 -0.131028262406404E+000 -0.147377099918561E+003
  0.100000000000000E+001  0.294902053154476E+003  0.876160933799152E+000  0.148091815513742E+001  0.203327993924335E+000  0.298357953795882E+000 -0.131028262406404E+000 -0.147451026577238E+003
  0.100000000000000E+001  0.295000991522948E+003  0.411884107161666E+000  0.107521335558877E+001  0.702307030645052E+000  0.173204376583865E+000 -0.131028262406404E+000 -0.147500495761474E+003
  0.100000000000000E+001  0.304502764279474E+003  0.197380348646396E+001  0.126145232459191E+001  0.555637798517364E-001  0.486588444968752E+000 -0.131028262406404E+000 -0.152251382139737E+003
  0.100000000000000E+001  0.294541391127830E+003  0.109810141278810E+001  0.556971254383296E+000  0.219162473984350E+000  0.222622607310598E+000 -0.131028262406404E+000 -0.147270695563915E+003
  0.100000000000000E+001  0.294600215104776E+003  0.330106640705841E+000  0.747353793396393E+000  0.697664583472772E+000  0.479970146044215E+000 -0.131028262406404E+000 -0.147300107552388E+003
  0.100000000000000E+001  0.295169861211165E+003  0.111995481535823E+001  0.178490861031184E+001  0.576928262733989E+000  0.265267979037053E+000 -0.131028262406404E+000 -0.147584930605583E+003
  0.100000000000000E+001  0.295327039485235E+003  0.152900058947084E+000  0.574674442193161E+000  0.379760351864963E+000  0.146874693947449E+000 -0.131028262406404E+000 -0.147663519742618E+003
  0.100000000000000E+001  0.294788236711526E+003  0.955097321488117E+000  0.169395806597099E+001  0.339373015199885E+000  0.209680527398054E+000 -0.131028262406404E+000 -0.147394118355763E+003
  0.100000000000000E+001  0.294690593404893E+003  0.163272662177101E+001  0.113592811703415E+001  0.131327090567300E+000  0.113830353974881E+000 -0.131028262406404E+000 -0.147345296702447E+003
  0.100000000000000E+001  0.294290560600917E+003  0.643732376508691E+000  0.649711995076428E+000  0.915725039633514E-001  0.457358330325642E+000 -0.131028262406404E+000 -0.147145280300458E+003
  0.100000000000000E+001  0.294726471999907E+003  0.108094448861424E+001  0.126320660969900E+001  0.495595738224135E+000  0.209301715976671E+000 -0.131028262406404E+000 -0.147363235999954E+003
  0.100000000000000E+001  0.295213855220149E+003  0.953717126070705E+000  0.193349129457420E+001  0.248962722735532E-001  0.301533085016946E+000 -0.131028262406404E+000 -0.147606927610075E+003
  0.100000000000000E+001  0.294718344760414E+003  0.858645504075985E+000  0.113436219551952E+001  0.230405338030121E+000  0.171917748924389E+000 -0.131028262406404E+000 -0.147359172380207E+003
  0.100000000000000E+001  0.295826392279417E+003  0.748525748846590E+000  0.188311266483885E+001  0.441721089892986E+000  0.481413646895981E+000 -0.131028262406404E+000 -0.147913196139709E+003
  0.100000000000000E+001  0.295328837195893E+003  0.136469521119412E+001  0.173860065350419E+001  0.660842252127727E+000  0.241005856449277E+000 -0.131028262406404E+000 -0.147664418597946E+003
  0.100000000000000E+001  0.295148590804847E+003  0.625187473646041E+000  0.193553305058704E+001  0.366087156989222E+000  0.384475578679158E+000 -0.131028262406404E+000 -0.147574295402423E+003
  0.100000000000000E+001  0.294723789008224E+003  0.660278027943433E+000  0.102919407275493E+001  0.185915892701764E+000  0.210065808994887E+000 -0.131028262406404E+000 -0.147361894504112E+003
  0.100000000000000E+001  0.295604365675450E+003  0.144096984359521E+001  0.640988328810468E+000  0.935223705490305E-001  0.424038976413975E+000 -0.131028262406404E+000 -0.147802182837725E+003
  0.100000000000000E+001  0.294679395062431E+003  0.505784745284981E+000  0.779402052675433E+000  0.566003210008077E-001  0.276389007591680E+000 -0.131028262406404E+000 -0.147339697531215E+003
  0.100000000000000E+001  0.295459240901512E+003  0.103494956808279E+001  0.136164342958772E+001  0.524789929355271E+000  0.368021106902241E+000 -0.131028262406404E+000 -0.147729620450756E+003
  0.100000000000000E+001  0.294962591042057E+003  0.777949784296428E+000  0.852709599970236E+000  0.601288717266751E+000  0.100037528653483E+000 -0.131028262406404E+000 -0.147481295521029E+003
  0.100000000000000E+001  0.294622382685670E+003  0.112537922282419E+001  0.621842434827582E+000  0.422659860466806E+000  0.164174502398874E+000 -0.131028262406404E+000 -0.147311191342835E+003
  0.100000000000000E+001  0.295304916114432E+003  0.199742620228353E+001  0.107095736479474E+001  0.113534545361455E+000  0.179134894261360E+000 -0.131028262406404E+000 -0.147652458057216E+003
  0.100000000000000E+001  0.294863182404082E+003  0.865018280574508E+000  0.197174192346331E+001  0.355939771230282E+000  0.228625262895265E+000 -0.131028262406404E+000 -0.147431591202041E+003
  0.100000000000000E+001  0.298491038376800E+003  0.173138177850429E+001  0.136377455517683E+001  0.462528486298949E+000  0.359355246581753E+000 -0.131028262406404E+000 -0.149245519188400E+003
  0.100000000000000E+001  0.296071851589340E+003  0.158200462796119E+001  0.111051603210403E+001  0.735558463168721E+000  0.295989930263208E+000 -0.131028262406404E+000 -0.148035925794670E+003
  0.100000000000000E+001  0.294858073589243E+003  0.877268459898121E+000  0.167910215091590E+001  0.317633718445165E+000  0.121431710570941E+000 -0.131028262406404E+000 -0.147429036794621E+003
  0.100000000000000E+001  0.295470728622038E+003  0.689285963816698E+000  0.184863948309925E+001  0.381022965901935E+000  0.450286943440824E+000 -0.131028262406404E+000 -0.147735364311019E+003
  0.100000000000000E+001  0.295190000232099E+003  0.386379758767944E+000  0.105691543252829E+001  0.531325611530137E+000  0.105533084825180E+000 -0.131028262406404E+000 -0.147595000116049E+003
  0.100000000000000E+001  0.294754150266961E+003  0.661195383326073E+000  0.109343679147174E+001  0.395642816812151E+000  0.197224414804300E+000 -0.131028262406404E+000 -0.147377075133481E+003
  0.100000000000000E+001  0.294988090449376E+003  0.650148716255234E+000  0.124562542201503E+001  0.374839978208382E+000  0.113758128816167E+000 -0.131028262406404E+000 -0.147494045224688E+003
  0.100000000000000E+001  0.295147231111105E+003  0.124166648210581E+001  0.738317092956520E+000  0.852122847218875E+000  0.397620746819774E+000 -0.131028262406404E+000 -0.147573615555553E+003
  0.100000000000000E+001  0.295536181699370E+003  0.161033940550030E+001  0.137953092354246E+001  0.987633911456334E+000  0.233152537971144E+000 -0.131028262406404E+000 -0.147768090849685E+003
  0.100000000000000E+001  0.295928007766371E+003  0.163518463205362E+001  0.936946526776524E+000  0.464019581739918E-001  0.293363773785204E+000 -0.131028262406404E+000 -0.147964003883186E+003
  0.100000000000000E+001  0.294573806502487E+003  0.419430805490289E+000  0.899935721181912E+000  0.905874480816028E+000  0.428948693682630E+000 -0.131028262406404E+000 -0.147286903251243E+003
  0.100000000000000E+001  0.296941073935641E+003  0.113780108872400E+001  0.136124238110460E+001  0.185471741241959E+000  0.477261923392079E+000 -0.131028262406404E+000 -0.148470536967820E+003
  0.100000000000000E+001  0.295177774808422E+003  0.762949841296199E+000  0.143465637740673E+001  0.965166723598361E+000  0.426570650731657E+000 -0.131028262406404E+000 -0.147588887404211E+003
  0.100000000000000E+001  0.295083949732424E+003  0.154921019485373E+001  0.150329696859041E+001  0.969813154841092E+000  0.196182427291204E+000 -0.131028262406404E+000 -0.147541974866212E+003
  0.100000000000000E+001  0.295079245418902E+003  0.291017653989946E+000  0.562733554617337E+000  0.919583435695409E+000  0.197360224085332E+000 -0.131028262406404E+000 -0.147539622709451E+003
  0.100000000000000E+001  0.295515405387731E+003  0.621262110567517E+000  0.190341896192552E+001  0.632444706327911E+000  0.489838632625176E+000 -0.131028262406404E+000 -0.147757702693865E+003
  0.100000000000000E+001  0.295228157080517E+003  0.171888805989011E+000  0.194891649348458E+001  0.700941830628622E+000  0.497483082142495E+000 -0.131028262406404E+000 -0.147614078540259E+003
  0.100000000000000E+001  0.294355305342619E+003  0.745925320267578E+000  0.679555415753115E+000  0.781523382538363E+000  0.413652218476533E+000 -0.131028262406404E+000 -0.147177652671310E+003
  0.100000000000000E+001  0.295315422972199E+003  0.101134831555879E+001  0.199152043639820E+001  0.627427511459799E+000  0.300569590279364E+000 -0.131028262406404E+000 -0.147657711486099E+003
  0.100000000000000E+001  0.295901023337701E+003  0.134584266282270E+001  0.113936954061241E+001  0.736711295843383E+000  0.342941257422669E+000 -0.131028262406404E+000 -0.147950511668851E+003
  0.100000000000000E+001  0.294887882492405E+003  0.298087359884463E+000  0.123708673536392E+001  0.470594520521659E+000  0.345769962602782E+000 -0.131028262406404E+000 -0.147443941246203E+003
  0.100000000000000E+001  0.294628936947614E+003  0.785904171117167E+000  0.662475427902047E+000  0.687660647934412E+000  0.207637028443614E+000 -0.131028262406404E+000 -0.147314468473807E+003
  0.100000000000000E+001  0.294787823881298E+003  0.109261515288042E+001  0.135208213143732E+001  0.345582259643008E+000  0.223160659201624E+000 -0.131028262406404E+000 -0.147393911940649E+003
  0.100000000000000E+001  0.294928533760857E+003  0.215249769636102E+000  0.118064771288114E+001  0.259279012357746E+000  0.466185995508628E+000 -0.131028262406404E+000 -0.147464266880429E+003
  0.100000000000000E+001  0.296233877536477E+003  0.171302733113678E+001  0.638342116108738E+000  0.876822531221981E+000  0.369372294469325E+000 -0.131028262406404E+000 -0.148116938768238E+003
  0.100000000000000E+001  0.295099117365257E+003  0.196167151604651E+001  0.171030522700323E+001  0.354993796390124E+000  0.153480089731349E+000 -0.131028262406404E+000 -0.147549558682628E+003
  0.100000000000000E+001  0.295093395142116E+003  0.184593741587856E+000  0.708138786288257E+000  0.711719807278648E+000  0.302959588230795E+000 -0.131028262406404E+000 -0.147546697571058E+003
  0.100000000000000E+001  0.295144908857898E+003  0.134099856870237E+001  0.189430399143564E+001  0.757358506267912E+000  0.219938829987478E+000 -0.131028262406404E+000 -0.147572454428949E+003
  0.100000000000000E+001  0.295300112531767E+003  0.742543050524446E+000  0.182935707293528E+001  0.563447474886269E+000  0.392868250989261E+000 -0.131028262406404E+000 -0.147650056265884E+003
  0.100000000000000E+001  0.294978235225033E+003  0.124004149887722E+001  0.611498526687619E+000  0.725209345034318E+000  0.448967914094412E+000 -0.131028262406404E+000 -0.147489117612516E+003
  0.100000000000000E+001  0.294763961909378E+003  0.116664459639924E+001  0.985819790423506E+000  0.616198386257228E+000  0.246642772881190E+000 -0.131028262406404E+000 -0.147381980954689E+003
  0.100000000000000E+001  0.294774201032241E+003  0.844284915856093E+000  0.164867185021048E+001  0.595360532096044E+000  0.173901848721789E+000 -0.131028262406404E+000 -0.147387100516121E+003
  0.100000000000000E+001  0.295161429953736E+003  0.167971525178507E+001  0.693807589224702E+000  0.392062888534674E+000  0.236602349263176E+000 -0.131028262406404E+000 -0.147580714976868E+003
  0.100000000000000E+001  0.294498456362895E+003  0.833526307181358E+000  0.783865808220245E+000  0.518488736702495E+000  0.351818280051064E+000 -0.131028262406404E+000 -0.147249228181447E+003
  0.100000000000000E+001  0.296131093607509E+003  0.145778818282501E+001  0.125907802470414E+001  0.253623229691645E+000  0.315085554289099E+000 -0.131028262406404E+000 -0.148065546803755E+003
  0.100000000000000E+001  0.294881935720177E+003  0.794086942969298E+000  0.118783001689346E+001  0.327058284282129E+000  0.120723306409224E+000 -0.131028262406404E+000 -0.147440967860088E+003
  0.100000000000000E+001  0.294634950572428E+003  0.712897517056660E+000  0.947617939478836E+000  0.228385943467291E+000  0.487462205626320E+000 -0.131028262406404E+000 -0.147317475286214E+003
  0.100000000000000E+001  0.294982917924704E+003  0.152314942361716E+001  0.916400539193951E+000  0.340443832994500E+000  0.218971148428186E+000 -0.131028262406404E+000 -0.147491458962352E+003
  0.100000000000000E+001  0.295398540228343E+003  0.187061982163223E+001  0.144285089095219E+001  0.707986755231996E+000  0.188397250642710E+000 -0.131028262406404E+000 -0.147699270114172E+003
  0.100000000000000E+001  0.296411379783389E+003  0.190774284983752E+001  0.132732704460015E+001  0.785135415545066E+000  0.242907746891747E+000 -0.131028262406404E+000 -0.148205689891695E+003
  0.100000000000000E+001  0.295412232350677E+003  0.116824437595642E+000  0.569259658029918E+000  0.608171562551624E+000  0.101634047297071E+000 -0.131028262406404E+000 -0.147706116175339E+003
  0.100000000000000E+001  0.294790260843986E+003  0.959837988699526E+000  0.184388716729564E+001  0.146899664489489E+000  0.145097047513530E+000 -0.131028262406404E+000 -0.147395130421993E+003
  0.100000000000000E+001  0.295158456287175E+003  0.104918351502509E+001  0.105628814893948E+001  0.840757226449068E+000  0.378805581461095E+000 -0.131028262406404E+000 -0.147579228143588E+003
  0.100000000000000E+001  0.295463062604588E+003  0.183969230725681E+001  0.125530682334989E+001  0.975506593169115E+000  0.201579140561593E+000 -0.131028262406404E+000 -0.147731531302294E+003
  0.100000000000000E+001  0.301778453735075E+003  0.195141907802403E+001  0.129466787773703E+001  0.160338417803471E+000  0.416272867324053E+000 -0.131028262406404E+000 -0.150889226867538E+003
  0.100000000000000E+001  0.294857152410863E+003  0.238840020592368E+000  0.111742804338158E+001  0.972306256844010E+000  0.486804155415708E+000 -0.131028262406404E+000 -0.147428576205431E+003
  0.100000000000000E+001  0.295227938114744E+003  0.158515142404457E+001  0.145743653513483E+001  0.668306613945608E+000  0.207805156904030E+000 -0.131028262406404E+000 -0.147613969057372E+003
  0.100000000000000E+001  0.295197626569332E+003  0.713145784230413E+000  0.132704955318511E+001  0.466721950778945E+000  0.494029065028034E+000 -0.131028262406404E+000 -0.147598813284666E+003
  0.100000000000000E+001  0.300915049063854E+003  0.197105206519801E+001  0.130794820548613E+001  0.107931182491461E+000  0.385859541306679E+000 -0.131028262406404E+000 -0.150457524531927E+003
  0.100000000000000E+001  0.294922623255693E+003  0.101130825473147E+001  0.109397757367093E+001  0.825768603978737E+000  0.330435426537242E+000 -0.131028262406404E+000 -0.147461311627846E+003
  0.100000000000000E+001  0.295114507642649E+003  0.204994340969810E+000  0.125837676596519E+001  0.358037296770267E+000  0.268211859805644E+000 -0.131028262406404E+000 -0.147557253821324E+003
  0.100000000000000E+001  0.295457776871681E+003  0.179136746853454E+001  0.600902627670267E+000  0.482703007359401E+000  0.261924078301123E+000 -0.131028262406404E+000 -0.147728888435841E+003
  0.100000000000000E+001  0.295027288147010E+003  0.244521762770965E+000  0.105016921477897E+001  0.191574637097996E+000  0.276866061047081E+000 -0.131028262406404E+000 -0.147513644073505E+003
  0.100000000000000E+001  0.297893613148271E+003  0.142716087679216E+001  0.157650778240849E+001  0.722488116205077E+000  0.400223295112295E+000 -0.131028262406404E+000 -0.148946806574136E+003
  0.100000000000000E+001  0.296137909157622E+003  0.102475237629583E+001  0.152572568005925E+001  0.750293273830545E+000  0.428772640773000E+000 -0.131028262406404E+000 -0.148068954578811E+003
  0.100000000000000E+001  0.294950610268061E+003  0.395792513550393E+000  0.766043168826273E+000  0.656508194011227E+000  0.199943135614054E+000 -0.131028262406404E+000 -0.147475305134031E+003
  0.100000000000000E+001  0.294620660032249E+003  0.299417184594342E+000  0.599578269668039E+000  0.552825063197307E+000  0.498600469302506E+000 -0.131028262406404E+000 -0.147310330016125E+003
  0.100000000000000E+001  0.294719139358063E+003  0.727787031398552E+000  0.129212812796323E+001  0.152551359539331E+000  0.300222717554912E+000 -0.131028262406404E+000 -0.147359569679031E+003
  0.100000000000000E+001  0.295760908321208E+003  0.176506205592271E+001  0.121427349625584E+001  0.205206305226869E+000  0.233175986794876E+000 -0.131028262406404E+000 -0.147880454160604E+003
  0.100000000000000E+001  0.294989170274242E+003  0.408784421466739E+000  0.169170872735886E+001  0.824792212919941E+000  0.444335782836313E+000 -0.131028262406404E+000 -0.147494585137121E+003
  0.100000000000000E+001  0.303613108378851E+003  0.184870805685303E+001  0.181610019768055E+001  0.811109576202700E+000  0.465898655738847E+000 -0.131028262406404E+000 -0.151806554189426E+003
  0.100000000000000E+001  0.294692846840845E+003  0.159261151208894E+001  0.117763452781227E+001  0.636235316613267E+000  0.115680710545143E+000 -0.131028262406404E+000 -0.147346423420422E+003
  0.100000000000000E+001  0.294747073498356E+003  0.786657782469571E+000  0.662365851491819E+000  0.142929450465012E+000  0.160367314675634E+000 -0.131028262406404E+000 -0.147373536749178E+003
  0.100000000000000E+001  0.297337616148987E+003  0.145349349486396E+001  0.177953734968598E+001  0.833850431196135E+000  0.355984855848222E+000 -0.131028262406404E+000 -0.148668808074493E+003
  0.100000000000000E+001  0.295073584325904E+003  0.331365322089978E+000  0.185456409086250E+001  0.614514648227921E-001  0.447963581089779E+000 -0.131028262406404E+000 -0.147536792162952E+003
  0.100000000000000E+001  0.295237201497435E+003  0.162496375545800E+001  0.111624989608539E+001  0.239732497191970E-001  0.218307199295136E+000 -0.131028262406404E+000 -0.147618600748717E+003
  0.100000000000000E+001  0.294900755721043E+003  0.950119819505815E+000  0.144975435213195E+001  0.288666031588553E+000  0.280802838963519E+000 -0.131028262406404E+000 -0.147450377860521E+003
  0.100000000000000E+001  0.294908597565415E+003  0.587253591767873E+000  0.174289865975467E+001  0.225800017081039E+000  0.168637161527385E+000 -0.131028262406404E+000 -0.147454298782708E+003
  0.100000000000000E+001  0.294959390672963E+003  0.656539137340090E+000  0.959227134527732E+000  0.777031624128462E+000  0.119639247807085E+000 -0.131028262406404E+000 -0.147479695336482E+003
  0.100000000000000E+001  0.294392305841318E+003  0.908760420865391E+000  0.571584014022779E+000  0.265094150253717E+000  0.339144792668249E+000 -0.131028262406404E+000 -0.147196152920659E+003
  0.100000000000000E+001  0.296534835423977E+003  0.179912563623509E+001  0.140468342355309E+001  0.406602789979661E+000  0.261573727746516E+000 -0.131028262406404E+000 -0.148267417711989E+003
  0.100000000000000E+001  0.294735636567049E+003  0.154373515188393E+001  0.174963502550926E+001  0.472436458949935E+000  0.123523281059558E+000 -0.131028262406404E+000 -0.147367818283524E+003
  0.100000000000000E+001  0.294690929844781E+003  0.842647636436608E+000  0.838506265342943E+000  0.975376717326006E-001  0.175825782772628E+000 -0.131028262406404E+000 -0.147345464922390E+003
  0.100000000000000E+001  0.295339960751363E+003  0.140985299291503E+001  0.711400133737586E+000  0.405408851994094E+000  0.354020999724365E+000 -0.131028262406404E+000 -0.147669980375681E+003
  0.100000000000000E+001  0.298082811943914E+003  0.147334367031433E+001  0.174031552744670E+001  0.457853725098374E-001  0.388094341701905E+000 -0.131028262406404E+000 -0.149041405971957E+003
  0.100000000000000E+001  0.298650336623597E+003  0.123895835177606E+001  0.195743559325550E+001  0.123366246676143E+000  0.498800463812366E+000 -0.131028262406404E+000 -0.149325168311799E+003
  0.100000000000000E+001  0.294733368574025E+003  0.154062958472822E+001  0.865457104703323E+000  0.389087078710488E+000  0.168179017503539E+000 -0.131028262406404E+000 -0.147366684287013E+003
  0.100000000000000E+001  0.298173366354490E+003  0.177179124813285E+001  0.133379134101916E+001  0.418505376848639E+000  0.340076974547066E+000 -0.131028262406404E+000 -0.149086683177245E+003
  0.100000000000000E+001  0.296501090249433E+003  0.993703234099347E+000  0.160906774155641E+001  0.744587153614544E-001  0.469093055523700E+000 -0.131028262406404E+000 -0.148250545124717E+003
  0.100000000000000E+001  0.295037269571677E+003  0.125791478752972E+001  0.120768720731926E+001  0.242809240476410E+000  0.256651024220250E+000 -0.131028262406404E+000 -0.147518634785838E+003
  0.100000000000000E+001  0.295063512666951E+003  0.159305576501314E+001  0.103341188703622E+001  0.768015613505337E+000  0.209069855035584E+000 -0.131028262406404E+000 -0.147531756333475E+003
  0.100000000000000E+001  0.296458712003813E+003  0.152522388402047E+001  0.100369361654697E+001  0.852744791508505E+000  0.355798017537977E+000 -0.131028262406404E+000 -0.148229356001906E+003
  0.100000000000000E+001  0.294763875936591E+003  0.899351487754680E+000  0.133194880547093E+001  0.465178233989311E+000  0.263696752635117E+000 -0.131028262406404E+000 -0.147381937968295E+003
  0.100000000000000E+001  0.295035527222909E+003  0.154288745090546E+001  0.120410440919380E+001  0.331845199592342E+000  0.203443740164478E+000 -0.131028262406404E+000 -0.147517763611454E+003
  0.100000000000000E+001  0.294671464984837E+003  0.149379693633285E+001  0.819196849327637E+000  0.764573428653699E+000  0.151074820333336E+000 -0.131028262406404E+000 -0.147335732492419E+003
  0.100000000000000E+001  0.296172199086220E+003  0.173915567393300E+001  0.132361621116468E+001  0.216862597602149E+000  0.256289204542095E+000 -0.131028262406404E+000 -0.148086099543110E+003
  0.100000000000000E+001  0.294937685395826E+003  0.314578691464783E+000  0.156440195891821E+001  0.180095753679038E+000  0.408463320691894E+000 -0.131028262406404E+000 -0.147468842697913E+003
  0.100000000000000E+001  0.294708515996927E+003  0.566059298176514E+000  0.551826841633724E+000  0.590567925048100E+000  0.230146279517434E+000 -0.131028262406404E+000 -0.147354257998463E+003
  0.100000000000000E+001  0.296224601965252E+003  0.131561227405438E+001  0.160983408514688E+001  0.543135323761634E+000  0.330888157503584E+000 -0.131028262406404E+000 -0.148112300982626E+003
  0.100000000000000E+001  0.294637477525186E+003  0.855984776682519E+000  0.103789959501851E+001  0.284092024862468E+000  0.237945539667641E+000 -0.131028262406404E+000 -0.147318738762593E+003
  0.100000000000000E+001  0.294855480914189E+003  0.651139093366363E+000  0.180096425774394E+001  0.850420970027808E+000  0.183927810350132E+000 -0.131028262406404E+000 -0.147427740457095E+003
  0.100000000000000E+001  0.294613039061510E+003  0.494621696739838E+000  0.539149738143917E+000  0.768479274852045E+000  0.305430610511547E+000 -0.131028262406404E+000 -0.147306519530755E+003
  0.100000000000000E+001  0.294958780968768E+003  0.797800206582871E+000  0.156831754552108E+001  0.903900244278862E-001  0.326607494308194E+000 -0.131028262406404E+000 -0.147479390484384E+003
  0.100000000000000E+001  0.294432927045999E+003  0.716325939138412E+000  0.789376821945773E+000  0.699138750834980E+000  0.415871958956300E+000 -0.131028262406404E+000 -0.147216463522999E+003
  0.100000000000000E+001  0.294813768054511E+003  0.758872907165446E+000  0.134902658341658E+001  0.246419289540462E+000  0.153654866846262E+000 -0.131028262406404E+000 -0.147406884027255E+003
  0.100000000000000E+001  0.295028643687614E+003  0.857952327661089E+000  0.103830943718196E+001  0.104444053106729E+000  0.472614931693279E+000 -0.131028262406404E+000 -0.147514321843807E+003
  0.100000000000000E+001  0.294774319561503E+003  0.548049343856811E+000  0.129992315039511E+001  0.115564224018463E+000  0.434425290823499E+000 -0.131028262406404E+000 -0.147387159780751E+003
  0.100000000000000E+001  0.296274538381520E+003  0.169267211835110E+001  0.532004190734859E+000  0.965316118113097E+000  0.453441422275751E+000 -0.131028262406404E+000 -0.148137269190760E+003
  0.100000000000000E+001  0.294993376983830E+003  0.161007633508058E+001  0.164751079207413E+001  0.577147674264201E+000  0.174782801933554E+000 -0.131028262406404E+000 -0.147496688491915E+003
  0.100000000000000E+001  0.294785379931901E+003  0.160314308921208E+001  0.117749475661132E+001  0.979116256439272E+000  0.156860075381727E+000 -0.131028262406404E+000 -0.147392689965951E+003
  0.100000000000000E+001  0.297442814676927E+003  0.143313170922552E+001  0.174239861355112E+001  0.353564620776524E+000  0.367712032478273E+000 -0.131028262406404E+000 -0.148721407338464E+003
  0.100000000000000E+001  0.294572773949051E+003  0.107589617872961E+001  0.694815797924371E+000  0.192113032175335E+000  0.238296622403351E+000 -0.131028262406404E+000 -0.147286386974526E+003
  0.100000000000000E+001  0.297539099095893E+003  0.118252268083925E+001  0.175127910813366E+001  0.859799545805840E+000  0.456170951120884E+000 -0.131028262406404E+000 -0.148769549547946E+003
  0.100000000000000E+001  0.297762190945089E+003  0.189127846328047E+001  0.581875298174614E+000  0.739711253961202E+000  0.467646004952807E+000 -0.131028262406404E+000 -0.148881095472544E+003
  0.100000000000000E+001  0.295011233196537E+003  0.279054128022379E+000  0.103503780094411E+001  0.494998811381087E+000  0.250718981881918E+000 -0.131028262406404E+000 -0.147505616598269E+003
  0.100000000000000E+001  0.295280839377088E+003  0.195453376709873E+001  0.153726006486175E+001  0.953029469216428E+000  0.170407483123332E+000 -0.131028262406404E+000 -0.147640419688544E+003
  0.100000000000000E+001  0.295665075849542E+003  0.180663725949561E+001  0.141766320533403E+001  0.268524203297195E+000  0.213622846975012E+000 -0.131028262406404E+000 -0.147832537924771E+003
  0.100000000000000E+001  0.295012876174623E+003  0.750319034010019E+000  0.157408249983248E+001  0.868953723796507E+000  0.358719802234641E+000 -0.131028262406404E+000 -0.147506438087311E+003
  0.100000000000000E+001  0.294679054431044E+003  0.171140605452131E+001  0.717574059500420E+000  0.272365357597400E+000  0.133202145595726E+000 -0.131028262406404E+000 -0.147339527215522E+003
  0.100000000000000E+001  0.294851504363319E+003  0.992583931860903E+000  0.141193497378983E+001  0.786717525115844E+000  0.260025954094949E+000 -0.131028262406404E+000 -0.147425752181659E+003
  0.100000000000000E+001  0.294729482690324E+003  0.879433318950837E+000  0.116350639552847E+001  0.856307916067545E+000  0.295055454573163E+000 -0.131028262406404E+000 -0.147364741345162E+003
  0.100000000000000E+001  0.294692515358767E+003  0.501302037253299E+000  0.101683108461386E+001  0.763617463929044E+000  0.292464634566008E+000 -0.131028262406404E+000 -0.147346257679383E+003
  0.100000000000000E+001  0.295107822508490E+003  0.146469538338125E+001  0.122129615268632E+001  0.479282395698172E+000  0.223954555469932E+000 -0.131028262406404E+000 -0.147553911254245E+003
  0.100000000000000E+001  0.294683073121978E+003  0.760319426122932E+000  0.841480468103752E+000  0.713419959220560E+000  0.195741604748919E+000 -0.131028262406404E+000 -0.147341536560989E+003
  0.100000000000000E+001  0.299446319433543E+003  0.178277749674553E+001  0.179341316788072E+001  0.669718432925606E+000  0.362850992626619E+000 -0.131028262406404E+000 -0.149723159716771E+003
  0.100000000000000E+001  0.295139567417776E+003  0.158176902825886E+000  0.100177039005929E+001  0.257608238500867E+000  0.314949184125511E+000 -0.131028262406404E+000 -0.147569783708888E+003
  0.100000000000000E+001  0.298449367506514E+003  0.191871090327360E+001  0.193673218712330E+001  0.603197015967668E+000  0.305229027314232E+000 -0.131028262406404E+000 -0.149224683753257E+003
  0.100000000000000E+001  0.294593770653687E+003  0.371350839699103E+000  0.813260963451979E+000  0.227951788858856E+000  0.440301523149356E+000 -0.131028262406404E+000 -0.147296885326844E+003
  0.100000000000000E+001  0.295356626011079E+003  0.134471050463459E+001  0.967441857635457E+000  0.468724355738543E+000  0.311873799156384E+000 -0.131028262406404E+000 -0.147678313005539E+003
  0.100000000000000E+001  0.295247945454694E+003  0.133451785733470E+000  0.186102583465014E+001  0.970219250312738E+000  0.471174832853837E+000 -0.131028262406404E+000 -0.147623972727347E+003
  0.100000000000000E+001  0.299569209758728E+003  0.175763123241347E+001  0.199364902274044E+001  0.375314975963944E+000  0.375219771232872E+000 -0.131028262406404E+000 -0.149784604879364E+003
  0.100000000000000E+001  0.296285004769165E+003  0.133817112768041E+001  0.856236971671947E+000  0.707228763118780E+000  0.465413023546519E+000 -0.131028262406404E+000 -0.148142502384583E+003
  0.100000000000000E+001  0.295325493495913E+003  0.115779993179054E+000  0.183262590027870E+001  0.712099987353576E+000  0.222495162186607E+000 -0.131028262406404E+000 -0.147662746747956E+003
  0.100000000000000E+001  0.300207580845758E+003  0.156028134673944E+001  0.147373938633803E+001  0.475369235295057E+000  0.465883839449087E+000 -0.131028262406404E+000 -0.150103790422879E+003
  0.100000000000000E+001  0.296377770636516E+003  0.160284719642596E+001  0.619783921969068E+000  0.983071755358591E+000  0.457106975900951E+000 -0.131028262406404E+000 -0.148188885318258E+003
  0.100000000000000E+001  0.294843152736288E+003  0.700031859197743E+000  0.192948271517419E+001  0.228935266479414E+000  0.193687910098852E+000 -0.131028262406404E+000 -0.147421576368144E+003
  0.100000000000000E+001  0.294708907369745E+003  0.403847214913076E+000  0.807866586395676E+000  0.327388721682421E+000  0.323505830688654E+000 -0.131028262406404E+000 -0.147354453684873E+003
  0.100000000000000E+001  0.295117955996881E+003  0.280668611947403E+000  0.185647410970968E+001  0.498365110719055E+000  0.486434893476294E+000 -0.131028262406404E+000 -0.147558977998441E+003
  0.100000000000000E+001  0.294776495034512E+003  0.913254729884263E+000  0.179216211657832E+001  0.582536442561700E+000  0.176026137809210E+000 -0.131028262406404E+000 -0.147388247517256E+003
  0.100000000000000E+001  0.295026706625522E+003  0.198972696019919E+000  0.141421958919841E+001  0.706230596170916E-001  0.450541731434388E+000 -0.131028262406404E+000 -0.147513353312761E+003
  0.100000000000000E+001  0.295010494390257E+003  0.127002472587787E+001  0.109159712751444E+001  0.161085368093803E+000  0.262005311988071E+000 -0.131028262406404E+000 -0.147505247195129E+003
  0.100000000000000E+001  0.294797967337684E+003  0.105410738480669E+001  0.191907379953273E+001  0.619311821541924E+000  0.125599610708603E+000 -0.131028262406404E+000 -0.147398983668842E+003
  0.100000000000000E+001  0.294559944343788E+003  0.442785955372549E+000  0.792880978692171E+000  0.527131499521805E-002  0.391578855253534E+000 -0.131028262406404E+000 -0.147279972171894E+003
  0.100000000000000E+001  0.294746666143461E+003  0.103233086508510E+001  0.979863909404624E+000  0.456390593972752E+000  0.128903861951846E+000 -0.131028262406404E+000 -0.147373333071730E+003
  0.100000000000000E+001  0.296736677769552E+003  0.158683807284175E+001  0.154851754135733E+001  0.118441009706224E-001  0.303174338448004E+000 -0.131028262406404E+000 -0.148368338884776E+003
  0.100000000000000E+001  0.295626976085808E+003  0.150979859993956E+001  0.156377989224556E+001  0.733315377645645E+000  0.248740471459738E+000 -0.131028262406404E+000 -0.147813488042904E+003
  0.100000000000000E+001  0.295254713899811E+003  0.177998351787047E+000  0.149709511330404E+001  0.643941447550895E+000  0.187317986632533E+000 -0.131028262406404E+000 -0.147627356949906E+003
  0.100000000000000E+001  0.295042236558023E+003  0.243453197246767E+000  0.832595330944727E+000  0.228323959841360E+000  0.261583135667782E+000 -0.131028262406404E+000 -0.147521118279012E+003
  0.100000000000000E+001  0.294743562153971E+003  0.119635882292714E+001  0.818497640004907E+000  0.799923450875384E+000  0.111462750534662E+000 -0.131028262406404E+000 -0.147371781076986E+003
  0.100000000000000E+001  0.296511939789820E+003  0.130465138646354E+001  0.891205204917930E+000  0.151973732266244E+000  0.493877177945592E+000 -0.131028262406404E+000 -0.148255969894910E+003
  0.100000000000000E+001  0.294875265618699E+003  0.504195964349180E+000  0.156350656691786E+001  0.351963978497138E+000  0.389399424169894E+000 -0.131028262406404E+000 -0.147437632809350E+003
  0.100000000000000E+001  0.294718668869774E+003  0.140849678092375E+001  0.152397298565488E+001  0.171454405280291E+000  0.130832605278896E+000 -0.131028262406404E+000 -0.147359334434887E+003
  0.100000000000000E+001  0.299067912191419E+003  0.185551524088266E+001  0.167263792404250E+001  0.872474207563173E+000  0.337250916524654E+000 -0.131028262406404E+000 -0.149533956095709E+003
  0.100000000000000E+001  0.295184168992608E+003  0.545678681272111E+000  0.192438357234212E+001  0.857530908746898E+000  0.428613572527693E+000 -0.131028262406404E+000 -0.147592084496304E+003
  0.100000000000000E+001  0.295075969222430E+003  0.456361609794879E+000  0.185229890980914E+001  0.858949899795429E+000  0.135573185739077E+000 -0.131028262406404E+000 -0.147537984611215E+003
  0.100000000000000E+001  0.300818991465762E+003  0.178279167794121E+001  0.138912834097322E+001  0.370652763110857E+000  0.424366833647121E+000 -0.131028262406404E+000 -0.150409495732881E+003
  0.100000000000000E+001  0.296944980350295E+003  0.106681879317240E+001  0.147841190557397E+001  0.778059653914933E+000  0.492271964202173E+000 -0.131028262406404E+000 -0.148472490175148E+003
  0.100000000000000E+001  0.294956627877660E+003  0.809943805967015E+000  0.108755600148214E+001  0.159571219765619E+000  0.460204072579469E+000 -0.131028262406404E+000 -0.147478313938830E+003
  0.100000000000000E+001  0.294698338934248E+003  0.303419330324419E+000  0.577444836799998E+000  0.777978198286177E+000  0.428570527612027E+000 -0.131028262406404E+000 -0.147349169467124E+003
  0.100000000000000E+001  0.303338952650173E+003  0.180518119855895E+001  0.140213434976851E+001  0.539497131525689E-001  0.491663941921378E+000 -0.131028262406404E+000 -0.151669476325086E+003
  0.100000000000000E+001  0.294933860229306E+003  0.698044281649445E+000  0.187941128928960E+001  0.721041101427120E+000  0.129568827687453E+000 -0.131028262406404E+000 -0.147466930114653E+003
  0.100000000000000E+001  0.295882610561465E+003  0.177554830485672E+001  0.103271333477552E+001  0.226051540395122E+000  0.250811770028308E+000 -0.131028262406404E+000 -0.147941305280733E+003
  0.100000000000000E+001  0.294597662494662E+003  0.561832046165286E+000  0.106161150326307E+001  0.731712869880374E+000  0.427295912531347E+000 -0.131028262406404E+000 -0.147298831247331E+003
  0.100000000000000E+001  0.295463839223654E+003  0.140691045822646E+001  0.768850392618189E+000  0.838995891576881E+000  0.354782128440332E+000 -0.131028262406404E+000 -0.147731919611827E+003
  0.100000000000000E+001  0.296423764473285E+003  0.143496776385454E+001  0.116552089924983E+001  0.957574742192309E+000  0.354297403170683E+000 -0.131028262406404E+000 -0.148211882236642E+003
  0.100000000000000E+001  0.294652906394686E+003  0.389540534569014E+000  0.717991597428898E+000  0.808879193190698E+000  0.364448032690569E+000 -0.131028262406404E+000 -0.147326453197343E+003
  0.100000000000000E+001  0.294728879570707E+003  0.175538528574419E+001  0.983107570960070E+000  0.324190314324917E+000  0.134918666279176E+000 -0.131028262406404E+000 -0.147364439785353E+003
  0.100000000000000E+001  0.294850404260663E+003  0.490465573788041E+000  0.918412844183700E+000  0.438060803993772E+000  0.204685858952183E+000 -0.131028262406404E+000 -0.147425202130332E+003
  0.100000000000000E+001  0.295234361321921E+003  0.190551182820566E+000  0.114771530900828E+001  0.382470220931736E+000  0.184040057652508E+000 -0.131028262406404E+000 -0.147617180660960E+003
  0.100000000000000E+001  0.296143234552516E+003  0.199993207018896E+001  0.698504418325739E+000  0.984600646373624E+000  0.260796929033082E+000 -0.131028262406404E+000 -0.148071617276258E+003
  0.100000000000000E+001  0.297985112678537E+003  0.198226507553279E+001  0.654308165763837E+000  0.951209688563576E+000  0.402263724015576E+000 -0.131028262406404E+000 -0.148992556339269E+003
  0.100000000000000E+001  0.295073868274198E+003  0.143424676216695E+000  0.756358993350425E+000  0.837752998850569E+000  0.426877618473445E+000 -0.131028262406404E+000 -0.147536934137099E+003
  0.100000000000000E+001  0.295390002695726E+003  0.157614172443493E+001  0.173566393224149E+001  0.766897584836146E-002  0.215493684794397E+000 -0.131028262406404E+000 -0.147695001347863E+003
  0.100000000000000E+001  0.294944861102156E+003  0.645309257452522E+000  0.125487512867532E+001  0.695198993192702E-001  0.491209290311171E+000 -0.131028262406404E+000 -0.147472430551078E+003
  0.100000000000000E+001  0.300600140107552E+003  0.168659643872758E+001  0.142374666222068E+001  0.125164588736236E+000  0.442753652768841E+000 -0.131028262406404E+000 -0.150300070053776E+003
  0.100000000000000E+001  0.300243668291467E+003  0.193185021266503E+001  0.789952535461001E+000  0.592305214742254E+000  0.489940209603040E+000 -0.131028262406404E+000 -0.150121834145733E+003
  0.100000000000000E+001  0.294502172053515E+003  0.791612620886953E+000  0.821317355531381E+000  0.960974314174802E+000  0.383948769314988E+000 -0.131028262406404E+000 -0.147251086026758E+003
  0.100000000000000E+001  0.295413821826801E+003  0.199596404309011E+001  0.199702580818781E+001  0.649334725771396E+000  0.170944541354024E+000 -0.131028262406404E+000 -0.147706910913401E+003
  0.100000000000000E+001  0.294802836615104E+003  0.749126109520277E+000  0.172851232212163E+001  0.553999582615039E+000  0.186742554172428E+000 -0.131028262406404E+000 -0.147401418307552E+003
  0.100000000000000E+001  0.295180496280794E+003  0.256412160937141E+000  0.709056470826865E+000  0.203312166682217E+000  0.164289249709172E+000 -0.131028262406404E+000 -0.147590248140397E+003
  0.100000000000000E+001  0.294203756093681E+003  0.671584763528404E+000  0.539683504860863E+000  0.163209754889632E-001  0.464918037052398E+000 -0.131028262406404E+000 -0.147101878046841E+003
  0.100000000000000E+001  0.297577851202124E+003  0.154575045268492E+001  0.817989943346681E+000  0.907591273435738E-001  0.494426276046010E+000 -0.131028262406404E+000 -0.148788925601062E+003
  0.100000000000000E+001  0.294967764194338E+003  0.582267195959451E+000  0.195199223340048E+001  0.916544317762992E-001  0.146888546182188E+000 -0.131028262406404E+000 -0.147483882097169E+003
  0.100000000000000E+001  0.295010831119385E+003  0.180625763235371E+000  0.549288859690509E+000  0.147227822522202E-001  0.394859354141729E+000 -0.131028262406404E+000 -0.147505415559692E+003
  0.100000000000000E+001  0.294720397840119E+003  0.447030774680876E+000  0.122793741782585E+001  0.214511354592277E+000  0.368579473948851E+000 -0.131028262406404E+000 -0.147360198920060E+003
  0.100000000000000E+001  0.296113020570017E+003  0.950222062092241E+000  0.183716896398885E+001  0.144982774152245E+000  0.426941581473641E+000 -0.131028262406404E+000 -0.148056510285008E+003
  0.100000000000000E+001  0.295049730914320E+003  0.138172688686360E+000  0.744370870878631E+000  0.249395666478457E+000  0.481604398128843E+000 -0.131028262406404E+000 -0.147524865457160E+003
  0.100000000000000E+001  0.295168551580144E+003  0.265327864259861E+000  0.118664143561320E+001  0.315602941188297E+000  0.167584609600637E+000 -0.131028262406404E+000 -0.147584275790072E+003
  0.100000000000000E+001  0.295026966347922E+003  0.311211709117045E+000  0.173040416702830E+001  0.618627972426718E+000  0.261097899014841E+000 -0.131028262406404E+000 -0.147513483173961E+003
  0.100000000000000E+001  0.294915837606719E+003  0.752988020503980E+000  0.178376112309440E+001  0.783200862070866E+000  0.123580836581581E+000 -0.131028262406404E+000 -0.147457918803359E+003
  0.100000000000000E+001  0.296468486848589E+003  0.112096671609696E+001  0.170742493456956E+001  0.648445724801367E+000  0.403192172256710E+000 -0.131028262406404E+000 -0.148234243424295E+003
  0.100000000000000E+001  0.294725932098501E+003  0.560348760488899E+000  0.125121565359243E+001  0.970897945935556E+000  0.275559014665800E+000 -0.131028262406404E+000 -0.147362966049251E+003
  0.100000000000000E+001  0.295038551802835E+003  0.985192802428962E+000  0.123142470242523E+001  0.102684101881710E-001  0.338247332969806E+000 -0.131028262406404E+000 -0.147519275901417E+003
  0.100000000000000E+001  0.295299618990261E+003  0.157612887843957E+000  0.630742230734919E+000  0.494867336822737E+000  0.164980191140560E+000 -0.131028262406404E+000 -0.147649809495131E+003
  0.100000000000000E+001  0.294603819768297E+003  0.744210472056576E+000  0.814429133907657E+000  0.343135416439723E+000  0.240424925744590E+000 -0.131028262406404E+000 -0.147301909884149E+003
  0.100000000000000E+001  0.295290215253377E+003  0.269027779776111E+000  0.132429128896138E+001  0.712056480432183E+000  0.101154689965901E+000 -0.131028262406404E+000 -0.147645107626689E+003
  0.100000000000000E+001  0.298673009364610E+003  0.187432010039956E+001  0.115080544635193E+001  0.411613826402711E+000  0.353614678333445E+000 -0.131028262406404E+000 -0.149336504682305E+003
  0.100000000000000E+001  0.294776800401526E+003  0.367201222477985E+000  0.774452125272686E+000  0.701821845909131E+000  0.309617080288554E+000 -0.131028262406404E+000 -0.147388400200763E+003
  0.100000000000000E+001  0.295919095192098E+003  0.187888141542275E+001  0.773987538428275E+000  0.948507529480292E+000  0.259284133178902E+000 -0.131028262406404E+000 -0.147959547596049E+003
  0.100000000000000E+001  0.295003553469314E+003  0.157044487208544E+001  0.149051165001952E+001  0.521460034706858E+000  0.184529463270455E+000 -0.131028262406404E+000 -0.147501776734657E+003
  0.100000000000000E+001  0.294428693855250E+003  0.708858261608462E+000  0.649094288357443E+000  0.849183758881049E+000  0.334618899643060E+000 -0.131028262406404E+000 -0.147214346927625E+003
  0.100000000000000E+001  0.294751933659514E+003  0.199805464227497E+001  0.138077752170106E+001  0.572691483451238E+000  0.112879775046527E+000 -0.131028262406404E+000 -0.147375966829757E+003
  0.100000000000000E+001  0.294834530520753E+003  0.696589383720744E+000  0.181118631831044E+001  0.211076209087603E+000  0.247230800684480E+000 -0.131028262406404E+000 -0.147417265260376E+003
  0.100000000000000E+001  0.294968418268625E+003  0.311606637833734E+000  0.165021194689425E+001  0.103961704620765E+000  0.365213819699929E+000 -0.131028262406404E+000 -0.147484209134313E+003
  0.100000000000000E+001  0.295176293730479E+003  0.254393258897630E+000  0.148996601450273E+001  0.624111510510701E+000  0.175407772053662E+000 -0.131028262406404E+000 -0.147588146865239E+003
  0.100000000000000E+001  0.294867360277328E+003  0.144590065685303E+001  0.177890160960022E+001  0.468852631380158E+000  0.169471405441687E+000 -0.131028262406404E+000 -0.147433680138664E+003
  0.100000000000000E+001  0.294655929694077E+003  0.570470655531676E+000  0.107522508424051E+001  0.794719358299192E+000  0.298372304011514E+000 -0.131028262406404E+000 -0.147327964847038E+003
  0.100000000000000E+001  0.294731623290582E+003  0.131183118900637E+001  0.913124659876612E+000  0.676604407003889E+000  0.106605564067658E+000 -0.131028262406404E+000 -0.147365811645291E+003
  0.100000000000000E+001  0.295011066433134E+003  0.267411227973574E+000  0.154065722379171E+001  0.692206751442307E-001  0.314562784394831E+000 -0.131028262406404E+000 -0.147505533216567E+003
  0.100000000000000E+001  0.294778211402951E+003  0.587222648494222E+000  0.934420456772511E+000  0.323305816436531E+000  0.202194255910211E+000 -0.131028262406404E+000 -0.147389105701475E+003
  0.100000000000000E+001  0.294652437787779E+003  0.296767448739880E+000  0.597631250357628E+000  0.311854757094034E+000  0.476532448620200E+000 -0.131028262406404E+000 -0.147326218893890E+003
  0.100000000000000E+001  0.294730726710098E+003  0.612253677463615E+000  0.134275544085730E+001  0.428502992202067E+000  0.319827340253813E+000 -0.131028262406404E+000 -0.147365363355049E+003
  0.100000000000000E+001  0.295205784459765E+003  0.305380172401837E+000  0.161309551387110E+001  0.503220216663269E+000  0.129956358578898E+000 -0.131028262406404E+000 -0.147602892229882E+003
  0.100000000000000E+001  0.294950003347543E+003  0.400361609165977E+000  0.181986748436240E+001  0.678061231037413E+000  0.284801522410950E+000 -0.131028262406404E+000 -0.147475001673771E+003
  0.100000000000000E+001  0.295698837346991E+003  0.191123553581165E+001  0.173319636410254E+001  0.110927815824856E+000  0.197577195785648E+000 -0.131028262406404E+000 -0.147849418673496E+003
  0.100000000000000E+001  0.294628966071826E+003  0.659581460281706E+000  0.982810588304334E+000  0.647630923982949E+000  0.268327415304663E+000 -0.131028262406404E+000 -0.147314483035913E+003
  0.100000000000000E+001  0.297067239377826E+003  0.146384282009974E+001  0.174865818827300E+001  0.378517061579227E+000  0.340111298414855E+000 -0.131028262406404E+000 -0.148533619688913E+003
  0.100000000000000E+001  0.298003395818850E+003  0.158472909383171E+001  0.869020051202058E+000  0.895957769462653E+000  0.483266057987467E+000 -0.131028262406404E+000 -0.149001697909425E+003
  0.100000000000000E+001  0.296088938718199E+003  0.110543854225055E+001  0.110443654556755E+001  0.678346871382850E+000  0.475560646746267E+000 -0.131028262406404E+000 -0.148044469359100E+003
  0.100000000000000E+001  0.294812443024088E+003  0.667671977385679E+000  0.172651410872327E+001  0.636779781281582E+000  0.226511946793814E+000 -0.131028262406404E+000 -0.147406221512044E+003
  0.100000000000000E+001  0.294768196769578E+003  0.969237410387069E+000  0.177385112514937E+001  0.768480254209081E+000  0.162472879459802E+000 -0.131028262406404E+000 -0.147384098384789E+003
  0.100000000000000E+001  0.297332485334973E+003  0.166982727270203E+001  0.103137462628568E+001  0.761318356918807E+000  0.363445159216849E+000 -0.131028262406404E+000 -0.148666242667486E+003
  0.100000000000000E+001  0.294780213465590E+003  0.979718730022487E+000  0.176711210840811E+001  0.968517136194471E+000  0.143791213311495E+000 -0.131028262406404E+000 -0.147390106732795E+003
  0.100000000000000E+001  0.295054328004543E+003  0.559282993460512E+000  0.155220652315865E+001  0.472507281517509E+000  0.468129846897432E+000 -0.131028262406404E+000 -0.147527164002272E+003
  0.100000000000000E+001  0.295274566273962E+003  0.192654398225589E+001  0.957526106569306E+000  0.427470339017062E+000  0.188833671203237E+000 -0.131028262406404E+000 -0.147637283136981E+003
  0.100000000000000E+001  0.301219973387539E+003  0.191800164333433E+001  0.163276418435397E+001  0.559117218070601E+000  0.386566974498411E+000 -0.131028262406404E+000 -0.150609986693769E+003
  0.100000000000000E+001  0.294818449115128E+003  0.176774373100291E+001  0.686440591566668E+000  0.298896284043000E+000  0.168161741918005E+000 -0.131028262406404E+000 -0.147409224557564E+003
  0.100000000000000E+001  0.294986678880098E+003  0.417820293332595E+000  0.198880134715703E+001  0.421351778522867E+000  0.308296183701038E+000 -0.131028262406404E+000 -0.147493339440049E+003
  0.100000000000000E+001  0.294921878101250E+003  0.383701373540187E+000  0.163949000970354E+001  0.470070258454068E+000  0.288055827293506E+000 -0.131028262406404E+000 -0.147460939050625E+003
  0.100000000000000E+001  0.295153579295452E+003  0.168384931550859E+001  0.130544020163458E+001  0.678313985485983E+000  0.193356231312837E+000 -0.131028262406404E+000 -0.147576789647726E+003
  0.100000000000000E+001  0.294595075241866E+003  0.779729141157087E+000  0.829814910704194E+000  0.657866527359427E+000  0.241082635869954E+000 -0.131028262406404E+000 -0.147297537620933E+003
  0.100000000000000E+001  0.295536809897695E+003  0.155319123164519E+001  0.579586726567081E+000  0.138332597467862E+000  0.378496350977266E+000 -0.131028262406404E+000 -0.147768404948848E+003
  0.100000000000000E+001  0.296603542642411E+003  0.123617975038547E+001  0.183663791720732E+001  0.935426052125104E+000  0.369751927387250E+000 -0.131028262406404E+000 -0.148301771321205E+003
  0.100000000000000E+001  0.294742725194616E+003  0.182435752788909E+001  0.120366290036009E+001  0.125886748727393E+000  0.125793940506695E+000 -0.131028262406404E+000 -0.147371362597308E+003
  0.100000000000000E+001  0.296398036504812E+003  0.163959342896618E+001  0.116650753202674E+001  0.887708765647460E+000  0.298958574920002E+000 -0.131028262406404E+000 -0.148199018252406E+003
  0.100000000000000E+001  0.296480851004306E+003  0.143093829547185E+001  0.177535361716508E+001  0.855664801618950E+000  0.313825261428083E+000 -0.131028262406404E+000 -0.148240425502153E+003
  0.100000000000000E+001  0.295173833357068E+003  0.249914476010193E+000  0.102931976490336E+001  0.874515048195230E+000  0.173516032614546E+000 -0.131028262406404E+000 -0.147586916678534E+003
  0.100000000000000E+001  0.297853141293426E+003  0.190192415012997E+001  0.188717806186398E+001  0.874393078998417E+000  0.287735117141950E+000 -0.131028262406404E+000 -0.148926570646713E+003
  0.100000000000000E+001  0.294758725144123E+003  0.119712417081211E+001  0.164037376870638E+001  0.517736171638657E+000  0.170124972024372E+000 -0.131028262406404E+000 -0.147379362572062E+003
  0.100000000000000E+001  0.296942592477751E+003  0.115765894743465E+001  0.134697403460942E+001  0.477153897041578E+000  0.470529046823212E+000 -0.131028262406404E+000 -0.148471296238876E+003
  0.100000000000000E+001  0.295157254644416E+003  0.124911941300236E+001  0.813846734227861E+000  0.396074557175873E+000  0.359308919371621E+000 -0.131028262406404E+000 -0.147578627322208E+003
  0.100000000000000E+001  0.295155448105481E+003  0.748429043837833E+000  0.196831325569352E+001  0.946725112034203E+000  0.342711879584773E+000 -0.131028262406404E+000 -0.147577724052741E+003
  0.100000000000000E+001  0.295909589553146E+003  0.118317771961137E+001  0.125870957795998E+001  0.106614989615674E+000  0.381508336666281E+000 -0.131028262406404E+000 -0.147954794776573E+003
  0.100000000000000E+001  0.294969077418575E+003  0.642320525591813E+000  0.674362139319564E+000  0.675400407330447E+000  0.118687896509248E+000 -0.131028262406404E+000 -0.147484538709287E+003
  0.100000000000000E+001  0.294591087328186E+003  0.586695075445377E+000  0.100026586874629E+001  0.226622470960594E+000  0.337641637993456E+000 -0.131028262406404E+000 -0.147295543664093E+003
  0.100000000000000E+001  0.296837286119746E+003  0.190507835488513E+001  0.577089979061161E+000  0.172770900628332E+000  0.376179573053656E+000 -0.131028262406404E+000 -0.148418643059873E+003
  0.100000000000000E+001  0.296169895797635E+003  0.191637318318188E+001  0.159789207193046E+001  0.206953188735761E+000  0.222967394939488E+000 -0.131028262406404E+000 -0.148084947898817E+003
  0.100000000000000E+001  0.295378265028479E+003  0.135626380407057E+000  0.149074896524413E+001  0.232607548744020E+000  0.119426149008835E+000 -0.131028262406404E+000 -0.147689132514239E+003
  0.100000000000000E+001  0.294811839995869E+003  0.571810305284248E+000  0.112488229024135E+001  0.621984534858179E+000  0.198321015413938E+000 -0.131028262406404E+000 -0.147405919997934E+003
  0.100000000000000E+001  0.296414671540192E+003  0.171298543523809E+001  0.177618308166547E+001  0.455362782473220E+000  0.258855805544850E+000 -0.131028262406404E+000 -0.148207335770096E+003
  0.100000000000000E+001  0.300022529746272E+003  0.173397221974837E+001  0.150913674828967E+001  0.394654765164833E+000  0.402353322912099E+000 -0.131028262406404E+000 -0.150011264873136E+003
  0.100000000000000E+001  0.294886294668083E+003  0.104169724984156E+001  0.157795382658401E+001  0.371936412112093E+000  0.241505937974201E+000 -0.131028262406404E+000 -0.147443147334041E+003
  0.100000000000000E+001  0.295836500684557E+003  0.180882839744659E+001  0.732799422318003E+000  0.368252540096469E+000  0.273683024018955E+000 -0.131028262406404E+000 -0.147918250342278E+003
  0.100000000000000E+001  0.294787547457807E+003  0.544529534571502E+000  0.100385400186690E+001  0.192712520894578E+000  0.215374668564033E+000 -0.131028262406404E+000 -0.147393773728903E+003
  0.100000000000000E+001  0.296551406163541E+003  0.148280933141269E+001  0.838935470870452E+000  0.156729851667673E+000  0.426104283786530E+000 -0.131028262406404E+000 -0.148275703081771E+003
  0.100000000000000E+001  0.298765772257731E+003  0.154384506477879E+001  0.108143993548444E+001  0.199580055609866E+000  0.476172650008801E+000 -0.131028262406404E+000 -0.149382886128866E+003
  0.100000000000000E+001  0.294737495854586E+003  0.102578248594695E+001  0.143096730002687E+001  0.227993985786436E+000  0.147051532689852E+000 -0.131028262406404E+000 -0.147368747927293E+003
  0.100000000000000E+001  0.297701420238964E+003  0.118143177609284E+001  0.144187005066942E+001  0.319410786530460E+000  0.499475279606876E+000 -0.131028262406404E+000 -0.148850710119482E+003
  0.100000000000000E+001  0.303846705684698E+003  0.192771009885340E+001  0.192361557452588E+001  0.839783599028299E+000  0.452829677113469E+000 -0.131028262406404E+000 -0.151923352842349E+003
  0.100000000000000E+001  0.298515465558776E+003  0.149339900492829E+001  0.104377166767239E+001  0.185084826447788E+000  0.495234319022414E+000 -0.131028262406404E+000 -0.149257732779388E+003
  0.100000000000000E+001  0.294732277869504E+003  0.148681994231621E+001  0.178024528089096E+001  0.289747024099325E+000  0.114801333401869E+000 -0.131028262406404E+000 -0.147366138934752E+003
  0.100000000000000E+001  0.294943126187185E+003  0.707247239977718E+000  0.638406344470406E+000  0.595055747565309E+000  0.114776232656579E+000 -0.131028262406404E+000 -0.147471563093592E+003
  0.100000000000000E+001  0.296695841716220E+003  0.101695932886174E+001  0.151562058946127E+001  0.850938691016922E+000  0.489450359997004E+000 -0.131028262406404E+000 -0.148347920858110E+003
  0.100000000000000E+001  0.298316155069234E+003  0.172362376054779E+001  0.833279508363250E+000  0.445326872284020E+000  0.455349776634039E+000 -0.131028262406404E+000 -0.149158077534617E+003
  0.100000000000000E+001  0.295555232725693E+003  0.869422369369110E+000  0.142000422602070E+001  0.269259763913066E+000  0.446902285545906E+000 -0.131028262406404E+000 -0.147777616362846E+003
  0.100000000000000E+001  0.295787499017623E+003  0.105949968511637E+001  0.189765890934344E+001  0.261309900100407E+000  0.349762484757122E+000 -0.131028262406404E+000 -0.147893749508811E+003
  0.100000000000000E+001  0.295163114605782E+003  0.982190152923257E+000  0.146494175007859E+001  0.176696562346755E+000  0.325943570914288E+000 -0.131028262406404E+000 -0.147581557302891E+003
  0.100000000000000E+001  0.295572932522437E+003  0.185630322865053E+001  0.588575163250870E+000  0.554275999079791E+000  0.260704615190552E+000 -0.131028262406404E+000 -0.147786466261219E+003
  0.100000000000000E+001  0.294828197210454E+003  0.903379530500557E+000  0.196077651167470E+001  0.291382267420313E+000  0.137405981629101E+000 -0.131028262406404E+000 -0.147414098605227E+003
  0.100000000000000E+001  0.295058314402518E+003  0.196252918384865E+000  0.151501998480694E+001  0.572936815667260E+000  0.491827399934573E+000 -0.131028262406404E+000 -0.147529157201259E+003
  0.100000000000000E+001  0.294708841289568E+003  0.674052926609979E+000  0.102786215896955E+001  0.458034227557299E+000  0.214238078794385E+000 -0.131028262406404E+000 -0.147354420644784E+003
  0.100000000000000E+001  0.294993237690700E+003  0.237337176670340E+000  0.115127919958286E+001  0.186098533353466E+000  0.322039504683443E+000 -0.131028262406404E+000 -0.147496618845350E+003
  0.100000000000000E+001  0.294922645712622E+003  0.510559179955405E+000  0.191715201007611E+001  0.600086788956924E+000  0.213568500291628E+000 -0.131028262406404E+000 -0.147461322856311E+003
  0.100000000000000E+001  0.294609668591584E+003  0.555070858543971E+000  0.103966183127861E+001  0.540788695840506E+000  0.347090090311666E+000 -0.131028262406404E+000 -0.147304834295792E+003
  0.100000000000000E+001  0.294935401005939E+003  0.586426919020485E+000  0.123600944903799E+001  0.740393979519757E+000  0.144467625373301E+000 -0.131028262406404E+000 -0.147467700502970E+003
  0.100000000000000E+001  0.294838224087360E+003  0.109855420565782E+001  0.125690413866807E+001  0.155404659702020E+000  0.248541636858365E+000 -0.131028262406404E+000 -0.147419112043680E+003
  0.100000000000000E+001  0.295643272636454E+003  0.888035550679173E+000  0.188108181630000E+001  0.335494261808734E+000  0.390183199226658E+000 -0.131028262406404E+000 -0.147821636318227E+003
  0.100000000000000E+001  0.294724022507181E+003  0.126809223417468E+001  0.154049850153269E+001  0.450234683445351E+000  0.132989525468528E+000 -0.131028262406404E+000 -0.147362011253591E+003
  0.100000000000000E+001  0.294675608660538E+003  0.608300706523323E+000  0.100568088725985E+001  0.215828020941258E+000  0.254435976983761E+000 -0.131028262406404E+000 -0.147337804330269E+003
  0.100000000000000E+001  0.297692012861129E+003  0.168338807928650E+001  0.191774016359765E+001  0.717282708295462E+000  0.319975808350272E+000 -0.131028262406404E+000 -0.148846006430565E+003
  0.100000000000000E+001  0.296887243687873E+003  0.185185976849377E+001  0.563508607118326E+000  0.863432425199728E-001  0.413836289419384E+000 -0.131028262406404E+000 -0.148443621843936E+003
  0.100000000000000E+001  0.295190581462101E+003  0.169765040478891E+000  0.101874522456445E+001  0.570077327279423E+000  0.244102532347405E+000 -0.131028262406404E+000 -0.147595290731051E+003
  0.100000000000000E+001  0.294745750021901E+003  0.106810406250696E+001  0.150278925657331E+001  0.835333723582116E+000  0.138429299903153E+000 -0.131028262406404E+000 -0.147372875010951E+003
  0.100000000000000E+001  0.296323964633476E+003  0.882878665286632E+000  0.191164431054905E+001  0.733507862472302E+000  0.477844576297335E+000 -0.131028262406404E+000 -0.148161982316738E+003
  0.100000000000000E+001  0.295179845634135E+003  0.167002626369258E+000  0.179570472075179E+001  0.813457556583274E-001  0.435741980469471E+000 -0.131028262406404E+000 -0.147589922817068E+003
  0.100000000000000E+001  0.294928958706123E+003  0.109777373011288E+001  0.778776270290490E+000  0.147407805917377E+000  0.413581709827325E+000 -0.131028262406404E+000 -0.147464479353061E+003
  0.100000000000000E+001  0.294818116569226E+003  0.356995662901043E+000  0.124494298408716E+001  0.578139436937737E-001  0.344061951854283E+000 -0.131028262406404E+000 -0.147409058284613E+003
  0.100000000000000E+001  0.295572184090408E+003  0.812617784177826E+000  0.172790291581162E+001  0.774047240064208E-001  0.425509969610475E+000 -0.131028262406404E+000 -0.147786092045204E+003
  0.100000000000000E+001  0.295088611345470E+003  0.912135826978269E+000  0.141496307759190E+001  0.795667621844546E+000  0.343469483879123E+000 -0.131028262406404E+000 -0.147544305672735E+003
  0.100000000000000E+001  0.294719254614414E+003  0.136223929651966E+001  0.581503166233495E+000  0.396766532241038E+000  0.255472167663743E+000 -0.131028262406404E+000 -0.147359627307207E+003
  0.100000000000000E+001  0.294999866428143E+003  0.182145065792613E+001  0.157905336721931E+001  0.548925255502861E+000  0.157203249402692E+000 -0.131028262406404E+000 -0.147499933214072E+003
  0.100000000000000E+001  0.294943719232788E+003  0.569604746029659E+000  0.142293913325097E+001  0.302547768192778E+000  0.148558801012830E+000 -0.131028262406404E+000 -0.147471859616394E+003
  0.100000000000000E+001  0.300427926282009E+003  0.161999764187317E+001  0.176423252031302E+001  0.197444616085507E+000  0.438601897621939E+000 -0.131028262406404E+000 -0.150213963141004E+003
  0.100000000000000E+001  0.294989005700845E+003  0.422877103892415E+000  0.198701834029908E+001  0.543742989800557E+000  0.222022367371876E+000 -0.131028262406404E+000 -0.147494502850422E+003
  0.100000000000000E+001  0.295185733162660E+003  0.145681446497055E+001  0.190286052582360E+001  0.184580589143117E+000  0.208636990139531E+000 -0.131028262406404E+000 -0.147592866581330E+003
  0.100000000000000E+001  0.295196935265263E+003  0.117716166076288E+000  0.145050479870206E+001  0.390120956489062E+000  0.447262350880217E+000 -0.131028262406404E+000 -0.147598467632631E+003
  0.100000000000000E+001  0.295496458166128E+003  0.113717731500771E+001  0.199806887990435E+001  0.116389328476568E+000  0.294478155215234E+000 -0.131028262406404E+000 -0.147748229083064E+003
  0.100000000000000E+001  0.294739053067620E+003  0.856930835679567E+000  0.138126029275916E+001  0.393506573147330E+000  0.247505419570549E+000 -0.131028262406404E+000 -0.147369526533810E+003
  0.100000000000000E+001  0.294932780084018E+003  0.812175106546011E+000  0.199790112402474E+001  0.697569097577581E+000  0.261545320426727E+000 -0.131028262406404E+000 -0.147466390042009E+003
  0.100000000000000E+001  0.295516216127254E+003  0.182164828736958E+001  0.104254766338467E+001  0.855548802995807E+000  0.217072010059638E+000 -0.131028262406404E+000 -0.147758108063627E+003
  0.100000000000000E+001  0.294962933383958E+003  0.221056207782021E+000  0.757450745995585E+000  0.492088568920676E+000  0.351975156326049E+000 -0.131028262406404E+000 -0.147481466691979E+003
  0.100000000000000E+001  0.297377093981924E+003  0.154396347329479E+001  0.812411980600847E+000  0.576318641600512E+000  0.481618098493638E+000 -0.131028262406404E+000 -0.148688546990962E+003
  0.100000000000000E+001  0.295196723421664E+003  0.191354747834417E+000  0.502062956778896E+000  0.817282285114215E-001  0.210738416554893E+000 -0.131028262406404E+000 -0.147598361710832E+003
  0.100000000000000E+001  0.295036486939208E+003  0.234841651475187E+000  0.144184338712783E+001  0.909780462427633E+000  0.320759577018713E+000 -0.131028262406404E+000 -0.147518243469604E+003
  0.100000000000000E+001  0.295573249436842E+003  0.982964117900359E+000  0.147265904522907E+001  0.181087491834220E+000  0.387321446734559E+000 -0.131028262406404E+000 -0.147786624718421E+003
  0.100000000000000E+001  0.296710534070567E+003  0.110151480051736E+001  0.184953327180510E+001  0.105958116436742E+000  0.422642979670406E+000 -0.131028262406404E+000 -0.148355267035283E+003
  0.100000000000000E+001  0.294586146962922E+003  0.921830462615681E+000  0.703042825311695E+000  0.874313202688276E+000  0.211802581583498E+000 -0.131028262406404E+000 -0.147293073481461E+003
  0.100000000000000E+001  0.299240269846692E+003  0.192847464655064E+001  0.169989391997002E+001  0.640294470769503E+000  0.328120982894758E+000 -0.131028262406404E+000 -0.149620134923346E+003
  0.100000000000000E+001  0.295131709565529E+003  0.263063389349901E+000  0.197685088022822E+001  0.847223722440322E+000  0.421905835168773E+000 -0.131028262406404E+000 -0.147565854782765E+003
  0.100000000000000E+001  0.296609072438226E+003  0.191566580622154E+001  0.860368476931645E+000  0.196078628322365E+000  0.286319333953666E+000 -0.131028262406404E+000 -0.148304536219113E+003
  0.100000000000000E+001  0.295124457280331E+003  0.489620366288195E+000  0.196718172801479E+001  0.832336936723950E+000  0.107768722521502E+000 -0.131028262406404E+000 -0.147562228640166E+003
  0.100000000000000E+001  0.297028496986556E+003  0.174716672713899E+001  0.163767917611179E+001  0.190352734057595E-001  0.284233850079104E+000 -0.131028262406404E+000 -0.148514248493278E+003
  0.100000000000000E+001  0.295496070775404E+003  0.133304192737574E+001  0.119078625015174E+001  0.310615581784864E+000  0.299129921570124E+000 -0.131028262406404E+000 -0.147748035387702E+003
  0.100000000000000E+001  0.294607393288086E+003  0.357472785469204E+000  0.518016834516844E+000  0.720613969435707E+000  0.420782258674860E+000 -0.131028262406404E+000 -0.147303696644043E+003
  0.100000000000000E+001  0.294563932445192E+003  0.110702415840682E+001  0.586462924582665E+000  0.218322885365448E+000  0.386897229148699E+000 -0.131028262406404E+000 -0.147281966222596E+003
  0.100000000000000E+001  0.295530632174756E+003  0.131510920209459E+001  0.149691953598397E+001  0.444287039674502E+000  0.280857500006626E+000 -0.131028262406404E+000 -0.147765316087378E+003
  0.100000000000000E+001  0.294716945366017E+003  0.168389157935707E+001  0.158718333458719E+001  0.881010816992339E+000  0.101659186534921E+000 -0.131028262406404E+000 -0.147358472683009E+003
  0.100000000000000E+001  0.294868667624318E+003  0.631575270434355E+000  0.132868871497646E+001  0.497523880277335E+000  0.160305311556544E+000 -0.131028262406404E+000 -0.147434333812159E+003
  0.100000000000000E+001  0.294682368164516E+003  0.193567308570854E+001  0.763516306063340E+000  0.756937891396456E+000  0.109076489897552E+000 -0.131028262406404E+000 -0.147341184082258E+003
  0.100000000000000E+001  0.294957235403628E+003  0.467981459403265E+000  0.176186582790326E+001  0.197083291752916E+000  0.380704503321219E+000 -0.131028262406404E+000 -0.147478617701814E+003
  0.100000000000000E+001  0.295466670845472E+003  0.141981514812559E+001  0.153728681238874E+001  0.667273845579938E+000  0.252127853854190E+000 -0.131028262406404E+000 -0.147733335422736E+003
  0.100000000000000E+001  0.295872346080765E+003  0.186447657448913E+001  0.574909462846044E+000  0.447077711935111E+000  0.293819535186026E+000 -0.131028262406404E+000 -0.147936173040383E+003
  0.100000000000000E+001  0.294876923397527E+003  0.365634338306420E+000  0.103053831506528E+001  0.279830095661960E+000  0.262819106181795E+000 -0.131028262406404E+000 -0.147438461698763E+003
  0.100000000000000E+001  0.294221575347758E+003  0.757135790541838E+000  0.550348918238872E+000  0.285456873997543E+000  0.448368059879292E+000 -0.131028262406404E+000 -0.147110787673879E+003
  0.100000000000000E+001  0.300455146244522E+003  0.160139467761856E+001  0.151392766019810E+001  0.408399040262830E+000  0.457178556173971E+000 -0.131028262406404E+000 -0.150227573122261E+003
  0.100000000000000E+001  0.298001617329953E+003  0.188097943722666E+001  0.653358520146403E+000  0.392789843162847E+000  0.447339250314828E+000 -0.131028262406404E+000 -0.149000808664977E+003
  0.100000000000000E+001  0.295310618556341E+003  0.170781414331541E+001  0.567507947979471E+000  0.699604925588646E+000  0.273366788976302E+000 -0.131028262406404E+000 -0.147655309278171E+003
  0.100000000000000E+001  0.295422329638772E+003  0.161891309268994E+001  0.620629220384241E+000  0.241575326422607E+000  0.307681680864047E+000 -0.131028262406404E+000 -0.147711164819386E+003
  0.100000000000000E+001  0.294717485446997E+003  0.889419657643965E+000  0.642540461320841E+000  0.854896719325124E+000  0.153231340656343E+000 -0.131028262406404E+000 -0.147358742723498E+003
  0.100000000000000E+001  0.294717945263629E+003  0.854481100817274E+000  0.971809085140869E+000  0.920751955665300E+000  0.166065285672267E+000 -0.131028262406404E+000 -0.147358972631815E+003
  0.100000000000000E+001  0.295183291373250E+003  0.100326359070485E+000  0.108180717729928E+001  0.442660881919747E+000  0.479886477465951E+000 -0.131028262406404E+000 -0.147591645686625E+003
  0.100000000000000E+001  0.294893406099966E+003  0.284859788544202E+000  0.137826864599436E+001  0.674331156134881E+000  0.450198012997578E+000 -0.131028262406404E+000 -0.147446703049983E+003
  0.100000000000000E+001  0.294934870237222E+003  0.445522623085400E+000  0.173645505420329E+001  0.646844527393514E+000  0.370713011243244E+000 -0.131028262406404E+000 -0.147467435118611E+003
  0.100000000000000E+001  0.298609493822961E+003  0.187744701872221E+001  0.734262218838225E+000  0.317764246739425E+000  0.449813271758190E+000 -0.131028262406404E+000 -0.149304746911480E+003
  0.100000000000000E+001  0.295748998221159E+003  0.195166734311272E+001  0.147944024335787E+001  0.989585208652362E+000  0.200364964148998E+000 -0.131028262406404E+000 -0.147874499110580E+003
  0.100000000000000E+001  0.296432383007825E+003  0.138121579847746E+001  0.187829975622297E+001  0.804982008355236E+000  0.319676046708245E+000 -0.131028262406404E+000 -0.148216191503912E+003
  0.100000000000000E+001  0.296381695152736E+003  0.147563566177165E+001  0.180448347481953E+001  0.315212382520163E+000  0.297836262269922E+000 -0.131028262406404E+000 -0.148190847576368E+003
  0.100000000000000E+001  0.294666258230122E+003  0.976512281747909E+000  0.717987651292343E+000  0.493559817822825E+000  0.470933335341207E+000 -0.131028262406404E+000 -0.147333129115061E+003
  0.100000000000000E+001  0.294722258407754E+003  0.143807492743664E+001  0.101619835917558E+001  0.228427259839814E-001  0.168512316210740E+000 -0.131028262406404E+000 -0.147361129203877E+003
  0.100000000000000E+001  0.300091006130596E+003  0.165379294892936E+001  0.115761052190860E+001  0.767730565431694E+000  0.476082146520072E+000 -0.131028262406404E+000 -0.150045503065298E+003
  0.100000000000000E+001  0.295274960033817E+003  0.154093679686887E+000  0.104520096912216E+001  0.631332740962251E+000  0.190878071894292E+000 -0.131028262406404E+000 -0.147637480016909E+003
  0.100000000000000E+001  0.294807231545620E+003  0.127686145144997E+001  0.181555075454564E+001  0.475224465047371E+000  0.171169367603650E+000 -0.131028262406404E+000 -0.147403615772810E+003
  0.100000000000000E+001  0.297236974974955E+003  0.168805953723645E+001  0.710684670729817E+000  0.103039098791838E+000  0.447381495269740E+000 -0.131028262406404E+000 -0.148618487487478E+003
  0.100000000000000E+001  0.296977785365161E+003  0.101893876176477E+001  0.166553489500906E+001  0.642475065160420E+000  0.494567330116322E+000 -0.131028262406404E+000 -0.148488892682581E+003
  0.100000000000000E+001  0.296609531137056E+003  0.196972161606964E+001  0.142574945455014E+001  0.863164116379862E-001  0.239800822512842E+000 -0.131028262406404E+000 -0.148304765568528E+003
  0.100000000000000E+001  0.295582960904200E+003  0.157804315515757E+001  0.195243064938120E+001  0.499859005413184E+000  0.226610844220233E+000 -0.131028262406404E+000 -0.147791480452100E+003
  0.100000000000000E+001  0.295211883980605E+003  0.100140905857246E+001  0.137025933609672E+001  0.767763369437380E-002  0.341081760841979E+000 -0.131028262406404E+000 -0.147605941990302E+003
  0.100000000000000E+001  0.294354250217112E+003  0.473437158021088E+000  0.558821378935367E+000  0.642692497939988E+000  0.473915087331171E+000 -0.131028262406404E+000 -0.147177125108556E+003
  0.100000000000000E+001  0.295972145268908E+003  0.122453654332771E+001  0.136474306232858E+001  0.804221573952026E+000  0.357631478392164E+000 -0.131028262406404E+000 -0.147986072634454E+003
  0.100000000000000E+001  0.294617203760598E+003  0.692238839802144E+000  0.106357721393413E+001  0.918458502023121E+000  0.343712623775041E+000 -0.131028262406404E+000 -0.147308601880299E+003
  0.100000000000000E+001  0.297198167668465E+003  0.177545004228722E+001  0.122569625016580E+001  0.787764440245235E+000  0.307036482707228E+000 -0.131028262406404E+000 -0.148599083834233E+003
  0.100000000000000E+001  0.294686171196026E+003  0.127806882834704E+001  0.872230604640022E+000  0.900093432188905E+000  0.200097460673831E+000 -0.131028262406404E+000 -0.147343085598013E+003
  0.100000000000000E+001  0.294858118492958E+003  0.136736213368026E+001  0.841307906190858E+000  0.588662685178101E+000  0.239302931880564E+000 -0.131028262406404E+000 -0.147429059246479E+003
  0.100000000000000E+001  0.294889491454313E+003  0.837324586170784E+000  0.117776664507136E+001  0.980596843568935E+000  0.381451869915977E+000 -0.131028262406404E+000 -0.147444745727156E+003
  0.100000000000000E+001  0.296936535931432E+003  0.156324646001173E+001  0.152508187257928E+001  0.509779940132136E+000  0.319471998247674E+000 -0.131028262406404E+000 -0.148468267965716E+003
  0.100000000000000E+001  0.294971748486351E+003  0.342692236850368E+000  0.168648569914203E+001  0.209830466600545E+000  0.415588659937301E+000 -0.131028262406404E+000 -0.147485874243175E+003
  0.100000000000000E+001  0.294996897853661E+003  0.341655068214612E+000  0.183643257895139E+001  0.861814950691529E+000  0.306225251385715E+000 -0.131028262406404E+000 -0.147498448926830E+003
  0.100000000000000E+001  0.294732750694217E+003  0.801847525562443E+000  0.111846842081009E+001  0.731326323068970E-001  0.355321803174237E+000 -0.131028262406404E+000 -0.147366375347108E+003
  0.100000000000000E+001  0.295237573752117E+003  0.147481008861386E+001  0.197490879786869E+001  0.702799692463013E+000  0.210406177106037E+000 -0.131028262406404E+000 -0.147618786876058E+003
  0.100000000000000E+001  0.298569969580550E+003  0.160809547502027E+001  0.119369434538188E+001  0.637735207122248E+000  0.418165972845234E+000 -0.131028262406404E+000 -0.149284984790275E+003
  0.100000000000000E+001  0.296845285072394E+003  0.167846909279476E+001  0.696788506956921E+000  0.490314589163300E-001  0.422854173304674E+000 -0.131028262406404E+000 -0.148422642536197E+003
  0.100000000000000E+001  0.294700901454142E+003  0.144775121819040E+001  0.109029832206163E+001  0.488207087585635E+000  0.151469561157132E+000 -0.131028262406404E+000 -0.147350450727071E+003
  0.100000000000000E+001  0.294624835715010E+003  0.984447919192482E+000  0.786955091974534E+000  0.181684318572136E-001  0.349991873735082E+000 -0.131028262406404E+000 -0.147312417857505E+003
  0.100000000000000E+001  0.294629703514790E+003  0.128925823692706E+001  0.708483604874163E+000  0.813303459144060E+000  0.161835975986059E+000 -0.131028262406404E+000 -0.147314851757395E+003
  0.100000000000000E+001  0.295159533496350E+003  0.122820129484047E+001  0.151307120322479E+001  0.467312090029095E+000  0.256860948772474E+000 -0.131028262406404E+000 -0.147579766748175E+003
  0.100000000000000E+001  0.294953200274732E+003  0.455523062388706E+000  0.142606837665998E+001  0.767030175635017E+000  0.184709354124681E+000 -0.131028262406404E+000 -0.147476600137366E+003
  0.100000000000000E+001  0.294990940065086E+003  0.178807523390718E+001  0.142439737880113E+001  0.644761760624199E+000  0.162259656411713E+000 -0.131028262406404E+000 -0.147495470032543E+003
  0.100000000000000E+001  0.296159921175045E+003  0.156030075434646E+001  0.617180436235444E+000  0.776196208896535E+000  0.455469468146237E+000 -0.131028262406404E+000 -0.148079960587523E+003
  0.100000000000000E+001  0.294836025305846E+003  0.169919730797988E+001  0.911097465438078E+000  0.859264996877462E+000  0.167698714113593E+000 -0.131028262406404E+000 -0.147418012652923E+003
  0.100000000000000E+001  0.296079387322294E+003  0.166005091174135E+001  0.168773771896524E+001  0.307781878185062E+000  0.250790292687456E+000 -0.131028262406404E+000 -0.148039693661147E+003
  0.100000000000000E+001  0.294703109645185E+003  0.371480052922683E+000  0.696314659164723E+000  0.134788711089115E+000  0.347686946720303E+000 -0.131028262406404E+000 -0.147351554822592E+003
  0.100000000000000E+001  0.294679290292919E+003  0.101987342846634E+001  0.825675335464515E+000  0.145414469138489E+000  0.330891361787965E+000 -0.131028262406404E+000 -0.147339645146460E+003
  0.100000000000000E+001  0.295298169074306E+003  0.104988740852411E+001  0.121464039782034E+001  0.185426713194391E+000  0.364362035394106E+000 -0.131028262406404E+000 -0.147649084537153E+003
  0.100000000000000E+001  0.302543308467034E+003  0.195905422785299E+001  0.169088267470711E+001  0.298307471943083E+000  0.409259238758725E+000 -0.131028262406404E+000 -0.151271654233517E+003
  0.100000000000000E+001  0.295352984056196E+003  0.117977716754987E+000  0.124207664076813E+001  0.711407911238584E-001  0.164232663041530E+000 -0.131028262406404E+000 -0.147676492028098E+003
  0.100000000000000E+001  0.294950429270874E+003  0.205773851020707E+000  0.112025010719118E+001  0.407767456084942E+000  0.436370110226800E+000 -0.131028262406404E+000 -0.147475214635437E+003
  0.100000000000000E+001  0.294635629014110E+003  0.430363308799754E+000  0.855051859987561E+000  0.422230424601079E+000  0.356161079882444E+000 -0.131028262406404E+000 -0.147317814507055E+003
  0.100000000000000E+001  0.298633453191412E+003  0.152048795057757E+001  0.148279526486334E+001  0.190754193309930E+000  0.413172151476896E+000 -0.131028262406404E+000 -0.149316726595706E+003
  0.100000000000000E+001  0.295165479651606E+003  0.146506959086966E+000  0.122500427063832E+001  0.701843595383914E+000  0.327491254599489E+000 -0.131028262406404E+000 -0.147582739825803E+003
  0.100000000000000E+001  0.294721734696960E+003  0.127411578376483E+001  0.141722212702281E+001  0.187527493139750E+000  0.157678873789134E+000 -0.131028262406404E+000 -0.147360867348480E+003
  0.100000000000000E+001  0.294625944517893E+003  0.709614935692191E+000  0.100982772764817E+001  0.787543832518461E+000  0.416223809414258E+000 -0.131028262406404E+000 -0.147312972258946E+003
  0.100000000000000E+001  0.294827782216412E+003  0.141810467584030E+001  0.828674201604759E+000  0.413573430655302E+000  0.220649320667394E+000 -0.131028262406404E+000 -0.147413891108206E+003
  0.100000000000000E+001  0.295500333816737E+003  0.179507765486239E+001  0.873262209574866E+000  0.829182036942802E+000  0.231479444197465E+000 -0.131028262406404E+000 -0.147750166908368E+003
  0.100000000000000E+001  0.295100277388919E+003  0.933792440836076E+000  0.140387919885148E+001  0.674035396991994E-001  0.339649448366919E+000 -0.131028262406404E+000 -0.147550138694459E+003
  0.100000000000000E+001  0.297759277977225E+003  0.157580526205635E+001  0.196969179919278E+001  0.540399840446991E-001  0.345905172483419E+000 -0.131028262406404E+000 -0.148879638988612E+003
  0.100000000000000E+001  0.295241462472339E+003  0.129442243501489E+001  0.664457595040658E+000  0.505886700529360E+000  0.433251098510196E+000 -0.131028262406404E+000 -0.147620731236170E+003
  0.100000000000000E+001  0.295495833655516E+003  0.859919902409409E+000  0.129634288496519E+001  0.653264833690702E+000  0.473894318704689E+000 -0.131028262406404E+000 -0.147747916827758E+003
  0.100000000000000E+001  0.294750206903116E+003  0.589384226689924E+000  0.133511369497331E+001  0.109639053715825E+000  0.366355214010176E+000 -0.131028262406404E+000 -0.147375103451558E+003
  0.100000000000000E+001  0.295057211728410E+003  0.130683862962849E+001  0.561796180927447E+000  0.231483162578992E+000  0.469372283424888E+000 -0.131028262406404E+000 -0.147528605864205E+003
  0.100000000000000E+001  0.294789342472094E+003  0.638294413277344E+000  0.127003987812017E+001  0.955131638348543E+000  0.194541154596223E+000 -0.131028262406404E+000 -0.147394671236047E+003
  0.100000000000000E+001  0.294791909180673E+003  0.384649571241742E+000  0.132356437690385E+001  0.983514606551603E+000  0.461443272176375E+000 -0.131028262406404E+000 -0.147395954590336E+003
  0.100000000000000E+001  0.294951850356057E+003  0.569329948477086E+000  0.180042833402240E+001  0.316784633912062E+000  0.347565518165913E+000 -0.131028262406404E+000 -0.147475925178028E+003
  0.100000000000000E+001  0.296029840841428E+003  0.110023440045874E+001  0.178035069427108E+001  0.562004234450470E+000  0.367095797571835E+000 -0.131028262406404E+000 -0.148014920420714E+003
  0.100000000000000E+001  0.295896177173307E+003  0.896107783386625E+000  0.151769965161941E+001  0.561920013572713E+000  0.463288266142534E+000 -0.131028262406404E+000 -0.147948088586654E+003
  0.100000000000000E+001  0.294753896969161E+003  0.882700824034883E+000  0.159247823899968E+001  0.160267595843920E+000  0.181681288621866E+000 -0.131028262406404E+000 -0.147376948484580E+003
  0.100000000000000E+001  0.295346593538836E+003  0.906512904808347E+000  0.126901671095009E+001  0.526965504044139E+000  0.428102380544154E+000 -0.131028262406404E+000 -0.147673296769418E+003
  0.100000000000000E+001  0.294505421468325E+003  0.909615767748529E+000  0.695751672318621E+000  0.780749194612547E-001  0.467776308697202E+000 -0.131028262406404E+000 -0.147252710734163E+003
  0.100000000000000E+001  0.294718823189350E+003  0.887813817008730E+000  0.114152792680698E+001  0.530894291946827E+000  0.166613080204998E+000 -0.131028262406404E+000 -0.147359411594675E+003
  0.100000000000000E+001  0.298370429444656E+003  0.178366402760511E+001  0.814149151121040E+000  0.837118587579469E+000  0.441027623109023E+000 -0.131028262406404E+000 -0.149185214722328E+003
  0.100000000000000E+001  0.298710678479869E+003  0.162992192689144E+001  0.171562381641760E+001  0.116082925264283E+000  0.373822297897242E+000 -0.131028262406404E+000 -0.149355339239935E+003
  0.100000000000000E+001  0.295095608364391E+003  0.123783572403524E+001  0.677212781371211E+000  0.707403228692168E+000  0.428225707831466E+000 -0.131028262406404E+000 -0.147547804182196E+003
  0.100000000000000E+001  0.294473502023223E+003  0.843953375404908E+000  0.510917353251724E+000  0.288163902278952E+000  0.264099134448172E+000 -0.131028262406404E+000 -0.147236751011612E+003
  0.100000000000000E+001  0.294665507946390E+003  0.134178253828843E+001  0.890294809494462E+000  0.173063101660297E+000  0.165961205544176E+000 -0.131028262406404E+000 -0.147332753973195E+003
  0.100000000000000E+001  0.295498433000688E+003  0.103386284661185E+001  0.169954178274899E+001  0.159299858724964E+000  0.335785524665611E+000 -0.131028262406404E+000 -0.147749216500344E+003
  0.100000000000000E+001  0.294763256103357E+003  0.903623363582980E+000  0.139928967535876E+001  0.146927127230173E+000  0.150725840534812E+000 -0.131028262406404E+000 -0.147381628051678E+003
  0.100000000000000E+001  0.294765128742329E+003  0.147190618081625E+001  0.136056986459048E+001  0.137271781537124E+000  0.158158946743120E+000 -0.131028262406404E+000 -0.147382564371165E+003
  0.100000000000000E+001  0.294741633105316E+003  0.990067431877336E+000  0.807261161826409E+000  0.594222425222908E-001  0.133389374669602E+000 -0.131028262406404E+000 -0.147370816552658E+003
  0.100000000000000E+001  0.294801736866809E+003  0.290162773392693E+000  0.111671747672215E+001  0.723778147125645E+000  0.433453029621444E+000 -0.131028262406404E+000 -0.147400868433404E+003
  0.100000000000000E+001  0.294914105497618E+003  0.909942820276696E+000  0.147121052604014E+001  0.837119805047734E+000  0.293182994719286E+000 -0.131028262406404E+000 -0.147457052748809E+003
  0.100000000000000E+001  0.294521345462130E+003  0.778237484627377E+000  0.802614584940213E+000  0.325603252706022E+000  0.299819253983945E+000 -0.131028262406404E+000 -0.147260672731065E+003
  0.100000000000000E+001  0.295064227703050E+003  0.187131177637585E+000  0.799758475770937E+000  0.994977401292342E+000  0.324846233390935E+000 -0.131028262406404E+000 -0.147532113851525E+003
  0.100000000000000E+001  0.299870403975376E+003  0.145753075619085E+001  0.155916253114014E+001  0.208513746855637E+000  0.482487584142000E+000 -0.131028262406404E+000 -0.149935201987688E+003
  0.100000000000000E+001  0.298187201475461E+003  0.159103356535304E+001  0.158016252179891E+001  0.163653550124387E+000  0.367569999553875E+000 -0.131028262406404E+000 -0.149093600737730E+003
  0.100000000000000E+001  0.300326749476539E+003  0.177352369806031E+001  0.155668113742489E+001  0.404260186969338E+000  0.398981177877182E+000 -0.131028262406404E+000 -0.150163374738270E+003
  0.100000000000000E+001  0.296149231096066E+003  0.199531967042562E+001  0.890166868298566E+000  0.810718540228318E+000  0.242066335090343E+000 -0.131028262406404E+000 -0.148074615548033E+003
  0.100000000000000E+001  0.301029768632369E+003  0.197326617636607E+001  0.132580679261900E+001  0.432187603205632E+000  0.386831753452762E+000 -0.131028262406404E+000 -0.150514884316185E+003
  0.100000000000000E+001  0.295838934519774E+003  0.129757687159627E+001  0.981382297111650E+000  0.996353080169287E+000  0.387802263974660E+000 -0.131028262406404E+000 -0.147919467259887E+003
  0.100000000000000E+001  0.294716048150303E+003  0.160770086670881E+001  0.154294411845199E+001  0.437047931832964E+000  0.114797782413849E+000 -0.131028262406404E+000 -0.147358024075152E+003
  0.100000000000000E+001  0.296684883918305E+003  0.115024261333526E+001  0.137781375926571E+001  0.358123303820799E+000  0.446890032356181E+000 -0.131028262406404E+000 -0.148342441959152E+003
  0.100000000000000E+001  0.294737757274055E+003  0.273573506987403E+000  0.950199895614855E+000  0.795509182777478E+000  0.496765306720263E+000 -0.131028262406404E+000 -0.147368878637027E+003
  0.100000000000000E+001  0.295178584706095E+003  0.247461668912044E+000  0.114013867032081E+001  0.744392211504386E+000  0.173419524937890E+000 -0.131028262406404E+000 -0.147589292353047E+003
  0.100000000000000E+001  0.294903184955339E+003  0.583599205083350E+000  0.121935305252425E+001  0.880094213635071E+000  0.157142994462037E+000 -0.131028262406404E+000 -0.147451592477670E+003
  0.100000000000000E+001  0.301295412808933E+003  0.190746966151670E+001  0.165270003227667E+001  0.904784694819321E+000  0.390471205749448E+000 -0.131028262406404E+000 -0.150647706404467E+003
  0.100000000000000E+001  0.295097213824428E+003  0.851092842651546E+000  0.129204571496408E+001  0.488279031845883E+000  0.398655373643914E+000 -0.131028262406404E+000 -0.147548606912214E+003
  0.100000000000000E+001  0.294622086866846E+003  0.363085497212770E+000  0.669133131917084E+000  0.432997417109156E+000  0.408813729737035E+000 -0.131028262406404E+000 -0.147311043433423E+003
  0.100000000000000E+001  0.297959079299671E+003  0.195649174629692E+001  0.165716589660106E+001  0.414827329274247E+000  0.284711835542014E+000 -0.131028262406404E+000 -0.148979539649836E+003
  0.100000000000000E+001  0.294853907026075E+003  0.928837205319277E+000  0.180445024936173E+001  0.222354734523924E+000  0.232378828107672E+000 -0.131028262406404E+000 -0.147426953513038E+003
  0.100000000000000E+001  0.295583063731180E+003  0.155035714304737E+001  0.154521169296164E+001  0.185188707238193E+000  0.239542782587860E+000 -0.131028262406404E+000 -0.147791531865590E+003
  0.100000000000000E+001  0.294898758086356E+003  0.367328078102268E+000  0.155918929201167E+001  0.889447554170610E+000  0.331078360388076E+000 -0.131028262406404E+000 -0.147449379043178E+003
  0.100000000000000E+001  0.295870323005842E+003  0.199214993512544E+001  0.118483203927213E+001  0.641230941664976E+000  0.210824588647111E+000 -0.131028262406404E+000 -0.147935161502921E+003
  0.100000000000000E+001  0.294972365841749E+003  0.687661547861612E+000  0.199019711618299E+001  0.794102614031476E+000  0.299037465714710E+000 -0.131028262406404E+000 -0.147486182920875E+003
  0.100000000000000E+001  0.294612788033289E+003  0.838942873008950E+000  0.703118357885122E+000  0.119685583676972E+000  0.207938808191462E+000 -0.131028262406404E+000 -0.147306394016645E+003
  0.100000000000000E+001  0.294798797354700E+003  0.129476064698937E+001  0.998315644500846E+000  0.519723701870766E+000  0.221269008960836E+000 -0.131028262406404E+000 -0.147399398677350E+003
  0.100000000000000E+001  0.294919159800530E+003  0.346517328294795E+000  0.153886064276197E+001  0.949572668635500E+000  0.315264273307968E+000 -0.131028262406404E+000 -0.147459579900265E+003
  0.100000000000000E+001  0.295245842861895E+003  0.118662144192317E+001  0.704632939806216E+000  0.997084990939941E+000  0.491726377038368E+000 -0.131028262406404E+000 -0.147622921430948E+003
  0.100000000000000E+001  0.295290250230946E+003  0.151848443052402E+000  0.635238066134465E+000  0.184030651892212E+000  0.179635963254536E+000 -0.131028262406404E+000 -0.147645125115473E+003
  0.100000000000000E+001  0.294898131850556E+003  0.765000281666033E+000  0.177909427959309E+001  0.492383491501374E+000  0.282753108349038E+000 -0.131028262406404E+000 -0.147449065925278E+003
  0.100000000000000E+001  0.298518234331696E+003  0.181383939910471E+001  0.108931179016688E+001  0.647293749328593E+000  0.371145435648477E+000 -0.131028262406404E+000 -0.149259117165848E+003
  0.100000000000000E+001  0.294952819593786E+003  0.155941104269117E+001  0.139950415957739E+001  0.666329520483383E+000  0.182160017481112E+000 -0.131028262406404E+000 -0.147476409796893E+003
  0.100000000000000E+001  0.298243662121318E+003  0.148307206921924E+001  0.180104268582922E+001  0.161117474942734E+000  0.391442826623812E+000 -0.131028262406404E+000 -0.149121831060659E+003
  0.100000000000000E+001  0.294943674072548E+003  0.226479605900271E+000  0.121005225420457E+001  0.627429442088998E+000  0.413163208922397E+000 -0.131028262406404E+000 -0.147471837036274E+003
  0.100000000000000E+001  0.295174276999972E+003  0.224226900517589E+000  0.190008830566329E+001  0.486711632519862E+000  0.230069136049816E+000 -0.131028262406404E+000 -0.147587138499986E+003
  0.100000000000000E+001  0.294953395966109E+003  0.434187969087028E+000  0.171537498617390E+001  0.613933360741884E+000  0.399072706117474E+000 -0.131028262406404E+000 -0.147476697983055E+003
  0.100000000000000E+001  0.295109656663832E+003  0.513223411257174E+000  0.161512219907318E+001  0.112767413289119E-001  0.495615914976287E+000 -0.131028262406404E+000 -0.147554828331916E+003
  0.100000000000000E+001  0.295716753328682E+003  0.192331620045876E+001  0.657288756945114E+000  0.625644651178092E+000  0.248799054542058E+000 -0.131028262406404E+000 -0.147858376664341E+003
  0.100000000000000E+001  0.295792404123490E+003  0.770743757690294E+000  0.183200548982477E+001  0.448534430035870E-001  0.469199027721515E+000 -0.131028262406404E+000 -0.147896202061745E+003
  0.100000000000000E+001  0.294835161423088E+003  0.302646481268424E+000  0.927940538579027E+000  0.392102605896344E+000  0.343966171668068E+000 -0.131028262406404E+000 -0.147417580711544E+003
  0.100000000000000E+001  0.296132549837121E+003  0.127199498740299E+001  0.101409167616699E+001  0.626095929832104E+000  0.423103344546071E+000 -0.131028262406404E+000 -0.148066274918560E+003
  0.100000000000000E+001  0.294657114054550E+003  0.153113857956057E+001  0.746383386721206E+000  0.270987565314101E+000  0.135686233899557E+000 -0.131028262406404E+000 -0.147328557027275E+003
  0.100000000000000E+001  0.299107966425893E+003  0.163446201307335E+001  0.141597928524725E+001  0.913444819835041E+000  0.404521587608658E+000 -0.131028262406404E+000 -0.149553983212946E+003
  0.100000000000000E+001  0.294457914523363E+003  0.531169913182501E+000  0.856756895675964E+000  0.326846742531743E+000  0.451922403319890E+000 -0.131028262406404E+000 -0.147228957261682E+003
  0.100000000000000E+001  0.294826444151091E+003  0.449280712784393E+000  0.569215203086869E+000  0.379988254003049E+000  0.228468490139939E+000 -0.131028262406404E+000 -0.147413222075546E+003
  0.100000000000000E+001  0.295262272787795E+003  0.102179127909670E+000  0.708080721098389E+000  0.702172980249684E+000  0.311504644471267E+000 -0.131028262406404E+000 -0.147631136393897E+003
  0.100000000000000E+001  0.296294049383708E+003  0.134541681815557E+001  0.195779604972543E+001  0.234816641522921E+000  0.317465695431237E+000 -0.131028262406404E+000 -0.148147024691854E+003
  0.100000000000000E+001  0.295168758828128E+003  0.172184047113794E+000  0.168470564061023E+001  0.866323579430186E+000  0.325341227196053E+000 -0.131028262406404E+000 -0.147584379414064E+003
  0.100000000000000E+001  0.303040992923398E+003  0.180625601091845E+001  0.162110744971220E+001  0.579942339668000E-001  0.465778908056642E+000 -0.131028262406404E+000 -0.151520496461699E+003
  0.100000000000000E+001  0.294673608201098E+003  0.958645564602782E+000  0.112801299533648E+001  0.607270337518408E+000  0.226503675413996E+000 -0.131028262406404E+000 -0.147336804100549E+003
  0.100000000000000E+001  0.294709394169442E+003  0.128646166307250E+001  0.100238565543474E+001  0.516590052486091E+000  0.118065578785458E+000 -0.131028262406404E+000 -0.147354697084721E+003
  0.100000000000000E+001  0.294728092185554E+003  0.131829772926585E+001  0.161023416500055E+001  0.607028422116562E+000  0.126851890742769E+000 -0.131028262406404E+000 -0.147364046092777E+003
  0.100000000000000E+001  0.296604130154761E+003  0.967038560663693E+000  0.186974325320801E+001  0.588335518490453E+000  0.469306240010415E+000 -0.131028262406404E+000 -0.148302065077381E+003
  0.100000000000000E+001  0.294921684309400E+003  0.530633888471052E+000  0.149761267865985E+001  0.490582465355532E+000  0.441101422072754E+000 -0.131028262406404E+000 -0.147460842154700E+003
  0.100000000000000E+001  0.297865133936404E+003  0.122221632387763E+001  0.160101851119496E+001  0.587323109895279E+000  0.471534999004629E+000 -0.131028262406404E+000 -0.148932566968202E+003
  0.100000000000000E+001  0.294715645752506E+003  0.115865159731631E+001  0.665175748542375E+000  0.780406705787948E+000  0.350894778969150E+000 -0.131028262406404E+000 -0.147357822876253E+003
  0.100000000000000E+001  0.294923028450243E+003  0.149820176596351E+001  0.117775063348171E+001  0.698757352459606E+000  0.195498712351398E+000 -0.131028262406404E+000 -0.147461514225121E+003
  0.100000000000000E+001  0.295140035554568E+003  0.863526104928614E+000  0.147698771541916E+001  0.308810374512740E+000  0.362791163106068E+000 -0.131028262406404E+000 -0.147570017777284E+003
  0.100000000000000E+001  0.295006043194024E+003  0.334033071274725E+000  0.147737921566885E+001  0.657616615794139E+000  0.228436537714863E+000 -0.131028262406404E+000 -0.147503021597012E+003
  0.100000000000000E+001  0.294632719240710E+003  0.997667942881323E+000  0.836473890082331E+000  0.498507867283774E+000  0.185251739010444E+000 -0.131028262406404E+000 -0.147316359620355E+003
  0.100000000000000E+001  0.294692144792536E+003  0.690602625158047E+000  0.124647013746685E+001  0.227023867289589E+000  0.300372099182260E+000 -0.131028262406404E+000 -0.147346072396268E+003
  0.100000000000000E+001  0.294674741562640E+003  0.174595678951691E+001  0.778946759178920E+000  0.751504091617622E+000  0.103932787909871E+000 -0.131028262406404E+000 -0.147337370781320E+003
  0.100000000000000E+001  0.299407037558775E+003  0.184096112366839E+001  0.153066622214916E+001  0.792234357187572E+000  0.355508854520592E+000 -0.131028262406404E+000 -0.149703518779388E+003
  0.100000000000000E+001  0.295106262880828E+003  0.154404405004393E+000  0.140189103692297E+001  0.102192697787123E+000  0.455849043005626E+000 -0.131028262406404E+000 -0.147553131440414E+003
  0.100000000000000E+001  0.294834977488849E+003  0.567184902728978E+000  0.106677142108582E+001  0.958846793978968E+000  0.187271406322671E+000 -0.131028262406404E+000 -0.147417488744425E+003
  0.100000000000000E+001  0.295104833523199E+003  0.221492083093563E+000  0.162529510719523E+001  0.969295178559971E+000  0.289622812461627E+000 -0.131028262406404E+000 -0.147552416761599E+003
  0.100000000000000E+001  0.295129579670631E+003  0.355598979769375E+000  0.768214878795082E+000  0.839583674402580E+000  0.139309616745802E+000 -0.131028262406404E+000 -0.147564789835316E+003
  0.100000000000000E+001  0.295058296306664E+003  0.534409632690786E+000  0.190621911827833E+001  0.859391394459917E+000  0.120709267253712E+000 -0.131028262406404E+000 -0.147529148153332E+003
  0.100000000000000E+001  0.294473179085343E+003  0.829299221968815E+000  0.758923920009067E+000  0.598705938747811E-001  0.406470205842783E+000 -0.131028262406404E+000 -0.147236589542672E+003
  0.100000000000000E+001  0.295038914389462E+003  0.541886673254414E+000  0.117104679263902E+001  0.849558200410766E+000  0.119296117115157E+000 -0.131028262406404E+000 -0.147519457194731E+003
  0.100000000000000E+001  0.295338744379895E+003  0.204031770579291E+000  0.182180739913120E+001  0.362325210113949E+000  0.104867510454735E+000 -0.131028262406404E+000 -0.147669372189947E+003
  0.100000000000000E+001  0.295117594931668E+003  0.198282533332904E+000  0.158260229999899E+001  0.159188275508511E+000  0.315385745525748E+000 -0.131028262406404E+000 -0.147558797465834E+003
  0.100000000000000E+001  0.295164679486811E+003  0.213083325731201E+000  0.192274214929861E+001  0.116199292109131E-001  0.448857151563969E+000 -0.131028262406404E+000 -0.147582339743406E+003
  0.100000000000000E+001  0.296231519960273E+003  0.136036832856165E+001  0.163973741404135E+001  0.686223996978659E+000  0.318739695459061E+000 -0.131028262406404E+000 -0.148115759980136E+003
  0.100000000000000E+001  0.296595576054729E+003  0.150601242179785E+001  0.156055586825139E+001  0.818868433142712E+000  0.311975220646146E+000 -0.131028262406404E+000 -0.148297788027365E+003
  0.100000000000000E+001  0.294672740429563E+003  0.987450783988111E+000  0.543170216582768E+000  0.707056547250285E+000  0.154045241140229E+000 -0.131028262406404E+000 -0.147336370214782E+003
  0.100000000000000E+001  0.295635731340915E+003  0.129615567747849E+001  0.846199743760112E+000  0.378953059526845E+000  0.407106720302792E+000 -0.131028262406404E+000 -0.147817865670458E+003
  0.100000000000000E+001  0.298404370193601E+003  0.164123834828555E+001  0.179570822313221E+001  0.700503840554448E+000  0.357883755003630E+000 -0.131028262406404E+000 -0.149202185096801E+003
  0.100000000000000E+001  0.294726253126898E+003  0.141882660477830E+001  0.148986251530826E+001  0.405375894620063E+000  0.110409473415773E+000 -0.131028262406404E+000 -0.147363126563449E+003
  0.100000000000000E+001  0.295335761171933E+003  0.193376462970229E+001  0.670901682020452E+000  0.653097524173858E+000  0.210903492193312E+000 -0.131028262406404E+000 -0.147667880585966E+003
  0.100000000000000E+001  0.294657899831901E+003  0.853744454215240E+000  0.511668837040711E+000  0.740314608586990E+000  0.178432687491802E+000 -0.131028262406404E+000 -0.147328949915951E+003
  0.100000000000000E+001  0.294890237417923E+003  0.818669444888405E+000  0.159921971632634E+001  0.964567916716425E+000  0.118520461715990E+000 -0.131028262406404E+000 -0.147445118708962E+003
  0.100000000000000E+001  0.295302442012968E+003  0.182210450656484E+001  0.750377631466391E+000  0.990378857240765E+000  0.219122927967078E+000 -0.131028262406404E+000 -0.147651221006484E+003
  0.100000000000000E+001  0.294694643141584E+003  0.923771775074311E+000  0.125541559241025E+001  0.276635693213324E-001  0.215942035314173E+000 -0.131028262406404E+000 -0.147347321570792E+003
  0.100000000000000E+001  0.294680897028257E+003  0.336017012095487E+000  0.787237493542873E+000  0.961038558882977E+000  0.408270004940304E+000 -0.131028262406404E+000 -0.147340448514129E+003
  0.100000000000000E+001  0.295078417144636E+003  0.226345239943869E+000  0.153526055518309E+001  0.922039537593936E+000  0.299853658480932E+000 -0.131028262406404E+000 -0.147539208572318E+003
  0.100000000000000E+001  0.294783358850954E+003  0.130749284092523E+001  0.592439820244586E+000  0.981546118693293E+000  0.315914795997209E+000 -0.131028262406404E+000 -0.147391679425477E+003
  0.100000000000000E+001  0.297228885218391E+003  0.137023302084775E+001  0.169392402006373E+001  0.684211201146888E+000  0.375398106294385E+000 -0.131028262406404E+000 -0.148614442609195E+003
  0.100000000000000E+001  0.294828514147394E+003  0.140869444333419E+001  0.909492011738662E+000  0.210600119298740E+000  0.213465924679726E+000 -0.131028262406404E+000 -0.147414257073697E+003
  0.100000000000000E+001  0.294987839790325E+003  0.161261415901898E+001  0.105811644876309E+001  0.878430068639499E+000  0.194829138036549E+000 -0.131028262406404E+000 -0.147493919895162E+003
  0.100000000000000E+001  0.294331925115249E+003  0.864870192482773E+000  0.596603618100638E+000  0.758490551775348E+000  0.412277682311353E+000 -0.131028262406404E+000 -0.147165962557625E+003
  0.100000000000000E+001  0.294763889570757E+003  0.280326745595749E+000  0.990126217682198E+000  0.604811670257340E+000  0.459242570254431E+000 -0.131028262406404E+000 -0.147381944785379E+003
  0.100000000000000E+001  0.295271902977644E+003  0.210830512398678E+000  0.110554140696983E+001  0.317199212198609E+000  0.140605601032166E+000 -0.131028262406404E+000 -0.147635951488822E+003
  0.100000000000000E+001  0.295527449355432E+003  0.140367914972061E+001  0.138203485567776E+001  0.401782076690193E+000  0.269023077620606E+000 -0.131028262406404E+000 -0.147763724677716E+003
  0.100000000000000E+001  0.303896768105685E+003  0.179446776641509E+001  0.176135238617609E+001  0.124510857881241E-001  0.490025137780460E+000 -0.131028262406404E+000 -0.151948384052842E+003
  0.100000000000000E+001  0.294916937697748E+003  0.410882802469831E+000  0.166152421478668E+001  0.618081661758235E-001  0.265140613095635E+000 -0.131028262406404E+000 -0.147458468848874E+003
  0.100000000000000E+001  0.301680117849514E+003  0.160989144225084E+001  0.168900816502235E+001  0.715391090628930E+000  0.487056749469212E+000 -0.131028262406404E+000 -0.150840058924757E+003
  0.100000000000000E+001  0.296909876576205E+003  0.134030705199050E+001  0.124192653111892E+001  0.664440201944042E+000  0.409683981120373E+000 -0.131028262406404E+000 -0.148454938288103E+003
  0.100000000000000E+001  0.294930639869914E+003  0.166493471610158E+001  0.177017377087763E+001  0.461418355875236E+000  0.159052335420813E+000 -0.131028262406404E+000 -0.147465319934957E+003
  0.100000000000000E+001  0.295248029235127E+003  0.175311270498516E+001  0.126738564558998E+001  0.778406521627207E-001  0.194916937813678E+000 -0.131028262406404E+000 -0.147624014617563E+003
  0.100000000000000E+001  0.294890880536283E+003  0.142029913489471E+001  0.186328660838879E+001  0.156129467753992E-001  0.174151869133881E+000 -0.131028262406404E+000 -0.147445440268141E+003
  0.100000000000000E+001  0.294828771689217E+003  0.532579004726320E+000  0.160959396865563E+001  0.493911380597034E+000  0.300544012974737E+000 -0.131028262406404E+000 -0.147414385844608E+003
  0.100000000000000E+001  0.294999035420725E+003  0.551568176146702E+000  0.170785097452258E+001  0.870394347526330E+000  0.136404129198333E+000 -0.131028262406404E+000 -0.147499517710363E+003
  0.100000000000000E+001  0.294935851009941E+003  0.792883730761364E+000  0.146943548804940E+001  0.207379197089407E+000  0.107493764759754E+000 -0.131028262406404E+000 -0.147467925504971E+003
  0.100000000000000E+001  0.299069586445166E+003  0.165287126209804E+001  0.999339791873935E+000  0.202551367296848E+000  0.470087753817210E+000 -0.131028262406404E+000 -0.149534793222583E+003
  0.100000000000000E+001  0.295017289361197E+003  0.848185769091659E+000  0.170397674672869E+001  0.232775718093188E+000  0.308475438639598E+000 -0.131028262406404E+000 -0.147508644680598E+003
  0.100000000000000E+001  0.298214309534546E+003  0.161480981685824E+001  0.162983208320405E+001  0.705200459451343E+000  0.360596786271488E+000 -0.131028262406404E+000 -0.149107154767273E+003
  0.100000000000000E+001  0.295712935383092E+003  0.808069182069960E+000  0.186767636473881E+001  0.331842979991019E+000  0.434632779427999E+000 -0.131028262406404E+000 -0.147856467691546E+003
  0.100000000000000E+001  0.295525316941398E+003  0.175923176623232E+001  0.905321561016103E+000  0.527937302153456E+000  0.237150701265170E+000 -0.131028262406404E+000 -0.147762658470699E+003
  0.100000000000000E+001  0.294784793605992E+003  0.157361996027540E+001  0.179215172557925E+001  0.252776861917633E+000  0.139691961287643E+000 -0.131028262406404E+000 -0.147392396802996E+003
  0.100000000000000E+001  0.295125723673095E+003  0.136801189144509E+001  0.117508826164835E+001  0.410803339544553E+000  0.248118843910382E+000 -0.131028262406404E+000 -0.147562861836547E+003
  0.100000000000000E+001  0.299472751337574E+003  0.165798139155661E+001  0.180740193337757E+001  0.742264371173376E+000  0.393604883651054E+000 -0.131028262406404E+000 -0.149736375668787E+003
  0.100000000000000E+001  0.294746668200819E+003  0.246810430198056E+000  0.611409832782082E+000  0.634909849960178E+000  0.493799547682567E+000 -0.131028262406404E+000 -0.147373334100410E+003
  0.100000000000000E+001  0.296125869376659E+003  0.140156461705876E+001  0.708156839770709E+000  0.333257271754607E+000  0.490833110333546E+000 -0.131028262406404E+000 -0.148062934688330E+003
  0.100000000000000E+001  0.297136040104171E+003  0.177487580945791E+001  0.566014991167579E+000  0.850038309419466E+000  0.485234036070640E+000 -0.131028262406404E+000 -0.148568020052086E+003
  0.100000000000000E+001  0.297728145611869E+003  0.199943301064915E+001  0.710398971719826E+000  0.687820854867074E+000  0.359952955371930E+000 -0.131028262406404E+000 -0.148864072805934E+003
  0.100000000000000E+001  0.296025947579501E+003  0.133637808142760E+001  0.187256965937579E+001  0.499549523041368E+000  0.301669548548788E+000 -0.131028262406404E+000 -0.148012973789751E+003
  0.100000000000000E+001  0.294700152856077E+003  0.162181460816827E+001  0.865196916959043E+000  0.646034344907866E-001  0.144915736981487E+000 -0.131028262406404E+000 -0.147350076428039E+003
  0.100000000000000E+001  0.295174548021988E+003  0.843281693527090E+000  0.188176477558746E+001  0.712984187592488E+000  0.327300779678479E+000 -0.131028262406404E+000 -0.147587274010994E+003
  0.100000000000000E+001  0.294834490877730E+003  0.532081735070153E+000  0.978238509362026E+000  0.315896794688756E+000  0.197265321755305E+000 -0.131028262406404E+000 -0.147417245438865E+003
  0.100000000000000E+001  0.294774701075451E+003  0.152521854160202E+001  0.181228833154440E+001  0.219885319054996E+000  0.139721008897844E+000 -0.131028262406404E+000 -0.147387350537726E+003
  0.100000000000000E+001  0.297856028000405E+003  0.135047224031590E+001  0.172981787608457E+001  0.142089641252658E+000  0.414500058892915E+000 -0.131028262406404E+000 -0.148928014000202E+003
  0.100000000000000E+001  0.295579434749451E+003  0.154665558880727E+001  0.976517643728276E+000  0.661028745100542E+000  0.278865895368654E+000 -0.131028262406404E+000 -0.147789717374725E+003
  0.100000000000000E+001  0.294722806135882E+003  0.704009680930748E+000  0.103194357342862E+001  0.789437108986199E+000  0.198559498118395E+000 -0.131028262406404E+000 -0.147361403067941E+003
  0.100000000000000E+001  0.295070992449982E+003  0.108700948127441E+001  0.140296172056962E+001  0.625371809092340E+000  0.285577792901258E+000 -0.131028262406404E+000 -0.147535496224991E+003
  0.100000000000000E+001  0.294806616193910E+003  0.120684965651461E+001  0.644436504913582E+000  0.873237448582871E+000  0.373229991245648E+000 -0.131028262406404E+000 -0.147403308096955E+003
  0.100000000000000E+001  0.294795514031351E+003  0.995047718769962E+000  0.175938643580229E+001  0.133146561309815E+000  0.130937667426740E+000 -0.131028262406404E+000 -0.147397757015676E+003
  0.100000000000000E+001  0.294744939401662E+003  0.137338871975320E+001  0.167751464544148E+001  0.587088462013088E+000  0.144289215167719E+000 -0.131028262406404E+000 -0.147372469700831E+003
  0.100000000000000E+001  0.296420873785036E+003  0.148286201706689E+001  0.195593686447400E+001  0.192881891068703E+000  0.296750511414491E+000 -0.131028262406404E+000 -0.148210436892518E+003
  0.100000000000000E+001  0.295159140557471E+003  0.728365239415699E+000  0.131719159962537E+001  0.577753089058860E+000  0.477492128062279E+000 -0.131028262406404E+000 -0.147579570278736E+003
  0.100000000000000E+001  0.296602600175678E+003  0.126185900758284E+001  0.192695116870261E+001  0.991671506650542E-001  0.360323249260784E+000 -0.131028262406404E+000 -0.148301300087839E+003
  0.100000000000000E+001  0.295304453696681E+003  0.175056936781090E+001  0.184047273165344E+001  0.605220438945498E+000  0.186861371854655E+000 -0.131028262406404E+000 -0.147652226848341E+003
  0.100000000000000E+001  0.296181700549534E+003  0.105468940766155E+001  0.125847796502396E+001  0.640368221461027E+000  0.469322392630915E+000 -0.131028262406404E+000 -0.148090850274767E+003
  0.100000000000000E+001  0.295329677289030E+003  0.155733640101138E+000  0.195531969923806E+001  0.372864214019567E+000  0.152378541533907E+000 -0.131028262406404E+000 -0.147664838644515E+003
  0.100000000000000E+001  0.294677044112873E+003  0.130970062737396E+001  0.105667971065372E+001  0.472063175720245E+000  0.143182116275756E+000 -0.131028262406404E+000 -0.147338522056437E+003
  0.100000000000000E+001  0.294635538169000E+003  0.759627019232583E+000  0.104752526707197E+001  0.521155534558382E+000  0.253746969446213E+000 -0.131028262406404E+000 -0.147317769084500E+003
  0.100000000000000E+001  0.294767932034974E+003  0.570305530929482E+000  0.144716268864396E+001  0.565936022235333E+000  0.291556654718238E+000 -0.131028262406404E+000 -0.147383966017487E+003
  0.100000000000000E+001  0.294785766230578E+003  0.161741820725764E+001  0.945897958135568E+000  0.250992400609743E+000  0.166198022426908E+000 -0.131028262406404E+000 -0.147392883115289E+003
  0.100000000000000E+001  0.297583883418208E+003  0.115442923164680E+001  0.186978136115914E+001  0.955946992085723E+000  0.466528857918960E+000 -0.131028262406404E+000 -0.148791941709104E+003
  0.100000000000000E+001  0.295412271890272E+003  0.677580684520785E+000  0.191724036489466E+001  0.746638511874234E+000  0.434322759780326E+000 -0.131028262406404E+000 -0.147706135945136E+003
  0.100000000000000E+001  0.294989869915514E+003  0.147290306248454E+001  0.789978140087345E+000  0.892692139662541E+000  0.246346894883556E+000 -0.131028262406404E+000 -0.147494934957757E+003
  0.100000000000000E+001  0.294892033287881E+003  0.478909599196609E+000  0.170532053248274E+001  0.539965625209637E-003  0.239047928972263E+000 -0.131028262406404E+000 -0.147446016643941E+003
  0.100000000000000E+001  0.295190838960995E+003  0.197521298204822E+000  0.195720862947274E+001  0.860893418769444E-001  0.270191358383875E+000 -0.131028262406404E+000 -0.147595419480498E+003
  0.100000000000000E+001  0.295092108532682E+003  0.328798191661459E+000  0.198967113258373E+001  0.879972074465259E+000  0.404634495786894E+000 -0.131028262406404E+000 -0.147546054266341E+003
  0.100000000000000E+001  0.295544437764072E+003  0.116519319656304E+001  0.114570372722634E+001  0.735043771840368E+000  0.367350450736312E+000 -0.131028262406404E+000 -0.147772218882036E+003
  0.100000000000000E+001  0.294965130355568E+003  0.451081922749562E+000  0.588551213364198E+000  0.598201039402437E+000  0.169493716849979E+000 -0.131028262406404E+000 -0.147482565177784E+003
  0.100000000000000E+001  0.294717111372829E+003  0.112840332999988E+001  0.131623122913733E+001  0.817441898980712E+000  0.186224949343767E+000 -0.131028262406404E+000 -0.147358555686414E+003
  0.100000000000000E+001  0.294713625944976E+003  0.153777490556334E+001  0.149557864974862E+001  0.585304347822963E+000  0.118798268595585E+000 -0.131028262406404E+000 -0.147356812972488E+003
  0.100000000000000E+001  0.294917139452749E+003  0.142339151445727E+001  0.899224984941038E+000  0.650857288981701E+000  0.230264618119789E+000 -0.131028262406404E+000 -0.147458569726374E+003
  0.100000000000000E+001  0.295219212301076E+003  0.121870751561913E+001  0.716062487998583E+000  0.942268933180152E+000  0.447899713307090E+000 -0.131028262406404E+000 -0.147609606150538E+003
  0.100000000000000E+001  0.299459745423883E+003  0.155429110184235E+001  0.184392546446231E+001  0.667075284085441E+000  0.421994715779610E+000 -0.131028262406404E+000 -0.149729872711942E+003
  0.100000000000000E+001  0.294772659556433E+003  0.132387444967638E+001  0.151746050127733E+001  0.390683518058319E+000  0.169460448342098E+000 -0.131028262406404E+000 -0.147386329778216E+003
  0.100000000000000E+001  0.294837741476750E+003  0.968957959949042E+000  0.177325555140542E+001  0.848165543869549E+000  0.116942064765170E+000 -0.131028262406404E+000 -0.147418870738375E+003
  0.100000000000000E+001  0.295469548616852E+003  0.101221306113088E+001  0.142010624546408E+001  0.564023185445425E+000  0.369261475414025E+000 -0.131028262406404E+000 -0.147734774308426E+003
  0.100000000000000E+001  0.294948516874314E+003  0.392958961057202E+000  0.154967430394379E+001  0.919155563234396E+000  0.231243494828004E+000 -0.131028262406404E+000 -0.147474258437157E+003
  0.100000000000000E+001  0.294713297000100E+003  0.877411125221125E+000  0.130180234950996E+001  0.825395177756951E+000  0.186170505367120E+000 -0.131028262406404E+000 -0.147356648500050E+003
  0.100000000000000E+001  0.294724237866305E+003  0.169333558235726E+001  0.129560660275792E+001  0.849404003120986E+000  0.126826861089202E+000 -0.131028262406404E+000 -0.147362118933152E+003
  0.100000000000000E+001  0.294575745651515E+003  0.545071994905014E+000  0.750957521094097E+000  0.996901025198538E+000  0.313168517280511E+000 -0.131028262406404E+000 -0.147287872825758E+003
  0.100000000000000E+001  0.297126066047683E+003  0.166029347672832E+001  0.147162362823031E+001  0.914610558242082E+000  0.310882952890283E+000 -0.131028262406404E+000 -0.148563033023841E+003
  0.100000000000000E+001  0.295350761933679E+003  0.126793501939986E+001  0.969625456609600E+000  0.173917843718106E+000  0.338354776594977E+000 -0.131028262406404E+000 -0.147675380966839E+003
  0.100000000000000E+001  0.294879507955916E+003  0.495786627485187E+000  0.132567353400376E+001  0.203622772798411E+000  0.201929074043805E+000 -0.131028262406404E+000 -0.147439753977958E+003
  0.100000000000000E+001  0.295653386790485E+003  0.133318342061176E+001  0.166567341089457E+001  0.883765174874269E+000  0.279456641182433E+000 -0.131028262406404E+000 -0.147826693395242E+003
  0.100000000000000E+001  0.296103433626197E+003  0.156082810738853E+001  0.173022612280302E+001  0.774645791785597E+000  0.267129600580503E+000 -0.131028262406404E+000 -0.148051716813099E+003
  0.100000000000000E+001  0.296493658159244E+003  0.183741565484931E+001  0.187787866651178E+001  0.443936406835573E+000  0.244017142604949E+000 -0.131028262406404E+000 -0.148246829079622E+003
  0.100000000000000E+001  0.294697866720837E+003  0.522196046582716E+000  0.124063328613285E+001  0.147372309156252E+000  0.364122075357429E+000 -0.131028262406404E+000 -0.147348933360419E+003
  0.100000000000000E+001  0.294932472997974E+003  0.663574022167788E+000  0.154600622945853E+001  0.398517830764556E+000  0.371388678117858E+000 -0.131028262406404E+000 -0.147466236498987E+003
  0.100000000000000E+001  0.294662722808935E+003  0.112806723394014E+001  0.818267576948927E+000  0.360439414693864E+000  0.150633744498275E+000 -0.131028262406404E+000 -0.147331361404467E+003
  0.100000000000000E+001  0.294684220476853E+003  0.108971483372325E+001  0.692924435649200E+000  0.503416447576866E+000  0.375020566209861E+000 -0.131028262406404E+000 -0.147342110238426E+003
  0.100000000000000E+001  0.295068774812813E+003  0.447670086466527E+000  0.142078640376260E+001  0.439735465431000E+000  0.135470304547382E+000 -0.131028262406404E+000 -0.147534387406407E+003
  0.100000000000000E+001  0.295117643063903E+003  0.231304056221234E+000  0.885142027138597E+000  0.919724293538862E+000  0.223585956183150E+000 -0.131028262406404E+000 -0.147558821531952E+003
  0.100000000000000E+001  0.294740366290349E+003  0.101384248193544E+001  0.155226371846301E+001  0.584394792915185E+000  0.184612008296121E+000 -0.131028262406404E+000 -0.147370183145174E+003
  0.100000000000000E+001  0.295071066932773E+003  0.328046995085256E+000  0.197156220393922E+001  0.737057241705522E+000  0.222553201373795E+000 -0.131028262406404E+000 -0.147535533466387E+003
  0.100000000000000E+001  0.295141229718748E+003  0.123438924757155E+001  0.126555787154375E+001  0.427547178205123E+000  0.272649783147499E+000 -0.131028262406404E+000 -0.147570614859374E+003
  0.100000000000000E+001  0.299404257156292E+003  0.159619463624443E+001  0.112090554234034E+001  0.372180160946622E+000  0.476623857261087E+000 -0.131028262406404E+000 -0.149702128578146E+003
  0.100000000000000E+001  0.294722191951062E+003  0.172885480439858E+001  0.172670184963767E+001  0.239971503250993E+000  0.102858066222842E+000 -0.131028262406404E+000 -0.147361095975531E+003
  0.100000000000000E+001  0.294599222524109E+003  0.959426733146197E+000  0.854123564720596E+000  0.387792262180469E+000  0.230649262659481E+000 -0.131028262406404E+000 -0.147299611262055E+003
  0.100000000000000E+001  0.295137811422344E+003  0.487155561650457E+000  0.156686010390258E+001  0.745667808814173E+000  0.101045941398792E+000 -0.131028262406404E+000 -0.147568905711172E+003
  0.100000000000000E+001  0.294668614479383E+003  0.114851255745563E+001  0.104403360046697E+001  0.778102971242368E+000  0.164006782457191E+000 -0.131028262406404E+000 -0.147334307239691E+003
  0.100000000000000E+001  0.294900437711904E+003  0.799397559416773E+000  0.137813029254758E+001  0.547682644697122E+000  0.116018099460220E+000 -0.131028262406404E+000 -0.147450218855952E+003
  0.100000000000000E+001  0.294622355392214E+003  0.130254581989072E+001  0.634846154169348E+000  0.845227127826108E+000  0.196464728682721E+000 -0.131028262406404E+000 -0.147311177696107E+003
  0.100000000000000E+001  0.295130236096600E+003  0.119540517817740E+001  0.169558339611695E+001  0.568862768628882E+000  0.249161774823178E+000 -0.131028262406404E+000 -0.147565118048300E+003
  0.100000000000000E+001  0.294532153952936E+003  0.109467052922223E+001  0.595953211892352E+000  0.754340840875704E+000  0.307210423792832E+000 -0.131028262406404E+000 -0.147266076976468E+003
  0.100000000000000E+001  0.295014505944655E+003  0.578617957990595E+000  0.190476679857845E+001  0.530854818599000E+000  0.126404588149271E+000 -0.131028262406404E+000 -0.147507252972327E+003
  0.100000000000000E+001  0.294637332466840E+003  0.131278688611323E+001  0.732926920158413E+000  0.847666631154532E+000  0.176376371111747E+000 -0.131028262406404E+000 -0.147318666233420E+003
  0.100000000000000E+001  0.294872682950949E+003  0.108576350674088E+001  0.156949288233419E+001  0.914098508484768E+000  0.230083940340006E+000 -0.131028262406404E+000 -0.147436341475475E+003
  0.100000000000000E+001  0.295239948105848E+003  0.117577684395992E+000  0.968115921019772E+000  0.303119324380649E+000  0.296433455012491E+000 -0.131028262406404E+000 -0.147619974052924E+003
  0.100000000000000E+001  0.295625110537673E+003  0.159035221650419E+001  0.582026234484294E+000  0.227752472911743E-001  0.371747346486438E+000 -0.131028262406404E+000 -0.147812555268836E+003
  0.100000000000000E+001  0.297440631513463E+003  0.186456738507771E+001  0.985615817408498E+000  0.774306304937936E+000  0.324932298240841E+000 -0.131028262406404E+000 -0.148720315756731E+003
  0.100000000000000E+001  0.294543095431806E+003  0.703910594992140E+000  0.920549573735262E+000  0.902996750932888E+000  0.341235407027816E+000 -0.131028262406404E+000 -0.147271547715903E+003
  0.100000000000000E+001  0.294878961280135E+003  0.453539631113960E+000  0.911074972762478E+000  0.218207175813613E+000  0.207322700229276E+000 -0.131028262406404E+000 -0.147439480640068E+003
  0.100000000000000E+001  0.296054330061001E+003  0.179170252574024E+001  0.134604172543900E+001  0.107999177040519E+000  0.240715358255678E+000 -0.131028262406404E+000 -0.148027165030500E+003
  0.100000000000000E+001  0.294880664118563E+003  0.529894124233970E+000  0.150436416774159E+001  0.216187883623318E+000  0.195644000962494E+000 -0.131028262406404E+000 -0.147440332059282E+003
  0.100000000000000E+001  0.294924150069914E+003  0.474609666359442E+000  0.145928736632868E+001  0.499366141429395E+000  0.487718866923341E+000 -0.131028262406404E+000 -0.147462075034957E+003
  0.100000000000000E+001  0.294664832807512E+003  0.170195969772539E+001  0.720577623228457E+000  0.857300458200265E+000  0.115088033135196E+000 -0.131028262406404E+000 -0.147332416403756E+003
  0.100000000000000E+001  0.295048161582558E+003  0.154277098245871E+001  0.143212339807997E+001  0.639708711381074E-001  0.195263874338894E+000 -0.131028262406404E+000 -0.147524080791279E+003
  0.100000000000000E+001  0.302003628756879E+003  0.176079752527270E+001  0.187099251189752E+001  0.128423412838409E+000  0.448051057694836E+000 -0.131028262406404E+000 -0.151001814378439E+003
  0.100000000000000E+001  0.294922920714692E+003  0.746149509084190E+000  0.123523448914351E+001  0.825680172795284E+000  0.425071533664481E+000 -0.131028262406404E+000 -0.147461460357346E+003
  0.100000000000000E+001  0.294722486831101E+003  0.124360640440228E+001  0.755843865394344E+000  0.670189454968747E+000  0.113384314971300E+000 -0.131028262406404E+000 -0.147361243415551E+003
  0.100000000000000E+001  0.298372648881847E+003  0.151941019118188E+001  0.127335794771563E+001  0.459060230575321E+000  0.425986200836924E+000 -0.131028262406404E+000 -0.149186324440924E+003
  0.100000000000000E+001  0.296965212064597E+003  0.142129938487454E+001  0.125342037717142E+001  0.914565689816596E+000  0.383159043260330E+000 -0.131028262406404E+000 -0.148482606032299E+003
  0.100000000000000E+001  0.294879712907488E+003  0.507241266309506E+000  0.170290510452290E+001  0.550978304824384E+000  0.328093084015728E+000 -0.131028262406404E+000 -0.147439856453744E+003
  0.100000000000000E+001  0.294378441390316E+003  0.639341642721402E+000  0.779955221860053E+000  0.610554841955397E-001  0.482702999219993E+000 -0.131028262406404E+000 -0.147189220695158E+003
  0.100000000000000E+001  0.295608952555532E+003  0.159619217203530E+001  0.907944260444419E+000  0.719349801388888E-001  0.278560938172770E+000 -0.131028262406404E+000 -0.147804476277766E+003
  0.100000000000000E+001  0.294998205067539E+003  0.188728470743013E+001  0.109094759133106E+001  0.424692037407066E+000  0.162481146302382E+000 -0.131028262406404E+000 -0.147499102533769E+003
  0.100000000000000E+001  0.294404670848660E+003  0.508078870650538E+000  0.644857278927933E+000  0.695392198298859E+000  0.427680739357371E+000 -0.131028262406404E+000 -0.147202335424330E+003
  0.100000000000000E+001  0.294381422919602E+003  0.903899687452318E+000  0.535942535723734E+000  0.845575773949042E+000  0.328554569669222E+000 -0.131028262406404E+000 -0.147190711459801E+003
  0.100000000000000E+001  0.294956831736976E+003  0.509860917194223E+000  0.128651252026963E+001  0.550769966057731E+000  0.158857272207544E+000 -0.131028262406404E+000 -0.147478415868488E+003
  0.100000000000000E+001  0.295798945182674E+003  0.183746379740811E+001  0.898222917790085E+000  0.896482988830519E+000  0.245283027807543E+000 -0.131028262406404E+000 -0.147899472591337E+003
  0.100000000000000E+001  0.296663689807583E+003  0.108683329037417E+001  0.145254167397590E+001  0.813022917057218E-001  0.461847196132636E+000 -0.131028262406404E+000 -0.148331844903791E+003
  0.100000000000000E+001  0.296045873775696E+003  0.173031116776935E+001  0.564652453613951E+000  0.905250816864537E+000  0.372510548479888E+000 -0.131028262406404E+000 -0.148022936887848E+003
  0.100000000000000E+001  0.295874979371817E+003  0.161263947724091E+001  0.716632488815494E+000  0.276370092968211E+000  0.341029589818443E+000 -0.131028262406404E+000 -0.147937489685908E+003
  0.100000000000000E+001  0.294678870012117E+003  0.984506086084606E+000  0.781809440473164E+000  0.682286341054178E+000  0.396880821869759E+000 -0.131028262406404E+000 -0.147339435006058E+003
  0.100000000000000E+001  0.295198385083718E+003  0.156860438735168E+000  0.180173210245986E+001  0.397896529340334E-001  0.377264719279251E+000 -0.131028262406404E+000 -0.147599192541859E+003
  0.100000000000000E+001  0.294864737176295E+003  0.499706570777534E+000  0.159462108762766E+001  0.266022047801198E+000  0.233295478947843E+000 -0.131028262406404E+000 -0.147432368588147E+003
  0.100000000000000E+001  0.296275455322582E+003  0.133354186027943E+001  0.125964258872894E+001  0.999075958586737E+000  0.361589688560422E+000 -0.131028262406404E+000 -0.148137727661291E+003
  0.100000000000000E+001  0.296380466815024E+003  0.126241354666279E+001  0.109542593003591E+001  0.906119705379935E-001  0.429724293610917E+000 -0.131028262406404E+000 -0.148190233407512E+003
  0.100000000000000E+001  0.295258635871512E+003  0.155469920833486E+001  0.837480812366997E+000  0.771006340848652E+000  0.259555382913646E+000 -0.131028262406404E+000 -0.147629317935756E+003
  0.100000000000000E+001  0.295795939965919E+003  0.149081557219037E+001  0.120874869797139E+001  0.914738946482325E+000  0.286309424015015E+000 -0.131028262406404E+000 -0.147897969982960E+003
  0.100000000000000E+001  0.294722474361798E+003  0.184880973305858E+001  0.681801719495264E+000  0.895783809299335E-001  0.136795695993422E+000 -0.131028262406404E+000 -0.147361237180899E+003
  0.100000000000000E+001  0.300673007515625E+003  0.160512068445655E+001  0.170916043972273E+001  0.528857012273895E+000  0.453036974839926E+000 -0.131028262406404E+000 -0.150336503757812E+003
  0.100000000000000E+001  0.294677562040197E+003  0.991217153796648E+000  0.794311841172835E+000  0.813461296935469E+000  0.378001329189527E+000 -0.131028262406404E+000 -0.147338781020098E+003
  0.100000000000000E+001  0.294688332787977E+003  0.135035206511258E+001  0.116191982081440E+001  0.839945875258067E+000  0.142763153275555E+000 -0.131028262406404E+000 -0.147344166393988E+003
  0.100000000000000E+001  0.295091298897681E+003  0.224480161553202E+000  0.172262286106492E+001  0.300180447366008E+000  0.465121529198448E+000 -0.131028262406404E+000 -0.147545649448840E+003
  0.100000000000000E+001  0.296636485944262E+003  0.101726114378918E+001  0.182462143153133E+001  0.271423790698937E+000  0.451857896476585E+000 -0.131028262406404E+000 -0.148318242972131E+003
  0.100000000000000E+001  0.295690606482315E+003  0.155992077704349E+001  0.549289753901149E+000  0.466627743833031E+000  0.427788176650607E+000 -0.131028262406404E+000 -0.147845303241157E+003
  0.100000000000000E+001  0.294737395642584E+003  0.306743703282775E+000  0.105840884831179E+001  0.626832779652968E+000  0.467914761144374E+000 -0.131028262406404E+000 -0.147368697821292E+003
  0.100000000000000E+001  0.295279525287693E+003  0.114767075448636E+000  0.188258899380947E+001  0.757504470407469E+000  0.415517561033593E+000 -0.131028262406404E+000 -0.147639762643846E+003
  0.100000000000000E+001  0.295162112924993E+003  0.779079469206220E+000  0.193017405216587E+001  0.253636334055838E+000  0.338960367346106E+000 -0.131028262406404E+000 -0.147581056462497E+003
  0.100000000000000E+001  0.294881897052345E+003  0.399228813955581E+000  0.776021957931182E+000  0.912970599391414E+000  0.230755125455420E+000 -0.131028262406404E+000 -0.147440948526172E+003
  0.100000000000000E+001  0.301358743341759E+003  0.194195545499605E+001  0.198861231240997E+001  0.151422165681608E-001  0.387356064662643E+000 -0.131028262406404E+000 -0.150679371670880E+003
  0.100000000000000E+001  0.295077389185016E+003  0.899207675911042E+000  0.130866158965733E+001  0.551436798529432E+000  0.366910754419083E+000 -0.131028262406404E+000 -0.147538694592508E+003
  0.100000000000000E+001  0.294529282896611E+003  0.477518929229963E+000  0.929164944308928E+000  0.170153338242618E+000  0.442710784666133E+000 -0.131028262406404E+000 -0.147264641448305E+003
  0.100000000000000E+001  0.295000622114830E+003  0.919340214878014E+000  0.143119958108031E+001  0.176015605850670E+000  0.318480852158800E+000 -0.131028262406404E+000 -0.147500311057415E+003
  0.100000000000000E+001  0.294849835728081E+003  0.495890967637292E+000  0.157678754155294E+001  0.338871706431244E+000  0.355413096665906E+000 -0.131028262406404E+000 -0.147424917864040E+003
  0.100000000000000E+001  0.295862149286540E+003  0.137571775561267E+001  0.129548419866959E+001  0.681332973798817E+000  0.311452620930651E+000 -0.131028262406404E+000 -0.147931074643270E+003
  0.100000000000000E+001  0.294377359788237E+003  0.542894407827169E+000  0.715054061267695E+000  0.845531062658642E+000  0.448820182188657E+000 -0.131028262406404E+000 -0.147188679894118E+003
  0.100000000000000E+001  0.295011760172724E+003  0.115632343546792E+001  0.788667465087907E+000  0.585816374680860E+000  0.390389748967609E+000 -0.131028262406404E+000 -0.147505880086362E+003
  0.100000000000000E+001  0.295036560159118E+003  0.637771618351887E+000  0.188031736568671E+001  0.241467691859365E+000  0.105770219083871E+000 -0.131028262406404E+000 -0.147518280079559E+003
  0.100000000000000E+001  0.294727796573250E+003  0.129136796703513E+001  0.160966355724982E+001  0.341812990905098E+000  0.136978751945190E+000 -0.131028262406404E+000 -0.147363898286625E+003
  0.100000000000000E+001  0.298575000181857E+003  0.185522838680304E+001  0.173358833372664E+001  0.102215182270928E+000  0.320538238683807E+000 -0.131028262406404E+000 -0.149287500090928E+003
  0.100000000000000E+001  0.295373812717635E+003  0.115365324673037E+001  0.103361688531942E+001  0.593151303459780E+000  0.374239513673626E+000 -0.131028262406404E+000 -0.147686906358817E+003
  0.100000000000000E+001  0.296014745662156E+003  0.183959912079932E+001  0.192077789472603E+001  0.639679769401345E+000  0.220492031241199E+000 -0.131028262406404E+000 -0.148007372831078E+003
  0.100000000000000E+001  0.294818902235009E+003  0.477670122939963E+000  0.803099041825947E+000  0.783518473451040E+000  0.221841675540667E+000 -0.131028262406404E+000 -0.147409451117505E+003
  0.100000000000000E+001  0.295446973558990E+003  0.765381496277655E+000  0.151099712796508E+001  0.801534751678144E+000  0.464642931023587E+000 -0.131028262406404E+000 -0.147723486779495E+003
  0.100000000000000E+001  0.294965831890140E+003  0.371624653043383E+000  0.163172009353448E+001  0.507863443379014E+000  0.243484597748544E+000 -0.131028262406404E+000 -0.147482915945070E+003
  0.100000000000000E+001  0.295283938094246E+003  0.131015709800079E+001  0.181015690407149E+001  0.853320141387945E+000  0.243153656094503E+000 -0.131028262406404E+000 -0.147641969047123E+003
  0.100000000000000E+001  0.294888301891022E+003  0.585013520866204E+000  0.197969819388208E+001  0.273009938243277E+000  0.229917687299912E+000 -0.131028262406404E+000 -0.147444150945511E+003
  0.100000000000000E+001  0.300082611473916E+003  0.176145633368873E+001  0.198465339325905E+001  0.954667867736402E+000  0.391268059134585E+000 -0.131028262406404E+000 -0.150041305736958E+003
  0.100000000000000E+001  0.294757934794811E+003  0.643241130619089E+000  0.122512057449269E+001  0.164555801344628E+000  0.413921989080176E+000 -0.131028262406404E+000 -0.147378967397405E+003
  0.100000000000000E+001  0.294739289503497E+003  0.767682426756309E+000  0.134037261590841E+001  0.769722019242940E+000  0.194135165311514E+000 -0.131028262406404E+000 -0.147369644751749E+003
  0.100000000000000E+001  0.300621913237270E+003  0.188766778805904E+001  0.120647585713377E+001  0.726764386840459E+000  0.410504518712308E+000 -0.131028262406404E+000 -0.150310956618635E+003
  0.100000000000000E+001  0.295081373364745E+003  0.388825261120544E+000  0.182711811715207E+001  0.254707558393221E+000  0.462845830164877E+000 -0.131028262406404E+000 -0.147540686682373E+003
  0.100000000000000E+001  0.294992673948480E+003  0.915629063954402E+000  0.195565372586041E+001  0.726760184751360E+000  0.264020655665068E+000 -0.131028262406404E+000 -0.147496336974240E+003
  0.100000000000000E+001  0.294836635119752E+003  0.756227828239712E+000  0.132935028584555E+001  0.558905072170026E+000  0.144391986854632E+000 -0.131028262406404E+000 -0.147418317559876E+003
  0.100000000000000E+001  0.296915278013105E+003  0.165629039495748E+001  0.803967741646658E+000  0.821692046612273E+000  0.395460759566802E+000 -0.131028262406404E+000 -0.148457639006552E+003
  0.100000000000000E+001  0.294905151413366E+003  0.584175420672665E+000  0.106986903736792E+001  0.904623271910801E+000  0.154055622572707E+000 -0.131028262406404E+000 -0.147452575706683E+003
  0.100000000000000E+001  0.295259161717126E+003  0.241187321545132E+000  0.896467108461632E+000  0.115850676787817E+000  0.129308562883277E+000 -0.131028262406404E+000 -0.147629580858563E+003
  0.100000000000000E+001  0.295878533333692E+003  0.193457969588262E+001  0.114650468776445E+001  0.375846174228184E+000  0.219963439416540E+000 -0.131028262406404E+000 -0.147939266666846E+003
  0.100000000000000E+001  0.295827583472320E+003  0.986712602133372E+000  0.181355064709484E+001  0.801615578386236E+000  0.382236510963992E+000 -0.131028262406404E+000 -0.147913791736160E+003
  0.100000000000000E+001  0.297080281048556E+003  0.196945264689324E+001  0.548098463070197E+000  0.580152628582936E-001  0.385668693527653E+000 -0.131028262406404E+000 -0.148540140524278E+003
  0.100000000000000E+001  0.296456708812739E+003  0.943652349132467E+000  0.155414191239663E+001  0.239304666209979E+000  0.498442788056298E+000 -0.131028262406404E+000 -0.148228354406370E+003
  0.100000000000000E+001  0.302405584953607E+003  0.190823794040711E+001  0.122305406344191E+001  0.687639024182899E+000  0.456460438391232E+000 -0.131028262406404E+000 -0.151202792476804E+003
  0.100000000000000E+001  0.294710919658184E+003  0.897790565503260E+000  0.131230446921210E+001  0.499518092590282E+000  0.227810169586725E+000 -0.131028262406404E+000 -0.147355459829092E+003
  0.100000000000000E+001  0.300373345569643E+003  0.162186167636176E+001  0.163596669313876E+001  0.501533222759230E+000  0.439758045923401E+000 -0.131028262406404E+000 -0.150186672784822E+003
  0.100000000000000E+001  0.295067811998041E+003  0.327771174645215E+000  0.967235598807785E+000  0.592729358303739E+000  0.181633443511004E+000 -0.131028262406404E+000 -0.147533905999020E+003
  0.100000000000000E+001  0.296727185986850E+003  0.145931935842381E+001  0.791637995949930E+000  0.796815344979610E-001  0.477500594378846E+000 -0.131028262406404E+000 -0.148363592993425E+003
  0.100000000000000E+001  0.298674624897366E+003  0.189101627540004E+001  0.182444161000267E+001  0.708914114239171E+000  0.316667080257139E+000 -0.131028262406404E+000 -0.149337312448683E+003
  0.100000000000000E+001  0.297196660916665E+003  0.171742067540761E+001  0.735876526874494E+000  0.779910019689466E+000  0.418415675141838E+000 -0.131028262406404E+000 -0.148598330458332E+003
  0.100000000000000E+001  0.300063647565737E+003  0.179473811040766E+001  0.128053783348829E+001  0.467613465222286E+000  0.408185646707706E+000 -0.131028262406404E+000 -0.150031823782869E+003
  0.100000000000000E+001  0.295108245786771E+003  0.807749684218913E+000  0.135587564830818E+001  0.716786603162329E+000  0.406584287227166E+000 -0.131028262406404E+000 -0.147554122893386E+003
  0.100000000000000E+001  0.294915779249949E+003  0.535214051421367E+000  0.167550627513140E+001  0.689584580775583E+000  0.368862699228791E+000 -0.131028262406404E+000 -0.147457889624974E+003
  0.100000000000000E+001  0.295103385809492E+003  0.123159000320748E+000  0.709929793133534E+000  0.479469753347467E+000  0.467468196321931E+000 -0.131028262406404E+000 -0.147551692904746E+003
  0.100000000000000E+001  0.295057469857648E+003  0.445536368201427E+000  0.173528438462517E+001  0.504626659811658E-003  0.145666523023150E+000 -0.131028262406404E+000 -0.147528734928824E+003
  0.100000000000000E+001  0.294691089642433E+003  0.118964461048614E+001  0.118177936445398E+001  0.480788938224431E+000  0.172298735744081E+000 -0.131028262406404E+000 -0.147345544821217E+003
  0.100000000000000E+001  0.295224940754354E+003  0.255566779794702E+000  0.199775061745553E+001  0.957048892742807E+000  0.153316008774175E+000 -0.131028262406404E+000 -0.147612470377177E+003
  0.100000000000000E+001  0.295643706129482E+003  0.126228096375609E+001  0.134105273835065E+001  0.661616180474908E+000  0.317402596926247E+000 -0.131028262406404E+000 -0.147821853064741E+003
  0.100000000000000E+001  0.295166262185207E+003  0.395676702013986E+000  0.105135777309435E+001  0.416091750215511E+000  0.111784797397575E+000 -0.131028262406404E+000 -0.147583131092603E+003
  0.100000000000000E+001  0.295598083323946E+003  0.874667255776801E+000  0.129811722075949E+001  0.906479438833148E+000  0.481980559444232E+000 -0.131028262406404E+000 -0.147799041661973E+003
  0.100000000000000E+001  0.294708541481728E+003  0.949918598045926E+000  0.134463158366657E+001  0.918706519968162E+000  0.191612935705055E+000 -0.131028262406404E+000 -0.147354270740864E+003
  0.100000000000000E+001  0.294946682928107E+003  0.351929786944678E+000  0.597116159909203E+000  0.945367286978516E+000  0.225852345783259E+000 -0.131028262406404E+000 -0.147473341464054E+003
  0.100000000000000E+001  0.294807018849699E+003  0.633813269389342E+000  0.138251273563412E+001  0.125249957965874E+000  0.372997512157860E+000 -0.131028262406404E+000 -0.147403509424849E+003
  0.100000000000000E+001  0.295224501431450E+003  0.180779191786954E+000  0.197838241311239E+001  0.856493660966896E+000  0.251861953411498E+000 -0.131028262406404E+000 -0.147612250715725E+003
  0.100000000000000E+001  0.297878579371383E+003  0.114919994286572E+001  0.179921568474985E+001  0.206965446398122E+000  0.491436035920960E+000 -0.131028262406404E+000 -0.148939289685691E+003
  0.100000000000000E+001  0.294650813886491E+003  0.156222213716507E+001  0.604369050253629E+000  0.292623718063876E+000  0.122690679578892E+000 -0.131028262406404E+000 -0.147325406943246E+003
  0.100000000000000E+001  0.294833534842577E+003  0.461730941652391E+000  0.152247933160880E+001  0.500078415874038E+000  0.358008702673624E+000 -0.131028262406404E+000 -0.147416767421289E+003
  0.100000000000000E+001  0.294888879417597E+003  0.863999902689515E+000  0.155237747514887E+001  0.551448548595056E+000  0.287063956407122E+000 -0.131028262406404E+000 -0.147444439708799E+003
  0.100000000000000E+001  0.294621611163616E+003  0.117527994355723E+001  0.719368205082740E+000  0.230715329691969E+000  0.231818634812018E+000 -0.131028262406404E+000 -0.147310805581808E+003
  0.100000000000000E+001  0.298703834706940E+003  0.178692374792819E+001  0.909544473066465E+000  0.972886052289074E+000  0.426588618313418E+000 -0.131028262406404E+000 -0.149351917353470E+003
  0.100000000000000E+001  0.294858395205387E+003  0.648841983920523E+000  0.735649626080967E+000  0.817574401488998E+000  0.151570833458264E+000 -0.131028262406404E+000 -0.147429197602694E+003
  0.100000000000000E+001  0.295225703112226E+003  0.149681747108071E+001  0.539165823644458E+000  0.998762202626253E+000  0.370782037691604E+000 -0.131028262406404E+000 -0.147612851556113E+003
  0.100000000000000E+001  0.294734287929853E+003  0.668445170813845E+000  0.124170775373136E+001  0.347828001970344E+000  0.218171513464148E+000 -0.131028262406404E+000 -0.147367143964926E+003
  0.100000000000000E+001  0.294602907336205E+003  0.114576930343101E+001  0.645330521412578E+000  0.760456681592958E+000  0.285593390098073E+000 -0.131028262406404E+000 -0.147301453668103E+003
  0.100000000000000E+001  0.296245552171473E+003  0.153947953726084E+001  0.125285730294438E+001  0.999613632529790E+000  0.303934509801337E+000 -0.131028262406404E+000 -0.148122776085736E+003
  0.100000000000000E+001  0.295375305911649E+003  0.157478874313113E+001  0.888334470784377E+000  0.151280965558410E+000  0.261957123272605E+000 -0.131028262406404E+000 -0.147687652955824E+003
  0.100000000000000E+001  0.295019437568225E+003  0.116214467415481E+001  0.729480814579377E+000  0.997448680677886E+000  0.426681546167423E+000 -0.131028262406404E+000 -0.147509718784113E+003
  0.100000000000000E+001  0.295126205791772E+003  0.303771224823084E+000  0.116793124687032E+001  0.810099527125821E+000  0.167291710072557E+000 -0.131028262406404E+000 -0.147563102895886E+003
  0.100000000000000E+001  0.294565128720839E+003  0.792110361369067E+000  0.877025979206328E+000  0.264495677975232E+000  0.279673673704019E+000 -0.131028262406404E+000 -0.147282564360420E+003
  0.100000000000000E+001  0.294551043823004E+003  0.899329703565988E+000  0.576649928484297E+000  0.140293224222253E-001  0.222538254316350E+000 -0.131028262406404E+000 -0.147275521911502E+003
  0.100000000000000E+001  0.295360705128428E+003  0.131238941371391E+001  0.153188389698761E+001  0.496730296237233E+000  0.262457281406841E+000 -0.131028262406404E+000 -0.147680352564214E+003
  0.100000000000000E+001  0.296200281673312E+003  0.167538611275518E+001  0.105749329000933E+001  0.984309268719616E+000  0.289414501093125E+000 -0.131028262406404E+000 -0.148100140836656E+003
  0.100000000000000E+001  0.295108976676317E+003  0.261334910605197E+000  0.147689935798156E+001  0.382176401038572E+000  0.216740602200205E+000 -0.131028262406404E+000 -0.147554488338158E+003
  0.100000000000000E+001  0.294750554287581E+003  0.121524628797370E+001  0.182872458388242E+001  0.274717393399598E+000  0.141710240388438E+000 -0.131028262406404E+000 -0.147375277143791E+003
  0.100000000000000E+001  0.296222298573683E+003  0.190927639973377E+001  0.817143020555429E+000  0.704023821944921E+000  0.269172225864655E+000 -0.131028262406404E+000 -0.148111149286841E+003
  0.100000000000000E+001  0.294635240382474E+003  0.126406977594182E+001  0.664893513460317E+000  0.766122319408733E+000  0.220063055027730E+000 -0.131028262406404E+000 -0.147317620191237E+003
  0.100000000000000E+001  0.296752186718545E+003  0.181103855435046E+001  0.742556433508073E+000  0.121389183145469E-001  0.345330162197207E+000 -0.131028262406404E+000 -0.148376093359272E+003
  0.100000000000000E+001  0.294570162257078E+003  0.979533609684699E+000  0.762164006644197E+000  0.636158448597011E-001  0.310276668967220E+000 -0.131028262406404E+000 -0.147285081128539E+003
  0.100000000000000E+001  0.295080307933738E+003  0.100717666741208E+001  0.109112581463983E+001  0.146563340138320E+000  0.372495380608114E+000 -0.131028262406404E+000 -0.147540153966869E+003
  0.100000000000000E+001  0.295773994474738E+003  0.848531795590962E+000  0.164225075876788E+001  0.190234528815838E+000  0.450734363502150E+000 -0.131028262406404E+000 -0.147886997237369E+003
  0.100000000000000E+001  0.295216166474465E+003  0.278431194767080E+000  0.514336607260145E+000  0.162979594913171E+000  0.133354879794609E+000 -0.131028262406404E+000 -0.147608083237232E+003
  0.100000000000000E+001  0.296617143831493E+003  0.183102865956741E+001  0.187224073100045E+001  0.939373366191346E+000  0.250398847150836E+000 -0.131028262406404E+000 -0.148308571915746E+003
  0.100000000000000E+001  0.294740690915414E+003  0.598027108866700E+000  0.135808660406320E+001  0.206007285633403E+000  0.269447977962316E+000 -0.131028262406404E+000 -0.147370345457707E+003
  0.100000000000000E+001  0.295094172571354E+003  0.497747142887807E+000  0.171108953485569E+001  0.391984816462109E+000  0.466232991005939E+000 -0.131028262406404E+000 -0.147547086285677E+003
  0.100000000000000E+001  0.294953232121166E+003  0.421168716981007E+000  0.187363403739517E+001  0.308726540301778E+000  0.310608739787622E+000 -0.131028262406404E+000 -0.147476616060583E+003
  0.100000000000000E+001  0.294880383342939E+003  0.634513938537109E+000  0.198005875229246E+001  0.958993935911441E-001  0.246694164570519E+000 -0.131028262406404E+000 -0.147440191671470E+003
  0.100000000000000E+001  0.295587092715764E+003  0.155385859627294E+001  0.520746693732029E+000  0.769679054978071E+000  0.436548403213787E+000 -0.131028262406404E+000 -0.147793546357882E+003
  0.100000000000000E+001  0.294675319560168E+003  0.120974818721717E+001  0.108392559642934E+001  0.325285583822936E+000  0.158806033109896E+000 -0.131028262406404E+000 -0.147337659780084E+003
  0.100000000000000E+001  0.294715298029130E+003  0.362309963472384E+000  0.962398004612104E+000  0.204414688781612E+000  0.374739718788103E+000 -0.131028262406404E+000 -0.147357649014565E+003
  0.100000000000000E+001  0.294961272482722E+003  0.441742308102374E+000  0.193472528593395E+001  0.299238997203225E+000  0.230706367416953E+000 -0.131028262406404E+000 -0.147480636241361E+003
  0.100000000000000E+001  0.294631946109645E+003  0.146196727057795E+001  0.508611997766870E+000  0.981448784328430E+000  0.135116853515086E+000 -0.131028262406404E+000 -0.147315973054823E+003
  0.100000000000000E+001  0.300845063307521E+003  0.174830250423166E+001  0.170389978814440E+001  0.903326804870377E+000  0.416345392144256E+000 -0.131028262406404E+000 -0.150422531653760E+003
  0.100000000000000E+001  0.299586787020957E+003  0.173962039380338E+001  0.173211267914677E+001  0.104272704382379E+000  0.377952028222513E+000 -0.131028262406404E+000 -0.149793393510478E+003
  0.100000000000000E+001  0.298151365375739E+003  0.159573923052986E+001  0.148420488497772E+001  0.764007599476985E+000  0.370513348029667E+000 -0.131028262406404E+000 -0.149075682687870E+003
  0.100000000000000E+001  0.294668489209439E+003  0.844162265996048E+000  0.763990341254895E+000  0.771689440186210E+000  0.182978090802427E+000 -0.131028262406404E+000 -0.147334244604719E+003
  0.100000000000000E+001  0.295308470154200E+003  0.107003292948539E+000  0.170970882131723E+001  0.345203615296284E+000  0.271097933336370E+000 -0.131028262406404E+000 -0.147654235077100E+003
  0.100000000000000E+001  0.296321251898474E+003  0.142163194350736E+001  0.814496561072012E+000  0.186457567586039E-001  0.442972910418260E+000 -0.131028262406404E+000 -0.148160625949237E+003
  0.100000000000000E+001  0.295089354176612E+003  0.817413197221514E+000  0.167110279296767E+001  0.947229524871941E-001  0.339370063178697E+000 -0.131028262406404E+000 -0.147544677088306E+003
  0.100000000000000E+001  0.294718188445701E+003  0.105503564176868E+001  0.131077222214390E+001  0.893450815073956E+000  0.149542067339097E+000 -0.131028262406404E+000 -0.147359094222850E+003
  0.100000000000000E+001  0.295121876855400E+003  0.109686911965265E+001  0.143335562997929E+001  0.560650736778526E+000  0.288442405543278E+000 -0.131028262406404E+000 -0.147560938427700E+003
  0.100000000000000E+001  0.294817896684483E+003  0.764000364999103E+000  0.174505336372779E+001  0.711345543218095E+000  0.168064150849108E+000 -0.131028262406404E+000 -0.147408948342242E+003
  0.100000000000000E+001  0.294626446302045E+003  0.749907844485175E+000  0.978006779660032E+000  0.748336912775390E+000  0.409995583536682E+000 -0.131028262406404E+000 -0.147313223151023E+003
  0.100000000000000E+001  0.295591210154871E+003  0.733230828834691E+000  0.197338528951597E+001  0.931976655183575E+000  0.439055085316144E+000 -0.131028262406404E+000 -0.147795605077435E+003
  0.100000000000000E+001  0.294601419967440E+003  0.743088781666698E+000  0.899133629575613E+000  0.368556017306041E+000  0.482665600065246E+000 -0.131028262406404E+000 -0.147300709983720E+003
  0.100000000000000E+001  0.294656638514109E+003  0.805571787848058E+000  0.776984437714298E+000  0.237607303137905E+000  0.196162247011535E+000 -0.131028262406404E+000 -0.147328319257054E+003
  0.100000000000000E+001  0.294825188497664E+003  0.348545867000912E+000  0.520801263912682E+000  0.688617016913451E+000  0.293592782245874E+000 -0.131028262406404E+000 -0.147412594248832E+003
  0.100000000000000E+001  0.294912961421136E+003  0.203871016753587E+000  0.773221435079500E+000  0.486519356629776E+000  0.435592991253915E+000 -0.131028262406404E+000 -0.147456480710568E+003
  0.100000000000000E+001  0.296202590600403E+003  0.152533710614224E+001  0.789280299204573E+000  0.246013281450874E+000  0.389533310084369E+000 -0.131028262406404E+000 -0.148101295300201E+003
  0.100000000000000E+001  0.294809793257938E+003  0.102659983183675E+001  0.194796342426295E+001  0.485267701410036E+000  0.124520579365888E+000 -0.131028262406404E+000 -0.147404896628969E+003
  0.100000000000000E+001  0.294909070400191E+003  0.685038356707997E+000  0.193451455388575E+001  0.325228660505454E-001  0.145218038358047E+000 -0.131028262406404E+000 -0.147454535200096E+003
  0.100000000000000E+001  0.297213086934952E+003  0.191349204128107E+001  0.145250676184435E+001  0.837940962947659E+000  0.270716373998413E+000 -0.131028262406404E+000 -0.148606543467476E+003
  0.100000000000000E+001  0.295189376949695E+003  0.337589869961297E+000  0.143951691109089E+001  0.649327935133228E+000  0.123018979508042E+000 -0.131028262406404E+000 -0.147594688474847E+003
  0.100000000000000E+001  0.294833313309974E+003  0.290395359045188E+000  0.959233470485637E+000  0.264395521981925E+000  0.364435156387469E+000 -0.131028262406404E+000 -0.147416656654987E+003
  0.100000000000000E+001  0.295994961430235E+003  0.179539306999970E+001  0.766113265409545E+000  0.981126919007198E+000  0.285075194590249E+000 -0.131028262406404E+000 -0.147997480715118E+003
  0.100000000000000E+001  0.301187613143220E+003  0.181525217003477E+001  0.118512112791382E+001  0.751030191571110E-001  0.454535664085357E+000 -0.131028262406404E+000 -0.150593806571610E+003
  0.100000000000000E+001  0.294751778291509E+003  0.441206591735313E+000  0.130831868523363E+001  0.713215343692041E+000  0.393591318206722E+000 -0.131028262406404E+000 -0.147375889145754E+003
  0.100000000000000E+001  0.297825105655264E+003  0.187687317132277E+001  0.783941338235425E+000  0.668188009281846E+000  0.383846132891867E+000 -0.131028262406404E+000 -0.148912552827632E+003
  0.100000000000000E+001  0.294937305433876E+003  0.180500170099864E+001  0.905842193931795E+000  0.608050619223831E+000  0.170751227986316E+000 -0.131028262406404E+000 -0.147468652716938E+003
  0.100000000000000E+001  0.296556778546046E+003  0.149613414014638E+001  0.180909894634581E+001  0.360271187087155E+000  0.303784096500562E+000 -0.131028262406404E+000 -0.148278389273023E+003
  0.100000000000000E+001  0.294635302171619E+003  0.145485856504184E+001  0.581502263285327E+000  0.277123658634399E+000  0.138750231010105E+000 -0.131028262406404E+000 -0.147317651085809E+003
  0.100000000000000E+001  0.299715210079871E+003  0.173553873065853E+001  0.151712341680759E+001  0.498188723704880E-001  0.391177128105130E+000 -0.131028262406404E+000 -0.149857605039935E+003
  0.100000000000000E+001  0.294681523192982E+003  0.119163178204522E+001  0.100490460516685E+001  0.650738823014631E+000  0.142044068689777E+000 -0.131028262406404E+000 -0.147340761596491E+003
  0.100000000000000E+001  0.295058415732596E+003  0.144588502714058E+001  0.794900548507642E+000  0.578001711272722E+000  0.265621861027069E+000 -0.131028262406404E+000 -0.147529207866298E+003
  0.100000000000000E+001  0.294897364308385E+003  0.172577234045287E+001  0.168556273784536E+001  0.729567084529455E+000  0.150899513360920E+000 -0.131028262406404E+000 -0.147448682154193E+003
  0.100000000000000E+001  0.294707242454141E+003  0.148298879456690E+001  0.130692276715792E+001  0.745616905490360E+000  0.134509302616360E+000 -0.131028262406404E+000 -0.147353621227071E+003
  0.100000000000000E+001  0.294727004051761E+003  0.953160194514805E+000  0.141905799418766E+001  0.649215374639847E+000  0.205769017606945E+000 -0.131028262406404E+000 -0.147363502025881E+003
  0.100000000000000E+001  0.296967338937240E+003  0.103611821881558E+001  0.175503928635376E+001  0.745411330103962E+000  0.477222604000707E+000 -0.131028262406404E+000 -0.148483669468620E+003
  0.100000000000000E+001  0.295622766775350E+003  0.739886398925206E+000  0.186856336920121E+001  0.254624905731979E+000  0.452085440345693E+000 -0.131028262406404E+000 -0.147811383387675E+003
  0.100000000000000E+001  0.295190409156812E+003  0.182393501777447E+001  0.162239153109876E+001  0.914685475155381E+000  0.173880573284042E+000 -0.131028262406404E+000 -0.147595204578406E+003
  0.100000000000000E+001  0.294730764224416E+003  0.147211997892550E+001  0.579818032078939E+000  0.329537222085146E+000  0.216507455754310E+000 -0.131028262406404E+000 -0.147365382112208E+003
  0.100000000000000E+001  0.295068492185876E+003  0.119517659306178E+001  0.709597720792895E+000  0.566770605978578E+000  0.429826165994159E+000 -0.131028262406404E+000 -0.147534246092938E+003
  0.100000000000000E+001  0.294779796180332E+003  0.127282818060954E+001  0.557728142362632E+000  0.782256611270844E+000  0.377773229937602E+000 -0.131028262406404E+000 -0.147389898090166E+003
  0.100000000000000E+001  0.294410404497085E+003  0.584377836121185E+000  0.788927851286947E+000  0.167893578687387E+000  0.438173346158335E+000 -0.131028262406404E+000 -0.147205202248542E+003
  0.100000000000000E+001  0.296466537688740E+003  0.107555750569392E+001  0.183366928846893E+001  0.726798259756276E+000  0.412425035574859E+000 -0.131028262406404E+000 -0.148233268844370E+003
  0.100000000000000E+001  0.295872776602928E+003  0.119449655024202E+001  0.141974170642254E+001  0.322962546977070E-001  0.351712628043846E+000 -0.131028262406404E+000 -0.147936388301464E+003
  0.100000000000000E+001  0.295095318006963E+003  0.160646713444328E+001  0.153557264817382E+001  0.247423736594535E+000  0.189533623533286E+000 -0.131028262406404E+000 -0.147547659003481E+003
  0.100000000000000E+001  0.294982927487641E+003  0.235890116606007E+000  0.133298539765837E+001  0.691892382046060E+000  0.367089362704997E+000 -0.131028262406404E+000 -0.147491463743820E+003
  0.100000000000000E+001  0.296068600320529E+003  0.158735287388256E+001  0.143958611125514E+001  0.498661558184527E+000  0.270597114400576E+000 -0.131028262406404E+000 -0.148034300160265E+003
  0.100000000000000E+001  0.295143637120289E+003  0.247161372135292E+000  0.773858862430183E+000  0.467282878198466E-001  0.192431596954646E+000 -0.131028262406404E+000 -0.147571818560144E+003
  0.100000000000000E+001  0.294700990815219E+003  0.138559726272633E+001  0.121630216916068E+001  0.405101806973330E+000  0.147997707287637E+000 -0.131028262406404E+000 -0.147350495407609E+003
  0.100000000000000E+001  0.296279294079480E+003  0.139328656643483E+001  0.193660450153882E+001  0.231230410241226E+000  0.306216296116760E+000 -0.131028262406404E+000 -0.148139647039740E+003
  0.100000000000000E+001  0.294887053471179E+003  0.649033885995772E+000  0.185935107802310E+001  0.893371337943758E+000  0.282573563878168E+000 -0.131028262406404E+000 -0.147443526735590E+003
  0.100000000000000E+001  0.294766299956121E+003  0.785243366746892E+000  0.980419189233157E+000  0.221541165987409E+000  0.469439467560226E+000 -0.131028262406404E+000 -0.147383149978060E+003
  0.100000000000000E+001  0.298688964178051E+003  0.152750549446579E+001  0.113481750923103E+001  0.218480073648480E+000  0.465482679896844E+000 -0.131028262406404E+000 -0.149344482089025E+003
  0.100000000000000E+001  0.297074201496883E+003  0.151589915360472E+001  0.911861710644060E+000  0.620743398521460E+000  0.430588502627783E+000 -0.131028262406404E+000 -0.148537100748442E+003
  0.100000000000000E+001  0.294974133214036E+003  0.459552320002575E+000  0.181434066223522E+001  0.393411628825810E-001  0.375923365549018E+000 -0.131028262406404E+000 -0.147487066607018E+003
  0.100000000000000E+001  0.300095580201941E+003  0.194096064420922E+001  0.102969703915109E+001  0.861860429088044E+000  0.407497334411569E+000 -0.131028262406404E+000 -0.150047790100971E+003
  0.100000000000000E+001  0.295696995612850E+003  0.131107627303353E+001  0.166955816647318E+001  0.551049120946434E+000  0.287666732601093E+000 -0.131028262406404E+000 -0.147848497806425E+003
  0.100000000000000E+001  0.294760093380501E+003  0.123063781183269E+001  0.190223435978557E+001  0.712891685177086E+000  0.124429714284943E+000 -0.131028262406404E+000 -0.147380046690251E+003
  0.100000000000000E+001  0.300077920081378E+003  0.199797913884270E+001  0.156768163086244E+001  0.845905019372085E+000  0.341600107702753E+000 -0.131028262406404E+000 -0.150038960040689E+003
  0.100000000000000E+001  0.295471542928476E+003  0.151900479047377E+001  0.986460323067507E+000  0.619898732798511E+000  0.273477571541712E+000 -0.131028262406404E+000 -0.147735771464238E+003
  0.100000000000000E+001  0.295254709236304E+003  0.169804378861496E+001  0.724892280819499E+000  0.691644670153021E+000  0.240591247855888E+000 -0.131028262406404E+000 -0.147627354618152E+003
  0.100000000000000E+001  0.294915822408134E+003  0.172041568809526E+001  0.889453136949315E+000  0.218672753298450E+000  0.179047032365623E+000 -0.131028262406404E+000 -0.147457911204067E+003
  0.100000000000000E+001  0.294895390481025E+003  0.186429355853228E+001  0.125414062144578E+001  0.999194561450238E+000  0.148155470505977E+000 -0.131028262406404E+000 -0.147447695240513E+003
  0.100000000000000E+001  0.298932731734406E+003  0.160075436777583E+001  0.127962138860914E+001  0.714895985585914E+000  0.423626209215709E+000 -0.131028262406404E+000 -0.149466365867203E+003
  0.100000000000000E+001  0.300727638613379E+003  0.184240786413520E+001  0.183752736000480E+001  0.273488140133625E+000  0.388522058718531E+000 -0.131028262406404E+000 -0.150363819306689E+003
  0.100000000000000E+001  0.295167662124735E+003  0.199361088629118E+000  0.194177504266523E+001  0.752509050565764E-001  0.365213781209332E+000 -0.131028262406404E+000 -0.147583831062367E+003
  0.100000000000000E+001  0.294788132795296E+003  0.504861006281852E+000  0.142392018901083E+001  0.960356487653134E+000  0.370425698411003E+000 -0.131028262406404E+000 -0.147394066397648E+003
  0.100000000000000E+001  0.297963991782347E+003  0.186402266226089E+001  0.168094166027385E+001  0.306750922745348E+000  0.299331660519560E+000 -0.131028262406404E+000 -0.148981995891174E+003
  0.100000000000000E+001  0.294900983087119E+003  0.459847197942422E+000  0.836981783509216E+000  0.359782821511497E+000  0.193640031516680E+000 -0.131028262406404E+000 -0.147450491543559E+003
  0.100000000000000E+001  0.296038012545515E+003  0.197720154838737E+001  0.106655076260636E+001  0.900511948798464E+000  0.226995104903868E+000 -0.131028262406404E+000 -0.148019006272758E+003
  0.100000000000000E+001  0.294752031769095E+003  0.190034343492604E+001  0.109039361344725E+001  0.263996658662658E+000  0.125561150452557E+000 -0.131028262406404E+000 -0.147376015884548E+003
  0.100000000000000E+001  0.297156720815141E+003  0.157386139829405E+001  0.177557090304676E+001  0.970836378831489E+000  0.319454293623069E+000 -0.131028262406404E+000 -0.148578360407571E+003
  0.100000000000000E+001  0.295414575207491E+003  0.106651091536114E+001  0.149017662317648E+001  0.275830481355175E+000  0.333977544139058E+000 -0.131028262406404E+000 -0.147707287603746E+003
  0.100000000000000E+001  0.296914324695141E+003  0.126139886985998E+001  0.115131276411416E+001  0.345796654078714E+000  0.462790309488818E+000 -0.131028262406404E+000 -0.148457162347570E+003
  0.100000000000000E+001  0.295023861264794E+003  0.117837710430763E+001  0.190048532263126E+001  0.366595593007454E-001  0.226984860266132E+000 -0.131028262406404E+000 -0.147511930632397E+003
  0.100000000000000E+001  0.294949096335834E+003  0.198353764519843E+001  0.614308468075431E+000  0.925424515135220E-002  0.165671129137297E+000 -0.131028262406404E+000 -0.147474548167917E+003
  0.100000000000000E+001  0.294777213815016E+003  0.372427997468141E+000  0.792731457240879E+000  0.418615084642779E+000  0.305897678491501E+000 -0.131028262406404E+000 -0.147388606907508E+003
  0.100000000000000E+001  0.294826075428857E+003  0.193543247312159E+001  0.177510612157376E+001  0.663322515332448E-001  0.124406118427575E+000 -0.131028262406404E+000 -0.147413037714428E+003
  0.100000000000000E+001  0.294839411364717E+003  0.258763305261706E+000  0.653348673832227E+000  0.605389812792926E+000  0.388905770255787E+000 -0.131028262406404E+000 -0.147419705682359E+003
  0.100000000000000E+001  0.296350142460393E+003  0.111256139727708E+001  0.180420070943548E+001  0.899609623836973E+000  0.390511336235892E+000 -0.131028262406404E+000 -0.148175071230197E+003
  0.100000000000000E+001  0.297898760374327E+003  0.147862080501693E+001  0.193805616604303E+001  0.434502644168124E+000  0.375962858559802E+000 -0.131028262406404E+000 -0.148949380187163E+003
  0.100000000000000E+001  0.294949548881329E+003  0.109190688944818E+001  0.164574100431305E+001  0.796854308561354E+000  0.241180092921777E+000 -0.131028262406404E+000 -0.147474774440665E+003
  0.100000000000000E+001  0.294685002592501E+003  0.131515865864788E+001  0.517071532088045E+000  0.368597478192587E+000  0.306465158483947E+000 -0.131028262406404E+000 -0.147342501296251E+003
  0.100000000000000E+001  0.295178734887095E+003  0.159938246981786E+001  0.139645350221590E+001  0.715214118833450E+000  0.203296534951927E+000 -0.131028262406404E+000 -0.147589367443548E+003
  0.100000000000000E+001  0.295132713709219E+003  0.339448980156007E+000  0.681278360027301E+000  0.748400874778067E-001  0.144544594294531E+000 -0.131028262406404E+000 -0.147566356854609E+003
  0.100000000000000E+001  0.294671101960979E+003  0.600376482346574E+000  0.113071889950688E+001  0.312885298514259E+000  0.284404591185590E+000 -0.131028262406404E+000 -0.147335550980489E+003
  0.100000000000000E+001  0.295046714928420E+003  0.403444651814095E+000  0.128076757238544E+001  0.321653201862360E+000  0.159139308021393E+000 -0.131028262406404E+000 -0.147523357464210E+003
  0.100000000000000E+001  0.297830337189422E+003  0.180855058804248E+001  0.102911689191142E+001  0.347027769908760E-001  0.351123545617388E+000 -0.131028262406404E+000 -0.148915168594711E+003
  0.100000000000000E+001  0.295379053796882E+003  0.123818699985586E+001  0.109102678760670E+001  0.662860486712046E+000  0.328360097547294E+000 -0.131028262406404E+000 -0.147689526898441E+003
  0.100000000000000E+001  0.294341901676008E+003  0.616134736183666E+000  0.506590898376162E+000  0.608885689610713E+000  0.387254169237633E+000 -0.131028262406404E+000 -0.147170950838004E+003
  0.100000000000000E+001  0.295174338039774E+003  0.159223468840382E+000  0.172475607373974E+001  0.967863535122113E+000  0.449522528600140E+000 -0.131028262406404E+000 -0.147587169019887E+003
  0.100000000000000E+001  0.294707490425180E+003  0.180667938463586E+001  0.103564799921173E+001  0.989544963260391E-002  0.120966578702521E+000 -0.131028262406404E+000 -0.147353745212590E+003
  0.100000000000000E+001  0.296937963643440E+003  0.122438568693524E+001  0.185756048352825E+001  0.480091709457018E+000  0.396198839125796E+000 -0.131028262406404E+000 -0.148468981821720E+003
  0.100000000000000E+001  0.296971743563506E+003  0.135755778699938E+001  0.162012576601097E+001  0.861101319039578E-001  0.367815544461782E+000 -0.131028262406404E+000 -0.148485871781753E+003
  0.100000000000000E+001  0.295278996933013E+003  0.109760993952842E+001  0.191809971860217E+001  0.417511272023907E+000  0.279115219297947E+000 -0.131028262406404E+000 -0.147639498466507E+003
  0.100000000000000E+001  0.295436391535734E+003  0.129559407421929E+001  0.652379221092546E+000  0.726205974510355E+000  0.491874014954765E+000 -0.131028262406404E+000 -0.147718195767867E+003
  0.100000000000000E+001  0.294940144694317E+003  0.971745089047775E+000  0.996728151094616E+000  0.355650216322749E+000  0.388679627989506E+000 -0.131028262406404E+000 -0.147470072347159E+003
  0.100000000000000E+001  0.296587552606166E+003  0.134576582688495E+001  0.848621868198149E+000  0.837585834876599E+000  0.498901492689694E+000 -0.131028262406404E+000 -0.148293776303083E+003
  0.100000000000000E+001  0.295274872164513E+003  0.965096275326963E+000  0.199420840657041E+001  0.448524824296963E+000  0.305455864047639E+000 -0.131028262406404E+000 -0.147637436082257E+003
  0.100000000000000E+001  0.294766518220531E+003  0.377722430146664E+000  0.110044886884980E+001  0.363453322646558E+000  0.339420578526906E+000 -0.131028262406404E+000 -0.147383259110265E+003
  0.100000000000000E+001  0.294972181175971E+003  0.781497379819020E+000  0.192780744530418E+001  0.224902138123044E+000  0.102392740084395E+000 -0.131028262406404E+000 -0.147486090587986E+003
  0.100000000000000E+001  0.294961236102626E+003  0.751724218829294E+000  0.124444852938405E+001  0.105545596389472E+000  0.105123790494364E+000 -0.131028262406404E+000 -0.147480618051313E+003
  0.100000000000000E+001  0.294649648180538E+003  0.588885391238030E+000  0.103134713094007E+001  0.909884438228254E+000  0.285683064513972E+000 -0.131028262406404E+000 -0.147324824090269E+003
  0.100000000000000E+001  0.295520481874062E+003  0.114443771977306E+001  0.845603949858404E+000  0.723201519679580E+000  0.482118668987072E+000 -0.131028262406404E+000 -0.147760240937031E+003
  0.100000000000000E+001  0.294903932771433E+003  0.104371511685016E+001  0.122301572605276E+001  0.487986379850130E+000  0.286637276520237E+000 -0.131028262406404E+000 -0.147451966385716E+003
  0.100000000000000E+001  0.294996461633655E+003  0.205685461989904E+000  0.137100714736199E+001  0.696164462239508E+000  0.483073912684032E+000 -0.131028262406404E+000 -0.147498230816828E+003
  0.100000000000000E+001  0.295095011555691E+003  0.190674720192690E+001  0.174599853447618E+001  0.654197768781829E+000  0.156927163998852E+000 -0.131028262406404E+000 -0.147547505777846E+003
  0.100000000000000E+001  0.294684438529958E+003  0.113457372744215E+001  0.114617549645749E+001  0.711215599866206E-001  0.157692390186348E+000 -0.131028262406404E+000 -0.147342219264979E+003
  0.100000000000000E+001  0.298094683441548E+003  0.191907547524233E+001  0.142402711000084E+001  0.424403449016035E+000  0.302608511291760E+000 -0.131028262406404E+000 -0.149047341720774E+003
  0.100000000000000E+001  0.295662011159907E+003  0.855568517612145E+000  0.142906975740447E+001  0.329313257644355E-001  0.469474665611167E+000 -0.131028262406404E+000 -0.147831005579954E+003
  0.100000000000000E+001  0.301009531866910E+003  0.174555500941994E+001  0.122761346120025E+001  0.773059035380464E+000  0.464266241434743E+000 -0.131028262406404E+000 -0.150504765933455E+003
  0.100000000000000E+001  0.301312854595645E+003  0.197502499780583E+001  0.185712350622020E+001  0.283597772962973E+000  0.375189465056533E+000 -0.131028262406404E+000 -0.150656427297822E+003
  0.100000000000000E+001  0.295600017965876E+003  0.157757219163657E+001  0.119974447828008E+001  0.571953920682872E+000  0.253479361880943E+000 -0.131028262406404E+000 -0.147800008982938E+003
  0.100000000000000E+001  0.300687168031539E+003  0.197924426461772E+001  0.825796844355962E+000  0.498749453722260E+000  0.475784216035103E+000 -0.131028262406404E+000 -0.150343584015770E+003
  0.100000000000000E+001  0.296812121832986E+003  0.132335273832796E+001  0.944000644264652E+000  0.220247408053664E+000  0.490349083940355E+000 -0.131028262406404E+000 -0.148406060916493E+003
  0.100000000000000E+001  0.294801346380953E+003  0.781530377243717E+000  0.181090732474972E+001  0.601686407951480E+000  0.200351574060435E+000 -0.131028262406404E+000 -0.147400673190477E+003
  0.100000000000000E+001  0.294959825705434E+003  0.636849823899740E+000  0.122376677801443E+001  0.930933461858594E+000  0.124735279855596E+000 -0.131028262406404E+000 -0.147479912852717E+003
  0.100000000000000E+001  0.294579772257109E+003  0.906532548862839E+000  0.777612759522360E+000  0.453301894044464E+000  0.412624238742685E+000 -0.131028262406404E+000 -0.147289886128555E+003
  0.100000000000000E+001  0.294940338129260E+003  0.154082687936864E+001  0.134586371997893E+001  0.422968131087104E+000  0.184631954098361E+000 -0.131028262406404E+000 -0.147470169064630E+003
  0.100000000000000E+001  0.295869398560191E+003  0.117385811031671E+001  0.149593307720277E+001  0.735558368578435E-001  0.350128561460411E+000 -0.131028262406404E+000 -0.147934699280096E+003
  0.100000000000000E+001  0.294864280044676E+003  0.385763518615205E+000  0.133054855083583E+001  0.180799945104153E+000  0.282955715350088E+000 -0.131028262406404E+000 -0.147432140022338E+003
  0.100000000000000E+001  0.301145558934387E+003  0.175743873064612E+001  0.162096784707636E+001  0.727478873984523E-001  0.425540205197007E+000 -0.131028262406404E+000 -0.150572779467193E+003
  0.100000000000000E+001  0.294975629397249E+003  0.639688185262839E+000  0.173983692688764E+001  0.898791335966340E+000  0.353104215248647E+000 -0.131028262406404E+000 -0.147487814698624E+003
  0.100000000000000E+001  0.294742080120220E+003  0.889281757947861E+000  0.152573757457324E+001  0.857770652569990E+000  0.186400329377208E+000 -0.131028262406404E+000 -0.147371040060110E+003
  0.100000000000000E+001  0.294990250907837E+003  0.719019080868100E+000  0.752217878703443E+000  0.289084931918962E+000  0.100900295416473E+000 -0.131028262406404E+000 -0.147495125453918E+003
  0.100000000000000E+001  0.294843029878616E+003  0.706798529688433E+000  0.195787129758037E+001  0.236726293462315E+000  0.202005690917653E+000 -0.131028262406404E+000 -0.147421514939308E+003
  0.100000000000000E+001  0.297763694444812E+003  0.144439048251563E+001  0.120496875957931E+001  0.317189755352503E+000  0.432066750432990E+000 -0.131028262406404E+000 -0.148881847222406E+003
  0.100000000000000E+001  0.294716079063896E+003  0.982503421080311E+000  0.981547655269040E+000  0.970302975648639E+000  0.147285675080446E+000 -0.131028262406404E+000 -0.147358039531948E+003
  0.100000000000000E+001  0.294726426246044E+003  0.123994621023267E+001  0.157134263176586E+001  0.110230014391644E+000  0.142626131970698E+000 -0.131028262406404E+000 -0.147363213123022E+003
  0.100000000000000E+001  0.300683965856425E+003  0.148422521912061E+001  0.193326682364812E+001  0.110704756805428E+000  0.497121171186376E+000 -0.131028262406404E+000 -0.150341982928213E+003
  0.100000000000000E+001  0.295403813673240E+003  0.111856792024085E+001  0.170717842834080E+001  0.696395038171308E+000  0.300552326759867E+000 -0.131028262406404E+000 -0.147701906836620E+003
  0.100000000000000E+001  0.294718468503388E+003  0.384625098409551E+000  0.118770171021617E+001  0.318920208648585E+000  0.498320595500499E+000 -0.131028262406404E+000 -0.147359234251694E+003
  0.100000000000000E+001  0.295265695012737E+003  0.130215875028610E+000  0.194782185565287E+001  0.249132872461545E+000  0.393048064424718E+000 -0.131028262406404E+000 -0.147632847506369E+003
  0.100000000000000E+001  0.294859046289940E+003  0.120194151619173E+001  0.106802683501642E+001  0.156989665881913E+000  0.251618200814162E+000 -0.131028262406404E+000 -0.147429523144970E+003
  0.100000000000000E+001  0.295114258483102E+003  0.656777937503556E+000  0.142693408819511E+001  0.402244321172271E+000  0.472559557605748E+000 -0.131028262406404E+000 -0.147557129241551E+003
  0.100000000000000E+001  0.300591262091797E+003  0.197759361668311E+001  0.880832087987310E+000  0.793763075346240E+000  0.452712113944216E+000 -0.131028262406404E+000 -0.150295631045898E+003
  0.100000000000000E+001  0.295167120852889E+003  0.230524633261807E+000  0.184106566576992E+001  0.507018110219158E+000  0.223145977210488E+000 -0.131028262406404E+000 -0.147583560426444E+003
  0.100000000000000E+001  0.295467798623913E+003  0.113946188526520E+001  0.890520497575914E+000  0.827160238241113E+000  0.451324241289775E+000 -0.131028262406404E+000 -0.147733899311956E+003
  0.100000000000000E+001  0.294734118894921E+003  0.142489581127810E+001  0.141393262382953E+001  0.786756134256170E-001  0.103861311737747E+000 -0.131028262406404E+000 -0.147367059447460E+003
  0.100000000000000E+001  0.294920679596143E+003  0.635328155648126E+000  0.110344978263158E+001  0.756477062430882E+000  0.136744546794790E+000 -0.131028262406404E+000 -0.147460339798071E+003
  0.100000000000000E+001  0.295130986435999E+003  0.228100366372447E+000  0.183992576480419E+001  0.807270179761234E+000  0.468150296614664E+000 -0.131028262406404E+000 -0.147565493217999E+003
  0.100000000000000E+001  0.295262240914211E+003  0.104027535067673E+001  0.173158436078258E+001  0.669468376963114E+000  0.300025063816790E+000 -0.131028262406404E+000 -0.147631120457105E+003
  0.100000000000000E+001  0.298359446035538E+003  0.143955962245575E+001  0.178779558116107E+001  0.737406051390631E+000  0.409835274122773E+000 -0.131028262406404E+000 -0.149179723017769E+003
  0.100000000000000E+001  0.296199618347472E+003  0.921643040145960E+000  0.177877635826436E+001  0.199820503811778E+000  0.453880973129711E+000 -0.131028262406404E+000 -0.148099809173736E+003
  0.100000000000000E+001  0.295280776948816E+003  0.603429854360438E+000  0.195529582873109E+001  0.664504831265970E+000  0.429640491692953E+000 -0.131028262406404E+000 -0.147640388474408E+003
  0.100000000000000E+001  0.294619969430491E+003  0.945465761270363E+000  0.757791633561349E+000  0.753571554986187E-001  0.192548828700246E+000 -0.131028262406404E+000 -0.147309984715246E+003
  0.100000000000000E+001  0.295067509009286E+003  0.341604501567284E+000  0.745814049904405E+000  0.116602926990318E+000  0.173226789753028E+000 -0.131028262406404E+000 -0.147533754504643E+003
  0.100000000000000E+001  0.295024209646460E+003  0.352991486424540E+000  0.198290116605926E+001  0.865486005881601E+000  0.271709713805874E+000 -0.131028262406404E+000 -0.147512104823230E+003
  0.100000000000000E+001  0.294726927755683E+003  0.887772511341719E+000  0.105153345158065E+001  0.325572645386212E+000  0.331357877871977E+000 -0.131028262406404E+000 -0.147363463877841E+003
  0.100000000000000E+001  0.299794832668562E+003  0.151488005701640E+001  0.178975414548248E+001  0.800818745097198E+000  0.448057400799695E+000 -0.131028262406404E+000 -0.149897416334281E+003
  0.100000000000000E+001  0.298432636867824E+003  0.168682196167285E+001  0.126891387961060E+001  0.702978023304325E+000  0.377758972284145E+000 -0.131028262406404E+000 -0.149216318433912E+003
  0.100000000000000E+001  0.295047942922071E+003  0.518862371613754E+000  0.180516151400213E+001  0.658023930508665E+000  0.409404710093635E+000 -0.131028262406404E+000 -0.147523971461036E+003
  0.100000000000000E+001  0.294705038725143E+003  0.115424355013452E+001  0.133265567280236E+001  0.671812976667747E+000  0.163882889184500E+000 -0.131028262406404E+000 -0.147352519362571E+003
  0.100000000000000E+001  0.294869117289211E+003  0.321498139129390E+000  0.137987357570211E+001  0.374238879147827E+000  0.385719584209982E+000 -0.131028262406404E+000 -0.147434558644606E+003
  0.100000000000000E+001  0.294538170310664E+003  0.734521428399147E+000  0.906479813048743E+000  0.281061119362469E+000  0.354179829860872E+000 -0.131028262406404E+000 -0.147269085155332E+003
  0.100000000000000E+001  0.295244046737365E+003  0.859033882611948E+000  0.159825132815323E+001  0.703527809121792E+000  0.366563390352841E+000 -0.131028262406404E+000 -0.147622023368683E+003
  0.100000000000000E+001  0.294880740273145E+003  0.958425409218627E+000  0.109512855607605E+001  0.771982532075631E+000  0.342338874380350E+000 -0.131028262406404E+000 -0.147440370136572E+003
  0.100000000000000E+001  0.294365531010072E+003  0.755319996618796E+000  0.649903896679664E+000  0.441768498588328E+000  0.381272986858407E+000 -0.131028262406404E+000 -0.147182765505036E+003
  0.100000000000000E+001  0.294499481990638E+003  0.106854092331725E+001  0.566592393656678E+000  0.982171472864915E+000  0.282401049065779E+000 -0.131028262406404E+000 -0.147249740995319E+003
  0.100000000000000E+001  0.297063676795619E+003  0.127415061092919E+001  0.187794989916189E+001  0.270832908899973E+000  0.388348429531021E+000 -0.131028262406404E+000 -0.148531838397809E+003
  0.100000000000000E+001  0.296571301460649E+003  0.196403971714090E+001  0.526272291888979E+000  0.250531840222779E+000  0.348051673632032E+000 -0.131028262406404E+000 -0.148285650730325E+003
  0.100000000000000E+001  0.294792722635716E+003  0.561341680727204E+000  0.134870312317188E+001  0.926788356265850E+000  0.412675853407315E+000 -0.131028262406404E+000 -0.147396361317858E+003
  0.100000000000000E+001  0.294499433628555E+003  0.538908602139801E+000  0.737278031977192E+000  0.505605657034016E+000  0.362322312173679E+000 -0.131028262406404E+000 -0.147249716814277E+003
  0.100000000000000E+001  0.296573622328799E+003  0.126178573317696E+001  0.137816954074547E+001  0.991391461574461E+000  0.393304227643602E+000 -0.131028262406404E+000 -0.148286811164400E+003
  0.100000000000000E+001  0.294724036794982E+003  0.131021067417868E+001  0.136883898916440E+001  0.944644435849798E+000  0.159577178134237E+000 -0.131028262406404E+000 -0.147362018397491E+003
  0.100000000000000E+001  0.295195431520859E+003  0.174162926790705E+000  0.962769248222232E+000  0.990633425487973E+000  0.232584211035584E+000 -0.131028262406404E+000 -0.147597715760430E+003
  0.100000000000000E+001  0.294985642001149E+003  0.234884894381002E+000  0.532374160615080E+000  0.686012027160751E+000  0.313983388887731E+000 -0.131028262406404E+000 -0.147492821000575E+003
  0.100000000000000E+001  0.299926342728000E+003  0.168189947773162E+001  0.112194476436561E+001  0.498983632805614E-001  0.466501385388399E+000 -0.131028262406404E+000 -0.149963171364000E+003
  0.100000000000000E+001  0.296894929388679E+003  0.114235639202194E+001  0.167361154557853E+001  0.464760603273835E+000  0.431452255714960E+000 -0.131028262406404E+000 -0.148447464694340E+003
  0.100000000000000E+001  0.296858024945230E+003  0.136472499859273E+001  0.107043614664212E+001  0.722711372581619E+000  0.432432689071134E+000 -0.131028262406404E+000 -0.148429012472615E+003
  0.100000000000000E+001  0.297454240117077E+003  0.114423803255458E+001  0.145089522028633E+001  0.332502762563853E+000  0.498542901371873E+000 -0.131028262406404E+000 -0.148727120058539E+003
  0.100000000000000E+001  0.294602989395426E+003  0.471412591187752E+000  0.939229388321809E+000  0.660688223481571E+000  0.367911171738373E+000 -0.131028262406404E+000 -0.147301494697713E+003
  0.100000000000000E+001  0.294944585591582E+003  0.840611357572682E+000  0.131458380253603E+001  0.419071690307406E+000  0.357052784768731E+000 -0.131028262406404E+000 -0.147472292795791E+003
  0.100000000000000E+001  0.294887049988299E+003  0.816130425812865E+000  0.872008132649856E+000  0.890250928835882E+000  0.114251593180216E+000 -0.131028262406404E+000 -0.147443524994150E+003
  0.100000000000000E+001  0.294912530996939E+003  0.591146115253593E+000  0.186692317767960E+001  0.451568376540881E+000  0.303687105428026E+000 -0.131028262406404E+000 -0.147456265498470E+003
  0.100000000000000E+001  0.294946400679433E+003  0.107504633120387E+001  0.862285330190874E+000  0.739397321492465E+000  0.386617305864296E+000 -0.131028262406404E+000 -0.147473200339717E+003
  0.100000000000000E+001  0.294787116420678E+003  0.776052690239563E+000  0.171263040167375E+001  0.402688290672794E+000  0.212265544192559E+000 -0.131028262406404E+000 -0.147393558210339E+003
  0.100000000000000E+001  0.295009059753880E+003  0.165210058901886E+001  0.500002214781451E+000  0.701339199280656E+000  0.253288265803763E+000 -0.131028262406404E+000 -0.147504529876940E+003
  0.100000000000000E+001  0.294882696986068E+003  0.395555063937933E+000  0.156542756344471E+001  0.961400347831742E+000  0.316392435183660E+000 -0.131028262406404E+000 -0.147441348493034E+003
  0.100000000000000E+001  0.294620422188655E+003  0.884254645344739E+000  0.834529341919185E+000  0.600963622588476E+000  0.409299133593877E+000 -0.131028262406404E+000 -0.147310211094328E+003
  0.100000000000000E+001  0.295403377303319E+003  0.103356730582274E+001  0.108860947588907E+001  0.632882880151034E+000  0.423031372190240E+000 -0.131028262406404E+000 -0.147701688651659E+003
  0.100000000000000E+001  0.294834029004007E+003  0.160116817713698E+001  0.167934676114374E+001  0.506701705168184E+000  0.151247459944829E+000 -0.131028262406404E+000 -0.147417014502004E+003
  0.100000000000000E+001  0.297644044954123E+003  0.129376409545404E+001  0.191114636824329E+001  0.294703566873894E+000  0.417358428394992E+000 -0.131028262406404E+000 -0.148822022477062E+003
  0.100000000000000E+001  0.297621805789310E+003  0.183039747836586E+001  0.118354674219256E+001  0.579213560798196E-001  0.317968471490595E+000 -0.131028262406404E+000 -0.148810902894655E+003
  0.100000000000000E+001  0.301555125600327E+003  0.183220054953888E+001  0.134683960302555E+001  0.119548638837686E+000  0.437241492270562E+000 -0.131028262406404E+000 -0.150777562800163E+003
  0.100000000000000E+001  0.296110447752056E+003  0.140233481796417E+001  0.136451546255913E+001  0.273969174567568E-003  0.317873068592538E+000 -0.131028262406404E+000 -0.148055223876028E+003
  0.100000000000000E+001  0.296538317818631E+003  0.121199781004883E+001  0.145333940616550E+001  0.541147535320170E+000  0.399221246498454E+000 -0.131028262406404E+000 -0.148269158909316E+003
  0.100000000000000E+001  0.294868689953748E+003  0.753225499082580E+000  0.134697962992878E+001  0.838579049405522E+000  0.361900778901465E+000 -0.131028262406404E+000 -0.147434344976874E+003
  0.100000000000000E+001  0.294747441824826E+003  0.831201102402481E+000  0.852679369924704E+000  0.577095117933282E+000  0.155206472429923E+000 -0.131028262406404E+000 -0.147373720912413E+003
  0.100000000000000E+001  0.295001195546732E+003  0.355119193461556E+000  0.164803534595800E+001  0.748760266595735E+000  0.484163616749297E+000 -0.131028262406404E+000 -0.147500597773366E+003
  0.100000000000000E+001  0.294864493365774E+003  0.380677362785766E+000  0.751572807113989E+000  0.428047632961309E+000  0.250298960169438E+000 -0.131028262406404E+000 -0.147432246682887E+003
  0.100000000000000E+001  0.294985087455975E+003  0.413976706751892E+000  0.194830564126888E+001  0.820191303523597E+000  0.324019056828630E+000 -0.131028262406404E+000 -0.147492543727988E+003
  0.100000000000000E+001  0.295122293009574E+003  0.248006762048438E+000  0.101808910541705E+001  0.806618905818155E+000  0.206661722429422E+000 -0.131028262406404E+000 -0.147561146504787E+003
  0.100000000000000E+001  0.294887002116245E+003  0.577003241562524E+000  0.195351341475816E+001  0.321873113650768E+000  0.238434625952248E+000 -0.131028262406404E+000 -0.147443501058123E+003
  0.100000000000000E+001  0.294767551079551E+003  0.837644144849800E+000  0.994307103153276E+000  0.837570996705887E+000  0.149188990825154E+000 -0.131028262406404E+000 -0.147383775539775E+003
  0.100000000000000E+001  0.295083942305891E+003  0.342649866318839E+000  0.931366503898601E+000  0.311496540420022E+000  0.165773696851298E+000 -0.131028262406404E+000 -0.147541971152945E+003
  0.100000000000000E+001  0.294377569454978E+003  0.591434277723253E+000  0.772662052435278E+000  0.811644174059173E+000  0.466806388617776E+000 -0.131028262406404E+000 -0.147188784727489E+003
  0.100000000000000E+001  0.294805669548618E+003  0.774808120139934E+000  0.182426296198054E+001  0.846756574440807E+000  0.206381356496133E+000 -0.131028262406404E+000 -0.147402834774309E+003
  0.100000000000000E+001  0.297812212603678E+003  0.198936250883641E+001  0.118762940656561E+001  0.271847326764324E-001  0.294548144844406E+000 -0.131028262406404E+000 -0.148906106301839E+003
  0.100000000000000E+001  0.294962748728063E+003  0.580434398302411E+000  0.158410879946066E+001  0.926632110569100E+000  0.408343946764241E+000 -0.131028262406404E+000 -0.147481374364031E+003
  0.100000000000000E+001  0.298377645421680E+003  0.188674532996834E+001  0.848524792129301E+000  0.658136428240449E-001  0.392837643274307E+000 -0.131028262406404E+000 -0.149188822710840E+003
  0.100000000000000E+001  0.295606563840569E+003  0.127421305838306E+001  0.110880205630006E+001  0.751248354690616E+000  0.341287210478366E+000 -0.131028262406404E+000 -0.147803281920285E+003
  0.100000000000000E+001  0.294789384123816E+003  0.977773501500949E+000  0.119103522831675E+001  0.172686544544087E+000  0.123878423947367E+000 -0.131028262406404E+000 -0.147394692061908E+003
  0.100000000000000E+001  0.295292948737238E+003  0.158048923555318E+000  0.124318775439334E+001  0.796904828323164E-001  0.172116571504038E+000 -0.131028262406404E+000 -0.147646474368619E+003
  0.100000000000000E+001  0.295304484779491E+003  0.139959674724026E+001  0.113773199551542E+001  0.333783018549540E+000  0.266843004838740E+000 -0.131028262406404E+000 -0.147652242389745E+003
  0.100000000000000E+001  0.294740512760729E+003  0.252741138726253E+000  0.613323070811749E+000  0.600367188116548E+000  0.486228757100030E+000 -0.131028262406404E+000 -0.147370256380365E+003
  0.100000000000000E+001  0.294754978696396E+003  0.111328332547316E+001  0.831563527705448E+000  0.964251656791277E+000  0.115832470893628E+000 -0.131028262406404E+000 -0.147377489348198E+003
  0.100000000000000E+001  0.295031897346497E+003  0.179741715752103E+000  0.806895509634071E+000  0.401862953527433E+000  0.371793340050483E+000 -0.131028262406404E+000 -0.147515948673249E+003
  0.100000000000000E+001  0.296400798188010E+003  0.170243989805009E+001  0.141004860599415E+001  0.107598845880375E+000  0.270546353555829E+000 -0.131028262406404E+000 -0.148200399094005E+003
  0.100000000000000E+001  0.296248740706827E+003  0.110608463400153E+001  0.110886703262379E+001  0.105550814736291E+000  0.492440315388004E+000 -0.131028262406404E+000 -0.148124370353413E+003
  0.100000000000000E+001  0.294528085088684E+003  0.746910467733915E+000  0.644934982696305E+000  0.708184245384370E+000  0.265477113743054E+000 -0.131028262406404E+000 -0.147264042544342E+003
  0.100000000000000E+001  0.294520258657193E+003  0.811123847220909E+000  0.825512713297755E+000  0.756103690547605E+000  0.389013033428766E+000 -0.131028262406404E+000 -0.147260129328596E+003
  0.100000000000000E+001  0.294768614207553E+003  0.177641337142786E+001  0.146048917485207E+001  0.597114111421103E+000  0.129158751495734E+000 -0.131028262406404E+000 -0.147384307103777E+003
  0.100000000000000E+001  0.299119063796695E+003  0.195523165273629E+001  0.128441229731993E+001  0.639758054041183E+000  0.337985906888651E+000 -0.131028262406404E+000 -0.149559531898347E+003
  0.100000000000000E+001  0.294542255922250E+003  0.988871180913779E+000  0.540562742154569E+000  0.114131759325263E+000  0.216094774127323E+000 -0.131028262406404E+000 -0.147271127961125E+003
  0.100000000000000E+001  0.294865249744621E+003  0.892201807279780E+000  0.154399755163460E+001  0.600662135376562E-001  0.272869868465238E+000 -0.131028262406404E+000 -0.147432624872310E+003
  0.100000000000000E+001  0.295600670520140E+003  0.109404007525443E+001  0.154045020352280E+001  0.359117013020501E-001  0.342981756223358E+000 -0.131028262406404E+000 -0.147800335260070E+003
  0.100000000000000E+001  0.294913854848307E+003  0.252372500719628E+000  0.116721846882001E+001  0.155033667997340E+000  0.380646294995996E+000 -0.131028262406404E+000 -0.147456927424153E+003
  0.100000000000000E+001  0.296020096047958E+003  0.148078339575187E+001  0.922997307963590E+000  0.164153798746173E+000  0.349927632949148E+000 -0.131028262406404E+000 -0.148010048023979E+003
  0.100000000000000E+001  0.295062799954042E+003  0.278773495932892E+000  0.146692684890795E+001  0.391226073063627E+000  0.234907606314078E+000 -0.131028262406404E+000 -0.147531399977021E+003
  0.100000000000000E+001  0.297497468009147E+003  0.191314032382750E+001  0.628866561148195E+000  0.494333482406609E+000  0.406154402941244E+000 -0.131028262406404E+000 -0.148748734004573E+003
  0.100000000000000E+001  0.294856122977558E+003  0.113944047531433E+001  0.124657847872332E+001  0.184890261920425E+000  0.244455402026965E+000 -0.131028262406404E+000 -0.147428061488779E+003
  0.100000000000000E+001  0.294808056781379E+003  0.861757582815041E+000  0.943653237065806E+000  0.735881913733879E+000  0.449014701604762E+000 -0.131028262406404E+000 -0.147404028390689E+003
  0.100000000000000E+001  0.294622858947808E+003  0.882209012747981E+000  0.920538545878639E+000  0.477355880645556E+000  0.218290894124600E+000 -0.131028262406404E+000 -0.147311429473904E+003
  0.100000000000000E+001  0.294892847436994E+003  0.797779324775808E+000  0.148308708609829E+001  0.784928399509353E+000  0.119618944880789E+000 -0.131028262406404E+000 -0.147446423718497E+003
  0.100000000000000E+001  0.294920336533572E+003  0.189410823788871E+001  0.154106495907832E+001  0.212374638932792E+000  0.143237934641372E+000 -0.131028262406404E+000 -0.147460168266786E+003
  0.100000000000000E+001  0.295143392190537E+003  0.191682789841677E+000  0.147984680667284E+001  0.147404373702633E+000  0.278373717402819E+000 -0.131028262406404E+000 -0.147571696095269E+003
  0.100000000000000E+001  0.295337327539822E+003  0.667709540782351E+000  0.194819819794838E+001  0.428375059285397E+000  0.417505287103286E+000 -0.131028262406404E+000 -0.147668663769911E+003
  0.100000000000000E+001  0.295554055448972E+003  0.136188091476753E+001  0.151887915302778E+001  0.530646474463166E+000  0.271895098321556E+000 -0.131028262406404E+000 -0.147777027724486E+003
  0.100000000000000E+001  0.295342603694053E+003  0.125826880897722E+000  0.135916099576269E+001  0.329643637946302E+000  0.165735894511270E+000 -0.131028262406404E+000 -0.147671301847026E+003
  0.100000000000000E+001  0.294889939205230E+003  0.344431463302236E+000  0.665734554791330E+000  0.267609347554731E+000  0.260922736038175E+000 -0.131028262406404E+000 -0.147444969602615E+003
  0.100000000000000E+001  0.295010108615938E+003  0.639652683585416E+000  0.168191326068194E+001  0.745608288624271E+000  0.378549449498671E+000 -0.131028262406404E+000 -0.147505054307969E+003
  0.100000000000000E+001  0.294829781587308E+003  0.730495144553902E+000  0.148230951835007E+001  0.336061767483419E+000  0.156880932781298E+000 -0.131028262406404E+000 -0.147414890793654E+003
  0.100000000000000E+001  0.296575735612408E+003  0.136818542978279E+001  0.158130756287647E+001  0.947594669622672E+000  0.342690806300031E+000 -0.131028262406404E+000 -0.148287867806204E+003
  0.100000000000000E+001  0.294721182745359E+003  0.175378389920442E+001  0.999865753460995E+000  0.107916445891847E+000  0.131971230126111E+000 -0.131028262406404E+000 -0.147360591372679E+003
  0.100000000000000E+001  0.295678216843654E+003  0.156747896125961E+001  0.129548130395478E+001  0.223130522840437E+000  0.255327433521970E+000 -0.131028262406404E+000 -0.147839108421827E+003
  0.100000000000000E+001  0.294633649737021E+003  0.916414082580016E+000  0.731314129754156E+000  0.788022572893124E-001  0.186825363488163E+000 -0.131028262406404E+000 -0.147316824868511E+003
  0.100000000000000E+001  0.297941256969322E+003  0.181291219606191E+001  0.718507946934095E+000  0.491550796561816E+000  0.440839606909731E+000 -0.131028262406404E+000 -0.148970628484661E+003
  0.100000000000000E+001  0.294896538138957E+003  0.189928187429070E+000  0.584735579880037E+000  0.514065309683409E+000  0.491546810217536E+000 -0.131028262406404E+000 -0.147448269069479E+003
  0.100000000000000E+001  0.295310716922500E+003  0.183332720730692E+001  0.601888948869019E+000  0.666549817992903E+000  0.234181457486424E+000 -0.131028262406404E+000 -0.147655358461250E+003
  0.100000000000000E+001  0.295429780494565E+003  0.874467845646798E+000  0.197447529778565E+001  0.122799992371227E+000  0.356686860333105E+000 -0.131028262406404E+000 -0.147714890247282E+003
  0.100000000000000E+001  0.294665449623732E+003  0.531413476499628E+000  0.630246442827954E+000  0.574370009491030E+000  0.264914811513780E+000 -0.131028262406404E+000 -0.147332724811866E+003
  0.100000000000000E+001  0.294916759736380E+003  0.248781596470469E+000  0.111195878845818E+001  0.542186519936486E+000  0.373568958454609E+000 -0.131028262406404E+000 -0.147458379868190E+003
  0.100000000000000E+001  0.294911170106040E+003  0.452138006569933E+000  0.175749840444365E+001  0.698113486616253E+000  0.252784729290760E+000 -0.131028262406404E+000 -0.147455585053020E+003
  0.100000000000000E+001  0.299068778426885E+003  0.169911175049578E+001  0.148647173598992E+001  0.112859339041726E+000  0.379857695769211E+000 -0.131028262406404E+000 -0.149534389213442E+003
  0.100000000000000E+001  0.295294722692147E+003  0.148719234481982E+001  0.113064254847396E+001  0.894397178158145E+000  0.247617011377494E+000 -0.131028262406404E+000 -0.147647361346074E+003
  0.100000000000000E+001  0.294717134999772E+003  0.423545443529439E+000  0.500808946392619E+000  0.875225529257798E+000  0.295392918617801E+000 -0.131028262406404E+000 -0.147358567499886E+003
  0.100000000000000E+001  0.294689257647977E+003  0.143040978550027E+001  0.778943590213979E+000  0.263812098911096E+000  0.111815512170937E+000 -0.131028262406404E+000 -0.147344628823988E+003
  0.100000000000000E+001  0.297663784366807E+003  0.151089446264957E+001  0.162245688322404E+001  0.326542596887425E+000  0.362740453553501E+000 -0.131028262406404E+000 -0.148831892183404E+003
  0.100000000000000E+001  0.295163212063862E+003  0.735140986025096E+000  0.155187081975100E+001  0.527999130828289E+000  0.409983981879299E+000 -0.131028262406404E+000 -0.147581606031931E+003
  0.100000000000000E+001  0.295161973497026E+003  0.146793721458950E+001  0.618162541056079E+000  0.240434454295814E+000  0.327081247163748E+000 -0.131028262406404E+000 -0.147580986748513E+003
  0.100000000000000E+001  0.297826766299104E+003  0.166496506399062E+001  0.119291592739997E+001  0.368206517308798E+000  0.365932599177275E+000 -0.131028262406404E+000 -0.148913383149552E+003
  0.100000000000000E+001  0.294750161365911E+003  0.469442097982917E+000  0.507293390290020E+000  0.181445408681268E+000  0.252715525992313E+000 -0.131028262406404E+000 -0.147375080682955E+003
  0.100000000000000E+001  0.295629109177138E+003  0.144111424189080E+001  0.613647437717504E+000  0.725990818133546E+000  0.449844646103530E+000 -0.131028262406404E+000 -0.147814554588569E+003
  0.100000000000000E+001  0.294652812941734E+003  0.655851281071497E+000  0.107659930787538E+001  0.644465426260684E+000  0.268144710018564E+000 -0.131028262406404E+000 -0.147326406470867E+003
  0.100000000000000E+001  0.294799146017832E+003  0.896252613152767E+000  0.522763368994089E+000  0.828442099915050E-001  0.126012012286841E+000 -0.131028262406404E+000 -0.147399573008916E+003
  0.100000000000000E+001  0.295567014191189E+003  0.130315995891952E+001  0.131483557035108E+001  0.586860380246173E+000  0.301301455410965E+000 -0.131028262406404E+000 -0.147783507095595E+003
  0.100000000000000E+001  0.294832155418042E+003  0.922101448760973E+000  0.982845276840084E+000  0.974829160206102E-001  0.115927765247605E+000 -0.131028262406404E+000 -0.147416077709021E+003
  0.100000000000000E+001  0.295352207494262E+003  0.130395279052429E+001  0.164513766850050E+001  0.303717676035182E+000  0.257677656032334E+000 -0.131028262406404E+000 -0.147676103747131E+003
  0.100000000000000E+001  0.297460879108857E+003  0.151342304394010E+001  0.117996032186585E+001  0.573913789960462E+000  0.394292733506882E+000 -0.131028262406404E+000 -0.148730439554428E+003
  0.100000000000000E+001  0.295264962722347E+003  0.107002836860916E+001  0.153592172073410E+001  0.559416620626068E+000  0.307849869394317E+000 -0.131028262406404E+000 -0.147632481361174E+003
  0.100000000000000E+001  0.295800642818544E+003  0.153507054803907E+001  0.103593331225018E+001  0.565863203510135E+000  0.294548973498452E+000 -0.131028262406404E+000 -0.147900321409272E+003
  0.100000000000000E+001  0.296685111354362E+003  0.154049313847751E+001  0.748954071762845E+000  0.557602285383493E+000  0.450760001131799E+000 -0.131028262406404E+000 -0.148342555677181E+003
  0.100000000000000E+001  0.295070395113442E+003  0.370228373911603E+000  0.124666278232830E+001  0.553669887455487E+000  0.162187317116765E+000 -0.131028262406404E+000 -0.147535197556721E+003
  0.100000000000000E+001  0.296435599382856E+003  0.196047485610541E+001  0.170809366546149E+001  0.597579619806718E+000  0.227787232817546E+000 -0.131028262406404E+000 -0.148217799691428E+003
  0.100000000000000E+001  0.294750884211248E+003  0.140754152206490E+001  0.182681611082072E+001  0.535384880236679E+000  0.136977678283376E+000 -0.131028262406404E+000 -0.147375442105624E+003
  0.100000000000000E+001  0.294782147863514E+003  0.106725207266064E+001  0.107821757845086E+001  0.156928006190294E-001  0.114563049199993E+000 -0.131028262406404E+000 -0.147391073931757E+003
  0.100000000000000E+001  0.294751072758576E+003  0.102722460126382E+001  0.168738749532894E+001  0.315154592671498E-001  0.161608877620964E+000 -0.131028262406404E+000 -0.147375536379288E+003
  0.100000000000000E+001  0.294608267710695E+003  0.582133443705634E+000  0.101324140576149E+001  0.748062396273688E+000  0.324245242458881E+000 -0.131028262406404E+000 -0.147304133855348E+003
  0.100000000000000E+001  0.297717128800055E+003  0.128280783125021E+001  0.138278376639313E+001  0.423858827905067E+000  0.463495190525201E+000 -0.131028262406404E+000 -0.148858564400027E+003
  0.100000000000000E+001  0.294312363189822E+003  0.516228027394849E+000  0.536085832657486E+000  0.261282227507304E+000  0.464821013977042E+000 -0.131028262406404E+000 -0.147156181594911E+003
  0.100000000000000E+001  0.294771147635772E+003  0.119142097514330E+001  0.124599770482012E+001  0.525096672154030E+000  0.107504201189698E+000 -0.131028262406404E+000 -0.147385573817886E+003
  0.100000000000000E+001  0.294268237966636E+003  0.709410229937045E+000  0.507160421658709E+000  0.373956176257424E+000  0.401374232753353E+000 -0.131028262406404E+000 -0.147134118983318E+003
  0.100000000000000E+001  0.299216127703829E+003  0.160249322790689E+001  0.195984263697714E+001  0.589777499360453E-001  0.400263802374170E+000 -0.131028262406404E+000 -0.149608063851914E+003
  0.100000000000000E+001  0.295212748007501E+003  0.356871140256011E+000  0.731177538338771E+000  0.670797703013578E+000  0.104964211666783E+000 -0.131028262406404E+000 -0.147606374003750E+003
  0.100000000000000E+001  0.294662081642398E+003  0.837316793473947E+000  0.967215877034094E+000  0.862772169782495E+000  0.370718462885780E+000 -0.131028262406404E+000 -0.147331040821199E+003
  0.100000000000000E+001  0.294599411354298E+003  0.646524464955582E+000  0.104809179652546E+001  0.187231938036619E+000  0.359472006650214E+000 -0.131028262406404E+000 -0.147299705677149E+003
  0.100000000000000E+001  0.297209974409467E+003  0.118539331067547E+001  0.164337167522101E+001  0.240797860419348E+000  0.439721046540415E+000 -0.131028262406404E+000 -0.148604987204734E+003
  0.100000000000000E+001  0.294789093757032E+003  0.483254596679759E+000  0.117910701198082E+001  0.353208120423691E+000  0.253734104582386E+000 -0.131028262406404E+000 -0.147394546878516E+003
  0.100000000000000E+001  0.294669252328607E+003  0.419216117584770E+000  0.108456033027959E+001  0.126843234694294E+000  0.396348541417721E+000 -0.131028262406404E+000 -0.147334626164304E+003
  0.100000000000000E+001  0.295888546737076E+003  0.184179795241656E+001  0.711920994947366E+000  0.450673256723192E+000  0.273680481453508E+000 -0.131028262406404E+000 -0.147944273368538E+003
  0.100000000000000E+001  0.294930189626158E+003  0.480525391024141E+000  0.189570788079919E+001  0.897257621403004E+000  0.226862687202243E+000 -0.131028262406404E+000 -0.147465094813079E+003
  0.100000000000000E+001  0.294744787067520E+003  0.792744178210760E+000  0.141469052279285E+001  0.135011168481281E+000  0.190738858431693E+000 -0.131028262406404E+000 -0.147372393533760E+003
  0.100000000000000E+001  0.295628020142180E+003  0.807880150604253E+000  0.190038596190891E+001  0.871234543802343E+000  0.418431401743955E+000 -0.131028262406404E+000 -0.147814010071090E+003
  0.100000000000000E+001  0.296569668647708E+003  0.109469505997526E+001  0.121648063104746E+001  0.913729265057716E+000  0.499808481292954E+000 -0.131028262406404E+000 -0.148284834323854E+003
  0.100000000000000E+001  0.294648647456000E+003  0.980283955916162E+000  0.102584877937964E+001  0.388473579159675E+000  0.208801548656622E+000 -0.131028262406404E+000 -0.147324323728000E+003
  0.100000000000000E+001  0.295298200356759E+003  0.144188867697708E+001  0.199543892809875E+001  0.199637891021666E+000  0.220452958057826E+000 -0.131028262406404E+000 -0.147649100178379E+003
  0.100000000000000E+001  0.298965556410466E+003  0.144746912583111E+001  0.157043020253393E+001  0.889173776121396E+000  0.445194740462001E+000 -0.131028262406404E+000 -0.149482778205233E+003
  0.100000000000000E+001  0.294330212495876E+003  0.579221877161611E+000  0.566470527339170E+000  0.156329550812515E+000  0.421077466462991E+000 -0.131028262406404E+000 -0.147165106247938E+003
  0.100000000000000E+001  0.294706864997124E+003  0.123168779722120E+001  0.776235486427015E+000  0.644934800458032E+000  0.246453980332262E+000 -0.131028262406404E+000 -0.147353432498562E+003
  0.100000000000000E+001  0.298368498320011E+003  0.156935299757966E+001  0.161384513944985E+001  0.573037258477857E+000  0.379191365895012E+000 -0.131028262406404E+000 -0.149184249160005E+003
  0.100000000000000E+001  0.294970500384936E+003  0.454044341090913E+000  0.154471070712903E+001  0.161135850397102E+000  0.484776140287835E+000 -0.131028262406404E+000 -0.147485250192468E+003
  0.100000000000000E+001  0.294804768761967E+003  0.498765734398325E+000  0.523153414382581E+000  0.948310752136774E+000  0.215599929632031E+000 -0.131028262406404E+000 -0.147402384380983E+003
  0.100000000000000E+001  0.298545843775939E+003  0.194455704992692E+001  0.600327842282941E+000  0.192700203938940E+000  0.491246608350027E+000 -0.131028262406404E+000 -0.149272921887970E+003
  0.100000000000000E+001  0.299848856051286E+003  0.165073831400784E+001  0.172543628616888E+001  0.250149643445521E-001  0.409881581569238E+000 -0.131028262406404E+000 -0.149924428025643E+003
  0.100000000000000E+001  0.298887116113887E+003  0.180890453599027E+001  0.999768942344383E+000  0.482519403632079E-001  0.405158094055606E+000 -0.131028262406404E+000 -0.149443558056943E+003
  0.100000000000000E+001  0.295544812781264E+003  0.967325178112134E+000  0.129959058370129E+001  0.997091195448849E+000  0.422218760013512E+000 -0.131028262406404E+000 -0.147772406390632E+003
  0.100000000000000E+001  0.294801981887384E+003  0.174441271670265E+001  0.914485071085297E+000  0.564986837553631E+000  0.155909421783936E+000 -0.131028262406404E+000 -0.147400990943692E+003
  0.100000000000000E+001  0.294539024516269E+003  0.533183479161636E+000  0.922365351709111E+000  0.799229677814539E+000  0.386933197130796E+000 -0.131028262406404E+000 -0.147269512258135E+003
  0.100000000000000E+001  0.302883986910540E+003  0.185390780833292E+001  0.148343684870161E+001  0.150701914172229E+000  0.455338691012801E+000 -0.131028262406404E+000 -0.151441993455270E+003
  0.100000000000000E+001  0.294774873838217E+003  0.152697418896415E+001  0.115022077095990E+001  0.144697158946317E+000  0.164357648674027E+000 -0.131028262406404E+000 -0.147387436919108E+003
  0.100000000000000E+001  0.295350455344625E+003  0.172194034844430E+001  0.150025926815359E+001  0.699510911150088E+000  0.199875373287026E+000 -0.131028262406404E+000 -0.147675227672313E+003
  0.100000000000000E+001  0.299640716362129E+003  0.195752389840162E+001  0.829704828541800E+000  0.519227848407033E+000  0.435977114311402E+000 -0.131028262406404E+000 -0.149820358181065E+003
  0.100000000000000E+001  0.294401111378248E+003  0.986648452939919E+000  0.503694022562305E+000  0.192319177326734E+000  0.315575139744507E+000 -0.131028262406404E+000 -0.147200555689124E+003
  0.100000000000000E+001  0.294576289310452E+003  0.783027561006806E+000  0.940245498503444E+000  0.917408312525338E+000  0.320624340265660E+000 -0.131028262406404E+000 -0.147288144655226E+003
  0.100000000000000E+001  0.294793876452157E+003  0.792436744467288E+000  0.130014948589310E+001  0.447790964724066E-001  0.324977240606892E+000 -0.131028262406404E+000 -0.147396938226078E+003
  0.100000000000000E+001  0.295126681127453E+003  0.239356289040489E+000  0.161666934563756E+001  0.607867591251208E+000  0.234443383565720E+000 -0.131028262406404E+000 -0.147563340563727E+003
  0.100000000000000E+001  0.299599165358330E+003  0.193584521600376E+001  0.940294188048003E+000  0.290503129501451E+000  0.409647728911374E+000 -0.131028262406404E+000 -0.149799582679165E+003
  0.100000000000000E+001  0.294777611150085E+003  0.129082486604380E+001  0.105275941558108E+001  0.337681877895817E+000  0.209948094816542E+000 -0.131028262406404E+000 -0.147388805575042E+003
  0.100000000000000E+001  0.295458432730850E+003  0.127532591826580E+001  0.159815895605500E+001  0.738183641944656E-002  0.276605906003521E+000 -0.131028262406404E+000 -0.147729216365425E+003
  0.100000000000000E+001  0.296938112864435E+003  0.163698751032690E+001  0.860665211307295E+000  0.629841706412926E+000  0.387092599563343E+000 -0.131028262406404E+000 -0.148469056432218E+003
  0.100000000000000E+001  0.297783874588947E+003  0.119125623056877E+001  0.152008964941375E+001  0.244229495646398E-002  0.489082505025371E+000 -0.131028262406404E+000 -0.148891937294473E+003
  0.100000000000000E+001  0.294928869629222E+003  0.173874403126181E+001  0.125789033265828E+001  0.724378121912704E+000  0.163912702571378E+000 -0.131028262406404E+000 -0.147464434814611E+003
  0.100000000000000E+001  0.294537127550300E+003  0.952776309840973E+000  0.617234644150015E+000  0.885822097866430E+000  0.232212467550595E+000 -0.131028262406404E+000 -0.147268563775150E+003
  0.100000000000000E+001  0.294396972701970E+003  0.737316268098063E+000  0.736263912046301E+000  0.137564243663077E+000  0.415425218521647E+000 -0.131028262406404E+000 -0.147198486350985E+003
  0.100000000000000E+001  0.294727346772458E+003  0.178793114842965E+001  0.107054533832230E+001  0.554777530328717E+000  0.128347847531528E+000 -0.131028262406404E+000 -0.147363673386229E+003
  0.100000000000000E+001  0.294677011357077E+003  0.102680378195557E+001  0.879552641118522E+000  0.312243480350159E+000  0.295242111734003E+000 -0.131028262406404E+000 -0.147338505678538E+003
  0.100000000000000E+001  0.294698346361916E+003  0.753623374455076E+000  0.106492958173277E+001  0.167634027139808E-001  0.202049529963196E+000 -0.131028262406404E+000 -0.147349173180958E+003
  0.100000000000000E+001  0.296469919321915E+003  0.151831756660919E+001  0.857929591217650E+000  0.447580943944863E+000  0.395752419786407E+000 -0.131028262406404E+000 -0.148234959660957E+003
  0.100000000000000E+001  0.295278573377146E+003  0.197249592788449E+001  0.191105722758995E+001  0.771941272970689E-001  0.164404715286642E+000 -0.131028262406404E+000 -0.147639286688573E+003
  0.100000000000000E+001  0.295087932944136E+003  0.202434356658772E+000  0.143886321922439E+001  0.603293653494643E+000  0.320591678034565E+000 -0.131028262406404E+000 -0.147543966472068E+003
  0.100000000000000E+001  0.294793728601752E+003  0.853677554213834E+000  0.138447831910716E+001  0.507828811141494E-001  0.281580553709157E+000 -0.131028262406404E+000 -0.147396864300876E+003
  0.100000000000000E+001  0.294934563509986E+003  0.380341018573167E+000  0.157440929913141E+001  0.872373161463729E+000  0.457512636331030E+000 -0.131028262406404E+000 -0.147467281754993E+003
  0.100000000000000E+001  0.294693469611160E+003  0.181015679854336E+001  0.918841357921605E+000  0.556639075969412E-001  0.119024287639447E+000 -0.131028262406404E+000 -0.147346734805580E+003
  0.100000000000000E+001  0.294991571738319E+003  0.193154676888080E+000  0.126798540678873E+001  0.922179784297392E+000  0.472785072006594E+000 -0.131028262406404E+000 -0.147495785869160E+003
  0.100000000000000E+001  0.294992603717647E+003  0.545680740985446E+000  0.154488076158717E+001  0.294776967323837E+000  0.451562766894914E+000 -0.131028262406404E+000 -0.147496301858824E+003
  0.100000000000000E+001  0.295133898029722E+003  0.529231894525514E+000  0.186165123992074E+001  0.815532493103422E+000  0.429264808691507E+000 -0.131028262406404E+000 -0.147566949014861E+003
  0.100000000000000E+001  0.294981512635913E+003  0.136098472863949E+001  0.759897585313982E+000  0.848763383594704E+000  0.286396123432058E+000 -0.131028262406404E+000 -0.147490756317956E+003
  0.100000000000000E+001  0.294585346073054E+003  0.917899126396114E+000  0.862165386250920E+000  0.343094208931316E+000  0.262529277010646E+000 -0.131028262406404E+000 -0.147292673036527E+003
  0.100000000000000E+001  0.295092595343733E+003  0.782510981485188E+000  0.182180408706198E+001  0.173554902221811E+000  0.332767599585259E+000 -0.131028262406404E+000 -0.147546297671866E+003
  0.100000000000000E+001  0.295213861343042E+003  0.299338594075162E+000  0.905387435159438E+000  0.559350496510209E+000  0.124825137516465E+000 -0.131028262406404E+000 -0.147606930671521E+003
  0.100000000000000E+001  0.294782031193261E+003  0.153708175012507E+001  0.175015808458655E+001  0.827243086396087E-001  0.142876364808932E+000 -0.131028262406404E+000 -0.147391015596631E+003
  0.100000000000000E+001  0.295269369269925E+003  0.122813294716782E+001  0.124014243203466E+001  0.975534291077315E+000  0.294975132077376E+000 -0.131028262406404E+000 -0.147634684634963E+003
  0.100000000000000E+001  0.294772521464097E+003  0.107787415705062E+001  0.190403448765126E+001  0.515939074854289E+000  0.141173162475645E+000 -0.131028262406404E+000 -0.147386260732049E+003
  0.100000000000000E+001  0.294737041367572E+003  0.198029051669754E+001  0.549159924727945E+000  0.679373977290245E+000  0.133326168737706E+000 -0.131028262406404E+000 -0.147368520683786E+003
  0.100000000000000E+001  0.294784384785657E+003  0.143189463610548E+001  0.156415150453876E+001  0.438811116747069E+000  0.159210594777682E+000 -0.131028262406404E+000 -0.147392192392828E+003
  0.100000000000000E+001  0.295358230184270E+003  0.109420060221268E+000  0.820195533404779E+000  0.515761030426625E+000  0.169333933804127E+000 -0.131028262406404E+000 -0.147679115092135E+003
  0.100000000000000E+001  0.294755288547318E+003  0.144689654782281E+001  0.190241332823481E+001  0.694842801641848E+000  0.133504813078190E+000 -0.131028262406404E+000 -0.147377644273659E+003
  0.100000000000000E+001  0.297612257835215E+003  0.137288303593841E+001  0.146630033170860E+001  0.394188034442407E+000  0.412075143300342E+000 -0.131028262406404E+000 -0.148806128917608E+003
  0.100000000000000E+001  0.295774077096143E+003  0.161149860903956E+001  0.136925964154063E+001  0.178319901137420E+000  0.250629167347815E+000 -0.131028262406404E+000 -0.147887038548072E+003
  0.100000000000000E+001  0.294727800781066E+003  0.131256787636461E+001  0.160526859543972E+001  0.727080672766597E+000  0.127675077377756E+000 -0.131028262406404E+000 -0.147363900390533E+003
  0.100000000000000E+001  0.294720009611107E+003  0.783601609055828E+000  0.724851708127648E+000  0.832880776005065E+000  0.171803444353970E+000 -0.131028262406404E+000 -0.147360004805553E+003
  0.100000000000000E+001  0.294775879575766E+003  0.147226226193775E+001  0.180326630028845E+001  0.561903376219709E+000  0.144352916971677E+000 -0.131028262406404E+000 -0.147387939787883E+003
  0.100000000000000E+001  0.294692175171286E+003  0.275402742320842E+000  0.591620029107954E+000  0.443658768223987E+000  0.482431801881086E+000 -0.131028262406404E+000 -0.147346087585643E+003
  0.100000000000000E+001  0.294738451506891E+003  0.108305645005802E+001  0.729701523058901E+000  0.236702180323089E+000  0.123010032155719E+000 -0.131028262406404E+000 -0.147369225753445E+003
  0.100000000000000E+001  0.294862253454993E+003  0.185616139521466E+001  0.194748073751036E+001  0.294161378020370E+000  0.132604648543180E+000 -0.131028262406404E+000 -0.147431126727496E+003
  0.100000000000000E+001  0.296756532537043E+003  0.134671331038082E+001  0.164354010094318E+001  0.165959637190819E+000  0.356413099708890E+000 -0.131028262406404E+000 -0.148378266268521E+003
  0.100000000000000E+001  0.295384238066845E+003  0.156173038572677E+001  0.140880722154893E+001  0.115540439709964E-001  0.227035405125517E+000 -0.131028262406404E+000 -0.147692119033422E+003
  0.100000000000000E+001  0.294843088340474E+003  0.169055346329491E+001  0.690896558892534E+000  0.209998565301672E+000  0.184178878403977E+000 -0.131028262406404E+000 -0.147421544170237E+003
  0.100000000000000E+001  0.295746302081649E+003  0.124932262307920E+001  0.973286801161420E+000  0.923909480631357E+000  0.400712355317561E+000 -0.131028262406404E+000 -0.147873151040825E+003
  0.100000000000000E+001  0.294734596261841E+003  0.142065666156440E+001  0.159591682956425E+001  0.978246266881767E+000  0.139379502719933E+000 -0.131028262406404E+000 -0.147367298130920E+003
  0.100000000000000E+001  0.296899637391910E+003  0.104623899008016E+001  0.192636224770141E+001  0.764356634431730E+000  0.458682025338717E+000 -0.131028262406404E+000 -0.148449818695955E+003
  0.100000000000000E+001  0.295527000316582E+003  0.921481020456578E+000  0.136039334118239E+001  0.931334169463447E+000  0.428654771499087E+000 -0.131028262406404E+000 -0.147763500158291E+003
  0.100000000000000E+001  0.294821087753696E+003  0.160799199383140E+001  0.160397399585207E+001  0.160638493701695E+000  0.150035803371369E+000 -0.131028262406404E+000 -0.147410543876848E+003
  0.100000000000000E+001  0.295604698592880E+003  0.189691053230674E+001  0.523794209781999E+000  0.523575910928540E-001  0.266459406063833E+000 -0.131028262406404E+000 -0.147802349296440E+003
  0.100000000000000E+001  0.295207915062517E+003  0.123886648995951E+001  0.107041343490767E+001  0.521572482611216E-001  0.306824117102237E+000 -0.131028262406404E+000 -0.147603957531259E+003
  0.100000000000000E+001  0.294848301730228E+003  0.883170701399357E+000  0.174324228002940E+001  0.454434342651734E+000  0.125287529947219E+000 -0.131028262406404E+000 -0.147424150865114E+003
  0.100000000000000E+001  0.294768087028631E+003  0.114773359104232E+001  0.174782549396526E+001  0.119863346839599E-002  0.123004652166986E+000 -0.131028262406404E+000 -0.147384043514316E+003
  0.100000000000000E+001  0.294729885891111E+003  0.168629881737581E+001  0.124912832061058E+001  0.170341829145414E+000  0.131224565495161E+000 -0.131028262406404E+000 -0.147364942945555E+003
  0.100000000000000E+001  0.294987813946102E+003  0.618917276327143E+000  0.189119354877380E+001  0.770064046491995E+000  0.335107153060367E+000 -0.131028262406404E+000 -0.147493906973051E+003
  0.100000000000000E+001  0.294927818125728E+003  0.817599944705682E+000  0.193944993988930E+001  0.115808755512725E+000  0.264694765033485E+000 -0.131028262406404E+000 -0.147463909062864E+003
  0.100000000000000E+001  0.295053851564976E+003  0.163661818879775E+001  0.119505130532534E+001  0.356223447311812E+000  0.193087401871143E+000 -0.131028262406404E+000 -0.147526925782488E+003
  0.100000000000000E+001  0.295790657115277E+003  0.130648351964149E+001  0.963570457676365E+000  0.604793014113013E+000  0.383123353362832E+000 -0.131028262406404E+000 -0.147895328557638E+003
  0.100000000000000E+001  0.296371894150187E+003  0.127012139969921E+001  0.113987491032069E+001  0.800420056133422E+000  0.414657109397479E+000 -0.131028262406404E+000 -0.148185947075093E+003
  0.100000000000000E+001  0.297626038780850E+003  0.191465713400994E+001  0.117744390475082E+001  0.973745394114059E+000  0.301854426851844E+000 -0.131028262406404E+000 -0.148813019390425E+003
  0.100000000000000E+001  0.295112710704344E+003  0.131188035632987E+000  0.678537016007023E+000  0.722075673416688E+000  0.420059054581247E+000 -0.131028262406404E+000 -0.147556355352172E+003
  0.100000000000000E+001  0.294796648638575E+003  0.117953528194001E+001  0.179998122691261E+001  0.491273479787346E+000  0.107252495376464E+000 -0.131028262406404E+000 -0.147398324319287E+003
  0.100000000000000E+001  0.300068926057887E+003  0.187695839539216E+001  0.954884766273447E+000  0.245575841795967E+000  0.444429805057963E+000 -0.131028262406404E+000 -0.150034463028944E+003
  0.100000000000000E+001  0.297428832385506E+003  0.189087132057728E+001  0.146242823604671E+001  0.305082860235430E+000  0.282030568232263E+000 -0.131028262406404E+000 -0.148714416192753E+003
  0.100000000000000E+001  0.300871780273048E+003  0.184955212381624E+001  0.146399711251346E+001  0.372826354917355E+000  0.401532055249139E+000 -0.131028262406404E+000 -0.150435890136524E+003
  0.100000000000000E+001  0.294711901224370E+003  0.120641417244695E+001  0.139794804010278E+001  0.268340163225538E+000  0.155548809576307E+000 -0.131028262406404E+000 -0.147355950612185E+003
  0.100000000000000E+001  0.294986243278079E+003  0.106329094630778E+001  0.192676143205617E+001  0.456450366193567E+000  0.237582488283619E+000 -0.131028262406404E+000 -0.147493121639040E+003
  0.100000000000000E+001  0.294530104654625E+003  0.100810163989082E+001  0.641635397264365E+000  0.948628654502991E+000  0.422534532711022E+000 -0.131028262406404E+000 -0.147265052327313E+003
  0.100000000000000E+001  0.295225589633026E+003  0.156408988074007E+001  0.993311873095709E+000  0.513951351015435E+000  0.236427693470591E+000 -0.131028262406404E+000 -0.147612794816513E+003
  0.100000000000000E+001  0.295014673597644E+003  0.250907563100038E+000  0.159646085605439E+001  0.418847874284137E-001  0.451213837059633E+000 -0.131028262406404E+000 -0.147507336798822E+003
  0.100000000000000E+001  0.294603239457802E+003  0.405040246412212E+000  0.100571632902522E+001  0.865358308154528E+000  0.470820145692274E+000 -0.131028262406404E+000 -0.147301619728901E+003
  0.100000000000000E+001  0.297480552474634E+003  0.186532174257594E+001  0.893892960017551E+000  0.328993957312255E-001  0.341688575050647E+000 -0.131028262406404E+000 -0.148740276237317E+003
  0.100000000000000E+001  0.296216695106794E+003  0.195778522220004E+001  0.165892283062142E+001  0.943074603679506E+000  0.219280147161644E+000 -0.131028262406404E+000 -0.148108347553397E+003
  0.100000000000000E+001  0.296984712444123E+003  0.188706044642435E+001  0.662505490484725E+000  0.388283618090700E+000  0.361760044675280E+000 -0.131028262406404E+000 -0.148492356222061E+003
  0.100000000000000E+001  0.295725770526828E+003  0.171091984587350E+001  0.535507542260314E+000  0.947674210195216E+000  0.349262426232454E+000 -0.131028262406404E+000 -0.147862885263414E+003
  0.100000000000000E+001  0.295640528867415E+003  0.150504660778484E+001  0.152733232605548E+001  0.332330834017944E+000  0.251976932416117E+000 -0.131028262406404E+000 -0.147820264433708E+003
  0.100000000000000E+001  0.294929775601251E+003  0.908677648558145E+000  0.131718161576879E+001  0.574905754135315E+000  0.323984091883157E+000 -0.131028262406404E+000 -0.147464887800626E+003
  0.100000000000000E+001  0.300704217758310E+003  0.189593340335111E+001  0.155823929150483E+001  0.603879935594924E+000  0.380283975196766E+000 -0.131028262406404E+000 -0.150352108879155E+003
  0.100000000000000E+001  0.294747429436378E+003  0.702749732313720E+000  0.123662523448120E+001  0.431535494173947E-001  0.197563384724728E+000 -0.131028262406404E+000 -0.147373714718189E+003
  0.100000000000000E+001  0.295665140199611E+003  0.112790499697112E+001  0.123097116844862E+001  0.722023650693861E+000  0.380793715021005E+000 -0.131028262406404E+000 -0.147832570099805E+003
  0.100000000000000E+001  0.294762705163865E+003  0.683040430657018E+000  0.142334645820346E+001  0.747569222348479E+000  0.301760625521516E+000 -0.131028262406404E+000 -0.147381352581933E+003
  0.100000000000000E+001  0.295247730459183E+003  0.118471671989695E+000  0.174601519619173E+001  0.146741756678102E+000  0.462654856157112E+000 -0.131028262406404E+000 -0.147623865229592E+003
  0.100000000000000E+001  0.297699018010663E+003  0.177187996257877E+001  0.136218762206294E+001  0.599748096240370E-001  0.319204930093404E+000 -0.131028262406404E+000 -0.148849509005331E+003
  0.100000000000000E+001  0.294890296604561E+003  0.702503399831331E+000  0.128405910648844E+001  0.496797858912756E+000  0.419304459282530E+000 -0.131028262406404E+000 -0.147445148302280E+003
  0.100000000000000E+001  0.295142068548677E+003  0.402690762642957E+000  0.194744047069956E+001  0.916550746402600E+000  0.458595826774714E+000 -0.131028262406404E+000 -0.147571034274339E+003
  0.100000000000000E+001  0.295313927357731E+003  0.713849260421946E+000  0.148936291315441E+001  0.460474338412733E+000  0.471868026667893E+000 -0.131028262406404E+000 -0.147656963678865E+003
  0.100000000000000E+001  0.295115862214650E+003  0.188794517435673E+001  0.135309353668630E+001  0.158636738131191E+000  0.166940130896989E+000 -0.131028262406404E+000 -0.147557931107325E+003
  0.100000000000000E+001  0.295029831437422E+003  0.633140272384047E+000  0.913438573091037E+000  0.427623175357425E+000  0.103759072688834E+000 -0.131028262406404E+000 -0.147514915718711E+003
  0.100000000000000E+001  0.297412338427975E+003  0.169046873402335E+001  0.970468816249417E+000  0.589009604777667E+000  0.373452441211170E+000 -0.131028262406404E+000 -0.148706169213988E+003
  0.100000000000000E+001  0.295155917098404E+003  0.156868987864672E+001  0.946382900594662E+000  0.209993508429834E+000  0.231435745625007E+000 -0.131028262406404E+000 -0.147577958549202E+003
  0.100000000000000E+001  0.296012519461381E+003  0.162457354603755E+001  0.104736509358580E+001  0.894182096023551E+000  0.288732646965357E+000 -0.131028262406404E+000 -0.148006259730690E+003
  0.100000000000000E+001  0.295365295391748E+003  0.179620802028111E+001  0.570073594871601E+000  0.204073682597431E+000  0.254816881363263E+000 -0.131028262406404E+000 -0.147682647695874E+003
  0.100000000000000E+001  0.294899619358656E+003  0.834625637765307E+000  0.162885454206105E+001  0.341753868358367E+000  0.113477999648520E+000 -0.131028262406404E+000 -0.147449809679328E+003
  0.100000000000000E+001  0.294778507325283E+003  0.120308895967617E+001  0.188366229813325E+001  0.998654330935051E+000  0.162903306607749E+000 -0.131028262406404E+000 -0.147389253662642E+003
  0.100000000000000E+001  0.295086291603618E+003  0.171628445199358E+001  0.877464963391328E+000  0.528090338469813E+000  0.202839038312308E+000 -0.131028262406404E+000 -0.147543145801809E+003
  0.100000000000000E+001  0.294967305860533E+003  0.364499030192340E+000  0.179392522952669E+001  0.365645695475846E+000  0.315521241441750E+000 -0.131028262406404E+000 -0.147483652930267E+003
  0.100000000000000E+001  0.298068413252929E+003  0.196041994169056E+001  0.141642840261711E+001  0.106971449565164E+000  0.295017887268432E+000 -0.131028262406404E+000 -0.149034206626464E+003
  0.100000000000000E+001  0.294804570278411E+003  0.158805377722674E+001  0.187611811029067E+001  0.634556890015448E+000  0.141531444588733E+000 -0.131028262406404E+000 -0.147402285139205E+003
  0.100000000000000E+001  0.294603730101763E+003  0.993381394230937E+000  0.837557670802196E+000  0.722149664760083E+000  0.267896302432008E+000 -0.131028262406404E+000 -0.147301865050882E+003
  0.100000000000000E+001  0.294743852653890E+003  0.154944651860058E+001  0.186787568205168E+001  0.531498035423981E+000  0.122988098988777E+000 -0.131028262406404E+000 -0.147371926326945E+003
  0.100000000000000E+001  0.295234349248905E+003  0.142484527695560E+000  0.187706056337723E+001  0.178312959338878E+000  0.428991037027989E+000 -0.131028262406404E+000 -0.147617174624452E+003
  0.100000000000000E+001  0.297318294734166E+003  0.152224017183756E+001  0.178332646438937E+001  0.773915482552624E+000  0.338362508026365E+000 -0.131028262406404E+000 -0.148659147367083E+003
  0.100000000000000E+001  0.296554094614605E+003  0.173487734382529E+001  0.510066318524974E+000  0.517389418445038E+000  0.490082913954208E+000 -0.131028262406404E+000 -0.148277047307302E+003
  0.100000000000000E+001  0.297118922339367E+003  0.137452652116647E+001  0.174263254661221E+001  0.813439730383554E+000  0.366047727068330E+000 -0.131028262406404E+000 -0.148559461169683E+003
  0.100000000000000E+001  0.295310264257357E+003  0.103046578398445E+000  0.105480934146886E+001  0.538896112005882E+000  0.243430197158921E+000 -0.131028262406404E+000 -0.147655132128679E+003
  0.100000000000000E+001  0.298001058228650E+003  0.144631587091372E+001  0.103909773768904E+001  0.779473086751364E+000  0.486704718990579E+000 -0.131028262406404E+000 -0.149000529114325E+003
  0.100000000000000E+001  0.295897887709497E+003  0.194369992078587E+001  0.725909139518703E+000  0.987151261398805E+000  0.250692138811597E+000 -0.131028262406404E+000 -0.147948943854748E+003
  0.100000000000000E+001  0.298513825719321E+003  0.168870055845976E+001  0.189110990665538E+001  0.494303922249226E+000  0.351159982968101E+000 -0.131028262406404E+000 -0.149256912859661E+003
  0.100000000000000E+001  0.294802877502799E+003  0.106630403900311E+001  0.184223545429506E+001  0.585976724237537E+000  0.119064078317743E+000 -0.131028262406404E+000 -0.147401438751399E+003
  0.100000000000000E+001  0.295185039894664E+003  0.117008549536156E+001  0.832451300667162E+000  0.195411965979209E-002  0.403050577302589E+000 -0.131028262406404E+000 -0.147592519947332E+003
  0.100000000000000E+001  0.294603597901922E+003  0.981525640368574E+000  0.828046603202508E+000  0.354965075864363E+000  0.214362643819138E+000 -0.131028262406404E+000 -0.147301798950961E+003
  0.100000000000000E+001  0.294758332634095E+003  0.994997836321722E+000  0.584123889098417E+000  0.496058030466633E-001  0.125600268159601E+000 -0.131028262406404E+000 -0.147379166317048E+003
  0.100000000000000E+001  0.296675387901889E+003  0.179089681033776E+001  0.516374245275820E+000  0.684741718655335E+000  0.460175505382903E+000 -0.131028262406404E+000 -0.148337693950944E+003
  0.100000000000000E+001  0.296570583142594E+003  0.122051746217624E+001  0.155370083428961E+001  0.130520101270229E+000  0.388433187752314E+000 -0.131028262406404E+000 -0.148285291571297E+003
  0.100000000000000E+001  0.294679924053299E+003  0.126903641412653E+001  0.912967335718041E+000  0.237482491558682E+000  0.131963258463628E+000 -0.131028262406404E+000 -0.147339962026650E+003
  0.100000000000000E+001  0.295242049822862E+003  0.181250194829585E+001  0.551635144989854E+000  0.544582500305434E+000  0.237545619960026E+000 -0.131028262406404E+000 -0.147621024911431E+003
  0.100000000000000E+001  0.294862227163930E+003  0.196339869918726E+001  0.959695632876043E+000  0.430828090915986E+000  0.143017891170405E+000 -0.131028262406404E+000 -0.147431113581965E+003
  0.100000000000000E+001  0.294896489048320E+003  0.141542565243072E+001  0.138310481093253E+001  0.744815620040890E+000  0.192612847325389E+000 -0.131028262406404E+000 -0.147448244524160E+003
  0.100000000000000E+001  0.295216671732638E+003  0.304360177657443E+000  0.615663102750911E+000  0.619300689341319E+000  0.121452879944470E+000 -0.131028262406404E+000 -0.147608335866319E+003
  0.100000000000000E+001  0.295318438514810E+003  0.117861220562259E+001  0.149583378650829E+001  0.575443004248171E+000  0.289745739684686E+000 -0.131028262406404E+000 -0.147659219257405E+003
  0.100000000000000E+001  0.295070666088206E+003  0.308299267781682E+000  0.798144852575928E+000  0.912643578858736E+000  0.190523038076968E+000 -0.131028262406404E+000 -0.147535333044103E+003
  0.100000000000000E+001  0.294778793001375E+003  0.102219261105646E+001  0.193055050186788E+001  0.232680430981436E+000  0.161004267719218E+000 -0.131028262406404E+000 -0.147389396500688E+003
  0.100000000000000E+001  0.294784173748037E+003  0.711408181409266E+000  0.117336795331779E+001  0.248509992478963E+000  0.172447630793819E+000 -0.131028262406404E+000 -0.147392086874018E+003
  0.100000000000000E+001  0.294677299518576E+003  0.169495012639545E+001  0.893603125727345E+000  0.649247209679994E+000  0.109891780808740E+000 -0.131028262406404E+000 -0.147338649759288E+003
  0.100000000000000E+001  0.294953455360858E+003  0.122769401565989E+001  0.142241250933117E+001  0.447248405907041E+000  0.231036871521143E+000 -0.131028262406404E+000 -0.147476727680429E+003
  0.100000000000000E+001  0.294974283072206E+003  0.511526090506595E+000  0.926490936369904E+000  0.326133697260716E+000  0.147689505680750E+000 -0.131028262406404E+000 -0.147487141536103E+003
  0.100000000000000E+001  0.297282930669121E+003  0.191033231519441E+001  0.142023381584322E+001  0.571292782995837E+000  0.275095662168707E+000 -0.131028262406404E+000 -0.148641465334560E+003
  0.100000000000000E+001  0.295019859005343E+003  0.155450214949618E+001  0.865113093618554E+000  0.915105577788790E+000  0.223358053127548E+000 -0.131028262406404E+000 -0.147509929502672E+003
  0.100000000000000E+001  0.295203968802723E+003  0.167047194179641E+000  0.186027338366326E+001  0.904183091325741E+000  0.319278334789939E+000 -0.131028262406404E+000 -0.147601984401361E+003
  0.100000000000000E+001  0.294437123424461E+003  0.595163413663835E+000  0.524093154266515E+000  0.873895988004541E+000  0.345655224072382E+000 -0.131028262406404E+000 -0.147218561712230E+003
  0.100000000000000E+001  0.296755750075073E+003  0.194294931739204E+001  0.601201525658164E+000  0.671762127733219E+000  0.344209465559408E+000 -0.131028262406404E+000 -0.148377875037537E+003
  0.100000000000000E+001  0.295147447445017E+003  0.139795627434754E+000  0.126589495077563E+001  0.640458474352283E+000  0.382226055703864E+000 -0.131028262406404E+000 -0.147573723722509E+003
  0.100000000000000E+001  0.295421591880172E+003  0.160349200725034E+001  0.510179941233623E+000  0.232084029074193E-001  0.367506450782156E+000 -0.131028262406404E+000 -0.147710795940086E+003
  0.100000000000000E+001  0.294826008698458E+003  0.446108412899433E+000  0.139430622377331E+001  0.332084363338646E+000  0.456657344702669E+000 -0.131028262406404E+000 -0.147413004349229E+003
  0.100000000000000E+001  0.296515456593711E+003  0.194197329813470E+001  0.952184392970958E+000  0.636389080706383E+000  0.265915335075463E+000 -0.131028262406404E+000 -0.148257728296856E+003
  0.100000000000000E+001  0.295496141455737E+003  0.885068080258591E+000  0.191598162723641E+001  0.587634909877505E+000  0.367358505389422E+000 -0.131028262406404E+000 -0.147748070727869E+003
  0.100000000000000E+001  0.294824339133238E+003  0.692234049812223E+000  0.182447846915863E+001  0.477398752431542E+000  0.214346733472818E+000 -0.131028262406404E+000 -0.147412169566619E+003
  0.100000000000000E+001  0.295286925825454E+003  0.153776805269279E+001  0.903093414364369E+000  0.556797367553009E+000  0.258564668454470E+000 -0.131028262406404E+000 -0.147643462912727E+003
  0.100000000000000E+001  0.294816921952690E+003  0.108394151469049E+001  0.197907077645507E+001  0.161837257283630E+000  0.184902463774966E+000 -0.131028262406404E+000 -0.147408460976345E+003
  0.100000000000000E+001  0.294316730545149E+003  0.752591180617946E+000  0.608296857311007E+000  0.459777642542791E+000  0.401668286931732E+000 -0.131028262406404E+000 -0.147158365272575E+003
  0.100000000000000E+001  0.295381823167340E+003  0.115384204948500E+000  0.126672041481651E+001  0.860161678655414E+000  0.135888115701724E+000 -0.131028262406404E+000 -0.147690911583670E+003
  0.100000000000000E+001  0.294946102649957E+003  0.105412609319142E+001  0.120187264066721E+001  0.861575605824872E+000  0.297109209124234E+000 -0.131028262406404E+000 -0.147473051324979E+003
  0.100000000000000E+001  0.294811199791369E+003  0.744102391303752E+000  0.125221909810904E+001  0.700135297001370E+000  0.155393749422493E+000 -0.131028262406404E+000 -0.147405599895685E+003
  0.100000000000000E+001  0.294688001635720E+003  0.112011673814611E+001  0.117873896997104E+001  0.815971043341121E+000  0.182995707950803E+000 -0.131028262406404E+000 -0.147344000817860E+003
  0.100000000000000E+001  0.294857295604824E+003  0.343040266230337E+000  0.963887017956758E+000  0.686761817190629E+000  0.289570767032926E+000 -0.131028262406404E+000 -0.147428647802412E+003
  0.100000000000000E+001  0.300705644983319E+003  0.197929177495732E+001  0.185651887825107E+001  0.853261969380177E+000  0.358545241538696E+000 -0.131028262406404E+000 -0.150352822491659E+003
  0.100000000000000E+001  0.294942538243073E+003  0.304840771023372E+000  0.154864561955102E+001  0.939442933961092E+000  0.430817515906000E+000 -0.131028262406404E+000 -0.147471269121536E+003
  0.100000000000000E+001  0.294943770983320E+003  0.131187618442411E+001  0.959349692017283E+000  0.588243612445571E+000  0.255869230701466E+000 -0.131028262406404E+000 -0.147471885491660E+003
  0.100000000000000E+001  0.299643043458879E+003  0.176571202025020E+001  0.130615847369258E+001  0.842631329097583E+000  0.398596535068340E+000 -0.131028262406404E+000 -0.149821521729439E+003
  0.100000000000000E+001  0.295391020701584E+003  0.130471075905898E+000  0.655436129019812E+000  0.820504072605321E-001  0.110504892353921E+000 -0.131028262406404E+000 -0.147695510350792E+003
  0.100000000000000E+001  0.304312038931199E+003  0.187918752798437E+001  0.148641397703288E+001  0.836301059534909E+000  0.484843501975092E+000 -0.131028262406404E+000 -0.152156019465600E+003
  0.100000000000000E+001  0.299569308787575E+003  0.164110030230351E+001  0.105466501973164E+001  0.553250344783874E+000  0.483427922075142E+000 -0.131028262406404E+000 -0.149784654393788E+003
  0.100000000000000E+001  0.294705768310243E+003  0.165717247207443E+001  0.137856751795458E+001  0.730014625352640E+000  0.112377725519162E+000 -0.131028262406404E+000 -0.147352884155121E+003
  0.100000000000000E+001  0.294984085266509E+003  0.680229160783552E+000  0.820371587471387E+000  0.475910403480639E-001  0.108344984404180E+000 -0.131028262406404E+000 -0.147492042633255E+003
  0.100000000000000E+001  0.294636036548801E+003  0.107857687503385E+001  0.620284224664353E+000  0.496181669018737E+000  0.161015693984766E+000 -0.131028262406404E+000 -0.147318018274400E+003
  0.100000000000000E+001  0.297596905073597E+003  0.135043615224401E+001  0.164389536353172E+001  0.424102802017488E+000  0.404589885497815E+000 -0.131028262406404E+000 -0.148798452536798E+003
  0.100000000000000E+001  0.294832581298103E+003  0.476897203091620E+000  0.155652009119873E+001  0.610938004827653E+000  0.313125310672136E+000 -0.131028262406404E+000 -0.147416290649051E+003
  0.100000000000000E+001  0.296655145955931E+003  0.127060772847624E+001  0.128165651949530E+001  0.636142487743419E+000  0.410580572765064E+000 -0.131028262406404E+000 -0.148327572977966E+003
  0.100000000000000E+001  0.296091746466195E+003  0.186470870132765E+001  0.123824712102179E+001  0.458001467753072E+000  0.236942973261962E+000 -0.131028262406404E+000 -0.148045873233098E+003
  0.100000000000000E+001  0.294720336541476E+003  0.100647059002115E+001  0.962382238103687E+000  0.754167495532325E+000  0.141811448631437E+000 -0.131028262406404E+000 -0.147360168270738E+003
  0.100000000000000E+001  0.296403326097682E+003  0.160476105715929E+001  0.181595982057317E+001  0.122277706190101E+000  0.275043840632484E+000 -0.131028262406404E+000 -0.148201663048841E+003
  0.100000000000000E+001  0.295636631891204E+003  0.102882044308861E+001  0.132902528556504E+001  0.848688978965025E+000  0.400382844989609E+000 -0.131028262406404E+000 -0.147818315945602E+003
  0.100000000000000E+001  0.294722439065973E+003  0.100114864850211E+001  0.100642974792868E+001  0.674338149871191E+000  0.142678459679240E+000 -0.131028262406404E+000 -0.147361219532986E+003
  0.100000000000000E+001  0.294789101843153E+003  0.810903931077200E+000  0.972270932408858E+000  0.474190816604911E+000  0.145604947423453E+000 -0.131028262406404E+000 -0.147394550921577E+003
  0.100000000000000E+001  0.295185184558672E+003  0.142242439517115E+000  0.130609071191972E+001  0.758458544336694E+000  0.320586753551722E+000 -0.131028262406404E+000 -0.147592592279336E+003
  0.100000000000000E+001  0.294695722559987E+003  0.368563050601934E+000  0.112488702571977E+001  0.134561307979962E+000  0.465126897268345E+000 -0.131028262406404E+000 -0.147347861279993E+003
  0.100000000000000E+001  0.295008084668599E+003  0.435813080543912E+000  0.166607413661980E+001  0.777404728828668E+000  0.462564211002704E+000 -0.131028262406404E+000 -0.147504042334299E+003
  0.100000000000000E+001  0.295107210644837E+003  0.132100030775605E+001  0.169574648126609E+001  0.643077842340042E+000  0.224426367727489E+000 -0.131028262406404E+000 -0.147553605322418E+003
  0.100000000000000E+001  0.295104523321145E+003  0.498066337179312E+000  0.187765756412018E+001  0.531693076889408E+000  0.112208299209223E+000 -0.131028262406404E+000 -0.147552261660573E+003
  0.100000000000000E+001  0.294979010934178E+003  0.659993089707486E+000  0.176153370075162E+001  0.777624984788442E+000  0.344069027321086E+000 -0.131028262406404E+000 -0.147489505467089E+003
  0.100000000000000E+001  0.295211983670457E+003  0.167060961330906E+000  0.835504573652175E+000  0.264141013982503E+000  0.227365237728620E+000 -0.131028262406404E+000 -0.147605991835229E+003
  0.100000000000000E+001  0.294725023699141E+003  0.134672822645549E+001  0.159709557586552E+001  0.454824342358614E-001  0.127344762323378E+000 -0.131028262406404E+000 -0.147362511849570E+003
  0.100000000000000E+001  0.294900590143264E+003  0.155946990599488E+001  0.168078426974461E+001  0.708593057304028E+000  0.166383850914424E+000 -0.131028262406404E+000 -0.147450295071632E+003
  0.100000000000000E+001  0.297478065432815E+003  0.136066268889331E+001  0.105697888095997E+001  0.110186586294645E+000  0.485832536764750E+000 -0.131028262406404E+000 -0.148739032716407E+003
  0.100000000000000E+001  0.294988291258706E+003  0.211816388779521E+000  0.639540740337752E+000  0.863079089643067E+000  0.346590886053467E+000 -0.131028262406404E+000 -0.147494145629353E+003
  0.100000000000000E+001  0.298132267631331E+003  0.145759661377002E+001  0.120755607909134E+001  0.617076168616915E+000  0.447615160126072E+000 -0.131028262406404E+000 -0.149066133815665E+003
  0.100000000000000E+001  0.294922481184796E+003  0.102456505958539E+001  0.148233946049983E+001  0.727758812211772E+000  0.263227711398321E+000 -0.131028262406404E+000 -0.147461240592398E+003
  0.100000000000000E+001  0.294590369644012E+003  0.720915417343822E+000  0.891668743930637E+000  0.214973636120519E+000  0.266653423456980E+000 -0.131028262406404E+000 -0.147295184822006E+003
  0.100000000000000E+001  0.296070932461240E+003  0.164970994123882E+001  0.850170143511145E+000  0.334926780545784E+000  0.315651241633222E+000 -0.131028262406404E+000 -0.148035466230620E+003
  0.100000000000000E+001  0.294643468586055E+003  0.101001581824911E+001  0.932299575470631E+000  0.796543062161459E-001  0.186724049385229E+000 -0.131028262406404E+000 -0.147321734293027E+003
  0.100000000000000E+001  0.294708895584134E+003  0.131141025836598E+001  0.530686112891756E+000  0.871546309476821E+000  0.315919734218329E+000 -0.131028262406404E+000 -0.147354447792067E+003
  0.100000000000000E+001  0.294708123014197E+003  0.166011370108555E+001  0.124877898437505E+001  0.927768645623528E+000  0.123613608628527E+000 -0.131028262406404E+000 -0.147354061507099E+003
  0.100000000000000E+001  0.296919443216002E+003  0.142299469946905E+001  0.873880245409519E+000  0.800929882970771E+000  0.476582644363317E+000 -0.131028262406404E+000 -0.148459721608001E+003
  0.100000000000000E+001  0.295136565897933E+003  0.335079852602080E+000  0.174267244372469E+001  0.900138815699120E+000  0.154339511479002E+000 -0.131028262406404E+000 -0.147568282948966E+003
  0.100000000000000E+001  0.294899545988846E+003  0.412132707072245E+000  0.165764849581961E+001  0.858349987588705E+000  0.299683632713571E+000 -0.131028262406404E+000 -0.147449772994423E+003
  0.100000000000000E+001  0.294611049211343E+003  0.649291482261659E+000  0.104771991797745E+001  0.315309983322352E+000  0.407670700162131E+000 -0.131028262406404E+000 -0.147305524605672E+003
  0.100000000000000E+001  0.300010163067897E+003  0.176657999671854E+001  0.974235119777239E+000  0.463611001816127E+000  0.476949809107251E+000 -0.131028262406404E+000 -0.150005081533948E+003
  0.100000000000000E+001  0.294662433626694E+003  0.124358438682235E+001  0.972108705031587E+000  0.542064040120185E+000  0.161575321151880E+000 -0.131028262406404E+000 -0.147331216813347E+003
  0.100000000000000E+001  0.294699542875916E+003  0.104316120593259E+001  0.734077750592186E+000  0.741298434794208E+000  0.140808645462336E+000 -0.131028262406404E+000 -0.147349771437958E+003
  0.100000000000000E+001  0.298591275428156E+003  0.152887822810205E+001  0.113492193378231E+001  0.331166532678644E+000  0.459767780924814E+000 -0.131028262406404E+000 -0.149295637714078E+003
  0.100000000000000E+001  0.298443677963931E+003  0.172309590068336E+001  0.148849501219394E+001  0.996376050546261E+000  0.350874389635815E+000 -0.131028262406404E+000 -0.149221838981965E+003
  0.100000000000000E+001  0.300309262153606E+003  0.186597132557650E+001  0.170240427837565E+001  0.949823621590397E+000  0.371647810265208E+000 -0.131028262406404E+000 -0.150154631076803E+003
  0.100000000000000E+001  0.298642396743133E+003  0.188252312927895E+001  0.135671780990805E+001  0.431299894381838E-001  0.331859013826813E+000 -0.131028262406404E+000 -0.149321198371566E+003
  0.100000000000000E+001  0.295643168938632E+003  0.135981820986389E+001  0.718075741749253E+000  0.189122143603534E+000  0.434953476199320E+000 -0.131028262406404E+000 -0.147821584469316E+003
  0.100000000000000E+001  0.294714352817203E+003  0.119521809206566E+001  0.121528430741865E+001  0.233094447325163E+000  0.129861229865603E+000 -0.131028262406404E+000 -0.147357176408601E+003
  0.100000000000000E+001  0.298689502604908E+003  0.157119919995485E+001  0.108485841950257E+001  0.817363548633087E+000  0.460035933125971E+000 -0.131028262406404E+000 -0.149344751302454E+003
  0.100000000000000E+001  0.295049405157371E+003  0.442305192455899E+000  0.138653320072126E+001  0.112998990461312E+000  0.144737962813326E+000 -0.131028262406404E+000 -0.147524702578686E+003
  0.100000000000000E+001  0.294886336872861E+003  0.362029768465902E+000  0.146988116561727E+001  0.121191919071473E+000  0.468603243506339E+000 -0.131028262406404E+000 -0.147443168436430E+003
  0.100000000000000E+001  0.294952785182387E+003  0.664195852032628E+000  0.988901447077912E+000  0.771429187326524E+000  0.120310252696555E+000 -0.131028262406404E+000 -0.147476392591194E+003
  0.100000000000000E+001  0.296567865565171E+003  0.156820140624544E+001  0.972504454153138E+000  0.900916380935429E+000  0.356317299923191E+000 -0.131028262406404E+000 -0.148283932782585E+003
  0.100000000000000E+001  0.295178225248322E+003  0.256720410439673E+000  0.170057166947270E+001  0.992640635020918E+000  0.177920198009695E+000 -0.131028262406404E+000 -0.147589112624161E+003
  0.100000000000000E+001  0.294966489638069E+003  0.854778105763173E+000  0.129901958562066E+001  0.243862868257243E+000  0.360927753720892E+000 -0.131028262406404E+000 -0.147483244819035E+003
  0.100000000000000E+001  0.295302727502247E+003  0.534687876676486E+000  0.199126348198412E+001  0.957082376318923E+000  0.463086758090335E+000 -0.131028262406404E+000 -0.147651363751124E+003
  0.100000000000000E+001  0.294737482467966E+003  0.846265712136960E+000  0.147310526820831E+001  0.732524817170635E+000  0.216605384877516E+000 -0.131028262406404E+000 -0.147368741233983E+003
  0.100000000000000E+001  0.294662706912867E+003  0.823361205302744E+000  0.114186759493927E+001  0.422661717861460E+000  0.255115573444498E+000 -0.131028262406404E+000 -0.147331353456433E+003
  0.100000000000000E+001  0.295151630133060E+003  0.662741690112490E+000  0.186398600600447E+001  0.175549102363158E-001  0.382627928454650E+000 -0.131028262406404E+000 -0.147575815066530E+003
  0.100000000000000E+001  0.301800381793892E+003  0.179442112623536E+001  0.132181864334686E+001  0.646376040320975E-001  0.459584559027296E+000 -0.131028262406404E+000 -0.150900190896946E+003
  0.100000000000000E+001  0.294852080483247E+003  0.492386113648563E+000  0.103515843426554E+001  0.680528625434400E+000  0.206192910233871E+000 -0.131028262406404E+000 -0.147426040241624E+003
  0.100000000000000E+001  0.294608632836401E+003  0.899200323383971E+000  0.884595270843237E+000  0.876905089880987E-001  0.328781540568789E+000 -0.131028262406404E+000 -0.147304316418200E+003
  0.100000000000000E+001  0.294657722319693E+003  0.124005922792403E+001  0.842186393158819E+000  0.630348249953657E+000  0.146055506132768E+000 -0.131028262406404E+000 -0.147328861159847E+003
  0.100000000000000E+001  0.295667897587594E+003  0.164720369115468E+001  0.813600496518362E+000  0.306163442181159E+000  0.285486899840495E+000 -0.131028262406404E+000 -0.147833948793797E+003
  0.100000000000000E+001  0.295391317515042E+003  0.877835800389440E+000  0.175332951875686E+001  0.726465823246590E+000  0.367000852337425E+000 -0.131028262406404E+000 -0.147695658757521E+003
  0.100000000000000E+001  0.294632712259514E+003  0.146313779064013E+001  0.575310977725175E+000  0.275990028037890E+000  0.142775127751645E+000 -0.131028262406404E+000 -0.147316356129757E+003
  0.100000000000000E+001  0.294933520020730E+003  0.385372748923134E+000  0.136249712266042E+001  0.357242030616737E+000  0.232691962675069E+000 -0.131028262406404E+000 -0.147466760010365E+003
  0.100000000000000E+001  0.294887280866322E+003  0.126643072071173E+001  0.103863047024117E+001  0.673104182384774E+000  0.245135963015638E+000 -0.131028262406404E+000 -0.147443640433161E+003
  0.100000000000000E+001  0.297511140999783E+003  0.125883198044706E+001  0.159763120050223E+001  0.864775662137086E+000  0.434848982064301E+000 -0.131028262406404E+000 -0.148755570499891E+003
  0.100000000000000E+001  0.296756255692759E+003  0.177898978754780E+001  0.727453231827025E+000  0.990482638086360E+000  0.360943984940332E+000 -0.131028262406404E+000 -0.148378127846379E+003
  0.100000000000000E+001  0.296097233253179E+003  0.159014006385519E+001  0.102069921473020E+001  0.867995885276924E+000  0.306634744280452E+000 -0.131028262406404E+000 -0.148048616626589E+003
  0.100000000000000E+001  0.294933595377899E+003  0.123466431205791E+001  0.645835776391137E+000  0.248919121027092E+000  0.401876677536519E+000 -0.131028262406404E+000 -0.147466797688950E+003
  0.100000000000000E+001  0.294890973720012E+003  0.370322715859579E+000  0.150365408499074E+001  0.871577469675963E+000  0.448097107702679E+000 -0.131028262406404E+000 -0.147445486860006E+003
  0.100000000000000E+001  0.295376968255545E+003  0.146409333561745E+001  0.552972512672094E+000  0.393000771717543E+000  0.426833388846561E+000 -0.131028262406404E+000 -0.147688484127772E+003
  0.100000000000000E+001  0.294834983526090E+003  0.563385495199069E+000  0.165902699689701E+001  0.310945937566324E+000  0.292807343569715E+000 -0.131028262406404E+000 -0.147417491763045E+003
  0.100000000000000E+001  0.303999850744136E+003  0.188659448249863E+001  0.186569151140085E+001  0.147267607542973E+000  0.466009974748849E+000 -0.131028262406404E+000 -0.151999925372068E+003
  0.100000000000000E+001  0.294824781434737E+003  0.729024375335205E+000  0.157995065844090E+001  0.851840150904500E+000  0.290472586871755E+000 -0.131028262406404E+000 -0.147412390717369E+003
  0.100000000000000E+001  0.294834871714620E+003  0.484880279961090E+000  0.148377533018573E+001  0.942408271053535E+000  0.256527531459178E+000 -0.131028262406404E+000 -0.147417435857310E+003
  0.100000000000000E+001  0.298347949148554E+003  0.194973638395855E+001  0.166527247418026E+001  0.233609326637966E+000  0.298034398273154E+000 -0.131028262406404E+000 -0.149173974574277E+003
  0.100000000000000E+001  0.294756391772208E+003  0.947744208080166E+000  0.829261736208486E+000  0.870158551535956E+000  0.435304710040073E+000 -0.131028262406404E+000 -0.147378195886104E+003
  0.100000000000000E+001  0.295191460381364E+003  0.318289038871617E+000  0.186250058409427E+001  0.815793087661587E+000  0.134648263630934E+000 -0.131028262406404E+000 -0.147595730190682E+003
  0.100000000000000E+001  0.295110288806997E+003  0.873360559786681E+000  0.107452561218992E+001  0.856121464887598E+000  0.466007963559559E+000 -0.131028262406404E+000 -0.147555144403499E+003
  0.100000000000000E+001  0.294244208169520E+003  0.705753185309439E+000  0.600138643577582E+000  0.945043696832462E+000  0.461548029751218E+000 -0.131028262406404E+000 -0.147122104084760E+003
  0.100000000000000E+001  0.294796811372318E+003  0.830354822283470E+000  0.162053595115620E+001  0.888779456139119E+000  0.156701288892680E+000 -0.131028262406404E+000 -0.147398405686159E+003
  0.100000000000000E+001  0.294703474203455E+003  0.116201926191048E+001  0.611497985502487E+000  0.866416011711700E+000  0.396391311421612E+000 -0.131028262406404E+000 -0.147351737101728E+003
  0.100000000000000E+001  0.298256339766123E+003  0.158398365558081E+001  0.130966758485661E+001  0.736151702717845E+000  0.394619764880704E+000 -0.131028262406404E+000 -0.149128169883062E+003
  0.100000000000000E+001  0.295978884664147E+003  0.113336958356455E+001  0.188244272337795E+001  0.294057341329151E+000  0.347830026186275E+000 -0.131028262406404E+000 -0.147989442332073E+003
  0.100000000000000E+001  0.294975701348571E+003  0.580655324328336E+000  0.135536940505532E+001  0.234139607484347E+000  0.132873586074351E+000 -0.131028262406404E+000 -0.147487850674285E+003
  0.100000000000000E+001  0.295811568288600E+003  0.172211900511400E+001  0.118612986190518E+001  0.117131303026221E+000  0.244711440938323E+000 -0.131028262406404E+000 -0.147905784144300E+003
  0.100000000000000E+001  0.301248477016052E+003  0.185065130344893E+001  0.146031211676793E+001  0.570818531978924E+000  0.412440563726345E+000 -0.131028262406404E+000 -0.150624238508026E+003
  0.100000000000000E+001  0.295166117166356E+003  0.290079861859329E+000  0.123541958248796E+001  0.469668473971830E+000  0.154556786687172E+000 -0.131028262406404E+000 -0.147583058583178E+003
  0.100000000000000E+001  0.295390824860280E+003  0.134129028689953E+000  0.514501472954350E+000  0.564263302042603E+000  0.107865891702442E+000 -0.131028262406404E+000 -0.147695412430140E+003
  0.100000000000000E+001  0.294761149009540E+003  0.113919395567511E+001  0.136097368935438E+001  0.803538919253585E+000  0.203109489308458E+000 -0.131028262406404E+000 -0.147380574504770E+003
  0.100000000000000E+001  0.295066213999173E+003  0.157070976131040E+001  0.185540824513077E+001  0.460252640206703E+000  0.183153835152486E+000 -0.131028262406404E+000 -0.147533106999586E+003
  0.100000000000000E+001  0.294793748857714E+003  0.188574457321567E+001  0.132411251904795E+001  0.827604960049165E+000  0.129623225591602E+000 -0.131028262406404E+000 -0.147396874428857E+003
  0.100000000000000E+001  0.298478339638096E+003  0.188680155011457E+001  0.172591911999012E+001  0.879965878995293E+000  0.311838498049271E+000 -0.131028262406404E+000 -0.149239169819048E+003
  0.100000000000000E+001  0.295009166551665E+003  0.886928737871427E+000  0.151539208497980E+001  0.480785087123453E+000  0.318826521607914E+000 -0.131028262406404E+000 -0.147504583275833E+003
  0.100000000000000E+001  0.295058539305549E+003  0.126111313398738E+001  0.622451253038104E+000  0.906976248649092E+000  0.445418833764270E+000 -0.131028262406404E+000 -0.147529269652774E+003
  0.100000000000000E+001  0.298362942601870E+003  0.122669001323715E+001  0.183883434330151E+001  0.861475678899290E+000  0.486624555703066E+000 -0.131028262406404E+000 -0.149181471300935E+003
  0.100000000000000E+001  0.294685786205113E+003  0.814203928342608E+000  0.122536240858600E+001  0.918720478187278E+000  0.228440558715592E+000 -0.131028262406404E+000 -0.147342893102556E+003
  0.100000000000000E+001  0.295040400864857E+003  0.277358213484848E+000  0.911741167737050E+000  0.942724977808544E+000  0.230993337397792E+000 -0.131028262406404E+000 -0.147520200432429E+003
  0.100000000000000E+001  0.297740706918308E+003  0.189964210363724E+001  0.142136526144093E+001  0.170026724163179E+000  0.293708925262232E+000 -0.131028262406404E+000 -0.148870353459154E+003
  0.100000000000000E+001  0.294577491861825E+003  0.831551507182033E+000  0.836046651548100E+000  0.181457279959923E+000  0.249599906119083E+000 -0.131028262406404E+000 -0.147288745930913E+003
  0.100000000000000E+001  0.300024635156844E+003  0.157869644718400E+001  0.139209741428679E+001  0.237703787852677E+000  0.461363522203455E+000 -0.131028262406404E+000 -0.150012317578422E+003
  0.100000000000000E+001  0.294693605870990E+003  0.740902205386496E+000  0.602861180877620E+000  0.211084669270856E+000  0.188226534097496E+000 -0.131028262406404E+000 -0.147346802935495E+003
  0.100000000000000E+001  0.294779917898740E+003  0.661584486049630E+000  0.112550371377770E+001  0.424265578953274E+000  0.185723766769192E+000 -0.131028262406404E+000 -0.147389958949370E+003
  0.100000000000000E+001  0.298352715706266E+003  0.160507882818778E+001  0.196206712286489E+001  0.302600283331739E+000  0.364714299450234E+000 -0.131028262406404E+000 -0.149176357853133E+003
  0.100000000000000E+001  0.296020033072342E+003  0.186246665000247E+001  0.126260309064943E+001  0.483676765286004E+000  0.232320917550257E+000 -0.131028262406404E+000 -0.148010016536171E+003
  0.100000000000000E+001  0.294748432168340E+003  0.151078832527353E+001  0.608835506217195E+000  0.542609192883391E+000  0.206326350206317E+000 -0.131028262406404E+000 -0.147374216084170E+003
  0.100000000000000E+001  0.295474322933484E+003  0.171487446809506E+001  0.184095666100128E+001  0.211787608277542E+000  0.203256270602650E+000 -0.131028262406404E+000 -0.147737161466742E+003
  0.100000000000000E+001  0.294870021972426E+003  0.118228310455504E+001  0.183036482444979E+001  0.110476398409137E+000  0.198647560806418E+000 -0.131028262406404E+000 -0.147435010986213E+003
  0.100000000000000E+001  0.295003179872851E+003  0.109989855742755E+001  0.171182499073399E+001  0.938808126041680E+000  0.246025500571159E+000 -0.131028262406404E+000 -0.147501589936426E+003
  0.100000000000000E+001  0.294657822078899E+003  0.114409051710883E+001  0.696503369911915E+000  0.986793678710793E+000  0.300658362466616E+000 -0.131028262406404E+000 -0.147328911039449E+003
  0.100000000000000E+001  0.295213286852326E+003  0.736308732275740E+000  0.163911217495544E+001  0.294396178031064E-001  0.404551734759409E+000 -0.131028262406404E+000 -0.147606643426163E+003
  0.100000000000000E+001  0.295492139475266E+003  0.104203335785774E+001  0.180773941552521E+001  0.835615744806051E+000  0.325479355593091E+000 -0.131028262406404E+000 -0.147746069737633E+003
  0.100000000000000E+001  0.297534894760823E+003  0.198001075014185E+001  0.165722349134052E+001  0.839086701775896E+000  0.267185984159619E+000 -0.131028262406404E+000 -0.148767447380412E+003
  0.100000000000000E+001  0.295187572121294E+003  0.122936239670801E+001  0.197294268828523E+001  0.426398719348353E+000  0.240394372687345E+000 -0.131028262406404E+000 -0.147593786060647E+003
  0.100000000000000E+001  0.296120102801701E+003  0.160099756530501E+001  0.148722247296219E+001  0.676642656315892E+000  0.269118067215234E+000 -0.131028262406404E+000 -0.148060051400851E+003
  0.100000000000000E+001  0.295367357089219E+003  0.125948169558289E+001  0.199005388908024E+001  0.979285933179218E+000  0.256086860300613E+000 -0.131028262406404E+000 -0.147683678544609E+003
  0.100000000000000E+001  0.295168561354832E+003  0.136303287047748E+001  0.194421955363955E+001  0.408582105513653E+000  0.218440564725262E+000 -0.131028262406404E+000 -0.147584280677416E+003
  0.100000000000000E+001  0.294805132084332E+003  0.331885393319698E+000  0.109648059561603E+001  0.944017743325717E+000  0.354892147620985E+000 -0.131028262406404E+000 -0.147402566042166E+003
  0.100000000000000E+001  0.296272297612053E+003  0.860709655457407E+000  0.198288592946990E+001  0.900909972986942E+000  0.479424976650888E+000 -0.131028262406404E+000 -0.148136148806027E+003
  0.100000000000000E+001  0.295142301201964E+003  0.403446550897502E+000  0.118191587485887E+001  0.807548152790540E+000  0.118967841388965E+000 -0.131028262406404E+000 -0.147571150600982E+003
  0.100000000000000E+001  0.294723067310200E+003  0.692040690941076E+000  0.133818026011677E+001  0.598616543526878E+000  0.241258681106353E+000 -0.131028262406404E+000 -0.147361533655100E+003
  0.100000000000000E+001  0.294797026292341E+003  0.720847823810396E+000  0.104796021542240E+001  0.854476605457896E+000  0.161489458282423E+000 -0.131028262406404E+000 -0.147398513146171E+003
  0.100000000000000E+001  0.294765313704570E+003  0.189917183487552E+001  0.893918002718037E+000  0.234107803621405E+000  0.134258702548487E+000 -0.131028262406404E+000 -0.147382656852285E+003
  0.100000000000000E+001  0.294668388043597E+003  0.787438457804706E+000  0.104522573158852E+001  0.178477783023988E-001  0.213141495213860E+000 -0.131028262406404E+000 -0.147334194021799E+003
  0.100000000000000E+001  0.294679843358853E+003  0.180158561497917E+001  0.683811582649039E+000  0.436384321382877E+000  0.125208731354417E+000 -0.131028262406404E+000 -0.147339921679426E+003
  0.100000000000000E+001  0.294802580718668E+003  0.161873868897013E+001  0.998937924541972E+000  0.883400814807904E+000  0.166866335877614E+000 -0.131028262406404E+000 -0.147401290359334E+003
  0.100000000000000E+001  0.294633089784830E+003  0.548524395368794E+000  0.878870026868104E+000  0.466878159636871E+000  0.291267592579536E+000 -0.131028262406404E+000 -0.147316544892415E+003
  0.100000000000000E+001  0.297303126166172E+003  0.145199475898936E+001  0.177968265419648E+001  0.251160423243650E+000  0.354580111209240E+000 -0.131028262406404E+000 -0.148651563083086E+003
  0.100000000000000E+001  0.294914440890353E+003  0.245485948188808E+000  0.114331210929847E+001  0.393916897463877E+000  0.388833610803232E+000 -0.131028262406404E+000 -0.147457220445177E+003
  0.100000000000000E+001  0.295415101483051E+003  0.132439763899571E+001  0.177069038306734E+001  0.334315392970358E+000  0.255482869945880E+000 -0.131028262406404E+000 -0.147707550741526E+003
  0.100000000000000E+001  0.294798616818086E+003  0.339446462497446E+000  0.793546015058589E+000  0.349183138621892E+000  0.321557869830906E+000 -0.131028262406404E+000 -0.147399308409043E+003
  0.100000000000000E+001  0.294738111148695E+003  0.112909165031584E+001  0.161345917005470E+001  0.179822891149963E+000  0.161662586755002E+000 -0.131028262406404E+000 -0.147369055574347E+003
  0.100000000000000E+001  0.295165652772359E+003  0.931659173928979E+000  0.108672557393240E+001  0.796851000933100E+000  0.435912831062952E+000 -0.131028262406404E+000 -0.147582826386179E+003
  0.100000000000000E+001  0.294811529755519E+003  0.362598229659371E+000  0.133317498809994E+001  0.769637670394303E+000  0.476311689398195E+000 -0.131028262406404E+000 -0.147405764877760E+003
  0.100000000000000E+001  0.298304154574251E+003  0.148463286997775E+001  0.103287925785068E+001  0.540628617193948E+000  0.489992303263621E+000 -0.131028262406404E+000 -0.149152077287125E+003
  0.100000000000000E+001  0.297857315147875E+003  0.126967485424948E+001  0.148133388791370E+001  0.202813907628061E+000  0.463945836338778E+000 -0.131028262406404E+000 -0.148928657573938E+003
  0.100000000000000E+001  0.294629910216055E+003  0.708423768201380E+000  0.960828649185246E+000  0.840893438163053E+000  0.473777951062372E+000 -0.131028262406404E+000 -0.147314955108028E+003
  0.100000000000000E+001  0.294825025993396E+003  0.743260384350918E+000  0.735882268178455E+000  0.661904818855620E+000  0.143232940000484E+000 -0.131028262406404E+000 -0.147412512996698E+003
  0.100000000000000E+001  0.296182817466535E+003  0.140385407960792E+001  0.150541627044892E+001  0.197523795713654E+000  0.312394726306853E+000 -0.131028262406404E+000 -0.148091408733268E+003
  0.100000000000000E+001  0.295023030677685E+003  0.873916224133938E+000  0.153198167017397E+001  0.351908625130051E+000  0.324068704728031E+000 -0.131028262406404E+000 -0.147511515338842E+003
  0.100000000000000E+001  0.294721339945124E+003  0.762657433637395E+000  0.127465251475843E+001  0.235230367284903E+000  0.203570849567347E+000 -0.131028262406404E+000 -0.147360669972562E+003
  0.100000000000000E+001  0.294564543258718E+003  0.936211419238859E+000  0.778130200317606E+000  0.455396554895312E+000  0.345510507707393E+000 -0.131028262406404E+000 -0.147282271629359E+003
  0.100000000000000E+001  0.295132994512924E+003  0.125882677073835E+000  0.106360652872187E+001  0.427788499663684E-001  0.431797684047769E+000 -0.131028262406404E+000 -0.147566497256462E+003
  0.100000000000000E+001  0.295041645242680E+003  0.638840309677813E+000  0.185428418420422E+001  0.300243567545558E-001  0.357342272868251E+000 -0.131028262406404E+000 -0.147520822621340E+003
  0.100000000000000E+001  0.294791133644533E+003  0.101004539104686E+001  0.162523293377959E+001  0.668319096972403E+000  0.211159753592583E+000 -0.131028262406404E+000 -0.147395566822267E+003
  0.100000000000000E+001  0.294995613100361E+003  0.980217126121744E+000  0.146984168205525E+001  0.455080857732039E+000  0.293079348837332E+000 -0.131028262406404E+000 -0.147497806550181E+003
  0.100000000000000E+001  0.296321367083871E+003  0.175016019663114E+001  0.101066702347901E+001  0.671869708554719E+000  0.286103044079596E+000 -0.131028262406404E+000 -0.148160683541935E+003
  0.100000000000000E+001  0.300808679936014E+003  0.186814602334293E+001  0.168884544653031E+001  0.737464133974244E+000  0.385543421859863E+000 -0.131028262406404E+000 -0.150404339968007E+003
  0.100000000000000E+001  0.295409893212756E+003  0.867011336877975E+000  0.167720463278474E+001  0.121427263489089E+000  0.382355069623560E+000 -0.131028262406404E+000 -0.147704946606378E+003
  0.100000000000000E+001  0.295268542996060E+003  0.174416592608551E+000  0.122281746010085E+001  0.790061183255604E+000  0.174632509138843E+000 -0.131028262406404E+000 -0.147634271498030E+003
  0.100000000000000E+001  0.295381291837087E+003  0.138205791410118E+000  0.140483173916187E+001  0.309783827680803E+000  0.113900538710768E+000 -0.131028262406404E+000 -0.147690645918543E+003
  0.100000000000000E+001  0.298899531477614E+003  0.194609631713291E+001  0.894373791598508E+000  0.909247070884762E+000  0.387734439227392E+000 -0.131028262406404E+000 -0.149449765738807E+003
  0.100000000000000E+001  0.294866765092130E+003  0.222165274880093E+000  0.939137609365678E+000  0.201687853614573E+000  0.459448809287900E+000 -0.131028262406404E+000 -0.147433382546065E+003
  0.100000000000000E+001  0.295240025999557E+003  0.153801299528779E+000  0.186270783118684E+001  0.429550410814150E+000  0.277645727322163E+000 -0.131028262406404E+000 -0.147620012999779E+003
  0.100000000000000E+001  0.294747417313090E+003  0.118291104406132E+001  0.118375908439029E+001  0.334846073741892E+000  0.207993706969169E+000 -0.131028262406404E+000 -0.147373708656545E+003
  0.100000000000000E+001  0.296228975311585E+003  0.170648577267345E+001  0.119980858264383E+001  0.196607799486190E+000  0.272558936462471E+000 -0.131028262406404E+000 -0.148114487655793E+003
  0.100000000000000E+001  0.294846840019446E+003  0.559861419041465E+000  0.130306430838136E+001  0.856650290440336E+000  0.477306143904559E+000 -0.131028262406404E+000 -0.147423420009723E+003
  0.100000000000000E+001  0.295185946701961E+003  0.190701761506428E+000  0.814851104444117E+000  0.758343234817611E+000  0.218029776121953E+000 -0.131028262406404E+000 -0.147592973350981E+003
  0.100000000000000E+001  0.300211073483862E+003  0.194916800372853E+001  0.118341886213480E+001  0.404822196860927E+000  0.384301132046495E+000 -0.131028262406404E+000 -0.150105536741931E+003
  0.100000000000000E+001  0.294606645840637E+003  0.918768368345743E+000  0.797667078259064E+000  0.480487307950404E+000  0.397532545391386E+000 -0.131028262406404E+000 -0.147303322920319E+003
  0.100000000000000E+001  0.297288260724095E+003  0.147291532099743E+001  0.167650600478670E+001  0.661378285772135E+000  0.351709599978601E+000 -0.131028262406404E+000 -0.148644130362047E+003
  0.100000000000000E+001  0.294894838251223E+003  0.588807261800507E+000  0.198607897859150E+001  0.788429316535617E+000  0.251670826396818E+000 -0.131028262406404E+000 -0.147447419125611E+003
  0.100000000000000E+001  0.294685905424972E+003  0.800231993963112E+000  0.911355765939034E+000  0.308061707782164E+000  0.468994602522763E+000 -0.131028262406404E+000 -0.147342952712486E+003
  0.100000000000000E+001  0.294585100295199E+003  0.638752041637995E+000  0.100421287052871E+001  0.461166500213165E+000  0.440619302398179E+000 -0.131028262406404E+000 -0.147292550147599E+003
  0.100000000000000E+001  0.295090042613655E+003  0.154999807300778E+001  0.171081837836727E+001  0.504905794207400E+000  0.191080201465078E+000 -0.131028262406404E+000 -0.147545021306827E+003
  0.100000000000000E+001  0.295138192844063E+003  0.136118579164595E+001  0.162596475507936E+001  0.420156698900078E+000  0.224639047368266E+000 -0.131028262406404E+000 -0.147569096422032E+003
  0.100000000000000E+001  0.295361288993408E+003  0.115357672128752E+000  0.764260875852604E+000  0.555096130993136E+000  0.157120601916396E+000 -0.131028262406404E+000 -0.147680644496704E+003
  0.100000000000000E+001  0.295565158210962E+003  0.111887540568355E+001  0.109957656931145E+001  0.616091148975945E+000  0.401544538615831E+000 -0.131028262406404E+000 -0.147782579105481E+003
  0.100000000000000E+001  0.294679390166876E+003  0.132357299878535E+001  0.951395796498985E+000  0.874191690285266E+000  0.172713894576269E+000 -0.131028262406404E+000 -0.147339695083438E+003
  0.100000000000000E+001  0.294833471041968E+003  0.131366124890073E+001  0.122146980616345E+001  0.744337455207156E+000  0.205326732140764E+000 -0.131028262406404E+000 -0.147416735520984E+003
  0.100000000000000E+001  0.294638650340444E+003  0.959876457753927E+000  0.607686311767937E+000  0.843109111116546E+000  0.172996966200290E+000 -0.131028262406404E+000 -0.147319325170222E+003
  0.100000000000000E+001  0.294773277196865E+003  0.123410151012208E+001  0.146047151072085E+001  0.411900027865538E+000  0.184563277698724E+000 -0.131028262406404E+000 -0.147386638598433E+003
  0.100000000000000E+001  0.294564385209844E+003  0.958399976201687E+000  0.784090007570707E+000  0.837256671917341E+000  0.279573126936807E+000 -0.131028262406404E+000 -0.147282192604922E+003
  0.100000000000000E+001  0.295093970138112E+003  0.986290379570529E+000  0.868243860273859E+000  0.805738229046241E+000  0.493166197579885E+000 -0.131028262406404E+000 -0.147546985069056E+003
  0.100000000000000E+001  0.300733542592452E+003  0.160286030509884E+001  0.128610610571511E+001  0.760582092417944E+000  0.496338198444600E+000 -0.131028262406404E+000 -0.150366771296226E+003
  0.100000000000000E+001  0.294761664433044E+003  0.486366599737183E+000  0.103441461875142E+001  0.958161101023272E-001  0.257085412778093E+000 -0.131028262406404E+000 -0.147380832216522E+003
  0.100000000000000E+001  0.294793348163087E+003  0.983611632773780E+000  0.772149106177040E+000  0.663945529736966E+000  0.118111976454656E+000 -0.131028262406404E+000 -0.147396674081544E+003
  0.100000000000000E+001  0.295594766254538E+003  0.168641859709482E+001  0.642126655656713E+000  0.951916183097527E+000  0.301349245574116E+000 -0.131028262406404E+000 -0.147797383127269E+003
  0.100000000000000E+001  0.294784708416236E+003  0.943670848608047E+000  0.123967088565895E+001  0.437793899449369E+000  0.278398464303558E+000 -0.131028262406404E+000 -0.147392354208118E+003
  0.100000000000000E+001  0.294815624987051E+003  0.900651686242215E+000  0.808424727852690E+000  0.225294862124202E+000  0.122198878798607E+000 -0.131028262406404E+000 -0.147407812493525E+003
  0.100000000000000E+001  0.295043691730018E+003  0.139748515001689E+001  0.168191747694209E+001  0.480380094401672E+000  0.205437987631382E+000 -0.131028262406404E+000 -0.147521845865009E+003
  0.100000000000000E+001  0.295002029961389E+003  0.199519393687848E+001  0.171354955638213E+001  0.421928072624912E+000  0.142352166118424E+000 -0.131028262406404E+000 -0.147501014980694E+003
  0.100000000000000E+001  0.294696729159532E+003  0.145273436682807E+001  0.951935591391406E+000  0.861820790132086E+000  0.110295511573379E+000 -0.131028262406404E+000 -0.147348364579766E+003
  0.100000000000000E+001  0.295549409012099E+003  0.906459216217622E+000  0.177168983844509E+001  0.591487461343510E+000  0.378913141431501E+000 -0.131028262406404E+000 -0.147774704506049E+003
  0.100000000000000E+001  0.294773370532512E+003  0.354988577614423E+000  0.125398363622151E+001  0.986179844950068E+000  0.489363633816221E+000 -0.131028262406404E+000 -0.147386685266256E+003
  0.100000000000000E+001  0.295906698476909E+003  0.143449233626529E+001  0.730506607151184E+000  0.449331925464422E+000  0.424286330970256E+000 -0.131028262406404E+000 -0.147953349238454E+003
  0.100000000000000E+001  0.294601339863855E+003  0.812923931768740E+000  0.744871906971048E+000  0.570143048108072E+000  0.221787182927612E+000 -0.131028262406404E+000 -0.147300669931928E+003
  0.100000000000000E+001  0.294784727757939E+003  0.140649280360560E+001  0.897277102706558E+000  0.849086680983592E-001  0.204162989563643E+000 -0.131028262406404E+000 -0.147392363878970E+003
  0.100000000000000E+001  0.296492468452768E+003  0.187139529569310E+001  0.127415157019179E+001  0.951562035084088E+000  0.254332334325257E+000 -0.131028262406404E+000 -0.148246234226384E+003
  0.100000000000000E+001  0.294661925453539E+003  0.511573828655944E+000  0.113788153981952E+001  0.542713733716748E+000  0.351281272798716E+000 -0.131028262406404E+000 -0.147330962726769E+003
  0.100000000000000E+001  0.302049252352465E+003  0.172747185160348E+001  0.182672810744846E+001  0.118435880716661E-001  0.458615701456381E+000 -0.131028262406404E+000 -0.151024626176232E+003
  0.100000000000000E+001  0.296669327732987E+003  0.136547437892459E+001  0.118503344453501E+001  0.873254092450266E+000  0.392755372320208E+000 -0.131028262406404E+000 -0.148334663866493E+003
  0.100000000000000E+001  0.295034294185929E+003  0.415221424954016E+000  0.149000008664695E+001  0.488055341161201E+000  0.163677735604856E+000 -0.131028262406404E+000 -0.147517147092964E+003
  0.100000000000000E+001  0.294984578040535E+003  0.540383436961059E+000  0.185981791330365E+001  0.999323505999128E-002  0.149586687808660E+000 -0.131028262406404E+000 -0.147492289020268E+003
  0.100000000000000E+001  0.295037458442422E+003  0.112394277652829E+001  0.178605422789731E+001  0.975691207854043E+000  0.243579696548361E+000 -0.131028262406404E+000 -0.147518729221211E+003
  0.100000000000000E+001  0.295037335409361E+003  0.129968910333902E+001  0.127515537587494E+001  0.585530495605323E+000  0.241481632785998E+000 -0.131028262406404E+000 -0.147518667704680E+003
  0.100000000000000E+001  0.294734006447471E+003  0.392427469161413E+000  0.119254395152546E+001  0.246375813213691E-001  0.392593843744686E+000 -0.131028262406404E+000 -0.147367003223735E+003
  0.100000000000000E+001  0.294474392392304E+003  0.503159857946111E+000  0.653808001140715E+000  0.435091247308095E+000  0.385595990334926E+000 -0.131028262406404E+000 -0.147237196196152E+003
  0.100000000000000E+001  0.297205415358971E+003  0.145401075172805E+001  0.176391618249969E+001  0.781630176144458E+000  0.349374108734270E+000 -0.131028262406404E+000 -0.148602707679485E+003
  0.100000000000000E+001  0.295211718028185E+003  0.123552156723039E+001  0.189859581231224E+001  0.310771043373087E-001  0.244658752652680E+000 -0.131028262406404E+000 -0.147605859014093E+003
  0.100000000000000E+001  0.297228221333033E+003  0.170993808889014E+001  0.649128452253476E+000  0.152551356476949E+000  0.470982056791235E+000 -0.131028262406404E+000 -0.148614110666517E+003
  0.100000000000000E+001  0.297768778739713E+003  0.137541853534142E+001  0.106625129008240E+001  0.813947033743631E+000  0.496543209304862E+000 -0.131028262406404E+000 -0.148884389369857E+003
  0.100000000000000E+001  0.294209915257725E+003  0.832319867506077E+000  0.517319431523992E+000  0.662532176585448E+000  0.446216503685847E+000 -0.131028262406404E+000 -0.147104957628862E+003
  0.100000000000000E+001  0.294753856580987E+003  0.148921285180261E+001  0.194931932258564E+001  0.312334022964484E+000  0.128291174402403E+000 -0.131028262406404E+000 -0.147376928290493E+003
  0.100000000000000E+001  0.297708183404071E+003  0.190435581715860E+001  0.187775388317098E+001  0.449988059696781E+000  0.282305806618941E+000 -0.131028262406404E+000 -0.148854091702036E+003
  0.100000000000000E+001  0.294753518270033E+003  0.950349997834948E+000  0.126352996529384E+001  0.687322743882749E+000  0.143082672257891E+000 -0.131028262406404E+000 -0.147376759135016E+003
  0.100000000000000E+001  0.294710955308547E+003  0.142494864329128E+001  0.121829014249166E+001  0.356729568228142E+000  0.111190670956878E+000 -0.131028262406404E+000 -0.147355477654273E+003
  0.100000000000000E+001  0.298467219622364E+003  0.188641808620121E+001  0.160706188369079E+001  0.996888166224268E+000  0.313922595906730E+000 -0.131028262406404E+000 -0.149233609811182E+003
  0.100000000000000E+001  0.295312796602611E+003  0.182829226845605E+001  0.174603979181764E+001  0.154117938560574E+000  0.181097607488920E+000 -0.131028262406404E+000 -0.147656398301305E+003
  0.100000000000000E+001  0.294788321444435E+003  0.103107659180259E+001  0.156929675014940E+001  0.633905351642040E+000  0.123834660102479E+000 -0.131028262406404E+000 -0.147394160722217E+003
  0.100000000000000E+001  0.294351178745596E+003  0.783775289570612E+000  0.680214260358185E+000  0.977838477662538E+000  0.450757347957645E+000 -0.131028262406404E+000 -0.147175589372798E+003
  0.100000000000000E+001  0.294166974133365E+003  0.702275399669202E+000  0.527862871088536E+000  0.207674418516468E-001  0.480650775706716E+000 -0.131028262406404E+000 -0.147083487066682E+003
  0.100000000000000E+001  0.294933124786219E+003  0.742737153767183E+000  0.166026577972407E+001  0.234757504652477E+000  0.117840642787926E+000 -0.131028262406404E+000 -0.147466562393110E+003
  0.100000000000000E+001  0.294826782731871E+003  0.974537463968209E+000  0.704758814607333E+000  0.523713593268985E+000  0.109929432675739E+000 -0.131028262406404E+000 -0.147413391365936E+003
  0.100000000000000E+001  0.295064054926834E+003  0.155472524630874E+001  0.175555565003176E+001  0.499813929886771E+000  0.186625378608872E+000 -0.131028262406404E+000 -0.147532027463417E+003
  0.100000000000000E+001  0.295098829805508E+003  0.815581298359632E+000  0.163719853106869E+001  0.931457110749187E+000  0.346831290577361E+000 -0.131028262406404E+000 -0.147549414902754E+003
  0.100000000000000E+001  0.294829300765286E+003  0.144486477222626E+001  0.179589631172741E+001  0.737090109074020E+000  0.161217364274513E+000 -0.131028262406404E+000 -0.147414650382643E+003
  0.100000000000000E+001  0.295235813747095E+003  0.233529597970583E+000  0.133504809788195E+001  0.800986978935071E-001  0.149758010553704E+000 -0.131028262406404E+000 -0.147617906873547E+003
  0.100000000000000E+001  0.294808143391917E+003  0.180363777220605E+001  0.725252972446862E+000  0.434708212829683E+000  0.159318886541966E+000 -0.131028262406404E+000 -0.147404071695959E+003
  0.100000000000000E+001  0.295073024438675E+003  0.180997983784866E+000  0.148320630168391E+001  0.693213653424249E+000  0.476370968838446E+000 -0.131028262406404E+000 -0.147536512219337E+003
  0.100000000000000E+001  0.294885532585723E+003  0.741422576993929E+000  0.859143954124160E+000  0.162947701102172E+000  0.125913877215899E+000 -0.131028262406404E+000 -0.147442766292862E+003
  0.100000000000000E+001  0.296924276954277E+003  0.176990176154380E+001  0.102183558955465E+001  0.205317544150027E+000  0.315628895115511E+000 -0.131028262406404E+000 -0.148462138477139E+003
  0.100000000000000E+001  0.295033368986730E+003  0.106433548124703E+001  0.127875682937363E+001  0.966517477971975E+000  0.300577584594419E+000 -0.131028262406404E+000 -0.147516684493365E+003
  0.100000000000000E+001  0.295012325954344E+003  0.347704383065169E+000  0.182866221244526E+001  0.198795886152067E-001  0.249537712226149E+000 -0.131028262406404E+000 -0.147506162977172E+003
  0.100000000000000E+001  0.295226460415782E+003  0.103034621338375E+001  0.106267090762754E+001  0.135523264372957E+000  0.400443296856883E+000 -0.131028262406404E+000 -0.147613230207891E+003
  0.100000000000000E+001  0.295608427540029E+003  0.196215759014368E+001  0.169974521397311E+001  0.790635632652146E+000  0.187931148117978E+000 -0.131028262406404E+000 -0.147804213770014E+003
  0.100000000000000E+001  0.294837886582424E+003  0.193701282634909E+001  0.109082138104234E+001  0.177334329305515E+000  0.138251259287811E+000 -0.131028262406404E+000 -0.147418943291212E+003
  0.100000000000000E+001  0.295723114052027E+003  0.158668225506714E+001  0.899618877009838E+000  0.735997875354807E+000  0.293191161087672E+000 -0.131028262406404E+000 -0.147861557026014E+003
  0.100000000000000E+001  0.294776495305540E+003  0.694046391040714E+000  0.145403200729870E+001  0.632094254596389E+000  0.300226719767888E+000 -0.131028262406404E+000 -0.147388247652770E+003
  0.100000000000000E+001  0.295038910012681E+003  0.257663785293091E+000  0.139346733069690E+001  0.336499244333792E+000  0.274217327130382E+000 -0.131028262406404E+000 -0.147519455006340E+003
  0.100000000000000E+001  0.294582716006196E+003  0.114053587693805E+001  0.577009304636305E+000  0.337704639036562E+000  0.364653340630288E+000 -0.131028262406404E+000 -0.147291358003098E+003
  0.100000000000000E+001  0.294401249191408E+003  0.581275330962151E+000  0.624819350476551E+000  0.726552698727039E-001  0.385895354934693E+000 -0.131028262406404E+000 -0.147200624595704E+003
  0.100000000000000E+001  0.300524353223855E+003  0.191175922918579E+001  0.923152525327106E+000  0.952769833181152E+000  0.460017444489404E+000 -0.131028262406404E+000 -0.150262176611928E+003
  0.100000000000000E+001  0.295439957724258E+003  0.143305567172309E+001  0.910674369253456E+000  0.473076427583264E+000  0.304847401220148E+000 -0.131028262406404E+000 -0.147719978862129E+003
  0.100000000000000E+001  0.295186252385495E+003  0.110806729657959E+000  0.122632971010842E+001  0.264193966243230E+000  0.436830261160938E+000 -0.131028262406404E+000 -0.147593126192747E+003
  0.100000000000000E+001  0.300581066507780E+003  0.160681426007517E+001  0.140342903852513E+001  0.455323829615054E-001  0.471366244220650E+000 -0.131028262406404E+000 -0.150290533253890E+003
  0.100000000000000E+001  0.295337134634989E+003  0.117121409853752E+001  0.879737953605675E+000  0.665474425559798E+000  0.412225709907833E+000 -0.131028262406404E+000 -0.147668567317494E+003
  0.100000000000000E+001  0.295020641448702E+003  0.672295731462429E+000  0.186469971579475E+001  0.862989031679899E+000  0.338527564912404E+000 -0.131028262406404E+000 -0.147510320724351E+003
  0.100000000000000E+001  0.298785275942220E+003  0.166036087483115E+001  0.100626812174086E+001  0.869300673433004E+000  0.450598653061554E+000 -0.131028262406404E+000 -0.149392637971110E+003
  0.100000000000000E+001  0.294805066713170E+003  0.171897916777404E+001  0.608047966673893E+000  0.707525575962664E+000  0.178445366665263E+000 -0.131028262406404E+000 -0.147402533356585E+003
  0.100000000000000E+001  0.294744774564755E+003  0.172837682435012E+001  0.141092092375529E+001  0.268858608409748E+000  0.127542390179941E+000 -0.131028262406404E+000 -0.147372387282378E+003
  0.100000000000000E+001  0.295218850868506E+003  0.355034648748730E+000  0.110150831824050E+001  0.376270205539908E+000  0.103440608127171E+000 -0.131028262406404E+000 -0.147609425434253E+003
  0.100000000000000E+001  0.294657563137757E+003  0.540626470749580E+000  0.116186782544958E+001  0.765225202748903E-001  0.404756930834584E+000 -0.131028262406404E+000 -0.147328781568879E+003
  0.100000000000000E+001  0.298092620050340E+003  0.147941833805992E+001  0.114140522937104E+001  0.195338991266740E+000  0.450638707712821E+000 -0.131028262406404E+000 -0.149046310025170E+003
  0.100000000000000E+001  0.295009777790907E+003  0.687028064843758E+000  0.191497698253358E+001  0.874640302029801E+000  0.105785004136528E+000 -0.131028262406404E+000 -0.147504888895453E+003
  0.100000000000000E+001  0.294803490014049E+003  0.115581106992589E+001  0.937810115018874E+000  0.387745833286420E+000  0.273895479595073E+000 -0.131028262406404E+000 -0.147401745007025E+003
  0.100000000000000E+001  0.295608582182049E+003  0.104442053827127E+001  0.176856831002458E+001  0.453783343360319E+000  0.341143580818252E+000 -0.131028262406404E+000 -0.147804291091025E+003
  0.100000000000000E+001  0.297333582912758E+003  0.198333522278940E+001  0.178759892359737E+001  0.561671939851550E+000  0.258293910034660E+000 -0.131028262406404E+000 -0.148666791456379E+003
  0.100000000000000E+001  0.294902240237043E+003  0.481384265894459E+000  0.955874350587150E+000  0.103909915710441E+000  0.186268106357478E+000 -0.131028262406404E+000 -0.147451120118521E+003
  0.100000000000000E+001  0.294818235532504E+003  0.138299906319083E+001  0.121437842500415E+001  0.317128093285014E+000  0.190900809624051E+000 -0.131028262406404E+000 -0.147409117766252E+003
  0.100000000000000E+001  0.295881320257202E+003  0.141469223715830E+001  0.104514709728829E+001  0.565820187592417E+000  0.334534828717921E+000 -0.131028262406404E+000 -0.147940660128601E+003
  0.100000000000000E+001  0.295131184387717E+003  0.139791593117801E+001  0.197642759589499E+001  0.307304981351407E+000  0.208625530133652E+000 -0.131028262406404E+000 -0.147565592193859E+003
  0.100000000000000E+001  0.295277188225271E+003  0.239784967499747E+000  0.179824960124406E+001  0.938251333643699E+000  0.124731218497652E+000 -0.131028262406404E+000 -0.147638594112635E+003
  0.100000000000000E+001  0.294792640981351E+003  0.345304202094870E+000  0.103913569005688E+001  0.718641611473673E+000  0.340881330515473E+000 -0.131028262406404E+000 -0.147396320490676E+003
  0.100000000000000E+001  0.294815984794355E+003  0.125830037468834E+001  0.924331503900657E+000  0.279434047720516E+000  0.246074347920832E+000 -0.131028262406404E+000 -0.147407992397178E+003
  0.100000000000000E+001  0.294687313087900E+003  0.756128689287721E+000  0.123980873833569E+001  0.539341382699645E+000  0.254967738882409E+000 -0.131028262406404E+000 -0.147343656543950E+003
  0.100000000000000E+001  0.298754046347393E+003  0.140825539135630E+001  0.196284821090033E+001  0.843758736592198E-001  0.438874540019023E+000 -0.131028262406404E+000 -0.149377023173696E+003
  0.100000000000000E+001  0.295265475587615E+003  0.134771335131648E+000  0.198121621465672E+001  0.371049990997985E+000  0.408539306345454E+000 -0.131028262406404E+000 -0.147632737793808E+003
  0.100000000000000E+001  0.294450339628126E+003  0.958027955872185E+000  0.566064385896629E+000  0.189299156326617E+000  0.292688508481196E+000 -0.131028262406404E+000 -0.147225169814063E+003
  0.100000000000000E+001  0.297737429087889E+003  0.180695619605988E+001  0.791803831372481E+000  0.955956584150857E+000  0.400643431830279E+000 -0.131028262406404E+000 -0.148868714543944E+003
  0.100000000000000E+001  0.295348942021646E+003  0.178427925251200E+001  0.159974296035383E+001  0.953069965264407E+000  0.190576331895675E+000 -0.131028262406404E+000 -0.147674471010823E+003
  0.100000000000000E+001  0.295058173477012E+003  0.781930371155856E+000  0.145836240089861E+001  0.304964903863263E+000  0.381665564410540E+000 -0.131028262406404E+000 -0.147529086738506E+003
  0.100000000000000E+001  0.295523286147165E+003  0.155639672718566E+001  0.501318245152725E+000  0.709848678939838E+000  0.439267255781999E+000 -0.131028262406404E+000 -0.147761643073583E+003
  0.100000000000000E+001  0.295247948003659E+003  0.555158752190159E+000  0.197850023872385E+001  0.491424127678304E+000  0.437067801112996E+000 -0.131028262406404E+000 -0.147623974001829E+003
  0.100000000000000E+001  0.296810365801150E+003  0.179211786449375E+001  0.645474803067684E+000  0.642475102743988E+000  0.391184083885049E+000 -0.131028262406404E+000 -0.148405182900575E+003
  0.100000000000000E+001  0.295209942490534E+003  0.285238429997611E+000  0.159181852389878E+001  0.127381945955283E-001  0.137301724674240E+000 -0.131028262406404E+000 -0.147604971245267E+003
  0.100000000000000E+001  0.295152147120466E+003  0.169273227843655E+000  0.169879254748454E+001  0.552032334671676E+000  0.443260002789308E+000 -0.131028262406404E+000 -0.147576073560233E+003
  0.100000000000000E+001  0.294813158664957E+003  0.579852221999971E+000  0.160564944694421E+001  0.675809956874968E+000  0.286311452089779E+000 -0.131028262406404E+000 -0.147406579332478E+003
  0.100000000000000E+001  0.295307304300739E+003  0.185483060037480E+000  0.173307406145359E+001  0.978981895852954E+000  0.139754597220306E+000 -0.131028262406404E+000 -0.147653652150369E+003
  0.100000000000000E+001  0.294752087322981E+003  0.170813815965009E+001  0.166994674748400E+001  0.764045401546195E+000  0.124103151447549E+000 -0.131028262406404E+000 -0.147376043661491E+003
  0.100000000000000E+001  0.296171305768225E+003  0.145055867041976E+001  0.862319905139071E+000  0.960349946557638E+000  0.393875561726634E+000 -0.131028262406404E+000 -0.148085652884112E+003
  0.100000000000000E+001  0.304537020764722E+003  0.198755733348630E+001  0.190782376251594E+001  0.680608906837760E+000  0.452470452497693E+000 -0.131028262406404E+000 -0.152268510382361E+003
  0.100000000000000E+001  0.295044481190246E+003  0.167652151320247E+001  0.899742890567215E+000  0.883752449955557E+000  0.202336642745557E+000 -0.131028262406404E+000 -0.147522240595123E+003
  0.100000000000000E+001  0.294828552428120E+003  0.609406563925123E+000  0.162599090885253E+001  0.355592492647349E-001  0.208574863234746E+000 -0.131028262406404E+000 -0.147414276214060E+003
  0.100000000000000E+001  0.295307232136145E+003  0.619022232648722E+000  0.178791918917904E+001  0.322313069507390E+000  0.457417766938875E+000 -0.131028262406404E+000 -0.147653616068073E+003
  0.100000000000000E+001  0.294936465221686E+003  0.213675507971215E+000  0.741116310697663E+000  0.614998976233952E+000  0.389028357033469E+000 -0.131028262406404E+000 -0.147468232610843E+003
  0.100000000000000E+001  0.294749124736088E+003  0.175390308237727E+001  0.595740639533121E+000  0.361640251360553E+000  0.160617388540541E+000 -0.131028262406404E+000 -0.147374562368044E+003
  0.100000000000000E+001  0.300892628597384E+003  0.180411968887760E+001  0.109333230792240E+001  0.809274262535865E+000  0.466781667992446E+000 -0.131028262406404E+000 -0.150446314298692E+003
  0.100000000000000E+001  0.295599259676061E+003  0.125390077381859E+001  0.154108548553600E+001  0.693331671818586E+000  0.298701671485730E+000 -0.131028262406404E+000 -0.147799629838031E+003
  0.100000000000000E+001  0.294837632739026E+003  0.154542744794411E+001  0.125304389368588E+001  0.662412718213847E+000  0.171001059698490E+000 -0.131028262406404E+000 -0.147418816369513E+003
  0.100000000000000E+001  0.296756848108564E+003  0.160446116449363E+001  0.135865686352203E+001  0.847054507536300E+000  0.311234424937347E+000 -0.131028262406404E+000 -0.148378424054282E+003
  0.100000000000000E+001  0.295158089038021E+003  0.127130464548749E+000  0.117075918749237E+001  0.157794446152197E+000  0.398507618939862E+000 -0.131028262406404E+000 -0.147579044519010E+003
  0.100000000000000E+001  0.294705850768324E+003  0.929914685267017E+000  0.132674894480151E+001  0.435483853053253E+000  0.199368203527918E+000 -0.131028262406404E+000 -0.147352925384162E+003
  0.100000000000000E+001  0.294888171661568E+003  0.430535174173313E+000  0.166424576463505E+001  0.249834039920015E+000  0.318675700080099E+000 -0.131028262406404E+000 -0.147444085830784E+003
  0.100000000000000E+001  0.294812456687714E+003  0.471244481213238E+000  0.148340720480114E+001  0.211475952730660E+000  0.348285171862145E+000 -0.131028262406404E+000 -0.147406228343857E+003
  0.100000000000000E+001  0.295298712068251E+003  0.236348742553771E+000  0.185261592859120E+001  0.529859387542080E+000  0.113672112481906E+000 -0.131028262406404E+000 -0.147649356034125E+003
  0.100000000000000E+001  0.298094385866458E+003  0.152421790300129E+001  0.111470829543929E+001  0.929211880862947E+000  0.439117212954542E+000 -0.131028262406404E+000 -0.149047192933229E+003
  0.100000000000000E+001  0.295083843626003E+003  0.193665009803251E+001  0.199454743615338E+001  0.182086618906939E+000  0.151251579461920E+000 -0.131028262406404E+000 -0.147541921813001E+003
  0.100000000000000E+001  0.295178217041957E+003  0.114112803885957E+000  0.103189217649248E+001  0.517868018343664E+000  0.402753042304840E+000 -0.131028262406404E+000 -0.147589108520979E+003
  0.100000000000000E+001  0.296331952976046E+003  0.179224874020579E+001  0.595869594687645E+000  0.511522779186311E-001  0.364011151748191E+000 -0.131028262406404E+000 -0.148165976488023E+003
  0.100000000000000E+001  0.294475572841121E+003  0.931908521463259E+000  0.503280945399328E+000  0.946633966638922E+000  0.254768138844077E+000 -0.131028262406404E+000 -0.147237786420560E+003
  0.100000000000000E+001  0.297028230777904E+003  0.178725067418534E+001  0.116591393159551E+001  0.202107433107457E+000  0.301752522135689E+000 -0.131028262406404E+000 -0.148514115388952E+003
  0.100000000000000E+001  0.297367720945874E+003  0.179704960161648E+001  0.175016339895414E+001  0.911902266274310E+000  0.287563375128791E+000 -0.131028262406404E+000 -0.148683860472937E+003
  0.100000000000000E+001  0.295246645469515E+003  0.125639705262340E+000  0.111451630661668E+001  0.211444035121837E+000  0.271470000278224E+000 -0.131028262406404E+000 -0.147623322734757E+003
  0.100000000000000E+001  0.295238386065695E+003  0.132069642595351E+001  0.172702553766196E+001  0.491437402188866E+000  0.239111408133474E+000 -0.131028262406404E+000 -0.147619193032847E+003
  0.100000000000000E+001  0.294819951025576E+003  0.806635891453109E+000  0.967910597466230E+000  0.541761857268224E-001  0.484345702951872E+000 -0.131028262406404E+000 -0.147409975512788E+003
  0.100000000000000E+001  0.294711310949734E+003  0.135969594405828E+001  0.579243249167220E+000  0.809388026842270E+000  0.253596964848631E+000 -0.131028262406404E+000 -0.147355655474867E+003
  0.100000000000000E+001  0.295155994208443E+003  0.164725726414096E+001  0.116063908915187E+001  0.501357789188439E+000  0.204374276849853E+000 -0.131028262406404E+000 -0.147577997104221E+003
  0.100000000000000E+001  0.296215600250945E+003  0.196631609872233E+001  0.168994860895673E+001  0.755741528051467E+000  0.217833517024566E+000 -0.131028262406404E+000 -0.148107800125472E+003
  0.100000000000000E+001  0.294965395457232E+003  0.436179185811743E+000  0.197685535436816E+001  0.455389354487237E+000  0.246769143618541E+000 -0.131028262406404E+000 -0.147482697728616E+003
  0.100000000000000E+001  0.295343841058188E+003  0.156311189753881E+000  0.190396428864331E+001  0.633662692984792E+000  0.136540487297371E+000 -0.131028262406404E+000 -0.147671920529094E+003
  0.100000000000000E+001  0.296121419168716E+003  0.156216537530242E+001  0.730861769393260E+000  0.868609819821137E+000  0.386199838917681E+000 -0.131028262406404E+000 -0.148060709584358E+003
  0.100000000000000E+001  0.294770271751134E+003  0.857997498443960E+000  0.168484320142635E+001  0.138599817493185E-001  0.199032845723259E+000 -0.131028262406404E+000 -0.147385135875567E+003
  0.100000000000000E+001  0.294961343325914E+003  0.607717355713725E+000  0.144607328322946E+001  0.533854726206971E+000  0.132616433874982E+000 -0.131028262406404E+000 -0.147480671662957E+003
  0.100000000000000E+001  0.294861846204104E+003  0.957536889920150E+000  0.124178666237140E+001  0.202629529476785E+000  0.300754825721526E+000 -0.131028262406404E+000 -0.147430923102052E+003
  0.100000000000000E+001  0.300102624194002E+003  0.191358138305038E+001  0.845095482052358E+000  0.582513444702563E+000  0.467920798045319E+000 -0.131028262406404E+000 -0.150051312097001E+003
  0.100000000000000E+001  0.294887611976616E+003  0.987151419913848E+000  0.183056125153200E+001  0.202929225424510E-001  0.232052207135609E+000 -0.131028262406404E+000 -0.147443805988308E+003
  0.100000000000000E+001  0.295201310926802E+003  0.268487584082439E+000  0.134354781017537E+001  0.218393095233513E-001  0.148567400730986E+000 -0.131028262406404E+000 -0.147600655463401E+003
  0.100000000000000E+001  0.295606309572790E+003  0.103333850952382E+001  0.130946954410634E+001  0.836035730704059E+000  0.398096053043162E+000 -0.131028262406404E+000 -0.147803154786395E+003
  0.100000000000000E+001  0.294926745828376E+003  0.750751368961414E+000  0.521084882282278E+000  0.720688112805067E+000  0.112364172094817E+000 -0.131028262406404E+000 -0.147463372914188E+003
  0.100000000000000E+001  0.294915369496979E+003  0.216200139301995E+000  0.103919251797184E+001  0.111296236298669E+000  0.434711785919956E+000 -0.131028262406404E+000 -0.147457684748490E+003
  0.100000000000000E+001  0.294486333822431E+003  0.793323362928523E+000  0.575647195362186E+000  0.410315567457531E+000  0.272173824943827E+000 -0.131028262406404E+000 -0.147243166911216E+003
  0.100000000000000E+001  0.294617427105717E+003  0.618194591151860E+000  0.107780927836602E+001  0.614170771508663E-001  0.336692820926291E+000 -0.131028262406404E+000 -0.147308713552859E+003
  0.100000000000000E+001  0.299577044858356E+003  0.137151571854452E+001  0.196646156310213E+001  0.856702291529490E+000  0.493151300141160E+000 -0.131028262406404E+000 -0.149788522429178E+003
  0.100000000000000E+001  0.299521758265002E+003  0.152051534869977E+001  0.137977132999235E+001  0.107667200783073E+000  0.463285563135215E+000 -0.131028262406404E+000 -0.149760879132501E+003
  0.100000000000000E+001  0.294811312787177E+003  0.240204420297008E+000  0.976727716153178E+000  0.575184100984866E+000  0.493829401769330E+000 -0.131028262406404E+000 -0.147405656393589E+003
  0.100000000000000E+001  0.299351203825811E+003  0.160085000058921E+001  0.102488512209557E+001  0.469483893140453E+000  0.498582391713354E+000 -0.131028262406404E+000 -0.149675601912906E+003
  0.100000000000000E+001  0.295324788626133E+003  0.174325705031135E+001  0.149860142902954E+001  0.819669124420846E+000  0.195462839851197E+000 -0.131028262406404E+000 -0.147662394313067E+003
  0.100000000000000E+001  0.294893474827508E+003  0.841072381349131E+000  0.141148304848804E+001  0.891058016674033E-001  0.319407567599857E+000 -0.131028262406404E+000 -0.147446737413754E+003
  0.100000000000000E+001  0.294755655418766E+003  0.280077996743248E+000  0.528661323647199E+000  0.217369125246482E+000  0.422194369402823E+000 -0.131028262406404E+000 -0.147377827709383E+003
  0.100000000000000E+001  0.297275264065073E+003  0.185480819927877E+001  0.651808741096245E+000  0.731328166192189E+000  0.402307537476181E+000 -0.131028262406404E+000 -0.148637632032536E+003
  0.100000000000000E+001  0.294763691920180E+003  0.979565085490748E+000  0.158192577226623E+001  0.958314269822195E+000  0.205370808394676E+000 -0.131028262406404E+000 -0.147381845960090E+003
  0.100000000000000E+001  0.295333734591382E+003  0.899763439808986E+000  0.108559348459813E+001  0.426919884076973E+000  0.494080297315202E+000 -0.131028262406404E+000 -0.147666867295691E+003
  0.100000000000000E+001  0.294687644092127E+003  0.637266150634661E+000  0.114923199213464E+001  0.290142616793878E+000  0.411457137911744E+000 -0.131028262406404E+000 -0.147343822046064E+003
  0.100000000000000E+001  0.295201613923637E+003  0.521525212719388E+000  0.186002308064202E+001  0.789889276721925E+000  0.459374301194944E+000 -0.131028262406404E+000 -0.147600806961818E+003
  0.100000000000000E+001  0.294725031324517E+003  0.757310874911158E+000  0.104058123534029E+001  0.683517872927661E+000  0.427674067742270E+000 -0.131028262406404E+000 -0.147362515662259E+003
  0.100000000000000E+001  0.294885851533107E+003  0.853311504309333E+000  0.134093803646634E+001  0.706204515965525E+000  0.112269152473187E+000 -0.131028262406404E+000 -0.147442925766553E+003
  0.100000000000000E+001  0.294730341207206E+003  0.138665918834027E+001  0.152084918311963E+001  0.189931734630212E+000  0.144285533905194E+000 -0.131028262406404E+000 -0.147365170603603E+003
  0.100000000000000E+001  0.296427037757045E+003  0.128034696054360E+001  0.155029816028718E+001  0.964035029405081E-001  0.359178241959649E+000 -0.131028262406404E+000 -0.148213518878523E+003
  0.100000000000000E+001  0.294667301143198E+003  0.155609946977600E+001  0.677339003254158E+000  0.924058949396286E+000  0.153461506543472E+000 -0.131028262406404E+000 -0.147333650571599E+003
  0.100000000000000E+001  0.295062234121370E+003  0.333496750480817E+000  0.185836716376991E+001  0.760540961697125E+000  0.433641708549175E+000 -0.131028262406404E+000 -0.147531117060685E+003
  0.100000000000000E+001  0.294750551157909E+003  0.187691266355552E+001  0.199278405154110E+001  0.575096830326235E+000  0.107441941084518E+000 -0.131028262406404E+000 -0.147375275578955E+003
  0.100000000000000E+001  0.295550559759675E+003  0.124597748738583E+001  0.758797566103877E+000  0.233865849897994E+000  0.469946971326119E+000 -0.131028262406404E+000 -0.147775279879838E+003
  0.100000000000000E+001  0.296608134306621E+003  0.196247894080282E+001  0.107676303110447E+001  0.711678066000497E-001  0.257201671823349E+000 -0.131028262406404E+000 -0.148304067153311E+003
  0.100000000000000E+001  0.296098295446848E+003  0.167710473080192E+001  0.829006982671507E+000  0.514670554148982E+000  0.314140258877431E+000 -0.131028262406404E+000 -0.148049147723424E+003
  0.100000000000000E+001  0.300922636119034E+003  0.177077814363647E+001  0.145057152733287E+001  0.271400067911693E-001  0.425448802547663E+000 -0.131028262406404E+000 -0.150461318059517E+003
  0.100000000000000E+001  0.294990564769838E+003  0.317405255718066E+000  0.951195212597273E+000  0.553509645840146E+000  0.229317721931498E+000 -0.131028262406404E+000 -0.147495282384919E+003
  0.100000000000000E+001  0.295536444642691E+003  0.130037402225322E+001  0.198438297040330E+001  0.718413618690542E+000  0.265930448366218E+000 -0.131028262406404E+000 -0.147768222321345E+003
  0.100000000000000E+001  0.295272922052304E+003  0.171264814235024E+000  0.703971706017793E+000  0.715382247342643E+000  0.172138094825210E+000 -0.131028262406404E+000 -0.147636461026152E+003
  0.100000000000000E+001  0.294705624230065E+003  0.499032958414867E+000  0.971802037624340E+000  0.791810218703714E+000  0.279552788255550E+000 -0.131028262406404E+000 -0.147352812115032E+003
  0.100000000000000E+001  0.294852920864848E+003  0.114339603439216E+001  0.181830153685095E+001  0.749666189423083E-001  0.199866189086793E+000 -0.131028262406404E+000 -0.147426460432424E+003
  0.100000000000000E+001  0.295328579103924E+003  0.972691399894212E+000  0.153501664228285E+001  0.525656288858600E+000  0.347739318007958E+000 -0.131028262406404E+000 -0.147664289551962E+003
  0.100000000000000E+001  0.294953605057847E+003  0.155268858147868E+001  0.165278882338137E+001  0.873585100725555E+000  0.175500178544359E+000 -0.131028262406404E+000 -0.147476802528924E+003
  0.100000000000000E+001  0.294315915075919E+003  0.686704013619138E+000  0.705312497784801E+000  0.659182174013794E-001  0.488528267745160E+000 -0.131028262406404E+000 -0.147157957537959E+003
  0.100000000000000E+001  0.295348962739688E+003  0.177602673164475E+000  0.196169340591799E+001  0.219487183991506E+000  0.114837312314869E+000 -0.131028262406404E+000 -0.147674481369844E+003
  0.100000000000000E+001  0.294938246544256E+003  0.349543174284670E+000  0.763886309405762E+000  0.361396936156119E+000  0.232475875343208E+000 -0.131028262406404E+000 -0.147469123272128E+003
  0.100000000000000E+001  0.295971059442085E+003  0.137185144471406E+001  0.151694785637302E+001  0.212259364081674E-001  0.303925210794490E+000 -0.131028262406404E+000 -0.147985529721043E+003
  0.100000000000000E+001  0.295006081701790E+003  0.155002274482475E+000  0.644599836472098E+000  0.859430180163853E+000  0.474898554093498E+000 -0.131028262406404E+000 -0.147503040850895E+003
  0.100000000000000E+001  0.296866281150296E+003  0.135576756253055E+001  0.982189443692581E+000  0.733496431631895E+000  0.463880463306211E+000 -0.131028262406404E+000 -0.148433140575148E+003
  0.100000000000000E+001  0.294662471300346E+003  0.112688940513850E+001  0.586638204269593E+000  0.249094881657990E+000  0.143336583072897E+000 -0.131028262406404E+000 -0.147331235650173E+003
  0.100000000000000E+001  0.296826201842216E+003  0.951955417051776E+000  0.199543286863410E+001  0.902818954128664E+000  0.495448279034943E+000 -0.131028262406404E+000 -0.148413100921108E+003
  0.100000000000000E+001  0.294647602976167E+003  0.139488414550978E+001  0.563398735630599E+000  0.611651907579771E+000  0.129305901574603E+000 -0.131028262406404E+000 -0.147323801488084E+003
  0.100000000000000E+001  0.294901847100227E+003  0.126726683346002E+001  0.548546505903973E+000  0.270197749724117E+000  0.468917547910996E+000 -0.131028262406404E+000 -0.147450923550113E+003
  0.100000000000000E+001  0.296119167630388E+003  0.981061908200213E+000  0.135722227808468E+001  0.361685288087457E+000  0.478056865814520E+000 -0.131028262406404E+000 -0.148059583815194E+003
  0.100000000000000E+001  0.294765265584758E+003  0.159191408552168E+001  0.146628735003783E+001  0.938958810975746E+000  0.142530293352613E+000 -0.131028262406404E+000 -0.147382632792379E+003
  0.100000000000000E+001  0.303417746386992E+003  0.174482010441623E+001  0.179603315313421E+001  0.631122883201382E-001  0.493358568116556E+000 -0.131028262406404E+000 -0.151708873193496E+003
  0.100000000000000E+001  0.294918608061813E+003  0.446846875389454E+000  0.156108272408760E+001  0.304167361303933E+000  0.441539196827708E+000 -0.131028262406404E+000 -0.147459304030906E+003
  0.100000000000000E+001  0.296215436667778E+003  0.118728339231398E+001  0.181202009484937E+001  0.414273964472597E+000  0.355415908680788E+000 -0.131028262406404E+000 -0.148107718333889E+003
  0.100000000000000E+001  0.294875993185954E+003  0.141506546413622E+001  0.173678150699461E+001  0.288632126379132E+000  0.175597650555897E+000 -0.131028262406404E+000 -0.147437996592977E+003
  0.100000000000000E+001  0.294762298047318E+003  0.132367771819463E+001  0.121262868011044E+001  0.808094858079678E-002  0.185202687960724E+000 -0.131028262406404E+000 -0.147381149023659E+003
  0.100000000000000E+001  0.295008032455641E+003  0.917959555659341E+000  0.190205020603347E+001  0.938448298410507E+000  0.271129804039683E+000 -0.131028262406404E+000 -0.147504016227820E+003
  0.100000000000000E+001  0.305220675133451E+003  0.191533064150926E+001  0.179467713787402E+001  0.816846466104376E-001  0.485798592956733E+000 -0.131028262406404E+000 -0.152610337566726E+003
  0.100000000000000E+001  0.294942841403549E+003  0.475221113413907E+000  0.150299295344685E+001  0.588114997697955E+000  0.477460665834340E+000 -0.131028262406404E+000 -0.147471420701775E+003
  0.100000000000000E+001  0.295254467373077E+003  0.784077519012516E+000  0.124325913839005E+001  0.353894460190018E+000  0.491235238090497E+000 -0.131028262406404E+000 -0.147627233686539E+003
  0.100000000000000E+001  0.294927525986333E+003  0.581023452670241E+000  0.196493871221679E+001  0.287016972890261E+000  0.291785879679190E+000 -0.131028262406404E+000 -0.147463762993166E+003
  0.100000000000000E+001  0.294987944624512E+003  0.664729105971475E+000  0.127736190464065E+001  0.707484715491420E+000  0.483415139995330E+000 -0.131028262406404E+000 -0.147493972312256E+003
  0.100000000000000E+001  0.294718918807494E+003  0.700167443106208E+000  0.132660250879515E+001  0.957687437363660E+000  0.287559340640326E+000 -0.131028262406404E+000 -0.147359459403747E+003
  0.100000000000000E+001  0.296014666971465E+003  0.974672609908586E+000  0.152560197089055E+001  0.545195249369974E+000  0.437862928875765E+000 -0.131028262406404E+000 -0.148007333485733E+003
  0.100000000000000E+001  0.302817134303944E+003  0.174693504722505E+001  0.189074349706786E+001  0.734667679087407E+000  0.477288762347323E+000 -0.131028262406404E+000 -0.151408567151972E+003
  0.100000000000000E+001  0.294738425376619E+003  0.125379638164450E+001  0.102336404720066E+001  0.955803918275786E+000  0.208214854451833E+000 -0.131028262406404E+000 -0.147369212688310E+003
  0.100000000000000E+001  0.294734485349480E+003  0.103401840556982E+001  0.154751812214363E+001  0.312649583092341E-001  0.162645183734486E+000 -0.131028262406404E+000 -0.147367242674740E+003
  0.100000000000000E+001  0.297193151841859E+003  0.154849030710740E+001  0.141916790210688E+001  0.235674729979492E+000  0.342565497293081E+000 -0.131028262406404E+000 -0.148596575920930E+003
  0.100000000000000E+001  0.294774550536113E+003  0.168287655636541E+001  0.928589721957580E+000  0.410690487262588E+000  0.156514292493826E+000 -0.131028262406404E+000 -0.147387275268056E+003
  0.100000000000000E+001  0.294499091927390E+003  0.101707234307628E+001  0.532020117390953E+000  0.323084910022235E+000  0.245793914748297E+000 -0.131028262406404E+000 -0.147249545963695E+003
  0.100000000000000E+001  0.295615401845895E+003  0.892257630921920E+000  0.197933750671520E+001  0.403034165737268E+000  0.378514284325366E+000 -0.131028262406404E+000 -0.147807700922948E+003
  0.100000000000000E+001  0.295797425588254E+003  0.136457650311729E+001  0.776474253934540E+000  0.370969388897484E-001  0.424910541525323E+000 -0.131028262406404E+000 -0.147898712794127E+003
  0.100000000000000E+001  0.294796562954274E+003  0.192903520711780E+001  0.137873930242478E+001  0.828408502992412E-001  0.126094417751177E+000 -0.131028262406404E+000 -0.147398281477137E+003
  0.100000000000000E+001  0.294981797658746E+003  0.361602070276441E+000  0.184091575267294E+001  0.637056364513436E+000  0.306227593750816E+000 -0.131028262406404E+000 -0.147490898829373E+003
  0.100000000000000E+001  0.295285585954508E+003  0.143249104377155E+001  0.176749652441506E+001  0.455840972097992E+000  0.225291236802128E+000 -0.131028262406404E+000 -0.147642792977254E+003
  0.100000000000000E+001  0.294665550298055E+003  0.141344678004428E+001  0.906642248324938E+000  0.512483235504817E+000  0.143181351162323E+000 -0.131028262406404E+000 -0.147332775149028E+003
  0.100000000000000E+001  0.295239889214672E+003  0.844673569483618E+000  0.132015866127095E+001  0.745439342480173E-001  0.426563801755158E+000 -0.131028262406404E+000 -0.147619944607336E+003
  0.100000000000000E+001  0.294738034123913E+003  0.371199194268889E+000  0.646570277830420E+000  0.261500269923051E+000  0.325072701962806E+000 -0.131028262406404E+000 -0.147369017061957E+003
  0.100000000000000E+001  0.294594795640455E+003  0.125967517291073E+001  0.580725726895904E+000  0.136478768057682E-001  0.192105420553230E+000 -0.131028262406404E+000 -0.147297397820228E+003
  0.100000000000000E+001  0.294653598689511E+003  0.592293227299973E+000  0.623589992784777E+000  0.545685781294502E+000  0.246368116276725E+000 -0.131028262406404E+000 -0.147326799344756E+003
  0.100000000000000E+001  0.294861419032604E+003  0.147619680660353E+001  0.769648665107672E+000  0.237638879761693E+000  0.222344959431687E+000 -0.131028262406404E+000 -0.147430709516302E+003
  0.100000000000000E+001  0.304773062688573E+003  0.185863993496596E+001  0.188737177595691E+001  0.243204778493706E+000  0.495529730980231E+000 -0.131028262406404E+000 -0.152386531344286E+003
  0.100000000000000E+001  0.297361251380200E+003  0.131219680936950E+001  0.109908340463971E+001  0.484837715382973E+000  0.488045674426697E+000 -0.131028262406404E+000 -0.148680625690100E+003
  0.100000000000000E+001  0.294681254315464E+003  0.996628009277992E+000  0.117822260457731E+001  0.767112617705285E+000  0.202165266666173E+000 -0.131028262406404E+000 -0.147340627157732E+003
  0.100000000000000E+001  0.294464180797749E+003  0.995265200842279E+000  0.591566480588724E+000  0.998609349383063E+000  0.310509672422789E+000 -0.131028262406404E+000 -0.147232090398875E+003
  0.100000000000000E+001  0.294801694834010E+003  0.379698707888519E+000  0.132201873270394E+001  0.743226503546418E+000  0.369315797493628E+000 -0.131028262406404E+000 -0.147400847417005E+003
  0.100000000000000E+001  0.299989874047252E+003  0.182870613178087E+001  0.184893315341504E+001  0.908840199274097E+000  0.369837062465866E+000 -0.131028262406404E+000 -0.149994937023626E+003
  0.100000000000000E+001  0.298398718129509E+003  0.173568172798287E+001  0.141746391497755E+001  0.134681978373740E+000  0.350745734811482E+000 -0.131028262406404E+000 -0.149199359064754E+003
  0.100000000000000E+001  0.296225090925180E+003  0.144060057634796E+001  0.716864833555521E+000  0.904911206195951E+000  0.472955707691363E+000 -0.131028262406404E+000 -0.148112545462590E+003
  0.100000000000000E+001  0.294752453185472E+003  0.120919608718713E+001  0.163221115893843E+001  0.113687427489697E+000  0.120410274858596E+000 -0.131028262406404E+000 -0.147376226592736E+003
  0.100000000000000E+001  0.294675116149865E+003  0.883779750700232E+000  0.110582747413055E+001  0.447411459326621E+000  0.271803394266260E+000 -0.131028262406404E+000 -0.147337558074932E+003
  0.100000000000000E+001  0.297858589448532E+003  0.179058567241493E+001  0.175759090657173E+001  0.336576898513230E+000  0.307172046334802E+000 -0.131028262406404E+000 -0.148929294724266E+003
  0.100000000000000E+001  0.294733775147737E+003  0.696627200411101E+000  0.135125108316933E+001  0.842486150451207E+000  0.297969951376190E+000 -0.131028262406404E+000 -0.147366887573868E+003
  0.100000000000000E+001  0.294566453590606E+003  0.542506025276776E+000  0.704964331317157E+000  0.200012294730759E+000  0.315046855632780E+000 -0.131028262406404E+000 -0.147283226795303E+003
  0.100000000000000E+001  0.295276850365401E+003  0.144366897976061E+001  0.144814393054782E+001  0.118978445781936E+000  0.234063687253848E+000 -0.131028262406404E+000 -0.147638425182701E+003
  0.100000000000000E+001  0.298875315978017E+003  0.152478799722044E+001  0.187581663232512E+001  0.969821357086942E+000  0.406844979297404E+000 -0.131028262406404E+000 -0.149437657989008E+003
  0.100000000000000E+001  0.295200348881762E+003  0.277835717005919E+000  0.766964866761569E+000  0.752711828248636E+000  0.141284321535642E+000 -0.131028262406404E+000 -0.147600174440881E+003
  0.100000000000000E+001  0.294962678579731E+003  0.304449539898400E+000  0.128932227815714E+001  0.177602497667176E+000  0.274949601717541E+000 -0.131028262406404E+000 -0.147481339289865E+003
  0.100000000000000E+001  0.294624795950580E+003  0.661527743632628E+000  0.108993914701416E+001  0.359221268523128E+000  0.349011190474313E+000 -0.131028262406404E+000 -0.147312397975290E+003
  0.100000000000000E+001  0.294316860255251E+003  0.497770647694982E+000  0.633161022785071E+000  0.913904286097385E+000  0.498631014842669E+000 -0.131028262406404E+000 -0.147158430127625E+003
  0.100000000000000E+001  0.294653103847906E+003  0.120385001774927E+001  0.501126249443295E+000  0.758964058846059E+000  0.138234974343687E+000 -0.131028262406404E+000 -0.147326551923953E+003
  0.100000000000000E+001  0.295048704963009E+003  0.299843039129195E+000  0.664380674415919E+000  0.837788684733035E+000  0.207444245937655E+000 -0.131028262406404E+000 -0.147524352481505E+003
  0.100000000000000E+001  0.297468993721076E+003  0.107341564625971E+001  0.197746834438289E+001  0.686717177506290E+000  0.493546229482473E+000 -0.131028262406404E+000 -0.148734496860538E+003
  0.100000000000000E+001  0.294786389640650E+003  0.101799056574651E+001  0.186622305424885E+001  0.498977645352100E+000  0.182301998363734E+000 -0.131028262406404E+000 -0.147393194820325E+003
  0.100000000000000E+001  0.295025989607235E+003  0.467538850544892E+000  0.161129394449198E+001  0.141718785166975E+000  0.482281841563448E+000 -0.131028262406404E+000 -0.147512994803617E+003
  0.100000000000000E+001  0.294861423686345E+003  0.490688057833336E+000  0.736053290367916E+000  0.536633533192692E-001  0.196890779651880E+000 -0.131028262406404E+000 -0.147430711843173E+003
  0.100000000000000E+001  0.294754600762865E+003  0.817926718319274E+000  0.114256316820909E+001  0.702832305509165E+000  0.347790929283015E+000 -0.131028262406404E+000 -0.147377300381433E+003
  0.100000000000000E+001  0.294815528090474E+003  0.896249079581118E+000  0.839878114472570E+000  0.630468299996981E+000  0.123002064359356E+000 -0.131028262406404E+000 -0.147407764045237E+003
  0.100000000000000E+001  0.297105945865983E+003  0.192422101562678E+001  0.130757625593247E+001  0.931351658819013E+000  0.271111062540942E+000 -0.131028262406404E+000 -0.148552972932992E+003
  0.100000000000000E+001  0.298753366842039E+003  0.172122248262523E+001  0.199605943419037E+001  0.369929526321582E-001  0.354499039822987E+000 -0.131028262406404E+000 -0.149376683421020E+003
  0.100000000000000E+001  0.295304721898157E+003  0.151644600382590E+001  0.169819818699963E+001  0.492846168436705E-001  0.217003027488040E+000 -0.131028262406404E+000 -0.147652360949078E+003
  0.100000000000000E+001  0.297343814576089E+003  0.147575409883151E+001  0.143898311423405E+001  0.222682479861096E+000  0.368035988588818E+000 -0.131028262406404E+000 -0.148671907288045E+003
  0.100000000000000E+001  0.294696238702475E+003  0.966658836839650E+000  0.118925267482609E+001  0.929377321021947E+000  0.172159862210713E+000 -0.131028262406404E+000 -0.147348119351237E+003
  0.100000000000000E+001  0.295048673741727E+003  0.261933765611442E+000  0.172979883717804E+001  0.291086920308417E+000  0.328481761196488E+000 -0.131028262406404E+000 -0.147524336870864E+003
  0.100000000000000E+001  0.295076933831518E+003  0.178710460838052E+001  0.684876293492855E+000  0.755765927658701E+000  0.205174599275049E+000 -0.131028262406404E+000 -0.147538466915759E+003
  0.100000000000000E+001  0.299932004438500E+003  0.142017633770687E+001  0.175769749776660E+001  0.851848893282181E+000  0.488806224770162E+000 -0.131028262406404E+000 -0.149966002219250E+003
  0.100000000000000E+001  0.295006291882108E+003  0.366277391566363E+000  0.193961510667960E+001  0.606188024349774E+000  0.265363656693731E+000 -0.131028262406404E+000 -0.147503145941054E+003
  0.100000000000000E+001  0.295606219392600E+003  0.163099068358744E+001  0.117865720429837E+001  0.265693817619498E+000  0.245783124630789E+000 -0.131028262406404E+000 -0.147803109696300E+003
  0.100000000000000E+001  0.297587259047822E+003  0.148019055788068E+001  0.170147438808441E+001  0.885207483710798E+000  0.363855912487368E+000 -0.131028262406404E+000 -0.148793629523911E+003
  0.100000000000000E+001  0.296458389147297E+003  0.143828904771436E+001  0.194524353134342E+001  0.187176478062781E+000  0.308091717800216E+000 -0.131028262406404E+000 -0.148229194573649E+003
  0.100000000000000E+001  0.294914271762137E+003  0.717004040404260E+000  0.190962802204265E+001  0.198336689150281E+000  0.134093556909556E+000 -0.131028262406404E+000 -0.147457135881068E+003
  0.100000000000000E+001  0.296011129961690E+003  0.133292407604368E+001  0.105124619929776E+001  0.526638105037900E+000  0.374707673868890E+000 -0.131028262406404E+000 -0.148005564980845E+003
  0.100000000000000E+001  0.295153545189158E+003  0.537785994426980E+000  0.173440436194638E+001  0.125980329829282E+000  0.463674843640808E+000 -0.131028262406404E+000 -0.147576772594579E+003
  0.100000000000000E+001  0.295332311375065E+003  0.129980396778402E+000  0.103327240229425E+001  0.233627126187463E+000  0.167988515373740E+000 -0.131028262406404E+000 -0.147666155687533E+003
  0.100000000000000E+001  0.294687153301664E+003  0.126024353305187E+001  0.998765406965305E+000  0.909007738359963E+000  0.184969764649540E+000 -0.131028262406404E+000 -0.147343576650832E+003
  0.100000000000000E+001  0.294882361834093E+003  0.536710467892788E+000  0.109385722240950E+001  0.910104586857548E+000  0.177522787102672E+000 -0.131028262406404E+000 -0.147441180917046E+003
  0.100000000000000E+001  0.295335238391132E+003  0.196089771179691E+001  0.143785174976770E+001  0.958607411451482E+000  0.175387883573364E+000 -0.131028262406404E+000 -0.147667619195566E+003
  0.100000000000000E+001  0.295348358632372E+003  0.155934252031664E+001  0.142899823937043E+001  0.306521008736306E+000  0.223450673663498E+000 -0.131028262406404E+000 -0.147674179316186E+003
  0.100000000000000E+001  0.294743286061203E+003  0.175575574479096E+001  0.828786698510166E+000  0.313972354410695E+000  0.145493440668724E+000 -0.131028262406404E+000 -0.147371643030602E+003
  0.100000000000000E+001  0.295282865294593E+003  0.880132386914315E+000  0.189350689788583E+001  0.956640734351184E+000  0.335982355820912E+000 -0.131028262406404E+000 -0.147641432647297E+003
  0.100000000000000E+001  0.294579549200716E+003  0.368495234596765E+000  0.771654860483130E+000  0.362523094526393E+000  0.447700401649337E+000 -0.131028262406404E+000 -0.147289774600358E+003
  0.100000000000000E+001  0.294754109446423E+003  0.925336074443640E+000  0.154080589714438E+001  0.335151271893068E+000  0.211924645106066E+000 -0.131028262406404E+000 -0.147377054723212E+003
  0.100000000000000E+001  0.294807004706992E+003  0.880718025169025E+000  0.198607711307065E+001  0.609754426882549E+000  0.178251121982921E+000 -0.131028262406404E+000 -0.147403502353496E+003
  0.100000000000000E+001  0.294944822853651E+003  0.851684243823671E+000  0.198748440793045E+001  0.390788540780994E+000  0.101165135814487E+000 -0.131028262406404E+000 -0.147472411426825E+003
  0.100000000000000E+001  0.295216001810069E+003  0.100070032807003E+001  0.168949627840044E+001  0.865343301283779E+000  0.306476047909193E+000 -0.131028262406404E+000 -0.147608000905035E+003
  0.100000000000000E+001  0.296087936039615E+003  0.135919222730141E+001  0.184469238997626E+001  0.921754773403063E+000  0.301912361805788E+000 -0.131028262406404E+000 -0.148043968019807E+003
  0.100000000000000E+001  0.294564595547186E+003  0.885210072304220E+000  0.843765249478362E+000  0.708942986270003E+000  0.287167742037347E+000 -0.131028262406404E+000 -0.147282297773593E+003
  0.100000000000000E+001  0.294751792616978E+003  0.139118322546224E+001  0.129158171811574E+001  0.469562892346539E+000  0.166988489834856E+000 -0.131028262406404E+000 -0.147375896308489E+003
  0.100000000000000E+001  0.294646436207777E+003  0.101247517138946E+001  0.949637288103416E+000  0.549969402525652E+000  0.245389332697109E+000 -0.131028262406404E+000 -0.147323218103889E+003
  0.100000000000000E+001  0.294849817982794E+003  0.661237441233259E+000  0.189152550137612E+001  0.794834651797277E+000  0.236801425067867E+000 -0.131028262406404E+000 -0.147424908991397E+003
  0.100000000000000E+001  0.294789794487821E+003  0.821215278409740E+000  0.102642789193958E+001  0.472601607031017E+000  0.144409513672730E+000 -0.131028262406404E+000 -0.147394897243911E+003
  0.100000000000000E+001  0.294792577853211E+003  0.442340877774176E+000  0.128362773637896E+001  0.976382915113161E+000  0.293423600338004E+000 -0.131028262406404E+000 -0.147396288926606E+003
  0.100000000000000E+001  0.295298544336684E+003  0.886942793408260E+000  0.171064376792525E+001  0.793721761329622E+000  0.352728016167034E+000 -0.131028262406404E+000 -0.147649272168342E+003
  0.100000000000000E+001  0.295582317289999E+003  0.178795820965420E+001  0.108464027038404E+001  0.646068308817869E+000  0.224462066044272E+000 -0.131028262406404E+000 -0.147791158645000E+003
  0.100000000000000E+001  0.295059730224916E+003  0.783082162570563E+000  0.133883080965955E+001  0.374967576051970E+000  0.411592665272320E+000 -0.131028262406404E+000 -0.147529865112458E+003
  0.100000000000000E+001  0.295484592446841E+003  0.630277619136198E+000  0.181133106121123E+001  0.638464509456416E-002  0.491665724055190E+000 -0.131028262406404E+000 -0.147742296223420E+003
  0.100000000000000E+001  0.295069056992653E+003  0.144674650618432E+001  0.634202469586013E+000  0.472946393597225E+000  0.309240572155493E+000 -0.131028262406404E+000 -0.147534528496327E+003
  0.100000000000000E+001  0.294819119392838E+003  0.113800757835348E+001  0.148343299812817E+001  0.198360792806235E+000  0.212603859282332E+000 -0.131028262406404E+000 -0.147409559696419E+003
  0.100000000000000E+001  0.303483328041793E+003  0.186523096470323E+001  0.157145119188037E+001  0.598233599776428E+000  0.461992584771662E+000 -0.131028262406404E+000 -0.151741664020896E+003
  0.100000000000000E+001  0.294556196439224E+003  0.832452585458585E+000  0.708925365947265E+000  0.690944785121170E+000  0.242651387742817E+000 -0.131028262406404E+000 -0.147278098219612E+003
  0.100000000000000E+001  0.299157392634658E+003  0.162256137972086E+001  0.123463484744772E+001  0.553066154170831E-001  0.433008632098962E+000 -0.131028262406404E+000 -0.149578696317329E+003
  0.100000000000000E+001  0.298198998305345E+003  0.170101145277559E+001  0.772832891448117E+000  0.945579661897609E+000  0.484769266529084E+000 -0.131028262406404E+000 -0.149099499152673E+003
  0.100000000000000E+001  0.296439952186599E+003  0.175558880786840E+001  0.601607349025390E+000  0.918615494676694E+000  0.390525298022824E+000 -0.131028262406404E+000 -0.148219976093300E+003
  0.100000000000000E+001  0.297013189526209E+003  0.178691296743835E+001  0.185378049533664E+001  0.408572746133619E+000  0.273891237119730E+000 -0.131028262406404E+000 -0.148506594763105E+003
  0.100000000000000E+001  0.294669463219603E+003  0.826658473446668E+000  0.722017021280759E+000  0.789293805527095E+000  0.184150839474271E+000 -0.131028262406404E+000 -0.147334731609801E+003
  0.100000000000000E+001  0.294879074436534E+003  0.194586042951390E+001  0.100901169438588E+001  0.221248978374719E+000  0.145406807564582E+000 -0.131028262406404E+000 -0.147439537218267E+003
  0.100000000000000E+001  0.295287350706386E+003  0.179706444118344E+001  0.512548936970637E+000  0.824662687778179E+000  0.255231760858980E+000 -0.131028262406404E+000 -0.147643675353193E+003
  0.100000000000000E+001  0.295476406265929E+003  0.199487967183835E+001  0.822973416182353E+000  0.129823877659242E+000  0.203082800416352E+000 -0.131028262406404E+000 -0.147738203132964E+003
  0.100000000000000E+001  0.299554953898403E+003  0.190874459236294E+001  0.919181521187380E+000  0.805616869553466E+000  0.421829927594144E+000 -0.131028262406404E+000 -0.149777476949202E+003
  0.100000000000000E+001  0.294518413302283E+003  0.753385036661709E+000  0.868812567472053E+000  0.900287575987467E+000  0.378207002141304E+000 -0.131028262406404E+000 -0.147259206651142E+003
  0.100000000000000E+001  0.294766808025880E+003  0.126213920642478E+001  0.139429844330384E+001  0.696752208156190E+000  0.182911552187165E+000 -0.131028262406404E+000 -0.147383404012940E+003
  0.100000000000000E+001  0.294802288197317E+003  0.578631783421003E+000  0.655042845876170E+000  0.191169783421896E-002  0.189472412306716E+000 -0.131028262406404E+000 -0.147401144098658E+003
  0.100000000000000E+001  0.297596581514084E+003  0.175406009308545E+001  0.158439695271224E+001  0.130443089745729E+000  0.307834768298324E+000 -0.131028262406404E+000 -0.148798290757042E+003
  0.100000000000000E+001  0.294661255640916E+003  0.950056847074080E+000  0.967362181349779E+000  0.350568483665421E+000  0.287923732632728E+000 -0.131028262406404E+000 -0.147330627820458E+003
  0.100000000000000E+001  0.296953352372871E+003  0.181443249069944E+001  0.934548600709661E+000  0.554270018747367E+000  0.318780730661232E+000 -0.131028262406404E+000 -0.148476676186436E+003
  0.100000000000000E+001  0.294953238015891E+003  0.388147759720794E+000  0.178487481890970E+001  0.394842837885236E-001  0.340522376237921E+000 -0.131028262406404E+000 -0.147476619007946E+003
  0.100000000000000E+001  0.294871726156228E+003  0.492525482571615E+000  0.158068736767649E+001  0.213314749030834E-001  0.379541364872351E+000 -0.131028262406404E+000 -0.147435863078114E+003
  0.100000000000000E+001  0.295001999038373E+003  0.215760665311162E+000  0.102915327566395E+001  0.504316894447869E+000  0.339355050956874E+000 -0.131028262406404E+000 -0.147500999519187E+003
  0.100000000000000E+001  0.294790861854240E+003  0.173883263722351E+001  0.893321284259588E+000  0.197161313021292E-001  0.155265480264466E+000 -0.131028262406404E+000 -0.147395430927120E+003
  0.100000000000000E+001  0.295078335546624E+003  0.618696388470127E+000  0.195447785309116E+001  0.993634940212934E+000  0.360218959892667E+000 -0.131028262406404E+000 -0.147539167773312E+003
  0.100000000000000E+001  0.295091617952498E+003  0.279700883546855E+000  0.199430000085498E+001  0.667136496332816E+000  0.290534615200812E+000 -0.131028262406404E+000 -0.147545808976249E+003
  0.100000000000000E+001  0.298103181824658E+003  0.154826618042499E+001  0.151555000958712E+001  0.790247782906788E+000  0.378976017815966E+000 -0.131028262406404E+000 -0.149051590912329E+003
  0.100000000000000E+001  0.302568810742525E+003  0.181096730395781E+001  0.199844780962203E+001  0.358963944642025E+000  0.455872375706675E+000 -0.131028262406404E+000 -0.151284405371262E+003
  0.100000000000000E+001  0.294814356100664E+003  0.158811751790235E+001  0.183895962014477E+001  0.394045772410666E+000  0.144599935844987E+000 -0.131028262406404E+000 -0.147407178050332E+003
  0.100000000000000E+001  0.294548880005252E+003  0.101709672313908E+001  0.634099875744401E+000  0.282241683744558E+000  0.226847575086501E+000 -0.131028262406404E+000 -0.147274440002626E+003
  0.100000000000000E+001  0.295222822481421E+003  0.181831372305392E+000  0.516019476549416E+000  0.558887397727817E+000  0.201229239965409E+000 -0.131028262406404E+000 -0.147611411240711E+003
  0.100000000000000E+001  0.294752214865981E+003  0.383805848795642E+000  0.982877352619121E+000  0.956258336816198E+000  0.327332586050991E+000 -0.131028262406404E+000 -0.147376107432990E+003
  0.100000000000000E+001  0.294988409756955E+003  0.888929139163118E+000  0.108042723320603E+001  0.203866246373276E+000  0.419599449238042E+000 -0.131028262406404E+000 -0.147494204878478E+003
  0.100000000000000E+001  0.294851823661900E+003  0.103263473638910E+001  0.131037939401348E+001  0.599426099376332E+000  0.262830517755747E+000 -0.131028262406404E+000 -0.147425911830950E+003
  0.100000000000000E+001  0.296156804072560E+003  0.107135602675691E+001  0.117217389913871E+001  0.269316184656903E+000  0.481243898383168E+000 -0.131028262406404E+000 -0.148078402036280E+003
  0.100000000000000E+001  0.295005200481102E+003  0.882389610754163E+000  0.188916597327444E+001  0.602956009222819E+000  0.279021558795652E+000 -0.131028262406404E+000 -0.147502600240551E+003
  0.100000000000000E+001  0.295595290740757E+003  0.115248738380276E+001  0.121324761824872E+001  0.299750802475150E+000  0.365714547361769E+000 -0.131028262406404E+000 -0.147797645370378E+003
  0.100000000000000E+001  0.295002236325020E+003  0.419781109436702E+000  0.929399853564365E+000  0.532144705073919E+000  0.167878612986321E+000 -0.131028262406404E+000 -0.147501118162510E+003
  0.100000000000000E+001  0.297928894036182E+003  0.138441488983093E+001  0.149450865572971E+001  0.960756538261193E+000  0.422723790028934E+000 -0.131028262406404E+000 -0.148964447018091E+003
  0.100000000000000E+001  0.305028366274386E+003  0.192048914941611E+001  0.192784472818822E+001  0.981451901488875E+000  0.484777131420408E+000 -0.131028262406404E+000 -0.152514183137193E+003
  0.100000000000000E+001  0.294736911470368E+003  0.152289732608413E+001  0.154922960432141E+001  0.983819365137370E+000  0.135217745454048E+000 -0.131028262406404E+000 -0.147368455735184E+003
  0.100000000000000E+001  0.294859358973421E+003  0.679936950983471E+000  0.944119840296117E+000  0.727068257532021E+000  0.146217993780004E+000 -0.131028262406404E+000 -0.147429679486710E+003
  0.100000000000000E+001  0.295308904375058E+003  0.136474303871911E+000  0.117022613607565E+001  0.319253491770835E+000  0.183632651615725E+000 -0.131028262406404E+000 -0.147654452187529E+003
  0.100000000000000E+001  0.295525103392459E+003  0.880414629945914E+000  0.181372181848632E+001  0.515332946809037E+000  0.381244937503497E+000 -0.131028262406404E+000 -0.147762551696229E+003
  0.100000000000000E+001  0.294849630440453E+003  0.249992800914841E+000  0.116595088049900E+001  0.485917492173875E+000  0.498474886849442E+000 -0.131028262406404E+000 -0.147424815220227E+003
  0.100000000000000E+001  0.295180508704785E+003  0.996617566570066E+000  0.133094594791904E+001  0.518121787837750E+000  0.343643795080707E+000 -0.131028262406404E+000 -0.147590254352393E+003
  0.100000000000000E+001  0.294830041739606E+003  0.325136971772952E+000  0.132472629874602E+001  0.440180298809910E+000  0.464939097776332E+000 -0.131028262406404E+000 -0.147415020869803E+003
  0.100000000000000E+001  0.294814094144230E+003  0.138513594876383E+001  0.880382712138932E+000  0.527309143529365E+000  0.218509796880270E+000 -0.131028262406404E+000 -0.147407047072115E+003
  0.100000000000000E+001  0.295045413859509E+003  0.516614257741367E+000  0.154825320415295E+001  0.695567365397866E-001  0.125911445540092E+000 -0.131028262406404E+000 -0.147522706929754E+003
  0.100000000000000E+001  0.294781135131223E+003  0.105415980377681E+001  0.165860510110786E+001  0.987043751481632E+000  0.126130317468985E+000 -0.131028262406404E+000 -0.147390567565611E+003
  0.100000000000000E+001  0.296594064351383E+003  0.140785196829972E+001  0.790012669795841E+000  0.280187802367993E+000  0.494166064459117E+000 -0.131028262406404E+000 -0.148297032175692E+003
  0.100000000000000E+001  0.294897660640016E+003  0.579901880010099E+000  0.195257002155837E+001  0.286067960883737E+000  0.265447286100720E+000 -0.131028262406404E+000 -0.147448830320008E+003
  0.100000000000000E+001  0.295846128083349E+003  0.115706972837514E+001  0.147493728298288E+001  0.512511585845696E+000  0.355305121776060E+000 -0.131028262406404E+000 -0.147923064041674E+003
  0.100000000000000E+001  0.294655072462196E+003  0.457799154153625E+000  0.112750380560547E+001  0.210808294788992E+000  0.411363523358428E+000 -0.131028262406404E+000 -0.147327536231098E+003
  0.100000000000000E+001  0.294776963141459E+003  0.800805230486684E+000  0.127715707695159E+001  0.146774039084551E+000  0.319688655295262E+000 -0.131028262406404E+000 -0.147388481570730E+003
  0.100000000000000E+001  0.303544825846571E+003  0.186909251621974E+001  0.140154980236011E+001  0.909205749980042E+000  0.476206916589335E+000 -0.131028262406404E+000 -0.151772412923285E+003
  0.100000000000000E+001  0.297700339052989E+003  0.162704588643602E+001  0.118247954050940E+001  0.369922437484610E+000  0.371781954631676E+000 -0.131028262406404E+000 -0.148850169526494E+003
  0.100000000000000E+001  0.295006116460171E+003  0.227890884164659E+000  0.123180444097779E+001  0.748243394835087E+000  0.334774657234251E+000 -0.131028262406404E+000 -0.147503058230086E+003
  0.100000000000000E+001  0.296753383220086E+003  0.130417795935200E+001  0.164773747862825E+001  0.742823861067941E+000  0.368084086539927E+000 -0.131028262406404E+000 -0.148376691610043E+003
  0.100000000000000E+001  0.295112503409737E+003  0.232692703407256E+000  0.182147950344439E+001  0.464114766096609E+000  0.446563374258112E+000 -0.131028262406404E+000 -0.147556251704868E+003
  0.100000000000000E+001  0.294865751187397E+003  0.965076788929398E+000  0.177631769939971E+001  0.450512927169574E-001  0.233169084130284E+000 -0.131028262406404E+000 -0.147432875593698E+003
  0.100000000000000E+001  0.294945258971081E+003  0.278029378654017E+000  0.100792595782779E+001  0.523268302499368E+000  0.296314973720625E+000 -0.131028262406404E+000 -0.147472629485540E+003
  0.100000000000000E+001  0.294709988295773E+003  0.648016668697034E+000  0.125572242762980E+001  0.626429629112035E+000  0.252881202573318E+000 -0.131028262406404E+000 -0.147354994147887E+003
  0.100000000000000E+001  0.294655770872501E+003  0.396311286528623E+000  0.942456309890718E+000  0.492327861718378E+000  0.386382143914123E+000 -0.131028262406404E+000 -0.147327885436250E+003
  0.100000000000000E+001  0.294765269552553E+003  0.799278511413695E+000  0.577269031147903E+000  0.578940624916563E+000  0.151165369472747E+000 -0.131028262406404E+000 -0.147382634776276E+003
  0.100000000000000E+001  0.294881646252752E+003  0.518505149759265E+000  0.180883459291982E+001  0.466863845825108E+000  0.266994599337636E+000 -0.131028262406404E+000 -0.147440823126376E+003
  0.100000000000000E+001  0.294917790151935E+003  0.187952271400020E+001  0.145348693292950E+001  0.488819728347165E+000  0.145554600821071E+000 -0.131028262406404E+000 -0.147458895075967E+003
  0.100000000000000E+001  0.304046431700686E+003  0.182196475905237E+001  0.179365055207988E+001  0.349944874024867E+000  0.485350497155666E+000 -0.131028262406404E+000 -0.152023215850343E+003
  0.100000000000000E+001  0.294856434779403E+003  0.993584789651406E+000  0.128263996324560E+001  0.775810605924813E+000  0.103137312177832E+000 -0.131028262406404E+000 -0.147428217389702E+003
  0.100000000000000E+001  0.295002080868465E+003  0.528198207537900E+000  0.900367133278249E+000  0.573922948744101E+000  0.133419697617032E+000 -0.131028262406404E+000 -0.147501040434232E+003
  0.100000000000000E+001  0.295349776376624E+003  0.781620826566697E+000  0.171625770287996E+001  0.991157954734811E+000  0.401497875405847E+000 -0.131028262406404E+000 -0.147674888188312E+003
  0.100000000000000E+001  0.295008833181516E+003  0.142018495261024E+001  0.188565700289912E+001  0.697781410738801E+000  0.192183327406569E+000 -0.131028262406404E+000 -0.147504416590758E+003
  0.100000000000000E+001  0.294653405628807E+003  0.123205201410506E+001  0.521401610212617E+000  0.702547445576831E+000  0.392186528373170E+000 -0.131028262406404E+000 -0.147326702814403E+003
  0.100000000000000E+001  0.295309045261503E+003  0.114321734424548E+000  0.177185773833581E+001  0.987715752502482E-001  0.251730621576416E+000 -0.131028262406404E+000 -0.147654522630751E+003
  0.100000000000000E+001  0.294982951036556E+003  0.764984523395237E+000  0.182228544150938E+001  0.341477827123244E-001  0.307252847571114E+000 -0.131028262406404E+000 -0.147491475518278E+003
  0.100000000000000E+001  0.296752511624169E+003  0.106053965259240E+001  0.175259932672064E+001  0.655933304246336E+000  0.447874285332112E+000 -0.131028262406404E+000 -0.148376255812085E+003
  0.100000000000000E+001  0.295164922408281E+003  0.184222426923685E+001  0.843136300725887E+000  0.753015775048893E+000  0.195369068352319E+000 -0.131028262406404E+000 -0.147582461204140E+003
  0.100000000000000E+001  0.294855016204691E+003  0.346534336775042E+000  0.139243957107424E+001  0.474126396273921E+000  0.482269058576209E+000 -0.131028262406404E+000 -0.147427508102346E+003
  0.100000000000000E+001  0.296108330647017E+003  0.106337820001066E+001  0.125879994953692E+001  0.728785683991802E+000  0.456455590183240E+000 -0.131028262406404E+000 -0.148054165323508E+003
  0.100000000000000E+001  0.296363897969357E+003  0.146200261038120E+001  0.158415571357954E+001  0.695855510601213E+000  0.306809749265978E+000 -0.131028262406404E+000 -0.148181948984679E+003
  0.100000000000000E+001  0.295714192395459E+003  0.121731739624549E+001  0.860009849824962E+000  0.176566860099166E+000  0.458693007464027E+000 -0.131028262406404E+000 -0.147857096197730E+003
  0.100000000000000E+001  0.294382327681523E+003  0.768319106563264E+000  0.678971419201310E+000  0.818929727176295E+000  0.385556584873836E+000 -0.131028262406404E+000 -0.147191163840761E+003
