  0.574160679384445E-001  0.287741600385599E+003  0.199328871957039E+001  0.144994468089134E+001  0.658319140702443E+000  0.346540815505609E+000 -0.131028262406404E+000 -0.145299513993888E+003
  0.574160679384445E-001  0.287204068549838E+003  0.173917828553553E+001  0.102501995456970E+001  0.945671476352193E+000  0.404676684629153E+000 -0.131028262406404E+000 -0.145030748076007E+003
  0.574160679384445E-001  0.286679270161335E+003  0.166220564810440E+001  0.927511326806837E+000  0.821812531882927E+000  0.425015318219405E+000 -0.131028262406404E+000 -0.144768348881756E+003
  0.574160679384445E-001  0.283684282159326E+003  0.131603575980427E+001  0.960277288702883E+000  0.695030549910050E+000  0.449568077764508E+000 -0.131028262406404E+000 -0.143270854880751E+003
  0.574160679384445E-001  0.283605794880046E+003  0.141536978307270E+001  0.101312408617538E+001  0.151646994564354E+000  0.404204434219082E+000 -0.131028262406404E+000 -0.143231611241111E+003
  0.574160679384445E-001  0.283388235205597E+003  0.141130074182027E+001  0.805589816258821E+000  0.970068327694957E-001  0.424475185791995E+000 -0.131028262406404E+000 -0.143122831403887E+003
  0.574160679384445E-001  0.283055724944441E+003  0.115934206177261E+001  0.164897984534107E+001  0.213233013435303E+000  0.489406029885004E+000 -0.131028262406404E+000 -0.142956576273309E+003
  0.574160679384445E-001  0.282891429484857E+003  0.145269301728758E+001  0.176946992227972E+001  0.465689829817202E+000  0.381372177799196E+000 -0.131028262406404E+000 -0.142874428543517E+003
  0.574160679384445E-001  0.282841904406355E+003  0.143311500357521E+001  0.654388206071746E+000  0.372425442809860E+000  0.424953998963832E+000 -0.131028262406404E+000 -0.142849666004266E+003
  0.574160679384445E-001  0.282553470169821E+003  0.125901388056120E+001  0.833425442742461E+000  0.789845636448657E+000  0.446756558394308E+000 -0.131028262406404E+000 -0.142705448885999E+003
  0.574160679384445E-001  0.282486700604712E+003  0.119563656524043E+001  0.126185113301535E+001  0.725840375952498E+000  0.430254652299145E+000 -0.131028262406404E+000 -0.142672064103444E+003
  0.574160679384445E-001  0.282401619411585E+003  0.116169542185137E+001  0.131050590216880E+001  0.714058273803210E+000  0.440278112691461E+000 -0.131028262406404E+000 -0.142629523506881E+003
  0.574160679384445E-001  0.282377809034019E+003  0.109406503575714E+001  0.110992826755991E+001  0.123696434113485E-001  0.478389740646658E+000 -0.131028262406404E+000 -0.142617618318098E+003
  0.574160679384445E-001  0.281925882510853E+003  0.156056825122364E+001  0.161481391671955E+001  0.802980531956899E+000  0.312798295260717E+000 -0.131028262406404E+000 -0.142391655056515E+003
  0.574160679384445E-001  0.281877556132055E+003  0.121449828504703E+001  0.824224952014690E+000  0.163547654661668E+000  0.435516799643003E+000 -0.131028262406404E+000 -0.142367491867116E+003
  0.574160679384445E-001  0.281795022731769E+003  0.101559561048890E+001  0.152783199509067E+001  0.408574880041133E+000  0.491735206106780E+000 -0.131028262406404E+000 -0.142326225166973E+003
  0.574160679384445E-001  0.281311125455055E+003  0.144665924745614E+001  0.171312067117738E+001  0.748310796035718E+000  0.325260725278854E+000 -0.131028262406404E+000 -0.142084276528616E+003
  0.574160679384445E-001  0.281186039332425E+003  0.168403194888895E+001  0.744261239925520E+000  0.750802695414941E+000  0.278722411206310E+000 -0.131028262406404E+000 -0.142021733467301E+003
  0.574160679384445E-001  0.281098679866118E+003  0.190701758026639E+001  0.192839782997037E+001  0.279055251615405E-001  0.242639963127244E+000 -0.131028262406404E+000 -0.141978053734148E+003
  0.574160679384445E-001  0.281078481563638E+003  0.104121528645921E+001  0.182380240147237E+001  0.724572661623808E+000  0.486467208597666E+000 -0.131028262406404E+000 -0.141967954582907E+003
  0.574160679384445E-001  0.280782854842785E+003  0.107613499778444E+001  0.199546735605008E+001  0.442863757924551E-001  0.499517906634491E+000 -0.131028262406404E+000 -0.141820141222481E+003
  0.574160679384445E-001  0.280699160673311E+003  0.106624350582136E+001  0.178475327456216E+001  0.152109041803690E+000  0.441848774456809E+000 -0.131028262406404E+000 -0.141778294137744E+003
  0.574160679384445E-001  0.280697850202557E+003  0.154113830681099E+001  0.900713381261891E+000  0.992340855761439E+000  0.282779065127043E+000 -0.131028262406404E+000 -0.141777638902367E+003
  0.574160679384445E-001  0.280625691738590E+003  0.128590946493267E+001  0.121352961252996E+001  0.988293673058070E+000  0.329864487373779E+000 -0.131028262406404E+000 -0.141741559670383E+003
  0.574160679384445E-001  0.280596646684384E+003  0.163427967937239E+001  0.125818210719675E+001  0.601840651055937E+000  0.256164391416368E+000 -0.131028262406404E+000 -0.141727037143280E+003
  0.574160679384445E-001  0.280581740206744E+003  0.951182183646111E+000  0.107190620732515E+001  0.361129692248323E+000  0.460967257643954E+000 -0.131028262406404E+000 -0.141719583904460E+003
  0.574160679384445E-001  0.280575612670312E+003  0.185259815612441E+001  0.162613986040920E+001  0.806319971170864E+000  0.227631341822011E+000 -0.131028262406404E+000 -0.141716520136244E+003
  0.574160679384445E-001  0.280573072896539E+003  0.121487179331420E+001  0.592209482766294E+000  0.177596214673982E+000  0.410526045886263E+000 -0.131028262406404E+000 -0.141715250249358E+003
  0.574160679384445E-001  0.280547560086277E+003  0.155130028155358E+001  0.193573563620527E+001  0.623917199875718E+000  0.289657694928563E+000 -0.131028262406404E+000 -0.141702493844227E+003
  0.574160679384445E-001  0.280546927741258E+003  0.944092237002279E+000  0.165395580240004E+001  0.624138566935460E+000  0.477738604279092E+000 -0.131028262406404E+000 -0.141702177671717E+003
  0.574160679384445E-001  0.280526671407086E+003  0.142658371622719E+001  0.189766635715356E+001  0.247683545006528E+000  0.315849409376252E+000 -0.131028262406404E+000 -0.141692049504632E+003
  0.574160679384445E-001  0.280496825531399E+003  0.136316309715014E+001  0.102495313891301E+001  0.215002992279520E+000  0.309938543009735E+000 -0.131028262406404E+000 -0.141677126566788E+003
  0.574160679384445E-001  0.280461467522443E+003  0.902660054148473E+000  0.150717659289395E+001  0.868233074559773E+000  0.479429672798020E+000 -0.131028262406404E+000 -0.141659447562310E+003
  0.574160679384445E-001  0.280449459437163E+003  0.176845263251989E+001  0.198565055907155E+001  0.744225590060796E+000  0.248263041182179E+000 -0.131028262406404E+000 -0.141653443519670E+003
  0.574160679384445E-001  0.280333970524869E+003  0.186557589974482E+001  0.172028749159373E+001  0.784036973560667E+000  0.221682982654320E+000 -0.131028262406404E+000 -0.141595699063523E+003
  0.574160679384445E-001  0.280205849130031E+003  0.114662248901293E+001  0.137750108271518E+001  0.111464705294931E+000  0.353811105511468E+000 -0.131028262406404E+000 -0.141531638366104E+003
  0.574160679384445E-001  0.280080357506677E+003  0.123516925372127E+001  0.142824116618162E+001  0.165720939545000E+000  0.323088558117779E+000 -0.131028262406404E+000 -0.141468892554427E+003
  0.574160679384445E-001  0.279805531066735E+003  0.158031393928192E+001  0.528435193242625E+000  0.515876510068936E+000  0.263112897044564E+000 -0.131028262406404E+000 -0.141331479334456E+003
  0.574160679384445E-001  0.279769215021693E+003  0.858590799525333E+000  0.117397444224008E+001  0.277296476390261E-001  0.453944994195187E+000 -0.131028262406404E+000 -0.141313321311935E+003
  0.574160679384445E-001  0.279707123730665E+003  0.196977466745072E+001  0.176212070641231E+001  0.950196661216381E+000  0.194292730786262E+000 -0.131028262406404E+000 -0.141282275666421E+003
  0.574160679384445E-001  0.279705141446025E+003  0.133373983218785E+001  0.196106645217587E+001  0.651351199294809E+000  0.311577596204709E+000 -0.131028262406404E+000 -0.141281284524101E+003
  0.574160679384445E-001  0.279701814573562E+003  0.983751064931892E+000  0.149705208179841E+001  0.475244956970075E+000  0.393015848277113E+000 -0.131028262406404E+000 -0.141279621087869E+003
  0.574160679384445E-001  0.279700633542223E+003  0.124882430934881E+001  0.135509527422091E+001  0.820037794246891E+000  0.302837931286942E+000 -0.131028262406404E+000 -0.141279030572200E+003
  0.574160679384445E-001  0.279626832802005E+003  0.165793558770407E+001  0.104098816356090E+001  0.574068318468987E+000  0.225730462153666E+000 -0.131028262406404E+000 -0.141242130202091E+003
  0.574160679384445E-001  0.279597858293201E+003  0.134980073119116E+001  0.186889886830525E+001  0.786926951551914E-001  0.294183557043125E+000 -0.131028262406404E+000 -0.141227642947689E+003
  0.574160679384445E-001  0.279553267485512E+003  0.158198781553736E+001  0.105531495509181E+001  0.619656405115606E+000  0.234275138838125E+000 -0.131028262406404E+000 -0.141205347543844E+003
  0.574160679384445E-001  0.279501349529501E+003  0.139395057172555E+001  0.164368995037164E+001  0.693207644278724E-001  0.268780737885897E+000 -0.131028262406404E+000 -0.141179388565839E+003
  0.574160679384445E-001  0.279466206857404E+003  0.152505810996949E+001  0.117406259441136E+001  0.454854472116343E+000  0.239098430108107E+000 -0.131028262406404E+000 -0.141161817229790E+003
  0.574160679384445E-001  0.279461411707827E+003  0.185918311425514E+001  0.118686780503040E+001  0.983948830858326E-001  0.195396585866521E+000 -0.131028262406404E+000 -0.141159419655002E+003
  0.574160679384445E-001  0.279385389083875E+003  0.135498836835528E+001  0.170298152104812E+001  0.976571578286925E+000  0.274603098425810E+000 -0.131028262406404E+000 -0.141121408343026E+003
  0.574160679384445E-001  0.279369913571897E+003  0.103996216411885E+001  0.126152714336352E+001  0.344863558383071E+000  0.348206909058661E+000 -0.131028262406404E+000 -0.141113670587037E+003
  0.574160679384445E-001  0.279305976510676E+003  0.117175552255745E+001  0.134494305492879E+001  0.473745408070658E+000  0.305474190693221E+000 -0.131028262406404E+000 -0.141081702056426E+003
  0.574160679384445E-001  0.279254299377980E+003  0.119031470623058E+001  0.145906412169485E+001  0.847402040822152E+000  0.300064660239343E+000 -0.131028262406404E+000 -0.141055863490078E+003
  0.574160679384445E-001  0.279242163037053E+003  0.875597948381393E+000  0.725851432108605E+000  0.988806033066985E+000  0.464292829830096E+000 -0.131028262406404E+000 -0.141049795319615E+003
  0.574160679384445E-001  0.279220139533965E+003  0.101671353938267E+001  0.531909002968098E+000  0.880293758215248E+000  0.425835513714230E+000 -0.131028262406404E+000 -0.141038783568071E+003
  0.574160679384445E-001  0.279214260816059E+003  0.122097744803722E+001  0.143950578850107E+001  0.440657269187186E+000  0.290128919980096E+000 -0.131028262406404E+000 -0.141035844209118E+003
  0.574160679384445E-001  0.279206399580654E+003  0.189057786835605E+001  0.157510534588882E+001  0.475098187320822E-002  0.186577761929043E+000 -0.131028262406404E+000 -0.141031913591415E+003
  0.574160679384445E-001  0.279130001642788E+003  0.929284713793192E+000  0.164472147330102E+001  0.795413500268956E+000  0.393452247924538E+000 -0.131028262406404E+000 -0.140993714622482E+003
  0.574160679384445E-001  0.279114800612739E+003  0.113891194334312E+001  0.123686359141332E+001  0.325419778630727E+000  0.305025384162424E+000 -0.131028262406404E+000 -0.140986114107458E+003
  0.574160679384445E-001  0.279011123777225E+003  0.118133119901728E+001  0.185942614952949E+001  0.511096522043897E+000  0.311209307994575E+000 -0.131028262406404E+000 -0.140934275689701E+003
  0.574160679384445E-001  0.278997859222411E+003  0.946192295256712E+000  0.199962147788083E+001  0.341687503146658E-001  0.440123822955724E+000 -0.131028262406404E+000 -0.140927643412294E+003
  0.574160679384445E-001  0.278979302209699E+003  0.135330203714673E+001  0.105488316025324E+001  0.428998688135690E+000  0.252083097433474E+000 -0.131028262406404E+000 -0.140918364905938E+003
  0.574160679384445E-001  0.278969936109705E+003  0.141859964932180E+001  0.109735801732353E+001  0.616889026645468E+000  0.239382393984833E+000 -0.131028262406404E+000 -0.140913681855941E+003
  0.574160679384445E-001  0.278926944313509E+003  0.164741894985945E+001  0.158457182223003E+001  0.329545658992682E+000  0.205902815097146E+000 -0.131028262406404E+000 -0.140892185957843E+003
  0.574160679384445E-001  0.278886447942987E+003  0.858851217101769E+000  0.623483872726310E+000  0.525257626735047E+000  0.471159402612979E+000 -0.131028262406404E+000 -0.140871937772582E+003
  0.574160679384445E-001  0.278815643466174E+003  0.130802301775064E+001  0.741213124960006E+000  0.982135710724231E+000  0.263039230223073E+000 -0.131028262406404E+000 -0.140836535534175E+003
  0.574160679384445E-001  0.278798384940462E+003  0.115418710773423E+001  0.180784515095368E+001  0.194429652295187E+000  0.303441740629923E+000 -0.131028262406404E+000 -0.140827906271319E+003
  0.574160679384445E-001  0.278793097765020E+003  0.167656868441935E+001  0.176783315296797E+001  0.741153941291901E-001  0.200775755333939E+000 -0.131028262406404E+000 -0.140825262683598E+003
  0.574160679384445E-001  0.278770817048608E+003  0.117210362192918E+001  0.575534254619513E+000  0.460054218235386E-001  0.308042824097708E+000 -0.131028262406404E+000 -0.140814122325392E+003
  0.574160679384445E-001  0.278719907436626E+003  0.127406294109873E+001  0.179348710123746E+001  0.583037577356856E+000  0.267132472005326E+000 -0.131028262406404E+000 -0.140788667519401E+003
  0.574160679384445E-001  0.278707208455161E+003  0.104494955923473E+001  0.103194861140603E+001  0.634093247616339E+000  0.314204966155598E+000 -0.131028262406404E+000 -0.140782318028669E+003
  0.574160679384445E-001  0.278692189197637E+003  0.776235070541991E+000  0.163600610278912E+001  0.160498238967320E+000  0.442316819969189E+000 -0.131028262406404E+000 -0.140774808399907E+003
  0.574160679384445E-001  0.278687062563073E+003  0.732493587974266E+000  0.997625944514956E+000  0.790127219205074E+000  0.459407240207954E+000 -0.131028262406404E+000 -0.140772245082625E+003
  0.574160679384445E-001  0.278666155020655E+003  0.839263426244613E+000  0.100045432189244E+001  0.417509870139810E+000  0.394024422416007E+000 -0.131028262406404E+000 -0.140761791311416E+003
  0.574160679384445E-001  0.278644700665922E+003  0.151993909960284E+001  0.126042109110893E+001  0.478525788445004E+000  0.210827299397955E+000 -0.131028262406404E+000 -0.140751064134049E+003
  0.574160679384445E-001  0.278607571243396E+003  0.111410202511009E+001  0.733426703703399E+000  0.881327691634063E-001  0.301978071271189E+000 -0.131028262406404E+000 -0.140732499422786E+003
  0.574160679384445E-001  0.278606004053639E+003  0.125812042163780E+001  0.636866951516703E+000  0.690439889826342E-001  0.269059983526205E+000 -0.131028262406404E+000 -0.140731715827908E+003
  0.574160679384445E-001  0.278605162844122E+003  0.149467005288116E+001  0.732538715014397E+000  0.352794075212585E+000  0.219291496511328E+000 -0.131028262406404E+000 -0.140731295223150E+003
  0.574160679384445E-001  0.278569647745399E+003  0.827906117391549E+000  0.191361703251628E+001  0.657911715388487E+000  0.453074572468871E+000 -0.131028262406404E+000 -0.140713537673788E+003
  0.574160679384445E-001  0.278535877812368E+003  0.942074411795150E+000  0.187446302650264E+001  0.650258566542495E+000  0.373452979788749E+000 -0.131028262406404E+000 -0.140696652707273E+003
  0.574160679384445E-001  0.278501064362523E+003  0.122250277048953E+001  0.939575901395941E+000  0.995556202656522E+000  0.259356869137424E+000 -0.131028262406404E+000 -0.140679245982350E+003
  0.574160679384445E-001  0.278455488105927E+003  0.668244677828631E+000  0.929535096136350E+000  0.883096284914704E+000  0.494676524571012E+000 -0.131028262406404E+000 -0.140656457854052E+003
  0.574160679384445E-001  0.278416851034540E+003  0.941633902344533E+000  0.133703862059027E+001  0.538546197959324E+000  0.327810966335924E+000 -0.131028262406404E+000 -0.140637139318358E+003
  0.574160679384445E-001  0.278398479413287E+003  0.116085222622300E+001  0.148621355136024E+001  0.897204427492082E-002  0.266688499212939E+000 -0.131028262406404E+000 -0.140627953507732E+003
  0.574160679384445E-001  0.278370319250140E+003  0.996896206177431E+000  0.134137884269680E+001  0.747853829028080E+000  0.306745138686820E+000 -0.131028262406404E+000 -0.140613873426158E+003
  0.574160679384445E-001  0.278358447445002E+003  0.171475174652459E+001  0.132404529972162E+001  0.233249070511242E+000  0.177491650375269E+000 -0.131028262406404E+000 -0.140607937523589E+003
  0.574160679384445E-001  0.278335967239446E+003  0.109640403528146E+001  0.150828230193517E+001  0.235762643969026E-001  0.279829894381775E+000 -0.131028262406404E+000 -0.140596697420811E+003
  0.574160679384445E-001  0.278330882483898E+003  0.168297622686464E+001  0.853103242900570E+000  0.831063414958697E+000  0.181897875447437E+000 -0.131028262406404E+000 -0.140594155043037E+003
  0.574160679384445E-001  0.278322649374283E+003  0.109759009729353E+001  0.911116598445594E+000  0.690341971771495E+000  0.280657536671559E+000 -0.131028262406404E+000 -0.140590038488230E+003
  0.574160679384445E-001  0.278310759862898E+003  0.890465609956037E+000  0.107790040900507E+001  0.410213371168127E+000  0.341241628313889E+000 -0.131028262406404E+000 -0.140584093732537E+003
  0.574160679384445E-001  0.278309859330697E+003  0.172548832921634E+001  0.135436958387173E+001  0.826329350970431E+000  0.174845438849743E+000 -0.131028262406404E+000 -0.140583643466437E+003
  0.574160679384445E-001  0.278297263291742E+003  0.794094718813012E+000  0.162466174813075E+001  0.597983066047406E+000  0.396658493254066E+000 -0.131028262406404E+000 -0.140577345446959E+003
  0.574160679384445E-001  0.278291288388252E+003  0.979408382345156E+000  0.196748989055953E+001  0.905862333287009E+000  0.350667649076331E+000 -0.131028262406404E+000 -0.140574357995215E+003
  0.574160679384445E-001  0.278280503517003E+003  0.687994535520413E+000  0.131855338215534E+001  0.845369755391098E-001  0.437844716034850E+000 -0.131028262406404E+000 -0.140568965559590E+003
  0.574160679384445E-001  0.278275476297286E+003  0.892373874201643E+000  0.116725224398731E+001  0.887035773484489E+000  0.336195623004825E+000 -0.131028262406404E+000 -0.140566451949731E+003
  0.574160679384445E-001  0.278269686016670E+003  0.766046779654856E+000  0.159696547384007E+001  0.558922327954846E+000  0.407020328606141E+000 -0.131028262406404E+000 -0.140563556809423E+003
  0.574160679384445E-001  0.278257799197343E+003  0.162668117641223E+001  0.131062587007022E+001  0.729494308295135E+000  0.183510557960084E+000 -0.131028262406404E+000 -0.140557613399760E+003
  0.574160679384445E-001  0.278257319830255E+003  0.739049822218007E+000  0.174570733686630E+001  0.561484783553742E+000  0.443532231584332E+000 -0.131028262406404E+000 -0.140557373716216E+003
  0.574160679384445E-001  0.278243006482174E+003  0.998080902467447E+000  0.920052177925673E+000  0.416653283319533E+000  0.304310462910294E+000 -0.131028262406404E+000 -0.140550217042175E+003
  0.574160679384445E-001  0.278239171966076E+003  0.143523523416344E+001  0.183269125200327E+001  0.779941535948745E+000  0.215118497487533E+000 -0.131028262406404E+000 -0.140548299784126E+003
  0.574160679384445E-001  0.278235394443223E+003  0.822099100608337E+000  0.187258951251728E+001  0.736509532204792E+000  0.412164666678814E+000 -0.131028262406404E+000 -0.140546411022700E+003
  0.574160679384445E-001  0.278223464245513E+003  0.117227777937421E+001  0.108559834894631E+001  0.410819944384063E-001  0.253600460694640E+000 -0.131028262406404E+000 -0.140540445923845E+003
  0.574160679384445E-001  0.278221831496001E+003  0.764390439409432E+000  0.104048521739011E+001  0.931838443973122E+000  0.393404906582470E+000 -0.131028262406404E+000 -0.140539629549089E+003
  0.574160679384445E-001  0.278218645034738E+003  0.165426729873667E+001  0.118838264866963E+001  0.244271414130382E+000  0.179019210375672E+000 -0.131028262406404E+000 -0.140538036318458E+003
  0.574160679384445E-001  0.278212529012083E+003  0.113257673838354E+001  0.125280066832469E+001  0.525797899312226E+000  0.261058966959445E+000 -0.131028262406404E+000 -0.140534978307130E+003
  0.574160679384445E-001  0.278197276537952E+003  0.670259824153032E+000  0.157804071115143E+001  0.365019713339356E+000  0.459828736883612E+000 -0.131028262406404E+000 -0.140527352070064E+003
  0.574160679384445E-001  0.278187245469614E+003  0.777372759979085E+000  0.134857659849735E+001  0.435197550820342E-001  0.379789345891592E+000 -0.131028262406404E+000 -0.140522336535896E+003
  0.574160679384445E-001  0.278160640210923E+003  0.816316556104051E+000  0.113586716439223E+001  0.743022173974116E+000  0.359480668532660E+000 -0.131028262406404E+000 -0.140509033906550E+003
  0.574160679384445E-001  0.278159336271320E+003  0.143685838432318E+001  0.668658203164647E+000  0.851180195069939E-001  0.210334677013869E+000 -0.131028262406404E+000 -0.140508381936748E+003
  0.574160679384445E-001  0.278137581596060E+003  0.805723820476960E+000  0.179780418727881E+001  0.870898491715049E-001  0.398372091084565E+000 -0.131028262406404E+000 -0.140497504599118E+003
  0.574160679384445E-001  0.278105405033952E+003  0.144130131641277E+001  0.937330081627301E+000  0.660829061194595E+000  0.202388437492351E+000 -0.131028262406404E+000 -0.140481416318065E+003
  0.574160679384445E-001  0.278087441649343E+003  0.165592895556591E+001  0.178812014867933E+001  0.949305796054140E+000  0.178228676239589E+000 -0.131028262406404E+000 -0.140472434625760E+003
  0.574160679384445E-001  0.278077617299587E+003  0.979428697449263E+000  0.199689137246106E+001  0.626605294158869E+000  0.336897535259665E+000 -0.131028262406404E+000 -0.140467522450882E+003
  0.574160679384445E-001  0.278071854719449E+003  0.168490418782140E+001  0.134453045626166E+001  0.528179287164057E+000  0.170745242563468E+000 -0.131028262406404E+000 -0.140464641160813E+003
  0.574160679384445E-001  0.278064958375770E+003  0.105061716264522E+001  0.977120067454032E+000  0.354056645972856E-002  0.275814112064060E+000 -0.131028262406404E+000 -0.140461192988973E+003
  0.574160679384445E-001  0.278062934585696E+003  0.753678969372395E+000  0.116552354454625E+001  0.233942663956415E+000  0.380650319063952E+000 -0.131028262406404E+000 -0.140460181093937E+003
  0.574160679384445E-001  0.278057005960257E+003  0.187104131235470E+001  0.166379730329852E+001  0.105783808567567E-001  0.154839432719072E+000 -0.131028262406404E+000 -0.140457216781217E+003
  0.574160679384445E-001  0.278046452594998E+003  0.720167404468781E+000  0.101036121123274E+001  0.158283994365557E+000  0.403711935913583E+000 -0.131028262406404E+000 -0.140451940098587E+003
  0.574160679384445E-001  0.278030191277249E+003  0.657089803603717E+000  0.738669252767942E+000  0.765924837699541E+000  0.494071998871190E+000 -0.131028262406404E+000 -0.140443809439713E+003
  0.574160679384445E-001  0.278027822278793E+003  0.179735407415229E+001  0.899876564784675E+000  0.350184332807032E+000  0.159489584328683E+000 -0.131028262406404E+000 -0.140442624940485E+003
  0.574160679384445E-001  0.278026845996065E+003  0.691609203917415E+000  0.182840722312780E+001  0.761516685390783E+000  0.472845708362437E+000 -0.131028262406404E+000 -0.140442136799121E+003
  0.574160679384445E-001  0.278017774572231E+003  0.179365976033972E+001  0.125903656546582E+001  0.824756541370435E+000  0.158467597712323E+000 -0.131028262406404E+000 -0.140437601087204E+003
  0.574160679384445E-001  0.277993586542428E+003  0.110850646663297E+001  0.502346029430293E+000  0.498299192854441E+000  0.279074845722630E+000 -0.131028262406404E+000 -0.140425507072302E+003
  0.574160679384445E-001  0.277960493831692E+003  0.109935751939886E+001  0.183217014137440E+001  0.522708747262446E-002  0.270487336243546E+000 -0.131028262406404E+000 -0.140408960716934E+003
  0.574160679384445E-001  0.277957038551710E+003  0.990093444673330E+000  0.102336679342154E+001  0.990950616485588E+000  0.284748930419897E+000 -0.131028262406404E+000 -0.140407233076944E+003
  0.574160679384445E-001  0.277957009339343E+003  0.120316600020714E+001  0.153471114797026E+001  0.657036880418082E-001  0.235655650519032E+000 -0.131028262406404E+000 -0.140407218470760E+003
  0.574160679384445E-001  0.277953084513877E+003  0.184734056555848E+001  0.531134152339494E+000  0.380220840188907E+000  0.156003657794066E+000 -0.131028262406404E+000 -0.140405256058027E+003
  0.574160679384445E-001  0.277950580907788E+003  0.726362270869882E+000  0.947668277689815E+000  0.355576570291482E+000  0.395121802310693E+000 -0.131028262406404E+000 -0.140404004254982E+003
  0.574160679384445E-001  0.277947816737572E+003  0.158588182320025E+001  0.856193513724736E+000  0.757652007896382E-001  0.178263260442398E+000 -0.131028262406404E+000 -0.140402622169874E+003
  0.574160679384445E-001  0.277940869612710E+003  0.194341324456593E+001  0.142454501390269E+001  0.330837218395125E+000  0.144175050329006E+000 -0.131028262406404E+000 -0.140399148607443E+003
  0.574160679384445E-001  0.277929982990701E+003  0.111537068231484E+001  0.110570103770809E+001  0.572690964706524E+000  0.250029278202090E+000 -0.131028262406404E+000 -0.140393705296439E+003
  0.574160679384445E-001  0.277914956445119E+003  0.107076325574763E+001  0.918726179807901E+000  0.276001088401153E+000  0.262760561517802E+000 -0.131028262406404E+000 -0.140386192023648E+003
  0.574160679384445E-001  0.277908446911538E+003  0.142281730924441E+001  0.867114472537900E+000  0.115379206140648E+000  0.197150225218263E+000 -0.131028262406404E+000 -0.140382937256858E+003
  0.574160679384445E-001  0.277906778006425E+003  0.163625015348152E+001  0.189147076900522E+001  0.795642033007887E+000  0.175111487645241E+000 -0.131028262406404E+000 -0.140382102804301E+003
  0.574160679384445E-001  0.277902906858970E+003  0.156731131793086E+001  0.118728202021199E+001  0.394100600354883E-001  0.176824040216289E+000 -0.131028262406404E+000 -0.140380167230573E+003
  0.574160679384445E-001  0.277892123052518E+003  0.736181330641005E+000  0.185994134423015E+001  0.230044294929037E+000  0.429494054210180E+000 -0.131028262406404E+000 -0.140374775327347E+003
  0.574160679384445E-001  0.277890644372075E+003  0.175020623074340E+001  0.877976341517438E+000  0.421596482209263E+000  0.159077884923075E+000 -0.131028262406404E+000 -0.140374035987126E+003
  0.574160679384445E-001  0.277885948023239E+003  0.997657820129921E+000  0.144029225154482E+001  0.986943261960731E+000  0.278206508531688E+000 -0.131028262406404E+000 -0.140371687812708E+003
  0.574160679384445E-001  0.277878090793834E+003  0.114639304322999E+001  0.621662758157337E+000  0.403732683722625E+000  0.252829339995375E+000 -0.131028262406404E+000 -0.140367759198006E+003
  0.574160679384445E-001  0.277876262815005E+003  0.827786424342529E+000  0.746081260466228E+000  0.750192497441004E+000  0.352942723403412E+000 -0.131028262406404E+000 -0.140366845208591E+003
  0.574160679384445E-001  0.277871238039816E+003  0.101265194068497E+001  0.109677439987231E+001  0.998534843071617E+000  0.271725301702967E+000 -0.131028262406404E+000 -0.140364332820996E+003
  0.574160679384445E-001  0.277867140672659E+003  0.963553807465778E+000  0.747834121191483E+000  0.479642874861461E+000  0.297359269750344E+000 -0.131028262406404E+000 -0.140362284137418E+003
  0.574160679384445E-001  0.277864611740289E+003  0.170148938356851E+001  0.855316227889481E+000  0.328662440300904E+000  0.162874880327373E+000 -0.131028262406404E+000 -0.140361019671233E+003
  0.574160679384445E-001  0.277847281581530E+003  0.149266150704589E+001  0.110191785882304E+001  0.135004121964307E+000  0.183501317739384E+000 -0.131028262406404E+000 -0.140352354591853E+003
  0.574160679384445E-001  0.277845421006200E+003  0.976300123748955E+000  0.704501136245127E+000  0.906070206353991E+000  0.294123466996426E+000 -0.131028262406404E+000 -0.140351424304188E+003
  0.574160679384445E-001  0.277844509906603E+003  0.103393866732141E+001  0.130191274310000E+001  0.278664727230216E+000  0.264097643607787E+000 -0.131028262406404E+000 -0.140350968754390E+003
  0.574160679384445E-001  0.277842978543989E+003  0.116920222738022E+001  0.177949082059885E+001  0.204299614219391E+000  0.243420957499687E+000 -0.131028262406404E+000 -0.140350203073083E+003
  0.574160679384445E-001  0.277833901583597E+003  0.125078204967868E+001  0.999845553324145E+000  0.945502979753385E-001  0.219015888684790E+000 -0.131028262406404E+000 -0.140345664592887E+003
  0.574160679384445E-001  0.277832843368652E+003  0.647731702987531E+000  0.769152347694062E+000  0.773986390591593E-001  0.462949736422187E+000 -0.131028262406404E+000 -0.140345135485415E+003
  0.574160679384445E-001  0.277832052103169E+003  0.125850932494796E+001  0.947041852871243E+000  0.907779620041510E+000  0.218195523291977E+000 -0.131028262406404E+000 -0.140344739852673E+003
  0.574160679384445E-001  0.277824994778371E+003  0.101007815896531E+001  0.566359770968838E+000  0.422223842764113E+000  0.291502828815357E+000 -0.131028262406404E+000 -0.140341211190274E+003
  0.574160679384445E-001  0.277820214231380E+003  0.103583800931487E+001  0.168504572256905E+001  0.560876038969553E+000  0.271230473000457E+000 -0.131028262406404E+000 -0.140338820916778E+003
  0.574160679384445E-001  0.277801047210108E+003  0.843673729782709E+000  0.186993300079707E+001  0.987368515365796E+000  0.356186835932834E+000 -0.131028262406404E+000 -0.140329237406143E+003
  0.574160679384445E-001  0.277797702167701E+003  0.145762898191488E+001  0.198680391058103E+001  0.793819230403513E+000  0.195614929350514E+000 -0.131028262406404E+000 -0.140327564884939E+003
  0.574160679384445E-001  0.277784831525703E+003  0.679853422736120E+000  0.179556379320699E+001  0.631275073358678E+000  0.443600523389830E+000 -0.131028262406404E+000 -0.140321129563940E+003
  0.574160679384445E-001  0.277779606292211E+003  0.130444935982304E+001  0.117177407107423E+001  0.196816622493350E-001  0.206371648363725E+000 -0.131028262406404E+000 -0.140318516947194E+003
  0.574160679384445E-001  0.277778242606864E+003  0.598278008637553E+000  0.123058707931488E+001  0.575054951876753E+000  0.447141376543890E+000 -0.131028262406404E+000 -0.140317835104521E+003
  0.574160679384445E-001  0.277773570801493E+003  0.107767080004148E+001  0.879564182967639E+000  0.123795566400184E+000  0.253162466545916E+000 -0.131028262406404E+000 -0.140315499201835E+003
  0.574160679384445E-001  0.277768205723030E+003  0.665051290779392E+000  0.173626989440339E+001  0.979751660761957E-001  0.440558244555668E+000 -0.131028262406404E+000 -0.140312816662603E+003
  0.574160679384445E-001  0.277764832588325E+003  0.875471859842129E+000  0.880484808533428E+000  0.127937464306544E+000  0.312979073060064E+000 -0.131028262406404E+000 -0.140311130095251E+003
  0.574160679384445E-001  0.277750047280668E+003  0.560385534773523E+000  0.154217623868658E+001  0.334940545878824E+000  0.492581107758507E+000 -0.131028262406404E+000 -0.140303737441423E+003
  0.574160679384445E-001  0.277749248819962E+003  0.838519806918063E+000  0.123560654015699E+001  0.716035799372046E-001  0.317325195951286E+000 -0.131028262406404E+000 -0.140303338211070E+003
  0.574160679384445E-001  0.277739531469885E+003  0.123910562861208E+001  0.152410121890838E+001  0.244762826451097E+000  0.217327216376670E+000 -0.131028262406404E+000 -0.140298479536031E+003
  0.574160679384445E-001  0.277732419335428E+003  0.807026804440193E+000  0.895662802908976E+000  0.564560857766645E-001  0.336987560267936E+000 -0.131028262406404E+000 -0.140294923468803E+003
  0.574160679384445E-001  0.277718458046871E+003  0.134647266640508E+001  0.190410996364873E+001  0.424955503676870E+000  0.206550885183538E+000 -0.131028262406404E+000 -0.140287942824524E+003
  0.574160679384445E-001  0.277713858516367E+003  0.835877370940135E+000  0.741891090114986E+000  0.914861839752304E+000  0.333634064603251E+000 -0.131028262406404E+000 -0.140285643059272E+003
  0.574160679384445E-001  0.277708014750971E+003  0.145756234528923E+001  0.632876584479505E+000  0.811779100032753E+000  0.186704695648387E+000 -0.131028262406404E+000 -0.140282721176574E+003
  0.574160679384445E-001  0.277703014525095E+003  0.127508258726727E+001  0.811119669546068E+000  0.573272461307938E+000  0.210662140659958E+000 -0.131028262406404E+000 -0.140280221063636E+003
  0.574160679384445E-001  0.277691998743425E+003  0.673328014052909E+000  0.132935317122506E+001  0.189371498055183E+000  0.389696474491717E+000 -0.131028262406404E+000 -0.140274713172801E+003
  0.574160679384445E-001  0.277682966085610E+003  0.140407312779060E+001  0.661654832008739E+000  0.436824686445923E+000  0.192340923334177E+000 -0.131028262406404E+000 -0.140270196843894E+003
  0.574160679384445E-001  0.277680576125240E+003  0.915662176291362E+000  0.957471717845714E+000  0.581475032878615E+000  0.289534730838575E+000 -0.131028262406404E+000 -0.140269001863708E+003
  0.574160679384445E-001  0.277670674818055E+003  0.155612702950440E+001  0.123852186218345E+001  0.767461643067882E-001  0.168716737442363E+000 -0.131028262406404E+000 -0.140264051210116E+003
  0.574160679384445E-001  0.277667986145092E+003  0.111691797074257E+001  0.123521979499880E+001  0.312956322181925E+000  0.234260539722513E+000 -0.131028262406404E+000 -0.140262706873635E+003
  0.574160679384445E-001  0.277663601297006E+003  0.174159551371534E+001  0.189973332558505E+001  0.403510786917120E+000  0.154721780899352E+000 -0.131028262406404E+000 -0.140260514449591E+003
  0.574160679384445E-001  0.277661003564126E+003  0.898997322541007E+000  0.128242697641457E+001  0.631768542814266E+000  0.289987563881769E+000 -0.131028262406404E+000 -0.140259215583152E+003
  0.574160679384445E-001  0.277643959324254E+003  0.866302122167725E+000  0.173231743339759E+001  0.277796391780626E+000  0.316878818740847E+000 -0.131028262406404E+000 -0.140250693463215E+003
  0.574160679384445E-001  0.277633698466460E+003  0.111273700269708E+001  0.187556139079471E+001  0.412944845970345E+000  0.247802202537871E+000 -0.131028262406404E+000 -0.140245563034318E+003
  0.574160679384445E-001  0.277631933795229E+003  0.125364555726371E+001  0.828228208347367E+000  0.826472524200047E+000  0.210144910630966E+000 -0.131028262406404E+000 -0.140244680698703E+003
  0.574160679384445E-001  0.277625926958139E+003  0.109550078480654E+001  0.108472979194601E+001  0.444887624309253E+000  0.236735534040564E+000 -0.131028262406404E+000 -0.140241677280158E+003
  0.574160679384445E-001  0.277621623423756E+003  0.122291781618456E+001  0.875659413823447E+000  0.609881686667856E-001  0.214158421366112E+000 -0.131028262406404E+000 -0.140239525512966E+003
  0.574160679384445E-001  0.277612881892657E+003  0.673575864793016E+000  0.176861588423857E+001  0.850913361533242E+000  0.421222767010230E+000 -0.131028262406404E+000 -0.140235154747417E+003
  0.574160679384445E-001  0.277600763685198E+003  0.609572422466437E+000  0.181537740302457E+001  0.747622783922645E+000  0.484089697929123E+000 -0.131028262406404E+000 -0.140229095643688E+003
  0.574160679384445E-001  0.277594772420463E+003  0.158833437431460E+001  0.826891701001622E+000  0.673945601689170E+000  0.163701117690973E+000 -0.131028262406404E+000 -0.140226100011320E+003
  0.574160679384445E-001  0.277590625229416E+003  0.705471597271120E+000  0.650768159915029E+000  0.823380718098335E+000  0.405590111810718E+000 -0.131028262406404E+000 -0.140224026415797E+003
  0.574160679384445E-001  0.277576467463843E+003  0.674874364807185E+000  0.710951268229081E+000  0.428094486152054E+000  0.414299638282131E+000 -0.131028262406404E+000 -0.140216947533010E+003
  0.574160679384445E-001  0.277575788947315E+003  0.198996379965898E+001  0.158787935949865E+001  0.969745088146172E+000  0.129803666789803E+000 -0.131028262406404E+000 -0.140216608274746E+003
  0.574160679384445E-001  0.277571495066999E+003  0.927885803628222E+000  0.820218888894561E+000  0.513072750176250E+000  0.281945976160695E+000 -0.131028262406404E+000 -0.140214461334588E+003
  0.574160679384445E-001  0.277563025480250E+003  0.132872268961842E+001  0.147693507899867E+001  0.772699482569933E+000  0.193340388820386E+000 -0.131028262406404E+000 -0.140210226541213E+003
  0.574160679384445E-001  0.277562786086579E+003  0.956099396977064E+000  0.197883084309357E+001  0.217576441461595E+000  0.297886031667984E+000 -0.131028262406404E+000 -0.140210106844378E+003
  0.574160679384445E-001  0.277553549833462E+003  0.944138401103943E+000  0.715622288702696E+000  0.376506225293829E+000  0.280245117578136E+000 -0.131028262406404E+000 -0.140205488717820E+003
  0.574160679384445E-001  0.277553306332262E+003  0.794627269620016E+000  0.108470632919518E+001  0.943418269672675E+000  0.319293766881057E+000 -0.131028262406404E+000 -0.140205366967220E+003
  0.574160679384445E-001  0.277541525236521E+003  0.143474668531400E+001  0.153517637673118E+001  0.630082304193441E+000  0.178507752924837E+000 -0.131028262406404E+000 -0.140199476419349E+003
  0.574160679384445E-001  0.277537508271202E+003  0.108996720425273E+001  0.153639392729759E+001  0.461834394715261E-001  0.235333051942806E+000 -0.131028262406404E+000 -0.140197467936689E+003
  0.574160679384445E-001  0.277534463569099E+003  0.105954442308514E+001  0.587680273909647E+000  0.390794141915340E-002  0.251953389131741E+000 -0.131028262406404E+000 -0.140195945585638E+003
  0.574160679384445E-001  0.277533215339190E+003  0.538462361604688E+000  0.109156012982086E+001  0.361933443640853E+000  0.469381614864551E+000 -0.131028262406404E+000 -0.140195321470683E+003
  0.574160679384445E-001  0.277527984277306E+003  0.827695308635657E+000  0.161292282595600E+001  0.573399902554268E-001  0.314128556925577E+000 -0.131028262406404E+000 -0.140192705939741E+003
  0.574160679384445E-001  0.277513761993128E+003  0.823250548813851E+000  0.188584502379668E+001  0.159471902241062E+000  0.339305505688497E+000 -0.131028262406404E+000 -0.140185594797653E+003
  0.574160679384445E-001  0.277510331332072E+003  0.679808857234420E+000  0.174366711470228E+001  0.490279573101746E-001  0.400057353888727E+000 -0.131028262406404E+000 -0.140183879467125E+003
  0.574160679384445E-001  0.277502080409174E+003  0.869284656211985E+000  0.137436049176913E+001  0.878759328868831E+000  0.288713805599169E+000 -0.131028262406404E+000 -0.140179754005675E+003
  0.574160679384445E-001  0.277497398311737E+003  0.141606390559784E+001  0.107034673177553E+001  0.620097650553819E+000  0.177509545510002E+000 -0.131028262406404E+000 -0.140177412956957E+003
  0.574160679384445E-001  0.277487479301935E+003  0.636002431258877E+000  0.755835467238232E+000  0.634486746425582E+000  0.422828358052708E+000 -0.131028262406404E+000 -0.140172453452056E+003
  0.574160679384445E-001  0.277455387184217E+003  0.815665055356987E+000  0.162766366156942E+001  0.803787129351695E+000  0.313332988550313E+000 -0.131028262406404E+000 -0.140156407393197E+003
  0.574160679384445E-001  0.277443785957065E+003  0.145439704260570E+001  0.183121485139505E+001  0.465998213971465E+000  0.175228499655095E+000 -0.131028262406404E+000 -0.140150606779621E+003
  0.574160679384445E-001  0.277438615396315E+003  0.102778535903080E+001  0.155013489410746E+001  0.138044863391275E+000  0.243433576495502E+000 -0.131028262406404E+000 -0.140148021499246E+003
  0.574160679384445E-001  0.277427085005057E+003  0.119022083075309E+001  0.123287648001268E+001  0.813420354018881E+000  0.206601337955187E+000 -0.131028262406404E+000 -0.140142256303617E+003
  0.574160679384445E-001  0.277425137387055E+003  0.722053752374896E+000  0.565864143601529E+000  0.772647325169682E-001  0.386171688572328E+000 -0.131028262406404E+000 -0.140141282494616E+003
  0.574160679384445E-001  0.277419522581960E+003  0.129202434860460E+001  0.175616658140916E+001  0.954551740734843E+000  0.195476824473021E+000 -0.131028262406404E+000 -0.140138475092068E+003
  0.574160679384445E-001  0.277418392931960E+003  0.130467086284636E+001  0.146256294067800E+001  0.752713427160696E+000  0.189346302946311E+000 -0.131028262406404E+000 -0.140137910267069E+003
  0.574160679384445E-001  0.277415713992481E+003  0.635209413350237E+000  0.734776522438877E+000  0.126060596990734E+000  0.416172766472112E+000 -0.131028262406404E+000 -0.140136570797329E+003
  0.574160679384445E-001  0.277414409842636E+003  0.141419626330999E+001  0.138182141687645E+001  0.955126802236587E+000  0.174036996033541E+000 -0.131028262406404E+000 -0.140135918722406E+003
  0.574160679384445E-001  0.277414394004629E+003  0.170739606708012E+001  0.817604667365187E+000  0.163313936707044E+000  0.145044377380059E+000 -0.131028262406404E+000 -0.140135910803403E+003
  0.574160679384445E-001  0.277408615741407E+003  0.812261689368183E+000  0.171462715593112E+001  0.637556412045999E+000  0.316268533097526E+000 -0.131028262406404E+000 -0.140133021671792E+003
  0.574160679384445E-001  0.277399522364124E+003  0.483082582464583E+000  0.120512367939808E+001  0.321682372889880E+000  0.497499856783640E+000 -0.131028262406404E+000 -0.140128474983150E+003
  0.574160679384445E-001  0.277397768004483E+003  0.969636086859020E+000  0.109229069161552E+001  0.366884992176554E+000  0.251097860848592E+000 -0.131028262406404E+000 -0.140127597803330E+003
  0.574160679384445E-001  0.277397716017442E+003  0.137729324771480E+001  0.904602513501417E+000  0.350208032910031E+000  0.178495982614811E+000 -0.131028262406404E+000 -0.140127571809810E+003
  0.574160679384445E-001  0.277397213270018E+003  0.103637980877721E+001  0.708148017513514E+000  0.136374964273104E+000  0.242435295299051E+000 -0.131028262406404E+000 -0.140127320436097E+003
  0.574160679384445E-001  0.277394407309191E+003  0.112251530453168E+001  0.166055673193971E+001  0.293788920014125E+000  0.222244077586663E+000 -0.131028262406404E+000 -0.140125917455684E+003
  0.574160679384445E-001  0.277387490532181E+003  0.188667097900020E+001  0.756243452885911E+000  0.226312589815125E-001  0.130467344430903E+000 -0.131028262406404E+000 -0.140122459067179E+003
  0.574160679384445E-001  0.277385424872274E+003  0.907831752452245E+000  0.761483905769430E+000  0.242433854683180E+000  0.275339383670688E+000 -0.131028262406404E+000 -0.140121426237226E+003
  0.574160679384445E-001  0.277382235749719E+003  0.699636996037177E+000  0.762761040875215E+000  0.795809153785058E+000  0.363928290568880E+000 -0.131028262406404E+000 -0.140119831675948E+003
  0.574160679384445E-001  0.277381205110359E+003  0.592277651846006E+000  0.181467204611036E+001  0.431531777130887E+000  0.466013315304842E+000 -0.131028262406404E+000 -0.140119316356268E+003
  0.574160679384445E-001  0.277365686365531E+003  0.893150054360852E+000  0.126954610076100E+001  0.899578060012682E-001  0.269468598604894E+000 -0.131028262406404E+000 -0.140111556983854E+003
  0.574160679384445E-001  0.277361534229473E+003  0.128281807391523E+001  0.108647797005769E+001  0.774759084822461E+000  0.188549955397788E+000 -0.131028262406404E+000 -0.140109480915825E+003
  0.574160679384445E-001  0.277354937007982E+003  0.175909154805821E+001  0.195657371923564E+001  0.793401785352276E+000  0.141459128342827E+000 -0.131028262406404E+000 -0.140106182305079E+003
  0.574160679384445E-001  0.277353094398503E+003  0.586911191610803E+000  0.190333347756938E+001  0.279742019275576E-001  0.497210480472791E+000 -0.131028262406404E+000 -0.140105261000340E+003
  0.574160679384445E-001  0.277350562462106E+003  0.572149489126978E+000  0.150185296692026E+001  0.746842564941209E+000  0.425693484851925E+000 -0.131028262406404E+000 -0.140103995032141E+003
  0.574160679384445E-001  0.277341880919497E+003  0.125164492833523E+001  0.874278415672604E+000  0.267030612290073E+000  0.193619418357576E+000 -0.131028262406404E+000 -0.140099654260837E+003
  0.574160679384445E-001  0.277336016731159E+003  0.152522206046967E+001  0.110502133544412E+001  0.208188405020660E+000  0.157659878384418E+000 -0.131028262406404E+000 -0.140096722166668E+003
  0.574160679384445E-001  0.277335767181307E+003  0.949443826192730E+000  0.150921146301821E+001  0.887878749180299E+000  0.255072260646867E+000 -0.131028262406404E+000 -0.140096597391742E+003
  0.574160679384445E-001  0.277332936351256E+003  0.126911096068930E+001  0.129958206078310E+001  0.866972479701671E+000  0.189032841496885E+000 -0.131028262406404E+000 -0.140095181976717E+003
  0.574160679384445E-001  0.277331832024726E+003  0.126004124852593E+001  0.702788018281259E+000  0.669670697199715E+000  0.194132534142507E+000 -0.131028262406404E+000 -0.140094629813451E+003
  0.574160679384445E-001  0.277329698663504E+003  0.888188396914671E+000  0.105122448024785E+001  0.903894814789479E+000  0.268821689719481E+000 -0.131028262406404E+000 -0.140093563132840E+003
  0.574160679384445E-001  0.277325469644922E+003  0.130686758740772E+001  0.180404936656758E+001  0.904258109759491E+000  0.188912256027532E+000 -0.131028262406404E+000 -0.140091448623550E+003
  0.574160679384445E-001  0.277320683335848E+003  0.825280282447514E+000  0.627820293716004E+000  0.262297960571564E+000  0.307466995348358E+000 -0.131028262406404E+000 -0.140089055469012E+003
  0.574160679384445E-001  0.277320302643852E+003  0.678823589179018E+000  0.108207253027821E+001  0.369722125640576E+000  0.348682180140676E+000 -0.131028262406404E+000 -0.140088865123015E+003
  0.574160679384445E-001  0.277307805077402E+003  0.541708333050915E+000  0.111844924101639E+001  0.414831939216639E+000  0.433057893267328E+000 -0.131028262406404E+000 -0.140082616339789E+003
  0.574160679384445E-001  0.277294041468042E+003  0.139675406399027E+001  0.182796944916476E+001  0.572048474737397E-002  0.174970313674951E+000 -0.131028262406404E+000 -0.140075734535109E+003
  0.574160679384445E-001  0.277289498232676E+003  0.989589662016524E+000  0.145260958472214E+001  0.114741182665836E+000  0.240310430450445E+000 -0.131028262406404E+000 -0.140073462917426E+003
  0.574160679384445E-001  0.277288598573580E+003  0.651563177736633E+000  0.115083989205593E+001  0.234378803242201E+000  0.358184013897349E+000 -0.131028262406404E+000 -0.140073013087878E+003
  0.574160679384445E-001  0.277285220644296E+003  0.740426206806029E+000  0.848090419095357E+000  0.483521011453753E+000  0.324989698999143E+000 -0.131028262406404E+000 -0.140071324123236E+003
  0.574160679384445E-001  0.277283522910548E+003  0.643646257941996E+000  0.148720707987112E+001  0.783953534367615E-001  0.369560617725074E+000 -0.131028262406404E+000 -0.140070475256362E+003
  0.574160679384445E-001  0.277282556471807E+003  0.105872981534503E+001  0.164428096496272E+001  0.530010317330640E+000  0.227971301743101E+000 -0.131028262406404E+000 -0.140069992036992E+003
  0.574160679384445E-001  0.277281245093323E+003  0.743884189869514E+000  0.109539177154099E+001  0.707194163081686E-001  0.314645955908940E+000 -0.131028262406404E+000 -0.140069336347750E+003
  0.574160679384445E-001  0.277279635637733E+003  0.571893235388465E+000  0.156152666016144E+001  0.811970778192313E+000  0.422323198289809E+000 -0.131028262406404E+000 -0.140068531619955E+003
  0.574160679384445E-001  0.277274974927253E+003  0.732985356430710E+000  0.140146194262798E+001  0.755716214231856E+000  0.320672343208095E+000 -0.131028262406404E+000 -0.140066201264715E+003
  0.574160679384445E-001  0.277268044294309E+003  0.715035509016607E+000  0.150472583138994E+001  0.670201588247827E+000  0.331977496182635E+000 -0.131028262406404E+000 -0.140062735948243E+003
  0.574160679384445E-001  0.277265461431281E+003  0.134807866676128E+001  0.901161116152864E+000  0.598387051854993E+000  0.175476235843090E+000 -0.131028262406404E+000 -0.140061444516729E+003
  0.574160679384445E-001  0.277263338139634E+003  0.112470016099141E+001  0.134806063470434E+001  0.962091547013683E+000  0.208971851173228E+000 -0.131028262406404E+000 -0.140060382870905E+003
  0.574160679384445E-001  0.277256221929921E+003  0.686134036685422E+000  0.158732445362658E+001  0.902905814016464E+000  0.349963196969497E+000 -0.131028262406404E+000 -0.140056824766049E+003
  0.574160679384445E-001  0.277254045484012E+003  0.966286049252200E+000  0.699814052080780E+000  0.275700431988016E+000  0.249540286703539E+000 -0.131028262406404E+000 -0.140055736543094E+003
  0.574160679384445E-001  0.277249395593762E+003  0.684443944943029E+000  0.599145866056229E+000  0.619309761855420E-001  0.377886806261627E+000 -0.131028262406404E+000 -0.140053411597969E+003
  0.574160679384445E-001  0.277245479383620E+003  0.150327622437341E+001  0.118001459969654E+001  0.257852772929430E+000  0.155717423818812E+000 -0.131028262406404E+000 -0.140051453492898E+003
  0.574160679384445E-001  0.277243043875930E+003  0.120342818181735E+001  0.685422908775867E+000  0.851942419824944E-001  0.198289009047484E+000 -0.131028262406404E+000 -0.140050235739054E+003
  0.574160679384445E-001  0.277242994724554E+003  0.141535287784509E+001  0.139697105416419E+001  0.728025617722332E+000  0.165650929173966E+000 -0.131028262406404E+000 -0.140050211163365E+003
  0.574160679384445E-001  0.277242389497345E+003  0.157887976685219E+001  0.100163435767504E+001  0.489564554650040E-001  0.148449940008724E+000 -0.131028262406404E+000 -0.140049908549761E+003
  0.574160679384445E-001  0.277240920619004E+003  0.183421301187863E+001  0.610863090728013E+000  0.829113143640522E+000  0.129350207279776E+000 -0.131028262406404E+000 -0.140049174110591E+003
  0.574160679384445E-001  0.277217920226676E+003  0.529079625394277E+000  0.116655045603221E+001  0.598941670725850E+000  0.428915732043606E+000 -0.131028262406404E+000 -0.140037673914426E+003
  0.574160679384445E-001  0.277213097450961E+003  0.661751140529063E+000  0.156557930484351E+001  0.993246536596921E+000  0.356531469242438E+000 -0.131028262406404E+000 -0.140035262526569E+003
  0.574160679384445E-001  0.277199642850903E+003  0.646196032007012E+000  0.501149254703197E+000  0.207318091560417E+000  0.427465182646441E+000 -0.131028262406404E+000 -0.140028535226540E+003
  0.574160679384445E-001  0.277184724196338E+003  0.505719522303281E+000  0.107149392353693E+001  0.694508239601188E+000  0.447273438310621E+000 -0.131028262406404E+000 -0.140021075899258E+003
  0.574160679384445E-001  0.277183665446282E+003  0.530698078448660E+000  0.104172803598984E+001  0.282979735767354E+000  0.427577748785695E+000 -0.131028262406404E+000 -0.140020546524229E+003
  0.574160679384445E-001  0.277181015837896E+003  0.162062417025878E+001  0.158947350050513E+001  0.763640953474875E+000  0.142940154503880E+000 -0.131028262406404E+000 -0.140019221720037E+003
  0.574160679384445E-001  0.277164699221353E+003  0.119599870159633E+001  0.974528495353700E+000  0.764706998366830E-001  0.191054177430877E+000 -0.131028262406404E+000 -0.140011063411765E+003
  0.574160679384445E-001  0.277163512656204E+003  0.687784434034790E+000  0.163235240041513E+001  0.616683646680505E+000  0.342057780069179E+000 -0.131028262406404E+000 -0.140010470129190E+003
  0.574160679384445E-001  0.277161864831385E+003  0.713115792975440E+000  0.644694542396550E+000  0.565276137265088E+000  0.340380356486694E+000 -0.131028262406404E+000 -0.140009646216781E+003
  0.574160679384445E-001  0.277156757303774E+003  0.788554173183820E+000  0.645127596635487E+000  0.756234228367439E+000  0.303150765687773E+000 -0.131028262406404E+000 -0.140007092452975E+003
  0.574160679384445E-001  0.277154590735925E+003  0.171773884971225E+001  0.119576462850464E+001  0.608729052876574E+000  0.132729587591740E+000 -0.131028262406404E+000 -0.140006009169051E+003
  0.574160679384445E-001  0.277150719605119E+003  0.111467548783608E+001  0.186807182822634E+001  0.800140883664989E+000  0.213480938807201E+000 -0.131028262406404E+000 -0.140004073603648E+003
  0.574160679384445E-001  0.277144715389569E+003  0.651078729296163E+000  0.104263745857537E+001  0.644668354249455E+000  0.344175047526345E+000 -0.131028262406404E+000 -0.140001071495873E+003
  0.574160679384445E-001  0.277144068867643E+003  0.829820722265603E+000  0.676749772087384E+000  0.736667559321309E+000  0.283339435783455E+000 -0.131028262406404E+000 -0.140000748234910E+003
  0.574160679384445E-001  0.277142891886808E+003  0.180722779769777E+001  0.631666615524211E+000  0.913982006390552E+000  0.127191367414815E+000 -0.131028262406404E+000 -0.140000159744492E+003
  0.574160679384445E-001  0.277142785256235E+003  0.815689091458787E+000  0.193588346809204E+001  0.439418477319994E+000  0.308168717209984E+000 -0.131028262406404E+000 -0.140000106429206E+003
  0.574160679384445E-001  0.277119544760460E+003  0.120472765134905E+001  0.116974557797452E+001  0.729057438411470E+000  0.186339199510106E+000 -0.131028262406404E+000 -0.139988486181318E+003
  0.574160679384445E-001  0.277106086603871E+003  0.180962955958567E+001  0.195240873195621E+001  0.935550077897283E+000  0.127107488150320E+000 -0.131028262406404E+000 -0.139981757103024E+003
  0.574160679384445E-001  0.277103681410258E+003  0.545911488906587E+000  0.156675041510156E+001  0.256207852309332E+000  0.417904222991336E+000 -0.131028262406404E+000 -0.139980554506217E+003
  0.574160679384445E-001  0.277087031822391E+003  0.196721713005144E+001  0.974429036063251E+000  0.562374010345790E+000  0.113694985584049E+000 -0.131028262406404E+000 -0.139972229712284E+003
  0.574160679384445E-001  0.277080928057893E+003  0.544770269587633E+000  0.579110599335397E+000  0.871508003382032E+000  0.489995127775024E+000 -0.131028262406404E+000 -0.139969177830035E+003
  0.574160679384445E-001  0.277078028368922E+003  0.107808656371869E+001  0.143570033958350E+001  0.839484394551525E+000  0.206404691290502E+000 -0.131028262406404E+000 -0.139967727985549E+003
  0.574160679384445E-001  0.277077784532579E+003  0.931798917320482E+000  0.171250542951043E+001  0.226406146276001E+000  0.245788372252251E+000 -0.131028262406404E+000 -0.139967606067378E+003
  0.574160679384445E-001  0.277075289109557E+003  0.480323572064088E+000  0.156480566928164E+001  0.873289390145707E+000  0.470709891422586E+000 -0.131028262406404E+000 -0.139966358355867E+003
  0.574160679384445E-001  0.277071035172309E+003  0.157934553223897E+001  0.146825022449882E+001  0.608404835837049E+000  0.141046788395613E+000 -0.131028262406404E+000 -0.139964231387243E+003
  0.574160679384445E-001  0.277070317203075E+003  0.817046559708537E+000  0.956954697264416E+000  0.804023884808221E+000  0.270102988257549E+000 -0.131028262406404E+000 -0.139963872402626E+003
  0.574160679384445E-001  0.277067260300379E+003  0.121072916717773E+001  0.102895603688351E+001  0.495694590911300E+000  0.182591405243090E+000 -0.131028262406404E+000 -0.139962343951278E+003
  0.574160679384445E-001  0.277056661898331E+003  0.513866256698443E+000  0.101764464633213E+001  0.794881363107624E+000  0.423078671265098E+000 -0.131028262406404E+000 -0.139957044750254E+003
  0.574160679384445E-001  0.277055641843862E+003  0.131091864012220E+001  0.112846937068353E+001  0.267289270612716E+000  0.167962374402143E+000 -0.131028262406404E+000 -0.139956534723019E+003
  0.574160679384445E-001  0.277041282881137E+003  0.572457234961917E+000  0.568938206701090E+000  0.254641946863405E+000  0.445035630390102E+000 -0.131028262406404E+000 -0.139949355241657E+003
  0.574160679384445E-001  0.277036538991062E+003  0.545450051916534E+000  0.108273188724011E+001  0.378304740333491E+000  0.392714855335303E+000 -0.131028262406404E+000 -0.139946983296620E+003
  0.574160679384445E-001  0.277031759308828E+003  0.158171163907948E+001  0.166969212305078E+001  0.180277960639434E+000  0.140091106970438E+000 -0.131028262406404E+000 -0.139944593455502E+003
  0.574160679384445E-001  0.277029606315650E+003  0.109985201478716E+001  0.155207958163852E+001  0.942684271728602E+000  0.200539389696332E+000 -0.131028262406404E+000 -0.139943516958914E+003
  0.574160679384445E-001  0.277028409313295E+003  0.155892350464470E+001  0.147104321219598E+001  0.514697606977089E+000  0.140897242546629E+000 -0.131028262406404E+000 -0.139942918457736E+003
  0.574160679384445E-001  0.277023863337425E+003  0.116588816263889E+001  0.148569359135641E+001  0.925430043716127E+000  0.188028776754677E+000 -0.131028262406404E+000 -0.139940645469801E+003
  0.574160679384445E-001  0.277022731812085E+003  0.459313890622699E+000  0.122640624879714E+001  0.875443218770941E+000  0.458781750516255E+000 -0.131028262406404E+000 -0.139940079707131E+003
  0.574160679384445E-001  0.277018852121363E+003  0.552413993333186E+000  0.629806814646705E+000  0.471217627524521E+000  0.441824892480911E+000 -0.131028262406404E+000 -0.139938139861770E+003
  0.574160679384445E-001  0.277017836755594E+003  0.667506816027609E+000  0.179129051190362E+001  0.637468900631949E+000  0.351307136965058E+000 -0.131028262406404E+000 -0.139937632178885E+003
  0.574160679384445E-001  0.277015960390147E+003  0.561930330490534E+000  0.190199739986587E+001  0.193275819866557E+000  0.457927743820347E+000 -0.131028262406404E+000 -0.139936693996162E+003
  0.574160679384445E-001  0.277006644609381E+003  0.827785120852226E+000  0.173445179207085E+001  0.138497715548859E+000  0.272510054280182E+000 -0.131028262406404E+000 -0.139932036105779E+003
  0.574160679384445E-001  0.277003972847951E+003  0.114009099862898E+001  0.503480611851850E+000  0.811455829526576E-001  0.197004293767795E+000 -0.131028262406404E+000 -0.139930700225064E+003
  0.574160679384445E-001  0.277003858290025E+003  0.187557202722995E+001  0.986114470631667E+000  0.807898295751258E+000  0.115952678827052E+000 -0.131028262406404E+000 -0.139930642946101E+003
  0.574160679384445E-001  0.276994953288337E+003  0.782494020038086E+000  0.164612874988446E+001  0.600471562548534E+000  0.283004052804054E+000 -0.131028262406404E+000 -0.139926190445257E+003
  0.574160679384445E-001  0.276985763505670E+003  0.120480671670758E+001  0.149920933128646E+001  0.322752652628851E+000  0.179739351603490E+000 -0.131028262406404E+000 -0.139921595553923E+003
  0.574160679384445E-001  0.276985641675807E+003  0.154239931582539E+001  0.178570634853934E+001  0.934144257542957E+000  0.142374971451806E+000 -0.131028262406404E+000 -0.139921534638992E+003
  0.574160679384445E-001  0.276983661338820E+003  0.132882151330192E+001  0.817443110982216E+000  0.196108735283950E+000  0.162944838580706E+000 -0.131028262406404E+000 -0.139920544470498E+003
  0.574160679384445E-001  0.276980023111063E+003  0.550384414952338E+000  0.183798056753974E+001  0.933486203746481E+000  0.442605543101335E+000 -0.131028262406404E+000 -0.139918725356620E+003
  0.574160679384445E-001  0.276977154742196E+003  0.110044580834261E+001  0.175868529302101E+001  0.694674531080559E-001  0.200680296766518E+000 -0.131028262406404E+000 -0.139917291172186E+003
  0.574160679384445E-001  0.276971092539142E+003  0.477551362073279E+000  0.175583227769709E+001  0.529240971529787E+000  0.494845129189167E+000 -0.131028262406404E+000 -0.139914260070659E+003
  0.574160679384445E-001  0.276943395355792E+003  0.933147918723839E+000  0.193827331926718E+001  0.773316718888048E+000  0.244164022620945E+000 -0.131028262406404E+000 -0.139900411478984E+003
  0.574160679384445E-001  0.276941991013507E+003  0.844540794146572E+000  0.197884461558466E+001  0.613489218825181E+000  0.277222806991883E+000 -0.131028262406404E+000 -0.139899709307842E+003
  0.574160679384445E-001  0.276930923991694E+003  0.132207835536392E+001  0.891773908773309E+000  0.882697530981545E+000  0.160251656565076E+000 -0.131028262406404E+000 -0.139894175796935E+003
  0.574160679384445E-001  0.276927774078688E+003  0.766679285407618E+000  0.170625365334094E+001  0.416335158828942E-001  0.285227365138921E+000 -0.131028262406404E+000 -0.139892600840432E+003
  0.574160679384445E-001  0.276926044113167E+003  0.115810936774058E+001  0.106443013565479E+001  0.939785402290156E+000  0.181528086575909E+000 -0.131028262406404E+000 -0.139891735857672E+003
  0.574160679384445E-001  0.276909449076957E+003  0.169330408515723E+001  0.165837804769596E+001  0.758907612481726E+000  0.125226875347313E+000 -0.131028262406404E+000 -0.139883438339567E+003
  0.574160679384445E-001  0.276907443443912E+003  0.905015241972981E+000  0.198672717219274E+001  0.871999923863074E+000  0.252417410060393E+000 -0.131028262406404E+000 -0.139882435523044E+003
  0.574160679384445E-001  0.276906324374421E+003  0.422229805239718E+000  0.121757491741807E+001  0.307759354428012E+000  0.475685202933316E+000 -0.131028262406404E+000 -0.139881875988299E+003
  0.574160679384445E-001  0.276887190656240E+003  0.667979702465717E+000  0.179715859901314E+001  0.680834492701890E+000  0.333771854565262E+000 -0.131028262406404E+000 -0.139872309129208E+003
  0.574160679384445E-001  0.276883531235913E+003  0.117206150700730E+001  0.775069825486912E+000  0.854537577115414E+000  0.178453599787967E+000 -0.131028262406404E+000 -0.139870479419045E+003
  0.574160679384445E-001  0.276876560262273E+003  0.627928310447420E+000  0.181750452679293E+001  0.166015183574317E+000  0.359012301306168E+000 -0.131028262406404E+000 -0.139866993932225E+003
  0.574160679384445E-001  0.276873087595314E+003  0.474970736554412E+000  0.876735286923610E+000  0.415057050557752E+000  0.439079200522488E+000 -0.131028262406404E+000 -0.139865257598745E+003
  0.574160679384445E-001  0.276868999709531E+003  0.198582021944016E+001  0.174310244429538E+001  0.141828689195983E-001  0.105360762459310E+000 -0.131028262406404E+000 -0.139863213655854E+003
  0.574160679384445E-001  0.276864227890982E+003  0.668155291774588E+000  0.192704357211273E+001  0.704088603357422E+000  0.348651351536609E+000 -0.131028262406404E+000 -0.139860827746579E+003
  0.574160679384445E-001  0.276857838859588E+003  0.878582474952110E+000  0.186349947527691E+001  0.318035393522071E+000  0.247928868968561E+000 -0.131028262406404E+000 -0.139857633230883E+003
  0.574160679384445E-001  0.276846493010184E+003  0.986497732109142E+000  0.104806716885970E+001  0.560362631667206E+000  0.206250868409769E+000 -0.131028262406404E+000 -0.139851960306180E+003
  0.574160679384445E-001  0.276838429005293E+003  0.846704387121497E+000  0.505251799705086E+000  0.323062821064057E+000  0.253643759133246E+000 -0.131028262406404E+000 -0.139847928303735E+003
  0.574160679384445E-001  0.276831449899323E+003  0.185539067940246E+001  0.183378949427144E+001  0.427249968942639E+000  0.111668353833118E+000 -0.131028262406404E+000 -0.139844438750750E+003
  0.574160679384445E-001  0.276828824075449E+003  0.916804599429792E+000  0.195516959190707E+001  0.313290075016028E+000  0.238563960721546E+000 -0.131028262406404E+000 -0.139843125838813E+003
  0.574160679384445E-001  0.276819851220536E+003  0.123340597985347E+001  0.549867285959702E+000  0.833297735094749E+000  0.167911428721024E+000 -0.131028262406404E+000 -0.139838639411356E+003
  0.574160679384445E-001  0.276818608168308E+003  0.521318316707039E+000  0.533038982786071E+000  0.879090363521660E+000  0.461702624023591E+000 -0.131028262406404E+000 -0.139838017885243E+003
  0.574160679384445E-001  0.276817932203912E+003  0.468619431223013E+000  0.157798799592680E+001  0.883744637782405E+000  0.438195498641515E+000 -0.131028262406404E+000 -0.139837679903044E+003
  0.574160679384445E-001  0.276816533810293E+003  0.802910350967513E+000  0.142107253095526E+001  0.317360187843918E+000  0.251020031817621E+000 -0.131028262406404E+000 -0.139836980706235E+003
  0.574160679384445E-001  0.276812447804241E+003  0.849239814711841E+000  0.793386976610992E+000  0.394422667571386E+000  0.239198418716985E+000 -0.131028262406404E+000 -0.139834937703209E+003
  0.574160679384445E-001  0.276808283342547E+003  0.540850794732534E+000  0.176610871848258E+001  0.306723054511181E+000  0.403222885206617E+000 -0.131028262406404E+000 -0.139832855472362E+003
  0.574160679384445E-001  0.276806321703433E+003  0.481630226580889E+000  0.723663528666926E+000  0.467474955685168E+000  0.444630873289157E+000 -0.131028262406404E+000 -0.139831874652805E+003
  0.574160679384445E-001  0.276804240083122E+003  0.129859152737022E+001  0.145933145058730E+001  0.718300815072875E+000  0.155825485512220E+000 -0.131028262406404E+000 -0.139830833842650E+003
  0.574160679384445E-001  0.276803992422765E+003  0.478582529108691E+000  0.148703324552370E+001  0.489857943961397E+000  0.416802478268840E+000 -0.131028262406404E+000 -0.139830710012471E+003
  0.574160679384445E-001  0.276799383690551E+003  0.155887488460055E+001  0.104395078163946E+001  0.432172405209815E-001  0.129235782186024E+000 -0.131028262406404E+000 -0.139828405646364E+003
  0.574160679384445E-001  0.276798974396270E+003  0.675883572679537E+000  0.195826763346232E+001  0.569006634397116E+000  0.338542699453178E+000 -0.131028262406404E+000 -0.139828200999223E+003
  0.574160679384445E-001  0.276796206685476E+003  0.830093047191369E+000  0.152055939810739E+001  0.618674651157371E+000  0.243121672224655E+000 -0.131028262406404E+000 -0.139826817143827E+003
  0.574160679384445E-001  0.276795254395535E+003  0.109294276209241E+001  0.936168335938613E+000  0.568830791105849E+000  0.183447750971897E+000 -0.131028262406404E+000 -0.139826340998856E+003
  0.574160679384445E-001  0.276793578554378E+003  0.143911064515010E+001  0.123545495809621E+001  0.845199813971687E+000  0.139524180862094E+000 -0.131028262406404E+000 -0.139825503078277E+003
  0.574160679384445E-001  0.276791412138432E+003  0.433088838765385E+000  0.121580994333258E+001  0.191710656043288E+000  0.442595453692661E+000 -0.131028262406404E+000 -0.139824419870305E+003
  0.574160679384445E-001  0.276790598816152E+003  0.691319867717262E+000  0.149605008273388E+001  0.148575436123992E+000  0.289857000117264E+000 -0.131028262406404E+000 -0.139824013209164E+003
  0.574160679384445E-001  0.276786407797340E+003  0.164682384761219E+001  0.500496183222710E+000  0.327235017488290E+000  0.123602448978071E+000 -0.131028262406404E+000 -0.139821917699758E+003
  0.574160679384445E-001  0.276780516076961E+003  0.102414136469688E+001  0.124692012924894E+001  0.552240281032262E+000  0.193812064517234E+000 -0.131028262406404E+000 -0.139818971839569E+003
  0.574160679384445E-001  0.276775762638094E+003  0.139879341389773E+001  0.145991504100601E+001  0.267764589556408E+000  0.143138524056093E+000 -0.131028262406404E+000 -0.139816595120135E+003
  0.574160679384445E-001  0.276772302791697E+003  0.535618990516554E+000  0.832874702724961E+000  0.270424068056003E+000  0.372886362990123E+000 -0.131028262406404E+000 -0.139814865196937E+003
  0.574160679384445E-001  0.276767318960811E+003  0.104433791830814E+001  0.986367630310310E+000  0.346478064356732E+000  0.189402552988179E+000 -0.131028262406404E+000 -0.139812373281494E+003
  0.574160679384445E-001  0.276767282391485E+003  0.546353420036373E+000  0.167349438060734E+001  0.560781366355339E+000  0.377901361877262E+000 -0.131028262406404E+000 -0.139812354996831E+003
  0.574160679384445E-001  0.276762300456638E+003  0.928994493275675E+000  0.168438440361835E+001  0.403854178667583E+000  0.218076505935216E+000 -0.131028262406404E+000 -0.139809864029407E+003
  0.574160679384445E-001  0.276757025897663E+003  0.103627608202844E+001  0.107899853998351E+001  0.990480682253026E+000  0.189720380019163E+000 -0.131028262406404E+000 -0.139807226749920E+003
  0.574160679384445E-001  0.276755547949362E+003  0.903375233615248E+000  0.193620432441849E+001  0.558179925705408E-001  0.233875311281982E+000 -0.131028262406404E+000 -0.139806487775769E+003
  0.574160679384445E-001  0.276744600412144E+003  0.422654502201643E+000  0.950832690438573E+000  0.206810470970213E+000  0.457844449010573E+000 -0.131028262406404E+000 -0.139801014007160E+003
  0.574160679384445E-001  0.276744080747602E+003  0.101949511432909E+001  0.162054657115140E+001  0.560215600580116E+000  0.195607482306986E+000 -0.131028262406404E+000 -0.139800754174889E+003
  0.574160679384445E-001  0.276743330906181E+003  0.537210397662632E+000  0.199001295095162E+001  0.972544234706470E+000  0.458749614174293E+000 -0.131028262406404E+000 -0.139800379254179E+003
  0.574160679384445E-001  0.276741093820522E+003  0.156154472597776E+001  0.148165027399786E+001  0.571120511779865E+000  0.126614508580487E+000 -0.131028262406404E+000 -0.139799260711349E+003
  0.574160679384445E-001  0.276731094083442E+003  0.599682285068781E+000  0.111934926247279E+001  0.236700564258894E+000  0.317407674303562E+000 -0.131028262406404E+000 -0.139794260842809E+003
  0.574160679384445E-001  0.276730001886897E+003  0.521842774128068E+000  0.154831662080742E+001  0.902826186120294E+000  0.376282395708199E+000 -0.131028262406404E+000 -0.139793714744537E+003
  0.574160679384445E-001  0.276729012454706E+003  0.444090453758845E+000  0.710128444938524E+000  0.385847734419681E+000  0.475261877502737E+000 -0.131028262406404E+000 -0.139793220028442E+003
  0.574160679384445E-001  0.276724755472363E+003  0.812648289470260E+000  0.700125852809257E+000  0.475493581492897E+000  0.243371196636383E+000 -0.131028262406404E+000 -0.139791091537270E+003
  0.574160679384445E-001  0.276724117890231E+003  0.976630301194827E+000  0.949109192613221E+000  0.111449269851286E+000  0.198916421919499E+000 -0.131028262406404E+000 -0.139790772746204E+003
  0.574160679384445E-001  0.276716082665415E+003  0.780361977420762E+000  0.167221140732278E+001  0.414776494011531E+000  0.255336739334096E+000 -0.131028262406404E+000 -0.139786755133796E+003
  0.574160679384445E-001  0.276715846792442E+003  0.393672742362423E+000  0.148724392372233E+001  0.932344814428498E+000  0.484560914321056E+000 -0.131028262406404E+000 -0.139786637197309E+003
  0.574160679384445E-001  0.276709400136595E+003  0.874765807998657E+000  0.153083782648367E+001  0.559516615657444E+000  0.222964444081955E+000 -0.131028262406404E+000 -0.139783413869386E+003
  0.574160679384445E-001  0.276708849170642E+003  0.601836428585424E+000  0.157170748517792E+001  0.604399470755516E-001  0.325242946717159E+000 -0.131028262406404E+000 -0.139783138386409E+003
  0.574160679384445E-001  0.276708535472716E+003  0.533263999474147E+000  0.136622511960392E+001  0.889863789511588E-001  0.354440941515416E+000 -0.131028262406404E+000 -0.139782981537446E+003
  0.574160679384445E-001  0.276707230021971E+003  0.128066666219550E+001  0.955204351731267E+000  0.532180056960716E+000  0.151363117171877E+000 -0.131028262406404E+000 -0.139782328812074E+003
  0.574160679384445E-001  0.276705880202720E+003  0.401667623612199E+000  0.164039339406064E+001  0.934434593605661E+000  0.498888999071452E+000 -0.131028262406404E+000 -0.139781653902448E+003
  0.574160679384445E-001  0.276699512620208E+003  0.139559109994979E+001  0.195763045441400E+001  0.558078106155764E+000  0.143089190366075E+000 -0.131028262406404E+000 -0.139778470111192E+003
  0.574160679384445E-001  0.276696899081751E+003  0.161735629030911E+001  0.142379083608609E+001  0.626444261657678E+000  0.119915369920025E+000 -0.131028262406404E+000 -0.139777163341964E+003
  0.574160679384445E-001  0.276694951460532E+003  0.696920999548155E+000  0.171710771253955E+001  0.403868527599422E+000  0.286955557961040E+000 -0.131028262406404E+000 -0.139776189531354E+003
  0.574160679384445E-001  0.276694208555956E+003  0.472059697666888E+000  0.643285216847958E+000  0.364798552168566E+000  0.447215163519414E+000 -0.131028262406404E+000 -0.139775818079066E+003
  0.574160679384445E-001  0.276693726730260E+003  0.111146862005937E+001  0.856437054937020E+000  0.999848878062604E-002  0.173557662309262E+000 -0.131028262406404E+000 -0.139775577166218E+003
  0.574160679384445E-001  0.276692976092247E+003  0.122815125600824E+001  0.114300309572228E+001  0.320839922515261E+000  0.156500187242398E+000 -0.131028262406404E+000 -0.139775201847212E+003
  0.574160679384445E-001  0.276689649612123E+003  0.713892453276030E+000  0.965761754136645E+000  0.446741608619120E-001  0.265619750052245E+000 -0.131028262406404E+000 -0.139773538607150E+003
  0.574160679384445E-001  0.276689101106556E+003  0.107144008764912E+001  0.617321998093000E+000  0.590978280662764E+000  0.182329880552022E+000 -0.131028262406404E+000 -0.139773264354366E+003
  0.574160679384445E-001  0.276685547949002E+003  0.656524056623744E+000  0.858871976177028E+000  0.496112717405694E+000  0.290394153939622E+000 -0.131028262406404E+000 -0.139771487775589E+003
  0.574160679384445E-001  0.276680050633012E+003  0.946682623357153E+000  0.180548781972309E+001  0.675464784051573E+000  0.209848357325750E+000 -0.131028262406404E+000 -0.139768739117594E+003
  0.574160679384445E-001  0.276679241228498E+003  0.488447344987510E+000  0.547934033544852E+000  0.743777377192078E+000  0.454468562551652E+000 -0.131028262406404E+000 -0.139768334415337E+003
  0.574160679384445E-001  0.276674401214270E+003  0.126714223687455E+001  0.134293058289567E+001  0.541896334363285E+000  0.150962856889815E+000 -0.131028262406404E+000 -0.139765914408223E+003
  0.574160679384445E-001  0.276669976144100E+003  0.131148090234243E+001  0.141959799947777E+001  0.814373888169411E-001  0.145945318396867E+000 -0.131028262406404E+000 -0.139763701873138E+003
  0.574160679384445E-001  0.276659317285420E+003  0.694390714550071E+000  0.181928764277198E+001  0.648573240124044E-001  0.290876168205917E+000 -0.131028262406404E+000 -0.139758372443798E+003
  0.574160679384445E-001  0.276658957575154E+003  0.160778511155854E+001  0.183167552781076E+001  0.462735570079205E+000  0.120427609125252E+000 -0.131028262406404E+000 -0.139758192588665E+003
  0.574160679384445E-001  0.276652965547840E+003  0.421204716443447E+000  0.172472603067361E+001  0.722292607083792E+000  0.482730825680672E+000 -0.131028262406404E+000 -0.139755196575008E+003
  0.574160679384445E-001  0.276650691055427E+003  0.822667307136603E+000  0.907795419603087E+000  0.916439205990497E-001  0.228266298577306E+000 -0.131028262406404E+000 -0.139754059328802E+003
  0.574160679384445E-001  0.276642743722396E+003  0.129925651141348E+001  0.191362103306010E+001  0.723234440125361E+000  0.149826341044135E+000 -0.131028262406404E+000 -0.139750085662287E+003
  0.574160679384445E-001  0.276636727140394E+003  0.836708417266693E+000  0.158499544616483E+001  0.436053335759478E+000  0.227084986224831E+000 -0.131028262406404E+000 -0.139747077371285E+003
  0.574160679384445E-001  0.276634404836082E+003  0.941000717812470E+000  0.149397753776033E+001  0.754736479748364E+000  0.200238992867825E+000 -0.131028262406404E+000 -0.139745916219130E+003
  0.574160679384445E-001  0.276633268864835E+003  0.628420600337482E+000  0.186670230714530E+001  0.539167447173301E+000  0.326542331598941E+000 -0.131028262406404E+000 -0.139745348233506E+003
  0.574160679384445E-001  0.276632231420799E+003  0.117043545390200E+001  0.103185102334504E+001  0.807657489581439E+000  0.159930049070485E+000 -0.131028262406404E+000 -0.139744829511488E+003
  0.574160679384445E-001  0.276628495322747E+003  0.431438649959858E+000  0.819433405957677E+000  0.738842027060730E+000  0.438501699072864E+000 -0.131028262406404E+000 -0.139742961462462E+003
  0.574160679384445E-001  0.276621153559964E+003  0.725860071009027E+000  0.168313995239226E+001  0.744008389428548E+000  0.264121932480076E+000 -0.131028262406404E+000 -0.139739290581070E+003
  0.574160679384445E-001  0.276618899936468E+003  0.759604069020678E+000  0.175100903203936E+001  0.473234540574711E+000  0.254918454400301E+000 -0.131028262406404E+000 -0.139738163769323E+003
  0.574160679384445E-001  0.276616575161155E+003  0.484635832328995E+000  0.833619556691507E+000  0.739130560525416E+000  0.382802142627951E+000 -0.131028262406404E+000 -0.139737001381666E+003
  0.574160679384445E-001  0.276616572918588E+003  0.628152319332675E+000  0.593965071614992E+000  0.739140867474725E+000  0.308902539801371E+000 -0.131028262406404E+000 -0.139737000260382E+003
  0.574160679384445E-001  0.276616540575564E+003  0.993223658256695E+000  0.108682064369429E+001  0.238157509306371E-001  0.186290914914089E+000 -0.131028262406404E+000 -0.139736984088870E+003
  0.574160679384445E-001  0.276611347138118E+003  0.732201370581919E+000  0.122061528174457E+001  0.650638942623395E+000  0.249404720292026E+000 -0.131028262406404E+000 -0.139734387370148E+003
  0.574160679384445E-001  0.276605836358765E+003  0.670238185353656E+000  0.152607055407792E+001  0.458073908919502E+000  0.277138580640372E+000 -0.131028262406404E+000 -0.139731631980471E+003
  0.574160679384445E-001  0.276605336760863E+003  0.951141522365757E+000  0.158919966603963E+001  0.591658140290984E+000  0.197000127269379E+000 -0.131028262406404E+000 -0.139731382181520E+003
  0.574160679384445E-001  0.276602226150849E+003  0.638096008624765E+000  0.105837190805650E+001  0.146615640819245E+000  0.283160030845266E+000 -0.131028262406404E+000 -0.139729826876513E+003
  0.574160679384445E-001  0.276600321049550E+003  0.367783974018558E+000  0.102259141816264E+001  0.300164395788610E+000  0.482436342467201E+000 -0.131028262406404E+000 -0.139728874325863E+003
  0.574160679384445E-001  0.276599738171700E+003  0.551746298205964E+000  0.719967740998327E+000  0.625052915352589E+000  0.340580895378419E+000 -0.131028262406404E+000 -0.139728582886938E+003
  0.574160679384445E-001  0.276594080136239E+003  0.546851474268493E+000  0.732071252177431E+000  0.458129357518230E+000  0.341710396641469E+000 -0.131028262406404E+000 -0.139725753869208E+003
  0.574160679384445E-001  0.276593594976326E+003  0.388085544586871E+000  0.919523852391264E+000  0.354811436584287E+000  0.466558326315995E+000 -0.131028262406404E+000 -0.139725511289251E+003
  0.574160679384445E-001  0.276587880113998E+003  0.128643624204369E+001  0.186893080903099E+001  0.674356408859321E+000  0.147049405655142E+000 -0.131028262406404E+000 -0.139722653858087E+003
  0.574160679384445E-001  0.276586592346030E+003  0.466342846710351E+000  0.187162952897960E+001  0.315756948599470E+000  0.456184649824747E+000 -0.131028262406404E+000 -0.139722009974103E+003
  0.574160679384445E-001  0.276585922965837E+003  0.871104900204001E+000  0.976257221467375E+000  0.211391695823165E+000  0.209051051610659E+000 -0.131028262406404E+000 -0.139721675284007E+003
  0.574160679384445E-001  0.276579744919878E+003  0.679570850323664E+000  0.191463202908617E+001  0.982263196893607E+000  0.295338233536526E+000 -0.131028262406404E+000 -0.139718586261027E+003
  0.574160679384445E-001  0.276578397858640E+003  0.427257191812835E+000  0.102727492404521E+001  0.187970342598324E+000  0.410859778768965E+000 -0.131028262406404E+000 -0.139717912730408E+003
  0.574160679384445E-001  0.276573803591800E+003  0.107764544506842E+001  0.685561988626652E+000  0.788116358852154E+000  0.171012942516165E+000 -0.131028262406404E+000 -0.139715615596988E+003
  0.574160679384445E-001  0.276572746125499E+003  0.489958462117809E+000  0.185393754771994E+001  0.769959392567657E+000  0.420956540393972E+000 -0.131028262406404E+000 -0.139715086863838E+003
  0.574160679384445E-001  0.276569092143964E+003  0.525442192574063E+000  0.126721474043392E+001  0.770779369168641E+000  0.335074901118810E+000 -0.131028262406404E+000 -0.139713259873070E+003
  0.574160679384445E-001  0.276568622379874E+003  0.481501441263975E+000  0.619531811841140E+000  0.473454532523356E+000  0.405939080776272E+000 -0.131028262406404E+000 -0.139713024991026E+003
  0.574160679384445E-001  0.276567960600009E+003  0.102048819715729E+001  0.157798498944228E+001  0.230055418576611E+000  0.180319974370638E+000 -0.131028262406404E+000 -0.139712694101093E+003
  0.574160679384445E-001  0.276566206522277E+003  0.155028444876167E+001  0.140919303893008E+001  0.847084762361073E+000  0.118096959272017E+000 -0.131028262406404E+000 -0.139711817062227E+003
  0.574160679384445E-001  0.276565808932212E+003  0.165024653227346E+001  0.115491419865324E+001  0.684329309090403E-001  0.110697418689363E+000 -0.131028262406404E+000 -0.139711618267194E+003
  0.574160679384445E-001  0.276561030702822E+003  0.819068712031230E+000  0.920053100851947E+000  0.474509544149947E-001  0.219813645661972E+000 -0.131028262406404E+000 -0.139709229152499E+003
  0.574160679384445E-001  0.276560978754049E+003  0.535895996512317E+000  0.136024620094480E+001  0.300642703686494E+000  0.329985777662895E+000 -0.131028262406404E+000 -0.139709203178113E+003
  0.574160679384445E-001  0.276537020820508E+003  0.425280856510123E+000  0.173556941336850E+001  0.274984529418622E+000  0.452331435563807E+000 -0.131028262406404E+000 -0.139697224211343E+003
  0.574160679384445E-001  0.276535272422662E+003  0.899924330878341E+000  0.119358230050469E+001  0.591972166723462E+000  0.197508862448030E+000 -0.131028262406404E+000 -0.139696350012419E+003
  0.574160679384445E-001  0.276533784339306E+003  0.592596319968513E+000  0.121008745315452E+001  0.767333993562600E-001  0.293815743591020E+000 -0.131028262406404E+000 -0.139695605970741E+003
  0.574160679384445E-001  0.276533328635595E+003  0.526998503339863E+000  0.894775881171890E+000  0.356426830026146E+000  0.333103162297470E+000 -0.131028262406404E+000 -0.139695378118886E+003
  0.574160679384445E-001  0.276533319161313E+003  0.573627893886772E+000  0.190070465772283E+001  0.536872185488588E+000  0.349706835652638E+000 -0.131028262406404E+000 -0.139695373381745E+003
  0.574160679384445E-001  0.276532202127065E+003  0.485279391909495E+000  0.117921767977435E+001  0.196354485865535E+000  0.353488044286324E+000 -0.131028262406404E+000 -0.139694814864621E+003
  0.574160679384445E-001  0.276529372938358E+003  0.434437161252933E+000  0.190801860722099E+001  0.823638020172502E+000  0.497806217327922E+000 -0.131028262406404E+000 -0.139693400270268E+003
  0.574160679384445E-001  0.276523877366804E+003  0.378111948005069E+000  0.101833541990334E+001  0.119538399853402E+000  0.450303593174692E+000 -0.131028262406404E+000 -0.139690652484490E+003
  0.574160679384445E-001  0.276520485375021E+003  0.438334878330369E+000  0.665586329839284E+000  0.125145019145235E-001  0.431220442799816E+000 -0.131028262406404E+000 -0.139688956488599E+003
  0.574160679384445E-001  0.276519155130352E+003  0.541473288151124E+000  0.110095640445417E+001  0.979818985575249E+000  0.317337150900058E+000 -0.131028262406404E+000 -0.139688291366264E+003
  0.574160679384445E-001  0.276519099925392E+003  0.175200632268085E+001  0.116067989377564E+001  0.109771080689187E+000  0.102090616085867E+000 -0.131028262406404E+000 -0.139688263763784E+003
  0.574160679384445E-001  0.276517325670983E+003  0.405052444847847E+000  0.126509439560386E+001  0.267453152225394E+000  0.415725756549023E+000 -0.131028262406404E+000 -0.139687376636580E+003
  0.574160679384445E-001  0.276514965873246E+003  0.151955471311950E+001  0.147093616260855E+001  0.893137367479523E+000  0.117769486088930E+000 -0.131028262406404E+000 -0.139686196737711E+003
  0.574160679384445E-001  0.276513098575956E+003  0.511446756014965E+000  0.193631512567073E+001  0.335150195933370E+000  0.407493780162543E+000 -0.131028262406404E+000 -0.139685263089066E+003
  0.574160679384445E-001  0.276510403780332E+003  0.675396014446902E+000  0.570419555137784E+000  0.920019058730665E+000  0.270542156414756E+000 -0.131028262406404E+000 -0.139683915691254E+003
  0.574160679384445E-001  0.276505130751537E+003  0.131844990814575E+001  0.166156579292323E+001  0.292802261082402E+000  0.136008354543109E+000 -0.131028262406404E+000 -0.139681279176857E+003
  0.574160679384445E-001  0.276502852966221E+003  0.137515828361722E+001  0.152652748069585E+001  0.647100268610762E+000  0.129516590840471E+000 -0.131028262406404E+000 -0.139680140284199E+003
  0.574160679384445E-001  0.276501900811761E+003  0.168610444400585E+001  0.893259847941971E+000  0.523643325511806E+000  0.105281766524533E+000 -0.131028262406404E+000 -0.139679664206969E+003
  0.574160679384445E-001  0.276501641643812E+003  0.789907790317286E+000  0.123213561424306E+001  0.453163264840783E+000  0.220455485920097E+000 -0.131028262406404E+000 -0.139679534622994E+003
  0.574160679384445E-001  0.276499945294165E+003  0.337544051729362E+000  0.117045858671880E+001  0.219342584993948E+000  0.487682386027220E+000 -0.131028262406404E+000 -0.139678686448171E+003
  0.574160679384445E-001  0.276499796476611E+003  0.161279602372303E+001  0.103632831559929E+001  0.698346735734857E+000  0.109776511074793E+000 -0.131028262406404E+000 -0.139678612039394E+003
  0.574160679384445E-001  0.276497089619006E+003  0.432365086570522E+000  0.136402672650167E+001  0.859555914864547E-001  0.390995928382019E+000 -0.131028262406404E+000 -0.139677258610592E+003
  0.574160679384445E-001  0.276493637669350E+003  0.461517165981395E+000  0.128810306070073E+001  0.694864189884428E+000  0.364802877363085E+000 -0.131028262406404E+000 -0.139675532635763E+003
  0.574160679384445E-001  0.276485426600039E+003  0.418893398719598E+000  0.177706536846403E+001  0.511666997807805E+000  0.457420357453213E+000 -0.131028262406404E+000 -0.139671427101108E+003
  0.574160679384445E-001  0.276481525741440E+003  0.107216908387082E+001  0.154569179505980E+001  0.942429078272904E+000  0.164326851175305E+000 -0.131028262406404E+000 -0.139669476671808E+003
  0.574160679384445E-001  0.276480764298951E+003  0.175816589923019E+001  0.551616920306920E+000  0.781522230706683E+000  0.100604393412791E+000 -0.131028262406404E+000 -0.139669095950564E+003
  0.574160679384445E-001  0.276479880820505E+003  0.566166239120023E+000  0.636050168780632E+000  0.940559130939637E+000  0.316144654276157E+000 -0.131028262406404E+000 -0.139668654211341E+003
  0.574160679384445E-001  0.276479003482671E+003  0.446557940644431E+000  0.577877933018769E+000  0.793055392663723E+000  0.431231976992566E+000 -0.131028262406404E+000 -0.139668215542424E+003
  0.574160679384445E-001  0.276478577075052E+003  0.790878214980054E+000  0.183036737748026E+001  0.356454425907186E+000  0.231188085097419E+000 -0.131028262406404E+000 -0.139668002338614E+003
  0.574160679384445E-001  0.276478284039804E+003  0.630091574872516E+000  0.145843966501671E+001  0.698895243346346E+000  0.274536300808383E+000 -0.131028262406404E+000 -0.139667855820990E+003
  0.574160679384445E-001  0.276476747192686E+003  0.784646999002527E+000  0.143607846550385E+001  0.304761033219413E+000  0.221352237014451E+000 -0.131028262406404E+000 -0.139667087397431E+003
  0.574160679384445E-001  0.276476017234927E+003  0.156193094540429E+001  0.812589120880884E+000  0.741880577864397E-001  0.112262552431884E+000 -0.131028262406404E+000 -0.139666722418552E+003
  0.574160679384445E-001  0.276475455579782E+003  0.434910767614082E+000  0.782844526022189E+000  0.315865440384920E+000  0.401506156860010E+000 -0.131028262406404E+000 -0.139666441590979E+003
  0.574160679384445E-001  0.276473382937605E+003  0.128983868012121E+001  0.766530998752436E+000  0.757242676321009E+000  0.135667183860094E+000 -0.131028262406404E+000 -0.139665405269891E+003
  0.574160679384445E-001  0.276470911089655E+003  0.165333438131269E+001  0.100841525174593E+001  0.824186174246575E+000  0.105622716508547E+000 -0.131028262406404E+000 -0.139664169345916E+003
  0.574160679384445E-001  0.276466425476702E+003  0.583591165199054E+000  0.167253073935729E+001  0.713484156785147E+000  0.305312171850102E+000 -0.131028262406404E+000 -0.139661926539439E+003
  0.574160679384445E-001  0.276466165318169E+003  0.498907583513282E+000  0.163905119011304E+001  0.559469115936544E-001  0.354937939826430E+000 -0.131028262406404E+000 -0.139661796460173E+003
  0.574160679384445E-001  0.276465436155056E+003  0.130431426245927E+001  0.998219766154082E+000  0.588897258975503E+000  0.133053080622507E+000 -0.131028262406404E+000 -0.139661431878616E+003
  0.574160679384445E-001  0.276464457151600E+003  0.733430616204303E+000  0.725069928666738E+000  0.391369640491613E+000  0.236696102901613E+000 -0.131028262406404E+000 -0.139660942376888E+003
  0.574160679384445E-001  0.276462825261870E+003  0.411562182767663E+000  0.108103689870318E+001  0.825336486778396E+000  0.398636736575444E+000 -0.131028262406404E+000 -0.139660126432024E+003
  0.574160679384445E-001  0.276461372378738E+003  0.473769107116023E+000  0.109490713353907E+001  0.359080474849684E+000  0.349072958711453E+000 -0.131028262406404E+000 -0.139659399990457E+003
  0.574160679384445E-001  0.276458400510269E+003  0.605289676190552E+000  0.700349102362395E+000  0.567949755123294E+000  0.287098723872584E+000 -0.131028262406404E+000 -0.139657914056223E+003
  0.574160679384445E-001  0.276457910011338E+003  0.586568171781883E+000  0.135907087368570E+001  0.217013781468943E+000  0.288091235814408E+000 -0.131028262406404E+000 -0.139657668806757E+003
  0.574160679384445E-001  0.276450240623776E+003  0.138062249001230E+001  0.139032326737228E+001  0.405766371477690E+000  0.125213516529869E+000 -0.131028262406404E+000 -0.139653834112977E+003
  0.574160679384445E-001  0.276450226610442E+003  0.405579014448257E+000  0.153882297402820E+001  0.791963272373572E+000  0.419312058292464E+000 -0.131028262406404E+000 -0.139653827106310E+003
  0.574160679384445E-001  0.276450174380911E+003  0.510197362609943E+000  0.101870581555639E+001  0.128419041867012E+000  0.324969770107586E+000 -0.131028262406404E+000 -0.139653800991544E+003
  0.574160679384445E-001  0.276449074529111E+003  0.500389215145653E+000  0.539057870014959E+000  0.616087855924003E+000  0.370251518650885E+000 -0.131028262406404E+000 -0.139653251065644E+003
  0.574160679384445E-001  0.276447876235803E+003  0.679985024839908E+000  0.174534953218405E+001  0.653225741841594E+000  0.262275676610687E+000 -0.131028262406404E+000 -0.139652651918990E+003
  0.574160679384445E-001  0.276446684102932E+003  0.480349674931639E+000  0.159525375029483E+001  0.736573447332248E+000  0.360432634982313E+000 -0.131028262406404E+000 -0.139652055852555E+003
  0.574160679384445E-001  0.276446239457611E+003  0.165818313130810E+001  0.142670644298527E+001  0.674468007850753E+000  0.104295927872123E+000 -0.131028262406404E+000 -0.139651833529894E+003
  0.574160679384445E-001  0.276438583335499E+003  0.446706835134702E+000  0.789001097888717E+000  0.854276903433586E+000  0.380621107026417E+000 -0.131028262406404E+000 -0.139648005468838E+003
  0.574160679384445E-001  0.276436003811706E+003  0.415850543650224E+000  0.712523210228579E+000  0.783039357267916E+000  0.422692567980250E+000 -0.131028262406404E+000 -0.139646715706941E+003
  0.574160679384445E-001  0.276435189082704E+003  0.339324915287165E+000  0.109931300651280E+001  0.693955161882692E+000  0.470398559737639E+000 -0.131028262406404E+000 -0.139646308342440E+003
  0.574160679384445E-001  0.276434571081454E+003  0.101478490528499E+001  0.126483373123612E+001  0.475177763777493E+000  0.167537335320299E+000 -0.131028262406404E+000 -0.139645999341816E+003
  0.574160679384445E-001  0.276433815719256E+003  0.463770066891201E+000  0.929620071497467E+000  0.798958509205314E-001  0.355620375221735E+000 -0.131028262406404E+000 -0.139645621660716E+003
  0.574160679384445E-001  0.276421812505448E+003  0.412562525767675E+000  0.109473304947334E+001  0.985379536347411E+000  0.388570095148105E+000 -0.131028262406404E+000 -0.139639620053812E+003
  0.574160679384445E-001  0.276421710528098E+003  0.157920389425950E+001  0.142624637988096E+001  0.304203400918055E-001  0.108102216776566E+000 -0.131028262406404E+000 -0.139639569065137E+003
  0.574160679384445E-001  0.276419916184697E+003  0.806788646384379E+000  0.946697851228787E+000  0.336103978691332E-001  0.207570292817000E+000 -0.131028262406404E+000 -0.139638671893437E+003
  0.574160679384445E-001  0.276415795020193E+003  0.758623074325917E+000  0.192848295816346E+001  0.190721856522872E-001  0.238711817694775E+000 -0.131028262406404E+000 -0.139636611311185E+003
  0.574160679384445E-001  0.276408734372245E+003  0.441015701294535E+000  0.199788082064696E+001  0.307323687080589E+000  0.495826462171932E+000 -0.131028262406404E+000 -0.139633080987211E+003
  0.574160679384445E-001  0.276406346740422E+003  0.664354951137997E+000  0.113332971074692E+001  0.963764520339956E+000  0.247198893135305E+000 -0.131028262406404E+000 -0.139631887171299E+003
  0.574160679384445E-001  0.276405421497453E+003  0.515127327836281E+000  0.174832259375392E+001  0.676183155843751E+000  0.343728181466889E+000 -0.131028262406404E+000 -0.139631424549815E+003
  0.574160679384445E-001  0.276401738751982E+003  0.130751680215318E+001  0.149446741504194E+001  0.292417307308762E+000  0.129232882077440E+000 -0.131028262406404E+000 -0.139629583177079E+003
  0.574160679384445E-001  0.276400291025916E+003  0.417308962966169E+000  0.186013856947983E+001  0.394766134008669E+000  0.461514596027665E+000 -0.131028262406404E+000 -0.139628859314047E+003
  0.574160679384445E-001  0.276398955089420E+003  0.609860940864557E+000  0.185186597849870E+001  0.113485348056000E+000  0.295123804208819E+000 -0.131028262406404E+000 -0.139628191345798E+003
  0.574160679384445E-001  0.276398029813583E+003  0.157618771131301E+001  0.130372551948147E+001  0.638485265450743E+000  0.106771807692544E+000 -0.131028262406404E+000 -0.139627728707880E+003
  0.574160679384445E-001  0.276396795549427E+003  0.685143741341287E+000  0.621179824452033E+000  0.984590224993337E-001  0.247202216586867E+000 -0.131028262406404E+000 -0.139627111575802E+003
  0.574160679384445E-001  0.276394810941030E+003  0.709805398152682E+000  0.966640842810261E+000  0.430401562129483E+000  0.231375786412787E+000 -0.131028262406404E+000 -0.139626119271604E+003
  0.574160679384445E-001  0.276394450826397E+003  0.385008334358990E+000  0.107515609648522E+001  0.734604213842453E+000  0.408552532558394E+000 -0.131028262406404E+000 -0.139625939214287E+003
  0.574160679384445E-001  0.276393390029967E+003  0.513940929177915E+000  0.186409343892082E+001  0.898007847747019E+000  0.359333532537691E+000 -0.131028262406404E+000 -0.139625408816072E+003
  0.574160679384445E-001  0.276390411259464E+003  0.439203895558194E+000  0.177745370231415E+001  0.163850258520204E+000  0.410035775925896E+000 -0.131028262406404E+000 -0.139623919430820E+003
  0.574160679384445E-001  0.276385059840715E+003  0.115180861614791E+001  0.150345513496309E+001  0.251778514317356E+000  0.145294872612769E+000 -0.131028262406404E+000 -0.139621243721446E+003
  0.574160679384445E-001  0.276383840281030E+003  0.562015344930658E+000  0.154216459231420E+001  0.305820695701555E+000  0.295223441495216E+000 -0.131028262406404E+000 -0.139620633941604E+003
  0.574160679384445E-001  0.276379944259879E+003  0.112782626096531E+001  0.181821929451541E+001  0.848174070755011E+000  0.150883111347744E+000 -0.131028262406404E+000 -0.139618685931028E+003
  0.574160679384445E-001  0.276379850564535E+003  0.496349640121794E+000  0.187150808597081E+001  0.132432551607451E+000  0.372542332677092E+000 -0.131028262406404E+000 -0.139618639083356E+003
  0.574160679384445E-001  0.276378835751588E+003  0.115758976641745E+001  0.127473117368325E+001  0.123516584261066E-001  0.143121034669325E+000 -0.131028262406404E+000 -0.139618131676882E+003
  0.574160679384445E-001  0.276375812448506E+003  0.123795094824831E+001  0.132858656359287E+001  0.599029620469402E-001  0.133927126240022E+000 -0.131028262406404E+000 -0.139616620025342E+003
  0.574160679384445E-001  0.276370716752028E+003  0.863060658247940E+000  0.158081567458241E+001  0.602666721281342E+000  0.192880921080245E+000 -0.131028262406404E+000 -0.139614072177102E+003
  0.574160679384445E-001  0.276370375215398E+003  0.126898927563753E+001  0.117723192162345E+001  0.183494367779185E+000  0.130058073449029E+000 -0.131028262406404E+000 -0.139613901408787E+003
  0.574160679384445E-001  0.276365042498241E+003  0.520902862789776E+000  0.151774902313882E+001  0.354967173495397E-001  0.313156452179769E+000 -0.131028262406404E+000 -0.139611235050209E+003
  0.574160679384445E-001  0.276364904829025E+003  0.772908447048740E+000  0.835483526743688E+000  0.896435566778996E+000  0.210958687596523E+000 -0.131028262406404E+000 -0.139611166215601E+003
  0.574160679384445E-001  0.276362386655161E+003  0.705700309570988E+000  0.881953055915989E+000  0.474649811278495E+000  0.229393741050348E+000 -0.131028262406404E+000 -0.139609907128669E+003
  0.574160679384445E-001  0.276358921392345E+003  0.377459740130130E+000  0.809448916095681E+000  0.677820287211497E-001  0.429362535799372E+000 -0.131028262406404E+000 -0.139608174497261E+003
  0.574160679384445E-001  0.276358566376011E+003  0.488215918145581E+000  0.135656925147660E+001  0.412692246394472E+000  0.324408434096897E+000 -0.131028262406404E+000 -0.139607996989094E+003
  0.574160679384445E-001  0.276356189816582E+003  0.139732805503917E+001  0.140481305022801E+001  0.705827155380713E+000  0.117780408330375E+000 -0.131028262406404E+000 -0.139606808709380E+003
  0.574160679384445E-001  0.276353897092590E+003  0.164623692277263E+001  0.554572623068582E+000  0.373569663640617E+000  0.100432766239328E+000 -0.131028262406404E+000 -0.139605662347383E+003
  0.574160679384445E-001  0.276351447557876E+003  0.698826082752556E+000  0.146459467604471E+001  0.638735009474382E+000  0.232382514243491E+000 -0.131028262406404E+000 -0.139604437580026E+003
  0.574160679384445E-001  0.276347562722562E+003  0.926485173746156E+000  0.111265246384774E+001  0.586937709097185E+000  0.174336947846293E+000 -0.131028262406404E+000 -0.139602495162369E+003
  0.574160679384445E-001  0.276346085542248E+003  0.368385631993775E+000  0.136920827275660E+001  0.215422841859116E+000  0.417779821288468E+000 -0.131028262406404E+000 -0.139601756572212E+003
  0.574160679384445E-001  0.276345838687028E+003  0.449505945088190E+000  0.196232777825066E+001  0.835125758190059E+000  0.440771909232648E+000 -0.131028262406404E+000 -0.139601633144602E+003
  0.574160679384445E-001  0.276344264436273E+003  0.603740807324012E+000  0.151481312650812E+001  0.876514303701360E+000  0.268202980023380E+000 -0.131028262406404E+000 -0.139600846019225E+003
  0.574160679384445E-001  0.276342794351770E+003  0.822852756684044E+000  0.949675409060980E+000  0.146409331849349E+000  0.195223100503162E+000 -0.131028262406404E+000 -0.139600110976973E+003
  0.574160679384445E-001  0.276337935502470E+003  0.450206336598394E+000  0.175351648046821E+001  0.160541989710333E+000  0.381814948210508E+000 -0.131028262406404E+000 -0.139597681552323E+003
  0.574160679384445E-001  0.276335977198922E+003  0.344451335893187E+000  0.704804755665868E+000  0.884187458001272E+000  0.498078070341717E+000 -0.131028262406404E+000 -0.139596702400549E+003
  0.574160679384445E-001  0.276333742529564E+003  0.411928882460661E+000  0.143932435374779E+001  0.229000260291703E-001  0.378690138507688E+000 -0.131028262406404E+000 -0.139595585065871E+003
  0.574160679384445E-001  0.276331890358181E+003  0.489682142048984E+000  0.532812513772410E+000  0.392901065720444E+000  0.348527508500579E+000 -0.131028262406404E+000 -0.139594658980179E+003
  0.574160679384445E-001  0.276329988468580E+003  0.716713961853636E+000  0.136440856715508E+001  0.546289913102996E+000  0.222387902374160E+000 -0.131028262406404E+000 -0.139593708035378E+003
  0.574160679384445E-001  0.276328148866218E+003  0.146139354308993E+001  0.109444413906224E+001  0.238802221558302E+000  0.110572561709741E+000 -0.131028262406404E+000 -0.139592788234197E+003
  0.574160679384445E-001  0.276325647666847E+003  0.408157758946128E+000  0.188694003762794E+001  0.840173161293691E+000  0.460138384037281E+000 -0.131028262406404E+000 -0.139591537634512E+003
  0.574160679384445E-001  0.276321375270522E+003  0.140092690967803E+001  0.121681952000046E+001  0.833356837225176E+000  0.114889773828228E+000 -0.131028262406404E+000 -0.139589401436349E+003
  0.574160679384445E-001  0.276321190773158E+003  0.481434210359648E+000  0.170605246767473E+001  0.488792611570713E-001  0.345676507047902E+000 -0.131028262406404E+000 -0.139589309187668E+003
  0.574160679384445E-001  0.276318956333665E+003  0.549141744064051E+000  0.141677245894721E+001  0.469768778147546E+000  0.285981088339131E+000 -0.131028262406404E+000 -0.139588191967921E+003
  0.574160679384445E-001  0.276318105862152E+003  0.628974210779420E+000  0.581030697206208E+000  0.767839493529218E+000  0.258628158078804E+000 -0.131028262406404E+000 -0.139587766732165E+003
  0.574160679384445E-001  0.276316156728449E+003  0.109744505646939E+001  0.979147212496625E+000  0.355359334662258E+000  0.145430484537493E+000 -0.131028262406404E+000 -0.139586792165313E+003
  0.574160679384445E-001  0.276315586133750E+003  0.464020159826077E+000  0.786732449026493E+000  0.770586466000193E+000  0.338524808487783E+000 -0.131028262406404E+000 -0.139586506867963E+003
  0.574160679384445E-001  0.276315039077124E+003  0.103106129402275E+001  0.192333283874582E+001  0.829164258917990E+000  0.161155788484298E+000 -0.131028262406404E+000 -0.139586233339651E+003
  0.574160679384445E-001  0.276313590440541E+003  0.539567551911732E+000  0.196073908108810E+001  0.766604943029783E+000  0.337860873013268E+000 -0.131028262406404E+000 -0.139585509021359E+003
  0.574160679384445E-001  0.276310797728163E+003  0.410963662128933E+000  0.112578236768665E+001  0.107015504319148E+000  0.365420132475291E+000 -0.131028262406404E+000 -0.139584112665170E+003
  0.574160679384445E-001  0.276310361906486E+003  0.565152172772327E+000  0.955170993943884E+000  0.178561205848283E+000  0.273791875489739E+000 -0.131028262406404E+000 -0.139583894754331E+003
  0.574160679384445E-001  0.276309275337575E+003  0.605616201019895E+000  0.545506860545425E+000  0.609502400456668E+000  0.269346637123312E+000 -0.131028262406404E+000 -0.139583351469876E+003
  0.574160679384445E-001  0.276307226264248E+003  0.780649135304716E+000  0.965154435930127E+000  0.350284131153261E+000  0.201092090773961E+000 -0.131028262406404E+000 -0.139582326933212E+003
  0.574160679384445E-001  0.276306721992833E+003  0.547667811383460E+000  0.981527704164350E+000  0.984815846491420E+000  0.280996143956146E+000 -0.131028262406404E+000 -0.139582074797505E+003
  0.574160679384445E-001  0.276303340300007E+003  0.448387663992573E+000  0.959460854026729E+000  0.832885776310630E-001  0.338728092563300E+000 -0.131028262406404E+000 -0.139580383951092E+003
  0.574160679384445E-001  0.276301883706454E+003  0.122647734062116E+001  0.178072725052666E+001  0.324709830577492E+000  0.132046346988648E+000 -0.131028262406404E+000 -0.139579655654315E+003
  0.574160679384445E-001  0.276298443271882E+003  0.689067083342400E+000  0.606014717094904E+000  0.549932383295781E+000  0.231718930807344E+000 -0.131028262406404E+000 -0.139577935437029E+003
  0.574160679384445E-001  0.276292500420318E+003  0.856173403785915E+000  0.810539367239211E+000  0.230936443477567E+000  0.183334945016170E+000 -0.131028262406404E+000 -0.139574964011247E+003
  0.574160679384445E-001  0.276292215318792E+003  0.798284641577539E+000  0.196288761906068E+001  0.294997902052714E+000  0.210615892077934E+000 -0.131028262406404E+000 -0.139574821460485E+003
  0.574160679384445E-001  0.276290323456639E+003  0.570513001596815E+000  0.538068276285799E+000  0.895355977969235E+000  0.283774688774221E+000 -0.131028262406404E+000 -0.139573875529408E+003
  0.574160679384445E-001  0.276285460232627E+003  0.510312932927076E+000  0.601837606139388E+000  0.134391704024912E+000  0.313663170538865E+000 -0.131028262406404E+000 -0.139571443917402E+003
  0.574160679384445E-001  0.276284756255790E+003  0.559202959082989E+000  0.179828325141492E+001  0.488231331269810E+000  0.296947646959840E+000 -0.131028262406404E+000 -0.139571091928983E+003
  0.574160679384445E-001  0.276283261553823E+003  0.963543588080790E+000  0.185754337856958E+001  0.361341238230591E+000  0.168432084204005E+000 -0.131028262406404E+000 -0.139570344578000E+003
  0.574160679384445E-001  0.276282359162118E+003  0.369262238066797E+000  0.184632151756001E+001  0.838132698689981E+000  0.486446480590555E+000 -0.131028262406404E+000 -0.139569893382147E+003
  0.574160679384445E-001  0.276281034509074E+003  0.621811433708244E+000  0.740268858542782E+000  0.759180734313127E+000  0.249727876484497E+000 -0.131028262406404E+000 -0.139569231055625E+003
  0.574160679384445E-001  0.276280565754631E+003  0.145979766315601E+001  0.761666656073941E+000  0.567887604523406E+000  0.107969588908384E+000 -0.131028262406404E+000 -0.139568996678404E+003
  0.574160679384445E-001  0.276279467012328E+003  0.835286754370747E+000  0.148681157678504E+001  0.278285834988374E+000  0.187662910735685E+000 -0.131028262406404E+000 -0.139568447307253E+003
  0.574160679384445E-001  0.276276563881680E+003  0.575813961730798E+000  0.147871516069170E+001  0.997643792321818E+000  0.268556373824752E+000 -0.131028262406404E+000 -0.139566995741929E+003
  0.574160679384445E-001  0.276276152523920E+003  0.469655306090432E+000  0.178106756316462E+001  0.997039813822462E+000  0.354477593595566E+000 -0.131028262406404E+000 -0.139566790063048E+003
  0.574160679384445E-001  0.276276148694770E+003  0.132415938024769E+001  0.119362434549292E+001  0.387844973154095E+000  0.118252888671610E+000 -0.131028262406404E+000 -0.139566788148473E+003
  0.574160679384445E-001  0.276274798725882E+003  0.830558806693300E+000  0.130300521618907E+001  0.104641478805852E+000  0.186397816407673E+000 -0.131028262406404E+000 -0.139566113164029E+003
  0.574160679384445E-001  0.276273959702653E+003  0.358202720965427E+000  0.147563289189137E+001  0.836290823288804E+000  0.418828762249736E+000 -0.131028262406404E+000 -0.139565693652415E+003
  0.574160679384445E-001  0.276267984500847E+003  0.118871948983735E+001  0.177440604697205E+001  0.688601751204982E+000  0.133495563816981E+000 -0.131028262406404E+000 -0.139562706051512E+003
  0.574160679384445E-001  0.276264830213734E+003  0.661131103257566E+000  0.118123237250081E+001  0.706450006710616E+000  0.229377414898801E+000 -0.131028262406404E+000 -0.139561128907956E+003
  0.574160679384445E-001  0.276264337035360E+003  0.905591337781450E+000  0.175003837608651E+001  0.755342376873378E+000  0.175426460098042E+000 -0.131028262406404E+000 -0.139560882318768E+003
  0.574160679384445E-001  0.276263908533640E+003  0.357793373669634E+000  0.111963001564999E+001  0.453703228616765E+000  0.402782695764363E+000 -0.131028262406404E+000 -0.139560668067908E+003
  0.574160679384445E-001  0.276263328385876E+003  0.443753692220703E+000  0.667203190323412E+000  0.631056590020976E-001  0.352006591528411E+000 -0.131028262406404E+000 -0.139560377994026E+003
  0.574160679384445E-001  0.276258024210829E+003  0.146552433058885E+001  0.190525594689995E+001  0.985928309314792E-001  0.107942006765538E+000 -0.131028262406404E+000 -0.139557725906503E+003
  0.574160679384445E-001  0.276256797695143E+003  0.107710748292762E+001  0.183309832483310E+001  0.429529856199982E+000  0.147256898224114E+000 -0.131028262406404E+000 -0.139557112648660E+003
  0.574160679384445E-001  0.276252606857725E+003  0.302452133964864E+000  0.153283547992247E+001  0.762316876239871E+000  0.491008112000814E+000 -0.131028262406404E+000 -0.139555017229951E+003
  0.574160679384445E-001  0.276251700391388E+003  0.119402305220449E+001  0.140494291062049E+001  0.289500184972554E+000  0.129456402473938E+000 -0.131028262406404E+000 -0.139554563996782E+003
  0.574160679384445E-001  0.276248215552367E+003  0.120380167931641E+001  0.154466187438221E+001  0.298398360859866E+000  0.128732332709146E+000 -0.131028262406404E+000 -0.139552821577272E+003
  0.574160679384445E-001  0.276245517083671E+003  0.110078278730406E+001  0.112280996746585E+001  0.797532010991212E+000  0.138987563557036E+000 -0.131028262406404E+000 -0.139551472342924E+003
  0.574160679384445E-001  0.276244699179135E+003  0.590557015155508E+000  0.157078186047441E+001  0.851477511565446E-001  0.260240015226532E+000 -0.131028262406404E+000 -0.139551063390656E+003
  0.574160679384445E-001  0.276243308576247E+003  0.153160437478445E+001  0.936584748235648E+000  0.672547571659283E+000  0.100457787836087E+000 -0.131028262406404E+000 -0.139550368089212E+003
  0.574160679384445E-001  0.276237799001789E+003  0.103515727923232E+001  0.197972775604856E+001  0.385152127725531E+000  0.153799742553999E+000 -0.131028262406404E+000 -0.139547613301983E+003
  0.574160679384445E-001  0.276231792088262E+003  0.521804036257542E+000  0.147301264104882E+001  0.848507741592348E+000  0.286754232058982E+000 -0.131028262406404E+000 -0.139544609845219E+003
  0.574160679384445E-001  0.276228117710231E+003  0.729036701768334E+000  0.926821471176541E+000  0.442868994909358E+000  0.204751211431714E+000 -0.131028262406404E+000 -0.139542772656204E+003
  0.574160679384445E-001  0.276227429691805E+003  0.585479836362505E+000  0.188486232941837E+001  0.950452340004947E+000  0.279091579360517E+000 -0.131028262406404E+000 -0.139542428646991E+003
  0.574160679384445E-001  0.276220115311184E+003  0.590295986001730E+000  0.193828016851572E+001  0.784294297745121E+000  0.280210927895337E+000 -0.131028262406404E+000 -0.139538771456681E+003
  0.574160679384445E-001  0.276214116064941E+003  0.122309877991985E+001  0.101619817832140E+001  0.387230750588314E+000  0.122964493516216E+000 -0.131028262406404E+000 -0.139535771833559E+003
  0.574160679384445E-001  0.276209262124737E+003  0.453032136374796E+000  0.154810693547939E+001  0.534553734434075E+000  0.327619465202775E+000 -0.131028262406404E+000 -0.139533344863457E+003
  0.574160679384445E-001  0.276207003447026E+003  0.130275424884466E+001  0.780152186689007E+000  0.432819888688824E+000  0.115352706656225E+000 -0.131028262406404E+000 -0.139532215524601E+003
  0.574160679384445E-001  0.276206980321777E+003  0.308733586959832E+000  0.792074895535714E+000  0.895138100818478E+000  0.480689406404209E+000 -0.131028262406404E+000 -0.139532203961977E+003
  0.574160679384445E-001  0.276200223972371E+003  0.100099072701988E+001  0.163804693991355E+001  0.902098282780740E+000  0.150775759492394E+000 -0.131028262406404E+000 -0.139528825787274E+003
  0.574160679384445E-001  0.276199240130850E+003  0.759407375243681E+000  0.115707844931065E+001  0.850418462387610E+000  0.193051305058726E+000 -0.131028262406404E+000 -0.139528333866514E+003
  0.574160679384445E-001  0.276199123724169E+003  0.115406822620241E+001  0.159170540828199E+001  0.919114977162047E+000  0.130386222795434E+000 -0.131028262406404E+000 -0.139528275663173E+003
  0.574160679384445E-001  0.276198201460666E+003  0.299283590888543E+000  0.137500186680221E+001  0.424776586860128E+000  0.459718100205713E+000 -0.131028262406404E+000 -0.139527814531422E+003
  0.574160679384445E-001  0.276194539916519E+003  0.571744218327364E+000  0.171856628995654E+001  0.121373045275212E-001  0.267314494022984E+000 -0.131028262406404E+000 -0.139525983759348E+003
  0.574160679384445E-001  0.276193615783145E+003  0.758531876348488E+000  0.103337748602869E+001  0.140493172505724E+000  0.192461990524166E+000 -0.131028262406404E+000 -0.139525521692661E+003
  0.574160679384445E-001  0.276193511635112E+003  0.426636956860560E+000  0.941496293411976E+000  0.529135164935526E+000  0.330741577405362E+000 -0.131028262406404E+000 -0.139525469618645E+003
  0.574160679384445E-001  0.276192921473063E+003  0.338297771013197E+000  0.717016502644152E+000  0.884600220523833E-001  0.442071960408542E+000 -0.131028262406404E+000 -0.139525174537620E+003
  0.574160679384445E-001  0.276192375190911E+003  0.146721569557840E+001  0.137679524411837E+001  0.314335151971782E+000  0.101692704701123E+000 -0.131028262406404E+000 -0.139524901396544E+003
  0.574160679384445E-001  0.276192302809267E+003  0.445011813336311E+000  0.631818777074991E+000  0.937845015781285E+000  0.335421792787680E+000 -0.131028262406404E+000 -0.139524865205722E+003
  0.574160679384445E-001  0.276191361479463E+003  0.129129702391713E+001  0.176435096140039E+001  0.164487915478719E+000  0.116817376937343E+000 -0.131028262406404E+000 -0.139524394540820E+003
  0.574160679384445E-001  0.276189233724745E+003  0.138169070179431E+001  0.940386826944658E+000  0.516251774803406E+000  0.107410365054394E+000 -0.131028262406404E+000 -0.139523330663461E+003
  0.574160679384445E-001  0.276188309596617E+003  0.300215212491456E+000  0.133257400662941E+001  0.880953637808120E+000  0.452547427074929E+000 -0.131028262406404E+000 -0.139522868599397E+003
  0.574160679384445E-001  0.276186204929802E+003  0.330163078847709E+000  0.177162145909384E+001  0.380000277862296E+000  0.484745736143608E+000 -0.131028262406404E+000 -0.139521816265989E+003
  0.574160679384445E-001  0.276185674059488E+003  0.104927982301963E+001  0.143741219193188E+001  0.365150214966089E-001  0.141117991235328E+000 -0.131028262406404E+000 -0.139521550830832E+003
  0.574160679384445E-001  0.276183649863419E+003  0.910472413842822E+000  0.615290035965787E+000  0.568170166488121E+000  0.162562225032547E+000 -0.131028262406404E+000 -0.139520538732798E+003
  0.574160679384445E-001  0.276179666934092E+003  0.319990892166077E+000  0.100499021573848E+001  0.446680082572284E+000  0.425445993180941E+000 -0.131028262406404E+000 -0.139518547268134E+003
  0.574160679384445E-001  0.276178422156811E+003  0.397313361180613E+000  0.163548792246129E+001  0.777949738798454E+000  0.372976023845367E+000 -0.131028262406404E+000 -0.139517924879494E+003
  0.574160679384445E-001  0.276177180601158E+003  0.145387196032705E+001  0.156471409683631E+001  0.657853177212125E+000  0.102002896548099E+000 -0.131028262406404E+000 -0.139517304101667E+003
  0.574160679384445E-001  0.276171405046349E+003  0.545126597273147E+000  0.557955014747517E+000  0.347793797183208E-001  0.271202756565985E+000 -0.131028262406404E+000 -0.139514416324263E+003
  0.574160679384445E-001  0.276170527491049E+003  0.616481767067520E+000  0.134893269110506E+001  0.577801603211907E+000  0.232482371991879E+000 -0.131028262406404E+000 -0.139513977546613E+003
  0.574160679384445E-001  0.276169899344638E+003  0.772195855029020E+000  0.189826048125335E+001  0.249079400586756E+000  0.198380337557697E+000 -0.131028262406404E+000 -0.139513663473408E+003
  0.574160679384445E-001  0.276167533984296E+003  0.267597549072096E+000  0.123497186669889E+001  0.963032174389301E+000  0.490162160578997E+000 -0.131028262406404E+000 -0.139512480793236E+003
  0.574160679384445E-001  0.276167280839839E+003  0.106155652523831E+001  0.181532415946012E+001  0.336282350721437E-001  0.140698253417095E+000 -0.131028262406404E+000 -0.139512354221008E+003
  0.574160679384445E-001  0.276166877835952E+003  0.775459357501867E+000  0.119958846252489E+001  0.544267385234687E+000  0.185408186947896E+000 -0.131028262406404E+000 -0.139512152719064E+003
  0.574160679384445E-001  0.276164454074951E+003  0.347049832274634E+000  0.158270447946534E+001  0.587108878849701E-001  0.413557830341617E+000 -0.131028262406404E+000 -0.139510940838564E+003
  0.574160679384445E-001  0.276163298563319E+003  0.636560777063348E+000  0.629956083469173E+000  0.368467696838411E+000  0.227925104334125E+000 -0.131028262406404E+000 -0.139510363082748E+003
  0.574160679384445E-001  0.276159823402295E+003  0.312989373186667E+000  0.880874209303522E+000  0.225882011367366E+000  0.439075658948014E+000 -0.131028262406404E+000 -0.139508625502236E+003
  0.574160679384445E-001  0.276156609613640E+003  0.419692104672810E+000  0.121153793046966E+001  0.550823734075492E+000  0.325416764803011E+000 -0.131028262406404E+000 -0.139507018607908E+003
  0.574160679384445E-001  0.276154509924878E+003  0.383478069050173E+000  0.149444383547357E+001  0.620868063383024E+000  0.365136604215392E+000 -0.131028262406404E+000 -0.139505968763527E+003
  0.574160679384445E-001  0.276153173839486E+003  0.629784165346732E+000  0.176727358452109E+001  0.655524857589904E+000  0.237298898910653E+000 -0.131028262406404E+000 -0.139505300720832E+003
  0.574160679384445E-001  0.276152923568039E+003  0.141446629110261E+001  0.939065880449303E+000  0.697029324654716E+000  0.102441398008028E+000 -0.131028262406404E+000 -0.139505175585108E+003
  0.574160679384445E-001  0.276147796038574E+003  0.116375878587053E+001  0.120067736060828E+001  0.196728157657776E+000  0.123646354450073E+000 -0.131028262406404E+000 -0.139502611820375E+003
  0.574160679384445E-001  0.276146925091802E+003  0.627261453348921E+000  0.109418585267352E+001  0.655292901633832E+000  0.223115191895472E+000 -0.131028262406404E+000 -0.139502176346989E+003
  0.574160679384445E-001  0.276146750864868E+003  0.619647249953052E+000  0.100790318559249E+001  0.452605423096954E+000  0.225751991798423E+000 -0.131028262406404E+000 -0.139502089233522E+003
  0.574160679384445E-001  0.276145715957680E+003  0.573204460983755E+000  0.174032890717637E+001  0.260688877693837E+000  0.258750829607685E+000 -0.131028262406404E+000 -0.139501571779928E+003
  0.574160679384445E-001  0.276145683023303E+003  0.134007169091125E+001  0.973559335220183E+000  0.225370928079780E+000  0.107472350104634E+000 -0.131028262406404E+000 -0.139501555312740E+003
  0.574160679384445E-001  0.276142517707201E+003  0.368193912845729E+000  0.537634606809195E+000  0.272916088577934E+000  0.420107934794057E+000 -0.131028262406404E+000 -0.139499972654689E+003
  0.574160679384445E-001  0.276139822894213E+003  0.928746411562768E+000  0.134680718151829E+001  0.504044280262939E+000  0.153659822131609E+000 -0.131028262406404E+000 -0.139498625248195E+003
  0.574160679384445E-001  0.276139231311549E+003  0.131105770206377E+001  0.116804730784470E+001  0.700491477334886E+000  0.109350606306089E+000 -0.131028262406404E+000 -0.139498329456863E+003
  0.574160679384445E-001  0.276139023630145E+003  0.878018644636507E+000  0.127969140430611E+001  0.441116906386945E+000  0.161824319137468E+000 -0.131028262406404E+000 -0.139498225616161E+003
  0.574160679384445E-001  0.276136340896122E+003  0.274937291849850E+000  0.861942576039787E+000  0.545722078226007E-002  0.497464601920627E+000 -0.131028262406404E+000 -0.139496884249150E+003
  0.574160679384445E-001  0.276134957645674E+003  0.128349747356617E+001  0.106396830535506E+001  0.467946436493102E+000  0.111270494848356E+000 -0.131028262406404E+000 -0.139496192623926E+003
  0.574160679384445E-001  0.276133956969869E+003  0.116776809757425E+001  0.124511911945273E+001  0.518119411691688E+000  0.122129525065782E+000 -0.131028262406404E+000 -0.139495692286023E+003
  0.574160679384445E-001  0.276130936943486E+003  0.655352686109060E+000  0.517108335623361E+000  0.922435546478402E-001  0.219058955416195E+000 -0.131028262406404E+000 -0.139494182272831E+003
  0.574160679384445E-001  0.276127884578370E+003  0.451250780183151E+000  0.151392930650293E+001  0.916046370222943E+000  0.308886362386961E+000 -0.131028262406404E+000 -0.139492656090274E+003
  0.574160679384445E-001  0.276124434951678E+003  0.738984692356322E+000  0.727163787218958E+000  0.384026017921972E+000  0.189975591516806E+000 -0.131028262406404E+000 -0.139490931276928E+003
  0.574160679384445E-001  0.276124179297987E+003  0.315724389863684E+000  0.135456657238508E+001  0.859039945842865E+000  0.415102562565351E+000 -0.131028262406404E+000 -0.139490803450082E+003
  0.574160679384445E-001  0.276120302587048E+003  0.380752671576732E+000  0.153132151064629E+001  0.201054627572120E+000  0.361785755747102E+000 -0.131028262406404E+000 -0.139488865094612E+003
  0.574160679384445E-001  0.276120125419022E+003  0.126195238516278E+001  0.183189109304843E+001  0.228233850548468E+000  0.114188629514208E+000 -0.131028262406404E+000 -0.139488776510600E+003
  0.574160679384445E-001  0.276116350195646E+003  0.813078818317041E+000  0.936867769571349E+000  0.917963080612893E+000  0.171039081155492E+000 -0.131028262406404E+000 -0.139486888898912E+003
  0.574160679384445E-001  0.276113073054119E+003  0.338021480118880E+000  0.997793722565660E+000  0.112479699969264E+000  0.384775286864420E+000 -0.131028262406404E+000 -0.139485250328148E+003
  0.574160679384445E-001  0.276106786773114E+003  0.598132104366649E+000  0.152037462797065E+001  0.914748517411040E+000  0.232517336524346E+000 -0.131028262406404E+000 -0.139482107187645E+003
  0.574160679384445E-001  0.276105676647915E+003  0.390614582180388E+000  0.195098004684773E+001  0.957471177538305E-003  0.428399478030854E+000 -0.131028262406404E+000 -0.139481552125046E+003
  0.574160679384445E-001  0.276104326019213E+003  0.614477018170251E+000  0.611948370461549E+000  0.910066311459074E+000  0.226162019379083E+000 -0.131028262406404E+000 -0.139480876810695E+003
  0.574160679384445E-001  0.276103499061117E+003  0.622763956800148E+000  0.111582467015124E+001  0.971739609741826E+000  0.217898229507719E+000 -0.131028262406404E+000 -0.139480463331647E+003
  0.574160679384445E-001  0.276101274673878E+003  0.871364044382252E+000  0.166119835976624E+001  0.549401687642811E+000  0.161968476188383E+000 -0.131028262406404E+000 -0.139479351138027E+003
  0.574160679384445E-001  0.276097341902777E+003  0.784245987623655E+000  0.195085665216350E+001  0.487437516574151E+000  0.186329939750161E+000 -0.131028262406404E+000 -0.139477384752477E+003
  0.574160679384445E-001  0.276096657047102E+003  0.774840775021110E+000  0.980351742229650E+000  0.863885156241921E-001  0.176455928400374E+000 -0.131028262406404E+000 -0.139477042324640E+003
  0.574160679384445E-001  0.276095739041095E+003  0.380837696731506E+000  0.199652434912398E+001  0.214282531485443E+000  0.462248927704435E+000 -0.131028262406404E+000 -0.139476583321636E+003
  0.574160679384445E-001  0.276089488277399E+003  0.515196928854348E+000  0.135348897600222E+001  0.547773992502426E-001  0.259980654005708E+000 -0.131028262406404E+000 -0.139473457939788E+003
  0.574160679384445E-001  0.276088009710961E+003  0.520123456815513E+000  0.122465251531882E+001  0.474846050875307E-001  0.255292904925956E+000 -0.131028262406404E+000 -0.139472718656569E+003
  0.574160679384445E-001  0.276087345142373E+003  0.261966693093611E+000  0.952890855169388E+000  0.788447485139553E+000  0.484337170813133E+000 -0.131028262406404E+000 -0.139472386372275E+003
  0.574160679384445E-001  0.276085257140606E+003  0.275099811594167E+000  0.139562157426469E+001  0.485525771120757E+000  0.458504049311574E+000 -0.131028262406404E+000 -0.139471342371391E+003
  0.574160679384445E-001  0.276084363250273E+003  0.415579103627594E+000  0.945819047469926E+000  0.165759268221072E+000  0.312759001458526E+000 -0.131028262406404E+000 -0.139470895426225E+003
  0.574160679384445E-001  0.276083575984595E+003  0.430459262423879E+000  0.793950137693311E+000  0.891676181670592E+000  0.307244238799738E+000 -0.131028262406404E+000 -0.139470501793386E+003
  0.574160679384445E-001  0.276075795579734E+003  0.699692286147094E+000  0.173279342801277E+001  0.828146605201923E+000  0.199761075613578E+000 -0.131028262406404E+000 -0.139466611590955E+003
  0.574160679384445E-001  0.276073352726401E+003  0.325419603756773E+000  0.628920587890150E+000  0.299438630241022E+000  0.430344166381564E+000 -0.131028262406404E+000 -0.139465390164289E+003
  0.574160679384445E-001  0.276072598058895E+003  0.406961896775570E+000  0.133099686273252E+001  0.577957211587647E+000  0.317878284094583E+000 -0.131028262406404E+000 -0.139465012830536E+003
  0.574160679384445E-001  0.276069647400508E+003  0.439997539360959E+000  0.190114683644391E+001  0.151533002515785E+000  0.343895220154187E+000 -0.131028262406404E+000 -0.139463537501343E+003
  0.574160679384445E-001  0.276069305606913E+003  0.124793932545096E+001  0.150413122141933E+001  0.801160774215849E+000  0.109777593732715E+000 -0.131028262406404E+000 -0.139463366604545E+003
  0.574160679384445E-001  0.276068222637680E+003  0.111965924355850E+001  0.179687548624784E+001  0.408701686883202E+000  0.123791063434335E+000 -0.131028262406404E+000 -0.139462825119929E+003
  0.574160679384445E-001  0.276065809129576E+003  0.243670176162764E+000  0.121251601349584E+001  0.287732954041879E+000  0.492609833971625E+000 -0.131028262406404E+000 -0.139461618365876E+003
  0.574160679384445E-001  0.276064464993369E+003  0.469564962624944E+000  0.183348526878413E+001  0.900430103670581E+000  0.308195363822663E+000 -0.131028262406404E+000 -0.139460946297773E+003
  0.574160679384445E-001  0.276062319204873E+003  0.928651326052890E+000  0.747918880586091E+000  0.708506277377046E+000  0.145145791414333E+000 -0.131028262406404E+000 -0.139459873403525E+003
  0.574160679384445E-001  0.276058856260618E+003  0.380380722809268E+000  0.125450445033182E+001  0.578700467296281E+000  0.331939630628706E+000 -0.131028262406404E+000 -0.139458141931398E+003
  0.574160679384445E-001  0.276054475362630E+003  0.111492854470073E+001  0.539307804154804E+000  0.937776688115453E+000  0.121373996184792E+000 -0.131028262406404E+000 -0.139455951482403E+003
  0.574160679384445E-001  0.276054271722072E+003  0.593960156345256E+000  0.143703280101399E+001  0.230543350891815E+000  0.223137687668207E+000 -0.131028262406404E+000 -0.139455849662125E+003
  0.574160679384445E-001  0.276053382452844E+003  0.783629887860470E+000  0.126522943784546E+001  0.317178486525538E+000  0.169541845054200E+000 -0.131028262406404E+000 -0.139455405027510E+003
  0.574160679384445E-001  0.276050410536298E+003  0.286703951017075E+000  0.161521092301516E+001  0.390516274499920E+000  0.459819475665865E+000 -0.131028262406404E+000 -0.139453919069237E+003
  0.574160679384445E-001  0.276048513107118E+003  0.648444610488536E+000  0.171876021347239E+001  0.209778679970286E+000  0.210785042473800E+000 -0.131028262406404E+000 -0.139452970354648E+003
  0.574160679384445E-001  0.276044863475737E+003  0.582645022575939E+000  0.109315467564119E+001  0.506345155809899E+000  0.221824576893492E+000 -0.131028262406404E+000 -0.139451145538957E+003
  0.574160679384445E-001  0.276040978781095E+003  0.457059649944503E+000  0.196215198535996E+001  0.345999291380303E+000  0.330745758457395E+000 -0.131028262406404E+000 -0.139449203191636E+003
  0.574160679384445E-001  0.276039932873052E+003  0.825090907028085E+000  0.932782327180659E+000  0.935555178934564E-001  0.159253573601000E+000 -0.131028262406404E+000 -0.139448680237614E+003
  0.574160679384445E-001  0.276037759299714E+003  0.116737993580362E+001  0.170281008654490E+001  0.318926112512096E+000  0.115311676292887E+000 -0.131028262406404E+000 -0.139447593450945E+003
  0.574160679384445E-001  0.276036010513623E+003  0.440355309925424E+000  0.102526993714127E+001  0.273134607318922E+000  0.284679783632753E+000 -0.131028262406404E+000 -0.139446719057900E+003
  0.574160679384445E-001  0.276034510133588E+003  0.514105920783567E+000  0.767735249760299E+000  0.700163037932391E+000  0.250015517363326E+000 -0.131028262406404E+000 -0.139445968867882E+003
  0.574160679384445E-001  0.276033530997924E+003  0.123605212635341E+001  0.106989486676975E+001  0.781724676500614E+000  0.107080388605947E+000 -0.131028262406404E+000 -0.139445479300050E+003
  0.574160679384445E-001  0.276032470605140E+003  0.127870367130553E+001  0.573161464883879E+000  0.490658633982551E+000  0.104020523453416E+000 -0.131028262406404E+000 -0.139444949103658E+003
  0.574160679384445E-001  0.276029692955597E+003  0.955760339278184E+000  0.186882813442006E+001  0.808075606550244E+000  0.141853456020769E+000 -0.131028262406404E+000 -0.139443560278887E+003
  0.574160679384445E-001  0.276028880077969E+003  0.113613641872540E+001  0.138768770063992E+001  0.187954842142509E+000  0.116347088718106E+000 -0.131028262406404E+000 -0.139443153840073E+003
  0.574160679384445E-001  0.276027863923659E+003  0.314521695870961E+000  0.878761002228247E+000  0.429223664175174E+000  0.389953176300953E+000 -0.131028262406404E+000 -0.139442645762918E+003
  0.574160679384445E-001  0.276026472148255E+003  0.401290027173827E+000  0.198332277343867E+001  0.433096823688345E+000  0.391909475984563E+000 -0.131028262406404E+000 -0.139441949875216E+003
  0.574160679384445E-001  0.276025754013622E+003  0.573356537189237E+000  0.138323094747388E+001  0.116774272580190E+000  0.224611462283190E+000 -0.131028262406404E+000 -0.139441590807899E+003
  0.574160679384445E-001  0.276015431735723E+003  0.544841205223464E+000  0.117221177496655E+001  0.239892505117164E+000  0.230937054411021E+000 -0.131028262406404E+000 -0.139436429668950E+003
  0.574160679384445E-001  0.276014871681286E+003  0.671136635116650E+000  0.852587884598435E+000  0.517909924843606E+000  0.190316651207799E+000 -0.131028262406404E+000 -0.139436149641732E+003
  0.574160679384445E-001  0.276011973055312E+003  0.587609370334039E+000  0.125325168638511E+001  0.944897920325852E+000  0.215371303815083E+000 -0.131028262406404E+000 -0.139434700328745E+003
  0.574160679384445E-001  0.276011395293214E+003  0.667445313813982E+000  0.194389351896418E+001  0.661894794745736E+000  0.206219988427602E+000 -0.131028262406404E+000 -0.139434411447695E+003
  0.574160679384445E-001  0.276010058051341E+003  0.437564671548569E+000  0.148306022924779E+001  0.232777628547920E+000  0.289013614797761E+000 -0.131028262406404E+000 -0.139433742826759E+003
  0.574160679384445E-001  0.276008670573424E+003  0.300160640060761E+000  0.786875843646463E+000  0.487247196784664E+000  0.410291701643349E+000 -0.131028262406404E+000 -0.139433049087800E+003
  0.574160679384445E-001  0.276008522991414E+003  0.277948536000600E+000  0.984190950750533E+000  0.272072211435556E+000  0.423013595331468E+000 -0.131028262406404E+000 -0.139432975296795E+003
  0.574160679384445E-001  0.276004853353208E+003  0.360900322958167E+000  0.108591774274624E+001  0.293447533210041E+000  0.331367082080035E+000 -0.131028262406404E+000 -0.139431140477693E+003
  0.574160679384445E-001  0.276004707036982E+003  0.295785362867895E+000  0.571651432188606E+000  0.333972164972258E-001  0.470377969249578E+000 -0.131028262406404E+000 -0.139431067319579E+003
  0.574160679384445E-001  0.276002218184527E+003  0.620121686750157E+000  0.152824327839087E+001  0.808768781937606E+000  0.207147375171717E+000 -0.131028262406404E+000 -0.139429822893352E+003
  0.574160679384445E-001  0.276001298125465E+003  0.286988634586991E+000  0.986559430319570E+000  0.701102816650128E+000  0.407877292081334E+000 -0.131028262406404E+000 -0.139429362863821E+003
  0.574160679384445E-001  0.275596784377844E+003  0.180612611057361E+000  0.101619425473370E+001  0.815468207141251E+000  0.366887163553408E+000 -0.131028262406404E+000 -0.139227105990010E+003
  0.574160679384445E-001  0.275998941206644E+003  0.505735568323357E+000  0.795610357433023E+000  0.801704620785362E+000  0.245818058912680E+000 -0.131028262406404E+000 -0.139428184404411E+003
  0.574160679384445E-001  0.275997537039132E+003  0.988065879021507E+000  0.145949734336474E+001  0.473076478177838E+000  0.130369505692129E+000 -0.131028262406404E+000 -0.139427482320654E+003
  0.574160679384445E-001  0.275996025695278E+003  0.444836547280764E+000  0.123401208757592E+001  0.867255223796583E+000  0.274204811385717E+000 -0.131028262406404E+000 -0.139426726648727E+003
  0.574160679384445E-001  0.275995660012346E+003  0.500473572534963E+000  0.735399782016400E+000  0.770207357087949E+000  0.248807720995595E+000 -0.131028262406404E+000 -0.139426543807262E+003
  0.574160679384445E-001  0.275991933209849E+003  0.475127183895294E+000  0.704214066151353E+000  0.624005446341487E+000  0.261449836338896E+000 -0.131028262406404E+000 -0.139424680406013E+003
  0.574160679384445E-001  0.275988981518000E+003  0.292478296304700E+000  0.715199547894385E+000  0.254787198862850E+000  0.424340195455406E+000 -0.131028262406404E+000 -0.139423204560088E+003
  0.574160679384445E-001  0.275987661009910E+003  0.273337918609920E+000  0.143255692396127E+001  0.340435998735947E+000  0.429616370097887E+000 -0.131028262406404E+000 -0.139422544306043E+003
  0.574160679384445E-001  0.275987339163709E+003  0.242489859139875E+000  0.880499540026288E+000  0.597403412089956E+000  0.486180379483864E+000 -0.131028262406404E+000 -0.139422383382943E+003
  0.574160679384445E-001  0.275983541182154E+003  0.726527840468334E+000  0.177522466852618E+001  0.185421945772079E+000  0.179038622494251E+000 -0.131028262406404E+000 -0.139420484392165E+003
  0.574160679384445E-001  0.275982414651011E+003  0.103951217431569E+001  0.551988032778653E+000  0.848306303178992E+000  0.122460615041504E+000 -0.131028262406404E+000 -0.139419921126594E+003
  0.574160679384445E-001  0.275978657104501E+003  0.988747903692459E+000  0.912633329574471E+000  0.173444651062237E+000  0.127232608709769E+000 -0.131028262406404E+000 -0.139418042353339E+003
  0.574160679384445E-001  0.275976100742656E+003  0.343911513134235E+000  0.701861087452513E+000  0.404272395941228E+000  0.353578165228329E+000 -0.131028262406404E+000 -0.139416764172416E+003
  0.574160679384445E-001  0.275973469388465E+003  0.477035013557827E+000  0.869432490568724E+000  0.567787270524564E+000  0.252641761372212E+000 -0.131028262406404E+000 -0.139415448495321E+003
  0.574160679384445E-001  0.275973230152410E+003  0.236116878311405E+000  0.107167372603530E+001  0.204535995201120E+000  0.470353101975249E+000 -0.131028262406404E+000 -0.139415328877293E+003
  0.574160679384445E-001  0.275968496070507E+003  0.646732584028663E+000  0.165206940313137E+001  0.897629855063202E-001  0.195747967519904E+000 -0.131028262406404E+000 -0.139412961836342E+003
  0.574160679384445E-001  0.275967916338958E+003  0.659298453562138E+000  0.197069037043299E+001  0.678713502716303E+000  0.201856041471485E+000 -0.131028262406404E+000 -0.139412671970567E+003
  0.574160679384445E-001  0.275967047083781E+003  0.360462332396764E+000  0.741863639979450E+000  0.393046400332667E+000  0.331342907778689E+000 -0.131028262406404E+000 -0.139412237342979E+003
  0.574160679384445E-001  0.275965275366918E+003  0.123223304664032E+001  0.170079783943568E+001  0.624192323199317E+000  0.102766219697919E+000 -0.131028262406404E+000 -0.139411351484547E+003
  0.574160679384445E-001  0.275964556520778E+003  0.731915975936570E+000  0.160322594771266E+001  0.712684310588704E+000  0.171693822613038E+000 -0.131028262406404E+000 -0.139410992061478E+003
  0.574160679384445E-001  0.275962906996157E+003  0.103231923557655E+001  0.160164682322357E+001  0.216372085599854E+000  0.121893201724894E+000 -0.131028262406404E+000 -0.139410167299167E+003
  0.574160679384445E-001  0.275960450598756E+003  0.876461262009837E+000  0.660568705195719E+000  0.507936522964267E-001  0.141441259452014E+000 -0.131028262406404E+000 -0.139408939100466E+003
  0.574160679384445E-001  0.275960128344917E+003  0.522404573867081E+000  0.628606073862655E+000  0.163146438083144E+000  0.233713374348175E+000 -0.131028262406404E+000 -0.139408777973547E+003
  0.574160679384445E-001  0.275959520227090E+003  0.240229202108842E+000  0.155949676599710E+001  0.845495062914392E+000  0.488352914926604E+000 -0.131028262406404E+000 -0.139408473914633E+003
  0.574160679384445E-001  0.275958489675531E+003  0.332597234700633E+000  0.199474779907959E+001  0.574738746785437E+000  0.479596282821899E+000 -0.131028262406404E+000 -0.139407958638854E+003
  0.574160679384445E-001  0.275956857934687E+003  0.581995485744659E+000  0.153892583493799E+001  0.141567505866070E+000  0.212085304722571E+000 -0.131028262406404E+000 -0.139407142768432E+003
  0.574160679384445E-001  0.275955003924238E+003  0.268394293529919E+000  0.766118143578970E+000  0.853082459558613E+000  0.439237613672682E+000 -0.131028262406404E+000 -0.139406215763207E+003
  0.574160679384445E-001  0.275954534626131E+003  0.269114468320136E+000  0.170003779025920E+001  0.460122409379821E+000  0.468292778857467E+000 -0.131028262406404E+000 -0.139405981114154E+003
  0.574160679384445E-001  0.275954432417347E+003  0.669712037485241E+000  0.192492498262187E+001  0.562239847780322E+000  0.194134509215388E+000 -0.131028262406404E+000 -0.139405930009762E+003
  0.574160679384445E-001  0.275952421206752E+003  0.459504091030312E+000  0.196920343812489E+001  0.543166363546836E+000  0.300912611203562E+000 -0.131028262406404E+000 -0.139404924404465E+003
  0.574160679384445E-001  0.275949533498819E+003  0.941063240931046E+000  0.182711464505825E+001  0.375065486947576E+000  0.133938004201684E+000 -0.131028262406404E+000 -0.139403480550498E+003
  0.574160679384445E-001  0.275949397476344E+003  0.657936925579755E+000  0.100268245616400E+001  0.956483437200514E+000  0.182920330154021E+000 -0.131028262406404E+000 -0.139403412539260E+003
  0.574160679384445E-001  0.275948493995270E+003  0.115444069419547E+001  0.180392505811729E+001  0.729747122790515E+000  0.108570841038696E+000 -0.131028262406404E+000 -0.139402960798723E+003
  0.574160679384445E-001  0.275948413968036E+003  0.253329602933755E+000  0.148271058453637E+001  0.488114567173016E+000  0.449313759199747E+000 -0.131028262406404E+000 -0.139402920785107E+003
  0.574160679384445E-001  0.275947056610759E+003  0.405212723974488E+000  0.159404851397832E+001  0.698953188150064E-002  0.300600477030791E+000 -0.131028262406404E+000 -0.139402242106468E+003
  0.574160679384445E-001  0.275945061698900E+003  0.631034520213842E+000  0.104858771984593E+001  0.233410636714304E+000  0.189496324006848E+000 -0.131028262406404E+000 -0.139401244650539E+003
  0.574160679384445E-001  0.275941122463627E+003  0.565210279140637E+000  0.116661496206600E+001  0.331364017492960E+000  0.209605247189704E+000 -0.131028262406404E+000 -0.139399275032902E+003
  0.574160679384445E-001  0.275940729624354E+003  0.793515053536984E+000  0.117047833291501E+001  0.184440572966010E+000  0.152233812714437E+000 -0.131028262406404E+000 -0.139399078613266E+003
  0.574160679384445E-001  0.275938924119677E+003  0.425882648194158E+000  0.535294665738792E+000  0.865277707267351E+000  0.284455531115205E+000 -0.131028262406404E+000 -0.139398175860927E+003
  0.574160679384445E-001  0.275938522358528E+003  0.416216249699945E+000  0.102027165972160E+001  0.955097374014268E+000  0.275728206762844E+000 -0.131028262406404E+000 -0.139397974980353E+003
  0.574160679384445E-001  0.275938265246967E+003  0.113478465878890E+001  0.714674244890946E+000  0.980217915046905E+000  0.107595896860516E+000 -0.131028262406404E+000 -0.139397846424572E+003
  0.574160679384445E-001  0.275937376165018E+003  0.120694063238453E+001  0.181927653827259E+001  0.466089400176985E+000  0.102809733704941E+000 -0.131028262406404E+000 -0.139397401883597E+003
  0.574160679384445E-001  0.275935130555822E+003  0.368176264629175E+000  0.196924799957675E+001  0.425071697167972E+000  0.391028092404925E+000 -0.131028262406404E+000 -0.139396279078999E+003
  0.574160679384445E-001  0.275934804696994E+003  0.577472850555372E+000  0.186125786509977E+001  0.434818434068715E+000  0.220412075992053E+000 -0.131028262406404E+000 -0.139396116149586E+003
  0.574160679384445E-001  0.275927797609395E+003  0.447654918511676E+000  0.142847154671126E+001  0.863304985204784E+000  0.261506225658522E+000 -0.131028262406404E+000 -0.139392612605786E+003
  0.574160679384445E-001  0.275926271220230E+003  0.934321806436361E+000  0.102131705849893E+001  0.234521202115417E+000  0.128244439146220E+000 -0.131028262406404E+000 -0.139391849411204E+003
  0.574160679384445E-001  0.275924325173052E+003  0.673329097912446E+000  0.142583189850779E+001  0.905609335222510E+000  0.177236004201252E+000 -0.131028262406404E+000 -0.139390876387615E+003
  0.574160679384445E-001  0.275923006264952E+003  0.567456338368183E+000  0.852851494133052E+000  0.902280929071288E+000  0.205578259827981E+000 -0.131028262406404E+000 -0.139390216933565E+003
  0.574160679384445E-001  0.275922267395201E+003  0.390982771358602E+000  0.140979625984219E+001  0.455361397183419E+000  0.293823455696360E+000 -0.131028262406404E+000 -0.139389847498689E+003
  0.574160679384445E-001  0.275921686697175E+003  0.758084494842619E+000  0.145547078709328E+001  0.104311444174116E+000  0.157942883066303E+000 -0.131028262406404E+000 -0.139389557149676E+003
  0.574160679384445E-001  0.275921280506294E+003  0.834289975235300E+000  0.801053772257780E+000  0.981060770622365E+000  0.142594608516362E+000 -0.131028262406404E+000 -0.139389354054235E+003
  0.574160679384445E-001  0.275920626112024E+003  0.105612397025711E+001  0.166142940151975E+001  0.295721631307989E-001  0.114944981205172E+000 -0.131028262406404E+000 -0.139389026857100E+003
  0.574160679384445E-001  0.275919966948822E+003  0.310761030407437E+000  0.549249470840685E+000  0.227267607882678E+000  0.393103993798214E+000 -0.131028262406404E+000 -0.139388697275499E+003
  0.574160679384445E-001  0.275916398015539E+003  0.454596813403629E+000  0.143594427577171E+001  0.152854221567077E+000  0.255334987743697E+000 -0.131028262406404E+000 -0.139386912808858E+003
  0.574160679384445E-001  0.275915854883536E+003  0.113760628805996E+001  0.939340734088222E+000  0.823571499387471E+000  0.104918733716369E+000 -0.131028262406404E+000 -0.139386641242857E+003
  0.574160679384445E-001  0.275914403067390E+003  0.779262277066365E+000  0.127930572752194E+001  0.278674512132082E+000  0.151615469492187E+000 -0.131028262406404E+000 -0.139385915334784E+003
  0.574160679384445E-001  0.275911147243273E+003  0.813357394692893E+000  0.566052875569997E+000  0.905491340295905E+000  0.145801793161205E+000 -0.131028262406404E+000 -0.139384287422725E+003
  0.574160679384445E-001  0.275910345458541E+003  0.632032309200588E+000  0.135059190458546E+001  0.423821872791872E+000  0.185009842822576E+000 -0.131028262406404E+000 -0.139383886530359E+003
  0.574160679384445E-001  0.275907413061862E+003  0.250479796903569E+000  0.168386454365604E+001  0.364762084594633E+000  0.474606895582044E+000 -0.131028262406404E+000 -0.139382420332020E+003
  0.574160679384445E-001  0.275907221093042E+003  0.329303266925618E+000  0.617188333194947E+000  0.916319795744822E+000  0.351277256588327E+000 -0.131028262406404E+000 -0.139382324347609E+003
  0.574160679384445E-001  0.275907001428195E+003  0.379183217166436E+000  0.104579281711180E+001  0.303685952781616E+000  0.290891066019736E+000 -0.131028262406404E+000 -0.139382214515186E+003
  0.574160679384445E-001  0.275905205176295E+003  0.326085251538709E+000  0.113524069016357E+001  0.740285258811434E+000  0.331681354279377E+000 -0.131028262406404E+000 -0.139381316389236E+003
  0.574160679384445E-001  0.275904535567534E+003  0.321118081616079E+000  0.748062903537314E+000  0.695832532158197E+000  0.347036113719478E+000 -0.131028262406404E+000 -0.139380981584856E+003
  0.574160679384445E-001  0.275904321453960E+003  0.493768595927076E+000  0.879163722623491E+000  0.161759593696789E+000  0.229525141491737E+000 -0.131028262406404E+000 -0.139380874528069E+003
  0.574160679384445E-001  0.275903944342732E+003  0.241556487035870E+000  0.142705599441197E+001  0.994366903067851E+000  0.442769199374840E+000 -0.131028262406404E+000 -0.139380685972455E+003
  0.574160679384445E-001  0.275903028846953E+003  0.586911984186970E+000  0.188760388854703E+001  0.656274211814025E+000  0.210915401817481E+000 -0.131028262406404E+000 -0.139380228224565E+003
  0.574160679384445E-001  0.275902521593016E+003  0.506156965063892E+000  0.192197040430183E+001  0.544622745692464E+000  0.250017529274494E+000 -0.131028262406404E+000 -0.139379974597596E+003
  0.574160679384445E-001  0.275900701775855E+003  0.101736747249735E+001  0.159571696796899E+001  0.992590680361429E+000  0.116722363752660E+000 -0.131028262406404E+000 -0.139379064689016E+003
  0.574160679384445E-001  0.275898350229571E+003  0.678862498756257E+000  0.166941409240829E+001  0.840567764686049E+000  0.174991205480977E+000 -0.131028262406404E+000 -0.139377888915874E+003
  0.574160679384445E-001  0.275898037200372E+003  0.414236912770687E+000  0.117245790353524E+001  0.969818384336188E+000  0.267290955200033E+000 -0.131028262406404E+000 -0.139377732401274E+003
  0.574160679384445E-001  0.275896913042560E+003  0.765595411247015E+000  0.939510465141842E+000  0.601686118091247E+000  0.151007043905224E+000 -0.131028262406404E+000 -0.139377170322368E+003
  0.574160679384445E-001  0.275896078881798E+003  0.112866872072173E+001  0.123064795691867E+001  0.815238261595319E-002  0.103921408709454E+000 -0.131028262406404E+000 -0.139376753241988E+003
  0.574160679384445E-001  0.275895497436697E+003  0.627431173186690E+000  0.153854808341397E+001  0.345344530003133E+000  0.186208362152333E+000 -0.131028262406404E+000 -0.139376462519437E+003
  0.574160679384445E-001  0.275893655766125E+003  0.466538374319092E+000  0.121493423841135E+001  0.176720096181120E-001  0.239644017057801E+000 -0.131028262406404E+000 -0.139375541684151E+003
  0.574160679384445E-001  0.275893438175037E+003  0.911394304867194E+000  0.659444952145337E+000  0.552347783418896E+000  0.127848359261463E+000 -0.131028262406404E+000 -0.139375432888607E+003
  0.574160679384445E-001  0.275891568288162E+003  0.246408191526878E+000  0.113988610389949E+001  0.405993907087511E+000  0.416765021264647E+000 -0.131028262406404E+000 -0.139374497945170E+003
  0.574160679384445E-001  0.275887012187360E+003  0.292066490204731E+000  0.105126748602931E+001  0.316731971183093E+000  0.358659832706824E+000 -0.131028262406404E+000 -0.139372219894768E+003
  0.574160679384445E-001  0.275886884258518E+003  0.654774030362138E+000  0.150077910820233E+001  0.501039134106870E+000  0.176601307956108E+000 -0.131028262406404E+000 -0.139372155930347E+003
  0.574160679384445E-001  0.275881716200618E+003  0.106775847856704E+001  0.162240496534955E+001  0.242515913853827E+000  0.109295060548604E+000 -0.131028262406404E+000 -0.139369571901398E+003
  0.574160679384445E-001  0.275881058671254E+003  0.286478962631855E+000  0.126672856188764E+001  0.436347502921621E+000  0.365035095398553E+000 -0.131028262406404E+000 -0.139369243136715E+003
  0.574160679384445E-001  0.275879988490645E+003  0.485270779735737E+000  0.129647637193309E+001  0.789325060103746E+000  0.229243893720810E+000 -0.131028262406404E+000 -0.139368708046411E+003
  0.574160679384445E-001  0.275879576493095E+003  0.389117784626577E+000  0.169031180185219E+001  0.493114927397690E+000  0.300104313227572E+000 -0.131028262406404E+000 -0.139368502047636E+003
  0.574160679384445E-001  0.275878434496838E+003  0.395655022207263E+000  0.101147847332410E+001  0.146550749706172E+000  0.272541840376859E+000 -0.131028262406404E+000 -0.139367931049507E+003
  0.574160679384445E-001  0.275878416583234E+003  0.273438649853587E+000  0.782025222439091E+000  0.370801589274802E+000  0.391368320788647E+000 -0.131028262406404E+000 -0.139367922092705E+003
  0.574160679384445E-001  0.275877645378866E+003  0.356620477066598E+000  0.189277675842160E+001  0.970151788255726E+000  0.358431438484436E+000 -0.131028262406404E+000 -0.139367536490522E+003
  0.574160679384445E-001  0.275877089236751E+003  0.107499094557036E+001  0.740228705629980E+000  0.643739525021292E+000  0.106929252899426E+000 -0.131028262406404E+000 -0.139367258419464E+003
  0.574160679384445E-001  0.275875949758548E+003  0.236722225480596E+000  0.155009425414408E+001  0.167207426059050E+000  0.454820834141787E+000 -0.131028262406404E+000 -0.139366688680362E+003
  0.574160679384445E-001  0.275874225070042E+003  0.261076008148742E+000  0.170197787100694E+001  0.510382392422490E-001  0.444757642317036E+000 -0.131028262406404E+000 -0.139365826336110E+003
  0.574160679384445E-001  0.275873172484805E+003  0.490743564139194E+000  0.158910380348654E+001  0.970161407077661E+000  0.232493895241293E+000 -0.131028262406404E+000 -0.139365300043491E+003
  0.574160679384445E-001  0.275873025891141E+003  0.464654696928748E+000  0.172682122789612E+001  0.354544739049951E+000  0.251742176582082E+000 -0.131028262406404E+000 -0.139365226746659E+003
  0.574160679384445E-001  0.275870321523471E+003  0.294029369303384E+000  0.103631277445656E+001  0.456438517845987E+000  0.350761040274761E+000 -0.131028262406404E+000 -0.139363874562824E+003
  0.574160679384445E-001  0.275869829933150E+003  0.266537939886929E+000  0.868166345455180E+000  0.685387911347370E+000  0.389510411949499E+000 -0.131028262406404E+000 -0.139363628767663E+003
  0.574160679384445E-001  0.275869244043638E+003  0.266530448368918E+000  0.654794177518830E+000  0.219566534930941E+000  0.416632231488319E+000 -0.131028262406404E+000 -0.139363335822907E+003
  0.574160679384445E-001  0.275868328677769E+003  0.100111160153548E+001  0.756077386695839E+000  0.312306998010587E+000  0.113574505163193E+000 -0.131028262406404E+000 -0.139362878139973E+003
  0.574160679384445E-001  0.275864657333983E+003  0.113417251649737E+001  0.181519337094266E+001  0.353341397717230E+000  0.101907728216977E+000 -0.131028262406404E+000 -0.139361042468080E+003
  0.574160679384445E-001  0.275862590316683E+003  0.785210956446170E+000  0.160196642468087E+001  0.924468957311642E+000  0.145267999614685E+000 -0.131028262406404E+000 -0.139360008959430E+003
  0.574160679384445E-001  0.275861485549977E+003  0.451041203371897E+000  0.103345293603942E+001  0.912087421760287E+000  0.238264868417101E+000 -0.131028262406404E+000 -0.139359456576077E+003
  0.574160679384445E-001  0.275859125122103E+003  0.390692022524272E+000  0.155845496045655E+001  0.921856361690148E+000  0.283447550631307E+000 -0.131028262406404E+000 -0.139358276362140E+003
  0.574160679384445E-001  0.275854602598617E+003  0.100676092369787E+001  0.189812884168655E+001  0.480360180113517E+000  0.114310124018446E+000 -0.131028262406404E+000 -0.139356015100397E+003
  0.574160679384445E-001  0.275853890061964E+003  0.379698972707808E+000  0.144886269845691E+001  0.126960256213040E+000  0.283956842575862E+000 -0.131028262406404E+000 -0.139355658832070E+003
  0.574160679384445E-001  0.275853887955357E+003  0.360054032164222E+000  0.655578375465434E+000  0.655016025062806E+000  0.298543098919079E+000 -0.131028262406404E+000 -0.139355657778767E+003
  0.574160679384445E-001  0.275852208153621E+003  0.203255218269538E+000  0.146357379946899E+001  0.130964653075077E+000  0.491749959193592E+000 -0.131028262406404E+000 -0.139354817877899E+003
  0.574160679384445E-001  0.275852183199298E+003  0.203926101795477E+000  0.111618114595725E+001  0.746506463915561E+000  0.471449996567242E+000 -0.131028262406404E+000 -0.139354805400737E+003
  0.574160679384445E-001  0.275849637410777E+003  0.939208248790896E+000  0.869280690961492E+000  0.310024321744708E+000  0.118376857920370E+000 -0.131028262406404E+000 -0.139353532506477E+003
  0.574160679384445E-001  0.275849221496932E+003  0.105243241705993E+001  0.168705496193579E+001  0.151573850559163E+000  0.107499868803293E+000 -0.131028262406404E+000 -0.139353324549554E+003
  0.574160679384445E-001  0.275848850319829E+003  0.683040579016901E+000  0.170574833726305E+001  0.357946657705458E+000  0.165872407776961E+000 -0.131028262406404E+000 -0.139353138961003E+003
  0.574160679384445E-001  0.275848115434692E+003  0.282974892867490E+000  0.684648257972142E+000  0.572091921667330E+000  0.374468743608790E+000 -0.131028262406404E+000 -0.139352771518435E+003
  0.574160679384445E-001  0.275847042760526E+003  0.649107621623200E+000  0.955371175294483E+000  0.545791545401217E+000  0.167881483809621E+000 -0.131028262406404E+000 -0.139352235181352E+003
  0.574160679384445E-001  0.275846969036723E+003  0.258139148854937E+000  0.643004937601673E+000  0.633849822639835E-001  0.421236354370798E+000 -0.131028262406404E+000 -0.139352198319450E+003
  0.574160679384445E-001  0.275846082462029E+003  0.345444151265479E+000  0.182069041225728E+001  0.381371325735337E+000  0.343608669140084E+000 -0.131028262406404E+000 -0.139351755032103E+003
  0.574160679384445E-001  0.275845061311382E+003  0.408741712439957E+000  0.154111529281652E+001  0.453623592634295E+000  0.266793259323783E+000 -0.131028262406404E+000 -0.139351244456780E+003
  0.574160679384445E-001  0.275841479817889E+003  0.233594992637757E+000  0.104487050442794E+001  0.140104984689866E+000  0.415494508798143E+000 -0.131028262406404E+000 -0.139349453710033E+003
  0.574160679384445E-001  0.275840094497894E+003  0.312474438467693E+000  0.183467397077066E+001  0.137401287090761E+000  0.383818250586466E+000 -0.131028262406404E+000 -0.139348761050036E+003
  0.574160679384445E-001  0.275839815554354E+003  0.206160467641049E+000  0.133586890812885E+001  0.334399956960280E+000  0.466040231259302E+000 -0.131028262406404E+000 -0.139348621578265E+003
  0.574160679384445E-001  0.275839505175667E+003  0.262806170593668E+000  0.586286913241778E+000  0.183791951617173E+000  0.420827532944227E+000 -0.131028262406404E+000 -0.139348466388922E+003
  0.574160679384445E-001  0.275836991263524E+003  0.738865225330618E+000  0.114068261278479E+001  0.430157598516276E+000  0.147190410416001E+000 -0.131028262406404E+000 -0.139347209432850E+003
  0.574160679384445E-001  0.275836366309015E+003  0.881021168944613E+000  0.165164544537005E+001  0.615654488476165E+000  0.126395514989077E+000 -0.131028262406404E+000 -0.139346896955596E+003
  0.574160679384445E-001  0.275836077900733E+003  0.309099615327185E+000  0.180187863118935E+001  0.665423188787993E+000  0.378962719990436E+000 -0.131028262406404E+000 -0.139346752751455E+003
  0.574160679384445E-001  0.275831981874346E+003  0.515963245393353E+000  0.161112357138033E+001  0.248768516228479E+000  0.212653235604295E+000 -0.131028262406404E+000 -0.139344704738262E+003
  0.574160679384445E-001  0.275831875385673E+003  0.491794781747940E+000  0.150794229506432E+001  0.198682000491840E+000  0.219767593043763E+000 -0.131028262406404E+000 -0.139344651493925E+003
  0.574160679384445E-001  0.275831299644459E+003  0.242272725348713E+000  0.648718278902320E+000  0.658535902982937E+000  0.442726744615385E+000 -0.131028262406404E+000 -0.139344363623318E+003
  0.574160679384445E-001  0.275830372343296E+003  0.619408925974684E+000  0.110463010090502E+001  0.923779504742539E+000  0.172522102901283E+000 -0.131028262406404E+000 -0.139343899972736E+003
  0.574160679384445E-001  0.275829557626391E+003  0.332823629110835E+000  0.145794777207631E+001  0.259352673298054E+000  0.312312513896629E+000 -0.131028262406404E+000 -0.139343492614284E+003
  0.574160679384445E-001  0.275829528441426E+003  0.684299252140419E+000  0.845792616594176E+000  0.613035621189719E-001  0.156932002990673E+000 -0.131028262406404E+000 -0.139343478021801E+003
  0.574160679384445E-001  0.275828006141531E+003  0.938012524388543E+000  0.533125750790302E+000  0.185687190813862E+000  0.116459069984296E+000 -0.131028262406404E+000 -0.139342716871854E+003
  0.574160679384445E-001  0.275826390225052E+003  0.414126841935817E+000  0.125136985213771E+001  0.903419050390908E+000  0.249869322008863E+000 -0.131028262406404E+000 -0.139341908913615E+003
  0.574160679384445E-001  0.275824837683297E+003  0.841021928361304E+000  0.171647995780361E+001  0.329131442247065E-001  0.131237633478499E+000 -0.131028262406404E+000 -0.139341132642737E+003
  0.574160679384445E-001  0.275823652497796E+003  0.103145565356249E+001  0.173698187089710E+001  0.265893393007588E+000  0.106904237944930E+000 -0.131028262406404E+000 -0.139340540049987E+003
  0.574160679384445E-001  0.275820273805959E+003  0.942835400216052E+000  0.108844167922329E+001  0.916482482683477E+000  0.114303250011371E+000 -0.131028262406404E+000 -0.139338850704068E+003
  0.574160679384445E-001  0.275819564062185E+003  0.602538237852327E+000  0.585677180764096E+000  0.101718406795864E+000  0.176753528529229E+000 -0.131028262406404E+000 -0.139338495832181E+003
  0.574160679384445E-001  0.275817906196980E+003  0.288395764104474E+000  0.931707163484007E+000  0.311050425724864E+000  0.339066105426400E+000 -0.131028262406404E+000 -0.139337666899578E+003
  0.574160679384445E-001  0.275813015899988E+003  0.323317294742607E+000  0.150324092732398E+001  0.214128174937405E-001  0.317664093681680E+000 -0.131028262406404E+000 -0.139335221751082E+003
  0.574160679384445E-001  0.275812849050616E+003  0.739096832312213E+000  0.587497192517661E+000  0.649470335198873E-001  0.144096712020657E+000 -0.131028262406404E+000 -0.139335138326396E+003
  0.574160679384445E-001  0.275811859923334E+003  0.102465148182529E+001  0.154627076960621E+001  0.305215259787572E+000  0.105413874418983E+000 -0.131028262406404E+000 -0.139334643762755E+003
  0.574160679384445E-001  0.275811141215243E+003  0.533448406835363E+000  0.106036931480310E+001  0.674221308808149E+000  0.193941705536168E+000 -0.131028262406404E+000 -0.139334284408710E+003
  0.574160679384445E-001  0.275807616697664E+003  0.781384241542076E+000  0.129265121511776E+001  0.640131939378827E-001  0.135601933179118E+000 -0.131028262406404E+000 -0.139332522149920E+003
  0.574160679384445E-001  0.275805174271270E+003  0.366745686786607E+000  0.136252466447815E+001  0.447050673581846E+000  0.274955073992102E+000 -0.131028262406404E+000 -0.139331300936723E+003
  0.574160679384445E-001  0.275803621953016E+003  0.221017214514243E+000  0.764547985360332E+000  0.288687854961790E+000  0.444179860403524E+000 -0.131028262406404E+000 -0.139330524777596E+003
  0.574160679384445E-001  0.275802545719225E+003  0.989059894849780E+000  0.637576219081602E+000  0.435860715586559E+000  0.107189296948089E+000 -0.131028262406404E+000 -0.139329986660701E+003
  0.574160679384445E-001  0.275802462520614E+003  0.393855146136472E+000  0.158878386025008E+001  0.728369917190921E+000  0.265950093426779E+000 -0.131028262406404E+000 -0.139329945061395E+003
  0.574160679384445E-001  0.275800426508333E+003  0.514885451554309E+000  0.171073323989852E+001  0.583281091951930E+000  0.208622427480851E+000 -0.131028262406404E+000 -0.139328927055255E+003
  0.574160679384445E-001  0.275795581930948E+003  0.907076581627981E+000  0.175618920124911E+001  0.814333275180525E+000  0.117895022033474E+000 -0.131028262406404E+000 -0.139326504766562E+003
  0.574160679384445E-001  0.275795340110104E+003  0.439080985051423E+000  0.173146113586573E+001  0.943915050004356E+000  0.244336762138691E+000 -0.131028262406404E+000 -0.139326383856141E+003
  0.574160679384445E-001  0.275795031280494E+003  0.642598334319107E+000  0.104885555084611E+001  0.120050748841347E+000  0.160155520756064E+000 -0.131028262406404E+000 -0.139326229441335E+003
  0.574160679384445E-001  0.275794434771626E+003  0.254282266831439E+000  0.173888877617995E+001  0.243381771983742E+000  0.424646088324897E+000 -0.131028262406404E+000 -0.139325931186901E+003
  0.574160679384445E-001  0.275793921591706E+003  0.722771863772988E+000  0.166230386070766E+001  0.348338944608951E+000  0.146794673785266E+000 -0.131028262406404E+000 -0.139325674596941E+003
  0.574160679384445E-001  0.275793173336921E+003  0.318542514431487E+000  0.140268223450229E+001  0.699283682858433E+000  0.309092341563772E+000 -0.131028262406404E+000 -0.139325300469549E+003
  0.574160679384445E-001  0.275789151863238E+003  0.316978799881795E+000  0.169120300867744E+001  0.924936442568836E-002  0.331723647623211E+000 -0.131028262406404E+000 -0.139323289732707E+003
  0.574160679384445E-001  0.275789002952511E+003  0.303229811158931E+000  0.193633880686562E+001  0.410826386661161E+000  0.400305960359927E+000 -0.131028262406404E+000 -0.139323215277344E+003
  0.574160679384445E-001  0.275787443525605E+003  0.317488354447446E+000  0.174617080779813E+001  0.540376380307127E+000  0.337592842115519E+000 -0.131028262406404E+000 -0.139322435563891E+003
  0.574160679384445E-001  0.275787412632219E+003  0.677403811224947E+000  0.182459435040057E+001  0.963501811270488E+000  0.157848086403857E+000 -0.131028262406404E+000 -0.139322420117198E+003
  0.574160679384445E-001  0.275787125294495E+003  0.242259067992923E+000  0.161857989726932E+001  0.708380595006761E+000  0.414923954682350E+000 -0.131028262406404E+000 -0.139322276448336E+003
  0.574160679384445E-001  0.275786237975211E+003  0.406848623569764E+000  0.125734087361346E+001  0.397300900155863E+000  0.242958948917592E+000 -0.131028262406404E+000 -0.139321832788694E+003
  0.574160679384445E-001  0.275786192458509E+003  0.369672094774138E+000  0.155671829151807E+001  0.764536928793831E+000  0.275288346612208E+000 -0.131028262406404E+000 -0.139321810030343E+003
  0.574160679384445E-001  0.275785810033736E+003  0.226202088357507E+000  0.165479086427065E+001  0.943095569518996E+000  0.448702201069469E+000 -0.131028262406404E+000 -0.139321618817956E+003
  0.574160679384445E-001  0.275783740413288E+003  0.352373830803637E+000  0.114966542868915E+001  0.358774188014326E+000  0.273408486217973E+000 -0.131028262406404E+000 -0.139320584007732E+003
  0.574160679384445E-001  0.275781849731566E+003  0.486594210222159E+000  0.590635063532505E+000  0.483563148390546E+000  0.207092695016627E+000 -0.131028262406404E+000 -0.139319638666871E+003
  0.574160679384445E-001  0.275777063497631E+003  0.329795801211882E+000  0.161262775386024E+001  0.359565508779820E-001  0.307057201150706E+000 -0.131028262406404E+000 -0.139317245549904E+003
  0.574160679384445E-001  0.275776930066099E+003  0.594576911266853E+000  0.163179924614449E+001  0.663106675790366E+000  0.174041582826405E+000 -0.131028262406404E+000 -0.139317178834138E+003
  0.574160679384445E-001  0.275775943030004E+003  0.843327859434102E+000  0.198198466420417E+001  0.422683110231364E+000  0.125993608409859E+000 -0.131028262406404E+000 -0.139316685316090E+003
  0.574160679384445E-001  0.275775738197807E+003  0.248198850851800E+000  0.691975595911798E+000  0.316455309012837E+000  0.386840960669727E+000 -0.131028262406404E+000 -0.139316582899992E+003
  0.574160679384445E-001  0.275773224513159E+003  0.183049590015903E+000  0.109547366781648E+001  0.909857371149112E+000  0.471944266376219E+000 -0.131028262406404E+000 -0.139315326057668E+003
  0.574160679384445E-001  0.275771973602564E+003  0.223679583304207E+000  0.630609553887084E+000  0.272443174478577E-001  0.446290357884665E+000 -0.131028262406404E+000 -0.139314700602370E+003
  0.574160679384445E-001  0.275771208978826E+003  0.637124327796313E+000  0.153974025796841E+001  0.448295559677396E+000  0.160238834303635E+000 -0.131028262406404E+000 -0.139314318290501E+003
  0.574160679384445E-001  0.275771166196270E+003  0.351637884250335E+000  0.198193240547677E+001  0.530855583088203E+000  0.334086979242623E+000 -0.131028262406404E+000 -0.139314296899224E+003
  0.574160679384445E-001  0.275770955439310E+003  0.312858012623818E+000  0.174234771860316E+001  0.502937165170566E+000  0.334921417324388E+000 -0.131028262406404E+000 -0.139314191520744E+003
  0.574160679384445E-001  0.275770578553473E+003  0.263583831103220E+000  0.165076096148698E+001  0.243840251119976E+000  0.381035015680962E+000 -0.131028262406404E+000 -0.139314003077825E+003
  0.574160679384445E-001  0.275767587959044E+003  0.385492231618669E+000  0.195497351225907E+001  0.511383370875267E+000  0.292111040162822E+000 -0.131028262406404E+000 -0.139312507780611E+003
  0.574160679384445E-001  0.275766276676760E+003  0.207299367781851E+000  0.108504433437814E+001  0.158012030313370E-001  0.420456807082230E+000 -0.131028262406404E+000 -0.139311852139468E+003
  0.574160679384445E-001  0.275765760093672E+003  0.288568092659971E+000  0.548145734511517E+000  0.148042910867108E+000  0.341050967574397E+000 -0.131028262406404E+000 -0.139311593847924E+003
  0.574160679384445E-001  0.275765264835547E+003  0.930447653929644E+000  0.832065099406438E+000  0.865550558190030E+000  0.108560163885679E+000 -0.131028262406404E+000 -0.139311346218862E+003
  0.574160679384445E-001  0.275762849130070E+003  0.203527868536835E+000  0.142829671418562E+001  0.430501678498921E+000  0.439974756004635E+000 -0.131028262406404E+000 -0.139310138366123E+003
  0.574160679384445E-001  0.275762135642484E+003  0.307231563864499E+000  0.136677634613373E+001  0.205247276051277E+000  0.306098741231226E+000 -0.131028262406404E+000 -0.139309781622330E+003
  0.574160679384445E-001  0.275762062906662E+003  0.393296181603415E+000  0.194935641685604E+001  0.446077491431427E+000  0.282232857509754E+000 -0.131028262406404E+000 -0.139309745254420E+003
  0.574160679384445E-001  0.275761709297215E+003  0.377737106093586E+000  0.555235293377694E+000  0.740020278163183E+000  0.257940673136163E+000 -0.131028262406404E+000 -0.139309568449696E+003
  0.574160679384445E-001  0.275761155613341E+003  0.227454197343073E+000  0.719432297127999E+000  0.589705088317244E+000  0.410494778781351E+000 -0.131028262406404E+000 -0.139309291607759E+003
  0.574160679384445E-001  0.275758424550373E+003  0.379941597983364E+000  0.181355093065790E+001  0.978431590546954E+000  0.276654191434434E+000 -0.131028262406404E+000 -0.139307926076275E+003
  0.574160679384445E-001  0.275757929921729E+003  0.692199175160494E+000  0.549077627802330E+000  0.846509112758143E+000  0.143855046069900E+000 -0.131028262406404E+000 -0.139307678761953E+003
  0.574160679384445E-001  0.275757659034517E+003  0.610058621408101E+000  0.144478486081654E+001  0.790284479578122E+000  0.163263209852668E+000 -0.131028262406404E+000 -0.139307543318347E+003
  0.574160679384445E-001  0.275756177969192E+003  0.679630666990444E+000  0.196496982797313E+001  0.930355631914981E-001  0.153709085799532E+000 -0.131028262406404E+000 -0.139306802785684E+003
  0.574160679384445E-001  0.275756000446624E+003  0.511994265698934E+000  0.694046742955369E+000  0.401018692496330E+000  0.189873812962489E+000 -0.131028262406404E+000 -0.139306714024400E+003
  0.574160679384445E-001  0.275755915829987E+003  0.284834724497701E+000  0.106473294944146E+001  0.566991861244334E+000  0.317073539735483E+000 -0.131028262406404E+000 -0.139306671716082E+003
  0.574160679384445E-001  0.275755624818341E+003  0.182534596991158E+000  0.140076421669352E+001  0.965101652572873E+000  0.474050268082053E+000 -0.131028262406404E+000 -0.139306526210259E+003
  0.574160679384445E-001  0.275754443655630E+003  0.205025861287510E+000  0.942453988216576E+000  0.328825727734762E+000  0.423962713374060E+000 -0.131028262406404E+000 -0.139305935628903E+003
  0.574160679384445E-001  0.275753983016314E+003  0.230949477590231E+000  0.903861955247861E+000  0.744032800275108E+000  0.382745579779924E+000 -0.131028262406404E+000 -0.139305705309246E+003
  0.574160679384445E-001  0.275753872061573E+003  0.262652913593996E+000  0.141798912752898E+001  0.148859065529406E+000  0.350048855876133E+000 -0.131028262406404E+000 -0.139305649831875E+003
  0.574160679384445E-001  0.275752661036348E+003  0.360357538724804E+000  0.694339658248503E+000  0.567707863575423E+000  0.261702638156464E+000 -0.131028262406404E+000 -0.139305044319263E+003
  0.574160679384445E-001  0.275752170211570E+003  0.197597779623747E+000  0.955457133680841E+000  0.178189998489721E-001  0.436105301873586E+000 -0.131028262406404E+000 -0.139304798906874E+003
  0.574160679384445E-001  0.275751573336508E+003  0.416152657749519E+000  0.146110973162429E+001  0.210925627746358E+000  0.232891392932131E+000 -0.131028262406404E+000 -0.139304500469342E+003
  0.574160679384445E-001  0.275751544610529E+003  0.417737895262269E+000  0.101335818338156E+001  0.264727076726702E-001  0.225709896118906E+000 -0.131028262406404E+000 -0.139304486106353E+003
  0.574160679384445E-001  0.275751057945439E+003  0.989018839802352E+000  0.606560322201064E+000  0.676776403221273E+000  0.100742275616958E+000 -0.131028262406404E+000 -0.139304242773808E+003
  0.574160679384445E-001  0.275749237973408E+003  0.873157130287130E+000  0.157031842771560E+001  0.731029116207075E+000  0.114623214002974E+000 -0.131028262406404E+000 -0.139303332787792E+003
  0.574160679384445E-001  0.275749178202379E+003  0.305131665704194E+000  0.145021217923255E+001  0.353471298377933E+000  0.307224287764036E+000 -0.131028262406404E+000 -0.139303302902278E+003
  0.574160679384445E-001  0.275747249773973E+003  0.362995701318018E+000  0.702596890793560E+000  0.188099736767179E+000  0.257872517591984E+000 -0.131028262406404E+000 -0.139302338688075E+003
  0.574160679384445E-001  0.275747227164479E+003  0.279346774830663E+000  0.943241788280618E+000  0.827689147980644E+000  0.319814118660920E+000 -0.131028262406404E+000 -0.139302327383328E+003
  0.574160679384445E-001  0.275746865808635E+003  0.220820540854535E+000  0.667859249816595E+000  0.346733143201346E+000  0.423406703908959E+000 -0.131028262406404E+000 -0.139302146705406E+003
  0.574160679384445E-001  0.275745694872653E+003  0.265970788438721E+000  0.875801696575400E+000  0.823628666382156E+000  0.334887893742486E+000 -0.131028262406404E+000 -0.139301561237415E+003
  0.574160679384445E-001  0.275744361140149E+003  0.382175472863324E+000  0.100557423196625E+001  0.374094395862083E+000  0.242108097887128E+000 -0.131028262406404E+000 -0.139300894371163E+003
  0.574160679384445E-001  0.275742179622740E+003  0.192909212021872E+000  0.154837879299442E+001  0.791692886628165E+000  0.466156778648722E+000 -0.131028262406404E+000 -0.139299803612458E+003
  0.574160679384445E-001  0.275741534528851E+003  0.517074645293978E+000  0.138709258547597E+001  0.685135864543708E+000  0.186458664038701E+000 -0.131028262406404E+000 -0.139299481065514E+003
  0.574160679384445E-001  0.275739805427618E+003  0.442890761167223E+000  0.100503212578479E+001  0.319397728282899E+000  0.211031291856815E+000 -0.131028262406404E+000 -0.139298616514898E+003
  0.574160679384445E-001  0.275739235281756E+003  0.575228428134915E+000  0.196885273206287E+001  0.674521486975091E+000  0.179528189693388E+000 -0.131028262406404E+000 -0.139298331441967E+003
  0.574160679384445E-001  0.275738953961575E+003  0.758401899748166E+000  0.154645798557243E+001  0.530924743651456E+000  0.129801785154670E+000 -0.131028262406404E+000 -0.139298190781876E+003
  0.574160679384445E-001  0.275738890423065E+003  0.934994881300144E+000  0.752878891962580E+000  0.923658957346775E+000  0.104556749247779E+000 -0.131028262406404E+000 -0.139298159012621E+003
  0.574160679384445E-001  0.275738235655590E+003  0.225108732307828E+000  0.109678356843263E+001  0.374704049470010E+000  0.378372493721752E+000 -0.131028262406404E+000 -0.139297831628883E+003
  0.574160679384445E-001  0.275737871132346E+003  0.566009643294317E+000  0.138181877675213E+001  0.895994866299598E+000  0.170348757389180E+000 -0.131028262406404E+000 -0.139297649367261E+003
  0.574160679384445E-001  0.275737268705609E+003  0.825683503156058E+000  0.159286823971715E+001  0.199982036785299E+000  0.119385860515546E+000 -0.131028262406404E+000 -0.139297348153893E+003
  0.574160679384445E-001  0.275730111048038E+003  0.665826025789586E+000  0.984098971228061E+000  0.388356667083976E+000  0.142980505342217E+000 -0.131028262406404E+000 -0.139293769325108E+003
  0.574160679384445E-001  0.275729175582470E+003  0.864017433414073E+000  0.918188740039974E+000  0.516596467001257E+000  0.111338270486178E+000 -0.131028262406404E+000 -0.139293301592324E+003
  0.574160679384445E-001  0.275729058886807E+003  0.491056686830702E+000  0.197988430905335E+001  0.277573141303695E+000  0.210860925178260E+000 -0.131028262406404E+000 -0.139293243244492E+003
  0.574160679384445E-001  0.275728963350951E+003  0.384258538571360E+000  0.659404464793792E+000  0.547533763582968E+000  0.239655827473546E+000 -0.131028262406404E+000 -0.139293195476564E+003
  0.574160679384445E-001  0.275728956538048E+003  0.621026118600802E+000  0.977022189616184E+000  0.848396237240974E+000  0.152432276967013E+000 -0.131028262406404E+000 -0.139293192070113E+003
  0.574160679384445E-001  0.275728757900895E+003  0.183410907466236E+000  0.130957019099327E+001  0.116994883410738E+000  0.448755343981050E+000 -0.131028262406404E+000 -0.139293092751536E+003
  0.574160679384445E-001  0.275728728869047E+003  0.725594008218966E+000  0.189750304507661E+001  0.877620162268562E+000  0.137263704031250E+000 -0.131028262406404E+000 -0.139293078235612E+003
  0.574160679384445E-001  0.275727779652632E+003  0.348170359500024E+000  0.521275784714713E+000  0.640205554992073E+000  0.267500076063217E+000 -0.131028262406404E+000 -0.139292603627404E+003
  0.574160679384445E-001  0.275727738183511E+003  0.300362240737766E+000  0.785546253418562E+000  0.620003892492608E+000  0.295905796973910E+000 -0.131028262406404E+000 -0.139292582892844E+003
  0.574160679384445E-001  0.275726862327416E+003  0.243122705350457E+000  0.558662557576426E+000  0.724210270171177E+000  0.385112153441858E+000 -0.131028262406404E+000 -0.139292144964796E+003
  0.574160679384445E-001  0.275724499585773E+003  0.284905270141662E+000  0.916192835856048E+000  0.325426979068749E+000  0.305576720255483E+000 -0.131028262406404E+000 -0.139290963593975E+003
  0.574160679384445E-001  0.275724370129850E+003  0.205327907292554E+000  0.621999737524774E+000  0.173147750849793E-001  0.456013096382771E+000 -0.131028262406404E+000 -0.139290898866013E+003
  0.574160679384445E-001  0.275724203006375E+003  0.253989309305741E+000  0.111812022155808E+001  0.740518713260370E+000  0.335958588736046E+000 -0.131028262406404E+000 -0.139290815304276E+003
  0.574160679384445E-001  0.275723924985313E+003  0.302187278056909E+000  0.147260125598957E+001  0.667608110659308E+000  0.301333783237330E+000 -0.131028262406404E+000 -0.139290676293745E+003
  0.574160679384445E-001  0.275722591948143E+003  0.298632823769018E+000  0.127123363266935E+001  0.707654331848313E+000  0.295338663754153E+000 -0.131028262406404E+000 -0.139290009775160E+003
  0.574160679384445E-001  0.275717768231010E+003  0.386538826736958E+000  0.847526555729645E+000  0.536899962387681E+000  0.232088626214171E+000 -0.131028262406404E+000 -0.139287597916594E+003
  0.574160679384445E-001  0.275717102234479E+003  0.864141578711270E+000  0.893664163936186E+000  0.384020448388361E+000  0.109535429798295E+000 -0.131028262406404E+000 -0.139287264918328E+003
  0.574160679384445E-001  0.275716208018258E+003  0.315865116061514E+000  0.768154030170338E+000  0.271609155997991E+000  0.278760379220516E+000 -0.131028262406404E+000 -0.139286817810218E+003
  0.574160679384445E-001  0.275715035796434E+003  0.950085057380160E+000  0.130059898863321E+001  0.666622419825133E+000  0.100042062925061E+000 -0.131028262406404E+000 -0.139286231699305E+003
  0.574160679384445E-001  0.275714826804400E+003  0.387411921041673E+000  0.173133223661698E+001  0.907774080456035E+000  0.249221764321917E+000 -0.131028262406404E+000 -0.139286127203288E+003
  0.574160679384445E-001  0.275714211890080E+003  0.232160081636582E+000  0.101584134600584E+001  0.210000860434297E-001  0.357637433980247E+000 -0.131028262406404E+000 -0.139285819746128E+003
  0.574160679384445E-001  0.275712555863077E+003  0.282403132014089E+000  0.105426086467125E+001  0.564116746003857E+000  0.302146388702548E+000 -0.131028262406404E+000 -0.139284991732627E+003
  0.574160679384445E-001  0.275709558446528E+003  0.511062197675433E+000  0.948613587068322E+000  0.431725515995444E+000  0.177986507185053E+000 -0.131028262406404E+000 -0.139283493024352E+003
  0.574160679384445E-001  0.275709075916668E+003  0.313839324927567E+000  0.174394135405456E+001  0.952987644263619E+000  0.306562116231717E+000 -0.131028262406404E+000 -0.139283251759422E+003
  0.574160679384445E-001  0.275708845723600E+003  0.642797301069230E+000  0.984762248312773E+000  0.209783779337857E+000  0.143653981406215E+000 -0.131028262406404E+000 -0.139283136662888E+003
  0.574160679384445E-001  0.275708562633334E+003  0.288195244625063E+000  0.118275538358258E+001  0.663064572080962E-001  0.296798211991575E+000 -0.131028262406404E+000 -0.139282995117755E+003
  0.574160679384445E-001  0.275708546322736E+003  0.611352451174936E+000  0.708043890547212E+000  0.817090025472885E+000  0.150867412417217E+000 -0.131028262406404E+000 -0.139282986962456E+003
  0.574160679384445E-001  0.275706393173077E+003  0.455102727108529E+000  0.173292080888276E+001  0.362516841962798E+000  0.209537917665207E+000 -0.131028262406404E+000 -0.139281910387627E+003
  0.574160679384445E-001  0.275706289715691E+003  0.264137044647351E+000  0.123738092060970E+001  0.477007043922572E+000  0.319847113315376E+000 -0.131028262406404E+000 -0.139281858658934E+003
  0.574160679384445E-001  0.275704437655742E+003  0.892214018117708E+000  0.116857012721462E+001  0.700288850423621E+000  0.104568625387997E+000 -0.131028262406404E+000 -0.139280932628959E+003
  0.574160679384445E-001  0.275701938069622E+003  0.599660422084511E+000  0.151433154228853E+001  0.784511554498335E-002  0.154915575927654E+000 -0.131028262406404E+000 -0.139279682835900E+003
  0.574160679384445E-001  0.275699778635181E+003  0.352950690844402E+000  0.602289826792640E+000  0.539054638254364E+000  0.250167030272483E+000 -0.131028262406404E+000 -0.139278603118679E+003
  0.574160679384445E-001  0.275698465185066E+003  0.800373102474173E+000  0.887231438714327E+000  0.915803750466001E+000  0.114908735681505E+000 -0.131028262406404E+000 -0.139277946393621E+003
  0.574160679384445E-001  0.275697023404492E+003  0.740986942732458E+000  0.124497339075671E+001  0.937735045027594E+000  0.123987371063751E+000 -0.131028262406404E+000 -0.139277225503334E+003
  0.574160679384445E-001  0.275696184458669E+003  0.893155602163806E+000  0.717462906723089E+000  0.356647502882166E+000  0.103134396931175E+000 -0.131028262406404E+000 -0.139276806030423E+003
  0.574160679384445E-001  0.275696059839110E+003  0.232706801050608E+000  0.536712575811698E+000  0.963735047824017E+000  0.386009240374005E+000 -0.131028262406404E+000 -0.139276743720643E+003
  0.574160679384445E-001  0.275694481979626E+003  0.328853319083057E+000  0.566122200166601E+000  0.320699939091753E+000  0.266577106233219E+000 -0.131028262406404E+000 -0.139275954790901E+003
  0.574160679384445E-001  0.275692996407935E+003  0.853065574433326E+000  0.918072047904866E+000  0.972097078532374E+000  0.107234852166494E+000 -0.131028262406404E+000 -0.139275212005056E+003
  0.574160679384445E-001  0.275691990684722E+003  0.252538477590379E+000  0.115395633973063E+001  0.773581889883534E+000  0.323805514657999E+000 -0.131028262406404E+000 -0.139274709143449E+003
  0.574160679384445E-001  0.275691279909676E+003  0.308807211114408E+000  0.198848635128926E+001  0.778967728731051E+000  0.345862277116810E+000 -0.131028262406404E+000 -0.139274353755927E+003
  0.574160679384445E-001  0.275690006591079E+003  0.428270482730076E+000  0.114339812331619E+001  0.512678577576688E+000  0.204183143020628E+000 -0.131028262406404E+000 -0.139273717096628E+003
  0.574160679384445E-001  0.275689274663994E+003  0.622573403655476E+000  0.662578074122436E+000  0.445178023354563E-001  0.144432362943141E+000 -0.131028262406404E+000 -0.139273351133085E+003
  0.574160679384445E-001  0.275688376406845E+003  0.526113802885134E+000  0.170713037048616E+001  0.944921129873908E+000  0.175850447867380E+000 -0.131028262406404E+000 -0.139272902004511E+003
  0.574160679384445E-001  0.275685127475615E+003  0.880902484738165E+000  0.195614004321177E+001  0.293898242063722E+000  0.106007185973611E+000 -0.131028262406404E+000 -0.139271277538896E+003
  0.574160679384445E-001  0.275684038537997E+003  0.529745821215104E+000  0.117790793066562E+001  0.678225430904807E+000  0.166852562722133E+000 -0.131028262406404E+000 -0.139270733070087E+003
  0.574160679384445E-001  0.275682670528698E+003  0.224900028087428E+000  0.512686266904866E+000  0.748362569435787E+000  0.396696237997285E+000 -0.131028262406404E+000 -0.139270049065438E+003
  0.574160679384445E-001  0.275680679673418E+003  0.462953697590594E+000  0.193572048924545E+001  0.499829755285993E+000  0.206312133417966E+000 -0.131028262406404E+000 -0.139269053637797E+003
  0.574160679384445E-001  0.275679835706733E+003  0.367017189149493E+000  0.138922531065151E+001  0.422652990544983E+000  0.235350382756954E+000 -0.131028262406404E+000 -0.139268631654455E+003
  0.574160679384445E-001  0.275679653217013E+003  0.418438162417822E+000  0.193947390724130E+001  0.935192087768847E-001  0.230340247057679E+000 -0.131028262406404E+000 -0.139268540409595E+003
  0.574160679384445E-001  0.275678163863252E+003  0.777518122812309E+000  0.110818043978513E+001  0.273365672580731E+000  0.114893170164728E+000 -0.131028262406404E+000 -0.139267795732715E+003
  0.574160679384445E-001  0.275678160870163E+003  0.459907349232934E+000  0.106031637971467E+001  0.716499589264228E+000  0.187761997171627E+000 -0.131028262406404E+000 -0.139267794236170E+003
  0.574160679384445E-001  0.275676603098160E+003  0.215015054939242E+000  0.879836930708471E+000  0.222562452465042E+000  0.365590017111968E+000 -0.131028262406404E+000 -0.139267015350169E+003
  0.574160679384445E-001  0.275675330974759E+003  0.177227185180534E+000  0.101810472929632E+001  0.961052503943907E+000  0.425136507936284E+000 -0.131028262406404E+000 -0.139266379288468E+003
  0.574160679384445E-001  0.275670996635315E+003  0.323300398869108E+000  0.533745438724844E+000  0.627536583068899E+000  0.262159304291957E+000 -0.131028262406404E+000 -0.139264212118746E+003
  0.574160679384445E-001  0.275670736192676E+003  0.243809789941672E+000  0.114775395756645E+001  0.151030348913198E+000  0.323462541418927E+000 -0.131028262406404E+000 -0.139264081897426E+003
  0.574160679384445E-001  0.275669455173943E+003  0.329683566090668E+000  0.561252730398156E+000  0.163537880039851E-001  0.255630639618485E+000 -0.131028262406404E+000 -0.139263441388060E+003
  0.574160679384445E-001  0.275669391175272E+003  0.252384147633229E+000  0.106891913103679E+001  0.548932513704147E+000  0.312820919263356E+000 -0.131028262406404E+000 -0.139263409388724E+003
  0.574160679384445E-001  0.275668939954981E+003  0.375353906402457E+000  0.119012025807047E+001  0.661099320440909E+000  0.223386899767234E+000 -0.131028262406404E+000 -0.139263183778579E+003
  0.574160679384445E-001  0.275668276807445E+003  0.215538377872912E+000  0.739119045996822E+000  0.185893646696214E+000  0.369026833810747E+000 -0.131028262406404E+000 -0.139262852204811E+003
  0.574160679384445E-001  0.275667885412230E+003  0.663255075019799E+000  0.172582629489985E+001  0.567302303179785E+000  0.135478691075253E+000 -0.131028262406404E+000 -0.139262656507204E+003
  0.574160679384445E-001  0.275667763702091E+003  0.316842563181014E+000  0.197508476987567E+001  0.798028348323411E+000  0.316835955502146E+000 -0.131028262406404E+000 -0.139262595652134E+003
  0.574160679384445E-001  0.275666753821381E+003  0.267023562514570E+000  0.175015094809656E+001  0.710296035098306E+000  0.338454797277299E+000 -0.131028262406404E+000 -0.139262090711779E+003
  0.574160679384445E-001  0.275666454326350E+003  0.222535793564181E+000  0.137509993242364E+001  0.845037599013587E+000  0.355628954489741E+000 -0.131028262406404E+000 -0.139261940964263E+003
  0.574160679384445E-001  0.275666110953204E+003  0.792496544890525E+000  0.134517837888953E+001  0.260120211431112E+000  0.111322451013922E+000 -0.131028262406404E+000 -0.139261769277690E+003
  0.574160679384445E-001  0.275664520739338E+003  0.195979383632780E+000  0.661673495080886E+000  0.945710329410187E+000  0.414597077710525E+000 -0.131028262406404E+000 -0.139260974170757E+003
  0.574160679384445E-001  0.275663623643414E+003  0.417996311151841E+000  0.179517009209541E+001  0.345389839817510E+000  0.216481623235963E+000 -0.131028262406404E+000 -0.139260525622795E+003
  0.574160679384445E-001  0.275663099273667E+003  0.823274218871441E+000  0.134375228658764E+001  0.799183535151960E+000  0.106774734136569E+000 -0.131028262406404E+000 -0.139260263437922E+003
  0.574160679384445E-001  0.275661797197725E+003  0.412025791951218E+000  0.112769257815791E+001  0.710643055272799E+000  0.202808279154774E+000 -0.131028262406404E+000 -0.139259612399951E+003
  0.574160679384445E-001  0.275660255376696E+003  0.182565051698300E+000  0.687633199096702E+000  0.478652456421087E+000  0.439633784322847E+000 -0.131028262406404E+000 -0.139258841489437E+003
  0.574160679384445E-001  0.275659790849890E+003  0.319434657406448E+000  0.167839362061099E+001  0.736816392745788E+000  0.273619498477434E+000 -0.131028262406404E+000 -0.139258609226033E+003
  0.574160679384445E-001  0.275659471600106E+003  0.463205909581391E+000  0.586188200155505E+000  0.118657486735660E+000  0.182759732260209E+000 -0.131028262406404E+000 -0.139258449601142E+003
  0.574160679384445E-001  0.275659409458188E+003  0.246627781702502E+000  0.180331372226984E+001  0.809914316216416E+000  0.372799663425138E+000 -0.131028262406404E+000 -0.139258418530182E+003
  0.574160679384445E-001  0.275657631056423E+003  0.814209970548300E+000  0.506213657270731E+000  0.519637936525204E+000  0.106765088923483E+000 -0.131028262406404E+000 -0.139257529329300E+003
  0.574160679384445E-001  0.275657502052443E+003  0.254886341239317E+000  0.190515592106651E+001  0.787583739846154E+000  0.384832914085343E+000 -0.131028262406404E+000 -0.139257464827310E+003
  0.574160679384445E-001  0.275655799962298E+003  0.593992904771457E+000  0.186602029254187E+001  0.375017743720614E+000  0.150578031940597E+000 -0.131028262406404E+000 -0.139256613782237E+003
  0.574160679384445E-001  0.275654060592477E+003  0.259250466679417E+000  0.102777781377885E+001  0.920185855673444E+000  0.298783472149431E+000 -0.131028262406404E+000 -0.139255744097327E+003
  0.574160679384445E-001  0.275653970389594E+003  0.148640047376334E+000  0.101494798964476E+001  0.807549001278669E+000  0.478955483844914E+000 -0.131028262406404E+000 -0.139255698995886E+003
  0.574160679384445E-001  0.275653419623811E+003  0.226370283213300E+000  0.928522493907096E+000  0.914008117866159E+000  0.335580413262581E+000 -0.131028262406404E+000 -0.139255423612994E+003
  0.574160679384445E-001  0.275653372728532E+003  0.169412934478323E+000  0.840951245550425E+000  0.894144008240251E+000  0.440957371533547E+000 -0.131028262406404E+000 -0.139255400165354E+003
  0.574160679384445E-001  0.275651348780665E+003  0.241618124292622E+000  0.187636484512191E+001  0.168200742813982E+000  0.395398260312409E+000 -0.131028262406404E+000 -0.139254388191421E+003
  0.574160679384445E-001  0.275651334137280E+003  0.176504402206112E+000  0.657313928400407E+000  0.394667610166774E+000  0.456759593617784E+000 -0.131028262406404E+000 -0.139254380869728E+003
  0.574160679384445E-001  0.275650743402206E+003  0.680699222355966E+000  0.180192045062965E+001  0.173870459348004E+000  0.129170769457715E+000 -0.131028262406404E+000 -0.139254085502191E+003
  0.574160679384445E-001  0.275650418391257E+003  0.170152416823068E+000  0.132444693197093E+001  0.696216567301500E+000  0.428238920191446E+000 -0.131028262406404E+000 -0.139253922996717E+003
  0.574160679384445E-001  0.275650236563025E+003  0.192273352565244E+000  0.967667130550146E+000  0.194140154176426E+000  0.382618088496677E+000 -0.131028262406404E+000 -0.139253832082601E+003
  0.574160679384445E-001  0.275649164749666E+003  0.783360080241975E+000  0.129046452783846E+001  0.123015197534052E+000  0.109477810272753E+000 -0.131028262406404E+000 -0.139253296175921E+003
  0.574160679384445E-001  0.275649020980398E+003  0.798063486858357E+000  0.101845608872660E+001  0.369897234838569E+000  0.107034808221760E+000 -0.131028262406404E+000 -0.139253224291288E+003
  0.574160679384445E-001  0.275646730972806E+003  0.257184483519921E+000  0.199805433217703E+001  0.104121128795933E+000  0.408618136108355E+000 -0.131028262406404E+000 -0.139252079287491E+003
  0.574160679384445E-001  0.275644649008968E+003  0.455790268003874E+000  0.177400747046913E+001  0.366186323259841E+000  0.191294871964194E+000 -0.131028262406404E+000 -0.139251038305573E+003
  0.574160679384445E-001  0.275643740454432E+003  0.244316321412524E+000  0.188139598369724E+001  0.657335660999643E-001  0.386192881048383E+000 -0.131028262406404E+000 -0.139250584028304E+003
  0.574160679384445E-001  0.275642097658242E+003  0.182926168829710E+000  0.538410735476881E+000  0.783466825670497E+000  0.469658716888825E+000 -0.131028262406404E+000 -0.139249762630209E+003
  0.574160679384445E-001  0.275642010512239E+003  0.151574766497074E+000  0.125375181454408E+001  0.807635925105619E+000  0.459268089226008E+000 -0.131028262406404E+000 -0.139249719057208E+003
  0.574160679384445E-001  0.275641553553050E+003  0.195276372970024E+000  0.660486305092858E+000  0.503329203671382E+000  0.396755752155127E+000 -0.131028262406404E+000 -0.139249490577613E+003
  0.574160679384445E-001  0.275641281250651E+003  0.173483857850806E+000  0.770580557632863E+000  0.541398679743833E+000  0.430375605170412E+000 -0.131028262406404E+000 -0.139249354426414E+003
  0.574160679384445E-001  0.275641022963589E+003  0.582187865055320E+000  0.199345094821248E+001  0.140452167569147E+000  0.152384782790477E+000 -0.131028262406404E+000 -0.139249225282883E+003
  0.574160679384445E-001  0.275639979827817E+003  0.238316779637688E+000  0.179961783735102E+001  0.269457822705453E+000  0.372395437904424E+000 -0.131028262406404E+000 -0.139248703714997E+003
  0.574160679384445E-001  0.275639346725441E+003  0.517758429170609E+000  0.149391277721058E+001  0.911066730405132E+000  0.162026088999619E+000 -0.131028262406404E+000 -0.139248387163809E+003
  0.574160679384445E-001  0.275639308566303E+003  0.669702496846134E+000  0.968908129671953E+000  0.288068718357856E+000  0.124548816354142E+000 -0.131028262406404E+000 -0.139248368084240E+003
  0.574160679384445E-001  0.275639147105525E+003  0.194970504009019E+000  0.136355907844246E+001  0.941954381988414E+000  0.379774937117383E+000 -0.131028262406404E+000 -0.139248287353851E+003
  0.574160679384445E-001  0.275638323170847E+003  0.281536450539075E+000  0.106436930343536E+001  0.734153788950015E+000  0.272138019563350E+000 -0.131028262406404E+000 -0.139247875386512E+003
  0.574160679384445E-001  0.275637847673269E+003  0.174821194690087E+000  0.887138239220454E+000  0.308913823112642E+000  0.411425639936601E+000 -0.131028262406404E+000 -0.139247637637723E+003
  0.574160679384445E-001  0.275637667681134E+003  0.290620115749868E+000  0.739345638360859E+000  0.245220954611656E+000  0.266865985241956E+000 -0.131028262406404E+000 -0.139247547641655E+003
  0.574160679384445E-001  0.275636929668557E+003  0.733861930651245E+000  0.118409182006644E+001  0.854112574749696E+000  0.114032169940010E+000 -0.131028262406404E+000 -0.139247178635367E+003
  0.574160679384445E-001  0.275636222685317E+003  0.579932419049220E+000  0.151190590350626E+001  0.347327124939324E+000  0.144701865618029E+000 -0.131028262406404E+000 -0.139246825143747E+003
  0.574160679384445E-001  0.275636132527131E+003  0.176435997420107E+000  0.164003235727388E+001  0.148779632951813E+000  0.450200703981639E+000 -0.131028262406404E+000 -0.139246780064654E+003
  0.574160679384445E-001  0.275635825506521E+003  0.254992251258586E+000  0.138818540343235E+001  0.578070895260214E+000  0.303391508774971E+000 -0.131028262406404E+000 -0.139246626554349E+003
  0.574160679384445E-001  0.275635044042927E+003  0.361316121407659E+000  0.139489254966686E+001  0.863120568349338E+000  0.223090270981814E+000 -0.131028262406404E+000 -0.139246235822552E+003
  0.574160679384445E-001  0.275632771484173E+003  0.292327963979739E+000  0.111221459651966E+001  0.562645391381850E+000  0.261706375229170E+000 -0.131028262406404E+000 -0.139245099543175E+003
  0.574160679384445E-001  0.275632202704844E+003  0.269322501633190E+000  0.862779902233261E+000  0.375147488192248E+000  0.280390972527137E+000 -0.131028262406404E+000 -0.139244815153510E+003
  0.574160679384445E-001  0.275629246416664E+003  0.221609498884927E+000  0.829485542864369E+000  0.884599178625879E+000  0.331152751097441E+000 -0.131028262406404E+000 -0.139243337009421E+003
  0.574160679384445E-001  0.275628449940876E+003  0.171370079672116E+000  0.970723026910804E+000  0.389091577039801E+000  0.406797983004439E+000 -0.131028262406404E+000 -0.139242938771527E+003
  0.574160679384445E-001  0.275628394566077E+003  0.377915041253266E+000  0.171212526821803E+001  0.671243025511261E+000  0.221919536346389E+000 -0.131028262406404E+000 -0.139242911084127E+003
  0.574160679384445E-001  0.275625998682868E+003  0.172192337057109E+000  0.176876344699079E+001  0.893018835115048E+000  0.493344212325815E+000 -0.131028262406404E+000 -0.139241713142523E+003
  0.574160679384445E-001  0.275623140371313E+003  0.424938309348387E+000  0.191254839699789E+001  0.471688817542113E+000  0.203464725151091E+000 -0.131028262406404E+000 -0.139240283986745E+003
  0.574160679384445E-001  0.275623115434442E+003  0.494409589839496E+000  0.927712176578686E+000  0.944001092253899E-002  0.160999454882019E+000 -0.131028262406404E+000 -0.139240271518309E+003
  0.574160679384445E-001  0.275622803935492E+003  0.747567525006795E+000  0.157020272684207E+001  0.979002840470456E+000  0.110713625043196E+000 -0.131028262406404E+000 -0.139240115768835E+003
  0.574160679384445E-001  0.275621410291946E+003  0.651994974781969E+000  0.762573648140651E+000  0.991484749711793E+000  0.123989527961198E+000 -0.131028262406404E+000 -0.139239418947062E+003
  0.574160679384445E-001  0.275621344879073E+003  0.643820012787292E+000  0.887240324462648E+000  0.715964275150627E-002  0.125422456136258E+000 -0.131028262406404E+000 -0.139239386240625E+003
  0.574160679384445E-001  0.275621084473852E+003  0.205926782763220E+000  0.583186700810219E+000  0.758664995031806E-001  0.369469294864705E+000 -0.131028262406404E+000 -0.139239256038015E+003
  0.574160679384445E-001  0.275620026166297E+003  0.741605913342034E+000  0.574916853598479E+000  0.541801385122847E+000  0.109619236260663E+000 -0.131028262406404E+000 -0.139238726884237E+003
  0.574160679384445E-001  0.275618810444961E+003  0.224853490198975E+000  0.179215892748345E+001  0.290520977653989E+000  0.378417732514799E+000 -0.131028262406404E+000 -0.139238119023569E+003
  0.574160679384445E-001  0.275617201737269E+003  0.439979518316259E+000  0.103621906993881E+001  0.612274180910112E+000  0.177561570704770E+000 -0.131028262406404E+000 -0.139237314669723E+003
  0.574160679384445E-001  0.275616855623898E+003  0.241686601979718E+000  0.120300189198715E+001  0.911891121770291E-001  0.300997979614893E+000 -0.131028262406404E+000 -0.139237141613037E+003
  0.574160679384445E-001  0.275615427121525E+003  0.756355074773932E+000  0.134138879489333E+001  0.727351227044102E+000  0.107190006989925E+000 -0.131028262406404E+000 -0.139236427361851E+003
  0.574160679384445E-001  0.275613710543322E+003  0.140203244017464E+000  0.104234974742991E+001  0.146373763671736E+000  0.466980598476892E+000 -0.131028262406404E+000 -0.139235569072749E+003
  0.574160679384445E-001  0.275613605093351E+003  0.193983555162870E+000  0.170643365315115E+001  0.245123906896397E+000  0.411800072381005E+000 -0.131028262406404E+000 -0.139235516347764E+003
  0.574160679384445E-001  0.275612380234631E+003  0.667827221227713E+000  0.137564986944486E+001  0.824702144773194E+000  0.120401895819505E+000 -0.131028262406404E+000 -0.139234903918404E+003
  0.574160679384445E-001  0.275611301500489E+003  0.429856558790675E+000  0.135087107364625E+001  0.560962988512697E+000  0.182160581459222E+000 -0.131028262406404E+000 -0.139234364551333E+003
  0.574160679384445E-001  0.275610135865353E+003  0.150208650649227E+000  0.163255273316364E+001  0.664399202406802E+000  0.493103424184568E+000 -0.131028262406404E+000 -0.139233781733765E+003
  0.574160679384445E-001  0.275609527160496E+003  0.313742302096337E+000  0.197226486668945E+001  0.669208710919270E+000  0.284179810778178E+000 -0.131028262406404E+000 -0.139233477381336E+003
  0.574160679384445E-001  0.275609364831629E+003  0.276166263054488E+000  0.575384850075798E+000  0.509010316618076E+000  0.270698031909131E+000 -0.131028262406404E+000 -0.139233396216903E+003
  0.574160679384445E-001  0.275608476202202E+003  0.577809269081091E+000  0.927765581055274E+000  0.378451567832909E+000  0.135823647456282E+000 -0.131028262406404E+000 -0.139232951902190E+003
  0.574160679384445E-001  0.275607173838213E+003  0.240658863282755E+000  0.526637450442555E+000  0.571546538831564E-001  0.310566999054877E+000 -0.131028262406404E+000 -0.139232300720195E+003
  0.574160679384445E-001  0.275606911091669E+003  0.655623007812468E+000  0.842226928348389E+000  0.567072588355766E+000  0.120206551961839E+000 -0.131028262406404E+000 -0.139232169346923E+003
  0.574160679384445E-001  0.275606155166287E+003  0.417878434207058E+000  0.100948121439698E+001  0.365353016740108E+000  0.182435959646228E+000 -0.131028262406404E+000 -0.139231791384232E+003
  0.574160679384445E-001  0.275605998360724E+003  0.183156803428790E+000  0.715839188059786E+000  0.232481821637779E+000  0.385406542764425E+000 -0.131028262406404E+000 -0.139231712981450E+003
  0.574160679384445E-001  0.275604450956281E+003  0.229205903896237E+000  0.179501418743692E+001  0.727667972059837E+000  0.361351312218954E+000 -0.131028262406404E+000 -0.139230939279229E+003
  0.574160679384445E-001  0.275604444384315E+003  0.670954119822005E+000  0.186514898715709E+001  0.273906487651831E+000  0.121427917934854E+000 -0.131028262406404E+000 -0.139230935993246E+003
  0.574160679384445E-001  0.275602917304040E+003  0.182756108661045E+000  0.176761617991339E+001  0.171946339079916E+000  0.444721865457938E+000 -0.131028262406404E+000 -0.139230172453108E+003
  0.574160679384445E-001  0.275602297768181E+003  0.126465431738105E+000  0.118754735381518E+001  0.909744144155735E+000  0.494868785571238E+000 -0.131028262406404E+000 -0.139229862685179E+003
  0.574160679384445E-001  0.275601838036653E+003  0.512512456829830E+000  0.140682931664034E+001  0.171309209374902E+000  0.152477975890130E+000 -0.131028262406404E+000 -0.139229632819415E+003
  0.574160679384445E-001  0.275600966406631E+003  0.167100306970394E+000  0.637250816103527E+000  0.146479552390733E+000  0.434486246598938E+000 -0.131028262406404E+000 -0.139229197004404E+003
  0.574160679384445E-001  0.275599351533354E+003  0.261687496612625E+000  0.105070614934220E+001  0.779220701479348E+000  0.271282251639395E+000 -0.131028262406404E+000 -0.139228389567765E+003
  0.574160679384445E-001  0.275599013030633E+003  0.262170463762332E+000  0.177261173650544E+001  0.641677182728044E+000  0.308237755924364E+000 -0.131028262406404E+000 -0.139228220316405E+003
  0.574160679384445E-001  0.275598988382148E+003  0.124634991623230E+000  0.113825124533161E+001  0.498775852726212E+000  0.498117206103058E+000 -0.131028262406404E+000 -0.139228207992162E+003
  0.574160679384445E-001  0.275588024880431E+003  0.382064157267527E+000  0.162754126841705E+001  0.770387144975188E-001  0.200979883146025E+000 -0.131028262406404E+000 -0.139222726241304E+003
  0.574160679384445E-001  0.275585887825810E+003  0.561137976249614E+000  0.783509502197810E+000  0.839571497792029E+000  0.133948694167051E+000 -0.131028262406404E+000 -0.139221657713994E+003
  0.574160679384445E-001  0.275585337838752E+003  0.211839476946217E+000  0.111270716850241E+001  0.440041986096535E+000  0.315932007134442E+000 -0.131028262406404E+000 -0.139221382720464E+003
  0.574160679384445E-001  0.275583584872717E+003  0.471911088530160E+000  0.125899745780240E+001  0.410387155877832E+000  0.158038720126686E+000 -0.131028262406404E+000 -0.139220506237447E+003
  0.574160679384445E-001  0.275583032796467E+003  0.377946179305318E+000  0.165699968005398E+001  0.525536125098792E+000  0.202060256308651E+000 -0.131028262406404E+000 -0.139220230199322E+003
  0.574160679384445E-001  0.275582806336240E+003  0.606875896580443E+000  0.187501341091984E+001  0.688135663803515E+000  0.129083497279185E+000 -0.131028262406404E+000 -0.139220116969208E+003
  0.574160679384445E-001  0.275581270938037E+003  0.377446149600145E+000  0.196495497704263E+001  0.717118787670619E-001  0.215554471506865E+000 -0.131028262406404E+000 -0.139219349270107E+003
  0.574160679384445E-001  0.275579990439282E+003  0.220544884816459E+000  0.124827640643532E+001  0.763273645499349E+000  0.305939103638271E+000 -0.131028262406404E+000 -0.139218709020729E+003
  0.574160679384445E-001  0.275578810219442E+003  0.345984776390058E+000  0.148922205699097E+001  0.733084528355880E-001  0.212662599744910E+000 -0.131028262406404E+000 -0.139218118910809E+003
  0.574160679384445E-001  0.275575670165198E+003  0.592280271233954E+000  0.174549520587901E+001  0.781356659748602E+000  0.129007470998086E+000 -0.131028262406404E+000 -0.139216548883687E+003
  0.574160679384445E-001  0.275574635136085E+003  0.374656859288552E+000  0.157562891745560E+001  0.360129111245237E+000  0.198044421885734E+000 -0.131028262406404E+000 -0.139216031369131E+003
  0.574160679384445E-001  0.275574327705843E+003  0.500019660657623E+000  0.566109380442681E+000  0.667017103571800E+000  0.146425770377594E+000 -0.131028262406404E+000 -0.139215877654010E+003
  0.574160679384445E-001  0.275573377854530E+003  0.746830045845688E+000  0.191628705386678E+001  0.613099149070877E+000  0.102770120235095E+000 -0.131028262406404E+000 -0.139215402728353E+003
  0.574160679384445E-001  0.275572883775304E+003  0.366221068764801E+000  0.800407086486906E+000  0.734367724599999E+000  0.193048498069839E+000 -0.131028262406404E+000 -0.139215155688740E+003
  0.574160679384445E-001  0.275571635370123E+003  0.576513411952968E+000  0.903043074584668E+000  0.314519243843077E+000  0.127046099943535E+000 -0.131028262406404E+000 -0.139214531486150E+003
  0.574160679384445E-001  0.275571445258703E+003  0.209412253912943E+000  0.153696063455380E+001  0.895286470794361E+000  0.331892573089866E+000 -0.131028262406404E+000 -0.139214436430440E+003
  0.574160679384445E-001  0.275570592989146E+003  0.376203201508574E+000  0.127212626821423E+001  0.901051157042732E+000  0.189946197852281E+000 -0.131028262406404E+000 -0.139214010295661E+003
  0.574160679384445E-001  0.275569779692917E+003  0.535130067680706E+000  0.125591455330725E+001  0.881425053310743E+000  0.136760409426291E+000 -0.131028262406404E+000 -0.139213603647547E+003
  0.574160679384445E-001  0.275569744307465E+003  0.528815885595489E+000  0.138092411532708E+001  0.233596066246131E+000  0.139065839533428E+000 -0.131028262406404E+000 -0.139213585954821E+003
  0.574160679384445E-001  0.275568395391279E+003  0.299884860552518E+000  0.703752298521759E+000  0.759670454094276E+000  0.229148217146649E+000 -0.131028262406404E+000 -0.139212911496728E+003
  0.574160679384445E-001  0.275567258401515E+003  0.654860149933909E+000  0.781297339270348E+000  0.962090939681337E+000  0.111624816357319E+000 -0.131028262406404E+000 -0.139212343001846E+003
  0.574160679384445E-001  0.275567048026643E+003  0.201071416485990E+000  0.116725164101377E+001  0.553264239468069E+000  0.319719179035599E+000 -0.131028262406404E+000 -0.139212237814410E+003
  0.574160679384445E-001  0.275566132476836E+003  0.134732182734508E+000  0.860747360714051E+000  0.552565843984780E+000  0.454411889327176E+000 -0.131028262406404E+000 -0.139211780039506E+003
  0.574160679384445E-001  0.275565466748446E+003  0.433270581821259E+000  0.705907631503957E+000  0.814451244626889E+000  0.163686679786484E+000 -0.131028262406404E+000 -0.139211447175311E+003
  0.574160679384445E-001  0.275565320645623E+003  0.558706396743789E+000  0.147529025654132E+001  0.680857725359539E+000  0.131412244778332E+000 -0.131028262406404E+000 -0.139211374123900E+003
  0.574160679384445E-001  0.275562241210914E+003  0.247018552201800E+000  0.187015848422630E+001  0.863087672629737E+000  0.317751162775722E+000 -0.131028262406404E+000 -0.139209834406545E+003
  0.574160679384445E-001  0.275562098359266E+003  0.291319023543128E+000  0.141624610783081E+001  0.302710577530130E-002  0.238231677271748E+000 -0.131028262406404E+000 -0.139209762980722E+003
  0.574160679384445E-001  0.275561594080764E+003  0.532098719810277E+000  0.132773480390255E+001  0.745503223802505E+000  0.135651372688035E+000 -0.131028262406404E+000 -0.139209510841470E+003
  0.574160679384445E-001  0.275561109915334E+003  0.456815980918248E+000  0.518512771238594E+000  0.287586136615396E+000  0.155337923644398E+000 -0.131028262406404E+000 -0.139209268758755E+003
  0.574160679384445E-001  0.275557378585446E+003  0.241369472730243E+000  0.181023533049659E+001  0.619406117921362E-001  0.312254460067784E+000 -0.131028262406404E+000 -0.139207403093812E+003
  0.574160679384445E-001  0.275556659416700E+003  0.403661369499532E+000  0.192476896132243E+001  0.818105058048541E+000  0.187807030428593E+000 -0.131028262406404E+000 -0.139207043509438E+003
  0.574160679384445E-001  0.275551966189400E+003  0.227207874592886E+000  0.530354026489057E+000  0.890091082672085E+000  0.289945406145162E+000 -0.131028262406404E+000 -0.139204696895789E+003
  0.574160679384445E-001  0.275551811057724E+003  0.605496921284609E+000  0.193292524727163E+001  0.222290013900211E+000  0.121768760596561E+000 -0.131028262406404E+000 -0.139204619329951E+003
  0.574160679384445E-001  0.275551058455812E+003  0.198993903014849E+000  0.544340441208187E+000  0.497988757551821E+000  0.328110233337710E+000 -0.131028262406404E+000 -0.139204243028995E+003
  0.574160679384445E-001  0.275550578513721E+003  0.147883267447482E+000  0.113894956898035E+001  0.474220874193471E+000  0.394844495870703E+000 -0.131028262406404E+000 -0.139204003057949E+003
  0.574160679384445E-001  0.275550503848475E+003  0.565336753588540E+000  0.172963897815730E+001  0.367729632331138E+000  0.128012269378731E+000 -0.131028262406404E+000 -0.139203965725326E+003
  0.574160679384445E-001  0.275549260118209E+003  0.596999310710835E+000  0.129886306102517E+001  0.449530413126876E+000  0.118332682430206E+000 -0.131028262406404E+000 -0.139203343860193E+003
  0.574160679384445E-001  0.275548085689842E+003  0.204676143659426E+000  0.174185911282843E+001  0.139625373922715E+000  0.348919851229993E+000 -0.131028262406404E+000 -0.139202756646009E+003
  0.574160679384445E-001  0.275547469594503E+003  0.279324597233104E+000  0.556200188156631E+000  0.749966939255722E+000  0.236229133213217E+000 -0.131028262406404E+000 -0.139202448598340E+003
  0.574160679384445E-001  0.275545740013440E+003  0.122519363799253E+000  0.930582239665623E+000  0.569579077369280E-001  0.464011588015508E+000 -0.131028262406404E+000 -0.139201583807809E+003
  0.574160679384445E-001  0.275545073452924E+003  0.345514102191336E+000  0.725001389812936E+000  0.833323452219884E+000  0.192416556069580E+000 -0.131028262406404E+000 -0.139201250527550E+003
  0.574160679384445E-001  0.275544938634356E+003  0.325061259472881E+000  0.146921515766200E+001  0.346888799980212E+000  0.209791667885460E+000 -0.131028262406404E+000 -0.139201183118266E+003
  0.574160679384445E-001  0.275544887886485E+003  0.146333708600788E+000  0.501795613614106E+000  0.432519733397354E+000  0.496054131318107E+000 -0.131028262406404E+000 -0.139201157744331E+003
  0.574160679384445E-001  0.275544228673985E+003  0.358861412493457E+000  0.187352121252439E+001  0.817295307674876E+000  0.204290375765142E+000 -0.131028262406404E+000 -0.139200828138081E+003
  0.574160679384445E-001  0.275542804235188E+003  0.420152112303592E+000  0.107304911204078E+001  0.513887040931254E+000  0.160923273661806E+000 -0.131028262406404E+000 -0.139200115918682E+003
  0.574160679384445E-001  0.275542655189692E+003  0.548665437188181E+000  0.685913299649023E+000  0.505759751186370E-001  0.125373746823350E+000 -0.131028262406404E+000 -0.139200041395934E+003
  0.574160679384445E-001  0.275541865822682E+003  0.247804325072068E+000  0.190618241264300E+001  0.969725493933372E+000  0.307234019609994E+000 -0.131028262406404E+000 -0.139199646712430E+003
  0.574160679384445E-001  0.275540824259175E+003  0.188070934335656E+000  0.148536412792051E+001  0.471673725549014E+000  0.337336828331795E+000 -0.131028262406404E+000 -0.139199125930676E+003
  0.574160679384445E-001  0.275540450042494E+003  0.351682836861346E+000  0.970097810455239E+000  0.278809067018819E+000  0.187396791575083E+000 -0.131028262406404E+000 -0.139198938822335E+003
  0.574160679384445E-001  0.275540299968538E+003  0.108348061846171E+000  0.113233728991428E+001  0.370841511382415E+000  0.495608221977853E+000 -0.131028262406404E+000 -0.139198863785357E+003
  0.574160679384445E-001  0.275539427471528E+003  0.155783960028362E+000  0.171710430372303E+001  0.754829592555593E+000  0.436649246752359E+000 -0.131028262406404E+000 -0.139198427536853E+003
  0.574160679384445E-001  0.275538520961824E+003  0.290103122228574E+000  0.153576115117641E+001  0.107857909082886E+000  0.231887093415467E+000 -0.131028262406404E+000 -0.139197974282001E+003
  0.574160679384445E-001  0.275537093056078E+003  0.291969675376686E+000  0.171653662397369E+001  0.154714512979211E+000  0.238473299136616E+000 -0.131028262406404E+000 -0.139197260329128E+003
  0.574160679384445E-001  0.275536952262445E+003  0.653215896685247E+000  0.188681106443617E+001  0.821786962420300E+000  0.108541102959678E+000 -0.131028262406404E+000 -0.139197189932311E+003
  0.574160679384445E-001  0.275536809550146E+003  0.296089865971812E+000  0.622256922352202E+000  0.485707190509107E+000  0.217742407731848E+000 -0.131028262406404E+000 -0.139197118576162E+003
  0.574160679384445E-001  0.275536114436926E+003  0.281420257764786E+000  0.553350731142874E+000  0.646500771178554E+000  0.228722088397336E+000 -0.131028262406404E+000 -0.139196771019552E+003
  0.574160679384445E-001  0.275535740468008E+003  0.146999035794416E+000  0.180804389993755E+001  0.508716507936639E+000  0.493029466727982E+000 -0.131028262406404E+000 -0.139196584035092E+003
  0.574160679384445E-001  0.275531370043613E+003  0.161383058214536E+000  0.169994510952749E+001  0.213993365742577E+000  0.410604890379843E+000 -0.131028262406404E+000 -0.139194398822895E+003
  0.574160679384445E-001  0.275531345357234E+003  0.394472030001379E+000  0.162334496931212E+001  0.251558721731089E+000  0.172910140171022E+000 -0.131028262406404E+000 -0.139194386479706E+003
  0.574160679384445E-001  0.275530955526527E+003  0.650770892864112E+000  0.145676868596571E+001  0.314205332061072E+000  0.105126165238442E+000 -0.131028262406404E+000 -0.139194191564352E+003
  0.574160679384445E-001  0.275530588707823E+003  0.195438207726879E+000  0.118933428894263E+001  0.521618115742114E+000  0.304732566344144E+000 -0.131028262406404E+000 -0.139194008155000E+003
  0.574160679384445E-001  0.275527731993713E+003  0.530766837236205E+000  0.109960693443999E+001  0.822816219430490E-001  0.125444776328612E+000 -0.131028262406404E+000 -0.139192579797945E+003
  0.574160679384445E-001  0.275526640348465E+003  0.320108429918508E+000  0.176770914160673E+001  0.713512124967568E+000  0.214942822420407E+000 -0.131028262406404E+000 -0.139192033975321E+003
  0.574160679384445E-001  0.275526361600518E+003  0.383271897180248E+000  0.146369598759099E+001  0.176948238120983E+000  0.172758502266925E+000 -0.131028262406404E+000 -0.139191894601347E+003
  0.574160679384445E-001  0.275525802578807E+003  0.225728627405084E+000  0.751633177059622E+000  0.946151468533271E+000  0.267004798166901E+000 -0.131028262406404E+000 -0.139191615090492E+003
  0.574160679384445E-001  0.275525388622191E+003  0.326087434959204E+000  0.951359996590904E+000  0.138276122227817E+000  0.193761676279218E+000 -0.131028262406404E+000 -0.139191408112184E+003
  0.574160679384445E-001  0.275524190878143E+003  0.421352481360203E+000  0.155382225658191E+001  0.532298725990185E+000  0.158444233008783E+000 -0.131028262406404E+000 -0.139190809240160E+003
  0.574160679384445E-001  0.275523908429807E+003  0.111444080093558E+000  0.128333644798234E+001  0.386331503059756E+000  0.471083344216869E+000 -0.131028262406404E+000 -0.139190668015992E+003
  0.574160679384445E-001  0.275523582849561E+003  0.251716858354490E+000  0.185458584597100E+001  0.639170162142383E+000  0.280658746817306E+000 -0.131028262406404E+000 -0.139190505225869E+003
  0.574160679384445E-001  0.275523186963642E+003  0.606328293597812E+000  0.567516359173045E+000  0.172909973923364E+000  0.109268348024924E+000 -0.131028262406404E+000 -0.139190307282910E+003
  0.574160679384445E-001  0.275522713901557E+003  0.406887472495175E+000  0.107915772031993E+001  0.991319052697735E+000  0.158528261922342E+000 -0.131028262406404E+000 -0.139190070751867E+003
  0.574160679384445E-001  0.275522712352205E+003  0.247946893435330E+000  0.139482403680711E+001  0.286889844585055E+000  0.251861041593835E+000 -0.131028262406404E+000 -0.139190069977191E+003
  0.574160679384445E-001  0.275522329733507E+003  0.105990672312061E+000  0.955029125167626E+000  0.377326903704724E+000  0.496239049651469E+000 -0.131028262406404E+000 -0.139189878667842E+003
  0.574160679384445E-001  0.275522010092216E+003  0.509349709050195E+000  0.709785689078098E+000  0.640984072330649E+000  0.128251441341286E+000 -0.131028262406404E+000 -0.139189718847196E+003
  0.574160679384445E-001  0.275521896766724E+003  0.173749535932377E+000  0.135869044701772E+001  0.500280291780705E+000  0.336247640598100E+000 -0.131028262406404E+000 -0.139189662184450E+003
  0.574160679384445E-001  0.275521375834249E+003  0.304776049043657E+000  0.181663479320071E+001  0.916631831916770E+000  0.225648356433337E+000 -0.131028262406404E+000 -0.139189401718213E+003
  0.574160679384445E-001  0.275521218825192E+003  0.534689684927813E+000  0.158024009964722E+001  0.960356493014957E+000  0.125176176318602E+000 -0.131028262406404E+000 -0.139189323213684E+003
  0.574160679384445E-001  0.275520494683577E+003  0.282437605770694E+000  0.152808170998796E+001  0.636055067312643E+000  0.227880611743597E+000 -0.131028262406404E+000 -0.139188961142877E+003
  0.574160679384445E-001  0.275519984259348E+003  0.392308164067408E+000  0.587393318790628E+000  0.701617252552330E+000  0.162775097438588E+000 -0.131028262406404E+000 -0.139188705930763E+003
  0.574160679384445E-001  0.275519644999721E+003  0.324836992228972E+000  0.116664574958203E+001  0.242746016056940E+000  0.193376467652552E+000 -0.131028262406404E+000 -0.139188536300949E+003
  0.574160679384445E-001  0.275518811535329E+003  0.479695784038570E+000  0.534063795855217E+000  0.388890396002685E+000  0.134966642502468E+000 -0.131028262406404E+000 -0.139188119568753E+003
  0.574160679384445E-001  0.275518175118354E+003  0.391279391828449E+000  0.115908855808542E+001  0.561918578715586E+000  0.163033539312698E+000 -0.131028262406404E+000 -0.139187801360265E+003
  0.574160679384445E-001  0.275517198594576E+003  0.381837356312345E+000  0.800540442834864E+000  0.603624635667166E+000  0.165128346005950E+000 -0.131028262406404E+000 -0.139187313098376E+003
  0.574160679384445E-001  0.275516878201736E+003  0.221264647654496E+000  0.111930361924787E+001  0.384602110189158E-001  0.265951027460631E+000 -0.131028262406404E+000 -0.139187152901956E+003
  0.574160679384445E-001  0.275516708744873E+003  0.110842970525799E+000  0.139519496073599E+001  0.116641077259032E+000  0.475925487960830E+000 -0.131028262406404E+000 -0.139187068173525E+003
  0.574160679384445E-001  0.275514090352984E+003  0.274493091600608E+000  0.157441259288318E+001  0.486744345741868E-001  0.232306303950055E+000 -0.131028262406404E+000 -0.139185758977580E+003
  0.574160679384445E-001  0.275514022508119E+003  0.298298322980013E+000  0.197940135044623E+001  0.125143191394568E+000  0.238662693741964E+000 -0.131028262406404E+000 -0.139185725055148E+003
  0.574160679384445E-001  0.275512626810479E+003  0.234658483959533E+000  0.144571692764955E+001  0.112672013104768E+000  0.260273615915790E+000 -0.131028262406404E+000 -0.139185027206328E+003
  0.574160679384445E-001  0.275512613568703E+003  0.195417774533462E+000  0.113018812909482E+001  0.792010970221295E+000  0.291706853853474E+000 -0.131028262406404E+000 -0.139185020585440E+003
  0.574160679384445E-001  0.275511565498288E+003  0.296854084506923E+000  0.180221375292129E+001  0.181517456239377E+000  0.225169108522596E+000 -0.131028262406404E+000 -0.139184496550233E+003
  0.574160679384445E-001  0.275511364795671E+003  0.427875708848968E+000  0.185740582623002E+001  0.745153343466405E+000  0.156516065493826E+000 -0.131028262406404E+000 -0.139184396198924E+003
  0.574160679384445E-001  0.275510855385363E+003  0.233145811749822E+000  0.185264360582456E+001  0.885937141854418E+000  0.294034353106481E+000 -0.131028262406404E+000 -0.139184141493770E+003
  0.574160679384445E-001  0.275508886325122E+003  0.329031681835407E+000  0.112280818290243E+001  0.458474990944956E+000  0.186057052288906E+000 -0.131028262406404E+000 -0.139183156963649E+003
  0.574160679384445E-001  0.275508625327287E+003  0.136287924694364E+000  0.153682825555412E+001  0.199787879076467E+000  0.416382516322604E+000 -0.131028262406404E+000 -0.139183026464732E+003
  0.574160679384445E-001  0.275508079099631E+003  0.553723072499240E+000  0.198460687519268E+001  0.218179971098292E+000  0.120643236767262E+000 -0.131028262406404E+000 -0.139182753350904E+003
  0.574160679384445E-001  0.275507063302335E+003  0.413885234420853E+000  0.177451078481500E+001  0.772699365152864E+000  0.158336615085647E+000 -0.131028262406404E+000 -0.139182245452256E+003
  0.574160679384445E-001  0.275506860180565E+003  0.291285342782013E+000  0.767289483746470E+000  0.942231156390140E+000  0.204839179922735E+000 -0.131028262406404E+000 -0.139182143891371E+003
  0.574160679384445E-001  0.275506764916832E+003  0.129872194569871E+000  0.168257184320504E+001  0.935072174806477E+000  0.464531816851963E+000 -0.131028262406404E+000 -0.139182096259504E+003
  0.574160679384445E-001  0.275506431950154E+003  0.154107554495390E+000  0.819360935672430E+000  0.259406781960199E+000  0.350632523842042E+000 -0.131028262406404E+000 -0.139181929776165E+003
  0.574160679384445E-001  0.275502380136121E+003  0.358178447972600E+000  0.185769177214175E+001  0.325143568739513E+000  0.183494927776804E+000 -0.131028262406404E+000 -0.139179903869149E+003
  0.574160679384445E-001  0.275501311502455E+003  0.177203523793664E+000  0.148205952696722E+001  0.756315283793150E+000  0.324350733598734E+000 -0.131028262406404E+000 -0.139179369552316E+003
  0.574160679384445E-001  0.275500755721132E+003  0.429765736580576E+000  0.133378652091188E+001  0.898620414881662E+000  0.144577810633573E+000 -0.131028262406404E+000 -0.139179091661655E+003
  0.574160679384445E-001  0.275497311931602E+003  0.237289336040256E+000  0.899149253995577E+000  0.648647808561050E+000  0.238196397349780E+000 -0.131028262406404E+000 -0.139177369766889E+003
  0.574160679384445E-001  0.275496802224642E+003  0.117927215526103E+000  0.616522979305062E+000  0.809303189376629E+000  0.485403784118869E+000 -0.131028262406404E+000 -0.139177114913409E+003
  0.574160679384445E-001  0.275496489405252E+003  0.315918194373708E+000  0.104811405032392E+001  0.853996374538698E+000  0.186560890914530E+000 -0.131028262406404E+000 -0.139176958503715E+003
  0.574160679384445E-001  0.275494816626126E+003  0.118685931357913E+000  0.130282285752491E+001  0.247941336557929E+000  0.421322163896779E+000 -0.131028262406404E+000 -0.139176122114152E+003
  0.574160679384445E-001  0.275494410611844E+003  0.302508105796895E+000  0.147333847005573E+001  0.238386790470931E+000  0.199240740570697E+000 -0.131028262406404E+000 -0.139175919107010E+003
  0.574160679384445E-001  0.275493586179515E+003  0.228636984463219E+000  0.100196056993781E+001  0.175603029310285E+000  0.243819933209459E+000 -0.131028262406404E+000 -0.139175506890846E+003
  0.574160679384445E-001  0.275493199250731E+003  0.209989720676891E+000  0.160335588944887E+001  0.585738603857417E+000  0.283453044461392E+000 -0.131028262406404E+000 -0.139175313426454E+003
  0.574160679384445E-001  0.275492439702601E+003  0.375188683986973E+000  0.187409488201795E+001  0.372974958080950E+000  0.170655402303317E+000 -0.131028262406404E+000 -0.139174933652389E+003
  0.574160679384445E-001  0.275491785935510E+003  0.414317629137275E+000  0.922189689654083E+000  0.821238509728226E+000  0.144134973655080E+000 -0.131028262406404E+000 -0.139174606768844E+003
  0.574160679384445E-001  0.275491161820873E+003  0.194615674232276E+000  0.599766589899419E+000  0.346532232102981E+000  0.282713791998053E+000 -0.131028262406404E+000 -0.139174294711525E+003
  0.574160679384445E-001  0.275490734950096E+003  0.197821058526356E+000  0.644020601777277E+000  0.821441296276599E+000  0.276778461610682E+000 -0.131028262406404E+000 -0.139174081276137E+003
  0.574160679384445E-001  0.275490174835450E+003  0.564554463719026E+000  0.175298661143519E+001  0.445871081928960E+000  0.110731661444890E+000 -0.131028262406404E+000 -0.139173801218813E+003
  0.574160679384445E-001  0.275489948980192E+003  0.527519080370955E+000  0.197058856084155E+001  0.111073412690854E+000  0.120551324980431E+000 -0.131028262406404E+000 -0.139173688291184E+003
  0.574160679384445E-001  0.275489156747268E+003  0.500563694974288E+000  0.104519707933780E+001  0.629127796866622E+000  0.120402182946809E+000 -0.131028262406404E+000 -0.139173292174722E+003
  0.574160679384445E-001  0.275488683183735E+003  0.338108528832889E+000  0.992959873777269E+000  0.652009556699539E+000  0.171968197273928E+000 -0.131028262406404E+000 -0.139173055392956E+003
  0.574160679384445E-001  0.275488527932791E+003  0.172544023905474E+000  0.153136314825988E+001  0.193138723388525E+000  0.325725857082284E+000 -0.131028262406404E+000 -0.139172977767484E+003
  0.574160679384445E-001  0.275487777464228E+003  0.586225491610987E+000  0.146636350163121E+001  0.878783811190884E+000  0.104493893201577E+000 -0.131028262406404E+000 -0.139172602533202E+003
  0.574160679384445E-001  0.275487598542035E+003  0.559244155151116E+000  0.673972489883559E+000  0.727722468224048E+000  0.107747625582375E+000 -0.131028262406404E+000 -0.139172513072106E+003
  0.574160679384445E-001  0.275487509369253E+003  0.143768165513688E+000  0.561623318830625E+000  0.997184430618986E+000  0.377826369035511E+000 -0.131028262406404E+000 -0.139172468485715E+003
  0.574160679384445E-001  0.275487452448118E+003  0.506343610682326E+000  0.190513423870858E+001  0.143776238943030E+000  0.124095702613576E+000 -0.131028262406404E+000 -0.139172440025147E+003
  0.574160679384445E-001  0.275486717471810E+003  0.155799185747213E+000  0.957555039675781E+000  0.671817081632280E-001  0.327272322111715E+000 -0.131028262406404E+000 -0.139172072536993E+003
  0.574160679384445E-001  0.275486287648696E+003  0.154782149020806E+000  0.592263230900157E+000  0.132646753209689E+000  0.345094174340221E+000 -0.131028262406404E+000 -0.139171857625436E+003
  0.574160679384445E-001  0.275485972977959E+003  0.138288924229017E+000  0.188430208522623E+001  0.600445225694403E-001  0.499442025210225E+000 -0.131028262406404E+000 -0.139171700290068E+003
  0.574160679384445E-001  0.275485819887830E+003  0.258747324209794E+000  0.119844831668596E+001  0.346727658452079E+000  0.217706020933039E+000 -0.131028262406404E+000 -0.139171623745003E+003
  0.574160679384445E-001  0.275485702925553E+003  0.218490531749225E+000  0.175987796907779E+001  0.429499780845141E+000  0.281513054052520E+000 -0.131028262406404E+000 -0.139171565263865E+003
  0.574160679384445E-001  0.275485231038014E+003  0.278824885170366E+000  0.199784013999245E+001  0.573840343332403E+000  0.238086996988548E+000 -0.131028262406404E+000 -0.139171329320096E+003
  0.574160679384445E-001  0.275483263179909E+003  0.129002878822648E+000  0.717697642904639E+000  0.954591661666978E+000  0.393112720432781E+000 -0.131028262406404E+000 -0.139170345391043E+003
  0.574160679384445E-001  0.275482417698486E+003  0.144613358731113E+000  0.991070068300942E+000  0.159807223314999E+000  0.343336402275015E+000 -0.131028262406404E+000 -0.139169922650331E+003
  0.574160679384445E-001  0.275481122492140E+003  0.487804610170523E+000  0.144105575362208E+001  0.847324697372048E+000  0.122402675185639E+000 -0.131028262406404E+000 -0.139169275047158E+003
  0.574160679384445E-001  0.275479340999760E+003  0.153029619111764E+000  0.194416578752600E+001  0.138119860008769E+000  0.471477160186544E+000 -0.131028262406404E+000 -0.139168384300968E+003
  0.574160679384445E-001  0.275479338413723E+003  0.532886236919066E+000  0.164927376057210E+001  0.112259885188138E+000  0.113038186654938E+000 -0.131028262406404E+000 -0.139168383007950E+003
  0.574160679384445E-001  0.275478997103957E+003  0.526432862824465E+000  0.778956424968696E+000  0.254180556605649E+000  0.111400285807461E+000 -0.131028262406404E+000 -0.139168212353067E+003
  0.574160679384445E-001  0.275478939277452E+003  0.434630632610653E+000  0.162177109116892E+001  0.209047400653840E+000  0.137618066818354E+000 -0.131028262406404E+000 -0.139168183439814E+003
  0.574160679384445E-001  0.275477651789621E+003  0.110484360818126E+000  0.886947253571632E+000  0.493286806965950E-001  0.427014257514648E+000 -0.131028262406404E+000 -0.139167539695899E+003
  0.574160679384445E-001  0.275476683736389E+003  0.538253720146013E+000  0.806553745551014E+000  0.918101633616524E+000  0.108398229420248E+000 -0.131028262406404E+000 -0.139167055669283E+003
  0.574160679384445E-001  0.275473605087112E+003  0.403392651502769E+000  0.963745005003374E+000  0.232067847190686E+000  0.140732742661210E+000 -0.131028262406404E+000 -0.139165516344644E+003
  0.574160679384445E-001  0.275473329462194E+003  0.173726041449602E+000  0.108660066062930E+001  0.762730495536206E+000  0.290594761325325E+000 -0.131028262406404E+000 -0.139165378532185E+003
  0.574160679384445E-001  0.275473152082764E+003  0.114105518615877E+000  0.154317873607190E+001  0.437998305535554E+000  0.440551910191648E+000 -0.131028262406404E+000 -0.139165289842470E+003
  0.574160679384445E-001  0.275471216335277E+003  0.114326754222267E+000  0.723726786540379E+000  0.812020604745451E+000  0.424265639075023E+000 -0.131028262406404E+000 -0.139164321968727E+003
  0.574160679384445E-001  0.275470854464569E+003  0.231591137435404E+000  0.106041609879020E+001  0.100224118706440E+000  0.227975158707020E+000 -0.131028262406404E+000 -0.139164141033373E+003
  0.574160679384445E-001  0.275470064038126E+003  0.428886509964600E+000  0.848513683649244E+000  0.722003660395752E+000  0.131512015340814E+000 -0.131028262406404E+000 -0.139163745820151E+003
  0.574160679384445E-001  0.275469091146616E+003  0.103706408750186E+000  0.163437607587474E+001  0.171878796646084E+000  0.492793192928902E+000 -0.131028262406404E+000 -0.139163259374396E+003
  0.574160679384445E-001  0.275468215939536E+003  0.508927695790123E+000  0.959292179188718E+000  0.269967427015177E+000  0.111681978176804E+000 -0.131028262406404E+000 -0.139162821770857E+003
  0.574160679384445E-001  0.275466707441102E+003  0.525250967958839E+000  0.158072927183063E+001  0.923955588995386E+000  0.110072361350164E+000 -0.131028262406404E+000 -0.139162067521639E+003
  0.574160679384445E-001  0.275466138440363E+003  0.128079311447078E+000  0.101097854558030E+001  0.722299322019643E+000  0.361693724952117E+000 -0.131028262406404E+000 -0.139161783021270E+003
  0.574160679384445E-001  0.275466088449686E+003  0.246281736682955E+000  0.650474986663931E+000  0.514339716410893E-001  0.213502158776121E+000 -0.131028262406404E+000 -0.139161758025931E+003
  0.574160679384445E-001  0.275465389027598E+003  0.152303794683813E+000  0.762871012701029E+000  0.919391668846913E+000  0.318307066307815E+000 -0.131028262406404E+000 -0.139161408314888E+003
  0.574160679384445E-001  0.275465306210004E+003  0.164227353667531E+000  0.163028787561913E+001  0.807762259002304E-002  0.329809965635175E+000 -0.131028262406404E+000 -0.139161366906091E+003
  0.574160679384445E-001  0.275464457181024E+003  0.287448602464032E+000  0.114394517978622E+001  0.600163788851268E+000  0.186945284460300E+000 -0.131028262406404E+000 -0.139160942391601E+003
  0.574160679384445E-001  0.275464153064872E+003  0.235106644790083E+000  0.118623666482343E+001  0.664074041963610E+000  0.222729364479416E+000 -0.131028262406404E+000 -0.139160790333524E+003
  0.574160679384445E-001  0.275463386731928E+003  0.390237747948148E+000  0.698974602024375E+000  0.603518234598525E+000  0.140617923124687E+000 -0.131028262406404E+000 -0.139160407167053E+003
  0.574160679384445E-001  0.275462774725200E+003  0.174638608957575E+000  0.162159485465336E+001  0.276647101278422E+000  0.309097592876629E+000 -0.131028262406404E+000 -0.139160101163688E+003
  0.574160679384445E-001  0.275461995873335E+003  0.105077486976168E+000  0.709906303907172E+000  0.857656394672378E+000  0.450629998294861E+000 -0.131028262406404E+000 -0.139159711737756E+003
  0.574160679384445E-001  0.275460988290143E+003  0.391100120987836E+000  0.176580205249057E+001  0.102960544416433E+000  0.146756737606002E+000 -0.131028262406404E+000 -0.139159207946160E+003
  0.574160679384445E-001  0.275460857643126E+003  0.243922284069399E+000  0.584188687905127E+000  0.231813499656933E+000  0.212702297630170E+000 -0.131028262406404E+000 -0.139159142622651E+003
  0.574160679384445E-001  0.275459794141138E+003  0.180545185187249E+000  0.184927361545429E+001  0.872311297629892E+000  0.329213049341773E+000 -0.131028262406404E+000 -0.139158610871657E+003
  0.574160679384445E-001  0.275457024322296E+003  0.280776241364740E+000  0.178208525442841E+001  0.901452795442461E-001  0.202317615138791E+000 -0.131028262406404E+000 -0.139157225962237E+003
  0.574160679384445E-001  0.275455453312139E+003  0.543208137906012E+000  0.144491914179069E+001  0.795334384370648E+000  0.102285421673444E+000 -0.131028262406404E+000 -0.139156440457158E+003
  0.574160679384445E-001  0.275454855372672E+003  0.162863919482973E+000  0.123339119210191E+001  0.165985827108673E+000  0.294551381614251E+000 -0.131028262406404E+000 -0.139156141487424E+003
  0.574160679384445E-001  0.275454636994460E+003  0.146669571705142E+000  0.140406421764484E+001  0.903627046848196E+000  0.328984955664667E+000 -0.131028262406404E+000 -0.139156032298319E+003
  0.574160679384445E-001  0.275453641438463E+003  0.117325007133627E+000  0.777545098506319E+000  0.265547892969180E-001  0.383401801242302E+000 -0.131028262406404E+000 -0.139155534520320E+003
  0.574160679384445E-001  0.275453564166722E+003  0.219894437990003E+000  0.123888665947455E+001  0.554814364857464E+000  0.229696020864366E+000 -0.131028262406404E+000 -0.139155495884449E+003
  0.574160679384445E-001  0.275451394048519E+003  0.513006254804819E+000  0.150153922626020E+001  0.376952131589566E+000  0.106990286999591E+000 -0.131028262406404E+000 -0.139154410825348E+003
  0.574160679384445E-001  0.275451006518302E+003  0.110091206643585E+000  0.718365474107842E+000  0.754995156782706E+000  0.409559383029961E+000 -0.131028262406404E+000 -0.139154217060239E+003
  0.574160679384445E-001  0.275450201002204E+003  0.254681318014413E+000  0.148076489449959E+001  0.977328357724088E+000  0.205909561996915E+000 -0.131028262406404E+000 -0.139153814302190E+003
  0.574160679384445E-001  0.275449416568936E+003  0.196523427992149E+000  0.575780738059609E+000  0.560509754453944E+000  0.248014939770246E+000 -0.131028262406404E+000 -0.139153422085557E+003
  0.574160679384445E-001  0.275448384421863E+003  0.251490348736623E+000  0.139337068553022E+001  0.973322448864101E+000  0.204763224518944E+000 -0.131028262406404E+000 -0.139152906012020E+003
  0.574160679384445E-001  0.275447642727087E+003  0.212450831647925E+000  0.180937284482575E+001  0.869847206206461E+000  0.261647305280760E+000 -0.131028262406404E+000 -0.139152535164632E+003
  0.574160679384445E-001  0.275446876739866E+003  0.115313291425550E+000  0.118726087989929E+001  0.610397521959219E+000  0.373995092833850E+000 -0.131028262406404E+000 -0.139152152171021E+003
  0.574160679384445E-001  0.275446498048059E+003  0.199858830305283E+000  0.183908594967714E+001  0.771446090106213E+000  0.280885762799232E+000 -0.131028262406404E+000 -0.139151962825118E+003
  0.574160679384445E-001  0.275446125538292E+003  0.365631947350723E+000  0.164625325407357E+001  0.146762967975330E+000  0.147565479888090E+000 -0.131028262406404E+000 -0.139151776570234E+003
  0.574160679384445E-001  0.275445789300188E+003  0.102331890911171E+000  0.601373057694706E+000  0.527886874651121E+000  0.464044687745666E+000 -0.131028262406404E+000 -0.139151608451182E+003
  0.574160679384445E-001  0.275445669947087E+003  0.496830242051205E+000  0.100510792870635E+001  0.627523742199762E-001  0.106668515860494E+000 -0.131028262406404E+000 -0.139151548774632E+003
  0.574160679384445E-001  0.275445632292471E+003  0.259108675156874E+000  0.122264173874698E+001  0.412216618587709E+000  0.194577206594459E+000 -0.131028262406404E+000 -0.139151529947324E+003
  0.574160679384445E-001  0.275443395066723E+003  0.324381925022713E+000  0.621295690321057E+000  0.617895268689896E-001  0.156387833567101E+000 -0.131028262406404E+000 -0.139150411334450E+003
  0.574160679384445E-001  0.275440860567424E+003  0.284319731954575E+000  0.124291008399278E+001  0.615247459927712E-001  0.176893081587077E+000 -0.131028262406404E+000 -0.139149144084800E+003
  0.574160679384445E-001  0.275439339125877E+003  0.311156029428352E+000  0.127537462332517E+001  0.204978784015340E+000  0.162697681980531E+000 -0.131028262406404E+000 -0.139148383364027E+003
  0.574160679384445E-001  0.275439093110442E+003  0.183205499089989E+000  0.132396773207901E+001  0.442356896095642E-001  0.258634902603409E+000 -0.131028262406404E+000 -0.139148260356309E+003
  0.574160679384445E-001  0.275436062089408E+003  0.353821671745674E+000  0.142880515206954E+001  0.156954204912784E+000  0.144486938028485E+000 -0.131028262406404E+000 -0.139146744845792E+003
  0.574160679384445E-001  0.275435388792512E+003  0.155775413276601E+000  0.164254671412834E+001  0.430639204383685E-001  0.316253580439829E+000 -0.131028262406404E+000 -0.139146408197344E+003
  0.574160679384445E-001  0.275434801353978E+003  0.468699623378440E+000  0.615684080333778E+000  0.391471970433075E+000  0.108395485882860E+000 -0.131028262406404E+000 -0.139146114478077E+003
  0.574160679384445E-001  0.275434354321359E+003  0.313909701339807E+000  0.895694510640626E+000  0.444452969703549E-001  0.156359253563272E+000 -0.131028262406404E+000 -0.139145890961768E+003
  0.574160679384445E-001  0.275434005048844E+003  0.521609700005217E+000  0.178825365153735E+001  0.266397665539888E+000  0.100692201956360E+000 -0.131028262406404E+000 -0.139145716325511E+003
  0.574160679384445E-001  0.275433690073262E+003  0.462988628605376E+000  0.154846506100982E+001  0.651916026151280E+000  0.111633080145398E+000 -0.131028262406404E+000 -0.139145558837719E+003
  0.574160679384445E-001  0.275433293258780E+003  0.225273229079352E+000  0.195195461337699E+001  0.258820928912356E+000  0.246784599292562E+000 -0.131028262406404E+000 -0.139145360430478E+003
  0.574160679384445E-001  0.275429874175036E+003  0.129696866058122E+000  0.196249006407223E+001  0.754380696576253E-001  0.489763033193954E+000 -0.131028262406404E+000 -0.139143650888607E+003
  0.574160679384445E-001  0.275428977499048E+003  0.141708827206619E+000  0.508145786118005E+000  0.736510187969985E+000  0.312897266033154E+000 -0.131028262406404E+000 -0.139143202550612E+003
  0.574160679384445E-001  0.275428340943962E+003  0.465810949449379E+000  0.715720331656882E+000  0.755491923078123E+000  0.106577543338561E+000 -0.131028262406404E+000 -0.139142884273070E+003
  0.574160679384445E-001  0.275427070281274E+003  0.112966681368285E+000  0.168357624910550E+001  0.792133847872677E+000  0.415023678348149E+000 -0.131028262406404E+000 -0.139142248941725E+003
  0.574160679384445E-001  0.275426970581863E+003  0.154105789653520E+000  0.168595542969898E+001  0.196808879026766E+000  0.315491877961053E+000 -0.131028262406404E+000 -0.139142199092020E+003
  0.574160679384445E-001  0.275426809764399E+003  0.327612105633789E+000  0.528749783842063E+000  0.356669237682352E+000  0.146770197284710E+000 -0.131028262406404E+000 -0.139142118683288E+003
  0.574160679384445E-001  0.275422382067590E+003  0.170235525889964E+000  0.108177583647478E+001  0.828235271291880E+000  0.253947803087432E+000 -0.131028262406404E+000 -0.139139904834883E+003
  0.574160679384445E-001  0.275421450866204E+003  0.252004494014283E+000  0.190167387858813E+001  0.781908459610409E+000  0.204602502488454E+000 -0.131028262406404E+000 -0.139139439234191E+003
  0.574160679384445E-001  0.275421440809017E+003  0.189505834485587E+000  0.988448625146612E+000  0.662175037942787E+000  0.231001911234606E+000 -0.131028262406404E+000 -0.139139434205597E+003
  0.574160679384445E-001  0.275420019841266E+003  0.178943479488505E+000  0.115223769808910E+001  0.859351643534146E+000  0.243215406578734E+000 -0.131028262406404E+000 -0.139138723721721E+003
  0.574160679384445E-001  0.275417838613506E+003  0.236766263386896E+000  0.105625535174532E+001  0.942731662476070E+000  0.189900420243825E+000 -0.131028262406404E+000 -0.139137633107841E+003
  0.574160679384445E-001  0.275417814124970E+003  0.388478696531676E+000  0.618262635293861E+000  0.591509971743220E+000  0.121439207857645E+000 -0.131028262406404E+000 -0.139137620863573E+003
  0.574160679384445E-001  0.275416195334123E+003  0.371606760029425E+000  0.176429640814256E+001  0.885087500179453E+000  0.131851810920617E+000 -0.131028262406404E+000 -0.139136811468150E+003
  0.574160679384445E-001  0.275415833026617E+003  0.290311929183882E+000  0.636713018778966E+000  0.395869572234625E+000  0.156900497219667E+000 -0.131028262406404E+000 -0.139136630314397E+003
  0.574160679384445E-001  0.275412173726370E+003  0.100715607710532E+000  0.561754231182861E+000  0.647538031239558E+000  0.404077336639486E+000 -0.131028262406404E+000 -0.139134800664274E+003
  0.574160679384445E-001  0.275411879008020E+003  0.337407923020995E+000  0.933693275256207E+000  0.797556024997115E+000  0.135375563837199E+000 -0.131028262406404E+000 -0.139134653305099E+003
  0.574160679384445E-001  0.275411014080550E+003  0.111454677110413E+000  0.177588226880780E+001  0.119587974524835E+000  0.421727711227659E+000 -0.131028262406404E+000 -0.139134220841363E+003
  0.574160679384445E-001  0.275410101883173E+003  0.197335771703631E+000  0.958524020275026E+000  0.854308479114015E+000  0.214431754422374E+000 -0.131028262406404E+000 -0.139133764742675E+003
  0.574160679384445E-001  0.275410032224376E+003  0.242129512767012E+000  0.100277049044485E+001  0.633874373771268E+000  0.180656131820024E+000 -0.131028262406404E+000 -0.139133729913276E+003
  0.574160679384445E-001  0.275409424570959E+003  0.279366739759735E+000  0.196662113188886E+001  0.228059955706120E+000  0.177068851279074E+000 -0.131028262406404E+000 -0.139133426086568E+003
  0.574160679384445E-001  0.275409267299562E+003  0.188077402039240E+000  0.599016865312602E+000  0.570778993201195E+000  0.223239508055657E+000 -0.131028262406404E+000 -0.139133347450869E+003
  0.574160679384445E-001  0.275405868224258E+003  0.286501766342924E+000  0.182736785417804E+001  0.463352183662256E+000  0.165319151123431E+000 -0.131028262406404E+000 -0.139131647913218E+003
  0.574160679384445E-001  0.275405752138707E+003  0.330014599889782E+000  0.155329484900494E+001  0.364703957006045E+000  0.139233297799383E+000 -0.131028262406404E+000 -0.139131589870442E+003
  0.574160679384445E-001  0.275403680942011E+003  0.288766665064114E+000  0.128357430553259E+001  0.342790355335862E+000  0.153182266344009E+000 -0.131028262406404E+000 -0.139130554272094E+003
  0.574160679384445E-001  0.275400348507869E+003  0.108551602578271E+000  0.173408705545707E+001  0.612008836115084E+000  0.400754008356199E+000 -0.131028262406404E+000 -0.139128888055023E+003
  0.574160679384445E-001  0.275398841170903E+003  0.345160890158339E+000  0.183868054435880E+001  0.331659539742254E+000  0.133023666216418E+000 -0.131028262406404E+000 -0.139128134386540E+003
  0.574160679384445E-001  0.275398749599126E+003  0.406869216581631E+000  0.107120121686748E+001  0.394776830874287E+000  0.108424510315786E+000 -0.131028262406404E+000 -0.139128088600652E+003
  0.574160679384445E-001  0.275397434893466E+003  0.125464368785523E+000  0.779957558651201E+000  0.876217829059447E+000  0.294997338494281E+000 -0.131028262406404E+000 -0.139127431247821E+003
  0.574160679384445E-001  0.275397315537588E+003  0.148860580850860E+000  0.187160596460395E+001  0.821542893051996E-001  0.317915458683599E+000 -0.131028262406404E+000 -0.139127371569883E+003
  0.574160679384445E-001  0.275397179715949E+003  0.151079784220033E+000  0.123331662354235E+001  0.340146309528913E+000  0.258760747736376E+000 -0.131028262406404E+000 -0.139127303659063E+003
  0.574160679384445E-001  0.275396583536102E+003  0.304522184667498E+000  0.132742757467522E+001  0.126167315424975E+000  0.142132482105473E+000 -0.131028262406404E+000 -0.139127005569139E+003
  0.574160679384445E-001  0.275396341173135E+003  0.307697302735967E+000  0.102694025065525E+001  0.875557758791998E+000  0.138662043847492E+000 -0.131028262406404E+000 -0.139126884387656E+003
  0.574160679384445E-001  0.275395661924224E+003  0.204655373919036E+000  0.813448386400250E+000  0.716489358860113E+000  0.196217896842949E+000 -0.131028262406404E+000 -0.139126544763200E+003
  0.574160679384445E-001  0.275394502347943E+003  0.117158169983587E+000  0.169154868030899E+001  0.517859093838093E+000  0.356219776793302E+000 -0.131028262406404E+000 -0.139125964975060E+003
  0.574160679384445E-001  0.275392197380763E+003  0.210286051852620E+000  0.740364311293904E+000  0.573683850959746E+000  0.189022037914365E+000 -0.131028262406404E+000 -0.139124812491470E+003
  0.574160679384445E-001  0.275391306357810E+003  0.179680897965820E+000  0.155969292979947E+001  0.511123140318938E+000  0.230421683416035E+000 -0.131028262406404E+000 -0.139124366979993E+003
  0.574160679384445E-001  0.275391050166235E+003  0.107771669621681E+000  0.185029061228842E+001  0.833362856079544E-001  0.426550150299807E+000 -0.131028262406404E+000 -0.139124238884206E+003
  0.574160679384445E-001  0.275390481984248E+003  0.210260229630427E+000  0.195243945055812E+001  0.951456474609591E+000  0.219364287916280E+000 -0.131028262406404E+000 -0.139123954793213E+003
  0.574160679384445E-001  0.275390419430395E+003  0.106431558821139E+000  0.123577169310302E+001  0.629264417427859E+000  0.330727485588083E+000 -0.131028262406404E+000 -0.139123923516286E+003
  0.574160679384445E-001  0.275390123484790E+003  0.333007147991707E+000  0.180351499442102E+001  0.707621194524945E+000  0.132019580185255E+000 -0.131028262406404E+000 -0.139123775543484E+003
  0.574160679384445E-001  0.275388710063749E+003  0.133875450451966E+000  0.196458884227892E+001  0.355098805620699E+000  0.372710567017497E+000 -0.131028262406404E+000 -0.139123068832963E+003
  0.574160679384445E-001  0.275387756980538E+003  0.243411284659558E+000  0.142052158677287E+001  0.267908089667934E+000  0.169208765891177E+000 -0.131028262406404E+000 -0.139122592291358E+003
  0.574160679384445E-001  0.275387485683548E+003  0.150763417625477E+000  0.123543448196437E+001  0.796082843567696E+000  0.249465949429303E+000 -0.131028262406404E+000 -0.139122456642862E+003
  0.574160679384445E-001  0.275386788129882E+003  0.327651667196709E+000  0.156701619247970E+001  0.340566404801251E+000  0.129247520616275E+000 -0.131028262406404E+000 -0.139122107866030E+003
  0.574160679384445E-001  0.275383211996769E+003  0.131738987879882E+000  0.736662504249288E+000  0.387243504193111E+000  0.267649434790859E+000 -0.131028262406404E+000 -0.139120319799473E+003
  0.574160679384445E-001  0.275380856787410E+003  0.217758323680214E+000  0.151688506817046E+001  0.835659717096626E+000  0.183551291204877E+000 -0.131028262406404E+000 -0.139119142194793E+003
  0.574160679384445E-001  0.275380067781919E+003  0.255585734437767E+000  0.156598781015771E+001  0.167177354312946E+000  0.158590125906140E+000 -0.131028262406404E+000 -0.139118747692048E+003
  0.574160679384445E-001  0.275378575231717E+003  0.168770848463910E+000  0.174360182685787E+001  0.237288212358670E+000  0.241301798677247E+000 -0.131028262406404E+000 -0.139118001416947E+003
  0.574160679384445E-001  0.275378052105069E+003  0.130332577517525E+000  0.165450442848055E+001  0.434979149875515E+000  0.296362671368763E+000 -0.131028262406404E+000 -0.139117739853623E+003
  0.574160679384445E-001  0.275375511967664E+003  0.139782338482021E+000  0.137096199585249E+001  0.226673683462119E+000  0.256839533337623E+000 -0.131028262406404E+000 -0.139116469784921E+003
  0.574160679384445E-001  0.275375316978389E+003  0.144548744518398E+000  0.611132538816451E+000  0.562469390248631E+000  0.240833889162584E+000 -0.131028262406404E+000 -0.139116372290283E+003
  0.574160679384445E-001  0.275374584954750E+003  0.217299960684445E+000  0.112053726201723E+001  0.558210161448062E+000  0.172035582916342E+000 -0.131028262406404E+000 -0.139116006278464E+003
  0.574160679384445E-001  0.275374041191997E+003  0.157363248344791E+000  0.121031130652677E+001  0.235167077566445E-002  0.226747494729648E+000 -0.131028262406404E+000 -0.139115734397087E+003
  0.574160679384445E-001  0.275373459229550E+003  0.238294476737507E+000  0.194527499834959E+001  0.812686012339174E+000  0.174758096260925E+000 -0.131028262406404E+000 -0.139115443415863E+003
  0.574160679384445E-001  0.275373161585960E+003  0.318447508583971E+000  0.103421861884133E+001  0.532630844031506E+000  0.121020602890540E+000 -0.131028262406404E+000 -0.139115294594068E+003
  0.574160679384445E-001  0.275372706226145E+003  0.120379054726070E+000  0.651730367952509E+000  0.713587309801121E+000  0.276018899665345E+000 -0.131028262406404E+000 -0.139115066914161E+003
  0.574160679384445E-001  0.275372138153910E+003  0.365119958961190E+000  0.886120749185396E+000  0.804767297823404E-001  0.105774384607678E+000 -0.131028262406404E+000 -0.139114782878044E+003
  0.574160679384445E-001  0.275371381267131E+003  0.133139351463885E+000  0.896405411375161E+000  0.370812532309186E+000  0.251107680327651E+000 -0.131028262406404E+000 -0.139114404434654E+003
  0.574160679384445E-001  0.275371012375029E+003  0.219464586697601E+000  0.976541354455638E+000  0.208579191958116E+000  0.166542033202509E+000 -0.131028262406404E+000 -0.139114219988603E+003
  0.574160679384445E-001  0.275370180007783E+003  0.133911924905605E+000  0.194768301372268E+001  0.864463368868858E+000  0.325976022736825E+000 -0.131028262406404E+000 -0.139113803804980E+003
  0.574160679384445E-001  0.275369985865752E+003  0.115879639516918E+000  0.160096677799468E+001  0.251796107653759E+000  0.309553548881749E+000 -0.131028262406404E+000 -0.139113706733964E+003
  0.574160679384445E-001  0.275369415031788E+003  0.229662018444725E+000  0.164335065272266E+001  0.896752852958277E+000  0.168021634535409E+000 -0.131028262406404E+000 -0.139113421316983E+003
  0.574160679384445E-001  0.275369140660770E+003  0.142493330489771E+000  0.837767472830949E+000  0.750888188012563E+000  0.235262946018740E+000 -0.131028262406404E+000 -0.139113284131473E+003
  0.574160679384445E-001  0.275368784646190E+003  0.225411581905719E+000  0.640933861641002E+000  0.278910704767776E+000  0.160129958806911E+000 -0.131028262406404E+000 -0.139113106124184E+003
  0.574160679384445E-001  0.275367632239369E+003  0.198705081222416E+000  0.922544752513356E+000  0.590772771417997E+000  0.178017995759418E+000 -0.131028262406404E+000 -0.139112529920773E+003
  0.574160679384445E-001  0.275367104450002E+003  0.301930740290421E+000  0.930720223704978E+000  0.616213981599809E+000  0.122905934318935E+000 -0.131028262406404E+000 -0.139112266026090E+003
  0.574160679384445E-001  0.275366063009326E+003  0.308331388108534E+000  0.681221175450590E+000  0.272054235172304E+000  0.119525227295286E+000 -0.131028262406404E+000 -0.139111745305751E+003
  0.574160679384445E-001  0.275365854037830E+003  0.318561018248361E+000  0.142799423850865E+001  0.688647733828738E+000  0.118547878963805E+000 -0.131028262406404E+000 -0.139111640820003E+003
  0.574160679384445E-001  0.275365535426738E+003  0.256847719015986E+000  0.921307120492428E+000  0.259959606033182E+000  0.140972535704293E+000 -0.131028262406404E+000 -0.139111481514457E+003
  0.574160679384445E-001  0.275365391715815E+003  0.252276631444224E+000  0.195369370183195E+001  0.479382912856064E+000  0.157434243517272E+000 -0.131028262406404E+000 -0.139111409658996E+003
  0.574160679384445E-001  0.275363994736306E+003  0.165036464247303E+000  0.869802337119390E+000  0.628562512644283E+000  0.203826952295196E+000 -0.131028262406404E+000 -0.139110711169241E+003
  0.574160679384445E-001  0.275361876575398E+003  0.208952031269453E+000  0.190685971010938E+001  0.177289375780578E+000  0.185977970054882E+000 -0.131028262406404E+000 -0.139109652088787E+003
  0.574160679384445E-001  0.275361743798585E+003  0.115926379725690E+000  0.194615990888756E+001  0.318946905306102E+000  0.366156370175560E+000 -0.131028262406404E+000 -0.139109585700381E+003
  0.574160679384445E-001  0.275360664153000E+003  0.271177389089566E+000  0.797755758387924E+000  0.775145422232318E+000  0.130592803135312E+000 -0.131028262406404E+000 -0.139109045877588E+003
  0.574160679384445E-001  0.275359988793735E+003  0.212611302632424E+000  0.148637104439292E+001  0.323197885499766E+000  0.168234009688169E+000 -0.131028262406404E+000 -0.139108708197956E+003
  0.574160679384445E-001  0.275359452685978E+003  0.130284287003648E+000  0.198767548014663E+001  0.568222093766127E+000  0.324843318265232E+000 -0.131028262406404E+000 -0.139108440144077E+003
  0.574160679384445E-001  0.275358506818920E+003  0.229918934374566E+000  0.151702067189457E+001  0.865307654111408E-001  0.155784330526326E+000 -0.131028262406404E+000 -0.139107967210549E+003
  0.574160679384445E-001  0.275356789889706E+003  0.182293927782752E+000  0.519471761112025E+000  0.325441201305785E+000  0.180956509611336E+000 -0.131028262406404E+000 -0.139107108745942E+003
  0.574160679384445E-001  0.275355456076584E+003  0.176243380940026E+000  0.182105030649396E+001  0.523411452595023E+000  0.208200042027542E+000 -0.131028262406404E+000 -0.139106441839381E+003
  0.574160679384445E-001  0.275355238228763E+003  0.217578929645622E+000  0.137157755960915E+001  0.765924860270759E+000  0.158592348116953E+000 -0.131028262406404E+000 -0.139106332915470E+003
  0.574160679384445E-001  0.275352725691215E+003  0.169536212670268E+000  0.757885026604195E+000  0.757719138897026E+000  0.187653497755849E+000 -0.131028262406404E+000 -0.139105076646696E+003
  0.574160679384445E-001  0.275351918353616E+003  0.225876652232112E+000  0.150544235966300E+001  0.883243318097253E+000  0.152311063760431E+000 -0.131028262406404E+000 -0.139104672977896E+003
  0.574160679384445E-001  0.275346837962172E+003  0.284948965432378E+000  0.655466551107005E+000  0.749602851422672E+000  0.115228202600310E+000 -0.131028262406404E+000 -0.139102132782175E+003
  0.574160679384445E-001  0.275346207528586E+003  0.113329987744265E+000  0.155387358112102E+001  0.505658806554290E+000  0.274010092838898E+000 -0.131028262406404E+000 -0.139101817565381E+003
  0.574160679384445E-001  0.275343713947031E+003  0.229122939686787E+000  0.125604911192818E+001  0.472270847181617E+000  0.140181997639402E+000 -0.131028262406404E+000 -0.139100570774604E+003
  0.574160679384445E-001  0.275341451881420E+003  0.214572408439673E+000  0.152175667587082E+001  0.914854541296246E+000  0.149999727769439E+000 -0.131028262406404E+000 -0.139099439741798E+003
  0.574160679384445E-001  0.275341405210098E+003  0.103937795488309E+000  0.115698816107408E+001  0.191908552206996E+000  0.265303548377077E+000 -0.131028262406404E+000 -0.139099416406138E+003
  0.574160679384445E-001  0.275341286516277E+003  0.206141019721846E+000  0.158696423957524E+001  0.632280651474704E+000  0.156717463302310E+000 -0.131028262406404E+000 -0.139099357059227E+003
  0.574160679384445E-001  0.275341037325527E+003  0.105935809889883E+000  0.792184448719445E+000  0.966746608995024E-002  0.256576837443309E+000 -0.131028262406404E+000 -0.139099232463852E+003
  0.574160679384445E-001  0.275340043751091E+003  0.118368945382639E+000  0.188806431505572E+001  0.283655009529945E+000  0.290805024566937E+000 -0.131028262406404E+000 -0.139098735676634E+003
  0.574160679384445E-001  0.275338611169566E+003  0.126793926879074E+000  0.187061006208213E+001  0.531898162736212E-001  0.264958000171689E+000 -0.131028262406404E+000 -0.139098019385871E+003
  0.574160679384445E-001  0.275338440846997E+003  0.184349656358187E+000  0.165393014465019E+001  0.813620743397521E+000  0.172456753716658E+000 -0.131028262406404E+000 -0.139097934224587E+003
  0.574160679384445E-001  0.275337435247112E+003  0.270572635680296E+000  0.100921012988259E+001  0.764296348153218E+000  0.114487580532189E+000 -0.131028262406404E+000 -0.139097431424644E+003
  0.574160679384445E-001  0.275336572815741E+003  0.279663101201119E+000  0.163728495775964E+001  0.899647829348558E+000  0.113900333858947E+000 -0.131028262406404E+000 -0.139097000208959E+003
  0.574160679384445E-001  0.275336433016657E+003  0.215677840363559E+000  0.184450973317297E+001  0.500133408075420E+000  0.150362091180226E+000 -0.131028262406404E+000 -0.139096930309417E+003
  0.574160679384445E-001  0.275335216091239E+003  0.133203041696499E+000  0.172854490882827E+001  0.448020020651730E+000  0.233014798257971E+000 -0.131028262406404E+000 -0.139096321846708E+003
  0.574160679384445E-001  0.275333548618275E+003  0.156998823757874E+000  0.591453417807372E+000  0.598905942794022E+000  0.178376484066271E+000 -0.131028262406404E+000 -0.139095488110226E+003
  0.574160679384445E-001  0.275332624030126E+003  0.103626784333420E+000  0.131958865969460E+001  0.311346378628876E+000  0.257991927062490E+000 -0.131028262406404E+000 -0.139095025816152E+003
  0.574160679384445E-001  0.275331154077401E+003  0.250024647624609E+000  0.109658630283970E+001  0.545342610401011E+000  0.118224320566323E+000 -0.131028262406404E+000 -0.139094290839789E+003
  0.574160679384445E-001  0.275330198226547E+003  0.207800572924149E+000  0.147705671673183E+001  0.363160262023495E-001  0.142457951775988E+000 -0.131028262406404E+000 -0.139093812914362E+003
  0.574160679384445E-001  0.275329942943939E+003  0.138473422110986E+000  0.515994413443287E+000  0.317670835042875E+000  0.193720178936382E+000 -0.131028262406404E+000 -0.139093685273058E+003
  0.574160679384445E-001  0.275329025003486E+003  0.109359093291060E+000  0.147215233185591E+001  0.866298367956142E+000  0.248484312639747E+000 -0.131028262406404E+000 -0.139093226302831E+003
  0.574160679384445E-001  0.275327750579577E+003  0.199075144496004E+000  0.912760271507684E+000  0.772020766702756E-001  0.140590301259734E+000 -0.131028262406404E+000 -0.139092589090877E+003
  0.574160679384445E-001  0.275326715436079E+003  0.244059027265367E+000  0.517431664846270E+000  0.380025228402182E+000  0.115818017736305E+000 -0.131028262406404E+000 -0.139092071519128E+003
  0.574160679384445E-001  0.275325957986368E+003  0.166012099114174E+000  0.517383961452289E+000  0.448452821079596E+000  0.161597018989582E+000 -0.131028262406404E+000 -0.139091692794272E+003
  0.574160679384445E-001  0.275325949723650E+003  0.223255782201186E+000  0.150267867207397E+001  0.976382669134375E+000  0.129375784967745E+000 -0.131028262406404E+000 -0.139091688662913E+003
  0.574160679384445E-001  0.275322793006334E+003  0.137760152926879E+000  0.525938991200300E+000  0.247210200568521E+000  0.184839255332791E+000 -0.131028262406404E+000 -0.139090110304255E+003
  0.574160679384445E-001  0.275322669342283E+003  0.236691035781306E+000  0.180578867546640E+001  0.617580600434959E-001  0.122505058329490E+000 -0.131028262406404E+000 -0.139090048472230E+003
  0.574160679384445E-001  0.275322065657012E+003  0.114000137015621E+000  0.181544979114315E+001  0.824330722677987E-001  0.252490164944525E+000 -0.131028262406404E+000 -0.139089746629594E+003
  0.574160679384445E-001  0.275318947485730E+003  0.105645205829643E+000  0.673495603497702E+000  0.219046135188028E+000  0.222488367909077E+000 -0.131028262406404E+000 -0.139088187543953E+003
  0.574160679384445E-001  0.275316657270996E+003  0.100511035045573E+000  0.684489576739430E+000  0.752273267615982E+000  0.227492820660867E+000 -0.131028262406404E+000 -0.139087042436587E+003
  0.574160679384445E-001  0.275315051237726E+003  0.255421331376494E+000  0.143727913368495E+001  0.117434357939539E+000  0.103771811454511E+000 -0.131028262406404E+000 -0.139086239419951E+003
  0.574160679384445E-001  0.275313456655929E+003  0.131301676247174E+000  0.185921895375262E+001  0.969739631074986E+000  0.206092899780138E+000 -0.131028262406404E+000 -0.139085442129053E+003
  0.574160679384445E-001  0.275313413243883E+003  0.104789913592064E+000  0.758255729696991E+000  0.467010993901930E-001  0.214581801718632E+000 -0.131028262406404E+000 -0.139085420423030E+003
  0.574160679384445E-001  0.275313000121180E+003  0.114646361587419E+000  0.857089084954395E+000  0.169381901376537E+000  0.199524864130023E+000 -0.131028262406404E+000 -0.139085213861678E+003
  0.574160679384445E-001  0.275311645650636E+003  0.251231298221168E+000  0.188934461393569E+001  0.305358917756126E+000  0.105429631198957E+000 -0.131028262406404E+000 -0.139084536626406E+003
  0.574160679384445E-001  0.275310749157440E+003  0.101907806494978E+000  0.559392341511291E+000  0.298778328450660E+000  0.215340781960199E+000 -0.131028262406404E+000 -0.139084088379808E+003
  0.574160679384445E-001  0.275309317614532E+003  0.152242300964780E+000  0.149231826081428E+001  0.744227686782275E+000  0.160446452715552E+000 -0.131028262406404E+000 -0.139083372608355E+003
  0.574160679384445E-001  0.275307177592922E+003  0.108542786173825E+000  0.109372139655078E+001  0.579848180972785E+000  0.201460770279100E+000 -0.131028262406404E+000 -0.139082302597549E+003
  0.574160679384445E-001  0.275304113248847E+003  0.231283107805146E+000  0.195649232745999E+001  0.239872530057324E+000  0.106934432948678E+000 -0.131028262406404E+000 -0.139080770425512E+003
  0.574160679384445E-001  0.275303353927524E+003  0.186025080832178E+000  0.131231275599409E+001  0.705695201815169E+000  0.124381003362948E+000 -0.131028262406404E+000 -0.139080390764850E+003
  0.574160679384445E-001  0.275302665773614E+003  0.103392796730683E+000  0.188193202115158E+001  0.662722657826986E+000  0.237772763383058E+000 -0.131028262406404E+000 -0.139080046687895E+003
  0.574160679384445E-001  0.275301062343145E+003  0.173966589417802E+000  0.679911169038552E+000  0.165407918677041E+000  0.126024152138529E+000 -0.131028262406404E+000 -0.139079244972661E+003
  0.574160679384445E-001  0.275299816594109E+003  0.150571249854581E+000  0.732573855305764E+000  0.413755795146429E+000  0.141255651071770E+000 -0.131028262406404E+000 -0.139078622098143E+003
  0.574160679384445E-001  0.275298471996104E+003  0.122448262275635E+000  0.133999844091854E+001  0.670120929488778E+000  0.172397651976997E+000 -0.131028262406404E+000 -0.139077949799141E+003
  0.574160679384445E-001  0.275297730951415E+003  0.209046010757743E+000  0.102204664218119E+001  0.989228687095529E-002  0.104147552170926E+000 -0.131028262406404E+000 -0.139077579276796E+003
  0.574160679384445E-001  0.275297507971406E+003  0.191991669250837E+000  0.162000941091202E+001  0.205631344066424E+000  0.116203059929055E+000 -0.131028262406404E+000 -0.139077467786791E+003
  0.574160679384445E-001  0.275297326753246E+003  0.188503886560429E+000  0.165580954913890E+001  0.429983335027329E+000  0.118399043028271E+000 -0.131028262406404E+000 -0.139077377177711E+003
  0.574160679384445E-001  0.275293333895441E+003  0.131251224470889E+000  0.192333256556428E+001  0.274995537785906E+000  0.168292444853595E+000 -0.131028262406404E+000 -0.139075380748809E+003
  0.574160679384445E-001  0.275292671909189E+003  0.196650477982072E+000  0.658124056225652E+000  0.870354038083093E+000  0.103334168310236E+000 -0.131028262406404E+000 -0.139075049755683E+003
  0.574160679384445E-001  0.275288950112670E+003  0.176934732571574E+000  0.186538580886930E+001  0.228486289213146E+000  0.116207745983667E+000 -0.131028262406404E+000 -0.139073188857424E+003
  0.574160679384445E-001  0.275287900351252E+003  0.128731253907111E+000  0.173072135465713E+001  0.261455148249096E+000  0.154143902344514E+000 -0.131028262406404E+000 -0.139072663976714E+003
  0.574160679384445E-001  0.275286388085048E+003  0.166475225677678E+000  0.957996245966862E+000  0.405094745332925E+000  0.112161529257566E+000 -0.131028262406404E+000 -0.139071907843613E+003
  0.574160679384445E-001  0.275285307312869E+003  0.129877156625088E+000  0.117277338880699E+001  0.812078099563770E+000  0.139379832148215E+000 -0.131028262406404E+000 -0.139071367457523E+003
  0.574160679384445E-001  0.275284203101681E+003  0.108812316573924E+000  0.166115593404525E+001  0.679533542158579E+000  0.170172530845281E+000 -0.131028262406404E+000 -0.139070815351929E+003
  0.574160679384445E-001  0.275283359207486E+003  0.105184599001642E+000  0.102192239305649E+001  0.622193196929989E+000  0.161352256365191E+000 -0.131028262406404E+000 -0.139070393404832E+003
  0.574160679384445E-001  0.275282027219020E+003  0.128546951619769E+000  0.628372696404034E+000  0.240563785115797E+000  0.132070846846159E+000 -0.131028262406404E+000 -0.139069727410598E+003
  0.574160679384445E-001  0.275279596814394E+003  0.150320618714515E+000  0.680705337876958E+000  0.891986824827129E+000  0.111530093256709E+000 -0.131028262406404E+000 -0.139068512208285E+003
  0.574160679384445E-001  0.275278445105834E+003  0.128686509572804E+000  0.192475658058617E+001  0.965301103455810E+000  0.138792953713821E+000 -0.131028262406404E+000 -0.139067936354005E+003
  0.574160679384445E-001  0.275276639315350E+003  0.121627657167595E+000  0.104891646470988E+001  0.478365510224743E+000  0.130369920042721E+000 -0.131028262406404E+000 -0.139067033458764E+003
  0.574160679384445E-001  0.275272759701192E+003  0.116146373736343E+000  0.103642915825468E+001  0.299644193017746E+000  0.127860725569503E+000 -0.131028262406404E+000 -0.139065093651685E+003
  0.574160679384445E-001  0.275270904962748E+003  0.112243332984037E+000  0.117290063426595E+001  0.493182294273519E+000  0.128825844011501E+000 -0.131028262406404E+000 -0.139064166282462E+003
  0.574160679384445E-001  0.275270438478887E+003  0.128745606669587E+000  0.192666565860747E+001  0.495258494439395E+000  0.120517296082824E+000 -0.131028262406404E+000 -0.139063933040532E+003
