#        weight    minuslogpost             Amp              f0              t0             tau   minuslogprior minuslogprior__0            chi2 chi2__sine_gaussian_likelihood
  8.9656408e-07       146.00526       1.9732735       1.5486643     0.077484229      0.47405155      0.13102826       0.13102826       291.74847                      291.74847
  9.2270973e-07       145.97652       1.9937554       1.8741821      0.22918554      0.47360714      0.13102826       0.13102826       291.69098                      291.69098
  9.4832248e-07       145.94914       1.9102055       1.7535877      0.21012247      0.49160991      0.13102826       0.13102826       291.63622                      291.63622
  9.5199588e-07       145.94527       1.9237616       1.6855767      0.25736583      0.48542764      0.13102826       0.13102826       291.62848                      291.62848
  1.1982353e-06       145.71523       1.8861103       1.6269446       0.9836554      0.48670228      0.13102826       0.13102826        291.1684                       291.1684
  1.3200585e-06        145.6184        1.993681       1.9091687      0.80163129       0.4601895      0.13102826       0.13102826       290.97474                      290.97474
  1.3677546e-06       145.58291       1.9144391       1.7389539      0.83384854      0.47271853      0.13102826       0.13102826       290.90375                      290.90375
  1.4148112e-06       145.54908       1.9728735       1.8370388      0.99551862      0.45804393      0.13102826       0.13102826        290.8361                       290.8361
  1.5023428e-06       145.48905       1.9719115       1.4796423      0.26145635      0.45455036      0.13102826       0.13102826       290.71604                      290.71604
    1.63414e-06       145.40496       1.8219407       1.7607493      0.60568444      0.49467941      0.13102826       0.13102826       290.54786                      290.54786
  1.6887808e-06       145.37207       1.9700272       1.7971738      0.78203309      0.44887229      0.13102826       0.13102826       290.48208                      290.48208
  1.7672411e-06       145.32666       1.9089968       1.3105497      0.42977763      0.47955005      0.13102826       0.13102826       290.39126                      290.39126
  1.9367808e-06       145.23505       1.9994464       1.4189059      0.27847931      0.43903562      0.13102826       0.13102826       290.20804                      290.20804
  1.9427981e-06       145.23195       1.9527807       1.1187793      0.21198138      0.48919606      0.13102826       0.13102826       290.20184                      290.20184
  1.9431529e-06       145.23176       1.8498496       1.9193746      0.89678141      0.48645574      0.13102826       0.13102826       290.20147                      290.20147
  1.9737382e-06       145.21615       1.8164472       1.7303828      0.21460287      0.48589931      0.13102826       0.13102826       290.17024                      290.17024
  2.0344285e-06       145.18586       1.9055888       1.2223832      0.85280583      0.48504695      0.13102826       0.13102826       290.10967                      290.10967
  2.2577772e-06        145.0817         1.92799       1.9262485    0.0014611589      0.45512704      0.13102826       0.13102826       289.90133                      289.90133
  2.3750864e-06       145.03104       1.8848724       1.5262078      0.71887881      0.45679092      0.13102826       0.13102826       289.80003                      289.80003
  2.4234441e-06       145.01089       1.7789605       1.6534846      0.74851909      0.48696384      0.13102826       0.13102826       289.75972                      289.75972
  2.4249676e-06       145.01026       1.9345047       1.8904775      0.51254644      0.44707459      0.13102826       0.13102826       289.75846                      289.75846
  2.4671274e-06       144.99302       1.7829477        1.397315      0.34073785      0.49627755      0.13102826       0.13102826       289.72399                      289.72399
  2.4889356e-06       144.98422       1.9650373       1.9897459      0.81988919       0.4454874      0.13102826       0.13102826       289.70638                      289.70638
  2.5625007e-06       144.95509       1.9410257       1.0478777      0.96968784       0.4931099      0.13102826       0.13102826       289.64813                      289.64813
  2.7202814e-06       144.89534       1.9337724        1.262968      0.94739091      0.45585417      0.13102826       0.13102826       289.52862                      289.52862
  3.1448254e-06       144.75032       1.7689178       1.5596748      0.20878093      0.47803277      0.13102826       0.13102826       289.23858                      289.23858
  3.1821548e-06       144.73852       1.9468985         1.02412      0.66908371      0.48419372      0.13102826       0.13102826       289.21498                      289.21498
  3.1953563e-06       144.73438       1.9578475       1.6610717      0.84988041      0.42043836      0.13102826       0.13102826        289.2067                       289.2067
  3.2108469e-06       144.72954       1.9375013       1.0983252      0.85010785       0.4711274      0.13102826       0.13102826       289.19703                      289.19703
  3.2197918e-06       144.72676       1.9593653       1.5217087      0.75603425      0.42191202      0.13102826       0.13102826       289.19146                      289.19146
   3.235745e-06       144.72182       1.7277972       1.7886205      0.55021319      0.49146219      0.13102826       0.13102826       289.18158                      289.18158
  3.4627462e-06       144.65401       1.9637577       1.7067083      0.59324195      0.41558249      0.13102826       0.13102826       289.04597                      289.04597
  3.4895819e-06       144.64629       1.7884655       1.3520979      0.40768453      0.47956641      0.13102826       0.13102826       289.03053                      289.03053
  3.5329196e-06       144.63395       1.8449613       1.1353462      0.12364362      0.49029058      0.13102826       0.13102826       289.00585                      289.00585
   3.610587e-06       144.61221       1.9605987       1.9185796      0.82832146      0.42261907      0.13102826       0.13102826       288.96235                      288.96235
   3.632789e-06       144.60608       1.8797545        1.557463      0.14064296      0.43657241      0.13102826       0.13102826       288.95009                      288.95009
  3.6620854e-06       144.59804       1.9662879       1.4189798      0.20058907      0.41890612      0.13102826       0.13102826       288.93403                      288.93403
  3.6904822e-06       144.59032       1.7030906       1.4985559     0.074254262      0.49491088      0.13102826       0.13102826       288.91858                      288.91858
  3.7158937e-06       144.58346       1.7693859       1.4996093      0.91024372      0.47131103      0.13102826       0.13102826       288.90486                      288.90486
  3.9953788e-06       144.51094        1.887123       1.7447469      0.53640215      0.42941977      0.13102826       0.13102826       288.75982                      288.75982
  4.0151253e-06       144.50601       1.7493675       1.8738091      0.11756561      0.47628738      0.13102826       0.13102826       288.74996                      288.74996
   4.016316e-06       144.50571       1.8630252       1.8457721      0.77554353      0.43946966      0.13102826       0.13102826       288.74936                      288.74936
  4.0746703e-06       144.49129       1.8325719       1.7881985     0.078321037      0.44503305      0.13102826       0.13102826       288.72052                      288.72052
  4.1480771e-06       144.47343       1.9052058       1.0084731      0.19807921      0.48677157      0.13102826       0.13102826       288.68481                      288.68481
  4.3578592e-06       144.42409       1.7241317       1.6149658      0.31434686      0.47363191      0.13102826       0.13102826       288.58613                      288.58613
  4.3771929e-06       144.41967       1.8976661       1.8158674      0.15526837      0.42423646      0.13102826       0.13102826       288.57728                      288.57728
  4.4651775e-06       144.39977        1.667839       1.5579916      0.47915369      0.49370442      0.13102826       0.13102826       288.53748                      288.53748
  4.6234699e-06       144.36493       1.8034875       1.6918181    0.0060750826      0.44490972      0.13102826       0.13102826        288.4678                       288.4678
  4.6297157e-06       144.36358       1.7005658       1.5342353      0.13703684      0.48067746      0.13102826       0.13102826        288.4651                       288.4651
  4.6686336e-06       144.35521       1.7768654       1.9237494      0.79332942      0.46225438      0.13102826       0.13102826       288.44836                      288.44836
   4.870369e-06       144.31291       1.7298299       1.4302607       0.3479993      0.47374402      0.13102826       0.13102826       288.36376                      288.36376
   4.885375e-06       144.30983       1.9157331       1.4695056      0.46925089      0.41564338      0.13102826       0.13102826        288.3576                       288.3576
  5.0690372e-06       144.27292       1.8013646       1.7580486      0.11476294      0.44169572      0.13102826       0.13102826       288.28379                      288.28379
  5.2019394e-06       144.24704       1.8514577       1.8668419      0.76673547      0.43028759      0.13102826       0.13102826       288.23203                      288.23203
   5.275534e-06         144.233       1.7692167       1.2061354      0.18682848      0.48095544      0.13102826       0.13102826       288.20394                      288.20394
  5.2970802e-06       144.22892       1.9506373       1.7432143      0.88941105      0.39957969      0.13102826       0.13102826       288.19578                      288.19578
   5.339205e-06         144.221       1.6175792        1.717461      0.26436214      0.49957711      0.13102826       0.13102826       288.17994                      288.17994
   5.436481e-06       144.20294       1.8363558       1.8896833      0.29137046      0.43345485      0.13102826       0.13102826       288.14383                      288.14383
  5.5713677e-06       144.17844       1.8430193       1.9082786      0.58404474      0.43140373      0.13102826       0.13102826       288.09481                      288.09481
  5.6126831e-06       144.17105       1.7425213       1.6647253      0.81784959      0.45281568      0.13102826       0.13102826       288.08004                      288.08004
  5.6372471e-06       144.16668       1.8409698       1.3563239       0.3383888      0.43623348      0.13102826       0.13102826        288.0713                       288.0713
  5.8561745e-06       144.12858       1.9806404       1.1220686      0.39609295       0.4213257      0.13102826       0.13102826        287.9951                       287.9951
  6.0354154e-06       144.09843       1.7308295       1.5654151        0.269432      0.45395804      0.13102826       0.13102826       287.93481                      287.93481
  6.1569792e-06       144.07849       1.7388348        1.499065      0.87568235      0.45291473      0.13102826       0.13102826       287.89492                      287.89492
  6.4043297e-06        144.0391       1.8184124       1.7760265      0.32601206       0.4247225      0.13102826       0.13102826       287.81615                      287.81615
  6.5396811e-06       144.01819       1.8577266       1.4604125      0.42229393      0.41675045      0.13102826       0.13102826       287.77432                      287.77432
   6.643709e-06       144.00241       1.8504929       1.0912225       0.5628202      0.45866512      0.13102826       0.13102826       287.74275                      287.74275
  6.6967088e-06       143.99446       1.9128438       1.5071906      0.35297517      0.39939584      0.13102826       0.13102826       287.72686                      287.72686
  7.4257508e-06       143.89112        1.787969       1.4224355      0.64915589      0.43166923      0.13102826       0.13102826       287.52019                      287.52019
  7.4502802e-06       143.88782       1.8065384       1.4257726      0.94002587      0.42589407      0.13102826       0.13102826       287.51359                      287.51359
  7.4849693e-06       143.88318       1.9009799       1.7613183      0.60737359      0.39496195      0.13102826       0.13102826        287.5043                       287.5043
  7.7505853e-06       143.84831       1.5981631       1.3784393       0.8211892      0.49748632      0.13102826       0.13102826       287.43456                      287.43456
  8.0242162e-06       143.81361       1.7214356       1.4993439      0.59498213      0.44293325      0.13102826       0.13102826       287.36517                      287.36517
  8.0619059e-06       143.80893        1.898412       1.2764577      0.62131541      0.40808123      0.13102826       0.13102826        287.3558                       287.3558
   8.169438e-06       143.79568        1.701851       1.2536377     0.066428259       0.4702376      0.13102826       0.13102826       287.32929                      287.32929
  8.1727183e-06       143.79527       1.5898128       1.3592676      0.31874503        0.499214      0.13102826       0.13102826       287.32849                      287.32849
  8.2595176e-06       143.78471       1.6501571        1.965318      0.61241801      0.47257493      0.13102826       0.13102826       287.30736                      287.30736
  8.2635099e-06       143.78423       1.6646918       1.6440599      0.67958002      0.45505039      0.13102826       0.13102826        287.3064                       287.3064
  8.5381597e-06       143.75153       1.8456857      0.99444593       0.4831076      0.46442333      0.13102826       0.13102826         287.241                        287.241
  8.6140236e-06       143.74268       1.5360235       1.7315962      0.31199355       0.4992359      0.13102826       0.13102826       287.22331                      287.22331
  8.7709352e-06       143.72463       1.6512962       1.7434715      0.29406617      0.45616753      0.13102826       0.13102826       287.18721                      287.18721
   8.863542e-06       143.71413       1.5901521       1.5510851       0.3411451      0.47890121      0.13102826       0.13102826        287.1662                       287.1662
  8.8790294e-06       143.71238       1.9047214      0.93481426       0.8560583      0.45599761      0.13102826       0.13102826       287.16271                      287.16271
  9.0526758e-06       143.69302       1.8140396       1.9296841     0.068901002      0.41360169      0.13102826       0.13102826       287.12397                      287.12397
  9.1566944e-06       143.68159       1.6133255       1.4604313      0.74424373      0.47328135      0.13102826       0.13102826       287.10112                      287.10112
  9.1601604e-06       143.68121       1.9780047        1.435962      0.31142219      0.37179774      0.13102826       0.13102826       287.10037                      287.10037
  9.1786611e-06       143.67919       1.7177372       1.0729531      0.17749812      0.48834383      0.13102826       0.13102826       287.09633                      287.09633
  9.3991666e-06       143.65545       1.7852438       1.0538077     0.083110997      0.46583086      0.13102826       0.13102826       287.04885                      287.04885
  9.5321774e-06        143.6414       1.9541866       1.3178967      0.13593851      0.38195644      0.13102826       0.13102826       287.02075                      287.02075
  9.5686913e-06       143.63758       1.5715185       1.4404488      0.33918087      0.48746985      0.13102826       0.13102826        287.0131                       287.0131
  1.0064835e-05       143.58703       1.7635383       1.4522725     0.093745552      0.41956298      0.13102826       0.13102826         286.912                        286.912
  1.0069747e-05       143.58654       1.7173105        1.409813      0.30813528      0.43595029      0.13102826       0.13102826       286.91102                      286.91102
   1.019813e-05       143.57387        1.727213       1.4624858      0.81222607      0.42881456      0.13102826       0.13102826       286.88569                      286.88569
  1.0268612e-05       143.56698        1.687231       1.1013316      0.97636078      0.48584218      0.13102826       0.13102826       286.87191                      286.87191
  1.0383504e-05       143.55586        1.970264        0.899488      0.91462487      0.43252208      0.13102826       0.13102826       286.84966                      286.84966
  1.0730946e-05       143.52294       1.7787059      0.96867525      0.88376282      0.47895941      0.13102826       0.13102826       286.78383                      286.78383
  1.0731674e-05       143.52288       1.9780814      0.76995242     0.051319518      0.46699445      0.13102826       0.13102826        286.7837                       286.7837
  1.0839656e-05       143.51286       1.6416876       1.2048351       0.7383155      0.48021663      0.13102826       0.13102826       286.76367                      286.76367
  1.0978493e-05       143.50014       1.5998563       1.6301599     0.013970237      0.45875751      0.13102826       0.13102826       286.73822                      286.73822
  1.1177539e-05       143.48217        1.613362       1.1870553      0.62395367      0.49204296      0.13102826       0.13102826       286.70228                      286.70228
  1.1301505e-05       143.47114       1.5342671       1.9412757      0.23021757      0.49077143      0.13102826       0.13102826       286.68022                      286.68022
  1.1399647e-05       143.46249       1.5032089        1.604847      0.56247843      0.49270935      0.13102826       0.13102826       286.66293                      286.66293
  1.1500927e-05       143.45365       1.8367282       1.2251124      0.92786768      0.40995237      0.13102826       0.13102826       286.64524                      286.64524
  1.1904557e-05       143.41915       1.8233428      0.90772396      0.42874938      0.47116358      0.13102826       0.13102826       286.57625                      286.57625
  1.2063114e-05       143.40592       1.8299665       1.2444998      0.11606305       0.4068995      0.13102826       0.13102826       286.54979                      286.54979
  1.2235174e-05       143.39176        1.924151       1.6805475      0.57806366      0.36412543      0.13102826       0.13102826       286.52147                      286.52147
  1.2356088e-05       143.38193       1.8127516       1.8607805      0.36612441      0.39265639      0.13102826       0.13102826        286.5018                       286.5018
   1.245872e-05       143.37365        1.796712       1.8086334      0.96811159      0.39448815      0.13102826       0.13102826       286.48525                      286.48525
  1.2485752e-05       143.37149       1.9707413      0.98630369      0.29664576      0.40194806      0.13102826       0.13102826       286.48092                      286.48092
  1.2520952e-05       143.36867       1.6314307       1.4567162      0.29509506      0.44633644      0.13102826       0.13102826       286.47529                      286.47529
  1.2821252e-05       143.34497       1.6687361       1.1788898       0.7277982      0.46230043      0.13102826       0.13102826       286.42789                      286.42789
  1.2948974e-05       143.33506       1.8214273       1.3104475      0.87565344      0.39886944      0.13102826       0.13102826       286.40806                      286.40806
   1.308277e-05       143.32478       1.7153786       1.9329976      0.58366859      0.41890744      0.13102826       0.13102826        286.3875                       286.3875
  1.3147976e-05       143.31981       1.8248503       1.1810443      0.23598582      0.41031168      0.13102826       0.13102826       286.37756                      286.37756
  1.3337042e-05       143.30553       1.9316247       1.8530436      0.76289166      0.36085948      0.13102826       0.13102826         286.349                        286.349
  1.3775104e-05       143.27321       1.9695863      0.65978216      0.77305115      0.49815228      0.13102826       0.13102826       286.28437                      286.28437
  1.4387918e-05       143.22969       1.6058613       1.0765651      0.55971491      0.49786635      0.13102826       0.13102826       286.19732                      286.19732
  1.4442715e-05       143.22589       1.8325578       1.6070582      0.48633139       0.3763336      0.13102826       0.13102826       286.18971                      286.18971
  1.5186199e-05       143.17569       1.5269011       1.5196639      0.03432354       0.4656847      0.13102826       0.13102826       286.08932                      286.08932
  1.5260715e-05       143.17079       1.7765306       1.6033311      0.88893709      0.38683154      0.13102826       0.13102826       286.07953                      286.07953
  1.5468727e-05       143.15726       1.9636127        1.021527      0.83862494      0.38457102      0.13102826       0.13102826       286.05245                      286.05245
  1.5595068e-05       143.14912       1.8628627       1.3373032      0.55705478      0.37570015      0.13102826       0.13102826       286.03619                      286.03619
  1.5666733e-05       143.14454       1.7526612       1.4227522      0.73643506      0.39796331      0.13102826       0.13102826       286.02702                      286.02702
   1.566707e-05       143.14451       1.6798212       1.4355635      0.97463193      0.41774397      0.13102826       0.13102826       286.02697                      286.02697
  1.5955489e-05       143.12627       1.8927454       1.8437161     0.085933112      0.35931673      0.13102826       0.13102826       285.99049                      285.99049
   1.653053e-05       143.09087       1.4599695       1.3602978        0.474763      0.49910892      0.13102826       0.13102826       285.91968                      285.91968
  1.6546025e-05       143.08993       1.9343466       1.6516848      0.62400449      0.34667019      0.13102826       0.13102826        285.9178                       285.9178
  1.6546763e-05       143.08989       1.9211919      0.76172697       0.2104709      0.45498566      0.13102826       0.13102826       285.91771                      285.91771
  1.6551056e-05       143.08963       1.9090592        1.501671       0.4561014      0.35434484      0.13102826       0.13102826        285.9172                       285.9172
  1.6613711e-05       143.08585       1.9894298       1.1133851      0.33079259       0.3622135      0.13102826       0.13102826       285.90964                      285.90964
  1.7175202e-05       143.05261       1.4229726       1.8910067      0.71708539       0.4980631      0.13102826       0.13102826       285.84316                      285.84316
  1.7467539e-05       143.03573       1.9963125       1.2536554      0.53475789      0.34566204      0.13102826       0.13102826       285.80941                      285.80941
  1.7566121e-05        143.0301        1.711157       0.9135264      0.43668791      0.48119731      0.13102826       0.13102826       285.79815                      285.79815
  1.7811962e-05       143.01621        1.709689      0.94229398      0.38785014      0.47216601      0.13102826       0.13102826       285.77035                      285.77035
  1.7902852e-05       143.01112       1.9288742      0.89693544      0.60261612      0.40723548      0.13102826       0.13102826       285.76018                      285.76018
  1.8072176e-05        143.0017       1.4502668        1.573843      0.90897681        0.479108      0.13102826       0.13102826       285.74135                      285.74135
   1.807516e-05       143.00154       1.7471773       1.4401804      0.24920512      0.38971526      0.13102826       0.13102826       285.74102                      285.74102
   1.816193e-05       142.99675       1.5368115       1.7003638     0.017217951      0.44443464      0.13102826       0.13102826       285.73144                      285.73144
  1.8198884e-05       142.99472       1.9530522       1.8913573      0.46644641      0.34131712      0.13102826       0.13102826       285.72737                      285.72737
  1.8348794e-05       142.98651       1.7554755      0.91587539       0.4818319      0.45931178      0.13102826       0.13102826       285.71097                      285.71097
  1.9131276e-05       142.94475        1.728195       1.9295224      0.12268529       0.3906593      0.13102826       0.13102826       285.62745                      285.62745
  1.9777455e-05       142.91153       1.7520117        1.109186     0.078774073      0.41439974      0.13102826       0.13102826       285.56101                      285.56101
  2.0066281e-05       142.89703       1.4024695       1.6138401      0.52184222      0.48855373      0.13102826       0.13102826       285.53201                      285.53201
   2.033706e-05       142.88363       1.8522297       1.7881538      0.45331482      0.35327737      0.13102826       0.13102826       285.50521                      285.50521
   2.037102e-05       142.88196       1.6324166       1.5955563      0.39707514      0.40762974      0.13102826       0.13102826       285.50187                      285.50187
   2.047292e-05       142.87697       1.6116265       1.0031966      0.79934945      0.48322634      0.13102826       0.13102826       285.49189                      285.49189
  2.0904549e-05       142.85611       1.8068964       1.0039107      0.28988692      0.41120987      0.13102826       0.13102826       285.45016                      285.45016
  2.0946764e-05       142.85409       1.8388256       1.2324445       0.7912908      0.37220639      0.13102826       0.13102826       285.44613                      285.44613
  2.1053108e-05       142.84903       1.6133708       1.7005747      0.33058004      0.40975866      0.13102826       0.13102826         285.436                        285.436
  2.1226818e-05       142.84081        1.733611       1.9549831     0.052352948      0.38378932      0.13102826       0.13102826       285.41956                      285.41956
  2.1529469e-05       142.82665        1.791778       1.9982453      0.76150234      0.37098778      0.13102826       0.13102826       285.39125                      285.39125
  2.1803688e-05         142.814       1.6440682       1.9140302      0.62031658      0.40387893      0.13102826       0.13102826       285.36594                      285.36594
  2.1913594e-05       142.80897       1.6076844      0.93367741      0.56982255      0.49860763      0.13102826       0.13102826       285.35588                      285.35588
  2.2007573e-05       142.80469       1.7684295      0.96617574      0.74825321      0.42720409      0.13102826       0.13102826       285.34732                      285.34732
  2.2336166e-05       142.78987       1.7452608       1.1212684     0.026221034      0.40587056      0.13102826       0.13102826       285.31768                      285.31768
  2.2551018e-05        142.7803       1.9106219       1.6187125      0.94614702      0.33527019      0.13102826       0.13102826       285.29853                      285.29853
  2.2597604e-05       142.77823       1.8638328       1.2079781      0.70216597      0.36366389      0.13102826       0.13102826       285.29441                      285.29441
  2.2645676e-05       142.77611       1.6698174       1.0205739      0.15942792      0.44756517      0.13102826       0.13102826       285.29016                      285.29016
  2.2830098e-05         142.768       1.5656087       1.8789968      0.52850248      0.42222366      0.13102826       0.13102826       285.27394                      285.27394
  2.2940875e-05       142.76316       1.4409366       1.4185958      0.96449238      0.47315259      0.13102826       0.13102826       285.26425                      285.26425
  2.3031883e-05        142.7592         1.77715       1.9437454     0.065356092      0.36731613      0.13102826       0.13102826       285.25634                      285.25634
  2.3040692e-05       142.75881       1.7896513        1.496453      0.45307511      0.36217808      0.13102826       0.13102826       285.25557                      285.25557
  2.3187038e-05       142.75248       1.9954051       1.3578029      0.34406524      0.32493136      0.13102826       0.13102826       285.24291                      285.24291
  2.3256393e-05        142.7495       1.8190985       1.7942426      0.35417294      0.35273089      0.13102826       0.13102826       285.23693                      285.23693
  2.3589724e-05       142.73526       1.6045963       1.0730846      0.27731266      0.45734715      0.13102826       0.13102826       285.20847                      285.20847
  2.3779079e-05       142.72727       1.9930199      0.78949443      0.19800622      0.39129516      0.13102826       0.13102826       285.19248                      285.19248
  2.3891907e-05       142.72254       1.4380379       1.7428501      0.31466643      0.45835038      0.13102826       0.13102826       285.18302                      285.18302
  2.3892063e-05       142.72253       1.3951917       1.3665502      0.21030642      0.49428352      0.13102826       0.13102826         285.183                        285.183
  2.3928168e-05       142.72102        1.919059        1.117703      0.81800494      0.35597476      0.13102826       0.13102826       285.17998                      285.17998
   2.399299e-05       142.71831       1.7335264       1.6211724      0.20042708      0.36991051      0.13102826       0.13102826       285.17457                      285.17457
  2.4045656e-05       142.71612       1.4879076       1.1606731      0.53510408       0.4852582      0.13102826       0.13102826       285.17019                      285.17019
  2.4073084e-05       142.71498       1.7758605       1.0800348      0.36777706      0.39739741      0.13102826       0.13102826       285.16791                      285.16791
  2.4203062e-05        142.7096       1.9440906       1.6807368       0.9326587      0.32483233      0.13102826       0.13102826       285.15714                      285.15714
  2.4474663e-05       142.69844       1.4423128       1.5589864      0.44770173      0.45780825      0.13102826       0.13102826       285.13482                      285.13482
  2.4576008e-05       142.69431       1.7459272      0.83199838      0.44257908      0.46222596      0.13102826       0.13102826       285.12655                      285.12655
  2.5312742e-05       142.66477       1.3326582       1.6208351      0.16578938      0.49774145      0.13102826       0.13102826       285.06748                      285.06748
  2.5408799e-05       142.66098       1.4471496       1.1540238      0.97986284      0.49929958      0.13102826       0.13102826        285.0599                       285.0599
  2.5777742e-05       142.64656       1.9136756       0.8650538      0.28856763      0.39079394      0.13102826       0.13102826       285.03107                      285.03107
  2.5819555e-05       142.64494       1.9320775       1.7057316      0.46844609      0.32357361      0.13102826       0.13102826       285.02783                      285.02783
  2.5908381e-05       142.64151       1.5997926       1.4899735       0.7377365      0.40410565      0.13102826       0.13102826       285.02096                      285.02096
  2.5924277e-05        142.6409       1.7080398       1.8419648      0.76899443      0.37253657      0.13102826       0.13102826       285.01974                      285.01974
  2.6256509e-05       142.62816       1.3867494       1.9193387      0.51517613       0.4766532      0.13102826       0.13102826       284.99427                      284.99427
  2.6288325e-05       142.62695       1.7391407      0.76326839      0.11078426      0.48426043      0.13102826       0.13102826       284.99185                      284.99185
  2.6407247e-05       142.62244       1.8565743       1.6069802      0.22395949      0.33730729      0.13102826       0.13102826       284.98282                      284.98282
  2.6539664e-05       142.61744       1.3706054       1.7742401      0.05543732      0.47604918      0.13102826       0.13102826       284.97281                      284.97281
  2.6786598e-05       142.60817       1.5642316       1.2455546      0.51579006      0.43327556      0.13102826       0.13102826       284.95429                      284.95429
  2.7309359e-05       142.58885       1.5798206       1.5232955      0.87656817      0.40470554      0.13102826       0.13102826       284.91564                      284.91564
  2.7393314e-05       142.58578       1.9299272       1.2410831      0.66781907      0.33487372      0.13102826       0.13102826        284.9095                       284.9095
  2.7534928e-05       142.58062       1.9383684       0.8033168      0.39282293       0.3922329      0.13102826       0.13102826       284.89918                      284.89918
  2.7657558e-05       142.57618       1.4699619       1.8848025     0.043664273      0.43867202      0.13102826       0.13102826        284.8903                       284.8903
  2.7660157e-05       142.57608       1.4140148       1.2317025      0.77375212      0.49143268      0.13102826       0.13102826       284.89011                      284.89011
  2.8065719e-05       142.56153       1.8811811       1.2788141       0.6957343       0.3410528      0.13102826       0.13102826         284.861                        284.861
  2.8308186e-05       142.55292       1.8256217       1.6855643      0.69739517       0.3389814      0.13102826       0.13102826       284.84379                      284.84379
  2.8493947e-05       142.54638       1.6204296        1.841734      0.50532661      0.38860576      0.13102826       0.13102826       284.83071                      284.83071
  2.9107079e-05       142.52509       1.8889991      0.82363846      0.82775421      0.39779346      0.13102826       0.13102826       284.78813                      284.78813
  2.9524944e-05       142.51084       1.6476643       1.1937888      0.83836571      0.40482139      0.13102826       0.13102826       284.75962                      284.75962
  2.9923695e-05       142.49743       1.8600825       1.1274905      0.42435662      0.35420689      0.13102826       0.13102826       284.73279                      284.73279
  3.0179437e-05       142.48891        1.725218       1.5809326     0.081682062      0.35798812      0.13102826       0.13102826       284.71577                      284.71577
  3.0721289e-05       142.47112       1.8598323       1.0182451      0.81002434      0.36552997      0.13102826       0.13102826       284.68018                      284.68018
  3.0782253e-05       142.46914       1.4605843       1.1979903      0.98575883      0.46699312      0.13102826       0.13102826       284.67622                      284.67622
  3.1403463e-05       142.44916       1.6927384       1.3462392      0.54327278      0.37333846      0.13102826       0.13102826       284.63626                      284.63626
  3.1533043e-05       142.44504       1.5191348       1.4453945      0.71475195      0.41650362      0.13102826       0.13102826       284.62802                      284.62802
  3.2175415e-05       142.42487       1.9998232       1.0157388      0.37038023      0.33012463      0.13102826       0.13102826       284.58769                      284.58769
  3.2404738e-05       142.41777       1.7380713       1.7759804      0.20401469      0.34968736      0.13102826       0.13102826       284.57349                      284.57349
  3.2584721e-05       142.41223       1.9701556       1.7812122      0.95435139      0.30466872      0.13102826       0.13102826       284.56241                      284.56241
  3.3036616e-05       142.39846        1.764487      0.74221299      0.16432158      0.45657849      0.13102826       0.13102826       284.53486                      284.53486
  3.3134222e-05       142.39551       1.5252814       1.4260922      0.32151347      0.41182759      0.13102826       0.13102826       284.52896                      284.52896
  3.3316016e-05       142.39004       1.6946301      0.76483784      0.46834714      0.47709475      0.13102826       0.13102826       284.51802                      284.51802
  3.3617193e-05       142.38104       1.7606649      0.77102974      0.95006702      0.44535491      0.13102826       0.13102826       284.50002                      284.50002
  3.4238619e-05       142.36272        1.933264      0.94613205     0.085492449      0.34946173      0.13102826       0.13102826       284.46339                      284.46339
  3.4296889e-05       142.36102       1.6405944       1.9351319       0.3232025       0.3730799      0.13102826       0.13102826       284.45999                      284.45999
  3.4452902e-05       142.35648       1.6539103      0.81564501      0.34940933      0.47153883      0.13102826       0.13102826       284.45091                      284.45091
  3.4551728e-05       142.35362       1.7886895       1.1549014      0.41202654      0.35867582      0.13102826       0.13102826       284.44518                      284.44518
  3.4889351e-05       142.34389       1.7349679       1.2934794      0.87928691      0.35913109      0.13102826       0.13102826       284.42573                      284.42573
   3.534887e-05       142.33081       1.8835864       1.1684064      0.57948722      0.33413915      0.13102826       0.13102826       284.39956                      284.39956
  3.5377479e-05          142.33       1.9662923       1.1551079      0.29125062      0.31834189      0.13102826       0.13102826       284.39794                      284.39794
  3.5466128e-05        142.3275       1.8209087       1.3008575      0.44660914      0.33787169      0.13102826       0.13102826       284.39294                      284.39294
  3.5559049e-05       142.32488       1.8955898      0.89430443      0.45779752      0.36436483      0.13102826       0.13102826       284.38771                      284.38771
  3.5603486e-05       142.32363       1.2881863       1.4190934      0.39849508      0.49788468      0.13102826       0.13102826       284.38521                      284.38521
  3.5858943e-05       142.31648       1.2907182       1.4202799      0.22448352      0.49580007      0.13102826       0.13102826       284.37091                      284.37091
  3.6134544e-05       142.30883       1.6552058       1.6235649      0.40907832      0.36178023      0.13102826       0.13102826        284.3556                       284.3556
   3.633391e-05       142.30332       1.7329199       1.0902478      0.35891613      0.37695458      0.13102826       0.13102826       284.34459                      284.34459
  3.6556638e-05       142.29721       1.6424282       1.6545013      0.53999601      0.36370925      0.13102826       0.13102826       284.33237                      284.33237
  3.6783747e-05       142.29102        1.793718      0.67935341      0.96310782      0.45817585      0.13102826       0.13102826       284.31998                      284.31998
  3.7720262e-05       142.26588       1.8329405       1.9789846      0.36924761      0.32513877      0.13102826       0.13102826        284.2697                       284.2697
  3.7842025e-05       142.26266        1.920157       1.6927664      0.56035423      0.30436594      0.13102826       0.13102826       284.26325                      284.26325
  3.8088402e-05       142.25617        1.254352       1.5153241       0.7206646        0.498062      0.13102826       0.13102826       284.25028                      284.25028
  3.8118515e-05       142.25538        1.722627        1.788849       0.7168353        0.342489      0.13102826       0.13102826       284.24869                      284.24869
  3.8300456e-05       142.25061       1.9494363       1.9482846      0.27625461      0.30201919      0.13102826       0.13102826       284.23917                      284.23917
  3.8366588e-05       142.24889       1.3298906       1.7337272      0.52427643      0.45701838      0.13102826       0.13102826       284.23572                      284.23572
  3.8551646e-05       142.24408       1.6206676       1.1932426     0.083366558      0.39170624      0.13102826       0.13102826        284.2261                       284.2261
  3.8774391e-05       142.23832       1.3909056       1.8664859      0.20044102      0.43563888      0.13102826       0.13102826       284.21458                      284.21458
  3.8860917e-05       142.23609       1.6618657        1.435427       0.3272746      0.36087766      0.13102826       0.13102826       284.21012                      284.21012
  3.9000406e-05        142.2325       1.4349645       1.0824574      0.36615041        0.476561      0.13102826       0.13102826       284.20295                      284.20295
  3.9006392e-05       142.23235       1.8537768      0.79548917      0.83266864      0.38925834      0.13102826       0.13102826       284.20264                      284.20264
  3.9098516e-05       142.22999       1.6658666       1.4830143      0.39997107      0.35740701      0.13102826       0.13102826       284.19793                      284.19793
  3.9162401e-05       142.22836       1.6445757       1.8588495      0.65874447      0.35978556      0.13102826       0.13102826       284.19466                      284.19466
  3.9456766e-05       142.22087       1.5027022      0.92871269        0.479186      0.48580879      0.13102826       0.13102826       284.17968                      284.17968
  3.9539902e-05       142.21877        1.549256       1.2868305      0.99270508      0.40133275      0.13102826       0.13102826       284.17547                      284.17547
  3.9619057e-05       142.21677       1.5938111       1.9493324     0.068202079      0.37482038      0.13102826       0.13102826       284.17147                      284.17147
  3.9871944e-05        142.2104       1.5655579       1.2844073      0.11217401      0.39584329      0.13102826       0.13102826       284.15875                      284.15875
  4.0679845e-05       142.19034       1.7872273      0.84776575      0.78357705      0.39398389      0.13102826       0.13102826       284.11863                      284.11863
  4.1019645e-05       142.18202       1.9100333       1.8475291      0.82987335      0.30248931      0.13102826       0.13102826       284.10199                      284.10199
  4.1051237e-05       142.18125       1.3078982          1.4989      0.64874349      0.46710118      0.13102826       0.13102826       284.10045                      284.10045
  4.1089312e-05       142.18033        1.784921       1.1605991     0.011412705       0.3465571      0.13102826       0.13102826        284.0986                       284.0986
  4.1507426e-05        142.1702       1.4836861       1.9102178      0.72595989      0.40051004      0.13102826       0.13102826       284.07835                      284.07835
  4.1566621e-05       142.16878         1.83768       1.7845646      0.88591433      0.31374862      0.13102826       0.13102826        284.0755                       284.0755
  4.1862079e-05        142.1617       1.8161064       1.7042141      0.20196314      0.31699246      0.13102826       0.13102826       284.06133                      284.06133
   4.191923e-05       142.16033       1.6023295       1.8040531       0.4823326      0.36404443      0.13102826       0.13102826       284.05861                      284.05861
  4.2305839e-05       142.15115       1.8338137      0.72741656     0.024252284      0.40706747      0.13102826       0.13102826       284.04024                      284.04024
  4.2670752e-05       142.14256       1.7480762       1.2026348      0.64339225      0.34878181      0.13102826       0.13102826       284.02307                      284.02307
  4.2917772e-05       142.13679        1.829349       1.1696042      0.57124126      0.33258863      0.13102826       0.13102826       284.01152                      284.01152
  4.2991024e-05       142.13508        1.888206        1.180668      0.60498259      0.31933255      0.13102826       0.13102826       284.00811                      284.00811
  4.3475351e-05       142.12388       1.8013132       1.8257506       0.5933858       0.3182051      0.13102826       0.13102826       283.98571                      283.98571
  4.3648069e-05       142.11992       1.9624492       1.9649147      0.45075229      0.29253209      0.13102826       0.13102826       283.97778                      283.97778
  4.3678379e-05       142.11922        1.803392      0.90477371      0.78935071      0.37067424      0.13102826       0.13102826       283.97639                      283.97639
  4.3721427e-05       142.11824       1.6850212      0.80507525     0.055722848      0.43511769      0.13102826       0.13102826       283.97442                      283.97442
  4.4009486e-05       142.11167       1.2121002       1.6944043      0.31897876      0.49414058      0.13102826       0.13102826       283.96128                      283.96128
  4.4257159e-05       142.10606       1.9047697       1.4309194      0.54901267      0.30198986      0.13102826       0.13102826       283.95006                      283.95006
  4.4591349e-05       142.09854       1.9851226      0.68569844      0.64293307      0.36365736      0.13102826       0.13102826       283.93502                      283.93502
  4.4689702e-05       142.09633       1.2151554       1.8164239     0.083474051      0.49157044      0.13102826       0.13102826       283.93061                      283.93061
   4.495812e-05       142.09034       1.9679247      0.73364206      0.12441075      0.35620086      0.13102826       0.13102826       283.91863                      283.91863
  4.5062804e-05       142.08802       1.8524859      0.58567016      0.53280184      0.45145795      0.13102826       0.13102826       283.91398                      283.91398
  4.5221332e-05       142.08451         1.51203       1.6791026      0.38724961       0.3815713      0.13102826       0.13102826       283.90696                      283.90696
   4.522231e-05       142.08449       1.3671132       1.7432176      0.65856936      0.42706354      0.13102826       0.13102826       283.90691                      283.90691
  4.5269957e-05       142.08343       1.4862186       1.4403624      0.81600909      0.39714302      0.13102826       0.13102826       283.90481                      283.90481
  4.5279984e-05       142.08321       1.8517578       1.1501263     0.034446837      0.32561534      0.13102826       0.13102826       283.90436                      283.90436
   4.604314e-05        142.0665        1.744236       1.0504649      0.73962279      0.36000312      0.13102826       0.13102826       283.87094                      283.87094
  4.6156341e-05       142.06404       1.5625072      0.79083368      0.59916606      0.48840467      0.13102826       0.13102826       283.86603                      283.86603
   4.625448e-05       142.06192       1.5282179       1.1693844      0.59378659      0.40798653      0.13102826       0.13102826       283.86178                      283.86178
    4.62967e-05       142.06101       1.2226722       1.8794459      0.81453826      0.48617761      0.13102826       0.13102826       283.85995                      283.85995
  4.6481606e-05       142.05702       1.6692696       1.7859074      0.90832542      0.34036726      0.13102826       0.13102826       283.85198                      283.85198
  4.7000288e-05       142.04592       1.8404409      0.59990702      0.29856369      0.44335388      0.13102826       0.13102826       283.82979                      283.82979
  4.7064561e-05       142.04456        1.354905       1.3683529      0.75785416      0.44517118      0.13102826       0.13102826       283.82705                      283.82705
  4.7441789e-05       142.03657       1.2825584       1.5380061      0.30347222      0.46009631      0.13102826       0.13102826       283.81109                      283.81109
  4.7525622e-05       142.03481       1.5719361       1.7538183      0.74331444      0.36151664      0.13102826       0.13102826       283.80756                      283.80756
  4.8058313e-05       142.02366       1.7106025       1.5396579     0.082944738      0.33097212      0.13102826       0.13102826       283.78526                      283.78526
  4.8132013e-05       142.02213       1.8275493       1.1193086      0.75703783       0.3290672      0.13102826       0.13102826        283.7822                       283.7822
  4.8257431e-05       142.01953       1.3840599       1.8446967      0.97955843      0.41646481      0.13102826       0.13102826         283.777                        283.777
  4.8456913e-05        142.0154       1.8919633        1.697965     0.035400193      0.29448652      0.13102826       0.13102826       283.76875                      283.76875
  4.8602462e-05        142.0124       1.2022021       1.6023745      0.45636097      0.49012218      0.13102826       0.13102826       283.76275                      283.76275
  4.8736313e-05       142.00965       1.9821561      0.55316825      0.89541211      0.39966413      0.13102826       0.13102826       283.75725                      283.75725
  4.9011432e-05       142.00402       1.2461203       1.9296894     0.018055293      0.47155025      0.13102826       0.13102826       283.74599                      283.74599
  4.9092424e-05       142.00237       1.3589196       1.6037273      0.86789024      0.42410948      0.13102826       0.13102826       283.74269                      283.74269
  4.9539985e-05        141.9933       1.6269317         1.70302      0.48224543      0.34498953      0.13102826       0.13102826       283.72453                      283.72453
  4.9694546e-05       141.99018       1.8027525      0.62606688      0.30743472      0.43962382      0.13102826       0.13102826        283.7183                       283.7183
  4.9911491e-05       141.98582       1.3986884       1.6602256      0.91811649       0.4075817      0.13102826       0.13102826       283.70959                      283.70959
  5.0099747e-05       141.98206       1.9286013      0.74346562      0.29115273      0.35473985      0.13102826       0.13102826       283.70206                      283.70206
  5.0579243e-05       141.97253       1.5207742       1.1719359     0.039187754      0.40167786      0.13102826       0.13102826       283.68301                      283.68301
  5.0672115e-05        141.9707       1.8529804      0.74577069      0.69583915      0.37581786      0.13102826       0.13102826       283.67934                      283.67934
   5.113817e-05       141.96154        1.679248      0.97026482       0.3874196      0.38130898      0.13102826       0.13102826       283.66103                      283.66103
  5.1233084e-05       141.95969       1.3689071       1.9198527      0.92871539      0.41840377      0.13102826       0.13102826       283.65732                      283.65732
  5.1247791e-05        141.9594       1.4618168       1.7765125      0.38759832      0.38530172      0.13102826       0.13102826       283.65675                      283.65675
  5.1602938e-05        141.9525       1.2099481       1.8262393      0.84261012       0.4771803      0.13102826       0.13102826       283.64294                      283.64294
  5.1980283e-05       141.94521       1.7450456       1.1432417        0.115614      0.33982059      0.13102826       0.13102826       283.62837                      283.62837
  5.2253826e-05       141.93996       1.4677111       1.5239366       0.2175918      0.38594894      0.13102826       0.13102826       283.61787                      283.61787
  5.2623235e-05       141.93292       1.3823128       1.9194961        0.297856      0.41114433      0.13102826       0.13102826       283.60378                      283.60378
  5.2828881e-05       141.92902       1.3821583       1.0067836      0.70223443      0.48449459      0.13102826       0.13102826       283.59598                      283.59598
  5.2964304e-05       141.92646       1.8164522       1.9337891      0.20180882      0.30436924      0.13102826       0.13102826       283.59086                      283.59086
  5.3684133e-05       141.91296       1.2547532       1.4775027      0.65090532      0.46253176      0.13102826       0.13102826       283.56386                      283.56386
  5.3963294e-05       141.90777       1.5361723       1.7352886      0.01673172      0.36035231      0.13102826       0.13102826       283.55349                      283.55349
  5.4327856e-05       141.90104       1.5982732         1.50554      0.93945694      0.34838754      0.13102826       0.13102826       283.54002                      283.54002
  5.4579382e-05       141.89642       1.7626654      0.80590573      0.34188207      0.38216017      0.13102826       0.13102826       283.53078                      283.53078
  5.4750572e-05       141.89329       1.8920586      0.70913885      0.92842557      0.36463775      0.13102826       0.13102826       283.52452                      283.52452
  5.4876494e-05       141.89099       1.4667978       1.8587141      0.69002681      0.37910523      0.13102826       0.13102826       283.51992                      283.51992
  5.4919477e-05       141.89021       1.6177668       1.6866829      0.49508667      0.33935493      0.13102826       0.13102826       283.51836                      283.51836
   5.501039e-05       141.88855       1.6489282       1.6653444      0.48892712      0.33242848      0.13102826       0.13102826       283.51505                      283.51505
  5.5949339e-05       141.87163       1.3132784       1.2274387      0.31137718      0.46196793      0.13102826       0.13102826        283.4812                       283.4812
  5.5992168e-05       141.87086       1.8351305       1.4061845      0.37525197      0.30021384      0.13102826       0.13102826       283.47967                      283.47967
  5.5995651e-05        141.8708       1.2150062       1.6397998      0.78317463      0.46601005      0.13102826       0.13102826       283.47955                      283.47955
  5.6098319e-05       141.86897       1.6727057       1.2656613      0.49681016      0.34084161      0.13102826       0.13102826       283.47588                      283.47588
  5.6148127e-05       141.86808       1.8969541      0.54808575      0.50379683      0.41800219      0.13102826       0.13102826       283.47411                      283.47411
  5.6154664e-05       141.86797       1.7448868       1.9727189     0.063016568      0.31477353      0.13102826       0.13102826       283.47388                      283.47388
  5.6492176e-05       141.86197       1.2089442       1.8064381     0.062995407      0.46633502      0.13102826       0.13102826       283.46189                      283.46189
  5.6591747e-05       141.86021       1.7161889       0.9058463     0.067682637      0.37182493      0.13102826       0.13102826       283.45837                      283.45837
    5.66224e-05       141.85967       1.8712062       1.1704271       0.9743546      0.30448964      0.13102826       0.13102826       283.45729                      283.45729
  5.6813871e-05        141.8563       1.5245378      0.93708372       0.6313805      0.43147925      0.13102826       0.13102826       283.45053                      283.45053
  5.7070883e-05       141.85178       1.4352957       1.5659072      0.74672108      0.38613013      0.13102826       0.13102826       283.44151                      283.44151
  5.7249238e-05       141.84866       1.6639888       1.8951694      0.58081083      0.32780424      0.13102826       0.13102826       283.43527                      283.43527
  5.7317068e-05       141.84748       1.4805643      0.99601531      0.98503248      0.43399729      0.13102826       0.13102826        283.4329                       283.4329
  5.7397497e-05       141.84608       1.9577987       1.2567359       0.5658803      0.28355725      0.13102826       0.13102826       283.43009                      283.43009
  5.7407524e-05        141.8459       1.5851502       1.0127314      0.75882226      0.39239864      0.13102826       0.13102826       283.42974                      283.42974
  5.7429839e-05       141.84551       1.5915007       1.1048129      0.30932113      0.37633718      0.13102826       0.13102826       283.42897                      283.42897
  5.7520429e-05       141.84394       1.9869101       1.4539054      0.83460289      0.27240292      0.13102826       0.13102826       283.42581                      283.42581
  5.7637387e-05        141.8419       1.9455454      0.99281469      0.64406264      0.30291625      0.13102826       0.13102826       283.42175                      283.42175
  5.7673659e-05       141.84128       1.9810604      0.76144857      0.71639927      0.32428809      0.13102826       0.13102826       283.42049                      283.42049
  5.8124846e-05       141.83348       1.2104485       1.5968515      0.43376858       0.4653054      0.13102826       0.13102826       283.40491                      283.40491
  5.8550372e-05       141.82619       1.5909563      0.83646729      0.61504927      0.42863712      0.13102826       0.13102826       283.39032                      283.39032
  5.9248478e-05       141.81434       1.4964508       1.6423828     0.048026219      0.36356803      0.13102826       0.13102826       283.36661                      283.36661
  5.9315694e-05        141.8132       1.4735733        1.689145      0.52079217       0.3690812      0.13102826       0.13102826       283.36435                      283.36435
  5.9554226e-05       141.80919       1.6724598      0.78180968      0.44922704      0.41067879      0.13102826       0.13102826       283.35632                      283.35632
  5.9681792e-05       141.80705       1.4961507       1.0778239      0.26338275      0.40753601      0.13102826       0.13102826       283.35204                      283.35204
  5.9896525e-05       141.80346       1.5922791      0.85235612      0.10195357      0.42069951      0.13102826       0.13102826       283.34486                      283.34486
  6.0394034e-05       141.79519       1.6725575      0.83363394      0.57234021      0.39473155      0.13102826       0.13102826       283.32831                      283.32831
  6.0528493e-05       141.79296       1.5071057       1.2214973      0.12285874      0.38290366      0.13102826       0.13102826       283.32387                      283.32387
  6.0760399e-05       141.78914       1.4206646       1.3720184      0.68109736      0.39565096      0.13102826       0.13102826       283.31622                      283.31622
  6.0838491e-05       141.78785       1.9076998        1.831668      0.24134902      0.27834656      0.13102826       0.13102826       283.31365                      283.31365
  6.0850266e-05       141.78766       1.9948638       1.5475741      0.34590014      0.26621308      0.13102826       0.13102826       283.31326                      283.31326
  6.1042064e-05       141.78451        1.633894        1.092795      0.51317884      0.35997408      0.13102826       0.13102826       283.30697                      283.30697
   6.120953e-05       141.78177       1.7556473      0.93084906      0.40268345      0.34874339      0.13102826       0.13102826       283.30149                      283.30149
  6.1237135e-05       141.78132       1.2426046       1.6524438      0.40240734      0.44354745      0.13102826       0.13102826       283.30059                      283.30059
  6.1310299e-05       141.78013       1.6272102       1.3627938      0.83288356      0.33830844      0.13102826       0.13102826        283.2982                       283.2982
  6.1642035e-05       141.77473       1.9941549        1.522768      0.36241553        0.265904      0.13102826       0.13102826       283.28741                      283.28741
  6.1653411e-05       141.77455       1.7376944      0.68577475      0.38751526      0.41250517      0.13102826       0.13102826       283.28704                      283.28704
  6.1658948e-05       141.77446       1.4858571       1.2522906     0.085588818      0.38444718      0.13102826       0.13102826       283.28686                      283.28686
  6.1703803e-05       141.77373       1.4556754       1.0995881      0.83449438      0.41484293      0.13102826       0.13102826        283.2854                       283.2854
  6.1866121e-05        141.7711       1.2955573       1.0447432      0.63944176      0.49641358      0.13102826       0.13102826       283.28015                      283.28015
  6.2676987e-05       141.75808       1.7436641       1.6141786      0.47788474      0.30431829      0.13102826       0.13102826       283.25411                      283.25411
  6.2729472e-05       141.75724       1.3032522       1.1465517      0.78128784      0.46706339      0.13102826       0.13102826       283.25243                      283.25243
  6.2843439e-05       141.75543       1.2000236       1.6544631      0.73792725      0.45835952      0.13102826       0.13102826        283.2488                       283.2488
  6.3204615e-05        141.7497        1.719609       1.7911789      0.90376626      0.30770673      0.13102826       0.13102826       283.23734                      283.23734
  6.3331912e-05       141.74769       1.7504958      0.59098348      0.95994271      0.44564047      0.13102826       0.13102826       283.23332                      283.23332
  6.3503355e-05       141.74498       1.1814191       1.7947239       0.4410233      0.46398343      0.13102826       0.13102826       283.22791                      283.22791
  6.3755063e-05       141.74103       1.3401525       1.3805635      0.59405235      0.41773074      0.13102826       0.13102826          283.22                         283.22
  6.4177648e-05       141.73442       1.6102205       1.3183448      0.42221062      0.34126494      0.13102826       0.13102826       283.20679                      283.20679
  6.4534774e-05       141.72887       1.3749799       1.0762532      0.52122506      0.44600962      0.13102826       0.13102826       283.19569                      283.19569
  6.5254505e-05       141.71778        1.307138       1.6180629      0.57260578      0.41304052      0.13102826       0.13102826        283.1735                       283.1735
  6.5268404e-05       141.71757       1.4724524       1.1507853     0.020543452      0.39508249      0.13102826       0.13102826       283.17308                      283.17308
   6.532735e-05       141.71667       1.8645999       1.7330591       0.1413473      0.27998584      0.13102826       0.13102826       283.17127                      283.17127
  6.5873972e-05       141.70833       1.9097424      0.57383566        0.450988      0.37783557      0.13102826       0.13102826       283.15461                      283.15461
  6.6520141e-05       141.69857       1.1964995        1.653773      0.82155608      0.45296612      0.13102826       0.13102826       283.13509                      283.13509
  6.6708583e-05       141.69574       1.1598789       1.3737275      0.33578798      0.49104505      0.13102826       0.13102826       283.12943                      283.12943
  6.6827415e-05       141.69396       1.7355108        1.766568      0.98532322       0.3005302      0.13102826       0.13102826       283.12587                      283.12587
  6.6984572e-05       141.69161       1.4930963       1.0114571      0.64143318      0.40785915      0.13102826       0.13102826       283.12117                      283.12117
  6.7026598e-05       141.69099       1.5937052         1.15529      0.93712635      0.35525562      0.13102826       0.13102826       283.11992                      283.11992
  6.7211934e-05       141.68822       1.1228493       1.9585402      0.67765008      0.49029512      0.13102826       0.13102826       283.11439                      283.11439
  6.7559287e-05       141.68307        1.800321       1.7927602      0.84050239      0.28842578      0.13102826       0.13102826       283.10408                      283.10408
  6.8019964e-05       141.67627       1.1262035       1.7272338      0.21063282      0.48076764      0.13102826       0.13102826       283.09049                      283.09049
  6.8132708e-05       141.67462       1.2488625       1.3854807      0.96732744      0.44557078      0.13102826       0.13102826       283.08718                      283.08718
  6.8311073e-05         141.672       1.8079465       1.2807927      0.19704236      0.29652862      0.13102826       0.13102826       283.08195                      283.08195
  6.9075749e-05       141.66087        1.200577       1.8247521      0.11206897      0.44561756      0.13102826       0.13102826       283.05969                      283.05969
  6.9308186e-05       141.65751       1.3405919       0.9906948       0.1212321      0.47298779      0.13102826       0.13102826       283.05297                      283.05297
  6.9392272e-05        141.6563       1.7226306      0.97122394      0.21531078       0.3397985      0.13102826       0.13102826       283.05054                      283.05054
   6.999633e-05       141.64763       1.8218743       1.9572006      0.41209462      0.28450447      0.13102826       0.13102826       283.03321                      283.03321
   7.005464e-05        141.6468       1.1565337       1.8029265      0.76588699      0.46259361      0.13102826       0.13102826       283.03154                      283.03154
  7.0072623e-05       141.64654       1.5512262       1.9640093      0.24957635      0.33828598      0.13102826       0.13102826       283.03103                      283.03103
  7.0266857e-05       141.64378       1.7192797       1.5360476       0.9548043       0.3019544      0.13102826       0.13102826       283.02549                      283.02549
   7.072426e-05       141.63729       1.4539077      0.85839236       0.7672909      0.45645633      0.13102826       0.13102826       283.01252                      283.01252
  7.0824696e-05       141.63587        1.288819       1.1535355      0.53087772      0.45666488      0.13102826       0.13102826       283.00968                      283.00968
   7.088286e-05       141.63505       1.6185787       1.6479276      0.27949616      0.31952212      0.13102826       0.13102826       283.00804                      283.00804
  7.0894432e-05       141.63488       1.5666088        1.327274     0.071932014      0.34284447      0.13102826       0.13102826       283.00771                      283.00771
  7.1402053e-05       141.62775       1.9138446       1.9277633       0.7850487      0.26815757      0.13102826       0.13102826       282.99344                      282.99344
  7.1643979e-05       141.62437       1.7954339       1.3833456       0.8216668      0.29099269      0.13102826       0.13102826       282.98668                      282.98668
  7.2143629e-05       141.61742       1.8963087       1.0234266      0.60704922      0.29254268      0.13102826       0.13102826       282.97278                      282.97278
  7.2263142e-05       141.61576       1.2127007       1.6893315      0.32483404      0.43526223      0.13102826       0.13102826       282.96947                      282.96947
  7.2384359e-05       141.61409        1.702832      0.98242085      0.13420387      0.33939767      0.13102826       0.13102826       282.96611                      282.96611
   7.245101e-05       141.61317       1.1004047       1.8474926      0.93615375      0.48552956      0.13102826       0.13102826       282.96427                      282.96427
  7.2937456e-05       141.60647       1.3006076       1.3780952      0.82442918      0.41761969      0.13102826       0.13102826       282.95089                      282.95089
  7.3207701e-05       141.60278       1.3107648       1.2632567      0.99907859      0.42594399      0.13102826       0.13102826       282.94349                      282.94349
  7.3506982e-05        141.5987       1.6263967        1.536093      0.37819407       0.3170201      0.13102826       0.13102826       282.93533                      282.93533
  7.3617205e-05        141.5972        1.937628      0.66756111      0.70573456      0.32857703      0.13102826       0.13102826       282.93234                      282.93234
  7.3752865e-05       141.59536        1.503263      0.95644058      0.86007339      0.40386388      0.13102826       0.13102826       282.92866                      282.92866
  7.3929836e-05       141.59296       1.6651439       1.9598996      0.30718804      0.30888639      0.13102826       0.13102826       282.92386                      282.92386
  7.3962802e-05       141.59251        1.465121       1.6292825      0.91100289      0.35223015      0.13102826       0.13102826       282.92297                      282.92297
  7.4359412e-05       141.58717       1.3761559       1.5252821      0.40574791      0.38011929      0.13102826       0.13102826       282.91227                      282.91227
  7.4550904e-05       141.58459       1.9068369       1.5295601      0.34899845      0.26649522      0.13102826       0.13102826       282.90713                      282.90713
  7.4566492e-05       141.58438       1.2109143       1.9209236      0.55554527      0.43460487      0.13102826       0.13102826       282.90671                      282.90671
  7.4577897e-05       141.58423       1.4212849       1.1087098      0.18877451      0.40436811      0.13102826       0.13102826       282.90641                      282.90641
  7.4697491e-05       141.58263        1.340917       1.9449905      0.21051755      0.38896938      0.13102826       0.13102826        282.9032                       282.9032
  7.4698797e-05       141.58261       1.1518427       1.7183342      0.71597204      0.45634209      0.13102826       0.13102826       282.90317                      282.90317
  7.5492102e-05       141.57205       1.4168767       1.1981525      0.33559526      0.39189593      0.13102826       0.13102826       282.88204                      282.88204
   7.550362e-05        141.5719       1.1733833       1.7231728     0.015012873       0.4454997      0.13102826       0.13102826       282.88173                      282.88173
  7.5739605e-05       141.56877        1.912721       1.3347515       0.9122332      0.26932463      0.13102826       0.13102826       282.87549                      282.87549
  7.5800078e-05       141.56798       1.8083073      0.90877551      0.43942307      0.31846196      0.13102826       0.13102826        282.8739                       282.8739
  7.5894079e-05       141.56674       1.4514739       1.4301968      0.60368752      0.36075369      0.13102826       0.13102826       282.87142                      282.87142
  7.6002143e-05       141.56531       1.5506676       1.1700564      0.76524062      0.35346579      0.13102826       0.13102826       282.86857                      282.86857
  7.6109642e-05        141.5639       1.7026743       1.4361102      0.87200994      0.30182599      0.13102826       0.13102826       282.86575                      282.86575
  7.6488203e-05       141.55894       1.3918028       1.6310334       0.3672552       0.3691337      0.13102826       0.13102826       282.85582                      282.85582
   7.663586e-05       141.55701       1.7536161       1.0906374      0.32262806      0.31072239      0.13102826       0.13102826       282.85196                      282.85196
   7.671211e-05       141.55602       1.7147916      0.93407402      0.27106058      0.33712615      0.13102826       0.13102826       282.84998                      282.84998
  7.6927523e-05       141.55321       1.9977448       1.6704241      0.25701638      0.25043024      0.13102826       0.13102826       282.84437                      282.84437
  7.7310954e-05       141.54824       1.6167245      0.59936461      0.27575798       0.4773114      0.13102826       0.13102826       282.83442                      282.83442
  7.7357971e-05       141.54763          1.4705       1.2671482         0.28701      0.36514608      0.13102826       0.13102826       282.83321                      282.83321
   7.777688e-05       141.54223       1.4947957       1.7761615      0.29085609      0.33904635      0.13102826       0.13102826       282.82241                      282.82241
  7.7895733e-05        141.5407       1.9805687       0.7403754      0.61323223      0.29961733      0.13102826       0.13102826       282.81935                      282.81935
  7.8100978e-05       141.53807       1.9508096       1.4955402      0.78854313      0.25766857      0.13102826       0.13102826       282.81409                      282.81409
  7.8642878e-05       141.53116       1.6477695       1.8806417      0.91586296      0.30567804      0.13102826       0.13102826       282.80026                      282.80026
  7.9012271e-05       141.52647        1.411501       1.5686122      0.67921785      0.36196829      0.13102826       0.13102826       282.79089                      282.79089
  7.9257744e-05       141.52337       1.8481132       1.2014736     0.023572949      0.28228856      0.13102826       0.13102826       282.78468                      282.78468
  7.9592201e-05       141.51916        1.214387        1.608215      0.73267354      0.42514983      0.13102826       0.13102826       282.77626                      282.77626
  7.9776277e-05       141.51685       1.7920194       1.7831511      0.35718247      0.27790283      0.13102826       0.13102826       282.77164                      282.77164
  7.9799082e-05       141.51656       1.5058846       1.2024886      0.27177524      0.35787063      0.13102826       0.13102826       282.77107                      282.77107
  7.9911029e-05       141.51516       1.5261052       1.4831346      0.46233643      0.33413065      0.13102826       0.13102826       282.76827                      282.76827
  7.9935888e-05       141.51485       1.9088455      0.61651789     0.025007152      0.33895383      0.13102826       0.13102826       282.76765                      282.76765
  8.0277374e-05       141.51059       1.8991347       1.1762854      0.80339863      0.27399129      0.13102826       0.13102826       282.75912                      282.75912
  8.0620693e-05       141.50632       1.7588801      0.75075503       0.8962273      0.35170682      0.13102826       0.13102826       282.75058                      282.75058
  8.1236656e-05       141.49871       1.4079498       1.1613583      0.12084989      0.39136073      0.13102826       0.13102826       282.73536                      282.73536
  8.1294305e-05         141.498        1.204777       1.1922796      0.83509789      0.46993149      0.13102826       0.13102826       282.73394                      282.73394
  8.1411265e-05       141.49656        1.276573        1.360825    0.0061491635      0.41533859      0.13102826       0.13102826       282.73107                      282.73107
  8.1488269e-05       141.49562       1.1769554       1.6364135      0.22294706      0.43621422      0.13102826       0.13102826       282.72918                      282.72918
  8.1672107e-05       141.49336       1.2546678       1.6098545      0.68523087      0.40686265      0.13102826       0.13102826       282.72467                      282.72467
  8.1841629e-05       141.49129       1.7728371      0.53516546      0.73945494      0.41975963      0.13102826       0.13102826       282.72052                      282.72052
  8.2400698e-05       141.48448       1.9145313       1.5122771      0.54496096      0.25896004      0.13102826       0.13102826       282.70691                      282.70691
  8.2476092e-05       141.48357       1.6131579       1.1264071      0.86401458      0.33337096      0.13102826       0.13102826       282.70508                      282.70508
   8.285494e-05       141.47898       1.6193158       1.9493179      0.69012599      0.30824953      0.13102826       0.13102826       282.69591                      282.69591
  8.3298196e-05       141.47365       1.6732541       1.1012054      0.90407399       0.3202794      0.13102826       0.13102826       282.68524                      282.68524
  8.3432341e-05       141.47204       1.9722486       1.0675578      0.39781033      0.26526615      0.13102826       0.13102826       282.68202                      282.68202
  8.3635832e-05        141.4696       1.8003508       1.0547771      0.66664203      0.29650033      0.13102826       0.13102826       282.67715                      282.67715
  8.3652087e-05       141.46941       1.9530482       1.6135718      0.55967797      0.25134219      0.13102826       0.13102826       282.67676                      282.67676
  8.4050015e-05       141.46466       1.2134973       1.4474013      0.23058691      0.42834578      0.13102826       0.13102826       282.66727                      282.66727
  8.4463852e-05       141.45975       1.9131047       1.0405641      0.61015331      0.27578272      0.13102826       0.13102826       282.65745                      282.65745
  8.4606013e-05       141.45807       1.0467405       1.6624278      0.90318754      0.49121797      0.13102826       0.13102826       282.65408                      282.65408
  8.5286776e-05       141.45006       1.8260981       1.4644867     0.086235674      0.27081968      0.13102826       0.13102826       282.63806                      282.63806
  8.5617496e-05       141.44619       1.7449262      0.79900207      0.44752411      0.33893217      0.13102826       0.13102826       282.63032                      282.63032
  8.5634746e-05       141.44598       1.2744948       1.3802535       0.2508188      0.40813489      0.13102826       0.13102826       282.62991                      282.62991
  8.5752228e-05       141.44461       1.8207118       1.5266129       0.5476313       0.2699967      0.13102826       0.13102826       282.62717                      282.62717
  8.5869416e-05       141.44325       1.3448015       1.7264528      0.81522036      0.36951396      0.13102826       0.13102826       282.62444                      282.62444
  8.6099739e-05       141.44057       1.2488922       1.4548278      0.75005999      0.41094111      0.13102826       0.13102826       282.61908                      282.61908
   8.630768e-05       141.43816       1.9728506      0.50722722      0.09201511      0.33950868      0.13102826       0.13102826       282.61426                      282.61426
  8.6329203e-05       141.43791       1.5371499       1.2206761     0.067326047      0.33977135      0.13102826       0.13102826       282.61376                      282.61376
  8.6393251e-05       141.43717       1.5670061      0.90775408      0.50963845      0.37189517      0.13102826       0.13102826       282.61228                      282.61228
  8.6410451e-05       141.43697       1.5350248       1.7850019      0.45179597      0.32016017      0.13102826       0.13102826       282.61188                      282.61188
   8.657929e-05       141.43502       1.8344456       1.1227808      0.22259717      0.28230663      0.13102826       0.13102826       282.60797                      282.60797
  8.6615971e-05       141.43459       1.2466816      0.98248888      0.91655922      0.48988606      0.13102826       0.13102826       282.60713                      282.60713
  8.6688193e-05       141.43376       1.1092879       1.7548715      0.97113191       0.4546187      0.13102826       0.13102826       282.60546                      282.60546
  8.6767732e-05       141.43284       1.8204872       1.9092265      0.57799266      0.26825146      0.13102826       0.13102826       282.60363                      282.60363
   8.687665e-05       141.43159       1.9541427       1.5470087       0.1683286      0.24940543      0.13102826       0.13102826       282.60112                      282.60112
  8.7260517e-05       141.42718       1.2307901        1.126247      0.24811797       0.4600772      0.13102826       0.13102826        282.5923                       282.5923
  8.7312775e-05       141.42658       1.2072453       1.7557225      0.93895006      0.41320079      0.13102826       0.13102826        282.5911                       282.5911
  8.7775867e-05       141.42129       1.7023249       1.8748996      0.70147791      0.28646974      0.13102826       0.13102826       282.58052                      282.58052
  8.7934513e-05       141.41948       1.3369092        1.137283      0.54358442      0.41112623      0.13102826       0.13102826       282.57691                      282.57691
  8.8208767e-05       141.41637       1.7668728      0.73423607     0.084296449      0.34182332      0.13102826       0.13102826       282.57068                      282.57068
  8.8433479e-05       141.41383        1.282135       1.4969042      0.44304734      0.39308006      0.13102826       0.13102826       282.56559                      282.56559
  8.8451769e-05       141.41362       1.6700037      0.83779421       0.6058465      0.34980204      0.13102826       0.13102826       282.56518                      282.56518
  8.8949667e-05       141.40801        1.326534       1.5646845      0.27578018      0.37475862      0.13102826       0.13102826       282.55395                      282.55395
  8.9857209e-05       141.39785        1.358212       1.0340586      0.97905789      0.41847912      0.13102826       0.13102826       282.53365                      282.53365
  8.9975336e-05       141.39654       1.8227343       0.5894313      0.68242633      0.35889263      0.13102826       0.13102826       282.53102                      282.53102
  9.0010225e-05       141.39615       1.7008312      0.60369817     0.012132195      0.40286293      0.13102826       0.13102826       282.53025                      282.53025
  9.0035743e-05       141.39587       1.8669863       1.8447285      0.59503109       0.2579906      0.13102826       0.13102826       282.52968                      282.52968
  9.1502587e-05       141.37971       1.1563408       1.2641515      0.21275133      0.46363184      0.13102826       0.13102826       282.49736                      282.49736
  9.1919253e-05       141.37517        1.732532       1.4536639      0.10985362      0.28094943      0.13102826       0.13102826       282.48827                      282.48827
  9.2085091e-05       141.37336       1.1886883       1.5063326      0.65247762       0.4220897      0.13102826       0.13102826       282.48467                      282.48467
  9.2311469e-05       141.37091       1.6470712        1.811644     0.072043615       0.2917947      0.13102826       0.13102826       282.47976                      282.47976
  9.2425566e-05       141.36967       1.7166089       1.3587852      0.71428076      0.28646511      0.13102826       0.13102826       282.47729                      282.47729
  9.2427184e-05       141.36965       1.4373796       1.0640308      0.15894758      0.37987362      0.13102826       0.13102826       282.47725                      282.47725
  9.2778319e-05       141.36586       1.6790728      0.60879519      0.85736028      0.40516731      0.13102826       0.13102826       282.46967                      282.46967
  9.2965205e-05       141.36385       1.6953168       1.4239227      0.65802422      0.28757859      0.13102826       0.13102826       282.46564                      282.46564
  9.3146762e-05        141.3619       1.3696786      0.96238756      0.23911696      0.42450166      0.13102826       0.13102826       282.46174                      282.46174
  9.3395631e-05       141.35923       1.2109644       1.8443631     0.071802392      0.40367355      0.13102826       0.13102826       282.45641                      282.45641
  9.3646987e-05       141.35654       1.4008086       1.0105924       0.4786558      0.40062819      0.13102826       0.13102826       282.45103                      282.45103
   9.374514e-05        141.3555       1.8920085      0.84204379      0.83185933      0.28784261      0.13102826       0.13102826       282.44894                      282.44894
  9.4078361e-05       141.35195        1.326603       1.8454748      0.45879046      0.36512525      0.13102826       0.13102826       282.44184                      282.44184
  9.4415331e-05       141.34837       1.1496528       1.3473189     0.050845343      0.45031407      0.13102826       0.13102826       282.43469                      282.43469
  9.4474207e-05       141.34775       1.4437309      0.84020445      0.98534428      0.42324088      0.13102826       0.13102826       282.43344                      282.43344
  9.4498094e-05        141.3475       1.5469989       1.1351521      0.90621532      0.33574324      0.13102826       0.13102826       282.43294                      282.43294
  9.4675786e-05       141.34562       1.7611253       1.1841058      0.79886212      0.28460407      0.13102826       0.13102826       282.42918                      282.42918
   9.483078e-05       141.34398       1.6525747       1.7734434     0.022376926      0.28838784      0.13102826       0.13102826       282.42591                      282.42591
  9.5010306e-05       141.34209       1.2244101       1.0442582      0.53593042      0.46905546      0.13102826       0.13102826       282.42212                      282.42212
  9.5689923e-05       141.33496       1.9693057       1.7178897      0.61904116      0.23970888      0.13102826       0.13102826       282.40787                      282.40787
   9.590848e-05       141.33268       1.5373389       1.4540827      0.89487013      0.31581189      0.13102826       0.13102826       282.40331                      282.40331
   9.605802e-05       141.33112       1.4734599       1.8139605      0.77316226      0.32424906      0.13102826       0.13102826       282.40019                      282.40019
  9.6263729e-05       141.32898       1.2491661       1.3285448      0.54720718      0.40789188      0.13102826       0.13102826       282.39591                      282.39591
  9.6810594e-05       141.32332       1.2533242       1.9062307       0.1258881      0.38567513      0.13102826       0.13102826       282.38458                      282.38458
  9.6925889e-05       141.32213       1.1000455       1.9043926      0.21548647      0.44411429      0.13102826       0.13102826        282.3822                       282.3822
    9.70311e-05       141.32104       1.3005256        1.716231      0.93705612      0.36927565      0.13102826       0.13102826       282.38003                      282.38003
  9.7471114e-05       141.31652        1.196974       1.0038951      0.20184617      0.49067831      0.13102826       0.13102826       282.37098                      282.37098
  9.7841179e-05       141.31273       1.3582258       1.6497083      0.17617199      0.35257308      0.13102826       0.13102826        282.3634                       282.3634
  9.7872911e-05       141.31241       1.6690304       1.4605649       0.8151452      0.28699638      0.13102826       0.13102826       282.36276                      282.36276
  9.7906079e-05       141.31207       1.1009141       1.6533848      0.37919679      0.44293172      0.13102826       0.13102826       282.36208                      282.36208
  9.8380006e-05       141.30724       1.8864308       1.2996199      0.33285699      0.25570999      0.13102826       0.13102826       282.35242                      282.35242
    9.84537e-05       141.30649       1.6608551       1.9929902      0.13106664      0.28617245      0.13102826       0.13102826       282.35092                      282.35092
  9.8550946e-05        141.3055       1.8897393      0.80198378      0.11852089      0.28792233      0.13102826       0.13102826       282.34895                      282.34895
  9.8701338e-05       141.30398       1.2517206       1.4721822       0.4937251      0.39176685      0.13102826       0.13102826        282.3459                       282.3459
  9.8919494e-05       141.30177        1.138623       1.3782792      0.70131605      0.44479464      0.13102826       0.13102826       282.34148                      282.34148
   9.904566e-05       141.30049       1.9067306      0.82768838      0.31595591      0.28113019      0.13102826       0.13102826       282.33893                      282.33893
  9.9161315e-05       141.29933       1.7682455       1.8397463      0.42573009      0.26547525      0.13102826       0.13102826        282.3366                       282.3366
  9.9922189e-05       141.29168         1.73678       1.6035637     0.011706949      0.27062249      0.13102826       0.13102826       282.32131                      282.32131
  0.00010008548       141.29005       1.5443794      0.58983375      0.32519881      0.47255328      0.13102826       0.13102826       282.31805                      282.31805
  0.00010061382       141.28479       1.7316367       1.1874498      0.76858754      0.28464204      0.13102826       0.13102826       282.30752                      282.30752
  0.00010125385       141.27845       1.1457421       1.9477104       0.7049657      0.41990603      0.13102826       0.13102826       282.29483                      282.29483
  0.00010152432       141.27578       1.4817374       1.3692305      0.11195335      0.32719787      0.13102826       0.13102826        282.2895                       282.2895
  0.00010178044       141.27326        1.588452       1.3172071      0.34200793      0.30521312      0.13102826       0.13102826       282.28446                      282.28446
  0.00010233861       141.26779       1.5747589      0.76785435      0.91235215       0.3779074      0.13102826       0.13102826       282.27352                      282.27352
  0.00010274229       141.26385       1.0683087       1.2899728      0.56308763      0.48635075      0.13102826       0.13102826       282.26565                      282.26565
  0.00010292129       141.26211       1.4678685       1.5137178     0.029881093       0.3228131      0.13102826       0.13102826       282.26217                      282.26217
  0.00010381057       141.25351       1.7900861       1.0845588      0.36631189      0.27734451      0.13102826       0.13102826       282.24496                      282.24496
  0.00010417158       141.25004       1.8529806       1.7362194      0.93235936      0.24900632      0.13102826       0.13102826       282.23802                      282.23802
  0.00010469718         141.245       1.9421681      0.59577791      0.15085825      0.29989375      0.13102826       0.13102826       282.22795                      282.22795
  0.00010502715       141.24186       1.9149377       1.7906053      0.72580454      0.24010321      0.13102826       0.13102826       282.22166                      282.22166
  0.00010519219       141.24029       1.8287496       1.3567674      0.59721839      0.25740677      0.13102826       0.13102826       282.21852                      282.21852
  0.00010558186       141.23659       1.2869295       1.7872064       0.7419908      0.36304912      0.13102826       0.13102826       282.21112                      282.21112
  0.00010569519       141.23552       1.2401783       1.8420893      0.63562588      0.37775091      0.13102826       0.13102826       282.20898                      282.20898
  0.00010601197       141.23252       1.0742388       1.7346723      0.55407677      0.44063206      0.13102826       0.13102826       282.20299                      282.20299
  0.00010632467       141.22958       1.6058922        1.860919      0.70984839      0.28740304      0.13102826       0.13102826        282.1971                       282.1971
  0.00010654091       141.22755       1.2826857       0.8400129      0.92574369      0.48371306      0.13102826       0.13102826       282.19304                      282.19304
  0.00010669757       141.22608       1.5742012       0.6226867       0.1211377      0.42291027      0.13102826       0.13102826        282.1901                       282.1901
  0.00010670818       141.22598       1.1526437       1.1558938      0.70011507      0.46074605      0.13102826       0.13102826        282.1899                       282.1899
  0.00010726495       141.22077       1.2682589       1.1287477      0.26809733      0.41236917      0.13102826       0.13102826       282.17949                      282.17949
  0.00010752681       141.21834       1.5998481       1.0392058      0.88256699      0.31808928      0.13102826       0.13102826       282.17461                      282.17461
  0.00010755103       141.21811       1.2744797       1.8619608      0.48012492      0.36501809      0.13102826       0.13102826       282.17416                      282.17416
  0.00010817816        141.2123       1.5381024        1.792209       0.2025001      0.29860372      0.13102826       0.13102826       282.16254                      282.16254
  0.00010832448       141.21094       1.3604085        1.543981      0.30594644      0.34364892      0.13102826       0.13102826       282.15983                      282.15983
  0.00010853479       141.20901        1.528465      0.63056228      0.78963226      0.43967129      0.13102826       0.13102826       282.15595                      282.15595
  0.00010853589       141.20899       1.3243017       1.7056114      0.15215504      0.34948826      0.13102826       0.13102826       282.15593                      282.15593
  0.00010861341       141.20828       1.2509666       1.7514325      0.88900057      0.37073106      0.13102826       0.13102826       282.15451                      282.15451
   0.0001086436         141.208      0.97160498       1.7749727      0.94334282      0.48703368      0.13102826       0.13102826       282.15395                      282.15395
   0.0001087567       141.20696       1.4244472       1.1286997      0.76971005      0.35509152      0.13102826       0.13102826       282.15187                      282.15187
  0.00010903317       141.20442         1.11421        1.248819      0.15345041      0.45921059      0.13102826       0.13102826       282.14679                      282.14679
  0.00010904595       141.20431       1.4933481         1.37578      0.06157189      0.31670707      0.13102826       0.13102826       282.14656                      282.14656
  0.00010958979       141.19933       1.3450825       1.7455677      0.75189919      0.34231964      0.13102826       0.13102826       282.13661                      282.13661
  0.00010963171       141.19895       1.3393007      0.75203378      0.74872618      0.48421499      0.13102826       0.13102826       282.13584                      282.13584
  0.00010969498       141.19837       1.3295049       1.5920547      0.19621498      0.34919637      0.13102826       0.13102826       282.13469                      282.13469
  0.00010991775       141.19634       1.3104864       1.5360734      0.33485889      0.35642357      0.13102826       0.13102826       282.13063                      282.13063
  0.00010996913       141.19588        1.894426       1.7015386      0.05039295      0.23948399      0.13102826       0.13102826        282.1297                       282.1297
  0.00011009791       141.19471       1.0771237       1.3438023       0.7796118      0.46171986      0.13102826       0.13102826       282.12735                      282.12735
  0.00011021109       141.19368        1.638468       1.3890651      0.78023674      0.28459427      0.13102826       0.13102826        282.1253                       282.1253
  0.00011022675       141.19354       1.8009352       1.6612545     0.074255784      0.25238458      0.13102826       0.13102826       282.12502                      282.12502
    0.000110569       141.19044       1.8507079       1.2575909      0.49291504      0.25338777      0.13102826       0.13102826       282.11882                      282.11882
  0.00011076091        141.1887       1.9201156       1.0596672       0.6649352       0.2514886      0.13102826       0.13102826       282.11535                      282.11535
  0.00011108418       141.18579       1.1174166       1.5677727      0.80642591      0.42109639      0.13102826       0.13102826       282.10952                      282.10952
  0.00011111369       141.18552       1.6800383      0.56891705       0.6133904      0.38795667      0.13102826       0.13102826       282.10899                      282.10899
  0.00011133927       141.18349       1.4188073       1.6661781      0.40326019      0.32271146      0.13102826       0.13102826       282.10493                      282.10493
  0.00011141673        141.1828        1.768239       1.3343278      0.87596921      0.26291702      0.13102826       0.13102826       282.10354                      282.10354
  0.00011144959        141.1825       1.7763952       1.7801912       0.9255125      0.25470813      0.13102826       0.13102826       282.10295                      282.10295
  0.00011170254       141.18024       1.8622635      0.92663401      0.92351901      0.26893546      0.13102826       0.13102826       282.09842                      282.09842
  0.00011219297       141.17586       0.9922878       1.9180862      0.90935207      0.47178896      0.13102826       0.13102826       282.08965                      282.08965
  0.00011223917       141.17544      0.98320479       1.8557288      0.64479054      0.47496022      0.13102826       0.13102826       282.08883                      282.08883
  0.00011228244       141.17506       1.7510306         1.69541      0.94511768      0.25811137      0.13102826       0.13102826       282.08806                      282.08806
  0.00011287104       141.16983       1.4806298      0.81027799      0.43792734       0.3876737      0.13102826       0.13102826        282.0776                       282.0776
  0.00011289986       141.16957        1.048821       1.3222166      0.63247558      0.47528782      0.13102826       0.13102826       282.07709                      282.07709
   0.0001129962       141.16872       1.5525984       1.1001135      0.64138732      0.31824219      0.13102826       0.13102826       282.07539                      282.07539
  0.00011300676       141.16863       1.8546342       1.4028843     0.028977482      0.24675013      0.13102826       0.13102826        282.0752                       282.0752
  0.00011334983        141.1656       1.4820815      0.93669738      0.65542604       0.3591452      0.13102826       0.13102826       282.06914                      282.06914
  0.00011340824       141.16508       1.6442201       1.1698279      0.70761386       0.2916957      0.13102826       0.13102826       282.06811                      282.06811
   0.0001135244       141.16406       1.7166428       1.4966987      0.19425344      0.26521912      0.13102826       0.13102826       282.06606                      282.06606
   0.0001136654       141.16282        1.073579       1.4623565      0.39616235      0.44461105      0.13102826       0.13102826       282.06358                      282.06358
  0.00011388517       141.16089       1.7910542       1.3364344      0.11225298       0.2573938      0.13102826       0.13102826       282.05971                      282.05971
  0.00011395037       141.16031       1.0493603       1.5874938      0.90548442      0.44605819      0.13102826       0.13102826       282.05857                      282.05857
  0.00011411551       141.15886       1.2445105        1.150841      0.22817653      0.40916935      0.13102826       0.13102826       282.05567                      282.05567
  0.00011460399       141.15459        1.123986       1.3304829      0.68064358      0.43450114      0.13102826       0.13102826       282.04713                      282.04713
    0.000114664       141.15407       1.3682606      0.77312688      0.37246465      0.44914296      0.13102826       0.13102826       282.04608                      282.04608
   0.0001147677       141.15317       1.1149392       1.2776119      0.76224908       0.4457553      0.13102826       0.13102826       282.04427                      282.04427
  0.00011568437       141.14521       1.0250742       1.6434086      0.70474579      0.45217373      0.13102826       0.13102826       282.02836                      282.02836
  0.00011625702       141.14027       1.7876337      0.60764287      0.11311821      0.32628221      0.13102826       0.13102826       282.01849                      282.01849
  0.00011678735       141.13572       1.0104736       1.9038432      0.53232018      0.45489421      0.13102826       0.13102826       282.00939                      282.00939
  0.00011693065       141.13449        1.514778       1.5282641      0.54050975      0.29908189      0.13102826       0.13102826       282.00693                      282.00693
  0.00011698643       141.13402       1.6489813      0.82563797      0.26322142        0.322941      0.13102826       0.13102826       282.00598                      282.00598
  0.00011699826       141.13392       1.6903248       1.6465431      0.89774855      0.26457098      0.13102826       0.13102826       282.00578                      282.00578
  0.00011704493       141.13352       1.0121401       1.9497984      0.28377523      0.45520139      0.13102826       0.13102826       282.00498                      282.00498
  0.00011715655       141.13256       1.7839579       1.6454652      0.82460212      0.25008935      0.13102826       0.13102826       282.00307                      282.00307
  0.00011762787       141.12855       1.5006945       1.6415627      0.68384815      0.29906117      0.13102826       0.13102826       281.99504                      281.99504
  0.00011785998       141.12658       1.5049796       1.5640837      0.57931776      0.29944455      0.13102826       0.13102826        281.9911                       281.9911
  0.00011817778       141.12389       1.3344037       1.8673955      0.45425374      0.33663272      0.13102826       0.13102826       281.98571                      281.98571
  0.00011830482       141.12281       1.9029789       1.6520894      0.36655194      0.23316941      0.13102826       0.13102826       281.98357                      281.98357
  0.00011831873       141.12269       1.6480019      0.86509482     0.040365577      0.31581446      0.13102826       0.13102826       281.98333                      281.98333
   0.0001185949       141.12036       1.2570268       1.8830641      0.70967618      0.35812656      0.13102826       0.13102826       281.97867                      281.97867
  0.00011931162       141.11434       1.4518109        1.718606      0.58017526      0.30720009      0.13102826       0.13102826       281.96662                      281.96662
  0.00011934346       141.11407       1.2810458      0.95054142        0.992091      0.42724743      0.13102826       0.13102826       281.96608                      281.96608
  0.00011974912       141.11068       1.2159357        1.984276      0.13358835      0.37190516      0.13102826       0.13102826        281.9593                       281.9593
  0.00012002881       141.10834       1.8100678      0.60696221      0.10542623      0.31476802      0.13102826       0.13102826       281.95463                      281.95463
  0.00012011084       141.10766       1.5310579       1.5638094      0.14869056      0.29219109      0.13102826       0.13102826       281.95327                      281.95327
   0.0001202088       141.10685       1.5608874       1.7501947      0.55149533      0.28402937      0.13102826       0.13102826       281.95163                      281.95163
   0.0001208558       141.10148       1.6422212        1.970776     0.088710168      0.27035321      0.13102826       0.13102826        281.9409                       281.9409
  0.00012146316       141.09646        1.465324       0.8589753      0.46482861      0.36998166      0.13102826       0.13102826       281.93087                      281.93087
  0.00012230203       141.08958       1.5477124      0.95301543        0.330533      0.32658022      0.13102826       0.13102826       281.91711                      281.91711
   0.0001228622       141.08501       1.5404296       1.2618103     0.017825945       0.2997733      0.13102826       0.13102826       281.90797                      281.90797
  0.00012288958       141.08479       1.2388053       1.4118561    0.0081741026      0.37162099      0.13102826       0.13102826       281.90752                      281.90752
  0.00012337938       141.08081       1.8720713       1.9445695     0.063917995      0.23418003      0.13102826       0.13102826       281.89957                      281.89957
  0.00012351184       141.07974      0.98080835       1.5936901      0.91303426      0.46567756      0.13102826       0.13102826       281.89742                      281.89742
   0.0001235599       141.07935       1.1509728       1.0279191      0.48281917      0.46555569      0.13102826       0.13102826       281.89664                      281.89664
  0.00012370835       141.07815       1.1796346       1.5869766      0.19715213      0.38090578      0.13102826       0.13102826       281.89424                      281.89424
  0.00012373729       141.07792       1.1901249       1.5722831      0.76139644      0.37787929      0.13102826       0.13102826       281.89377                      281.89377
  0.00012393694        141.0763      0.96661116       1.9094227      0.11678172      0.46604346      0.13102826       0.13102826       281.89055                      281.89055
   0.0001240161       141.07566        1.275134       1.1532035       0.3175495      0.38432893      0.13102826       0.13102826       281.88927                      281.88927
  0.00012427736       141.07356       1.2774379       1.9175533      0.54046551       0.3466175      0.13102826       0.13102826       281.88506                      281.88506
  0.00012487127       141.06879          1.5521       1.1955921       0.7092003      0.29963681      0.13102826       0.13102826       281.87553                      281.87553
   0.0001248745       141.06877       1.3010286       1.6526079      0.60781284      0.34008752      0.13102826       0.13102826       281.87548                      281.87548
  0.00012496051       141.06808        1.058168       1.2062944      0.53677796      0.47205619      0.13102826       0.13102826        281.8741                       281.8741
  0.00012549252       141.06383       1.9936084       1.0287254      0.28929267      0.23204359      0.13102826       0.13102826        281.8656                       281.8656
  0.00012576362       141.06167       1.8277275       1.7245676      0.53133751      0.23778291      0.13102826       0.13102826       281.86129                      281.86129
  0.00012637801        141.0568       1.3015893       1.8485046      0.86379042      0.33700158      0.13102826       0.13102826       281.85154                      281.85154
  0.00012660001       141.05504       1.4761953      0.61723739      0.76635461      0.44135637      0.13102826       0.13102826       281.84803                      281.84803
  0.00012665759       141.05459       1.3268718       1.6458816      0.93937206      0.33154103      0.13102826       0.13102826       281.84712                      281.84712
  0.00012683917       141.05316        1.369202       1.1600272      0.35489241      0.34856768      0.13102826       0.13102826       281.84426                      281.84426
  0.00012721511        141.0502      0.98268543       1.6831285      0.23792875      0.45456615      0.13102826       0.13102826       281.83834                      281.83834
  0.00012732883        141.0493       1.6315489        1.970664      0.57826777      0.26717791      0.13102826       0.13102826       281.83655                      281.83655
  0.00012750112       141.04795       1.2461972       1.9487155       0.2633203      0.35286339      0.13102826       0.13102826       281.83384                      281.83384
  0.00012813461       141.04299        1.219459       1.5812404      0.47952158      0.36300062      0.13102826       0.13102826       281.82393                      281.82393
  0.00012827726       141.04188       1.6411874      0.97815874      0.12284736      0.29448771      0.13102826       0.13102826       281.82171                      281.82171
  0.00012844357       141.04059       1.5909082       1.0313959     0.074684564        0.300792      0.13102826       0.13102826       281.81912                      281.81912
  0.00012865589       141.03893       1.8815643       1.7311056      0.31087066      0.22899828      0.13102826       0.13102826       281.81581                      281.81581
  0.00012875326       141.03818       1.2082288      0.95548208      0.69681997      0.44760343      0.13102826       0.13102826        281.8143                       281.8143
  0.00012899728       141.03628       1.5795354       1.5578854      0.67600742      0.27596715      0.13102826       0.13102826       281.81051                      281.81051
  0.00012912941       141.03526        1.408543       1.7311836      0.63119984      0.30815728      0.13102826       0.13102826       281.80846                      281.80846
  0.00012922431       141.03453       1.8289779       1.3916743      0.79022777       0.2397315      0.13102826       0.13102826         281.807                        281.807
    0.000129649       141.03124       1.1752529       1.1724601      0.95352209      0.41443185      0.13102826       0.13102826       281.80043                      281.80043
  0.00012998981       141.02862       1.4814195      0.71991741      0.93137133      0.38900731      0.13102826       0.13102826       281.79518                      281.79518
  0.00013031399       141.02613        1.418901      0.65321069      0.53639069      0.44846332      0.13102826       0.13102826        281.7902                       281.7902
  0.00013060836       141.02387       1.7579849        1.372974       0.8348573      0.24959871      0.13102826       0.13102826       281.78569                      281.78569
  0.00013069342       141.02322       1.6670213      0.79599428      0.40563237       0.3078863      0.13102826       0.13102826       281.78439                      281.78439
  0.00013122036        141.0192       1.0594879        1.081759    0.0097979851       0.4907954      0.13102826       0.13102826       281.77634                      281.77634
  0.00013130742       141.01853       1.2480391       1.4097779       0.2669946      0.35963971      0.13102826       0.13102826       281.77501                      281.77501
  0.00013164747       141.01595       1.7889908       1.1427166      0.79016667      0.25257051      0.13102826       0.13102826       281.76984                      281.76984
  0.00013190883       141.01396       1.1828101       1.8991174      0.67648284      0.36675724      0.13102826       0.13102826       281.76587                      281.76587
  0.00013222562       141.01157       1.0334567       1.7010987      0.70263183      0.42331056      0.13102826       0.13102826       281.76108                      281.76108
  0.00013279467       141.00727      0.95924163       1.4963156     0.048857149      0.47155643      0.13102826       0.13102826       281.75249                      281.75249
  0.00013296393         141.006         1.78209       1.0666839      0.96850966      0.25668066      0.13102826       0.13102826       281.74994                      281.74994
  0.00013301552       141.00561        1.111492       1.1884648      0.28581906      0.43636922      0.13102826       0.13102826       281.74916                      281.74916
  0.00013309089       141.00504        1.406833       1.4458023      0.79226804      0.31208218      0.13102826       0.13102826       281.74803                      281.74803
  0.00013320916       141.00416       1.9834577      0.73938588      0.87069813       0.2458621      0.13102826       0.13102826       281.74625                      281.74625
  0.00013346812       141.00221       1.4679824      0.85412326      0.72727299      0.35502032      0.13102826       0.13102826       281.74237                      281.74237
  0.00013418143       140.99688       1.5032419      0.83915167     0.058871446      0.34512484      0.13102826       0.13102826       281.73171                      281.73171
  0.00013421798       140.99661       1.3490474       1.7078315      0.13078328      0.31790502      0.13102826       0.13102826       281.73116                      281.73116
  0.00013453177       140.99428       1.5478022       1.1402747       0.6088564      0.29614065      0.13102826       0.13102826       281.72649                      281.72649
  0.00013454901       140.99415       1.4275148       1.2050121      0.53697993      0.32017564      0.13102826       0.13102826       281.72624                      281.72624
  0.00013454977       140.99414       1.3131912       1.7542532      0.67154576      0.32615519      0.13102826       0.13102826       281.72623                      281.72623
  0.00013473634       140.99276       1.1253572       1.0963042      0.13926409      0.44547431      0.13102826       0.13102826       281.72346                      281.72346
  0.00013485743       140.99186       1.0567109       1.9705818      0.48501361      0.41066664      0.13102826       0.13102826       281.72166                      281.72166
  0.00013513011       140.98984       1.9438185       1.5736906      0.33098155      0.21867552      0.13102826       0.13102826       281.71762                      281.71762
  0.00013536728       140.98808       1.6426739      0.55606402      0.32713532      0.36884999      0.13102826       0.13102826       281.71411                      281.71411
  0.00013537201       140.98805       1.6350821      0.68436438      0.56138742      0.33273943      0.13102826       0.13102826       281.71404                      281.71404
  0.00013555286       140.98671       1.1121385       1.3369473       0.5530842      0.41137043      0.13102826       0.13102826       281.71137                      281.71137
  0.00013564763       140.98602       1.1515317       1.1361463       0.1773154      0.42344994      0.13102826       0.13102826       281.70997                      281.70997
  0.00013566832       140.98586       1.1128906       1.1981763      0.22051357      0.43040981      0.13102826       0.13102826       281.70967                      281.70967
   0.0001359411       140.98385       1.9794764      0.88103114      0.47132634       0.2345224      0.13102826       0.13102826       281.70565                      281.70565
  0.00013596844       140.98365       1.4730279       1.3979016       0.8491593      0.29654704      0.13102826       0.13102826       281.70525                      281.70525
   0.0001359993       140.98343        1.243448       1.7250109       0.0227768      0.34405933      0.13102826       0.13102826        281.7048                       281.7048
  0.00013617863       140.98211       1.7907536       1.6476083      0.49316393      0.23655184      0.13102826       0.13102826       281.70216                      281.70216
   0.0001362441       140.98163       1.8441394       1.8662006      0.26549256      0.22909809      0.13102826       0.13102826        281.7012                       281.7012
  0.00013655127       140.97938       1.6038805       1.0758561     0.014196751       0.2870217      0.13102826       0.13102826       281.69669                      281.69669
  0.00013724248       140.97433       1.1787924       1.9693449     0.079275224      0.36352354      0.13102826       0.13102826        281.6866                       281.6866
  0.00013808396       140.96821          1.5219      0.72882063      0.72052878      0.35846086      0.13102826       0.13102826       281.67437                      281.67437
  0.00013826668       140.96689       1.7338513       1.8236582      0.39402066       0.2425287      0.13102826       0.13102826       281.67173                      281.67173
  0.00013838196       140.96606      0.97611268       1.5675468      0.91847866      0.44852644      0.13102826       0.13102826       281.67006                      281.67006
  0.00013859299       140.96453       1.7790624      0.67360971      0.84491536      0.28988821      0.13102826       0.13102826       281.66701                      281.66701
  0.00013866378       140.96402       1.4096837       1.6369037      0.57961205      0.30100345      0.13102826       0.13102826       281.66599                      281.66599
  0.00013919217       140.96022       1.0825918       1.3038078      0.38536236      0.42387114      0.13102826       0.13102826       281.65838                      281.65838
  0.00013940749       140.95867       1.6208083       1.4259397      0.32703072      0.26419665      0.13102826       0.13102826       281.65529                      281.65529
   0.0001397992       140.95587       1.3918672      0.59470943      0.45791525      0.48423413      0.13102826       0.13102826       281.64968                      281.64968
  0.00014001181       140.95435       1.3876142      0.67892832      0.46736572       0.4360868      0.13102826       0.13102826       281.64664                      281.64664
    0.000140151       140.95336       1.9373759      0.59311427      0.55468227      0.26389701      0.13102826       0.13102826       281.64465                      281.64465
  0.00014028928       140.95237       1.6945856        0.899473      0.97821233        0.279822      0.13102826       0.13102826       281.64268                      281.64268
  0.00014083237       140.94851       1.0932808       1.7776579     0.089499164      0.38725872      0.13102826       0.13102826       281.63495                      281.63495
    0.000141219       140.94576        1.869811       1.5234048      0.95069779      0.22457166      0.13102826       0.13102826       281.62947                      281.62947
  0.00014129484       140.94523       1.6633818        1.240785      0.69354349      0.26217265      0.13102826       0.13102826        281.6284                       281.6284
  0.00014150989       140.94371       1.8653037      0.85070888       0.6089603       0.2504688      0.13102826       0.13102826       281.62536                      281.62536
   0.0001417245       140.94219      0.89790787       1.7354148     0.093251828       0.4763519      0.13102826       0.13102826       281.62233                      281.62233
  0.00014185486       140.94127       1.1540789       1.8847777      0.18719363      0.36501896      0.13102826       0.13102826       281.62049                      281.62049
  0.00014212964       140.93934       1.1467262       1.1248904      0.26797877      0.41918686      0.13102826       0.13102826       281.61662                      281.61662
  0.00014215945       140.93913       1.6484844       1.6341652      0.87344665      0.25362184      0.13102826       0.13102826        281.6162                       281.6162
  0.00014310917       140.93247       1.0533511       1.5941481      0.54892414      0.40565386      0.13102826       0.13102826       281.60288                      281.60288
  0.00014342774       140.93024       1.6761348      0.58687428      0.95773444      0.33305741      0.13102826       0.13102826       281.59843                      281.59843
  0.00014449515       140.92283       1.8137204       1.5012981     0.056475279       0.2301056      0.13102826       0.13102826        281.5836                       281.5836
  0.00014512655       140.91847       1.2530215       1.1208982      0.56736766      0.37242955      0.13102826       0.13102826       281.57488                      281.57488
  0.00014568063       140.91466       1.7322222       1.7969477      0.18238005      0.23797081      0.13102826       0.13102826       281.56726                      281.56726
  0.00014569988       140.91453       1.6202174        1.419499     0.063696311      0.26003499      0.13102826       0.13102826         281.567                        281.567
  0.00014603111       140.91226       1.3215093       1.7526707      0.31419108      0.31371499      0.13102826       0.13102826       281.56246                      281.56246
  0.00014604578       140.91216       1.4310169       1.2001372      0.34456677      0.30921862      0.13102826       0.13102826       281.56225                      281.56225
  0.00014630583       140.91038       1.8790948       1.9699968      0.73493376      0.21935568      0.13102826       0.13102826        281.5587                       281.5587
  0.00014631263       140.91033       1.4851204        1.797034      0.69386135      0.27793985      0.13102826       0.13102826        281.5586                       281.5586
  0.00014664007       140.90809       1.1290654       1.5181355      0.32565557      0.37668384      0.13102826       0.13102826       281.55413                      281.55413
  0.00014733182       140.90339       1.8097104      0.51791853      0.68281047      0.30161763      0.13102826       0.13102826       281.54472                      281.54472
  0.00014762858       140.90138       1.3737375       1.3873518      0.86208919       0.3101936      0.13102826       0.13102826        281.5407                       281.5407
  0.00014789718       140.89956      0.96634849       1.3189883      0.82852336      0.46874505      0.13102826       0.13102826       281.53706                      281.53706
  0.00014823829       140.89725       1.6458285       0.6048082      0.23204646      0.33259776      0.13102826       0.13102826       281.53245                      281.53245
  0.00014841099       140.89609       1.5637318       1.2595095      0.43408999      0.27441659      0.13102826       0.13102826       281.53012                      281.53012
  0.00014847103       140.89569       1.5195974       1.2959041      0.35585994      0.28139452      0.13102826       0.13102826       281.52932                      281.52932
  0.00014854619       140.89518       1.3687814      0.62521939      0.83769516      0.46144815      0.13102826       0.13102826        281.5283                       281.5283
  0.00014886497       140.89304       1.1108707       1.0341723      0.55678111      0.44766029      0.13102826       0.13102826       281.52402                      281.52402
  0.00014909135       140.89152       1.3161976       1.7673902      0.99917062      0.31223034      0.13102826       0.13102826       281.52098                      281.52098
  0.00014912312        140.8913       1.4292692       1.4066625       0.8830125      0.29506091      0.13102826       0.13102826       281.52055                      281.52055
  0.00014954196        140.8885       1.2007909       1.3275812      0.96159122        0.362512      0.13102826       0.13102826       281.51494                      281.51494
  0.00015037178       140.88297       1.9232074      0.89770896      0.87623164      0.23194882      0.13102826       0.13102826       281.50387                      281.50387
  0.00015062056       140.88131        1.106509       1.3494467      0.63483041      0.39421853      0.13102826       0.13102826       281.50057                      281.50057
  0.00015079269       140.88017       1.0365431        1.149592      0.74591137      0.45771864      0.13102826       0.13102826       281.49828                      281.49828
  0.00015080509       140.88009      0.88632442       1.9845467      0.66173854      0.46982343      0.13102826       0.13102826       281.49812                      281.49812
  0.00015097976       140.87893       1.2728813       1.1653913      0.40078559       0.3533435      0.13102826       0.13102826        281.4958                       281.4958
  0.00015148758       140.87557         1.61903      0.81856437     0.037752796      0.29642885      0.13102826       0.13102826       281.48909                      281.48909
  0.00015158183       140.87495       1.9102149       1.7547496      0.59208811      0.21219734      0.13102826       0.13102826       281.48784                      281.48784
  0.00015167752       140.87432       1.7088945      0.54021792      0.31685842      0.32351052      0.13102826       0.13102826       281.48658                      281.48658
  0.00015172959       140.87398       1.0670446       1.8054573      0.71490136      0.38424814      0.13102826       0.13102826        281.4859                       281.4859
  0.00015173448       140.87394       1.1339029       1.0458576      0.20620391      0.42892606      0.13102826       0.13102826       281.48583                      281.48583
  0.00015183934       140.87325       1.0571954       1.0435261     0.050114369      0.47079561      0.13102826       0.13102826       281.48445                      281.48445
  0.00015248491       140.86901       1.4669915      0.60465097      0.57187964      0.40592996      0.13102826       0.13102826       281.47596                      281.47596
  0.00015255383       140.86856       1.3002877       1.2119971      0.83706368      0.33812135      0.13102826       0.13102826       281.47506                      281.47506
   0.0001526695        140.8678      0.97919971       1.4747554      0.14164952      0.43561341      0.13102826       0.13102826       281.47354                      281.47354
  0.00015281447       140.86685       1.2841152      0.70586307      0.21358637      0.46239558      0.13102826       0.13102826       281.47165                      281.47165
  0.00015290761       140.86624       1.9751184       1.6007427      0.76567767      0.20516421      0.13102826       0.13102826       281.47043                      281.47043
  0.00015305099        140.8653       1.8629955      0.80729252      0.16814839      0.24552745      0.13102826       0.13102826       281.46855                      281.46855
   0.0001531157       140.86488       1.0375311       1.5593603      0.13341296      0.40221967      0.13102826       0.13102826       281.46771                      281.46771
  0.00015313855       140.86473       1.2310708       1.3213714      0.75158204      0.34935456      0.13102826       0.13102826       281.46741                      281.46741
  0.00015327438       140.86385       1.3679294      0.63205549      0.65270532      0.44881453      0.13102826       0.13102826       281.46564                      281.46564
  0.00015385935       140.86004       1.1165172       1.3370149      0.10819219      0.38779295      0.13102826       0.13102826       281.45802                      281.45802
  0.00015386711       140.85999       1.1333783       1.7723068      0.87197524      0.35914314      0.13102826       0.13102826       281.45792                      281.45792
  0.00015389123       140.85983       1.0253838       1.7148434      0.54885155       0.3994465      0.13102826       0.13102826        281.4576                       281.4576
  0.00015423449        140.8576      0.87081269       1.6249226     0.021402531       0.4788426      0.13102826       0.13102826       281.45315                      281.45315
  0.00015427022       140.85737       1.5120167       0.5369316      0.99105362      0.41318103      0.13102826       0.13102826       281.45268                      281.45268
  0.00015458123       140.85536       1.6194311       1.9047326      0.41386418      0.24908884      0.13102826       0.13102826       281.44866                      281.44866
  0.00015460582        140.8552       1.7774861        1.161357      0.96132946      0.23799602      0.13102826       0.13102826       281.44834                      281.44834
  0.00015467111       140.85477       1.9844186      0.93314555      0.98107011      0.21895929      0.13102826       0.13102826       281.44749                      281.44749
  0.00015469575       140.85462       1.7707445       1.1840928      0.05580597      0.23805359      0.13102826       0.13102826       281.44717                      281.44717
   0.0001547883       140.85402      0.98916044        1.071856      0.22720126      0.49999286      0.13102826       0.13102826       281.44598                      281.44598
  0.00015509775       140.85202      0.94182453       1.7548626      0.64921736       0.4337639      0.13102826       0.13102826       281.44198                      281.44198
   0.0001551939        140.8514       1.3780658       1.6792918      0.60128646      0.29380591      0.13102826       0.13102826       281.44074                      281.44074
  0.00015524345       140.85108       1.6944411      0.79686611     0.061064408      0.27765351      0.13102826       0.13102826       281.44011                      281.44011
  0.00015525624         140.851       1.5949674       1.8545813      0.77404675      0.25230744      0.13102826       0.13102826       281.43994                      281.43994
  0.00015586364       140.84709      0.85402257       1.5785098      0.98135187      0.49030818      0.13102826       0.13102826       281.43213                      281.43213
  0.00015616741       140.84515        1.485624       1.6197923      0.62857523      0.27212583      0.13102826       0.13102826       281.42824                      281.42824
  0.00015626902        140.8445       1.3126789       1.4792303      0.45797623      0.31373914      0.13102826       0.13102826       281.42694                      281.42694
  0.00015647269       140.84319       1.3696217       1.2384754      0.51959278      0.31276145      0.13102826       0.13102826       281.42433                      281.42433
  0.00015699577       140.83986       1.9760625       1.8302762      0.38526173      0.20213129      0.13102826       0.13102826       281.41766                      281.41766
  0.00015747006       140.83684       1.0389083       1.5720064      0.26513008      0.39581854      0.13102826       0.13102826       281.41162                      281.41162
  0.00015776996       140.83494       1.1917842       1.2909842      0.26573108      0.36037879      0.13102826       0.13102826       281.40782                      281.40782
  0.00015807013       140.83304      0.81847998       1.8773794      0.30786716      0.49612111      0.13102826       0.13102826       281.40402                      281.40402
  0.00015818488       140.83231       1.4583526       1.5673449      0.55536504      0.27690257      0.13102826       0.13102826       281.40257                      281.40257
  0.00015879137       140.82848       1.8534799       1.8314341      0.88668953      0.21464406      0.13102826       0.13102826       281.39491                      281.39491
  0.00015891849       140.82768        1.006298       1.0388581      0.87472837      0.49249128      0.13102826       0.13102826       281.39331                      281.39331
  0.00015989855       140.82154        1.696467        1.057108     0.071950411      0.25243821      0.13102826       0.13102826       281.38102                      281.38102
  0.00015996591       140.82112       0.9109801       1.4269904      0.24873762      0.46707284      0.13102826       0.13102826       281.38017                      281.38017
  0.00016012602       140.82011       1.3057203      0.61099338      0.61179642      0.49341447      0.13102826       0.13102826       281.37817                      281.37817
   0.0001610929       140.81409       1.4394088       1.2036501      0.67644939      0.29409274      0.13102826       0.13102826       281.36613                      281.36613
  0.00016138959       140.81225       1.1297334       1.5302171      0.70778646      0.36021435      0.13102826       0.13102826       281.36245                      281.36245
  0.00016193227        140.8089       1.6538505       1.4500131      0.70730235      0.24297002      0.13102826       0.13102826       281.35574                      281.35574
  0.00016243248       140.80581       1.8483058      0.76052661      0.44564393      0.24479056      0.13102826       0.13102826       281.34957                      281.34957
  0.00016258703       140.80486       1.5379855       0.5576901      0.20606134      0.37339207      0.13102826       0.13102826       281.34767                      281.34767
  0.00016302795       140.80215      0.97349975       1.1261421      0.22204961      0.48208002      0.13102826       0.13102826       281.34225                      281.34225
  0.00016358049       140.79877       1.8528521       1.4190122      0.30722313      0.21545091      0.13102826       0.13102826       281.33548                      281.33548
  0.00016375576        140.7977       1.0290097       1.3770149      0.25979918      0.40856042      0.13102826       0.13102826       281.33334                      281.33334
  0.00016378813        140.7975       1.7261149       1.7506392      0.19538108      0.22778141      0.13102826       0.13102826       281.33295                      281.33295
  0.00016399144       140.79626       1.6912031      0.66033571      0.89213455       0.2888185      0.13102826       0.13102826       281.33047                      281.33047
  0.00016436036       140.79401       1.3838152       1.7492904      0.80949883      0.28459027      0.13102826       0.13102826       281.32597                      281.32597
  0.00016528444       140.78841       1.1614026      0.77026086       0.8480679      0.48802115      0.13102826       0.13102826       281.31476                      281.31476
   0.0001654889       140.78717       1.5170978       1.0701008      0.98315715       0.2825574      0.13102826       0.13102826       281.31229                      281.31229
  0.00016570988       140.78584        1.509747       1.1118909      0.31852001      0.28088664      0.13102826       0.13102826       281.30962                      281.30962
  0.00016585703       140.78495       1.6297684       1.4416306      0.51006799      0.24438553      0.13102826       0.13102826       281.30784                      281.30784
  0.00016605472       140.78376       1.3800665       1.8061041      0.29518115      0.28375231      0.13102826       0.13102826       281.30546                      281.30546
    0.000166703       140.77986      0.95263409       1.1737185      0.44330848      0.47776346      0.13102826       0.13102826       281.29767                      281.29767
  0.00016740785       140.77564          1.4714      0.56192784     0.020154462      0.39881413      0.13102826       0.13102826       281.28923                      281.28923
  0.00016757745       140.77463       1.2773534      0.93017482      0.55713128      0.36997861      0.13102826       0.13102826        281.2872                       281.2872
   0.0001679196       140.77259       1.0419481       1.4012965      0.65301421      0.39555019      0.13102826       0.13102826       281.28312                      281.28312
  0.00016801626       140.77202       1.5663346      0.70875246      0.18385968      0.31180766      0.13102826       0.13102826       281.28197                      281.28197
  0.00016801654       140.77201       1.1324601       1.1288477      0.30593647      0.39250236      0.13102826       0.13102826       281.28197                      281.28197
  0.00016819184       140.77097       1.0150692      0.98204879       0.2792033      0.49090028      0.13102826       0.13102826       281.27988                      281.27988
   0.0001683705       140.76991       1.6968124       1.0035158      0.80892529      0.24954405      0.13102826       0.13102826       281.27776                      281.27776
   0.0001683763       140.76987       1.3679762      0.80227645      0.23683081      0.36130667      0.13102826       0.13102826       281.27769                      281.27769
  0.00016844465       140.76947       1.5571122         1.09281      0.44249708      0.27010947      0.13102826       0.13102826       281.27688                      281.27688
  0.00016870778       140.76791       1.2647487      0.67151121      0.63237426      0.46551815      0.13102826       0.13102826       281.27376                      281.27376
  0.00016894294       140.76651       1.2493788       1.6067491      0.62134806      0.31459873      0.13102826       0.13102826       281.27097                      281.27097
  0.00016913967       140.76535       0.8015353       1.8512181      0.89872052      0.48879234      0.13102826       0.13102826       281.26865                      281.26865
  0.00016922199       140.76486       1.2375292      0.71717647      0.87970389      0.45762006      0.13102826       0.13102826       281.26767                      281.26767
  0.00016929856       140.76441      0.93882355       1.8104069      0.26275099      0.41567383      0.13102826       0.13102826       281.26677                      281.26677
  0.00016952455       140.76308       1.4476531       1.0309941      0.55593941      0.29907411      0.13102826       0.13102826        281.2641                       281.2641
  0.00016959992       140.76263       1.5623652        1.486859      0.21537747      0.25180417      0.13102826       0.13102826       281.26321                      281.26321
   0.0001703257       140.75836       1.4357196        1.973286      0.82723484       0.2701039      0.13102826       0.13102826       281.25467                      281.25467
  0.00017045493        140.7576       1.0186358       1.6673153      0.73917525      0.38463359      0.13102826       0.13102826       281.25315                      281.25315
  0.00017059834       140.75676       1.3741925       0.6341501      0.64323176      0.41292282      0.13102826       0.13102826       281.25147                      281.25147
    0.000170718       140.75606       1.0462312       1.3925061      0.18932365      0.39140069      0.13102826       0.13102826       281.25007                      281.25007
  0.00017078094       140.75569      0.85046429       1.8875266      0.85339767      0.45723427      0.13102826       0.13102826       281.24933                      281.24933
  0.00017093831       140.75477       1.9628425       1.0259307    0.0081896809      0.20837544      0.13102826       0.13102826       281.24749                      281.24749
  0.00017288651       140.74344       1.8515626      0.64099381      0.18792961      0.24712124      0.13102826       0.13102826       281.22482                      281.22482
  0.00017293914       140.74314        1.100237        1.149124      0.59387437      0.39725867      0.13102826       0.13102826       281.22422                      281.22422
  0.00017300953       140.74273       1.7688439       1.8619383      0.98523936      0.21680578      0.13102826       0.13102826        281.2234                       281.2234
  0.00017333674       140.74084         1.76338      0.80185151      0.11006378      0.24839974      0.13102826       0.13102826       281.21962                      281.21962
  0.00017374388       140.73849       1.6447902      0.52143572      0.20471535       0.3230283      0.13102826       0.13102826       281.21493                      281.21493
   0.0001737517       140.73845      0.92725576       1.2706944      0.92432476       0.4625319      0.13102826       0.13102826       281.21484                      281.21484
  0.00017379453        140.7382        1.617717      0.81710378       0.4691106      0.27663994      0.13102826       0.13102826       281.21435                      281.21435
  0.00017382865       140.73801       1.1662945      0.73429083     0.068578921      0.48890781      0.13102826       0.13102826       281.21395                      281.21395
  0.00017392254       140.73747       1.0757602       1.9976962      0.12590043      0.35813443      0.13102826       0.13102826       281.21287                      281.21287
  0.00017397937       140.73714       1.6767378      0.84549726      0.95216236       0.2608581      0.13102826       0.13102826       281.21222                      281.21222
  0.00017408713       140.73652       1.1418461      0.98486233      0.37735462      0.40954085      0.13102826       0.13102826       281.21098                      281.21098
  0.00017419901       140.73588       1.0377932       1.5012831      0.93866467      0.38187321      0.13102826       0.13102826        281.2097                       281.2097
  0.00017430273       140.73528       1.4831746      0.51171421       0.6007251      0.40777568      0.13102826       0.13102826       281.20851                      281.20851
  0.00017471721       140.73291       1.1899076       1.8854572      0.49589735      0.32165969      0.13102826       0.13102826       281.20376                      281.20376
  0.00017493012       140.73169      0.87260428       1.7987808      0.97441663      0.44040268      0.13102826       0.13102826       281.20132                      281.20132
  0.00017554174        140.7282      0.81355876       1.9333999      0.88056077      0.47149009      0.13102826       0.13102826       281.19434                      281.19434
  0.00017656676       140.72238       1.1534349       1.5533263      0.69886913      0.33660178      0.13102826       0.13102826        281.1827                       281.1827
  0.00017661786       140.72209       1.3888353      0.80663084      0.98436544      0.34234579      0.13102826       0.13102826       281.18212                      281.18212
  0.00017676087       140.72128        1.904102      0.62913696      0.12760246       0.2356011      0.13102826       0.13102826        281.1805                       281.1805
   0.0001768575       140.72073       1.3644256      0.61007252      0.89446728      0.42025763      0.13102826       0.13102826       281.17941                      281.17941
  0.00017708248       140.71946       1.5561654      0.73357975      0.29294532      0.30085931      0.13102826       0.13102826       281.17686                      281.17686
  0.00017711735       140.71926       1.7572519       1.8454484      0.79952974      0.21588583      0.13102826       0.13102826       281.17647                      281.17647
   0.0001774499       140.71739       1.5341685       1.8383628      0.18903237      0.24723074      0.13102826       0.13102826       281.17272                      281.17272
  0.00017776023       140.71564       1.0990661      0.87298459      0.83975211      0.46215546      0.13102826       0.13102826       281.16922                      281.16922
  0.00017820203       140.71316       1.4616686      0.57744893      0.28426074       0.3782735      0.13102826       0.13102826       281.16426                      281.16426
  0.00017829159       140.71266        1.157141       1.2088925    0.0008815013      0.35992064      0.13102826       0.13102826       281.16325                      281.16325
  0.00017850215       140.71148       1.9602607       1.4488442      0.24617562      0.19512552      0.13102826       0.13102826       281.16089                      281.16089
  0.00017878254       140.70991       1.1669221       1.4989523      0.87802979      0.33297301      0.13102826       0.13102826       281.15775                      281.15775
  0.00017922973       140.70741        1.696301      0.75239057      0.30056592      0.26160937      0.13102826       0.13102826       281.15276                      281.15276
  0.00017931454       140.70693       1.4452795      0.59371384      0.51871666       0.3779564      0.13102826       0.13102826       281.15181                      281.15181
  0.00017943199       140.70628       1.7865867       1.6143256      0.80025209      0.21206941      0.13102826       0.13102826        281.1505                       281.1505
   0.0001802367        140.7018       1.4377075       1.6525543      0.52001979      0.26336968      0.13102826       0.13102826       281.14155                      281.14155
  0.00018030911        140.7014        1.663365       1.5428149      0.72633676      0.22846785      0.13102826       0.13102826       281.14075                      281.14075
  0.00018059628       140.69981       1.6900407        1.211878      0.15442762      0.23268224      0.13102826       0.13102826       281.13757                      281.13757
  0.00018061598        140.6997       1.4140838       1.5815641      0.70001575      0.26886996      0.13102826       0.13102826       281.13735                      281.13735
  0.00018113867       140.69681       1.4327223      0.70105284      0.50069065      0.34505205      0.13102826       0.13102826       281.13157                      281.13157
  0.00018143569       140.69517       1.6598326       1.2498663      0.27516215      0.23541462      0.13102826       0.13102826       281.12829                      281.12829
  0.00018154692       140.69456       1.6781401       1.6058058      0.10365353      0.22484507      0.13102826       0.13102826       281.12707                      281.12707
   0.0001820263       140.69192       1.4276339       1.8732451      0.62153137      0.26249071      0.13102826       0.13102826       281.12179                      281.12179
  0.00018205749       140.69175       1.4944809       1.7868284      0.38625898      0.25083016      0.13102826       0.13102826       281.12145                      281.12145
  0.00018212636       140.69138       1.3556846       1.5332937     0.015320104      0.28089089      0.13102826       0.13102826       281.12069                      281.12069
  0.00018241434        140.6898       1.6033637       1.5819215       0.1090849      0.23531109      0.13102826       0.13102826       281.11753                      281.11753
  0.00018245278       140.68958       1.4825623       1.4957638      0.29586397      0.25675565      0.13102826       0.13102826       281.11711                      281.11711
  0.00018273006       140.68807      0.89563488       1.8745848      0.10585324      0.41772862      0.13102826       0.13102826       281.11408                      281.11408
  0.00018286306       140.68734        1.173102      0.88412729      0.64070999      0.40888591      0.13102826       0.13102826       281.11262                      281.11262
  0.00018298047        140.6867       1.6401953       1.3183426      0.53553354      0.23523957      0.13102826       0.13102826       281.11134                      281.11134
  0.00018325891       140.68518       1.1001212       1.1199267      0.94295422      0.38985246      0.13102826       0.13102826        281.1083                       281.1083
  0.00018328998       140.68501        1.009533       1.5320467      0.68040784      0.38090246      0.13102826       0.13102826       281.10796                      281.10796
  0.00018343154       140.68423       1.7529836       1.9492258     0.054828514      0.21306452      0.13102826       0.13102826       281.10641                      281.10641
  0.00018367651        140.6829       1.2890984       1.3474093      0.72742289       0.3029792      0.13102826       0.13102826       281.10374                      281.10374
  0.00018385506       140.68193       1.6570482      0.79700241      0.78889121      0.26156166      0.13102826       0.13102826        281.1018                       281.1018
  0.00018426379       140.67971      0.77802827       1.7802812      0.60635911      0.48115253      0.13102826       0.13102826       281.09736                      281.09736
  0.00018460619       140.67785       1.2397648       1.7498712     0.026153519      0.30088054      0.13102826       0.13102826       281.09365                      281.09365
  0.00018466773       140.67752       1.7902179       1.7019663      0.60971725      0.20813067      0.13102826       0.13102826       281.09298                      281.09298
  0.00018524413        140.6744       1.8528761       1.9164073       0.6757701      0.20047294      0.13102826       0.13102826       281.08675                      281.08675
  0.00018544728       140.67331      0.91130684       1.3709695       0.5545955      0.43931183      0.13102826       0.13102826       281.08455                      281.08455
   0.0001855595        140.6727       1.4557916       1.7331057      0.97285069      0.25546311      0.13102826       0.13102826       281.08334                      281.08334
  0.00018562555       140.67234         1.12476       1.3881746      0.27769565      0.34665528      0.13102826       0.13102826       281.08263                      281.08263
  0.00018674414       140.66634      0.91890362        1.164848      0.75703059      0.47109115      0.13102826       0.13102826       281.07062                      281.07062
  0.00018685839       140.66572        1.550381       1.2413164      0.83423636      0.25022636      0.13102826       0.13102826       281.06939                      281.06939
  0.00018724248       140.66367       1.0360158       1.6059871      0.32487069      0.36255691      0.13102826       0.13102826       281.06529                      281.06529
  0.00018810934       140.65905       1.5980612       1.6833635      0.33523607      0.23139921      0.13102826       0.13102826       281.05605                      281.05605
  0.00018836192       140.65771       1.1257104      0.73251755      0.57787016      0.49332326      0.13102826       0.13102826       281.05336                      281.05336
  0.00018838502       140.65759       1.0526479       1.4484638      0.58198056      0.36474076      0.13102826       0.13102826       281.05312                      281.05312
  0.00018863003       140.65629      0.87418605       1.2828214     0.048690899      0.47069567      0.13102826       0.13102826       281.05052                      281.05052
   0.0001887835       140.65547        1.818731      0.69987034      0.55862995      0.23535173      0.13102826       0.13102826       281.04889                      281.04889
  0.00018891057        140.6548       1.8746526       1.2497211      0.83343941      0.20248984      0.13102826       0.13102826       281.04755                      281.04755
  0.00018941224       140.65215       1.3608042       1.1925418      0.19334005      0.29026582      0.13102826       0.13102826       281.04224                      281.04224
  0.00018946989       140.65185       1.0880404       1.6586567      0.97131682      0.34067571      0.13102826       0.13102826       281.04163                      281.04163
  0.00018982442       140.64998        1.688683      0.67688598      0.43780513      0.26278728      0.13102826       0.13102826        281.0379                       281.0379
  0.00018982623       140.64997       1.5004302       0.9365258      0.12599583      0.27790765      0.13102826       0.13102826       281.03788                      281.03788
  0.00019005835       140.64874       1.6757914      0.75775548      0.93756848      0.25645782      0.13102826       0.13102826       281.03543                      281.03543
  0.00019008774       140.64859      0.89958371       1.8206992      0.42103657      0.40708784      0.13102826       0.13102826       281.03512                      281.03512
  0.00019017939       140.64811       1.0538215       1.9808162      0.89449928      0.34783791      0.13102826       0.13102826       281.03416                      281.03416
  0.00019051762       140.64633       1.7885448      0.52088895      0.81352841      0.26012717      0.13102826       0.13102826       281.03061                      281.03061
  0.00019060675       140.64586       1.8910107       1.1957481      0.10893516      0.20098222      0.13102826       0.13102826       281.02967                      281.02967
    0.000190749       140.64512       1.5123107      0.82929575      0.95256699      0.28590554      0.13102826       0.13102826       281.02818                      281.02818
  0.00019090645       140.64429       1.4739157       1.8900796       0.1958054      0.24817655      0.13102826       0.13102826       281.02653                      281.02653
  0.00019122515       140.64262       1.5799725       1.7455894      0.10833137      0.23166861      0.13102826       0.13102826       281.02319                      281.02319
  0.00019154968       140.64093       1.1904558       1.1496648      0.72946514      0.34139821      0.13102826       0.13102826        281.0198                       281.0198
   0.0001916545       140.64038       1.0632427       1.3822224      0.19034934      0.36271938      0.13102826       0.13102826       281.01871                      281.01871
   0.0001918304       140.63946       1.9540958      0.60784847      0.82599633      0.21816395      0.13102826       0.13102826       281.01687                      281.01687
  0.00019204546       140.63834       1.1830049       1.8251341      0.43905806      0.30810754      0.13102826       0.13102826       281.01463                      281.01463
  0.00019207942       140.63817       1.0619678       1.0687296     0.011720752      0.40634943      0.13102826       0.13102826       281.01428                      281.01428
  0.00019256631       140.63564       1.8285245       0.6119438      0.19256113      0.23865437      0.13102826       0.13102826       281.00921                      281.00921
  0.00019265599       140.63517       1.2849589      0.74724348      0.20760694      0.38153601      0.13102826       0.13102826       281.00828                      281.00828
  0.00019288193         140.634       1.0800726      0.79531046      0.22250784      0.48433121      0.13102826       0.13102826       281.00594                      281.00594
  0.00019367956       140.62987        1.850869       1.4895125      0.37929905      0.19845917      0.13102826       0.13102826       280.99768                      280.99768
   0.0001939344       140.62856       1.2016271      0.69557144      0.28567195      0.44961395      0.13102826       0.13102826       280.99506                      280.99506
  0.00019397964       140.62832       1.9911919      0.58730589      0.11192297      0.21259938      0.13102826       0.13102826       280.99459                      280.99459
  0.00019409056       140.62775       1.2211719       1.6967454      0.66039693      0.29835684      0.13102826       0.13102826       280.99345                      280.99345
  0.00019439241        140.6262       1.0427189       1.1981324       0.3145138      0.38936415      0.13102826       0.13102826       280.99034                      280.99034
  0.00019463744       140.62494       1.3463935       1.0259194       0.4739211      0.30411115      0.13102826       0.13102826       280.98782                      280.98782
  0.00019467994       140.62472       1.0250878      0.83879447      0.39236754       0.4996464      0.13102826       0.13102826       280.98738                      280.98738
  0.00019503416        140.6229       1.9363492      0.80497023      0.34307571      0.20675655      0.13102826       0.13102826       280.98375                      280.98375
   0.0001951746       140.62218       1.3130297      0.69513718       0.9737921      0.38171986      0.13102826       0.13102826       280.98231                      280.98231
  0.00019535799       140.62124       1.6143329       1.4858278      0.79970452      0.22739687      0.13102826       0.13102826       280.98043                      280.98043
  0.00019577641        140.6191       1.3673714      0.68609873        0.419053      0.35776654      0.13102826       0.13102826       280.97615                      280.97615
  0.00019653492       140.61524       1.4595517       1.6464323      0.37897827      0.24835239      0.13102826       0.13102826       280.96841                      280.96841
  0.00019660423       140.61488      0.89172642       1.2686771      0.43331962      0.45144569      0.13102826       0.13102826       280.96771                      280.96771
  0.00019660581       140.61488       1.5220558       1.2661779      0.87573541       0.2475685      0.13102826       0.13102826       280.96769                      280.96769
  0.00019694412       140.61316        1.110196        1.234967      0.74032098      0.35446417      0.13102826       0.13102826       280.96425                      280.96425
  0.00019695732       140.61309       1.5381939       1.1573431      0.17687192      0.24929963      0.13102826       0.13102826       280.96412                      280.96412
  0.00019738517       140.61092       0.9051613       1.9811043      0.28033184      0.39525124      0.13102826       0.13102826       280.95978                      280.95978
  0.00019768167       140.60942       1.8449621       1.4155706      0.21881785      0.19806579      0.13102826       0.13102826       280.95678                      280.95678
  0.00019778257       140.60891       1.5614927       1.3346184      0.38829083      0.23770783      0.13102826       0.13102826       280.95576                      280.95576
  0.00019784701       140.60858       1.8348535       1.9598811      0.26208228      0.19589339      0.13102826       0.13102826       280.95511                      280.95511
  0.00019794057       140.60811       1.4664315       1.0099425       0.8346527      0.27253964      0.13102826       0.13102826       280.95416                      280.95416
  0.00019795161       140.60805       1.7479677       1.9898841      0.73648219      0.20567858      0.13102826       0.13102826       280.95405                      280.95405
  0.00019842315       140.60567       1.2078835        1.439168      0.29719333      0.30674579      0.13102826       0.13102826       280.94929                      280.94929
  0.00019849922       140.60529       1.5782297       1.4806379      0.16942284      0.23091297      0.13102826       0.13102826       280.94852                      280.94852
   0.0001985821       140.60487        1.308801      0.75179735      0.62236549      0.36092377      0.13102826       0.13102826       280.94769                      280.94769
  0.00019893754       140.60308      0.95706782      0.99222788      0.29515813      0.47753949      0.13102826       0.13102826       280.94411                      280.94411
  0.00019896456       140.60295       1.9325112      0.97652337      0.62979836       0.1980272      0.13102826       0.13102826       280.94384                      280.94384
    0.000199329       140.60112        1.233235      0.84110004       0.1690418      0.36988813      0.13102826       0.13102826       280.94018                      280.94018
  0.00020042866       140.59562       1.7543208       1.3630721      0.29252746      0.20813236      0.13102826       0.13102826       280.92918                      280.92918
  0.00020049987       140.59526       1.4823003      0.65350924      0.87575524      0.31429816      0.13102826       0.13102826       280.92847                      280.92847
  0.00020095071       140.59302       1.5789511       1.4653832      0.44760072       0.2296068      0.13102826       0.13102826       280.92398                      280.92398
  0.00020114869       140.59203       1.9414319       1.1865507      0.19708015      0.19016083      0.13102826       0.13102826       280.92201                      280.92201
  0.00020117947       140.59188        1.515586       1.5101135      0.79695494      0.23838146      0.13102826       0.13102826        280.9217                       280.9217
  0.00020120295       140.59176        1.354958       0.6446835      0.86631104      0.36997884      0.13102826       0.13102826       280.92147                      280.92147
  0.00020133598        140.5911       0.9055922       1.5409989     0.043764704      0.40387162      0.13102826       0.13102826       280.92014                      280.92014
  0.00020135875       140.59099       1.1756675       1.4263881      0.71848133      0.31372249      0.13102826       0.13102826       280.91992                      280.91992
  0.00020141185       140.59072       1.2487786      0.59171526      0.60453664      0.46703821      0.13102826       0.13102826       280.91939                      280.91939
  0.00020145074       140.59053       1.3778003       1.0140115      0.35789375      0.29072961      0.13102826       0.13102826       280.91901                      280.91901
   0.0002014817       140.59038       1.6518687       1.3602402      0.96907159      0.22109744      0.13102826       0.13102826        280.9187                       280.9187
  0.00020152979       140.59014       0.7913518       1.3926181      0.35914149      0.48475666      0.13102826       0.13102826       280.91822                      280.91822
  0.00020183971        140.5886       0.9669623       1.2379337      0.14177677      0.40946844      0.13102826       0.13102826       280.91515                      280.91515
  0.00020207537       140.58744        1.444538       0.6033975      0.61113531       0.3406713      0.13102826       0.13102826       280.91281                      280.91281
  0.00020210376       140.58729       1.2079938       1.2666638      0.99326725      0.31441497      0.13102826       0.13102826       280.91253                      280.91253
  0.00020236105       140.58602       1.0170526       1.0375981      0.85501943      0.42301593      0.13102826       0.13102826       280.90999                      280.90999
   0.0002029677       140.58303      0.76951922       1.7656106      0.25940009      0.45826767      0.13102826       0.13102826         280.904                        280.904
  0.00020351504       140.58034       1.6962743       1.9595069      0.18102271      0.20862315      0.13102826       0.13102826       280.89862                      280.89862
  0.00020412527       140.57734      0.84103486       1.5490829      0.62512197       0.4316213      0.13102826       0.13102826       280.89263                      280.89263
  0.00020435389       140.57622      0.80848093       1.7465563      0.55996996      0.43521763      0.13102826       0.13102826       280.89039                      280.89039
  0.00020455539       140.57524       1.0159808      0.93094763       0.2257284      0.45168723      0.13102826       0.13102826       280.88842                      280.88842
  0.00020575109       140.56941       1.2073093       1.6436164      0.93734617      0.29324517      0.13102826       0.13102826       280.87676                      280.87676
  0.00020598858       140.56826       1.8357037       1.6533663      0.79180529      0.19218712      0.13102826       0.13102826       280.87445                      280.87445
  0.00020603736       140.56802       1.3812478      0.61032574      0.62231623      0.36232771      0.13102826       0.13102826       280.87398                      280.87398
  0.00020618762       140.56729       1.0517646       1.9635671      0.34719996      0.33188592      0.13102826       0.13102826       280.87252                      280.87252
  0.00020682213       140.56422       1.3372824       1.7250575     0.099711974      0.26254433      0.13102826       0.13102826       280.86638                      280.86638
  0.00020684463       140.56411        1.457412      0.60331684      0.74652319      0.32867787      0.13102826       0.13102826       280.86616                      280.86616
  0.00020715693        140.5626       1.0844463       1.2843235      0.45916787      0.34795261      0.13102826       0.13102826       280.86314                      280.86314
  0.00020743407       140.56126      0.98403102       1.7912073      0.40150136      0.35392294      0.13102826       0.13102826       280.86047                      280.86047
  0.00020762521       140.56034       1.9485642      0.86395809      0.24752551      0.19535987      0.13102826       0.13102826       280.85863                      280.85863
  0.00020826392       140.55727       1.9343446       1.3010781     0.030631985      0.18512205      0.13102826       0.13102826       280.85248                      280.85248
  0.00020836969       140.55676       1.1034874      0.86626015      0.28857628      0.41561722      0.13102826       0.13102826       280.85147                      280.85147
  0.00020858114       140.55575         1.28595       0.7211049      0.54378768      0.36706426      0.13102826       0.13102826       280.84944                      280.84944
  0.00020862881       140.55552       1.8894884      0.62591028      0.14609597      0.21511407      0.13102826       0.13102826       280.84898                      280.84898
  0.00020903599       140.55357       1.4685983       1.1714484      0.47848044       0.2530586      0.13102826       0.13102826       280.84508                      280.84508
   0.0002091016       140.55326       1.1153064       1.3201488     0.077276037      0.33213213      0.13102826       0.13102826       280.84445                      280.84445
  0.00020923763       140.55261       1.9692908       1.3122157      0.69684151      0.18104778      0.13102826       0.13102826       280.84315                      280.84315
  0.00020945804       140.55155      0.92640812       1.1595809      0.37277906      0.43543806      0.13102826       0.13102826       280.84105                      280.84105
  0.00020970076       140.55039      0.68842818       1.9085475     0.045724931      0.49556973      0.13102826       0.13102826       280.83873                      280.83873
  0.00020970225       140.55039       1.4216708       1.3537572      0.39469927      0.25346222      0.13102826       0.13102826       280.83872                      280.83872
   0.0002098711       140.54958       1.3600271      0.56905134      0.97487053      0.38594669      0.13102826       0.13102826       280.83711                      280.83711
  0.00020989616       140.54946       1.8095192       1.1092067      0.89757278      0.20243147      0.13102826       0.13102826       280.83687                      280.83687
  0.00020992679       140.54932       1.1807373       1.2892136     0.012722944      0.31350463      0.13102826       0.13102826       280.83658                      280.83658
  0.00021001581       140.54889      0.95693986       1.9735939      0.77256152      0.35961998      0.13102826       0.13102826       280.83573                      280.83573
  0.00021025117       140.54777       1.1284702       1.9338766      0.05061671      0.30596945      0.13102826       0.13102826       280.83349                      280.83349
  0.00021041953       140.54697       1.0011216       1.8385963      0.82915246      0.34415751      0.13102826       0.13102826       280.83189                      280.83189
  0.00021058065       140.54621       1.5426291      0.91194866      0.80341111      0.25399548      0.13102826       0.13102826       280.83036                      280.83036
  0.00021096491       140.54438       1.2785015       1.3527141     0.052529553      0.28286921      0.13102826       0.13102826       280.82671                      280.82671
  0.00021106044       140.54393       1.3109345        1.772148      0.60669664      0.26412282      0.13102826       0.13102826       280.82581                      280.82581
  0.00021134032       140.54261       1.8982613       1.7107978      0.09795443      0.18289822      0.13102826       0.13102826       280.82316                      280.82316
  0.00021137075       140.54246       1.4880646       1.3523965      0.53265893      0.24043602      0.13102826       0.13102826       280.82287                      280.82287
  0.00021143807       140.54214       1.4853026       1.4004827      0.27810772      0.23939389      0.13102826       0.13102826       280.82223                      280.82223
  0.00021157108       140.54151       1.1058442       1.0672179       0.7429992      0.36317109      0.13102826       0.13102826       280.82097                      280.82097
  0.00021180152       140.54043       1.2360882       1.0642393      0.79035973      0.31632442      0.13102826       0.13102826        280.8188                       280.8188
  0.00021192408       140.53985       1.6811173       1.9368519    0.0019806391      0.20563401      0.13102826       0.13102826       280.81764                      280.81764
  0.00021204978       140.53925       1.0707279       1.4705203      0.81343938      0.33303657      0.13102826       0.13102826       280.81645                      280.81645
   0.0002125047       140.53711       1.0140838       1.2137853      0.10882126      0.37835414      0.13102826       0.13102826       280.81217                      280.81217
  0.00021251209       140.53708       1.1899697       1.5251157      0.88682627      0.29564192      0.13102826       0.13102826        280.8121                       280.8121
  0.00021259783       140.53667      0.73101106       1.8999968      0.21330273      0.46267021      0.13102826       0.13102826       280.81129                      280.81129
  0.00021348375       140.53252       1.4169049       1.1009569      0.11600365      0.26444052      0.13102826       0.13102826       280.80297                      280.80297
   0.0002139765       140.53021       1.3513012       0.9954673      0.73981699      0.28846188      0.13102826       0.13102826       280.79836                      280.79836
  0.00021414947        140.5294       1.9993743      0.66392023     0.034739328      0.19412139      0.13102826       0.13102826       280.79675                      280.79675
   0.0002144145       140.52816       1.4964361      0.62048514      0.95607944      0.30033397      0.13102826       0.13102826       280.79427                      280.79427
  0.00021448766       140.52782       1.7120192      0.65399868      0.21778724      0.23950736      0.13102826       0.13102826       280.79359                      280.79359
  0.00021472804        140.5267       1.2138578       1.9691058     0.027620264      0.28128359      0.13102826       0.13102826       280.79135                      280.79135
  0.00021525438       140.52426       1.3440187       1.2907639       0.4698846      0.26778844      0.13102826       0.13102826       280.78645                      280.78645
  0.00021547042       140.52325       1.2188882        1.928608      0.95739929      0.27942867      0.13102826       0.13102826       280.78445                      280.78445
  0.00021562379       140.52254       1.4272876      0.54015412      0.19641738      0.35160202      0.13102826       0.13102826       280.78302                      280.78302
  0.00021563088       140.52251      0.87983763       1.0536243      0.99742907      0.48372095      0.13102826       0.13102826       280.78296                      280.78296
  0.00021564358       140.52245        1.293141      0.51613213      0.14984419      0.46164097      0.13102826       0.13102826       280.78284                      280.78284
  0.00021576454       140.52189       1.8507319       1.9770425      0.16003013      0.18504322      0.13102826       0.13102826       280.78172                      280.78172
  0.00021621796       140.51979      0.93046682       1.3579064      0.36069919       0.3924983      0.13102826       0.13102826       280.77752                      280.77752
  0.00021640885       140.51891       1.7133549      0.69430277      0.36878388      0.23403853      0.13102826       0.13102826       280.77576                      280.77576
  0.00021744617       140.51412       1.5743668       1.1364735     0.053972862      0.23013895      0.13102826       0.13102826       280.76619                      280.76619
  0.00021751628        140.5138       1.4094159      0.85476737      0.49111022      0.28537055      0.13102826       0.13102826       280.76555                      280.76555
  0.00021812124       140.51102       1.6453415      0.69732707      0.80238513      0.24585555      0.13102826       0.13102826       280.75999                      280.75999
  0.00021846896       140.50943       1.2607924      0.81564457       0.4027369      0.34032288      0.13102826       0.13102826       280.75681                      280.75681
  0.00021853007       140.50915      0.96961454       1.8614872       0.9073432      0.34605815      0.13102826       0.13102826       280.75625                      280.75625
  0.00021871355       140.50831       1.8336394      0.78247928      0.96600393      0.20711223      0.13102826       0.13102826       280.75457                      280.75457
   0.0002191347       140.50639       1.2311472      0.75612776      0.31852388      0.36803376      0.13102826       0.13102826       280.75072                      280.75072
  0.00021933178       140.50549        1.175952      0.99172945      0.49360761      0.33912166      0.13102826       0.13102826       280.74892                      280.74892
  0.00021965275       140.50403       1.3446696      0.52172054      0.90474435      0.40514242      0.13102826       0.13102826         280.746                        280.746
  0.00022004866       140.50223        1.979491       1.5973362      0.57173866      0.17195201      0.13102826       0.13102826        280.7424                       280.7424
  0.00022011183       140.50194       1.3912664      0.65990715      0.87941816      0.32285483      0.13102826       0.13102826       280.74182                      280.74182
  0.00022014736       140.50178      0.87439445       1.0906264     0.045417014      0.46906608      0.13102826       0.13102826        280.7415                       280.7415
  0.00022019303       140.50157      0.85760437       1.2898483      0.61460809      0.43448537      0.13102826       0.13102826       280.74109                      280.74109
  0.00022075038       140.49904       1.0691414       1.7660436      0.38913588      0.31401046      0.13102826       0.13102826       280.73603                      280.73603
  0.00022111447        140.4974        1.513072       1.7900985      0.38612771      0.22268753      0.13102826       0.13102826       280.73273                      280.73273
  0.00022141192       140.49605       1.9281942      0.97844941      0.62970322       0.1862786      0.13102826       0.13102826       280.73005                      280.73005
  0.00022223437       140.49234       1.2165959      0.63712316      0.12880496      0.42038064      0.13102826       0.13102826       280.72263                      280.72263
  0.00022232455       140.49194       1.3568639      0.67546356      0.65576153      0.32994637      0.13102826       0.13102826       280.72182                      280.72182
  0.00022239153       140.49164       1.7713119       1.5762231       0.5185142       0.1912381      0.13102826       0.13102826       280.72122                      280.72122
  0.00022261062       140.49065      0.71741359       1.7726717       0.9126668      0.45927458      0.13102826       0.13102826       280.71925                      280.71925
  0.00022319412       140.48803      0.75198131        1.503255        0.296025      0.46096695      0.13102826       0.13102826       280.71401                      280.71401
  0.00022323887       140.48783       1.4065701       1.2237952      0.84315066      0.25218996      0.13102826       0.13102826       280.71361                      280.71361
  0.00022338126        140.4872      0.73522225       1.8409948      0.66148465      0.44458853      0.13102826       0.13102826       280.71234                      280.71234
  0.00022340663       140.48708       1.0257611      0.81622828      0.63469201      0.46064208      0.13102826       0.13102826       280.71211                      280.71211
  0.00022352242       140.48656       0.8342817       1.1100584      0.74865967      0.48569124      0.13102826       0.13102826       280.71107                      280.71107
  0.00022355087       140.48644       1.5495244      0.89877709      0.26470936      0.24362675      0.13102826       0.13102826       280.71082                      280.71082
  0.00022392589       140.48476       1.4271589      0.53640934     0.027034346       0.3398719      0.13102826       0.13102826       280.70746                      280.70746
  0.00022411396       140.48392       1.4317406       1.6672051      0.47330877      0.23439558      0.13102826       0.13102826       280.70579                      280.70579
  0.00022429851        140.4831       1.7657672       1.8398399      0.50644678      0.18929363      0.13102826       0.13102826       280.70414                      280.70414
  0.00022435618       140.48284      0.96269345       0.9793212      0.45418348      0.43914611      0.13102826       0.13102826       280.70363                      280.70363
  0.00022454368       140.48201       1.8678147      0.68521109      0.89753851      0.20383894      0.13102826       0.13102826       280.70195                      280.70195
  0.00022459815       140.48176       1.3787227       1.1960865      0.72074105      0.25824266      0.13102826       0.13102826       280.70147                      280.70147
  0.00022467005       140.48144         1.17361       1.7629144       0.9435129      0.28335868      0.13102826       0.13102826       280.70083                      280.70083
  0.00022485299       140.48063       1.2484739       1.6757134      0.70913079      0.26788801      0.13102826       0.13102826        280.6992                       280.6992
   0.0002248716       140.48055        1.180379      0.63856938      0.69894402      0.44073756      0.13102826       0.13102826       280.69904                      280.69904
  0.00022489862       140.48043       1.0982936       1.5648362      0.68983876      0.30786819      0.13102826       0.13102826        280.6988                       280.6988
  0.00022518326       140.47916       1.2747149      0.76726915     0.069516212      0.33739666      0.13102826       0.13102826       280.69627                      280.69627
  0.00022529136       140.47868      0.77562305        1.740554        0.767828       0.4237598      0.13102826       0.13102826       280.69531                      280.69531
  0.00022555361       140.47752      0.97512459       0.9088802     0.050791777       0.4533272      0.13102826       0.13102826       280.69298                      280.69298
   0.0002255793        140.4774      0.74658922       1.7935854      0.76813203      0.43659576      0.13102826       0.13102826       280.69275                      280.69275
  0.00022561126       140.47726       1.9251109      0.66060333      0.90893463       0.1966998      0.13102826       0.13102826       280.69247                      280.69247
  0.00022589952       140.47599        1.907382      0.53998955      0.45705936      0.20637908      0.13102826       0.13102826       280.68991                      280.68991
  0.00022601858       140.47546       1.3840697       1.6849467      0.19931854      0.24087705      0.13102826       0.13102826       280.68886                      280.68886
  0.00022630838       140.47418        1.180687       1.3846014      0.38985236      0.29278824      0.13102826       0.13102826        280.6863                       280.6863
  0.00022658274       140.47297      0.84136967       1.3964011      0.64896374      0.41852535      0.13102826       0.13102826       280.68387                      280.68387
  0.00022680347       140.47199      0.91612212       1.0171276      0.56363224      0.45327026      0.13102826       0.13102826       280.68193                      280.68193
  0.00022700364       140.47111       1.4571988      0.59145627      0.23607051      0.30570669      0.13102826       0.13102826       280.68016                      280.68016
  0.00022712698       140.47057       1.7679922      0.63179859      0.56166631      0.22119744      0.13102826       0.13102826       280.67908                      280.67908
  0.00022716096       140.47042       1.7632691      0.67681679      0.55083677      0.21856724      0.13102826       0.13102826       280.67878                      280.67878
  0.00022737806       140.46946       1.5150889       0.5446587      0.96095046      0.29533618      0.13102826       0.13102826       280.67687                      280.67687
  0.00022744684       140.46916       1.5600758       1.1028939       0.3208923      0.22728074      0.13102826       0.13102826       280.67626                      280.67626
  0.00022780047       140.46761       1.5133202       1.2322922      0.20737285      0.22945396      0.13102826       0.13102826       280.67315                      280.67315
  0.00022807471        140.4664       1.2608868      0.65191047      0.76275223      0.37561588      0.13102826       0.13102826       280.67075                      280.67075
  0.00022857776        140.4642       0.8235527       1.1249013      0.29408637      0.48079686      0.13102826       0.13102826       280.66634                      280.66634
   0.0002286294       140.46397       1.2856573      0.58808772      0.86497279      0.38895371      0.13102826       0.13102826       280.66589                      280.66589
  0.00022885708       140.46298      0.88285327       1.7219831      0.83488554      0.37040083      0.13102826       0.13102826        280.6639                       280.6639
  0.00022886997       140.46292       1.2601965       1.7748114    0.0071805746      0.26088178      0.13102826       0.13102826       280.66379                      280.66379
  0.00022892759       140.46267       1.5230202        1.167819      0.50010972      0.22962016      0.13102826       0.13102826       280.66328                      280.66328
  0.00022912723        140.4618       1.0174264       1.9123918      0.48902587      0.31931098      0.13102826       0.13102826       280.66154                      280.66154
  0.00022916982       140.46161       1.3727312      0.60092063      0.58562312      0.33530748      0.13102826       0.13102826       280.66117                      280.66117
  0.00022926865       140.46118       1.5529423       1.3201433      0.66248726      0.21948844      0.13102826       0.13102826       280.66031                      280.66031
  0.00022955285       140.45994        1.452457       1.8432918      0.95032921      0.22608392      0.13102826       0.13102826       280.65783                      280.65783
  0.00022974502       140.45911       1.1474573       1.2374046      0.68932891      0.30911959      0.13102826       0.13102826       280.65615                      280.65615
  0.00023018092       140.45721      0.83071267       1.9638335      0.46630979      0.38528567      0.13102826       0.13102826       280.65236                      280.65236
  0.00023020289       140.45711       1.7703365      0.77664071     0.056749827      0.20907249      0.13102826       0.13102826       280.65217                      280.65217
  0.00023036992       140.45639       1.0854477       1.9446611     0.059366521      0.29887862      0.13102826       0.13102826       280.65072                      280.65072
  0.00023040628       140.45623       1.5095896       1.5416847      0.50708238      0.22020897      0.13102826       0.13102826       280.65041                      280.65041
  0.00023057505        140.4555       1.4446977      0.55380957      0.39959291      0.31606842      0.13102826       0.13102826       280.64894                      280.64894
  0.00023073652        140.4548      0.77532937       1.5862593      0.24301848      0.42722616      0.13102826       0.13102826       280.64754                      280.64754
  0.00023074961       140.45474      0.80301528       1.8378848      0.47136584      0.39887485      0.13102826       0.13102826       280.64743                      280.64743
  0.00023099095        140.4537       1.6880288       1.5568086      0.43721011       0.1962155      0.13102826       0.13102826       280.64534                      280.64534
  0.00023123348       140.45265       1.2093834       0.7914013      0.34922603      0.35194615      0.13102826       0.13102826       280.64324                      280.64324
  0.00023165366       140.45083       1.1008714      0.65051982      0.93660383      0.48380726      0.13102826       0.13102826       280.63961                      280.63961
   0.0002321493        140.4487      0.73400973       1.3648057      0.10186463      0.48076577      0.13102826       0.13102826       280.63533                      280.63533
  0.00023245376       140.44738       1.8253838       1.8517419      0.85696136      0.17901466      0.13102826       0.13102826       280.63271                      280.63271
  0.00023259207       140.44679       1.2287018       1.4424691     0.075400467       0.2729962      0.13102826       0.13102826       280.63152                      280.63152
  0.00023268448       140.44639       1.5719153      0.73153407     0.067827995      0.24589362      0.13102826       0.13102826       280.63073                      280.63073
  0.00023278524       140.44596      0.63106627       1.9948466      0.87392148      0.49349035      0.13102826       0.13102826       280.62986                      280.62986
   0.0002329054       140.44544       1.5137714       1.5089336      0.76545323      0.21861778      0.13102826       0.13102826       280.62883                      280.62883
  0.00023309507       140.44463       1.9157808        1.380104       0.1050224      0.17357419      0.13102826       0.13102826        280.6272                       280.6272
  0.00023338565       140.44338      0.64972291       1.9501451      0.48940809      0.47921283      0.13102826       0.13102826       280.62471                      280.62471
  0.00023366208        140.4422       0.7618578       1.6118376      0.99598573      0.42820112      0.13102826       0.13102826       280.62234                      280.62234
  0.00023367926       140.44213      0.71683544        1.475666      0.75081903      0.47128583      0.13102826       0.13102826        280.6222                       280.6222
   0.0002337064       140.44201      0.99822225       1.3896634       0.8360789      0.34173185      0.13102826       0.13102826       280.62196                      280.62196
  0.00023374719       140.44184       1.0465763       1.4348596      0.69309691      0.32183704      0.13102826       0.13102826       280.62161                      280.62161
  0.00023405424       140.44052       1.6587016      0.55055041      0.70864383      0.24551957      0.13102826       0.13102826       280.61899                      280.61899
  0.00023440226       140.43904       1.1912979       1.2788313      0.99910622      0.28931953      0.13102826       0.13102826       280.61602                      280.61602
  0.00023450998       140.43858        1.836926       1.1263694      0.95656818      0.18528457      0.13102826       0.13102826        280.6151                       280.6151
   0.0002346988       140.43777       1.1255035       1.2703399      0.71349311      0.30832607      0.13102826       0.13102826       280.61349                      280.61349
  0.00023499591       140.43651       1.9360882       1.0080609      0.61488156      0.17748504      0.13102826       0.13102826       280.61096                      280.61096
  0.00023519986       140.43564      0.90998528       1.4989358      0.31969357      0.36522361      0.13102826       0.13102826       280.60922                      280.60922
  0.00023555437       140.43413      0.79994134       1.2696832      0.74998907       0.4505595      0.13102826       0.13102826       280.60621                      280.60621
  0.00023556572       140.43409       1.2130979       1.3070728      0.76537861      0.28093016      0.13102826       0.13102826       280.60612                      280.60612
  0.00023567425       140.43363       1.3453597      0.63392009      0.93509842      0.32833631      0.13102826       0.13102826       280.60519                      280.60519
  0.00023573325       140.43337       1.2586519       1.6855213       0.7455588      0.25723758      0.13102826       0.13102826       280.60469                      280.60469
  0.00023622328        140.4313       0.7415132       1.4987058      0.47419188      0.44833202      0.13102826       0.13102826       280.60054                      280.60054
  0.00023636328       140.43071       1.5872305      0.60274956      0.94336872      0.25371349      0.13102826       0.13102826       280.59936                      280.59936
   0.0002365275       140.43001       1.9340361      0.54888324      0.54397587      0.19465111      0.13102826       0.13102826       280.59797                      280.59797
  0.00023656465       140.42985       1.3326088      0.76957234      0.31187908      0.30178267      0.13102826       0.13102826       280.59765                      280.59765
  0.00023721347       140.42712       1.9194934       0.8532499      0.63660663      0.18249183      0.13102826       0.13102826       280.59217                      280.59217
  0.00023752634        140.4258      0.89366884       1.0418364      0.78582785      0.44379741      0.13102826       0.13102826       280.58954                      280.58954
  0.00023775189       140.42485       1.0987297       1.0786908     0.029682675      0.33466651      0.13102826       0.13102826       280.58764                      280.58764
  0.00023775809       140.42482       1.0373367       1.7770739      0.21374396      0.30680458      0.13102826       0.13102826       280.58759                      280.58759
  0.00023811353       140.42333      0.73868615       1.5086173      0.62733093       0.4459367      0.13102826       0.13102826        280.5846                       280.5846
  0.00023816497       140.42311      0.93011433       1.7947527      0.85500889      0.33973502      0.13102826       0.13102826       280.58417                      280.58417
   0.0002385489        140.4215       1.8611372       1.0129917       0.4077461        0.183351      0.13102826       0.13102826       280.58095                      280.58095
  0.00023874238       140.42069       1.2539054       1.8395719       0.2203488      0.25396563      0.13102826       0.13102826       280.57932                      280.57932
  0.00023906127       140.41936       1.5519381       1.1938331      0.22722954       0.2173419      0.13102826       0.13102826       280.57666                      280.57666
  0.00023991823       140.41578       1.5935887       1.2727557      0.45853398      0.20834382      0.13102826       0.13102826        280.5695                       280.5695
  0.00024016654       140.41474        1.672029      0.71566979      0.89060337      0.22173314      0.13102826       0.13102826       280.56743                      280.56743
  0.00024048951        140.4134      0.93855134       0.8632779      0.79878401      0.47320642      0.13102826       0.13102826       280.56474                      280.56474
  0.00024061689       140.41287        1.197108       1.5732685      0.43473237      0.26909859      0.13102826       0.13102826       280.56368                      280.56368
  0.00024103936       140.41112       1.5693459       1.3555216      0.98239643      0.20891963      0.13102826       0.13102826       280.56017                      280.56017
  0.00024132093       140.40995       1.1336326       1.4941499      0.24400191      0.28661593      0.13102826       0.13102826       280.55784                      280.55784
  0.00024132311       140.40994         1.11836       1.1200967      0.35318082      0.31855353      0.13102826       0.13102826       280.55782                      280.55782
  0.00024132407       140.40994       1.1633919       1.0770001      0.23576514      0.30862872      0.13102826       0.13102826       280.55781                      280.55781
  0.00024139164       140.40966      0.74382527       1.6333758      0.39051523      0.42515268      0.13102826       0.13102826       280.55725                      280.55725
  0.00024145096       140.40941       1.6692295      0.83132257      0.36184368      0.21386156      0.13102826       0.13102826       280.55676                      280.55676
  0.00024166842       140.40851       1.7641256      0.71819648     0.061680897      0.20555567      0.13102826       0.13102826       280.55496                      280.55496
   0.0002421307        140.4066       1.9127825       1.5526977      0.96927419      0.16769651      0.13102826       0.13102826       280.55114                      280.55114
  0.00024258568       140.40472       1.0034847        1.536356      0.10216139       0.3208568      0.13102826       0.13102826       280.54739                      280.54739
  0.00024264038        140.4045       0.7620806       1.4219128     0.021669593      0.43686549      0.13102826       0.13102826       280.54693                      280.54693
  0.00024305676       140.40278       1.6539673       1.6757289       0.5980279      0.19227208      0.13102826       0.13102826       280.54351                      280.54351
  0.00024309577       140.40262       1.9896333       0.6115978       0.6915001      0.18035795      0.13102826       0.13102826       280.54318                      280.54318
  0.00024332435       140.40168       1.1627969      0.73641205      0.94237635      0.37438184      0.13102826       0.13102826        280.5413                       280.5413
  0.00024346694       140.40109       1.8099664       1.5454714     0.052127999      0.17664489      0.13102826       0.13102826       280.54013                      280.54013
  0.00024386683       140.39945        1.260422      0.78364247      0.34973265      0.31653873      0.13102826       0.13102826       280.53685                      280.53685
  0.00024390264       140.39931      0.77218827       1.5855522      0.37595994      0.41052728      0.13102826       0.13102826       280.53656                      280.53656
  0.00024405989       140.39866      0.95969264        1.154388      0.89711513      0.37365192      0.13102826       0.13102826       280.53527                      280.53527
  0.00024428755       140.39773      0.76427557        1.662554       0.2530793      0.40789436      0.13102826       0.13102826        280.5334                       280.5334
    0.000244364       140.39742       1.0093703       1.8943299      0.83013348      0.30658981      0.13102826       0.13102826       280.53278                      280.53278
  0.00024446394       140.39701      0.68056105       1.8925636     0.096533554      0.44138117      0.13102826       0.13102826       280.53196                      280.53196
  0.00024496119       140.39498      0.82033593        1.328043      0.76276036      0.41452634      0.13102826       0.13102826        280.5279                       280.5279
  0.00024501706       140.39475      0.83148826       1.6596296     0.079100815      0.37546329      0.13102826       0.13102826       280.52744                      280.52744
    0.000245259       140.39376       1.5655886      0.90575209       0.8659549      0.22404785      0.13102826       0.13102826       280.52547                      280.52547
  0.00024571255       140.39191      0.82456423       1.7247101      0.67034955      0.37412077      0.13102826       0.13102826       280.52177                      280.52177
  0.00024582698       140.39145       1.0125701       1.7873895      0.64146165      0.30586063      0.13102826       0.13102826       280.52084                      280.52084
  0.00024586356        140.3913      0.98554635       1.7284469      0.35724465      0.31533169      0.13102826       0.13102826       280.52054                      280.52054
  0.00024636543       140.38926        1.567535      0.98602598      0.83975085      0.21862204      0.13102826       0.13102826       280.51646                      280.51646
  0.00024639103       140.38916       1.1694531       1.6093183      0.18795325      0.26957744      0.13102826       0.13102826       280.51626                      280.51626
  0.00024640111       140.38912      0.66139947       1.9491822      0.92363462      0.44819872      0.13102826       0.13102826       280.51617                      280.51617
  0.00024656487       140.38845       1.5279236      0.70333398       0.7746589      0.24642782      0.13102826       0.13102826       280.51484                      280.51484
  0.00024656644       140.38844       1.6855129      0.63742829      0.81492728      0.22039086      0.13102826       0.13102826       280.51483                      280.51483
  0.00024657829        140.3884       1.2387968       1.4222778      0.86363804      0.26030302      0.13102826       0.13102826       280.51474                      280.51474
  0.00024686048       140.38725      0.96568319       1.1171603      0.38744986      0.37366384      0.13102826       0.13102826       280.51245                      280.51245
  0.00024689277       140.38712       0.8713344       1.7877606      0.23318276      0.35135227      0.13102826       0.13102826       280.51219                      280.51219
  0.00024698993       140.38673       1.1387141       1.0697753       0.2813502      0.31170204      0.13102826       0.13102826        280.5114                       280.5114
  0.00024747309       140.38477      0.77652554       1.9755479       0.0666587      0.38574435      0.13102826       0.13102826       280.50749                      280.50749
  0.00024753502       140.38452       1.0336395       1.3147028     0.094253614      0.32117868      0.13102826       0.13102826       280.50699                      280.50699
  0.00024764461       140.38408       1.4364531       1.6555106       0.7239867      0.21831343      0.13102826       0.13102826       280.50611                      280.50611
  0.00024768486       140.38392      0.99777563        1.584206     0.080433283      0.31514068      0.13102826       0.13102826       280.50578                      280.50578
  0.00024774264       140.38369      0.78159005       1.7822476      0.96071427      0.38799082      0.13102826       0.13102826       280.50531                      280.50531
  0.00024781171       140.38341       1.2624855      0.70792855      0.32060851      0.32775338      0.13102826       0.13102826       280.50476                      280.50476
  0.00024784219       140.38328      0.73342496       1.4732188      0.96392086      0.43894973      0.13102826       0.13102826       280.50451                      280.50451
  0.00024894737       140.37883       1.1421223       1.3520623      0.65892336      0.28480871      0.13102826       0.13102826       280.49561                      280.49561
  0.00024910303       140.37821       1.0485837       1.9741256      0.54151534      0.29076697      0.13102826       0.13102826       280.49436                      280.49436
  0.00024977917        140.3755      0.97565348      0.87031138      0.64918294      0.42810108      0.13102826       0.13102826       280.48894                      280.48894
  0.00024978324       140.37548        1.797323      0.52945073      0.95026048      0.20698733      0.13102826       0.13102826       280.48891                      280.48891
  0.00025017385       140.37392       1.9149675      0.87131369     0.065893323      0.17520944      0.13102826       0.13102826       280.48578                      280.48578
  0.00025035495        140.3732       1.2102316       1.0661212      0.45249465      0.28667766      0.13102826       0.13102826       280.48434                      280.48434
  0.00025088796       140.37107       1.2802345      0.88995177      0.41136486      0.28529739      0.13102826       0.13102826       280.48008                      280.48008
  0.00025099275       140.37065       1.2728317      0.66705721      0.31466166      0.32974122      0.13102826       0.13102826       280.47925                      280.47925
  0.00025142236       140.36894      0.79244407        1.803237      0.18028318      0.37732632      0.13102826       0.13102826       280.47583                      280.47583
   0.0002526388       140.36412      0.62552282       1.8632439      0.65883942      0.46271314      0.13102826       0.13102826       280.46617                      280.46617
  0.00025286666       140.36321        1.046864      0.76507533      0.46018881      0.41825854      0.13102826       0.13102826       280.46437                      280.46437
  0.00025349632       140.36073      0.81556226        1.770571      0.58866797      0.36602324      0.13102826       0.13102826        280.4594                       280.4594
  0.00025380651        140.3595       1.1758121       1.6623445     0.098836184      0.26067684      0.13102826       0.13102826       280.45695                      280.45695
  0.00025384005       140.35937        1.214806      0.70546776      0.93752025      0.34170068      0.13102826       0.13102826       280.45669                      280.45669
  0.00025445372       140.35696      0.75280327       1.8791448      0.78454479      0.38852276      0.13102826       0.13102826       280.45186                      280.45186
  0.00025472232        140.3559        1.726129       1.0338557       0.8663108      0.18908768      0.13102826       0.13102826       280.44975                      280.44975
  0.00025488329       140.35527        1.514111       1.9499642      0.96272461       0.2009723      0.13102826       0.13102826       280.44848                      280.44848
  0.00025506769       140.35455      0.80614229       1.0919341      0.50819869      0.45947947      0.13102826       0.13102826       280.44704                      280.44704
  0.00025510497        140.3544       1.1322715        1.567239      0.62763089      0.27212642      0.13102826       0.13102826       280.44674                      280.44674
   0.0002551242       140.35433       1.5024746       1.9016325      0.75829568      0.20241441      0.13102826       0.13102826       280.44659                      280.44659
  0.00025523756       140.35388       1.9181946      0.50408256     0.092502417      0.18674326      0.13102826       0.13102826       280.44571                      280.44571
  0.00025536599       140.35338      0.82695158       1.0199975      0.25625411      0.46735554      0.13102826       0.13102826        280.4447                       280.4447
  0.00025555525       140.35264       1.9563639       0.6970408      0.12752878      0.17337891      0.13102826       0.13102826       280.44322                      280.44322
  0.00025569178        140.3521       1.7983432       1.0974115      0.51185878      0.17856617      0.13102826       0.13102826       280.44215                      280.44215
  0.00025596685       140.35103        1.319204       1.8768998      0.70301052      0.22899899      0.13102826       0.13102826          280.44                         280.44
    0.000256094       140.35053      0.68937558       1.7869034      0.35994805      0.42218071      0.13102826       0.13102826       280.43901                      280.43901
  0.00025622775       140.35001      0.73488795       1.3867686      0.23111981      0.43805997      0.13102826       0.13102826       280.43796                      280.43796
  0.00025649098       140.34898      0.90020839       0.8782217      0.35703083      0.46692282      0.13102826       0.13102826       280.43591                      280.43591
  0.00025650334       140.34893      0.80888768       1.8735143      0.29115164      0.36149367      0.13102826       0.13102826       280.43581                      280.43581
   0.0002565535       140.34874       1.1646681       1.2671764      0.76357577      0.27725647      0.13102826       0.13102826       280.43542                      280.43542
  0.00025674407         140.348       1.7115275       1.3061141      0.37845551      0.18307682      0.13102826       0.13102826       280.43394                      280.43394
  0.00025699712       140.34701       1.1132861       1.3065506      0.65020886      0.28803169      0.13102826       0.13102826       280.43197                      280.43197
  0.00025701092       140.34696         1.10846      0.56349218      0.58371565      0.49569903      0.13102826       0.13102826       280.43186                      280.43186
  0.00025747746       140.34514       1.1758164       1.5865586      0.50891112      0.25957123      0.13102826       0.13102826       280.42823                      280.42823
  0.00025751927       140.34498       1.4244469       1.4856956      0.88850687       0.2164999      0.13102826       0.13102826       280.42791                      280.42791
  0.00025768568       140.34434       1.1204515       0.7336561      0.85613812      0.37646189      0.13102826       0.13102826       280.42661                      280.42661
  0.00025769519        140.3443       1.6887096       1.9391834      0.98145673      0.17917028      0.13102826       0.13102826       280.42654                      280.42654
  0.00025773367       140.34415       1.4381472      0.67399965       0.3610475      0.26164612      0.13102826       0.13102826       280.42624                      280.42624
   0.0002579286       140.34339      0.68117665       1.5115644      0.98440812      0.45018869      0.13102826       0.13102826       280.42473                      280.42473
  0.00025803833       140.34297       1.2796173       1.6227891      0.35711211      0.23752295      0.13102826       0.13102826       280.42388                      280.42388
  0.00025808979       140.34277       1.5422474        1.160102      0.53275403      0.20748195      0.13102826       0.13102826       280.42348                      280.42348
  0.00025815512       140.34252      0.92622549      0.92922795      0.41032822      0.42556782      0.13102826       0.13102826       280.42297                      280.42297
  0.00025816566       140.34247       1.0722383       1.0368802      0.74384745      0.32748454      0.13102826       0.13102826       280.42289                      280.42289
  0.00025833374       140.34182       1.3712294       1.0321178      0.15330616      0.24309619      0.13102826       0.13102826       280.42159                      280.42159
   0.0002586744       140.34051       1.7092779       1.3437807      0.22631777      0.18156817      0.13102826       0.13102826       280.41895                      280.41895
  0.00025882186       140.33994       1.3617489       0.6733007      0.64020991      0.28362246      0.13102826       0.13102826       280.41781                      280.41781
  0.00025913127       140.33874       1.8600214       1.2101549     0.071658306      0.16822293      0.13102826       0.13102826       280.41543                      280.41543
  0.00025920137       140.33847       1.3896125       0.9721936      0.72453041      0.24257096      0.13102826       0.13102826       280.41488                      280.41488
   0.0002592047       140.33846      0.84490976       1.4569328      0.38958573      0.36746055      0.13102826       0.13102826       280.41486                      280.41486
  0.00025924141       140.33832      0.76497185       1.0899212      0.90255955      0.48299918      0.13102826       0.13102826       280.41458                      280.41458
  0.00025978534       140.33622       1.0274897      0.79064093       0.3365379      0.40830719      0.13102826       0.13102826       280.41038                      280.41038
  0.00025987726       140.33587       1.1918247       1.3508839      0.46881237      0.26295409      0.13102826       0.13102826       280.40968                      280.40968
  0.00025997135        140.3355       1.8172928      0.88071707      0.71843088      0.18000042      0.13102826       0.13102826       280.40895                      280.40895
     0.00026003       140.33528      0.83534724        1.378574      0.45377237      0.37930708      0.13102826       0.13102826        280.4085                       280.4085
  0.00026003538       140.33526       1.7425739      0.69627838      0.13452344      0.19723832      0.13102826       0.13102826       280.40846                      280.40846
  0.00026034431       140.33407      0.94358653       1.0300253      0.14413742      0.38390423      0.13102826       0.13102826       280.40608                      280.40608
  0.00026054223       140.33331       1.3016543       1.7445287      0.52557352      0.22978882      0.13102826       0.13102826       280.40457                      280.40457
  0.00026063956       140.33294       1.9040091       1.6371307        0.692786      0.15888468      0.13102826       0.13102826       280.40382                      280.40382
  0.00026066119       140.33285       1.0468194      0.67346104      0.31238882      0.45288372      0.13102826       0.13102826       280.40365                      280.40365
  0.00026080655        140.3323       1.0231683       1.8881352      0.15963191      0.28662399      0.13102826       0.13102826       280.40254                      280.40254
  0.00026089199       140.33197      0.78412179       1.2075642      0.41272413      0.43467725      0.13102826       0.13102826       280.40188                      280.40188
  0.00026121956       140.33071       1.3422769       1.4191717      0.35177069      0.22902486      0.13102826       0.13102826       280.39937                      280.39937
  0.00026148253       140.32971       1.1588563      0.74142442      0.83880417       0.3472649      0.13102826       0.13102826       280.39736                      280.39736
  0.00026242679        140.3261       1.5232159      0.59591808      0.76083763      0.24485868      0.13102826       0.13102826       280.39015                      280.39015
  0.00026262956       140.32533       1.5403615      0.68956376      0.11137849      0.23077685      0.13102826       0.13102826       280.38861                      280.38861
  0.00026283167       140.32456      0.88643061       1.8778615      0.88360479      0.32503049      0.13102826       0.13102826       280.38707                      280.38707
   0.0002629378       140.32416       1.5652879      0.65760016      0.17800922      0.22824775      0.13102826       0.13102826       280.38626                      280.38626
  0.00026299025       140.32396      0.99768405      0.77580976      0.72914261      0.42960944      0.13102826       0.13102826       280.38586                      280.38586
  0.00026309024       140.32358       1.1697549       1.7680213       0.7587434      0.25223757      0.13102826       0.13102826        280.3851                       280.3851
  0.00026360348       140.32163      0.80381951       1.1364352      0.91662311      0.43475823      0.13102826       0.13102826        280.3812                       280.3812
  0.00026361955       140.32157       1.1438736       1.3919352      0.45334949      0.26905796      0.13102826       0.13102826       280.38108                      280.38108
  0.00026432223       140.31891       1.7235539       1.1900142      0.25083484      0.17974633      0.13102826       0.13102826       280.37576                      280.37576
  0.00026441335       140.31856       1.7662081       1.3003764      0.87326709      0.17310221      0.13102826       0.13102826       280.37507                      280.37507
  0.00026451798       140.31817       1.0661027      0.75553371       0.1211764      0.38944741      0.13102826       0.13102826       280.37428                      280.37428
  0.00026469292       140.31751      0.93669535       1.9865566      0.98341881      0.30566707      0.13102826       0.13102826       280.37295                      280.37295
  0.00026490239       140.31671       1.0093259        1.063003       0.3002702      0.34050436      0.13102826       0.13102826       280.37137                      280.37137
  0.00026508932       140.31601       1.0848268       1.5415642      0.35531839      0.27573932      0.13102826       0.13102826       280.36996                      280.36996
  0.00026511355       140.31592       1.6683426       1.8933437      0.74794256      0.17716098      0.13102826       0.13102826       280.36978                      280.36978
  0.00026512556       140.31587       1.2397212       1.2405228      0.59659893      0.25329667      0.13102826       0.13102826       280.36969                      280.36969
  0.00026533809       140.31507      0.81779377       1.8346661      0.63406379      0.34769435      0.13102826       0.13102826       280.36809                      280.36809
  0.00026534532       140.31504       1.0271988       1.1984703      0.79741001      0.31538976      0.13102826       0.13102826       280.36803                      280.36803
  0.00026558552       140.31414       1.0432992      0.94493036      0.69841567      0.34632023      0.13102826       0.13102826       280.36622                      280.36622
   0.0002663639       140.31121       0.6776924       1.9329811      0.44849415      0.40553807      0.13102826       0.13102826       280.36037                      280.36037
  0.00026638246       140.31114       1.0047306      0.79555812      0.70470953       0.4098368      0.13102826       0.13102826       280.36023                      280.36023
  0.00026699331       140.30885       1.5646653         1.27915       0.0103999      0.19520184      0.13102826       0.13102826       280.35565                      280.35565
  0.00026727221       140.30781      0.84600165      0.99239723      0.57945999      0.44275075      0.13102826       0.13102826       280.35356                      280.35356
  0.00026736918       140.30745       1.3330213       1.9483266      0.58829453      0.21811221      0.13102826       0.13102826       280.35283                      280.35283
  0.00026761246       140.30654      0.74958854       1.9661359      0.44558356      0.36890887      0.13102826       0.13102826       280.35102                      280.35102
  0.00026779698       140.30585      0.75423445       1.4049008      0.52940851      0.40628241      0.13102826       0.13102826       280.34964                      280.34964
  0.00026842814       140.30349       1.0270482      0.98235021    0.0084927529      0.34242553      0.13102826       0.13102826       280.34493                      280.34493
  0.00026877061       140.30222      0.69995581       1.1805616     0.074431842      0.48725935      0.13102826       0.13102826       280.34238                      280.34238
   0.0002688163       140.30205      0.58403308       1.7409362      0.19912882      0.46895243      0.13102826       0.13102826       280.34204                      280.34204
  0.00026915212        140.3008      0.92295075       1.9110481      0.89146406      0.30564354      0.13102826       0.13102826       280.33954                      280.33954
  0.00026956865       140.29925       1.5444422      0.60178176       0.2350072      0.23213668      0.13102826       0.13102826       280.33645                      280.33645
  0.00026958218        140.2992       1.2024502      0.85630353      0.88407934       0.2943595      0.13102826       0.13102826       280.33635                      280.33635
  0.00026990806       140.29799       1.6102832      0.88869214       0.1398366      0.20013096      0.13102826       0.13102826       280.33393                      280.33393
  0.00027035769       140.29633       1.9751073      0.84725441      0.73793445      0.15891797      0.13102826       0.13102826        280.3306                       280.3306
   0.0002703685       140.29629       1.8809636       1.2503456     0.045202441      0.15982427      0.13102826       0.13102826       280.33052                      280.33052
  0.00027054267       140.29565       1.3412611       1.6180667     0.092613838      0.21783953      0.13102826       0.13102826       280.32924                      280.32924
  0.00027055615        140.2956      0.55764766       1.6241587      0.55972608      0.49915492      0.13102826       0.13102826       280.32914                      280.32914
  0.00027058417       140.29549       1.2324919      0.75288132      0.50051413      0.30008454      0.13102826       0.13102826       280.32893                      280.32893
  0.00027107467       140.29368       1.5340291       1.5867768      0.69998713      0.19091394      0.13102826       0.13102826       280.32531                      280.32531
  0.00027109857       140.29359      0.53758146       1.7999359      0.83756819      0.49315791      0.13102826       0.13102826       280.32513                      280.32513
  0.00027112076       140.29351       1.1503668       1.7421682      0.70763519      0.24987812      0.13102826       0.13102826       280.32497                      280.32497
  0.00027122377       140.29313       0.9185292      0.75406571      0.99294236      0.49032735      0.13102826       0.13102826       280.32421                      280.32421
  0.00027144057       140.29233      0.51995005       1.9500431      0.92335279      0.49586114      0.13102826       0.13102826       280.32261                      280.32261
   0.0002714665       140.29224       1.0564949        1.591523      0.53592886      0.27503038      0.13102826       0.13102826       280.32242                      280.32242
   0.0002717115       140.29133      0.71278837       1.3566551       0.5620144      0.43205677      0.13102826       0.13102826       280.32061                      280.32061
  0.00027178229       140.29107      0.51298059       1.9895098      0.96263153      0.49897075      0.13102826       0.13102826       280.32009                      280.32009
  0.00027182045       140.29093       1.8569512       1.3976031      0.71225259      0.15930668      0.13102826       0.13102826       280.31981                      280.31981
  0.00027183843       140.29087      0.69402169        1.996475      0.69603791      0.38688474      0.13102826       0.13102826       280.31968                      280.31968
  0.00027196847       140.29039       1.1447984      0.97406032      0.33240093      0.29449718      0.13102826       0.13102826       280.31872                      280.31872
  0.00027197405       140.29037       1.1477919       1.5696357      0.93059041      0.25385071      0.13102826       0.13102826       280.31868                      280.31868
  0.00027231278       140.28912      0.92053375      0.77406436      0.23940101      0.47357349      0.13102826       0.13102826       280.31619                      280.31619
  0.00027277194       140.28744       1.2049037      0.63141923      0.81381517      0.34092716      0.13102826       0.13102826       280.31282                      280.31282
  0.00027279199       140.28737       1.5016503       1.8176665      0.47056145      0.19163362      0.13102826       0.13102826       280.31268                      280.31268
  0.00027331405       140.28545      0.58900219       1.6891602      0.99541169      0.46198073      0.13102826       0.13102826       280.30885                      280.30885
  0.00027369882       140.28405       1.0344144       0.6865126      0.87785127      0.42739311      0.13102826       0.13102826       280.30604                      280.30604
  0.00027387147       140.28342      0.97326249      0.70333086       0.1135734      0.46873293      0.13102826       0.13102826       280.30478                      280.30478
  0.00027388367       140.28337      0.95779568       1.9876917       0.5269464      0.28954606      0.13102826       0.13102826       280.30469                      280.30469
  0.00027392355       140.28323      0.91620809       1.6256575      0.40794496      0.31126484      0.13102826       0.13102826        280.3044                       280.3044
  0.00027394515       140.28315      0.84221903      0.96291689       0.5939048      0.44403875      0.13102826       0.13102826       280.30424                      280.30424
     0.00027422       140.28215       1.8883532      0.95318596      0.62446867      0.16245544      0.13102826       0.13102826       280.30223                      280.30223
  0.00027501965       140.27923        1.176503       1.6639163      0.49991715      0.24281926      0.13102826       0.13102826       280.29641                      280.29641
  0.00027508298         140.279      0.91611917       1.4953926       0.2370028      0.31740713      0.13102826       0.13102826       280.29595                      280.29595
  0.00027529428       140.27824       1.1340533      0.95284592       0.8366833      0.29709976      0.13102826       0.13102826       280.29441                      280.29441
  0.00027546622       140.27761       1.2397323       1.7306266      0.62188251      0.22933706      0.13102826       0.13102826       280.29317                      280.29317
  0.00027575477       140.27656       1.0623582      0.69178125      0.15562706      0.39920404      0.13102826       0.13102826       280.29107                      280.29107
   0.0002757629       140.27653        1.524146       1.8890375      0.14273702      0.18665812      0.13102826       0.13102826       280.29101                      280.29101
  0.00027579617       140.27641       1.0985279      0.59799845       0.1946061      0.42652396      0.13102826       0.13102826       280.29077                      280.29077
  0.00027587524       140.27613      0.87932812       1.2797657      0.32926625      0.35073074      0.13102826       0.13102826        280.2902                       280.2902
  0.00027595883       140.27582       1.2970206       1.7993029     0.084938417      0.21839901      0.13102826       0.13102826       280.28959                      280.28959
  0.00027631782       140.27452        1.102886      0.87428224      0.86795728      0.32025779      0.13102826       0.13102826       280.28699                      280.28699
   0.0002765369       140.27373      0.81356349        1.158919      0.54298115      0.40288888      0.13102826       0.13102826       280.28541                      280.28541
  0.00027696799       140.27217      0.57615486       1.7344009      0.95938583       0.4588036      0.13102826       0.13102826       280.28229                      280.28229
  0.00027713583       140.27157      0.52097589       1.7890804      0.01815572      0.49352829      0.13102826       0.13102826       280.28108                      280.28108
  0.00027717298       140.27143      0.71814559       1.2246764      0.90537955      0.44685333      0.13102826       0.13102826       280.28081                      280.28081
   0.0002771817        140.2714      0.63397361       1.6675261      0.67933762      0.42816253      0.13102826       0.13102826       280.28075                      280.28075
  0.00027744139       140.27047       1.1292671       1.9420362      0.60835266      0.24612156      0.13102826       0.13102826       280.27888                      280.27888
  0.00027753629       140.27012       1.8507996       1.2314786      0.90349143      0.15898809      0.13102826       0.13102826       280.27819                      280.27819
  0.00027760042       140.26989       1.0865542      0.78717033       0.4020407      0.34605831      0.13102826       0.13102826       280.27773                      280.27773
  0.00027780877       140.26914       1.3056145       1.0392849      0.31661701      0.23996472      0.13102826       0.13102826       280.27623                      280.27623
  0.00027795112       140.26863       1.6462079      0.87789705      0.94533509       0.1898845      0.13102826       0.13102826        280.2752                       280.2752
   0.0002780536       140.26826       1.4015453      0.69129345      0.13481528      0.24799872      0.13102826       0.13102826       280.27447                      280.27447
  0.00027820897        140.2677       0.6533017       1.7511123      0.02319146      0.40808321      0.13102826       0.13102826       280.27335                      280.27335
  0.00027865354       140.26611      0.59995638       1.7630581      0.94414255       0.4373284      0.13102826       0.13102826       280.27016                      280.27016
  0.00027918481        140.2642       1.3870709       1.3919416     0.068990015      0.20930295      0.13102826       0.13102826       280.26635                      280.26635
  0.00027937258       140.26353       0.6275179        1.901546      0.46394593      0.41086774      0.13102826       0.13102826         280.265                        280.265
  0.00027950625       140.26305       1.2789398       1.1390042     0.096642223      0.23810327      0.13102826       0.13102826       280.26405                      280.26405
  0.00027972121       140.26228      0.71587063       1.5952814      0.77943119      0.38624578      0.13102826       0.13102826       280.26251                      280.26251
  0.00027975326       140.26217      0.54975158       1.6710293      0.35824177      0.47919817      0.13102826       0.13102826       280.26228                      280.26228
  0.00027980404       140.26199       1.3914355      0.91445851      0.49713237      0.22866308      0.13102826       0.13102826       280.26192                      280.26192
  0.00028012355       140.26085       1.0691232      0.70327518      0.73941592      0.38084153      0.13102826       0.13102826       280.25963                      280.25963
  0.00028045587       140.25966       1.5162128       1.3762704      0.82744143      0.19059956      0.13102826       0.13102826       280.25726                      280.25726
  0.00028051364       140.25945        1.234628      0.91502701     0.069144787      0.26494726      0.13102826       0.13102826       280.25685                      280.25685
  0.00028059918       140.25915       1.1399282       1.7288667       0.1710146      0.24402259      0.13102826       0.13102826       280.25624                      280.25624
  0.00028068076       140.25886       1.4031475      0.71847962       0.9460762      0.24183725      0.13102826       0.13102826       280.25566                      280.25566
    0.000280852       140.25825       1.3853216       1.4493902     0.067197922      0.20695847      0.13102826       0.13102826       280.25444                      280.25444
   0.0002810221       140.25764       1.1364889       1.3067747      0.88458966      0.25931647      0.13102826       0.13102826       280.25323                      280.25323
  0.00028167321       140.25533      0.87137136       1.2546446       0.8309362      0.34973124      0.13102826       0.13102826        280.2486                       280.2486
  0.00028171092       140.25519        1.219129      0.57725081      0.81586706      0.33749424      0.13102826       0.13102826       280.24833                      280.24833
  0.00028173837        140.2551        1.069008       1.5079149      0.82909399      0.26530588      0.13102826       0.13102826       280.24814                      280.24814
  0.00028207823       140.25389      0.56746222       1.5936403      0.76606293      0.47201641      0.13102826       0.13102826       280.24573                      280.24573
  0.00028231511       140.25305       0.6516675       1.9535408      0.10967157      0.39089108      0.13102826       0.13102826       280.24405                      280.24405
  0.00028246163       140.25253       1.5000883       1.4042155     0.079271286      0.19078106      0.13102826       0.13102826       280.24301                      280.24301
  0.00028278583       140.25139      0.98418715      0.81046623      0.88221771      0.38826292      0.13102826       0.13102826       280.24072                      280.24072
  0.00028285711       140.25113        1.516173        1.645455      0.31905346      0.18486806      0.13102826       0.13102826       280.24021                      280.24021
  0.00028296365       140.25076      0.62897478       1.3584711       0.2422678      0.46841359      0.13102826       0.13102826       280.23946                      280.23946
  0.00028296786       140.25074       0.8160291       1.8778291      0.78681231      0.32423934      0.13102826       0.13102826       280.23943                      280.23943
  0.00028303895       140.25049        1.177372       1.6878554    0.0016461004      0.23533524      0.13102826       0.13102826       280.23893                      280.23893
  0.00028316855       140.25003      0.73954574       1.5955602     0.075306698      0.36964385      0.13102826       0.13102826       280.23801                      280.23801
  0.00028323961       140.24978      0.49438733       1.7940694      0.57936284       0.4997279      0.13102826       0.13102826       280.23751                      280.23751
  0.00028379169       140.24784      0.62312086       1.3780456      0.72749813      0.46684758      0.13102826       0.13102826       280.23361                      280.23361
  0.00028407575       140.24683      0.65898165       1.7680857     0.053897707      0.39390602      0.13102826       0.13102826       280.23161                      280.23161
  0.00028436451       140.24582       1.2183165      0.57546224      0.26088097      0.33370509      0.13102826       0.13102826       280.22958                      280.22958
  0.00028449865       140.24535       1.1808163       1.6891429      0.63981802      0.23340545      0.13102826       0.13102826       280.22864                      280.22864
  0.00028454484       140.24518       1.2018049       1.7213958     0.087298409      0.22888114      0.13102826       0.13102826       280.22831                      280.22831
  0.00028476508       140.24441       1.7629394       1.1755861      0.58592733      0.16408382      0.13102826       0.13102826       280.22677                      280.22677
  0.00028478588       140.24434       1.4805572      0.84913661      0.21620928      0.21173577      0.13102826       0.13102826       280.22662                      280.22662
  0.00028498334       140.24365       1.2525749      0.57272369      0.43224934       0.3151356      0.13102826       0.13102826       280.22523                      280.22523
  0.00028536987       140.24229       1.1371985      0.50289125       0.8274552      0.44837311      0.13102826       0.13102826       280.22252                      280.22252
  0.00028538157       140.24225       1.3582422       1.3562578      0.58514671      0.21018087      0.13102826       0.13102826       280.22244                      280.22244
  0.00028547077       140.24194      0.65233742       1.8280441      0.61223025       0.3910367      0.13102826       0.13102826       280.22182                      280.22182
  0.00028567177       140.24123       1.0414945       1.6753239      0.51788522      0.26222156      0.13102826       0.13102826       280.22041                      280.22041
  0.00028576294       140.24091      0.73387735       1.8530859      0.76635523      0.35225407      0.13102826       0.13102826       280.21977                      280.21977
  0.00028618005       140.23945      0.73161367       1.6352179      0.59250082      0.36551253      0.13102826       0.13102826       280.21685                      280.21685
  0.00028619489        140.2394      0.83487112       1.2529284      0.10998985      0.36029118      0.13102826       0.13102826       280.21675                      280.21675
  0.00028685424        140.2371        1.657692      0.52547918      0.42713076      0.20060782      0.13102826       0.13102826       280.21215                      280.21215
  0.00028685954       140.23708      0.55830674       1.6999618      0.48794329      0.45436525      0.13102826       0.13102826       280.21211                      280.21211
  0.00028715154       140.23607        1.638279      0.62709975      0.37988707       0.1966525      0.13102826       0.13102826       280.21007                      280.21007
  0.00028744535       140.23504      0.94536499      0.92037728      0.81857977       0.3688074      0.13102826       0.13102826       280.20803                      280.20803
   0.0002874738       140.23494       1.0128783       1.9904328       0.4498983      0.26118541      0.13102826       0.13102826       280.20783                      280.20783
  0.00028748799       140.23489       1.2196564       1.1456119      0.97304833      0.24332007      0.13102826       0.13102826       280.20773                      280.20773
  0.00028751672       140.23479       1.0189154       1.4013602      0.90654355      0.27784666      0.13102826       0.13102826       280.20753                      280.20753
  0.00028762057       140.23443       1.0528949      0.54912149      0.35253303      0.48996124      0.13102826       0.13102826       280.20681                      280.20681
  0.00028763955       140.23437       1.4572812       1.2829083      0.71904458      0.19573744      0.13102826       0.13102826       280.20668                      280.20668
   0.0002877327       140.23404       1.9937025      0.74123171      0.77196482      0.15009931      0.13102826       0.13102826       280.20603                      280.20603
  0.00028788868        140.2335       1.5895232       0.8422998      0.23764098      0.19217756      0.13102826       0.13102826       280.20495                      280.20495
   0.0002880516       140.23294        1.006061      0.89514075      0.34379125      0.34259041      0.13102826       0.13102826       280.20382                      280.20382
   0.0002881045       140.23275      0.99881181       1.1668729      0.29782331      0.30231557      0.13102826       0.13102826       280.20345                      280.20345
  0.00028841492       140.23168       1.5127499       1.4946177      0.55392309      0.18363354      0.13102826       0.13102826       280.20129                      280.20129
  0.00028852039       140.23131       1.1273855       1.9959905         0.11036      0.23601276      0.13102826       0.13102826       280.20056                      280.20056
  0.00028872076       140.23062       1.5619947       1.0855525      0.20913389      0.18640449      0.13102826       0.13102826       280.19918                      280.19918
  0.00028872334       140.23061      0.72165491       1.7513863      0.77479046      0.35806073      0.13102826       0.13102826       280.19916                      280.19916
  0.00028902238       140.22957      0.99343275       1.9640633        0.994471      0.26438384      0.13102826       0.13102826       280.19709                      280.19709
   0.0002893871       140.22831       1.9954837      0.83220588      0.91806325      0.14707589      0.13102826       0.13102826       280.19456                      280.19456
  0.00028944729        140.2281      0.99790876      0.88163479      0.56862845      0.34772743      0.13102826       0.13102826       280.19415                      280.19415
  0.00028946736       140.22803       1.1285081      0.60123356      0.72378437      0.36937349      0.13102826       0.13102826       280.19401                      280.19401
  0.00028952894       140.22782       1.9427899       1.5206035      0.92729611      0.14227695      0.13102826       0.13102826       280.19358                      280.19358
  0.00028979899       140.22689       1.1876303       1.8763387      0.38311834      0.22481134      0.13102826       0.13102826       280.19172                      280.19172
  0.00028999538       140.22621      0.48286208        1.780777      0.77358933      0.49337307      0.13102826       0.13102826       280.19037                      280.19037
  0.00029019993       140.22551       1.4605797       1.5237589      0.71336963      0.18845231      0.13102826       0.13102826       280.18895                      280.18895
  0.00029020633       140.22548       1.2740814       1.6326386      0.54795406      0.21343753      0.13102826       0.13102826       280.18891                      280.18891
     0.00029022       140.22544      0.76422461       1.3975671      0.68653713      0.36827674      0.13102826       0.13102826       280.18882                      280.18882
  0.00029026785       140.22527       1.3719129       1.6251214      0.35361847      0.19871994      0.13102826       0.13102826       280.18849                      280.18849
  0.00029035791       140.22496       1.5244735      0.70112432      0.74200112      0.20857154      0.13102826       0.13102826       280.18787                      280.18787
  0.00029060441       140.22411         1.39294       1.9159167      0.61449965      0.19269654      0.13102826       0.13102826       280.18617                      280.18617
  0.00029069977       140.22378      0.63307922       1.3702208      0.10384967      0.44793817      0.13102826       0.13102826       280.18551                      280.18551
  0.00029074813       140.22362       1.3899075       1.4182732      0.34750974      0.19973275      0.13102826       0.13102826       280.18518                      280.18518
  0.00029076296       140.22357      0.88562507       1.8226957      0.80723804       0.2937346      0.13102826       0.13102826       280.18508                      280.18508
  0.00029086037       140.22323       1.1852856      0.66035064      0.60193443      0.31189429      0.13102826       0.13102826       280.18441                      280.18441
  0.00029116415       140.22219      0.80189643        1.254273      0.17873081      0.36871049      0.13102826       0.13102826       280.18232                      280.18232
  0.00029162686        140.2206       1.2881439       1.7877262      0.63584364        0.207784      0.13102826       0.13102826       280.17914                      280.17914
  0.00029202193       140.21925       1.4943987       1.6987651      0.35909939      0.18082324      0.13102826       0.13102826       280.17644                      280.17644
  0.00029231388       140.21825      0.86209462       1.4874654     0.017720245      0.31594679      0.13102826       0.13102826       280.17444                      280.17444
  0.00029237891       140.21803       1.7078294      0.64127209     0.069222699      0.18141381      0.13102826       0.13102826       280.17399                      280.17399
  0.00029239644       140.21797       1.9610288       1.1769516      0.57474589      0.14273944      0.13102826       0.13102826       280.17387                      280.17387
  0.00029272329       140.21685        1.652044      0.69912827      0.66509288      0.18615706      0.13102826       0.13102826       280.17164                      280.17164
  0.00029298619       140.21595      0.60791762       1.2506167      0.77385588      0.49199376      0.13102826       0.13102826       280.16984                      280.16984
  0.00029325278       140.21504       1.1368608       1.5652597     0.054858703      0.23728398      0.13102826       0.13102826       280.16803                      280.16803
   0.0002934158       140.21449      0.83648322       1.4400618       0.6844439      0.32789032      0.13102826       0.13102826       280.16691                      280.16691
   0.0002937226       140.21344      0.65759562       1.4364612      0.93990134      0.41440406      0.13102826       0.13102826       280.16482                      280.16482
   0.0002937785       140.21325      0.59149655       1.8559982      0.37329761      0.40579331      0.13102826       0.13102826       280.16444                      280.16444
  0.00029471468       140.21007      0.96634284      0.78713992      0.79407373      0.38654013      0.13102826       0.13102826       280.15808                      280.15808
  0.00029476992       140.20988      0.53394976       1.9520933      0.93844721      0.43055159      0.13102826       0.13102826        280.1577                       280.1577
  0.00029502953         140.209      0.93299557       1.1596445      0.97945182      0.31859174      0.13102826       0.13102826       280.15594                      280.15594
  0.00029505114       140.20893       1.3918049        1.872602      0.98565551      0.18983721      0.13102826       0.13102826        280.1558                       280.1558
  0.00029517404       140.20851      0.65354808       1.5352171      0.10334062      0.40005751      0.13102826       0.13102826       280.15496                      280.15496
  0.00029542016       140.20768      0.68523414       1.1636841      0.31624877      0.45237627      0.13102826       0.13102826        280.1533                       280.1533
  0.00029559974       140.20707      0.78456717       1.0233762      0.22507586      0.42404755      0.13102826       0.13102826       280.15208                      280.15208
  0.00029565152       140.20689      0.50812769        1.786206      0.24577574      0.45947598      0.13102826       0.13102826       280.15173                      280.15173
  0.00029624474       140.20489      0.76847215       1.1609778      0.10777443      0.39626133      0.13102826       0.13102826       280.14772                      280.14772
  0.00029754807        140.2005       1.2375961      0.59973713      0.39673776      0.29332421      0.13102826       0.13102826       280.13894                      280.13894
  0.00029796501        140.1991       1.2754216      0.88374595      0.85991167      0.23915456      0.13102826       0.13102826       280.13614                      280.13614
  0.00029807204       140.19874      0.60411392       1.4935258      0.64068317      0.43012704      0.13102826       0.13102826       280.13542                      280.13542
  0.00029852556       140.19722      0.58069681       1.4655983      0.12413203      0.44976759      0.13102826       0.13102826       280.13238                      280.13238
  0.00029856083        140.1971      0.57230251       1.9689968      0.69315045      0.39936119      0.13102826       0.13102826       280.13215                      280.13215
  0.00029891811       140.19591       1.8308729      0.59872843      0.26349907      0.16317825      0.13102826       0.13102826       280.12976                      280.12976
  0.00029915709       140.19511       1.3508181       1.4504419      0.82101986      0.19828872      0.13102826       0.13102826       280.12816                      280.12816
  0.00029945065       140.19413       1.9326189      0.63657433      0.67958886      0.15120416      0.13102826       0.13102826        280.1262                       280.1262
  0.00029946128       140.19409       1.0725843       1.5521075        0.526665      0.24534681      0.13102826       0.13102826       280.12612                      280.12612
  0.00029990165       140.19262        0.743697       1.5861407      0.28144091      0.34343008      0.13102826       0.13102826       280.12319                      280.12319
  0.00029992779       140.19253       1.2660608       1.3010599      0.60950778      0.21561473      0.13102826       0.13102826       280.12301                      280.12301
  0.00030025168       140.19145       0.4593611       1.7543523      0.45894977      0.48797169      0.13102826       0.13102826       280.12085                      280.12085
  0.00030062607       140.19021      0.56234075       1.8535716      0.72541578      0.40788222      0.13102826       0.13102826       280.11836                      280.11836
  0.00030065753        140.1901      0.94027817       1.0597534      0.29278282      0.32210197      0.13102826       0.13102826       280.11815                      280.11815
  0.00030090489       140.18928       1.0838462       1.8217701      0.14821206       0.2346711      0.13102826       0.13102826       280.11651                      280.11651
  0.00030098986         140.189       1.0058247       1.0379919      0.90183251      0.29900493      0.13102826       0.13102826       280.11594                      280.11594
  0.00030101243       140.18892       1.4798314      0.98027736      0.53459282      0.19231064      0.13102826       0.13102826       280.11579                      280.11579
  0.00030108287       140.18869      0.68939704       1.3443494       0.5979824      0.39771744      0.13102826       0.13102826       280.11532                      280.11532
  0.00030109201       140.18866      0.90973049        1.263503       0.8840334       0.3072285      0.13102826       0.13102826       280.11526                      280.11526
  0.00030110512       140.18862       1.0702216       1.6115715     0.036652978      0.24225963      0.13102826       0.13102826       280.11518                      280.11518
  0.00030140198       140.18763      0.78324764       1.1565211      0.18805827      0.37974344      0.13102826       0.13102826       280.11321                      280.11321
  0.00030240667        140.1843      0.87303988       0.7101531      0.65245601      0.49346071      0.13102826       0.13102826       280.10655                      280.10655
  0.00030250568       140.18398       1.1392763      0.69851533      0.88816091      0.30431688      0.13102826       0.13102826       280.10589                      280.10589
  0.00030265281       140.18349      0.89005864       1.8538891      0.72777848      0.27704469      0.13102826       0.13102826       280.10492                      280.10492
  0.00030277798       140.18308       1.0675944      0.81853554      0.88385277      0.30854043      0.13102826       0.13102826        280.1041                       280.1041
  0.00030290257       140.18266       1.2392446      0.60418181       0.2272711      0.28290881      0.13102826       0.13102826       280.10327                      280.10327
  0.00030316121       140.18181      0.81432446       1.7540819      0.59885019      0.30235818      0.13102826       0.13102826       280.10157                      280.10157
  0.00030345133       140.18085       1.1638523      0.93867708      0.92530036      0.25681822      0.13102826       0.13102826       280.09965                      280.09965
  0.00030346216       140.18082      0.54132545       1.8312899      0.36488951      0.41540843      0.13102826       0.13102826       280.09958                      280.09958
  0.00030356429       140.18048       1.6469556       1.1893968      0.39921389      0.16387604      0.13102826       0.13102826       280.09891                      280.09891
  0.00030372744       140.17995       1.4446787       1.5857557     0.016920993      0.17987167      0.13102826       0.13102826       280.09783                      280.09783
  0.00030389646       140.17939        1.607854       1.4896454      0.86018644      0.16295553      0.13102826       0.13102826       280.09672                      280.09672
  0.00030394719       140.17922       1.5632412      0.71147267      0.11535691      0.18958342      0.13102826       0.13102826       280.09639                      280.09639
  0.00030401991       140.17898      0.85486525      0.78143103      0.72861165      0.45687307      0.13102826       0.13102826       280.09591                      280.09591
  0.00030421596       140.17834       1.2996318       1.2363749       0.7373791      0.20841277      0.13102826       0.13102826       280.09462                      280.09462
  0.00030426563       140.17817       1.5957054        1.854497      0.20640871      0.16075559      0.13102826       0.13102826       280.09429                      280.09429
  0.00030435672       140.17788       1.6205392      0.77903904      0.48627605      0.17792787      0.13102826       0.13102826       280.09369                      280.09369
  0.00030440037       140.17773        1.103654      0.85689098      0.44669486      0.28498216      0.13102826       0.13102826       280.09341                      280.09341
  0.00030446236       140.17753        1.083815      0.52610276      0.64896336      0.42394583      0.13102826       0.13102826         280.093                        280.093
  0.00030457964       140.17714      0.83847999       1.8382968      0.84667606      0.28967836      0.13102826       0.13102826       280.09223                      280.09223
  0.00030478675       140.17646       1.9470078       1.1702363       0.7236383      0.13716364      0.13102826       0.13102826       280.09087                      280.09087
  0.00030505359       140.17559      0.89160061       1.2358263      0.73543402      0.31156922      0.13102826       0.13102826       280.08912                      280.08912
  0.00030517538       140.17519       1.5527811       1.6721301      0.28927533      0.16573637      0.13102826       0.13102826       280.08832                      280.08832
  0.00030538256       140.17451       1.7387654       1.5031234      0.93032215      0.14971746      0.13102826       0.13102826       280.08696                      280.08696
   0.0003054912       140.17415      0.91089052      0.66243334   2.6599828e-05      0.48490805      0.13102826       0.13102826       280.08625                      280.08625
  0.00030554063       140.17399      0.74061385      0.94330055      0.10251263      0.46846713      0.13102826       0.13102826       280.08593                      280.08593
  0.00030554881       140.17397       1.6042535      0.97857809      0.08133366       0.1722739      0.13102826       0.13102826       280.08588                      280.08588
  0.00030571366       140.17343      0.68462943       1.3464627      0.47257855       0.3915925      0.13102826       0.13102826        280.0848                       280.0848
   0.0003058374       140.17302          1.2037       1.8295945      0.66715244      0.20851709      0.13102826       0.13102826       280.08399                      280.08399
  0.00030590425        140.1728        1.846774       1.2137708      0.52726735      0.14369192      0.13102826       0.13102826       280.08355                      280.08355
  0.00030591149       140.17278      0.81075099       1.5024374      0.39898682      0.31498391      0.13102826       0.13102826        280.0835                       280.0835
  0.00030593282       140.17271       1.6680427      0.71802569      0.28435939      0.17293567      0.13102826       0.13102826       280.08336                      280.08336
  0.00030612922       140.17207      0.75637351       1.1554958      0.33112685      0.38695213      0.13102826       0.13102826       280.08208                      280.08208
  0.00030613505       140.17205      0.68152611       1.0275315      0.77731656      0.48055141      0.13102826       0.13102826       280.08204                      280.08204
  0.00030627186        140.1716       1.1644407       1.4533877      0.48639448      0.22321332      0.13102826       0.13102826       280.08115                      280.08115
  0.00030643454       140.17107      0.46278928       1.8795721      0.19172072       0.4524402      0.13102826       0.13102826       280.08009                      280.08009
  0.00030656121       140.17066       1.0729841      0.51297927      0.74791113      0.44482735      0.13102826       0.13102826       280.07926                      280.07926
  0.00030658722       140.17057       1.0929184       1.9107183      0.62092164      0.22589444      0.13102826       0.13102826       280.07909                      280.07909
  0.00030669117       140.17023      0.95876314       1.8073408      0.22453956      0.25594584      0.13102826       0.13102826       280.07841                      280.07841
  0.00030674137       140.17007      0.64465764       1.4144905      0.22180196      0.40119343      0.13102826       0.13102826       280.07809                      280.07809
  0.00030693767       140.16943       1.2820598       1.1332341       0.7067226      0.21330284      0.13102826       0.13102826       280.07681                      280.07681
  0.00030707811       140.16897       1.7577129       1.2077095      0.75522649      0.15060735      0.13102826       0.13102826       280.07589                      280.07589
  0.00030712918       140.16881       1.0888983       1.4074124      0.16226601      0.23960509      0.13102826       0.13102826       280.07556                      280.07556
  0.00030722113       140.16851       1.3048572      0.58464886      0.44845996      0.25591281      0.13102826       0.13102826       280.07496                      280.07496
  0.00030735435       140.16807      0.85426035       1.9148373      0.59431038      0.27917212      0.13102826       0.13102826       280.07409                      280.07409
  0.00030735534       140.16807      0.86643419       1.8441324    0.0016022563      0.27779631      0.13102826       0.13102826       280.07409                      280.07409
  0.00030746333       140.16772      0.58527725       1.4585837      0.24941487      0.42882076      0.13102826       0.13102826       280.07338                      280.07338
  0.00030753013        140.1675       1.1777955       1.4876087      0.47578454      0.21845463      0.13102826       0.13102826       280.07295                      280.07295
  0.00030772065       140.16688        1.827222       1.7803555      0.17149036      0.13942395      0.13102826       0.13102826       280.07171                      280.07171
  0.00030783557       140.16651       1.0411315       1.1889739      0.24234221      0.26356789      0.13102826       0.13102826       280.07096                      280.07096
  0.00030786884        140.1664       1.1175783       1.9286857      0.10839755      0.21990469      0.13102826       0.13102826       280.07075                      280.07075
  0.00030806038       140.16578       1.4931616      0.93575474      0.35082141      0.18637787      0.13102826       0.13102826        280.0695                       280.0695
  0.00030821505       140.16528      0.53200738       1.4509772      0.83819977      0.46610212      0.13102826       0.13102826        280.0685                       280.0685
   0.0003083016         140.165      0.72275165       1.2255827       0.1951744      0.38760851      0.13102826       0.13102826       280.06794                      280.06794
  0.00030830792       140.16498       1.1181481       1.8656247       0.3129073      0.22019175      0.13102826       0.13102826        280.0679                       280.0679
  0.00030864881       140.16387       1.9597807       1.2599194      0.71765288      0.13314703      0.13102826       0.13102826       280.06569                      280.06569
  0.00030865475       140.16385      0.53599303         1.49002      0.24735399      0.45392645      0.13102826       0.13102826       280.06565                      280.06565
  0.00030885421       140.16321       1.4288509        1.950593      0.85006123      0.17450446      0.13102826       0.13102826       280.06436                      280.06436
  0.00030897256       140.16282       0.7472599       1.5021715      0.13508292      0.33524842      0.13102826       0.13102826       280.06359                      280.06359
  0.00030934089       140.16163       1.4439995      0.87143092      0.75356733      0.19564056      0.13102826       0.13102826       280.06121                      280.06121
  0.00030939686       140.16145       1.0007802       1.2270637      0.98417568      0.27019123      0.13102826       0.13102826       280.06085                      280.06085
    0.000309406       140.16142       1.0732274      0.86070455      0.91036708      0.28849557      0.13102826       0.13102826       280.06079                      280.06079
  0.00030948605       140.16116       1.0005932       1.7845431      0.99739259      0.24376955      0.13102826       0.13102826       280.06027                      280.06027
  0.00030967993       140.16054        1.933969      0.89592117      0.55503904      0.13920322      0.13102826       0.13102826       280.05902                      280.05902
  0.00031003398       140.15939      0.76384942       1.7697665     0.038520063      0.30847069      0.13102826       0.13102826       280.05673                      280.05673
  0.00031006235        140.1593      0.84645513       1.2498888      0.70271649      0.32038019      0.13102826       0.13102826       280.05655                      280.05655
  0.00031006884       140.15928       1.6132342      0.94845192      0.62194086      0.16872951      0.13102826       0.13102826       280.05651                      280.05651
  0.00031021067       140.15882       1.8615269       1.5425039      0.89142002       0.1368483      0.13102826       0.13102826       280.05559                      280.05559
  0.00031029309       140.15856      0.65015195       1.2563956      0.76839877      0.42221376      0.13102826       0.13102826       280.05506                      280.05506
  0.00031030195       140.15853       1.0119188       1.3664459      0.85621738      0.25653407      0.13102826       0.13102826         280.055                        280.055
   0.0003105359       140.15778      0.84281132       1.2489677     0.079951387      0.32126513      0.13102826       0.13102826        280.0535                       280.0535
  0.00031065349        140.1574       1.8373193      0.78675437     0.069984339       0.1490419      0.13102826       0.13102826       280.05274                      280.05274
  0.00031068347        140.1573       0.4721149       1.8493501      0.64867595      0.43754549      0.13102826       0.13102826       280.05255                      280.05255
  0.00031079277       140.15695       1.5917402       1.6988679      0.73716958      0.15779833      0.13102826       0.13102826       280.05184                      280.05184
  0.00031121595       140.15559      0.51670681        1.399935      0.18611878      0.48268391      0.13102826       0.13102826       280.04912                      280.04912
   0.0003114782       140.15475      0.80713384       1.1340926      0.87910574       0.3539245      0.13102826       0.13102826       280.04744                      280.04744
  0.00031156222       140.15448       1.7596198      0.52191195      0.63577195      0.16502085      0.13102826       0.13102826        280.0469                       280.0469
  0.00031165378       140.15418       1.0242652       1.5116864      0.16069673      0.24488188      0.13102826       0.13102826       280.04631                      280.04631
  0.00031178377       140.15377       1.1711209      0.61148992     0.020521747      0.29605647      0.13102826       0.13102826       280.04548                      280.04548
   0.0003118424       140.15358       0.5964231       1.9319171      0.25375521      0.36166893      0.13102826       0.13102826        280.0451                       280.0451
  0.00031204562       140.15293       1.6476071       1.2951512      0.79549524      0.15628539      0.13102826       0.13102826        280.0438                       280.0438
  0.00031210422       140.15274      0.10052097      0.72027523      0.31436904      0.12150075      0.13102826       0.13102826       280.04342                      280.04342
  0.00031211207       140.15271       1.9567244       1.4853708      0.13864682      0.12957929      0.13102826       0.13102826       280.04337                      280.04337
  0.00031216269       140.15255        1.085881      0.78333958    0.0083073756      0.29319516      0.13102826       0.13102826       280.04305                      280.04305
    0.000312404       140.15178      0.12062989       1.9663861      0.17582272      0.10710047      0.13102826       0.13102826        280.0415                       280.0415
  0.00031277921       140.15058       1.8209826      0.69393312      0.91848167      0.15148774      0.13102826       0.13102826        280.0391                       280.0391
  0.00031336753        140.1487       1.3069049      0.99028982      0.35388217      0.20967053      0.13102826       0.13102826       280.03534                      280.03534
  0.00031341068       140.14856      0.80845849       1.6315522      0.66685101      0.29609426      0.13102826       0.13102826       280.03507                      280.03507
  0.00031351793       140.14822       1.6526121       1.9954604    0.0048109064      0.14887573      0.13102826       0.13102826       280.03438                      280.03438
  0.00031377572        140.1474       1.3336954       1.1983409      0.29695516       0.1957824      0.13102826       0.13102826       280.03274                      280.03274
  0.00031383107       140.14722       1.5362549       1.1710813      0.74170624       0.1691726      0.13102826       0.13102826       280.03239                      280.03239
  0.00031385221       140.14715       1.0627956      0.71439866      0.81982352      0.31726812      0.13102826       0.13102826       280.03225                      280.03225
  0.00031398272       140.14674       1.3796596      0.91134675      0.26759678       0.2001427      0.13102826       0.13102826       280.03142                      280.03142
  0.00031401009       140.14665       1.7400464       1.2089129      0.58505136      0.14771793      0.13102826       0.13102826       280.03124                      280.03124
   0.0003140668       140.14647       1.5175611      0.58398904      0.11818465      0.19553678      0.13102826       0.13102826       280.03088                      280.03088
   0.0003141916       140.14607      0.34451935       1.9973774      0.45507307      0.49765397      0.13102826       0.13102826       280.03009                      280.03009
  0.00031444095       140.14528      0.40506511       1.8635993      0.22481358      0.46952134      0.13102826       0.13102826        280.0285                       280.0285
  0.00031455419       140.14492      0.91525592       1.8650673      0.90576316      0.25531349      0.13102826       0.13102826       280.02778                      280.02778
  0.00031479472       140.14416      0.10259954       1.4681912     0.051793342      0.15142858      0.13102826       0.13102826       280.02625                      280.02625
  0.00031490825       140.14379        1.991069       1.0479085      0.93433622       0.1297402      0.13102826       0.13102826       280.02553                      280.02553
  0.00031502014       140.14344       0.7565087         1.96648      0.59557361      0.29500648      0.13102826       0.13102826       280.02482                      280.02482
   0.0003150881       140.14322      0.86279655       1.0237664      0.67436573      0.34134285      0.13102826       0.13102826       280.02439                      280.02439
  0.00031530489       140.14254      0.11778945       1.1858996      0.97628963      0.13398858      0.13102826       0.13102826       280.02301                      280.02301
  0.00031554381       140.14178      0.66801168      0.97017565      0.88970801      0.49685831      0.13102826       0.13102826        280.0215                       280.0215
  0.00031575583       140.14111      0.87804561       1.5120627     0.034791839      0.27821855      0.13102826       0.13102826       280.02016                      280.02016
  0.00031582958       140.14087      0.71738434       1.9548315      0.29509604      0.30657615      0.13102826       0.13102826       280.01969                      280.01969
  0.00031606058       140.14014       1.3726023        1.997559      0.21596109      0.17502705      0.13102826       0.13102826       280.01823                      280.01823
  0.00031613923       140.13989      0.11565183      0.50429361      0.27659462      0.14487159      0.13102826       0.13102826       280.01773                      280.01773
  0.00031618901       140.13974      0.12562388        1.164276      0.78243081      0.13328815      0.13102826       0.13102826       280.01741                      280.01741
  0.00031628574       140.13943       1.4389396        1.676757     0.073595902       0.1699054      0.13102826       0.13102826        280.0168                       280.0168
  0.00031634588       140.13924       1.0140238       1.5438534      0.63395148      0.24059155      0.13102826       0.13102826       280.01642                      280.01642
  0.00031648951       140.13879      0.11159258       1.8772763      0.42971446      0.16468782      0.13102826       0.13102826       280.01551                      280.01551
  0.00031650704       140.13873      0.15574202       1.2132864      0.82116889      0.10918658      0.13102826       0.13102826        280.0154                       280.0154
   0.0003166473       140.13829      0.44207105       1.9003201      0.16606524      0.43272403      0.13102826       0.13102826       280.01452                      280.01452
  0.00031665342       140.13827      0.61126655       1.2429187      0.93167578      0.43878461      0.13102826       0.13102826       280.01448                      280.01448
  0.00031719913       140.13655      0.75856328       1.4407412      0.38019498      0.32329805      0.13102826       0.13102826       280.01104                      280.01104
  0.00031733534       140.13612      0.91787849       1.7664419      0.46080519      0.25396578      0.13102826       0.13102826       280.01018                      280.01018
   0.0003173974       140.13592       1.3527143       1.0143116     0.021443692      0.19654656      0.13102826       0.13102826       280.00979                      280.00979
  0.00031752121       140.13553      0.12698502       1.9656291      0.99124542      0.15454069      0.13102826       0.13102826       280.00901                      280.00901
  0.00031831772       140.13303      0.90821828       1.6412277     0.054047281      0.25977754      0.13102826       0.13102826         280.004                        280.004
  0.00031838427       140.13282      0.18774399       1.9331015      0.52589852      0.10447018      0.13102826       0.13102826       280.00358                      280.00358
  0.00031842797       140.13268       1.7482395      0.64192664      0.33483646      0.15641087      0.13102826       0.13102826        280.0033                       280.0033
  0.00031850401       140.13244      0.15283561       1.8112981      0.70358919       0.1308932      0.13102826       0.13102826       280.00282                      280.00282
  0.00031851169       140.13242      0.77024445       1.4561645      0.54689989      0.31499806      0.13102826       0.13102826       280.00278                      280.00278
  0.00031852656       140.13237      0.79727354       1.3104674      0.58010849      0.31977047      0.13102826       0.13102826       280.00268                      280.00268
  0.00031853525       140.13234      0.12667398      0.84307226      0.48102663      0.15275324      0.13102826       0.13102826       280.00263                      280.00263
  0.00031863322       140.13204       1.3441886       1.1151248      0.33261963      0.19268494      0.13102826       0.13102826       280.00201                      280.00201
  0.00031865752       140.13196       1.3275986      0.72513597      0.84979419      0.21789305      0.13102826       0.13102826       280.00186                      280.00186
  0.00031873674       140.13171      0.16534384      0.60702435      0.33320205      0.11768062      0.13102826       0.13102826       280.00136                      280.00136
  0.00031878363       140.13156      0.37295125       1.7470764      0.79072631       0.4974542      0.13102826       0.13102826       280.00107                      280.00107
  0.00031904556       140.13074        1.228345       1.1351274      0.17704265      0.21136552      0.13102826       0.13102826       279.99943                      279.99943
   0.0003191951       140.13027      0.16332534      0.80074478     0.072982062      0.12217097      0.13102826       0.13102826       279.99849                      279.99849
   0.0003191989       140.13026      0.14944257       1.9373438      0.27750234       0.1425641      0.13102826       0.13102826       279.99847                      279.99847
  0.00031929668       140.12996      0.11663998       1.2859975      0.81543112      0.17719934      0.13102826       0.13102826       279.99785                      279.99785
  0.00031936452       140.12974      0.31603785        1.999161      0.18185471       0.4923333      0.13102826       0.13102826       279.99743                      279.99743
  0.00031942929       140.12954      0.69737005       1.8312107       0.1150372      0.31286141      0.13102826       0.13102826       279.99702                      279.99702
  0.00031946095       140.12944      0.14336798       1.5581801      0.41002309       0.1459937      0.13102826       0.13102826       279.99682                      279.99682
  0.00031947125       140.12941      0.16581021      0.78170507      0.18400807      0.12220539      0.13102826       0.13102826       279.99676                      279.99676
  0.00031960716       140.12898      0.19868025      0.77864348      0.49122959      0.10238782      0.13102826       0.13102826       279.99591                      279.99591
  0.00031961933       140.12895       1.7790804       1.2817004      0.75067262       0.1398097      0.13102826       0.13102826       279.99583                      279.99583
  0.00031968796       140.12873      0.80857351       1.7810275       0.3701736      0.27922159      0.13102826       0.13102826        279.9954                       279.9954
  0.00031982196       140.12831        1.699774        1.758246      0.98119548      0.14181257      0.13102826       0.13102826       279.99457                      279.99457
  0.00031989324       140.12809      0.82787605       1.0952082      0.38959483      0.33598962      0.13102826       0.13102826       279.99412                      279.99412
  0.00031997402       140.12784      0.54443288       1.9494677      0.23034338      0.36518181      0.13102826       0.13102826       279.99362                      279.99362
  0.00031998624        140.1278       1.2409781       1.4433688      0.85974601      0.19720753      0.13102826       0.13102826       279.99354                      279.99354
   0.0003202868       140.12686      0.11652977      0.89326491      0.12312244      0.18458675      0.13102826       0.13102826       279.99166                      279.99166
  0.00032031235       140.12678      0.11086173       1.2579704      0.86651253      0.19871689      0.13102826       0.13102826        279.9915                       279.9915
  0.00032034796       140.12667       1.4527506       1.1723195      0.56439778      0.17409344      0.13102826       0.13102826       279.99128                      279.99128
  0.00032037049        140.1266       0.1678681       1.0562323      0.80869606      0.12710952      0.13102826       0.13102826       279.99114                      279.99114
  0.00032038144       140.12656      0.15424919       1.2677285      0.49438201      0.13981608      0.13102826       0.13102826       279.99107                      279.99107
   0.0003204856       140.12624      0.11927259       0.9396512      0.20675453      0.18225593      0.13102826       0.13102826       279.99042                      279.99042
  0.00032049165       140.12622      0.60423797       1.6393245      0.58113317      0.36445042      0.13102826       0.13102826       279.99038                      279.99038
  0.00032053866       140.12607      0.15238685       1.7684678       0.9867621      0.14867349      0.13102826       0.13102826       279.99009                      279.99009
  0.00032067704       140.12564      0.56440814       1.2901655      0.72856497       0.4507089      0.13102826       0.13102826       279.98923                      279.98923
  0.00032068827       140.12561      0.47671044       1.7741917      0.68669576       0.4155286      0.13102826       0.13102826       279.98916                      279.98916
  0.00032074825       140.12542      0.93476058      0.89920783       0.6305017      0.32232613      0.13102826       0.13102826       279.98878                      279.98878
  0.00032075442        140.1254       1.5605557      0.52242699      0.86328327      0.18528071      0.13102826       0.13102826       279.98874                      279.98874
   0.0003209863       140.12468      0.15038972       1.4836733      0.82410443      0.15061445      0.13102826       0.13102826        279.9873                       279.9873
  0.00032104801       140.12449      0.20446345        1.817272      0.32476182      0.11083158      0.13102826       0.13102826       279.98691                      279.98691
   0.0003210913       140.12435       1.5535279      0.91121904       0.9116311      0.16833387      0.13102826       0.13102826       279.98664                      279.98664
   0.0003213729       140.12347        0.104382      0.84439667      0.24942221      0.22034854      0.13102826       0.13102826       279.98489                      279.98489
  0.00032140203       140.12338      0.91839746        1.839104      0.45992827      0.24636789      0.13102826       0.13102826       279.98471                      279.98471
  0.00032142026       140.12333       1.9147769      0.95913583      0.25124832      0.13240855      0.13102826       0.13102826        279.9846                       279.9846
  0.00032146355       140.12319       1.0740696        1.296444      0.29572011      0.23242486      0.13102826       0.13102826       279.98433                      279.98433
  0.00032148752       140.12312      0.56260547       1.7437947       0.1665752      0.37122145      0.13102826       0.13102826       279.98418                      279.98418
  0.00032162051        140.1227      0.55771511       1.9168386      0.48851238      0.35773335      0.13102826       0.13102826       279.98335                      279.98335
   0.0003216297       140.12267       1.5965081      0.91420684      0.47988314      0.16266168      0.13102826       0.13102826       279.98329                      279.98329
  0.00032177691       140.12222       1.0354221      0.74087184      0.28422956      0.30890938      0.13102826       0.13102826       279.98238                      279.98238
  0.00032186714       140.12194      0.10823263       0.5815574      0.96531553      0.21877267      0.13102826       0.13102826       279.98182                      279.98182
     0.00032199       140.12156       1.2650582       1.4312519      0.14140283      0.19191153      0.13102826       0.13102826       279.98105                      279.98105
  0.00032201305       140.12148       1.5138366       1.9150176      0.13833068      0.15566978      0.13102826       0.13102826       279.98091                      279.98091
   0.0003220575       140.12135        1.415059      0.86169413     0.073996982      0.18889371      0.13102826       0.13102826       279.98063                      279.98063
  0.00032217468       140.12098      0.14602299       1.8835416      0.28313735      0.17644162      0.13102826       0.13102826       279.97991                      279.97991
  0.00032229066       140.12062       1.1713962       1.8878382      0.85318342      0.19708767      0.13102826       0.13102826       279.97919                      279.97919
  0.00032253967       140.11985       1.9062647       1.9859296     0.068446427      0.12457744      0.13102826       0.13102826       279.97764                      279.97764
  0.00032257006       140.11976      0.20686252       0.6954676     0.084607007      0.11474115      0.13102826       0.13102826       279.97745                      279.97745
  0.00032263912       140.11954      0.24071143       1.8295123      0.33119236      0.10132399      0.13102826       0.13102826       279.97703                      279.97703
  0.00032273894       140.11923       1.3887974      0.61855458      0.17722124       0.2087647      0.13102826       0.13102826       279.97641                      279.97641
  0.00032276677       140.11915      0.18390269      0.83787037      0.87765259      0.13063171      0.13102826       0.13102826       279.97624                      279.97624
  0.00032293899       140.11861      0.90233442       1.2559228       0.6222709      0.27996286      0.13102826       0.13102826       279.97517                      279.97517
  0.00032309036       140.11814      0.11559739       1.6246497      0.17954926      0.23905585      0.13102826       0.13102826       279.97423                      279.97423
  0.00032311571       140.11807      0.19316796      0.64400424      0.68767354      0.12644192      0.13102826       0.13102826       279.97407                      279.97407
  0.00032312316       140.11804      0.22096937      0.88872149      0.51322991       0.1101717      0.13102826       0.13102826       279.97403                      279.97403
   0.0003231323       140.11801      0.79708942       1.0519206      0.36116117      0.35487394      0.13102826       0.13102826       279.97397                      279.97397
   0.0003231537       140.11795      0.53624025       1.6354716      0.15588214      0.39398025      0.13102826       0.13102826       279.97384                      279.97384
  0.00032316242       140.11792      0.18198336       1.2599839      0.26851415      0.13592943      0.13102826       0.13102826       279.97378                      279.97378
  0.00032318818       140.11784      0.11206511       1.9552765      0.90184054      0.37697535      0.13102826       0.13102826       279.97363                      279.97363
  0.00032330239       140.11749      0.17671832       1.7874522     0.063793495      0.14732731      0.13102826       0.13102826       279.97292                      279.97292
  0.00032342501       140.11711      0.74253753       1.2264117      0.22033678      0.34809863      0.13102826       0.13102826       279.97216                      279.97216
  0.00032363441       140.11646      0.91893022       1.6071048      0.95286841      0.25147288      0.13102826       0.13102826       279.97087                      279.97087
  0.00032372686       140.11618      0.23726717       1.5793505      0.83197143      0.10728416      0.13102826       0.13102826       279.97029                      279.97029
  0.00032373609       140.11615       1.8045589       1.7351378      0.13694518      0.13148681      0.13102826       0.13102826       279.97024                      279.97024
   0.0003239351       140.11553      0.86142507       1.3521227       0.9097382      0.28330652      0.13102826       0.13102826       279.96901                      279.96901
  0.00032396769       140.11543       1.8736018       1.5869466      0.04382702      0.12746272      0.13102826       0.13102826       279.96881                      279.96881
  0.00032418243       140.11477      0.24723451       1.0789063      0.93350453      0.10347033      0.13102826       0.13102826       279.96748                      279.96748
   0.0003243103       140.11438       1.2009689      0.53004432      0.36259043      0.28024235      0.13102826       0.13102826       279.96669                      279.96669
  0.00032446672       140.11389      0.10337799      0.64380666     0.071796511       0.2619138      0.13102826       0.13102826       279.96573                      279.96573
  0.00032447753       140.11386      0.12891654       1.4254044       0.7558488      0.21575645      0.13102826       0.13102826       279.96566                      279.96566
  0.00032449502       140.11381       1.0080221      0.69948707      0.57774305      0.33094459      0.13102826       0.13102826       279.96555                      279.96555
  0.00032453732       140.11368      0.19323915       1.6608702      0.96343091      0.14011086      0.13102826       0.13102826       279.96529                      279.96529
  0.00032459194       140.11351      0.14917819       1.9899775      0.59050443      0.48451021      0.13102826       0.13102826       279.96496                      279.96496
  0.00032471188       140.11314      0.13751935       1.4845854      0.52856326      0.20432489      0.13102826       0.13102826       279.96422                      279.96422
   0.0003248111       140.11283      0.80312653       1.2343041      0.24278486      0.31637942      0.13102826       0.13102826       279.96361                      279.96361
  0.00032494993        140.1124       1.2454336       1.6138262      0.51342088      0.18793299      0.13102826       0.13102826       279.96275                      279.96275
  0.00032498266        140.1123       1.8665211      0.53739022      0.68518464        0.142382      0.13102826       0.13102826       279.96255                      279.96255
  0.00032501605        140.1122       1.2211397      0.54621619      0.21082748      0.26563285      0.13102826       0.13102826       279.96235                      279.96235
  0.00032505699       140.11208       0.7050639       1.4924057     0.056719788      0.32604878      0.13102826       0.13102826       279.96209                      279.96209
  0.00032526486       140.11144      0.75353376       1.5741527       0.8323085       0.2998294      0.13102826       0.13102826       279.96082                      279.96082
  0.00032527518        140.1114      0.21956738      0.96106646      0.70704414      0.12253094      0.13102826       0.13102826       279.96075                      279.96075
   0.0003253606       140.11114      0.10463979       1.5639319       0.5917398      0.31999279      0.13102826       0.13102826       279.96023                      279.96023
  0.00032537452        140.1111      0.17048323       1.2742076      0.22224162       0.1621059      0.13102826       0.13102826       279.96014                      279.96014
  0.00032550101       140.11071       1.6062113       1.6745305      0.57544486      0.14624566      0.13102826       0.13102826       279.95936                      279.95936
  0.00032562188       140.11034      0.52969041       1.9613224      0.75370805      0.35609442      0.13102826       0.13102826       279.95862                      279.95862
  0.00032575092       140.10994       1.1449235       1.6393506      0.91650365      0.20203856      0.13102826       0.13102826       279.95783                      279.95783
  0.00032587745       140.10955      0.13936812      0.81100045      0.44055725      0.20163122      0.13102826       0.13102826       279.95705                      279.95705
  0.00032588193       140.10954      0.10643915      0.52699752       0.1541717      0.27344323      0.13102826       0.13102826       279.95702                      279.95702
  0.00032597838       140.10924      0.74201711       0.8201545      0.61192539      0.48459844      0.13102826       0.13102826       279.95643                      279.95643
  0.00032604336       140.10905      0.11684709       1.6211794      0.82420028      0.28822718      0.13102826       0.13102826       279.95603                      279.95603
  0.00032609502       140.10889      0.21194051       1.2314149      0.96737303      0.13271671      0.13102826       0.13102826       279.95572                      279.95572
  0.00032617538       140.10864      0.13768523       1.9416775     0.013297568      0.26703903      0.13102826       0.13102826       279.95522                      279.95522
   0.0003262986       140.10826      0.17470345       1.8714045      0.43715886      0.17849199      0.13102826       0.13102826       279.95447                      279.95447
   0.0003263051       140.10824      0.10387446       1.3321035      0.20141322      0.30808656      0.13102826       0.13102826       279.95443                      279.95443
  0.00032630588       140.10824      0.10768723       1.6906982      0.53670267       0.4118396      0.13102826       0.13102826       279.95442                      279.95442
  0.00032646306       140.10776      0.18888492      0.73624753       0.3274935      0.15044598      0.13102826       0.13102826       279.95346                      279.95346
  0.00032674838       140.10689      0.16226687       1.9612498     0.073998449      0.47361802      0.13102826       0.13102826       279.95171                      279.95171
  0.00032678815       140.10676      0.12145247       1.5621853        0.370715       0.2769895      0.13102826       0.13102826       279.95147                      279.95147
  0.00032679778       140.10673      0.23953215       1.8005873      0.29015805      0.12456051      0.13102826       0.13102826       279.95141                      279.95141
  0.00032694373       140.10629      0.91634845      0.66423575      0.50564796      0.41426027      0.13102826       0.13102826       279.95052                      279.95052
  0.00032697157        140.1062      0.85210304       1.2036567       0.3900488      0.29695757      0.13102826       0.13102826       279.95035                      279.95035
  0.00032700579        140.1061      0.18686186       1.1271368      0.90428577      0.15688994      0.13102826       0.13102826       279.95014                      279.95014
   0.0003271481       140.10566      0.86982763      0.80919064      0.19717101      0.37479322      0.13102826       0.13102826       279.94927                      279.94927
  0.00032715101       140.10565       1.0111878      0.74006795      0.44655874      0.31081773      0.13102826       0.13102826       279.94925                      279.94925
  0.00032716855        140.1056       0.1213884      0.82669495      0.80218115      0.24795647      0.13102826       0.13102826       279.94914                      279.94914
  0.00032717597       140.10558      0.15858856      0.76201079     0.049522856      0.18606643      0.13102826       0.13102826        279.9491                       279.9491
  0.00032718901       140.10554      0.11337531       1.2510991      0.84911876         0.28144      0.13102826       0.13102826       279.94902                      279.94902
   0.0003272454       140.10537       1.7956238      0.94932134      0.29815754      0.13802833      0.13102826       0.13102826       279.94867                      279.94867
  0.00032731278       140.10516       1.0150919      0.63855772     0.029317697      0.34401299      0.13102826       0.13102826       279.94826                      279.94826
  0.00032732548       140.10512      0.13874547      0.50298093      0.91405398      0.21763476      0.13102826       0.13102826       279.94819                      279.94819
  0.00032746983       140.10468       1.2859781       1.6840905      0.93920098      0.17876334      0.13102826       0.13102826        279.9473                       279.9473
  0.00032753094       140.10449      0.16929516       1.7680009      0.22243579      0.19429345      0.13102826       0.13102826       279.94693                      279.94693
  0.00032755762       140.10441      0.16813104       1.8039782      0.60075122      0.19818723      0.13102826       0.13102826       279.94677                      279.94677
  0.00032757581       140.10436      0.69089407       1.9162426      0.03581363      0.29539754      0.13102826       0.13102826       279.94666                      279.94666
  0.00032762106       140.10422      0.73200119       1.0670801      0.41221314       0.3802518      0.13102826       0.13102826       279.94638                      279.94638
  0.00032764599       140.10414      0.27261575       1.5399702      0.64543768      0.11051703      0.13102826       0.13102826       279.94623                      279.94623
  0.00032765897        140.1041      0.50125957       1.3444439      0.34333749      0.46473953      0.13102826       0.13102826       279.94615                      279.94615
  0.00032768148       140.10403        0.194642        1.854675      0.81354959      0.16687697      0.13102826       0.13102826       279.94601                      279.94601
  0.00032770524       140.10396      0.28518511       1.0099651      0.43121359      0.10407786      0.13102826       0.13102826       279.94587                      279.94587
  0.00032777029       140.10376      0.23119923       1.6816079       0.8442453      0.13401076      0.13102826       0.13102826       279.94547                      279.94547
  0.00032787122       140.10345       1.5209683       1.2001627      0.92232848      0.15912676      0.13102826       0.13102826       279.94485                      279.94485
  0.00032787507       140.10344      0.25558059       1.7609125      0.28397017      0.12132429      0.13102826       0.13102826       279.94483                      279.94483
   0.0003279555        140.1032      0.81644972        1.311648      0.91161768      0.29640802      0.13102826       0.13102826       279.94434                      279.94434
  0.00032797775       140.10313      0.22550752      0.86175999      0.23411908      0.13354504      0.13102826       0.13102826        279.9442                       279.9442
  0.00032809178       140.10278      0.25614311        1.745819      0.72144031      0.12204655      0.13102826       0.13102826       279.94351                      279.94351
  0.00032818152       140.10251      0.25243602       1.1785038      0.39963301      0.12067817      0.13102826       0.13102826       279.94296                      279.94296
  0.00032826317       140.10226        1.334967      0.52258139     0.049479565      0.22509511      0.13102826       0.13102826       279.94246                      279.94246
  0.00032829682       140.10216       1.1917724      0.50364927      0.11340953      0.28432908      0.13102826       0.13102826       279.94226                      279.94226
  0.00032833685       140.10204       1.1412781      0.88400555      0.52988987      0.23694247      0.13102826       0.13102826       279.94201                      279.94201
  0.00032843619       140.10173       1.0426535      0.56147687      0.58411701       0.3608697      0.13102826       0.13102826       279.94141                      279.94141
  0.00032846613       140.10164      0.16967169       1.5777564      0.45989914      0.19518096      0.13102826       0.13102826       279.94123                      279.94123
  0.00032850514       140.10152      0.48061057        1.666884      0.97455993      0.40593686      0.13102826       0.13102826       279.94099                      279.94099
    0.000328538       140.10142      0.22070555       1.4445859      0.60801955      0.14298256      0.13102826       0.13102826       279.94079                      279.94079
  0.00032859614       140.10125       1.4486362      0.68661252       0.3289147      0.18579468      0.13102826       0.13102826       279.94044                      279.94044
  0.00032859903       140.10124      0.15354688      0.52434347       0.1225471      0.20547627      0.13102826       0.13102826       279.94042                      279.94042
  0.00032863419       140.10113      0.66057581      0.91736769      0.83688926      0.49813056      0.13102826       0.13102826        279.9402                       279.9402
  0.00032863443       140.10113      0.43672388       1.5343867      0.37479587       0.4600583      0.13102826       0.13102826        279.9402                       279.9402
  0.00032865742       140.10106       1.5286153       1.8043522      0.31256706      0.14977213      0.13102826       0.13102826       279.94006                      279.94006
  0.00032867123       140.10102      0.58245909       1.2967282      0.57871902      0.41560886      0.13102826       0.13102826       279.93998                      279.93998
  0.00032893448       140.10022       1.3305743      0.97343884      0.23452178      0.19049995      0.13102826       0.13102826       279.93838                      279.93838
  0.00032896584       140.10012      0.12932299      0.85646369      0.34396984      0.24999944      0.13102826       0.13102826       279.93819                      279.93819
   0.0003290865       140.09976      0.18582934      0.98775825      0.17422157      0.17109448      0.13102826       0.13102826       279.93745                      279.93745
   0.0003292024        140.0994      0.15946375       1.6504287      0.50656889      0.22308418      0.13102826       0.13102826       279.93675                      279.93675
  0.00032920574       140.09939      0.56238655       1.2091081      0.89775664      0.45430567      0.13102826       0.13102826       279.93673                      279.93673
  0.00032921838       140.09935      0.17574264       1.7864363     0.020155159      0.20345358      0.13102826       0.13102826       279.93665                      279.93665
  0.00032925279       140.09925       1.3777898      0.57324123      0.32802871       0.2071171      0.13102826       0.13102826       279.93644                      279.93644
  0.00032926844        140.0992       1.0259005       1.8155247       0.7977745      0.21474806      0.13102826       0.13102826       279.93635                      279.93635
  0.00032937448       140.09888      0.55328662       1.9642553      0.69608785      0.33640424      0.13102826       0.13102826        279.9357                       279.9357
  0.00032945077       140.09865       0.1039754      0.55426862      0.92889676      0.32896744      0.13102826       0.13102826       279.93524                      279.93524
  0.00032958489       140.09824      0.17381519       1.5256663      0.33062686      0.19798401      0.13102826       0.13102826       279.93443                      279.93443
  0.00032962206       140.09813       1.2933985       0.8801989      0.91048515      0.20115762      0.13102826       0.13102826        279.9342                       279.9342
  0.00032963997       140.09807      0.95031897        1.190024      0.68592185      0.26090643      0.13102826       0.13102826       279.93409                      279.93409
  0.00032967177       140.09798      0.97393758      0.59738352      0.83805658      0.39748489      0.13102826       0.13102826        279.9339                       279.9339
  0.00032969706        140.0979       1.0700019       1.0850454     0.020318326      0.23641386      0.13102826       0.13102826       279.93375                      279.93375
  0.00032993134       140.09719      0.18553992       1.2774899      0.55697775      0.18056032      0.13102826       0.13102826       279.93233                      279.93233
  0.00033000322       140.09697      0.86958045        1.428936      0.69996599      0.26554075      0.13102826       0.13102826       279.93189                      279.93189
  0.00033000909       140.09696      0.20960827       1.6748009      0.13461813      0.16548163      0.13102826       0.13102826       279.93185                      279.93185
  0.00033002568       140.09691      0.15975959        1.985438      0.69613803      0.34533421      0.13102826       0.13102826       279.93175                      279.93175
  0.00033007582       140.09675      0.21803878       1.8716658     0.017668836      0.49269103      0.13102826       0.13102826       279.93145                      279.93145
  0.00033011306       140.09664      0.19947969       1.4371306      0.74211042       0.1706501      0.13102826       0.13102826       279.93122                      279.93122
  0.00033039702       140.09578      0.22790374      0.60065206      0.65566354      0.14527455      0.13102826       0.13102826        279.9295                       279.9295
  0.00033041676       140.09572       1.0006525       1.2316613      0.62328594      0.24254738      0.13102826       0.13102826       279.92939                      279.92939
  0.00033053673       140.09536      0.14443692       1.7165033      0.12240323      0.49131446      0.13102826       0.13102826       279.92866                      279.92866
  0.00033055215       140.09531      0.20854365        1.936873      0.79836152      0.46075057      0.13102826       0.13102826       279.92857                      279.92857
  0.00033055673        140.0953      0.14017237       1.6316978      0.20192688      0.29254937      0.13102826       0.13102826       279.92854                      279.92854
  0.00033063254       140.09507      0.32968852       1.1506626      0.77935814      0.10087467      0.13102826       0.13102826       279.92808                      279.92808
  0.00033070669       140.09484       1.1001612       1.7372474      0.43965199      0.20176261      0.13102826       0.13102826       279.92763                      279.92763
   0.0003307085       140.09484       1.2724815       1.7738205      0.42234695      0.17606812      0.13102826       0.13102826       279.92762                      279.92762
  0.00033070857       140.09484      0.33090149       1.6521995      0.85119917      0.10256884      0.13102826       0.13102826       279.92762                      279.92762
   0.0003307735       140.09464      0.93456148      0.57393215      0.68050266      0.46555171      0.13102826       0.13102826       279.92723                      279.92723
  0.00033080958       140.09453      0.28744421       1.9313762      0.92794569      0.12260114      0.13102826       0.13102826       279.92701                      279.92701
  0.00033084354       140.09443       1.2742924       1.4481657      0.57945557      0.18153572      0.13102826       0.13102826        279.9268                       279.9268
  0.00033086543       140.09436       1.2956516       1.3361448      0.64515037      0.18127441      0.13102826       0.13102826       279.92667                      279.92667
  0.00033091849        140.0942      0.26471299      0.67099274      0.23802358      0.12693195      0.13102826       0.13102826       279.92635                      279.92635
  0.00033101513       140.09391      0.46408084       1.6467679       0.3629585      0.41103339      0.13102826       0.13102826       279.92577                      279.92577
  0.00033106017       140.09378      0.76573042       1.3883218      0.69517749      0.30183768      0.13102826       0.13102826       279.92549                      279.92549
  0.00033120999       140.09332      0.33926932       1.6936167      0.57009134      0.47917974      0.13102826       0.13102826       279.92459                      279.92459
   0.0003313919       140.09277      0.30870089       1.8402977      0.54071124      0.45982714      0.13102826       0.13102826       279.92349                      279.92349
  0.00033151505        140.0924      0.17595019      0.85987015      0.63290695       0.1983457      0.13102826       0.13102826       279.92275                      279.92275
   0.0003315838        140.0922       1.5346449        1.727136      0.66263538      0.14746702      0.13102826       0.13102826       279.92233                      279.92233
  0.00033161855       140.09209       1.0856956      0.89717199      0.70527332      0.24656264      0.13102826       0.13102826       279.92212                      279.92212
  0.00033175028       140.09169       1.1424613      0.82748184      0.18784766      0.23752373      0.13102826       0.13102826       279.92133                      279.92133
  0.00033179413       140.09156      0.22963644       1.9945259      0.69073829      0.43165363      0.13102826       0.13102826       279.92107                      279.92107
  0.00033182759       140.09146      0.94375186       1.9555365      0.71072345      0.22388352      0.13102826       0.13102826       279.92086                      279.92086
  0.00033185775       140.09137      0.20244274       1.4411844      0.50263027      0.18052141      0.13102826       0.13102826       279.92068                      279.92068
  0.00033198352       140.09099        1.971061       1.4048298     0.042503919      0.11746948      0.13102826       0.13102826       279.91992                      279.91992
  0.00033217554       140.09041      0.37270892       1.7687132      0.82227862      0.43679469      0.13102826       0.13102826       279.91877                      279.91877
  0.00033221611       140.09029      0.83539468      0.68548472      0.10679971      0.46842531      0.13102826       0.13102826       279.91852                      279.91852
  0.00033223745       140.09023      0.22901276       1.1324789       0.8533155      0.15602065      0.13102826       0.13102826        279.9184                       279.9184
  0.00033228564       140.09008      0.13724165       1.6547652      0.84685695      0.42272688      0.13102826       0.13102826       279.91811                      279.91811
  0.00033228839       140.09007      0.30358889       1.7466019      0.66985538      0.48130571      0.13102826       0.13102826       279.91809                      279.91809
  0.00033229504       140.09005      0.29179458       1.4492414      0.15146299      0.12318478      0.13102826       0.13102826       279.91805                      279.91805
   0.0003323715       140.08982      0.14901115      0.99433886      0.31884682      0.24700276      0.13102826       0.13102826       279.91759                      279.91759
  0.00033238237       140.08979      0.47455042       1.4263188      0.77455758      0.44748097      0.13102826       0.13102826       279.91752                      279.91752
  0.00033242339       140.08967      0.11868883       1.4711035      0.38481831      0.44545241      0.13102826       0.13102826       279.91728                      279.91728
  0.00033242964       140.08965       1.4149466      0.68051362      0.59314188      0.18766538      0.13102826       0.13102826       279.91724                      279.91724
  0.00033251832       140.08938      0.98673523       1.6719504      0.40854386      0.22195704      0.13102826       0.13102826       279.91671                      279.91671
  0.00033254381        140.0893      0.32969556       1.4618252      0.70916221      0.10937371      0.13102826       0.13102826       279.91655                      279.91655
  0.00033262989       140.08905      0.18896583       1.3762971      0.82487485      0.19981077      0.13102826       0.13102826       279.91603                      279.91603
  0.00033266141       140.08895      0.70161688       1.2185698      0.67151786      0.35165132      0.13102826       0.13102826       279.91584                      279.91584
  0.00033266171       140.08895       1.0248177      0.58598498      0.11043441      0.34842869      0.13102826       0.13102826       279.91584                      279.91584
  0.00033266839       140.08893       1.4166541       1.5691289      0.97186785      0.16004327      0.13102826       0.13102826        279.9158                       279.9158
  0.00033269809       140.08884      0.72958254       1.0572562      0.71273158       0.3727827      0.13102826       0.13102826       279.91562                      279.91562
  0.00033276736       140.08863        0.179463       1.5801645      0.36528076       0.2232513      0.13102826       0.13102826       279.91521                      279.91521
  0.00033283563       140.08843      0.21748514       1.9286808       0.4611477      0.19071686      0.13102826       0.13102826        279.9148                       279.9148
   0.0003328663       140.08833       0.3543168      0.70311273      0.85539634      0.10117437      0.13102826       0.13102826       279.91461                      279.91461
  0.00033287593       140.08831      0.26198951       1.7745407      0.86271432      0.48935659      0.13102826       0.13102826       279.91456                      279.91456
  0.00033290482       140.08822      0.65203207       1.9789144      0.82964637      0.29319537      0.13102826       0.13102826       279.91438                      279.91438
  0.00033295292       140.08807       1.8367435       1.6977462      0.53784445      0.12337114      0.13102826       0.13102826       279.91409                      279.91409
  0.00033298499       140.08798      0.15463915      0.63753218      0.67660754      0.24026102      0.13102826       0.13102826        279.9139                       279.9139
  0.00033304637       140.08779       1.4000281      0.56777032      0.39745325      0.19778239      0.13102826       0.13102826       279.91353                      279.91353
  0.00033314232       140.08751      0.17671386      0.82125216      0.90812904      0.20938781      0.13102826       0.13102826       279.91296                      279.91296
  0.00033316688       140.08743       0.2485079       1.3621634       0.6851307      0.15023402      0.13102826       0.13102826       279.91281                      279.91281
  0.00033329729       140.08704      0.26040348       1.5061048      0.32553613      0.14522383      0.13102826       0.13102826       279.91203                      279.91203
  0.00033334891       140.08689      0.55922012       1.4918427      0.87081851       0.3773743      0.13102826       0.13102826       279.91172                      279.91172
  0.00033341184        140.0867       1.2146643       1.2854397      0.88768874       0.1923999      0.13102826       0.13102826       279.91134                      279.91134
  0.00033342415       140.08666       1.6524157       1.3926891      0.17226498      0.13909891      0.13102826       0.13102826       279.91126                      279.91126
  0.00033352494       140.08636      0.15888898       1.3686308     0.086593924      0.25555576      0.13102826       0.13102826       279.91066                      279.91066
  0.00033359888       140.08614      0.32197147       1.2985361      0.51336386      0.11565051      0.13102826       0.13102826       279.91022                      279.91022
  0.00033365496       140.08597      0.29037752       1.9896442      0.58310899      0.13754292      0.13102826       0.13102826       279.90988                      279.90988
   0.0003337172       140.08578       1.1679087      0.80527544      0.88967795      0.22995091      0.13102826       0.13102826       279.90951                      279.90951
  0.00033375664       140.08566       1.6305617       1.6036733      0.49715795      0.13849761      0.13102826       0.13102826       279.90927                      279.90927
  0.00033393407       140.08513      0.27989284       1.4622424      0.54687626      0.13698207      0.13102826       0.13102826       279.90821                      279.90821
  0.00033394461        140.0851       1.1306666       0.9324456      0.77131965      0.22751266      0.13102826       0.13102826       279.90814                      279.90814
  0.00033398954       140.08497      0.14861197      0.85724549      0.27765026      0.26075646      0.13102826       0.13102826       279.90788                      279.90788
  0.00033398966       140.08497      0.11711217       1.3148546      0.91030121      0.41070334      0.13102826       0.13102826       279.90787                      279.90787
  0.00033412489       140.08456      0.61545079       1.1277642      0.61913877      0.42683631      0.13102826       0.13102826       279.90707                      279.90707
  0.00033413395       140.08453      0.76996547      0.77283326     0.065631189      0.46415352      0.13102826       0.13102826       279.90701                      279.90701
  0.00033415681       140.08447       1.6696734       1.6967925      0.83795846       0.1343284      0.13102826       0.13102826       279.90687                      279.90687
  0.00033427875        140.0841        1.814619       1.2677102      0.31568275      0.12726528      0.13102826       0.13102826       279.90614                      279.90614
  0.00033432161       140.08397      0.16663904       1.7225546      0.95469233      0.29703801      0.13102826       0.13102826       279.90589                      279.90589
  0.00033441649       140.08369      0.17681987       1.8361855       0.6914465      0.38927137      0.13102826       0.13102826       279.90532                      279.90532
  0.00033447921        140.0835      0.52855759       1.2456113      0.72072818      0.45358756      0.13102826       0.13102826       279.90495                      279.90495
  0.00033459432       140.08316      0.29114137       1.8819002      0.24091056      0.14037457      0.13102826       0.13102826       279.90426                      279.90426
  0.00033463721       140.08303      0.17850441       1.7163412      0.98620264      0.26317772      0.13102826       0.13102826         279.904                        279.904
   0.0003346741       140.08292      0.14623347       1.6106184        0.369172      0.39177363      0.13102826       0.13102826       279.90378                      279.90378
  0.00033469244       140.08286      0.25030492       1.8997682      0.16655496      0.17067501      0.13102826       0.13102826       279.90367                      279.90367
   0.0003347462        140.0827      0.13436122      0.75900704      0.46328528      0.29894052      0.13102826       0.13102826       279.90335                      279.90335
  0.00033475438       140.08268       0.1825422       1.6230661      0.01891466      0.24381952      0.13102826       0.13102826        279.9033                       279.9033
  0.00033488624       140.08228       0.1961931       1.2025074       0.3652946      0.20427006      0.13102826       0.13102826       279.90251                      279.90251
  0.00033490235       140.08224      0.19789173       1.4102242      0.76528924      0.20857989      0.13102826       0.13102826       279.90242                      279.90242
  0.00033491487        140.0822      0.16452867       1.5187094     0.072521301       0.2744948      0.13102826       0.13102826       279.90234                      279.90234
  0.00033491548        140.0822      0.23648595        1.154024      0.17877584      0.16626656      0.13102826       0.13102826       279.90234                      279.90234
  0.00033495721       140.08207      0.32464779       1.2464839      0.30766412       0.1199642      0.13102826       0.13102826       279.90209                      279.90209
  0.00033497314       140.08203      0.80629798       1.9908605      0.63899106      0.24738158      0.13102826       0.13102826       279.90199                      279.90199
  0.00033509073       140.08167      0.37125691      0.99496494      0.80546053      0.10429664      0.13102826       0.13102826       279.90129                      279.90129
  0.00033516259       140.08146      0.20137841      0.62714227       0.5849326       0.1955767      0.13102826       0.13102826       279.90086                      279.90086
  0.00033518861       140.08138       1.2201102       1.6968392      0.87827383      0.17949013      0.13102826       0.13102826       279.90071                      279.90071
  0.00033524011       140.08123      0.18884458        1.883465      0.57588204      0.28733542      0.13102826       0.13102826        279.9004                       279.9004
  0.00033556389       140.08026      0.24198094       1.0205294      0.76762443      0.16474026      0.13102826       0.13102826       279.89847                      279.89847
  0.00033559819       140.08016       1.5365459        1.748823      0.75660519      0.14375964      0.13102826       0.13102826       279.89827                      279.89827
  0.00033568082       140.07992      0.20270529       1.8182893      0.28026591       0.2385243      0.13102826       0.13102826       279.89777                      279.89777
  0.00033568728        140.0799      0.99027339       1.8092089       0.7645787      0.21307705      0.13102826       0.13102826       279.89774                      279.89774
  0.00033571136       140.07982       0.1956139       1.7957649      0.62678782      0.43324198      0.13102826       0.13102826       279.89759                      279.89759
   0.0003358152       140.07951      0.12806808      0.68564425      0.39195218      0.32800164      0.13102826       0.13102826       279.89697                      279.89697
  0.00033582741       140.07948      0.15810343       1.5400806      0.22571633      0.31374527      0.13102826       0.13102826        279.8969                       279.8969
  0.00033582818       140.07948       1.1478094       1.4094545      0.95851615      0.19658094      0.13102826       0.13102826        279.8969                       279.8969
  0.00033595176       140.07911       1.0273043      0.51108699      0.94453704      0.39160733      0.13102826       0.13102826       279.89616                      279.89616
   0.0003359607       140.07908       1.1330371       1.3791892      0.17402095      0.19998504      0.13102826       0.13102826       279.89611                      279.89611
  0.00033618992        140.0784      0.28450345       1.8083973     0.081066806      0.44540751      0.13102826       0.13102826       279.89474                      279.89474
  0.00033623797       140.07826       1.2361557      0.57170925      0.40849556      0.23504652      0.13102826       0.13102826       279.89446                      279.89446
  0.00033624096       140.07825      0.87856409       1.1252148      0.57092744       0.2806369      0.13102826       0.13102826       279.89444                      279.89444
  0.00033632291         140.078      0.34938499       1.5267771     0.033007844      0.49515382      0.13102826       0.13102826       279.89395                      279.89395
  0.00033636202       140.07789       1.1374497       1.2057774      0.75924024      0.20572697      0.13102826       0.13102826       279.89372                      279.89372
  0.00033636959       140.07787       0.4319829        1.886069      0.55809663       0.3706668      0.13102826       0.13102826       279.89367                      279.89367
  0.00033646219       140.07759       1.2965715      0.89782613      0.20602385      0.19155678      0.13102826       0.13102826       279.89312                      279.89312
   0.0003365065       140.07746      0.82569602      0.93184667      0.18788013       0.3402087      0.13102826       0.13102826       279.89286                      279.89286
  0.00033653401       140.07738       1.7389381       1.6506124      0.02286491      0.12771614      0.13102826       0.13102826        279.8927                       279.8927
  0.00033662717        140.0771      0.39698886       1.5065263      0.30654947      0.46572595      0.13102826       0.13102826       279.89214                      279.89214
  0.00033666094         140.077      0.76279976       1.7998906      0.64241205      0.26285056      0.13102826       0.13102826       279.89194                      279.89194
  0.00033680271       140.07658      0.88988511      0.79170609      0.10506932      0.34375202      0.13102826       0.13102826        279.8911                       279.8911
  0.00033690923       140.07626      0.10477855        1.055139      0.68097827      0.49384771      0.13102826       0.13102826       279.89047                      279.89047
   0.0003370606       140.07581       0.2875355       1.7914546      0.95775323      0.44293284      0.13102826       0.13102826       279.88957                      279.88957
  0.00033707259       140.07578      0.37313933       1.4884122      0.56573684      0.11266952      0.13102826       0.13102826        279.8895                       279.8895
  0.00033712112       140.07563      0.17662326       1.5839783      0.44876327      0.28689343      0.13102826       0.13102826       279.88921                      279.88921
  0.00033722419       140.07533       0.1419582      0.94419636     0.020276289      0.31125366      0.13102826       0.13102826        279.8886                       279.8886
  0.00033736884        140.0749      0.14568533      0.60679889        0.948032      0.29923799      0.13102826       0.13102826       279.88774                      279.88774
  0.00033740449       140.07479      0.29690576       1.2343683      0.70657712      0.14292378      0.13102826       0.13102826       279.88753                      279.88753
  0.00033740982       140.07478      0.30595123       1.9508693      0.83210864      0.39394194      0.13102826       0.13102826        279.8875                       279.8875
  0.00033741297       140.07477      0.14381704       1.4628739   0.00084016387      0.47875539      0.13102826       0.13102826       279.88748                      279.88748
  0.00033742513       140.07473       1.6088456       1.6859044      0.46510129      0.13661863      0.13102826       0.13102826       279.88741                      279.88741
  0.00033742639       140.07473      0.19033208       1.1659707      0.45807831      0.23062013      0.13102826       0.13102826        279.8874                       279.8874
  0.00033748552       140.07455      0.57147884       1.0757762      0.53524873      0.47429313      0.13102826       0.13102826       279.88705                      279.88705
  0.00033758976       140.07424      0.17340558        1.605889      0.16928368      0.47370603      0.13102826       0.13102826       279.88643                      279.88643
  0.00033761176       140.07418       1.2025736      0.59112447      0.46086636      0.24071227      0.13102826       0.13102826        279.8863                       279.8863
  0.00033765449       140.07405       1.4073447      0.87783612      0.91833439      0.17332819      0.13102826       0.13102826       279.88605                      279.88605
  0.00033766171       140.07403       0.8778922      0.75104579      0.20902441      0.36661705      0.13102826       0.13102826       279.88601                      279.88601
  0.00033769811       140.07392      0.12638921       1.2729721      0.90513814      0.44110085      0.13102826       0.13102826       279.88579                      279.88579
   0.0003377264       140.07384      0.24601254       1.7827565      0.23250119      0.44408079      0.13102826       0.13102826       279.88562                      279.88562
  0.00033775799       140.07375       0.2577906       1.2956774      0.88644103      0.16904648      0.13102826       0.13102826       279.88544                      279.88544
  0.00033788753       140.07336       1.7642975       1.7598363      0.22025967      0.12426854      0.13102826       0.13102826       279.88467                      279.88467
  0.00033789343       140.07335         1.64835        1.108946      0.26799374       0.1398094      0.13102826       0.13102826       279.88463                      279.88463
  0.00033796463       140.07313       0.2154889       1.7707422      0.11799779      0.23918264      0.13102826       0.13102826       279.88421                      279.88421
  0.00033801666       140.07298       1.2222928        1.064481       0.7532188      0.19460104      0.13102826       0.13102826        279.8839                       279.8839
  0.00033804182       140.07291      0.13107435       1.3347467      0.25369037       0.4712735      0.13102826       0.13102826       279.88376                      279.88376
  0.00033805801       140.07286      0.25231648       1.2523141      0.66734535      0.17409494      0.13102826       0.13102826       279.88366                      279.88366
  0.00033806647       140.07283      0.14438194       1.4437437      0.16657662      0.43814981      0.13102826       0.13102826       279.88361                      279.88361
  0.00033808818       140.07277       1.6625527       0.9367776     0.053192654      0.14150608      0.13102826       0.13102826       279.88348                      279.88348
  0.00033817564       140.07251      0.17581757        0.594543      0.81655433      0.24963188      0.13102826       0.13102826       279.88296                      279.88296
  0.00033824408       140.07231      0.53232461       1.0980827      0.79903452        0.497678      0.13102826       0.13102826       279.88256                      279.88256
   0.0003382554       140.07227       0.2787882       1.9956415      0.99010957      0.17791016      0.13102826       0.13102826       279.88249                      279.88249
  0.00033827077       140.07223      0.12485038      0.75441427      0.56552871       0.3692658      0.13102826       0.13102826        279.8824                       279.8824
  0.00033829412       140.07216      0.36534699        1.669509      0.16170488      0.12156888      0.13102826       0.13102826       279.88226                      279.88226
   0.0003383724       140.07193       0.1392567      0.65072605      0.52997189      0.32528395      0.13102826       0.13102826        279.8818                       279.8818
   0.0003384322       140.07175      0.13895221      0.56035943      0.51547303      0.32812018      0.13102826       0.13102826       279.88145                      279.88145
  0.00033852386       140.07148       1.4241965      0.94254435      0.80879309      0.16766382      0.13102826       0.13102826       279.88091                      279.88091
  0.00033859896       140.07126      0.42397392       1.7863792     0.073485195      0.38037706      0.13102826       0.13102826       279.88046                      279.88046
  0.00033866463       140.07107       0.3336468       1.4738995      0.83084188      0.13377452      0.13102826       0.13102826       279.88007                      279.88007
  0.00033870846       140.07094      0.34349875       1.9482149      0.11863044      0.13652693      0.13102826       0.13102826       279.87982                      279.87982
   0.0003387977       140.07067      0.23864222       1.6991989      0.54959752      0.20722875      0.13102826       0.13102826       279.87929                      279.87929
    0.000338806       140.07065      0.35130517       1.9324803      0.60230542       0.1330903      0.13102826       0.13102826       279.87924                      279.87924
  0.00033882344        140.0706      0.24118502       1.9633437      0.49252809      0.35228642      0.13102826       0.13102826       279.87914                      279.87914
  0.00033890591       140.07035       0.3949043       1.3049311      0.86685021      0.11171846      0.13102826       0.13102826       279.87865                      279.87865
  0.00033893356       140.07027       1.1804019        1.698009      0.81820348      0.18072185      0.13102826       0.13102826       279.87849                      279.87849
  0.00033896511       140.07018       1.0028239      0.94215809    0.0063054117      0.25536672      0.13102826       0.13102826        279.8783                       279.8783
  0.00033905119       140.06992      0.10191087      0.60197655      0.95054142      0.48766358      0.13102826       0.13102826       279.87779                      279.87779
  0.00033910316       140.06977       1.1831816       1.3907127      0.92835674      0.18751944      0.13102826       0.13102826       279.87749                      279.87749
  0.00033911121       140.06975      0.19149316       1.6475495      0.65435342      0.29439908      0.13102826       0.13102826       279.87744                      279.87744
  0.00033915042       140.06963      0.49048727       1.1773223     0.054469777      0.49693088      0.13102826       0.13102826       279.87721                      279.87721
  0.00033957094       140.06839       1.0720982       1.9406698     0.079380583      0.19137086      0.13102826       0.13102826       279.87473                      279.87473
  0.00033958131       140.06836       0.9233119      0.97688411      0.40924625      0.27792894      0.13102826       0.13102826       279.87467                      279.87467
  0.00033958223       140.06836       1.7170863       0.5883919     0.043909561      0.14330061      0.13102826       0.13102826       279.87466                      279.87466
  0.00033967841       140.06808       1.3078428      0.78899397      0.44817643      0.19168141      0.13102826       0.13102826        279.8741                       279.8741
  0.00033969099       140.06804      0.18545653       1.3251818     0.052907199      0.26804697      0.13102826       0.13102826       279.87402                      279.87402
  0.00033976159       140.06783      0.23055703       1.6009974      0.57066393      0.49931827      0.13102826       0.13102826       279.87361                      279.87361
  0.00033986428       140.06753      0.17308426       1.1687565      0.66299833      0.28190508      0.13102826       0.13102826         279.873                        279.873
  0.00033990793        140.0674       0.4233955       1.4696794     0.046552762       0.4444564      0.13102826       0.13102826       279.87275                      279.87275
  0.00033992171       140.06736      0.44507978      0.50349475      0.28566251      0.10081443      0.13102826       0.13102826       279.87266                      279.87266
  0.00034022074       140.06648      0.50159694       1.1830255      0.73292993      0.48077465      0.13102826       0.13102826       279.87091                      279.87091
  0.00034025314       140.06639      0.15991219       1.4678719       0.8006915       0.4409567      0.13102826       0.13102826       279.87072                      279.87072
  0.00034043472       140.06585      0.27967184       1.8425118      0.37123682      0.39899149      0.13102826       0.13102826       279.86965                      279.86965
  0.00034058617       140.06541       1.8776689      0.69561501      0.85651247      0.12571467      0.13102826       0.13102826       279.86876                      279.86876
  0.00034068898       140.06511      0.15810524       1.2189567      0.43636591      0.33389271      0.13102826       0.13102826       279.86816                      279.86816
  0.00034071923       140.06502      0.13052333      0.95679997      0.16430884      0.39498706      0.13102826       0.13102826       279.86798                      279.86798
  0.00034073764       140.06496      0.46299595       1.2386413      0.73592489      0.48954853      0.13102826       0.13102826       279.86787                      279.86787
  0.00034075734       140.06491      0.26536332      0.58115927      0.53907062      0.17491651      0.13102826       0.13102826       279.86775                      279.86775
  0.00034076479       140.06488      0.14038263       1.1826685      0.70184895        0.395301      0.13102826       0.13102826       279.86771                      279.86771
  0.00034080693       140.06476      0.62553407       1.1436473      0.40143932      0.39564221      0.13102826       0.13102826       279.86746                      279.86746
  0.00034088201       140.06454      0.77945055      0.78441631      0.31683053      0.42491273      0.13102826       0.13102826       279.86702                      279.86702
   0.0003409091       140.06446      0.14971532      0.91898063       0.2728285      0.33117558      0.13102826       0.13102826       279.86686                      279.86686
  0.00034091632       140.06444      0.16582457        1.189003       0.3545455      0.31180398      0.13102826       0.13102826       279.86682                      279.86682
  0.00034099473       140.06421       1.7287658       1.2592925      0.20887127      0.12853593      0.13102826       0.13102826       279.86636                      279.86636
  0.00034101582       140.06415        1.699124       1.3349639      0.88622297      0.12992117      0.13102826       0.13102826       279.86624                      279.86624
  0.00034102827       140.06411      0.31878196       1.7509954      0.72129685      0.15799867      0.13102826       0.13102826       279.86616                      279.86616
  0.00034105642       140.06403      0.20545039       1.0113233      0.84814773      0.23456997      0.13102826       0.13102826         279.866                        279.866
  0.00034109635       140.06391      0.69168593       1.4251688       0.5608953      0.30615515      0.13102826       0.13102826       279.86577                      279.86577
  0.00034110973       140.06387      0.28828866      0.86270585      0.68465168      0.16269429      0.13102826       0.13102826       279.86569                      279.86569
  0.00034114843       140.06376      0.61327098       1.7381416      0.83598682      0.30297039      0.13102826       0.13102826       279.86546                      279.86546
  0.00034115045       140.06375       1.7843074       1.9531637      0.11842088      0.11955659      0.13102826       0.13102826       279.86545                      279.86545
  0.00034127695       140.06338      0.28074658        1.574662      0.21966976      0.18016361      0.13102826       0.13102826       279.86471                      279.86471
  0.00034142299       140.06295      0.15882543       1.0312062      0.34855733       0.3208038      0.13102826       0.13102826       279.86385                      279.86385
  0.00034142447       140.06295      0.72129144      0.85115245       0.9840444      0.43890209      0.13102826       0.13102826       279.86384                      279.86384
  0.00034169776       140.06215        0.452408       1.1602216      0.67468524      0.10521878      0.13102826       0.13102826       279.86224                      279.86224
  0.00034173786       140.06203      0.33319028       1.4415885     0.035372002      0.14772797      0.13102826       0.13102826       279.86201                      279.86201
  0.00034178132        140.0619      0.41373712       1.9383208      0.45326385      0.34545431      0.13102826       0.13102826       279.86175                      279.86175
  0.00034179242       140.06187      0.26108841       1.9662434      0.15734026      0.31794634      0.13102826       0.13102826       279.86169                      279.86169
  0.00034184564       140.06172      0.22461598       1.5002949      0.66487368      0.24030345      0.13102826       0.13102826       279.86138                      279.86138
  0.00034192648       140.06148       1.8964816       1.6150397      0.50292211      0.11378279      0.13102826       0.13102826        279.8609                       279.8609
  0.00034197544       140.06134      0.23523653       1.7877117      0.16987989      0.26565744      0.13102826       0.13102826       279.86062                      279.86062
  0.00034209408       140.06099      0.21350868        1.710667       0.7420427      0.32269491      0.13102826       0.13102826       279.85992                      279.85992
  0.00034214129       140.06085      0.75455585       1.4389453      0.56033559      0.27940166      0.13102826       0.13102826       279.85965                      279.85965
  0.00034214504       140.06084      0.78805985      0.93880425      0.65508176        0.347084      0.13102826       0.13102826       279.85963                      279.85963
  0.00034220624       140.06066       1.0235499      0.95021166      0.84804249      0.24233871      0.13102826       0.13102826       279.85927                      279.85927
  0.00034222799        140.0606      0.90209575      0.75185832      0.55129159      0.33604248      0.13102826       0.13102826       279.85914                      279.85914
  0.00034230096       140.06039      0.13527964      0.99213512      0.58086113      0.40488956      0.13102826       0.13102826       279.85871                      279.85871
  0.00034230737       140.06037      0.14758275        1.235558      0.51452517       0.4116889      0.13102826       0.13102826       279.85868                      279.85868
  0.00034237563       140.06017      0.21669274       1.7213647     0.094831672      0.33285485      0.13102826       0.13102826       279.85828                      279.85828
  0.00034243284          140.06       1.1163332       1.5927126      0.10652126       0.1881914      0.13102826       0.13102826       279.85794                      279.85794
  0.00034254345       140.05968      0.24486003      0.53954822      0.60913038       0.2003811      0.13102826       0.13102826        279.8573                       279.8573
  0.00034259547       140.05953      0.48508775      0.88540724      0.25858958      0.10001718      0.13102826       0.13102826       279.85699                      279.85699
  0.00034274858       140.05908      0.29103433       1.9130655      0.44729468      0.20137968      0.13102826       0.13102826        279.8561                       279.8561
  0.00034286715       140.05873      0.23980012      0.64037719      0.94972786      0.20642074      0.13102826       0.13102826       279.85541                      279.85541
  0.00034289961       140.05864      0.58642314       1.4605292      0.57188618      0.34262703      0.13102826       0.13102826       279.85522                      279.85522
  0.00034291565       140.05859       0.4866444       1.3723794      0.95014848      0.41786781      0.13102826       0.13102826       279.85513                      279.85513
  0.00034304672       140.05821      0.24638242       1.6823267    0.0033562935      0.23966606      0.13102826       0.13102826       279.85436                      279.85436
  0.00034307188       140.05814      0.42812067      0.58904401      0.80829708        0.114778      0.13102826       0.13102826       279.85422                      279.85422
  0.00034313394       140.05795       1.7823977       1.6959916      0.25712057      0.11937436      0.13102826       0.13102826       279.85385                      279.85385
  0.00034319965       140.05776      0.23345749      0.78002858      0.82515188      0.21477113      0.13102826       0.13102826       279.85347                      279.85347
  0.00034323138       140.05767      0.79862232      0.74776774      0.50361342        0.422056      0.13102826       0.13102826       279.85329                      279.85329
  0.00034327614       140.05754      0.24463754       1.7323343      0.14599339      0.39146587      0.13102826       0.13102826       279.85302                      279.85302
  0.00034335293       140.05732      0.31530348      0.99477315      0.32214564      0.15918594      0.13102826       0.13102826       279.85258                      279.85258
  0.00034339652       140.05719      0.16027919       1.3484553    0.0028209983      0.48688628      0.13102826       0.13102826       279.85232                      279.85232
  0.00034348224       140.05694      0.42347339       1.5333211      0.98446496      0.41229653      0.13102826       0.13102826       279.85182                      279.85182
  0.00034357145       140.05668       0.1896906       1.4296541      0.87159532      0.32768614      0.13102826       0.13102826        279.8513                       279.8513
   0.0003437357        140.0562      0.18458119       1.4727855      0.85960767      0.44822003      0.13102826       0.13102826       279.85035                      279.85035
   0.0003437734       140.05609      0.23407927       1.1912048      0.30910204      0.22657651      0.13102826       0.13102826       279.85013                      279.85013
  0.00034380206       140.05601      0.20630615      0.73179637      0.39468779      0.24874702      0.13102826       0.13102826       279.84996                      279.84996
  0.00034383666       140.05591      0.14360461      0.99842634      0.35674406      0.39602282      0.13102826       0.13102826       279.84976                      279.84976
  0.00034393173       140.05563      0.34079452      0.72847317      0.46922052       0.1482241      0.13102826       0.13102826       279.84921                      279.84921
  0.00034399806       140.05544       1.4691129       1.5750371      0.43811022       0.1439774      0.13102826       0.13102826       279.84882                      279.84882
  0.00034400936       140.05541      0.49420392       1.9942195      0.91360194       0.1080112      0.13102826       0.13102826       279.84876                      279.84876
  0.00034401534       140.05539      0.27945116       1.9371585     0.067853179      0.31323321      0.13102826       0.13102826       279.84872                      279.84872
  0.00034401735       140.05538      0.18228874       1.4473186      0.85510969       0.4601867      0.13102826       0.13102826       279.84871                      279.84871
  0.00034402505       140.05536       1.7056092      0.74574159      0.19115626       0.1362167      0.13102826       0.13102826       279.84867                      279.84867
  0.00034403428       140.05533       1.2123146      0.80637226      0.25554198      0.20383867      0.13102826       0.13102826       279.84861                      279.84861
  0.00034410851       140.05512      0.39930173       1.1547218        0.672119      0.12836599      0.13102826       0.13102826       279.84818                      279.84818
  0.00034414738       140.05501      0.29873385       1.9335222      0.45008244       0.2100592      0.13102826       0.13102826       279.84796                      279.84796
   0.0003441481         140.055      0.32671282       1.3182709      0.25829589      0.16081667      0.13102826       0.13102826       279.84795                      279.84795
  0.00034417053       140.05494      0.39725281       1.6151025      0.37197495      0.40251134      0.13102826       0.13102826       279.84782                      279.84782
  0.00034418909       140.05488      0.59533722       1.6273046      0.56471017      0.31257045      0.13102826       0.13102826       279.84771                      279.84771
  0.00034421763        140.0548      0.13735392       1.0197694      0.11455535      0.43450017      0.13102826       0.13102826       279.84755                      279.84755
  0.00034428588        140.0546      0.32265516       1.5243974     0.017495175      0.46727281      0.13102826       0.13102826       279.84715                      279.84715
  0.00034435179       140.05441      0.27681716      0.74511833      0.16440075       0.1856208      0.13102826       0.13102826       279.84677                      279.84677
  0.00034441092       140.05424       1.1445436       1.3821854       0.9705534      0.18726242      0.13102826       0.13102826       279.84642                      279.84642
  0.00034446948       140.05407      0.23860741       1.7362395      0.26177915      0.33912719      0.13102826       0.13102826       279.84608                      279.84608
  0.00034461409       140.05365       1.2045224       0.5186445      0.45785486      0.23904204      0.13102826       0.13102826       279.84524                      279.84524
  0.00034463218        140.0536      0.62396193      0.90430235      0.51454403      0.49414916      0.13102826       0.13102826       279.84514                      279.84514
  0.00034466286       140.05351      0.53301579       1.9688255      0.45897937      0.10107116      0.13102826       0.13102826       279.84496                      279.84496
  0.00034473613        140.0533      0.30563715       1.2235927     0.093502686       0.1743189      0.13102826       0.13102826       279.84454                      279.84454
   0.0003448488       140.05297       1.3056029      0.67343614      0.26311762      0.19278342      0.13102826       0.13102826       279.84388                      279.84388
  0.00034486513       140.05292      0.38135553       1.0963642      0.42150538      0.13719449      0.13102826       0.13102826       279.84379                      279.84379
  0.00034487682       140.05289       1.1996181       1.1056128     0.022785446      0.18795875      0.13102826       0.13102826       279.84372                      279.84372
  0.00034489523       140.05284       1.3888059      0.83739026      0.28706298      0.16935492      0.13102826       0.13102826       279.84361                      279.84361
  0.00034494137        140.0527       0.4249872      0.61672421      0.71390678      0.12176676      0.13102826       0.13102826       279.84335                      279.84335
  0.00034494254        140.0527       1.2092247       1.1546865      0.30608971      0.18423696      0.13102826       0.13102826       279.84334                      279.84334
  0.00034498369       140.05258       1.4239639      0.89705617      0.72511611      0.16213778      0.13102826       0.13102826        279.8431                       279.8431
  0.00034502536       140.05246      0.42032081      0.59221489      0.67146641      0.12341173      0.13102826       0.13102826       279.84286                      279.84286
  0.00034508249       140.05229      0.13251688      0.93462752    0.0051458718      0.45503695      0.13102826       0.13102826       279.84253                      279.84253
  0.00034520554       140.05194      0.47263779       1.7862784      0.97890662      0.33437003      0.13102826       0.13102826       279.84182                      279.84182
  0.00034520649       140.05193      0.14916554       1.0156272      0.43013132      0.39840057      0.13102826       0.13102826       279.84181                      279.84181
  0.00034522774       140.05187      0.44406253      0.97552017      0.83605298      0.11802005      0.13102826       0.13102826       279.84169                      279.84169
  0.00034522842       140.05187      0.35326129       1.8048297      0.52891183      0.36570926      0.13102826       0.13102826       279.84168                      279.84168
  0.00034527642       140.05173      0.29981054       1.9750335       0.4348011      0.29624724      0.13102826       0.13102826        279.8414                       279.8414
  0.00034530437       140.05165      0.26366574       1.5538436      0.64297477      0.22646975      0.13102826       0.13102826       279.84124                      279.84124
  0.00034536364       140.05148      0.15577362      0.61051882      0.95468424       0.3549472      0.13102826       0.13102826        279.8409                       279.8409
  0.00034536902       140.05146      0.23809879       1.5532452      0.18232149      0.26487804      0.13102826       0.13102826       279.84087                      279.84087
  0.00034540326       140.05136      0.78451567      0.69617935      0.57660634      0.47325476      0.13102826       0.13102826       279.84067                      279.84067
  0.00034544781       140.05123        1.470368      0.68172142      0.58777915      0.16353042      0.13102826       0.13102826       279.84041                      279.84041
  0.00034557613       140.05086       1.6731193       1.3066841      0.38758825      0.12833626      0.13102826       0.13102826       279.83967                      279.83967
  0.00034559633        140.0508       0.8748928       1.5528026      0.79857103       0.2309645      0.13102826       0.13102826       279.83955                      279.83955
  0.00034560238       140.05079      0.15658473       1.2392499      0.46030202      0.46326738      0.13102826       0.13102826       279.83952                      279.83952
  0.00034565454       140.05064       1.6563678       1.1769848      0.76816722      0.13126965      0.13102826       0.13102826       279.83922                      279.83922
   0.0003456732       140.05058      0.39162312       1.4517904      0.23738758      0.14009882      0.13102826       0.13102826       279.83911                      279.83911
  0.00034570398       140.05049      0.20164255       1.4697297      0.89387627       0.3495099      0.13102826       0.13102826       279.83893                      279.83893
   0.0003458878       140.04996      0.13006938      0.87817442     0.086887757      0.47047682      0.13102826       0.13102826       279.83787                      279.83787
  0.00034614377       140.04922       0.2525569       1.3825811       0.3834876      0.23401986      0.13102826       0.13102826       279.83639                      279.83639
  0.00034615181        140.0492      0.47273088       1.2262665      0.40795419      0.11462932      0.13102826       0.13102826       279.83634                      279.83634
  0.00034621448       140.04902       0.2852336      0.88655273      0.16372786      0.19046215      0.13102826       0.13102826       279.83598                      279.83598
  0.00034623916       140.04895      0.26453279       1.6719389      0.85555799       0.3928089      0.13102826       0.13102826       279.83584                      279.83584
  0.00034624632       140.04893       1.8918215      0.77224823      0.21649729      0.11876092      0.13102826       0.13102826       279.83579                      279.83579
  0.00034631341       140.04873      0.33503497       1.8795458      0.77589539      0.33783216      0.13102826       0.13102826       279.83541                      279.83541
  0.00034633992       140.04866      0.27908892       1.6713961      0.35724921      0.22930906      0.13102826       0.13102826       279.83525                      279.83525
  0.00034649879        140.0482      0.30965077       1.6580437      0.12472892      0.40570395      0.13102826       0.13102826       279.83434                      279.83434
  0.00034653288        140.0481      0.23007882       1.2999903       0.3604738      0.26060862      0.13102826       0.13102826       279.83414                      279.83414
   0.0003466448       140.04778      0.47747259       1.2726092      0.67660755        0.115291      0.13102826       0.13102826       279.83349                      279.83349
  0.00034670435        140.0476      0.47104768      0.64529865     0.016993934      0.11511876      0.13102826       0.13102826       279.83315                      279.83315
  0.00034671915       140.04756      0.55079945       1.6305629      0.68250114      0.10139246      0.13102826       0.13102826       279.83306                      279.83306
  0.00034678884       140.04736      0.29239506       1.5868133       0.2908878      0.43262833      0.13102826       0.13102826       279.83266                      279.83266
  0.00034684241       140.04721       0.9875891       0.5776898      0.11091212      0.33855191      0.13102826       0.13102826       279.83235                      279.83235
  0.00034691323         140.047      0.22394857      0.94984522      0.19761863      0.25270258      0.13102826       0.13102826       279.83195                      279.83195
  0.00034692614       140.04696      0.76233515       1.0681488      0.70698889      0.31702617      0.13102826       0.13102826       279.83187                      279.83187
  0.00034695999       140.04687      0.76154447       1.1825814      0.96153624       0.2968488      0.13102826       0.13102826       279.83168                      279.83168
  0.00034707664       140.04653       0.8482402      0.64253694      0.14610824      0.43815176      0.13102826       0.13102826         279.831                        279.831
  0.00034734097       140.04577       1.0196548        1.165562     0.022277551      0.21689712      0.13102826       0.13102826       279.82948                      279.82948
  0.00034739634       140.04561      0.38889858      0.74984755      0.59079695      0.14243384      0.13102826       0.13102826       279.82916                      279.82916
  0.00034741881       140.04554      0.56050421       1.0860912      0.15417831      0.44624874      0.13102826       0.13102826       279.82903                      279.82903
  0.00034742766       140.04552      0.69983578      0.93648452      0.43102622      0.39550037      0.13102826       0.13102826       279.82898                      279.82898
  0.00034745702       140.04543      0.62629258       1.4024112      0.83877738       0.3206344      0.13102826       0.13102826       279.82881                      279.82881
  0.00034745812       140.04543      0.35551635       1.5366723      0.62642705      0.42666494      0.13102826       0.13102826       279.82881                      279.82881
  0.00034750981       140.04528       1.3699592       1.2133693      0.77118744      0.15693738      0.13102826       0.13102826       279.82851                      279.82851
  0.00034753146       140.04522      0.31697834      0.74685454      0.83638663      0.17600168      0.13102826       0.13102826       279.82838                      279.82838
  0.00034755434       140.04515      0.60810424       1.2963656      0.42628792      0.34824285      0.13102826       0.13102826       279.82825                      279.82825
  0.00034758551       140.04507       0.4532209       1.4420788      0.30011527      0.12649061      0.13102826       0.13102826       279.82807                      279.82807
  0.00034759327       140.04504      0.29045748       1.7088922      0.36083418      0.23356357      0.13102826       0.13102826       279.82803                      279.82803
  0.00034763101       140.04493      0.71173724       1.5023987      0.60480977      0.27552761      0.13102826       0.13102826       279.82781                      279.82781
  0.00034773418       140.04464      0.41771897       1.6883157      0.91887321      0.35929749      0.13102826       0.13102826       279.82722                      279.82722
  0.00034784367       140.04432      0.96820925      0.63548578       0.4259392      0.32100289      0.13102826       0.13102826       279.82659                      279.82659
  0.00034784584       140.04432      0.26642996       1.0959351      0.33197746       0.2186883      0.13102826       0.13102826       279.82658                      279.82658
  0.00034809321       140.04361      0.59173716       1.7540219      0.38014068      0.28877546      0.13102826       0.13102826       279.82515                      279.82515
  0.00034837918       140.04278      0.28897291       1.6995921      0.92547104      0.36249084      0.13102826       0.13102826       279.82351                      279.82351
  0.00034846468       140.04254      0.18340705       1.0152301      0.26310134      0.33852257      0.13102826       0.13102826       279.82302                      279.82302
  0.00034848139       140.04249      0.30117383       1.3010679      0.32783385      0.20080635      0.13102826       0.13102826       279.82293                      279.82293
  0.00034848445       140.04248      0.53545288       1.9625027      0.79285944      0.11346274      0.13102826       0.13102826       279.82291                      279.82291
  0.00034851378        140.0424      0.29537998       1.5834167      0.98801346      0.41672898      0.13102826       0.13102826       279.82274                      279.82274
  0.00034865672       140.04199      0.40904566       1.1065815      0.53723571      0.14188486      0.13102826       0.13102826       279.82192                      279.82192
  0.00034866306       140.04197      0.29075194       1.6125656     0.050175271      0.40115218      0.13102826       0.13102826       279.82188                      279.82188
  0.00034870372       140.04185       1.0973055      0.71960115      0.60782741      0.23547646      0.13102826       0.13102826       279.82165                      279.82165
   0.0003487284       140.04178      0.68125085       1.1747287      0.57796932      0.33164856      0.13102826       0.13102826       279.82151                      279.82151
  0.00034874205       140.04174      0.50282336       1.8173691       0.6778602      0.12102427      0.13102826       0.13102826       279.82143                      279.82143
  0.00034876028       140.04169      0.95051324       1.1292737      0.60546296      0.23450212      0.13102826       0.13102826       279.82133                      279.82133
  0.00034876955       140.04166       1.8072509       1.5303554      0.05820061      0.11423902      0.13102826       0.13102826       279.82127                      279.82127
  0.00034892003       140.04123       1.6048003       1.9148641      0.27449796      0.12500544      0.13102826       0.13102826       279.82041                      279.82041
  0.00034893746       140.04118      0.28262629       1.6603255      0.85199504      0.36891024      0.13102826       0.13102826       279.82031                      279.82031
  0.00034895911       140.04112       1.5617108      0.72699133     0.023939461      0.14628534      0.13102826       0.13102826       279.82019                      279.82019
  0.00034897086       140.04109      0.82311374       1.3989647      0.45468295      0.24754097      0.13102826       0.13102826       279.82012                      279.82012
  0.00034901312       140.04097      0.39991792       1.6191101       0.8870316      0.37483505      0.13102826       0.13102826       279.81988                      279.81988
   0.0003490474       140.04087      0.40264187        1.328893      0.58466027      0.46587415      0.13102826       0.13102826       279.81968                      279.81968
  0.00034913104       140.04063       1.2527256      0.77412287      0.25353754       0.1899877      0.13102826       0.13102826        279.8192                       279.8192
  0.00034913929        140.0406       1.9269344       1.2046716      0.30489499      0.10931293      0.13102826       0.13102826       279.81915                      279.81915
  0.00034914267        140.0406      0.21447135       1.3912764      0.70013333       0.4800863      0.13102826       0.13102826       279.81913                      279.81913
  0.00034914715       140.04058      0.62171485       1.5497016      0.52696623       0.2976694      0.13102826       0.13102826       279.81911                      279.81911
  0.00034934065       140.04003      0.35412395       1.9392719      0.93016341      0.20840097      0.13102826       0.13102826         279.818                        279.818
  0.00034935534       140.03999      0.67557872       1.0270994      0.19385618      0.37288567      0.13102826       0.13102826       279.81792                      279.81792
  0.00034939514       140.03987      0.45877507       1.9926755      0.15951766      0.28824112      0.13102826       0.13102826       279.81769                      279.81769
  0.00034940543       140.03984       1.3570826       1.9725654      0.83185548         0.14441      0.13102826       0.13102826       279.81763                      279.81763
  0.00034942026        140.0398      0.41341173      0.80407679      0.60549797      0.14134727      0.13102826       0.13102826       279.81754                      279.81754
  0.00034943498       140.03976      0.70349422       1.0537772      0.70516525      0.34627287      0.13102826       0.13102826       279.81746                      279.81746
  0.00034952079       140.03951       1.0221529       1.6690415      0.84841203      0.19086605      0.13102826       0.13102826       279.81697                      279.81697
   0.0003495254        140.0395        1.294778       1.1000382      0.33420707      0.16731701      0.13102826       0.13102826       279.81694                      279.81694
  0.00034961718       140.03924       0.3486337       1.4826152      0.86923398      0.18166677      0.13102826       0.13102826       279.81642                      279.81642
  0.00034963498       140.03919      0.28163787       1.4145426      0.51481404      0.49109612      0.13102826       0.13102826       279.81632                      279.81632
  0.00034963852       140.03918       0.5611016      0.86356457       0.2653443      0.10457627      0.13102826       0.13102826        279.8163                       279.8163
  0.00034964159       140.03917      0.20222887       1.3604094      0.89325746      0.41146542      0.13102826       0.13102826       279.81628                      279.81628
  0.00034966177       140.03911      0.16177158      0.90667895       0.4557815      0.39968252      0.13102826       0.13102826       279.81616                      279.81616
  0.00034974282       140.03888       0.2629695       1.6036435      0.67494681      0.35925842      0.13102826       0.13102826        279.8157                       279.8157
  0.00034978331       140.03876      0.23742211       1.3024679      0.63837457      0.28219354      0.13102826       0.13102826       279.81547                      279.81547
   0.0003498177       140.03866      0.85040597        1.380086      0.83099852      0.23973451      0.13102826       0.13102826       279.81527                      279.81527
  0.00034982558       140.03864      0.59948466        1.622414      0.56426818      0.10126248      0.13102826       0.13102826       279.81523                      279.81523
  0.00034986355       140.03853       1.1671449       1.7519071       0.2023006      0.16749196      0.13102826       0.13102826       279.81501                      279.81501
  0.00034987135       140.03851       0.9594343       1.1738232      0.75530185      0.22648781      0.13102826       0.13102826       279.81496                      279.81496
   0.0003498817       140.03848      0.41711147       1.0227719      0.24701765      0.14303472      0.13102826       0.13102826        279.8149                       279.8149
   0.0003499546       140.03827      0.36431587       1.4917217      0.78140542      0.42230755      0.13102826       0.13102826       279.81449                      279.81449
   0.0003499857       140.03818        1.967251       1.7412961      0.35529886      0.10314833      0.13102826       0.13102826       279.81431                      279.81431
  0.00034999027       140.03817       1.1815418        1.244742       0.6825283      0.17844218      0.13102826       0.13102826       279.81428                      279.81428
  0.00035000441       140.03813       1.5910431      0.60956424      0.49834274      0.14544678      0.13102826       0.13102826        279.8142                       279.8142
  0.00035000978       140.03811      0.20575203      0.58762732      0.16013933      0.29441739      0.13102826       0.13102826       279.81417                      279.81417
  0.00035002024       140.03808       0.5807973       1.3768487      0.36721883      0.10381932      0.13102826       0.13102826       279.81411                      279.81411
  0.00035004946         140.038       1.8222823       1.2142419     0.010703351      0.11483788      0.13102826       0.13102826       279.81395                      279.81395
  0.00035008857       140.03789      0.79254072      0.80377151      0.40304415      0.37207395      0.13102826       0.13102826       279.81372                      279.81372
  0.00035010197       140.03785      0.32732087       1.7527824      0.99915901      0.22272805      0.13102826       0.13102826       279.81365                      279.81365
  0.00035010681       140.03784       1.8517105      0.95109657     0.043630617      0.11575825      0.13102826       0.13102826       279.81362                      279.81362
  0.00035022262       140.03751      0.40892184       1.5967362      0.96968666      0.15655225      0.13102826       0.13102826       279.81296                      279.81296
  0.00035025471       140.03742      0.40509185       1.7031311      0.98522458      0.16174816      0.13102826       0.13102826       279.81277                      279.81277
  0.00035028596       140.03733       1.2486788       1.0587319       0.3451472      0.17455247      0.13102826       0.13102826        279.8126                       279.8126
   0.0003503127       140.03725      0.16477607      0.84175767      0.34423587      0.39106056      0.13102826       0.13102826       279.81244                      279.81244
  0.00035047392       140.03679      0.74394058       1.2961836      0.62320146      0.27974763      0.13102826       0.13102826       279.81152                      279.81152
  0.00035049389       140.03673      0.25392723       1.4413315      0.14197926      0.46078575      0.13102826       0.13102826       279.81141                      279.81141
  0.00035053903        140.0366       1.1003378       1.5851317      0.19186623      0.17944866      0.13102826       0.13102826       279.81115                      279.81115
  0.00035055729       140.03655       1.3468766       1.0881368      0.23586961      0.15940292      0.13102826       0.13102826       279.81105                      279.81105
  0.00035065649       140.03627      0.47293575       1.6276472      0.25176702      0.13471358      0.13102826       0.13102826       279.81048                      279.81048
  0.00035066751       140.03624      0.60186706       1.7173139      0.22523739      0.28115883      0.13102826       0.13102826       279.81042                      279.81042
  0.00035073886       140.03603      0.46891945       1.6212727      0.86743965      0.13626317      0.13102826       0.13102826       279.81001                      279.81001
  0.00035075527       140.03599      0.36741395       1.9239108      0.39174033      0.28261835      0.13102826       0.13102826       279.80992                      279.80992
  0.00035083691       140.03575      0.37415254       1.9715346     0.043410589      0.26822838      0.13102826       0.13102826       279.80945                      279.80945
  0.00035084895       140.03572      0.43372273       1.0554281      0.89444641      0.14123192      0.13102826       0.13102826       279.80938                      279.80938
  0.00035085285       140.03571      0.97387484       1.0827025        0.856154      0.22821383      0.13102826       0.13102826       279.80936                      279.80936
  0.00035090969       140.03555      0.48071685        1.548726    0.0013077203      0.34822302      0.13102826       0.13102826       279.80904                      279.80904
  0.00035096798       140.03538       1.3505165      0.71525846     0.096061252      0.17300502      0.13102826       0.13102826       279.80871                      279.80871
  0.00035111237       140.03497      0.24166679       1.4761285      0.48140325      0.35711414      0.13102826       0.13102826       279.80788                      279.80788
  0.00035115203       140.03486      0.36519633       1.8750234      0.88060035      0.20966351      0.13102826       0.13102826       279.80766                      279.80766
  0.00035118105       140.03477      0.27866253        1.330339      0.49199499       0.2426363      0.13102826       0.13102826       279.80749                      279.80749
  0.00035122361       140.03465      0.92907907       1.7379068    0.0044141502      0.20160113      0.13102826       0.13102826       279.80725                      279.80725
  0.00035132762       140.03436      0.16117134      0.91004158      0.21252435      0.42487181      0.13102826       0.13102826       279.80666                      279.80666
  0.00035133802       140.03433       1.6898605       1.9570346     0.099719848      0.11663806      0.13102826       0.13102826        279.8066                       279.8066
  0.00035135796       140.03427      0.96141994       1.5337801       0.7268074      0.20320477      0.13102826       0.13102826       279.80648                      279.80648
  0.00035137416       140.03422      0.68731618       1.1582296       0.9381644      0.32446513      0.13102826       0.13102826       279.80639                      279.80639
  0.00035138692       140.03419      0.48610796       1.4131388       0.2802489      0.37449226      0.13102826       0.13102826       279.80632                      279.80632
  0.00035142429       140.03408       1.8376805      0.89932327      0.99390793      0.11617517      0.13102826       0.13102826       279.80611                      279.80611
  0.00035144111       140.03403       1.4395698        1.810661      0.49189184      0.13612399      0.13102826       0.13102826       279.80601                      279.80601
  0.00035154643       140.03373      0.96496239       1.1735562      0.82455706      0.22199236      0.13102826       0.13102826       279.80541                      279.80541
  0.00035158862       140.03361       0.1954461      0.53950603      0.60413473      0.32464627      0.13102826       0.13102826       279.80517                      279.80517
  0.00035158958       140.03361      0.42051791        1.910849      0.76073356      0.28972655      0.13102826       0.13102826       279.80517                      279.80517
  0.00035165467       140.03343      0.30865641       1.3427353     0.066331239      0.21782091      0.13102826       0.13102826        279.8048                       279.8048
  0.00035166218        140.0334      0.38680715      0.88957719      0.66133537      0.16075997      0.13102826       0.13102826       279.80475                      279.80475
  0.00035167383       140.03337      0.34244759       1.4763219      0.99529658      0.42511804      0.13102826       0.13102826       279.80469                      279.80469
  0.00035167874       140.03336      0.29208033       1.1913719       0.2529617      0.22446159      0.13102826       0.13102826       279.80466                      279.80466
  0.00035178008       140.03307       1.3428173       1.4242873      0.84561254      0.15042327      0.13102826       0.13102826       279.80408                      279.80408
  0.00035182186       140.03295       1.3964926       0.5487785      0.48044639      0.17353914      0.13102826       0.13102826       279.80385                      279.80385
  0.00035184084        140.0329      0.28001395       1.2792752      0.12000516      0.24258633      0.13102826       0.13102826       279.80374                      279.80374
  0.00035185517       140.03286       0.4399036       1.7390393        0.060902      0.31980465      0.13102826       0.13102826       279.80366                      279.80366
  0.00035187447        140.0328      0.65775459       1.5797853      0.16671779      0.27421285      0.13102826       0.13102826       279.80355                      279.80355
   0.0003518961       140.03274      0.16562154      0.54608846      0.75270997      0.39543826      0.13102826       0.13102826       279.80342                      279.80342
   0.0003519374       140.03262      0.65154218       1.9545994      0.89240128      0.10083408      0.13102826       0.13102826       279.80319                      279.80319
   0.0003519394       140.03262      0.20682536       1.2979382      0.14027426      0.40540435      0.13102826       0.13102826       279.80318                      279.80318
  0.00035195701       140.03257      0.73870569        1.477798      0.56599977      0.25874978      0.13102826       0.13102826       279.80308                      279.80308
   0.0003519654       140.03254       1.3274146       1.2433685      0.90104296      0.15585709      0.13102826       0.13102826       279.80303                      279.80303
  0.00035202716       140.03237      0.31920668       1.4377368     0.082313278      0.44717356      0.13102826       0.13102826       279.80268                      279.80268
  0.00035204278       140.03232      0.46783345      0.73689367       0.5788363      0.13317743      0.13102826       0.13102826       279.80259                      279.80259
  0.00035205452       140.03229      0.39268673       1.9890302      0.26488044      0.21207409      0.13102826       0.13102826       279.80252                      279.80252
    0.000352103       140.03215      0.56416767        1.578209      0.86527787       0.1150284      0.13102826       0.13102826       279.80225                      279.80225
  0.00035213011       140.03208      0.67475428       1.4327308     0.075198093      0.28399448      0.13102826       0.13102826       279.80209                      279.80209
   0.0003521305       140.03207       0.2608696       1.4435307      0.73605802      0.29694029      0.13102826       0.13102826       279.80209                      279.80209
  0.00035216022       140.03199       1.3976682       1.7940842       0.8422635       0.1391443      0.13102826       0.13102826       279.80192                      279.80192
  0.00035217784       140.03194      0.32214454       1.3344322      0.31390516      0.49758239      0.13102826       0.13102826       279.80182                      279.80182
  0.00035219498       140.03189      0.40109137      0.96967312    0.0053251202      0.15776308      0.13102826       0.13102826       279.80173                      279.80173
  0.00035220842       140.03185      0.57812494       1.2583939       0.0561806       0.3585706      0.13102826       0.13102826       279.80165                      279.80165
  0.00035223777       140.03177      0.17398568      0.85913219      0.20438663      0.38838189      0.13102826       0.13102826       279.80148                      279.80148
  0.00035225605       140.03172      0.25183501        1.323187      0.75166315      0.28921337      0.13102826       0.13102826       279.80138                      279.80138
  0.00035229951       140.03159      0.98280703      0.82651134      0.85229751      0.25207287      0.13102826       0.13102826       279.80113                      279.80113
  0.00035230296       140.03158      0.19113418      0.87258338      0.30484197      0.34800016      0.13102826       0.13102826       279.80111                      279.80111
  0.00035236237       140.03142      0.29648294       1.5648648      0.66757996      0.37620804      0.13102826       0.13102826       279.80077                      279.80077
   0.0003524274       140.03123      0.57113462      0.98736549     0.081622941      0.11077446      0.13102826       0.13102826       279.80041                      279.80041
  0.00035243106       140.03122       1.1849844      0.58503421       0.6574997      0.21854118      0.13102826       0.13102826       279.80038                      279.80038
     0.00035245       140.03117      0.50590569       1.6189088     0.040553595      0.13167331      0.13102826       0.13102826       279.80028                      279.80028
  0.00035245428       140.03115      0.60009696       1.6796991      0.91549041      0.27967516      0.13102826       0.13102826       279.80025                      279.80025
  0.00035251114       140.03099      0.21812848      0.51247496      0.71440656       0.2945616      0.13102826       0.13102826       279.79993                      279.79993
  0.00035256545       140.03084      0.28969816       1.5978601      0.22461186      0.30438747      0.13102826       0.13102826       279.79962                      279.79962
  0.00035261479        140.0307      0.30547868       1.0824627      0.54101157      0.21503353      0.13102826       0.13102826       279.79934                      279.79934
  0.00035261603        140.0307       0.3259363        1.716906      0.98276771       0.2624018      0.13102826       0.13102826       279.79934                      279.79934
  0.00035266298       140.03056      0.80750762       1.1493113       0.5801609      0.26976209      0.13102826       0.13102826       279.79907                      279.79907
  0.00035271802       140.03041       1.4727608      0.89138191       0.5676044      0.14715203      0.13102826       0.13102826       279.79876                      279.79876
  0.00035278967        140.0302      0.41072426       1.9755673   0.00090990286      0.25878427      0.13102826       0.13102826       279.79835                      279.79835
    0.000352807       140.03015       1.3653373       1.4891878      0.53979367      0.14560383      0.13102826       0.13102826       279.79825                      279.79825
  0.00035282327       140.03011      0.71760719       1.2206733      0.41304522      0.29466068      0.13102826       0.13102826       279.79816                      279.79816
  0.00035285805       140.03001       1.9231283       1.3187822      0.16331825      0.10549378      0.13102826       0.13102826       279.79796                      279.79796
  0.00035292959       140.02981       1.4696421       1.3298401      0.27906667      0.13785655      0.13102826       0.13102826       279.79756                      279.79756
  0.00035295762       140.02973      0.98782145      0.54271115      0.17743738      0.33707614      0.13102826       0.13102826        279.7974                       279.7974
  0.00035295944       140.02972      0.69334054      0.83886445      0.31008186      0.43425386      0.13102826       0.13102826       279.79739                      279.79739
  0.00035312654       140.02925      0.65923433       1.6663729      0.37698729      0.10072744      0.13102826       0.13102826       279.79644                      279.79644
  0.00035313703       140.02922      0.56010624       1.0999635      0.45046295      0.41937116      0.13102826       0.13102826       279.79638                      279.79638
  0.00035317184       140.02912      0.31021982       1.1130286      0.50417298      0.21579896      0.13102826       0.13102826       279.79619                      279.79619
  0.00035323741       140.02894      0.15231783      0.72433131      0.36046885       0.4583444      0.13102826       0.13102826       279.79581                      279.79581
  0.00035328207       140.02881      0.22815826       1.3465199      0.23174004      0.38579307      0.13102826       0.13102826       279.79556                      279.79556
  0.00035339549       140.02849       1.2897179       1.3652197      0.97115959      0.15559726      0.13102826       0.13102826       279.79492                      279.79492
  0.00035340675       140.02846      0.23241027        1.212135      0.11550996      0.31900486      0.13102826       0.13102826       279.79486                      279.79486
  0.00035341313       140.02844       1.3746082      0.53297055      0.14766154       0.1760916      0.13102826       0.13102826       279.79482                      279.79482
   0.0003534199       140.02842      0.48975825       1.8777737      0.76634426      0.14764983      0.13102826       0.13102826       279.79478                      279.79478
  0.00035347734       140.02826       1.5509225       1.8819763      0.76046134       0.1243387      0.13102826       0.13102826       279.79446                      279.79446
  0.00035349601        140.0282       0.4314125       1.8720834     0.047028058      0.28215615      0.13102826       0.13102826       279.79435                      279.79435
   0.0003535061       140.02818      0.42775042       1.9682875      0.73896231      0.25834981      0.13102826       0.13102826       279.79429                      279.79429
  0.00035352291       140.02813      0.19673583      0.58339825       0.9426434      0.33772591      0.13102826       0.13102826        279.7942                       279.7942
  0.00035352834       140.02811       1.7162824       1.1381063       0.1598555      0.11962147      0.13102826       0.13102826       279.79417                      279.79417
  0.00035357907       140.02797      0.42859037       1.5011441      0.50104738      0.36882516      0.13102826       0.13102826       279.79388                      279.79388
   0.0003535827       140.02796      0.19922243      0.53426696      0.86869939      0.33384391      0.13102826       0.13102826       279.79386                      279.79386
  0.00035360136       140.02791       0.4994389       1.5380734       0.3391181      0.33070878      0.13102826       0.13102826       279.79375                      279.79375
  0.00035360794       140.02789      0.86291654       1.0977721      0.37830197      0.25440393      0.13102826       0.13102826       279.79372                      279.79372
  0.00035362816       140.02783       1.4593157       1.9682354      0.57871051      0.13048888      0.13102826       0.13102826        279.7936                       279.7936
  0.00035368353       140.02767      0.34876596       1.3528455      0.82134007      0.46264012      0.13102826       0.13102826       279.79329                      279.79329
  0.00035370136       140.02762       1.2645414       1.0628994      0.61853958      0.16717042      0.13102826       0.13102826       279.79319                      279.79319
  0.00035372391       140.02756      0.40402689       1.8829451      0.32226551      0.27118758      0.13102826       0.13102826       279.79306                      279.79306
  0.00035374853       140.02749      0.83339505      0.69083155      0.43883866      0.38695659      0.13102826       0.13102826       279.79292                      279.79292
  0.00035378513       140.02739      0.40909234       0.8783709      0.47790619       0.1601451      0.13102826       0.13102826       279.79272                      279.79272
  0.00035379355       140.02736       1.8214294       1.3645519       0.7287701      0.11013773      0.13102826       0.13102826       279.79267                      279.79267
  0.00035379514       140.02736      0.42319298       1.2010969      0.83424126       0.4840109      0.13102826       0.13102826       279.79266                      279.79266
   0.0003538052       140.02733      0.40764748       1.9545478      0.77461009      0.24154971      0.13102826       0.13102826        279.7926                       279.7926
  0.00035383116       140.02726       1.7416132      0.94362217      0.65388565      0.12008924      0.13102826       0.13102826       279.79246                      279.79246
   0.0003538515        140.0272      0.18965976       1.1832699     0.084378124      0.49243452      0.13102826       0.13102826       279.79234                      279.79234
  0.00035386894       140.02715       1.2958154       1.8234586      0.66974702      0.14626766      0.13102826       0.13102826       279.79224                      279.79224
   0.0003539229         140.027        1.577356       1.6241901      0.89793811      0.12407091      0.13102826       0.13102826       279.79194                      279.79194
  0.00035392671       140.02699      0.73475385       1.4902035      0.57898177      0.25374058      0.13102826       0.13102826       279.79192                      279.79192
  0.00035392993       140.02698      0.83910982      0.93244389     0.074337399       0.2896125      0.13102826       0.13102826        279.7919                       279.7919
  0.00035393536       140.02696      0.37328435      0.54877522     0.024996772      0.17444435      0.13102826       0.13102826       279.79187                      279.79187
  0.00035403861       140.02667      0.53367386       1.9090436      0.46995996      0.26329657      0.13102826       0.13102826       279.79128                      279.79128
   0.0003540643        140.0266       1.7219937      0.97816276        0.359221      0.12081439      0.13102826       0.13102826       279.79114                      279.79114
  0.00035411623       140.02645       1.0967771      0.66210399      0.37371924      0.23256847      0.13102826       0.13102826       279.79084                      279.79084
  0.00035419771       140.02622      0.51701463       1.2043754      0.93256764      0.40704381      0.13102826       0.13102826       279.79038                      279.79038
  0.00035420826       140.02619      0.30225444       1.5764925      0.53011398      0.31797474      0.13102826       0.13102826       279.79032                      279.79032
  0.00035420873       140.02619      0.37781037       1.2426484       0.2319085      0.49644326      0.13102826       0.13102826       279.79032                      279.79032
  0.00035423728       140.02611       1.1209852       1.6758343      0.47435436      0.16846874      0.13102826       0.13102826       279.79016                      279.79016
  0.00035433777       140.02583       1.4169105       1.2084509     0.089187937      0.14358839      0.13102826       0.13102826       279.78959                      279.78959
  0.00035437224       140.02573       0.3661905       1.4315812      0.55047236      0.19793695      0.13102826       0.13102826        279.7894                       279.7894
  0.00035441673        140.0256      0.56806727       1.4882468     0.092037044      0.12102079      0.13102826       0.13102826       279.78915                      279.78915
  0.00035443288       140.02556      0.83000504      0.70205443      0.43925762      0.37995357      0.13102826       0.13102826       279.78906                      279.78906
  0.00035443776       140.02554      0.60051881       1.7404109      0.90593754       0.1167838      0.13102826       0.13102826       279.78903                      279.78903
  0.00035447544       140.02544       1.1806488       0.7918365      0.81383877      0.19489224      0.13102826       0.13102826       279.78882                      279.78882
  0.00035451201       140.02533      0.22525317       1.2941443       0.4614792      0.39450452      0.13102826       0.13102826       279.78861                      279.78861
  0.00035460258       140.02508       1.7033893       1.9734508      0.98239575      0.11240218      0.13102826       0.13102826        279.7881                       279.7881
  0.00035460383       140.02507      0.33478346       1.3454483      0.65915251      0.21746128      0.13102826       0.13102826       279.78809                      279.78809
  0.00035461649       140.02504      0.80197616       1.2125059      0.92720385      0.25904619      0.13102826       0.13102826       279.78802                      279.78802
   0.0003546255       140.02501      0.67206927       1.0086997      0.45255383      0.36443738      0.13102826       0.13102826       279.78797                      279.78797
  0.00035463413       140.02499      0.68350365       1.6161312      0.68204802      0.10074081      0.13102826       0.13102826       279.78792                      279.78792
  0.00035471442       140.02476      0.22968392       1.2926568      0.84821612      0.48206589      0.13102826       0.13102826       279.78747                      279.78747
  0.00035476588       140.02462       0.1504707      0.51061474      0.21779965      0.47761592      0.13102826       0.13102826       279.78718                      279.78718
  0.00035483319       140.02443      0.21534574      0.51044769      0.48257244      0.31582547      0.13102826       0.13102826        279.7868                       279.7868
  0.00035485316       140.02437      0.38167324       1.4166663      0.46161746      0.19045257      0.13102826       0.13102826       279.78669                      279.78669
   0.0003548584       140.02436      0.21472883       1.1995493      0.93261109      0.38304344      0.13102826       0.13102826       279.78666                      279.78666
  0.00035497345       140.02403      0.21222015       1.2021964      0.69213167      0.39625834      0.13102826       0.13102826       279.78601                      279.78601
  0.00035500022       140.02396      0.62424259       1.6069531      0.69367083      0.27173627      0.13102826       0.13102826       279.78586                      279.78586
  0.00035503137       140.02387       1.1876087      0.98821622      0.63582374      0.18056284      0.13102826       0.13102826       279.78568                      279.78568
  0.00035504679       140.02383      0.47752769      0.74670245       0.9910091      0.14057008      0.13102826       0.13102826        279.7856                       279.7856
  0.00035511655       140.02363      0.54889636       0.8694745      0.72354709      0.12295116      0.13102826       0.13102826        279.7852                       279.7852
  0.00035513475       140.02358      0.75388622       1.0172049     0.051084382      0.31019439      0.13102826       0.13102826        279.7851                       279.7851
  0.00035513766       140.02357       1.2304326      0.88211694      0.76135676      0.17831921      0.13102826       0.13102826       279.78508                      279.78508
    0.000355194       140.02341      0.15821517      0.83706684      0.17467314       0.4790987      0.13102826       0.13102826       279.78477                      279.78477
  0.00035519948        140.0234      0.28788113       1.0676997      0.43867783       0.2460479      0.13102826       0.13102826       279.78474                      279.78474
  0.00035521227       140.02336       0.5435854       1.4369111      0.90197095      0.32530475      0.13102826       0.13102826       279.78466                      279.78466
  0.00035521685       140.02335        1.115342      0.79139597       0.2368167      0.20902445      0.13102826       0.13102826       279.78464                      279.78464
  0.00035531441       140.02307      0.46323784       1.7520127      0.90204823      0.16542339      0.13102826       0.13102826       279.78409                      279.78409
  0.00035547478       140.02262       1.4012382      0.91587272      0.93682818      0.15131709      0.13102826       0.13102826       279.78319                      279.78319
  0.00035550232       140.02254       1.1514374       0.9208666      0.58572924      0.19031444      0.13102826       0.13102826       279.78303                      279.78303
   0.0003555449       140.02242      0.34801369       1.1062014       0.5423593      0.20295604      0.13102826       0.13102826       279.78279                      279.78279
  0.00035555827       140.02239       1.4004968      0.91144342     0.039689663      0.15143241      0.13102826       0.13102826       279.78272                      279.78272
  0.00035562459        140.0222      0.87711021       1.7144027      0.16601611      0.20281915      0.13102826       0.13102826       279.78234                      279.78234
   0.0003556318       140.02218       1.2928825       1.3269939      0.27206554      0.15299809      0.13102826       0.13102826        279.7823                       279.7823
  0.00035571487       140.02195      0.39597419       1.2047633      0.72384482      0.17989754      0.13102826       0.13102826       279.78184                      279.78184
  0.00035574324       140.02187      0.36607217        1.468589      0.79958107      0.38782038      0.13102826       0.13102826       279.78168                      279.78168
  0.00035579854       140.02171      0.43225217       1.9069197      0.68065635      0.24160069      0.13102826       0.13102826       279.78137                      279.78137
  0.00035580561       140.02169      0.71243714       1.8200463      0.88573145      0.10119023      0.13102826       0.13102826       279.78133                      279.78133
  0.00035585675       140.02155      0.77958551       1.6215333      0.42487429      0.22713202      0.13102826       0.13102826       279.78104                      279.78104
  0.00035586351       140.02153      0.88090447      0.77851617      0.81022864      0.30092031      0.13102826       0.13102826         279.781                        279.781
  0.00035589981       140.02143      0.33746758       1.6100828       0.4011544      0.30541217      0.13102826       0.13102826        279.7808                       279.7808
  0.00035590387       140.02142      0.45777036       1.8788668      0.59977522      0.25980809      0.13102826       0.13102826       279.78077                      279.78077
  0.00035592661       140.02135        1.308151      0.72326075      0.62818276      0.17213303      0.13102826       0.13102826       279.78065                      279.78065
  0.00035595919       140.02126      0.31165249       1.3682035      0.87571873       0.2530156      0.13102826       0.13102826       279.78046                      279.78046
   0.0003560214       140.02108      0.51823334      0.68738724      0.94510366      0.13242643      0.13102826       0.13102826       279.78011                      279.78011
   0.0003560352       140.02105      0.36223109       1.5039592      0.17188788      0.37126759      0.13102826       0.13102826       279.78004                      279.78004
  0.00035608835        140.0209      0.65498446       1.1430031      0.25436682      0.33051335      0.13102826       0.13102826       279.77974                      279.77974
  0.00035609359       140.02088      0.65805702      0.53237534     0.011207961      0.10437674      0.13102826       0.13102826       279.77971                      279.77971
  0.00035609577       140.02088       1.1170786       1.3154055      0.83264474      0.17653233      0.13102826       0.13102826        279.7797                       279.7797
  0.00035618378       140.02063      0.26369161      0.99283592      0.31417028      0.27439461      0.13102826       0.13102826        279.7792                       279.7792
  0.00035620562       140.02057      0.58200046      0.95024849      0.50301414       0.4644598      0.13102826       0.13102826       279.77908                      279.77908
  0.00035635301       140.02015      0.70983911      0.97082123      0.46422869      0.34559552      0.13102826       0.13102826       279.77825                      279.77825
  0.00035636151       140.02013      0.40849097      0.68687164      0.56179259       0.1693009      0.13102826       0.13102826        279.7782                       279.7782
  0.00035636345       140.02012      0.44171455       1.9155195      0.77934422      0.21575342      0.13102826       0.13102826       279.77819                      279.77819
   0.0003563765       140.02009      0.60410518       1.9372533      0.76871938      0.12693305      0.13102826       0.13102826       279.77812                      279.77812
  0.00035638765       140.02006      0.34819016       1.5182938       0.1956853      0.23824208      0.13102826       0.13102826       279.77806                      279.77806
  0.00035639457       140.02004      0.49936096       1.9821293      0.39531841      0.23828403      0.13102826       0.13102826       279.77802                      279.77802
  0.00035642915       140.01994      0.98009575      0.98280114      0.64873424      0.22438215      0.13102826       0.13102826       279.77782                      279.77782
  0.00035643429       140.01993      0.42032486       1.3612014       0.6595698      0.40140899      0.13102826       0.13102826        279.7778                       279.7778
  0.00035650457       140.01973      0.37134543       1.6390804      0.99238174      0.30844597      0.13102826       0.13102826        279.7774                       279.7774
  0.00035651341        140.0197      0.26278069       1.3693784      0.19546388       0.3741875      0.13102826       0.13102826       279.77735                      279.77735
  0.00035652294       140.01968       1.2000132      0.58060039      0.36403376      0.20602871      0.13102826       0.13102826        279.7773                       279.7773
  0.00035663156       140.01937      0.59514206      0.93251545      0.22805166      0.11799668      0.13102826       0.13102826       279.77669                      279.77669
  0.00035665844        140.0193        0.535095       1.7069775       0.2582055      0.14278866      0.13102826       0.13102826       279.77654                      279.77654
  0.00035666031       140.01929      0.42700328        1.786878      0.32345215      0.26918957      0.13102826       0.13102826       279.77653                      279.77653
  0.00035666756       140.01927      0.56364584       1.8351654      0.96376876      0.25376747      0.13102826       0.13102826       279.77649                      279.77649
  0.00035668214       140.01923      0.32521077       1.4191024      0.63097974      0.25222309      0.13102826       0.13102826       279.77641                      279.77641
  0.00035670718       140.01916      0.79190556       1.1958861      0.61138484      0.25912192      0.13102826       0.13102826       279.77626                      279.77626
  0.00035679629       140.01891      0.75247555        1.043382      0.53198651      0.30002679      0.13102826       0.13102826       279.77577                      279.77577
  0.00035690092       140.01862       1.6080996       1.7797777      0.81666223       0.1171781      0.13102826       0.13102826       279.77518                      279.77518
  0.00035691806       140.01857      0.39187369      0.62289677      0.53337123      0.17843757      0.13102826       0.13102826       279.77508                      279.77508
  0.00035694437        140.0185       1.0289467      0.63189088      0.74187855      0.25886304      0.13102826       0.13102826       279.77494                      279.77494
  0.00035706854       140.01815      0.27691001        1.384073       0.7421981      0.39575843      0.13102826       0.13102826       279.77424                      279.77424
  0.00035709196       140.01808      0.35922371       1.5059173      0.75727461      0.23259826      0.13102826       0.13102826       279.77411                      279.77411
  0.00035710524       140.01805      0.25239821      0.88367337     0.095721087      0.28850706      0.13102826       0.13102826       279.77403                      279.77403
  0.00035719554       140.01779      0.29277856      0.51797499      0.94799584       0.2406584      0.13102826       0.13102826       279.77353                      279.77353
  0.00035727651       140.01757      0.73539383       1.6710674      0.36195107      0.10073379      0.13102826       0.13102826       279.77307                      279.77307
  0.00035733165       140.01741       1.3961549       1.3099965      0.03320077      0.13977007      0.13102826       0.13102826       279.77277                      279.77277
  0.00035736747       140.01731      0.46058714       1.3672127      0.73306435      0.16376821      0.13102826       0.13102826       279.77257                      279.77257
  0.00035740018       140.01722      0.41325721       1.4484158       0.4382143      0.18968214      0.13102826       0.13102826       279.77238                      279.77238
  0.00035741905       140.01717      0.92863326       1.0471135       0.5290724      0.23047202      0.13102826       0.13102826       279.77228                      279.77228
  0.00035744818       140.01709       0.5166741       1.9876496       0.7754708      0.22854888      0.13102826       0.13102826       279.77211                      279.77211
  0.00035745454       140.01707      0.33236413       1.1763268      0.85288885      0.22877745      0.13102826       0.13102826       279.77208                      279.77208
  0.00035748182       140.01699         1.16477       1.4545457      0.18451342      0.16292152      0.13102826       0.13102826       279.77193                      279.77193
  0.00035752058       140.01688      0.28650101       1.4064504       0.5980052       0.3563751      0.13102826       0.13102826       279.77171                      279.77171
  0.00035761485       140.01662      0.85588847       1.9895572      0.23490955      0.19029157      0.13102826       0.13102826       279.77118                      279.77118
  0.00035761508       140.01662       1.2280571       1.2893343     0.067062218        0.159006      0.13102826       0.13102826       279.77118                      279.77118
  0.00035762218        140.0166      0.49187195       1.9582964      0.63333749       0.1875223      0.13102826       0.13102826       279.77114                      279.77114
  0.00035762418       140.01659      0.96776889       1.0821645      0.62487559      0.21610357      0.13102826       0.13102826       279.77113                      279.77113
  0.00035767635       140.01645      0.26354581       1.2244749      0.42037015      0.31665622      0.13102826       0.13102826       279.77084                      279.77084
  0.00035768543       140.01642      0.47231859       1.3924757      0.66736873      0.16139398      0.13102826       0.13102826       279.77079                      279.77079
  0.00035779743       140.01611      0.41193305        1.727403      0.77154298      0.26376482      0.13102826       0.13102826       279.77016                      279.77016
  0.00035781161       140.01607      0.17502259      0.84715801      0.03799168      0.45276908      0.13102826       0.13102826       279.77008                      279.77008
  0.00035805403       140.01539      0.44784672       1.5662532      0.30717318      0.18160009      0.13102826       0.13102826       279.76873                      279.76873
  0.00035811777       140.01521       1.7404241       1.4035408      0.53350497      0.11037737      0.13102826       0.13102826       279.76837                      279.76837
  0.00035817429       140.01506       1.8702516       1.2695098      0.67971975      0.10379771      0.13102826       0.13102826       279.76806                      279.76806
  0.00035820798       140.01496      0.20164185      0.92916589      0.14583445       0.3929642      0.13102826       0.13102826       279.76787                      279.76787
  0.00035831355       140.01467      0.24511025      0.78895027      0.36566356      0.30214186      0.13102826       0.13102826       279.76728                      279.76728
  0.00035843805       140.01432      0.48974982       1.7402874      0.16237287      0.26724184      0.13102826       0.13102826       279.76658                      279.76658
  0.00035844708       140.01429      0.26899083       1.3292376      0.86010594      0.38801885      0.13102826       0.13102826       279.76653                      279.76653
  0.00035844761       140.01429        0.385396       1.5463494     0.055721242      0.22817789      0.13102826       0.13102826       279.76653                      279.76653
  0.00035846311       140.01425      0.18089097      0.83007725      0.43757574      0.43810552      0.13102826       0.13102826       279.76644                      279.76644
   0.0003584939       140.01416       0.2226482      0.93464735      0.97340248      0.35029714      0.13102826       0.13102826       279.76627                      279.76627
   0.0003585173        140.0141      0.35519324       1.4637597      0.71599595      0.36198392      0.13102826       0.13102826       279.76614                      279.76614
  0.00035857957       140.01393      0.28874928       1.3723975     0.035300525      0.38312329      0.13102826       0.13102826       279.76579                      279.76579
  0.00035861611       140.01382      0.30516689       1.3884713      0.33042385        0.304981      0.13102826       0.13102826       279.76559                      279.76559
  0.00035862697       140.01379       1.2191893       1.9153563      0.66818583      0.14529498      0.13102826       0.13102826       279.76553                      279.76553
  0.00035877014       140.01339      0.39713138       1.4914716     0.090446524      0.34454091      0.13102826       0.13102826       279.76473                      279.76473
  0.00035883921        140.0132      0.51660012       1.2345185       0.1673654      0.14781144      0.13102826       0.13102826       279.76435                      279.76435
  0.00035890958       140.01301      0.48651921       1.6748284      0.10173929      0.17427859      0.13102826       0.13102826       279.76395                      279.76395
  0.00035891705       140.01298      0.54801485       1.9668798      0.12277655       0.1647321      0.13102826       0.13102826       279.76391                      279.76391
  0.00035893639       140.01293      0.64158554       1.6496021      0.66603751      0.12295145      0.13102826       0.13102826        279.7638                       279.7638
  0.00035895561       140.01288       0.4053835       1.2944386      0.28173919      0.19602484      0.13102826       0.13102826        279.7637                       279.7637
  0.00035897281       140.01283      0.44748969       1.7763308      0.37142968      0.22810108      0.13102826       0.13102826        279.7636                       279.7636
  0.00035899623       140.01276       1.8328534       1.3978698       0.8169631      0.10400703      0.13102826       0.13102826       279.76347                      279.76347
  0.00035900694       140.01273        1.596017      0.50469282       0.6716729      0.13680098      0.13102826       0.13102826       279.76341                      279.76341
  0.00035900863       140.01273      0.59755136      0.81438311      0.38588235      0.12405599      0.13102826       0.13102826        279.7634                       279.7634
  0.00035902831       140.01267       1.2350625       1.4651457       0.2071423      0.15137651      0.13102826       0.13102826       279.76329                      279.76329
  0.00035903937       140.01264      0.31514104       1.3297251      0.37403422      0.43615465      0.13102826       0.13102826       279.76323                      279.76323
  0.00035904194       140.01264       1.7565504      0.53261553      0.21216947      0.12043947      0.13102826       0.13102826       279.76322                      279.76322
  0.00035909791       140.01248      0.98219695      0.52814451      0.81641305      0.32540736      0.13102826       0.13102826        279.7629                       279.7629
  0.00035914049       140.01236      0.44598883       1.1734837      0.18764437      0.45101017      0.13102826       0.13102826       279.76267                      279.76267
  0.00035925689       140.01204        1.268975       1.8799558      0.55750371      0.13992958      0.13102826       0.13102826       279.76202                      279.76202
  0.00035925973       140.01203       1.4077172       1.1905801      0.90541794      0.13829002      0.13102826       0.13102826         279.762                        279.762
    0.000359261       140.01203       1.3627391      0.57931584      0.25760009      0.16536643      0.13102826       0.13102826         279.762                        279.762
  0.00035928812       140.01195      0.59475971       1.6629586     0.015756353      0.25581981      0.13102826       0.13102826       279.76185                      279.76185
  0.00035933002       140.01183      0.61081671       1.2997233      0.34708015      0.30638937      0.13102826       0.13102826       279.76161                      279.76161
  0.00035933288       140.01183       1.3040702         1.95521       0.9724821       0.1355994      0.13102826       0.13102826        279.7616                       279.7616
  0.00035937212       140.01172       1.4331263      0.51048933      0.49896158      0.15753192      0.13102826       0.13102826       279.76138                      279.76138
  0.00035940495       140.01163      0.21552968       0.6953031      0.70083167      0.35281029      0.13102826       0.13102826        279.7612                       279.7612
  0.00035944886        140.0115       1.3549907       1.6778587     0.069780352      0.13459394      0.13102826       0.13102826       279.76095                      279.76095
  0.00035949005       140.01139      0.52462706       1.0663955     0.078082688      0.43810346      0.13102826       0.13102826       279.76072                      279.76072
  0.00035949739       140.01137      0.69727003       1.2684047      0.11975951      0.11007163      0.13102826       0.13102826       279.76068                      279.76068
  0.00035949809       140.01137      0.43930263       1.2768169      0.46162052      0.40535199      0.13102826       0.13102826       279.76068                      279.76068
  0.00035955083       140.01122       1.4666398      0.58005085      0.50966597      0.14909179      0.13102826       0.13102826       279.76038                      279.76038
  0.00035961595       140.01104       0.3371062       1.4632124      0.38889889      0.31672044      0.13102826       0.13102826       279.76002                      279.76002
   0.0003596456       140.01096      0.73298928        1.785852      0.57169864      0.10976387      0.13102826       0.13102826       279.75986                      279.75986
  0.00035964564       140.01096       0.9751942       1.6172504      0.24342118      0.18098708      0.13102826       0.13102826       279.75986                      279.75986
  0.00035966368       140.01091      0.51673324       1.9159489       0.9758259      0.21118293      0.13102826       0.13102826       279.75976                      279.75976
  0.00035969219       140.01083       1.8288149        0.735562      0.54238074      0.11060728      0.13102826       0.13102826        279.7596                       279.7596
  0.00035977516        140.0106      0.35172343       1.1785991      0.69990296      0.22977112      0.13102826       0.13102826       279.75914                      279.75914
  0.00035984492        140.0104      0.56045916       1.0817006     0.050913394       0.1373268      0.13102826       0.13102826       279.75875                      279.75875
  0.00035992913       140.01017      0.46047696       1.2672628      0.33809742      0.17361351      0.13102826       0.13102826       279.75828                      279.75828
  0.00035993705       140.01015      0.97497107        1.361024     0.071795153      0.19155143      0.13102826       0.13102826       279.75824                      279.75824
  0.00035996266       140.01008       0.3499622       1.2195913      0.48205402      0.48902226      0.13102826       0.13102826       279.75809                      279.75809
   0.0003600421       140.00985      0.16780168      0.66562973      0.44472814      0.47922105      0.13102826       0.13102826       279.75765                      279.75765
  0.00036004402       140.00985       1.5141433      0.59671998      0.63427211      0.14163977      0.13102826       0.13102826       279.75764                      279.75764
  0.00036007976       140.00975      0.74926083      0.81349542      0.93401008      0.10166511      0.13102826       0.13102826       279.75744                      279.75744
  0.00036011059       140.00966      0.72228227      0.61928776      0.61407675      0.10500086      0.13102826       0.13102826       279.75727                      279.75727
  0.00036012628       140.00962       1.3209898       1.4458847      0.35072588       0.1406661      0.13102826       0.13102826       279.75719                      279.75719
  0.00036014144       140.00958      0.84939096      0.56600597      0.29067285       0.4730256      0.13102826       0.13102826        279.7571                       279.7571
  0.00036015982       140.00953      0.20703087      0.62465093     0.071627379      0.37317721      0.13102826       0.13102826         279.757                        279.757
  0.00036017954       140.00947      0.25685294       0.5972862      0.18118887       0.2949207      0.13102826       0.13102826       279.75689                      279.75689
  0.00036023365       140.00932      0.50679422       1.7807727      0.17816272      0.18422408      0.13102826       0.13102826       279.75659                      279.75659
  0.00036033907       140.00903      0.30188955      0.95588624      0.27900638      0.26141574      0.13102826       0.13102826         279.756                        279.756
  0.00036037169       140.00894      0.56636299       0.5727386       0.9701887      0.13410225      0.13102826       0.13102826       279.75582                      279.75582
   0.0003603957       140.00887      0.53106007      0.54695773      0.12206146      0.14285015      0.13102826       0.13102826       279.75569                      279.75569
  0.00036047655       140.00865      0.92172355       1.5163445      0.77103883      0.19237823      0.13102826       0.13102826       279.75524                      279.75524
  0.00036048288       140.00863       1.8345086      0.92782142      0.38772049      0.10680832      0.13102826       0.13102826       279.75521                      279.75521
  0.00036052996        140.0085      0.32300752       1.3350056      0.12518816      0.28740849      0.13102826       0.13102826       279.75494                      279.75494
   0.0003605314        140.0085      0.34099635      0.91251783      0.19208161      0.22893398      0.13102826       0.13102826       279.75494                      279.75494
  0.00036057311       140.00838      0.54418528       1.9334831      0.56314099      0.19571007      0.13102826       0.13102826       279.75471                      279.75471
  0.00036060104        140.0083       1.2598213       1.6368722       0.3826495      0.14251355      0.13102826       0.13102826       279.75455                      279.75455
  0.00036062217       140.00825      0.50790681       1.0536122     0.022545412      0.45491999      0.13102826       0.13102826       279.75443                      279.75443
  0.00036071482       140.00799        1.636452       1.0808445      0.32513595       0.1181637      0.13102826       0.13102826       279.75392                      279.75392
  0.00036072457       140.00796      0.34996141       1.3506851      0.14444035       0.2585177      0.13102826       0.13102826       279.75387                      279.75387
  0.00036073248       140.00794      0.82822345       1.6087196      0.27751963      0.20421227      0.13102826       0.13102826       279.75382                      279.75382
  0.00036073249       140.00794      0.97206114       1.8755908       0.3401514      0.17000444      0.13102826       0.13102826       279.75382                      279.75382
  0.00036087274       140.00755      0.85162419       1.1020157      0.69959014      0.23931278      0.13102826       0.13102826       279.75304                      279.75304
  0.00036089189        140.0075      0.79644317      0.92344792      0.12637187      0.29229159      0.13102826       0.13102826       279.75294                      279.75294
   0.0003608961       140.00749      0.39281858        1.509359      0.35348168      0.24835651      0.13102826       0.13102826       279.75291                      279.75291
  0.00036093399       140.00738      0.57275366       1.9825934      0.75757023      0.18721725      0.13102826       0.13102826        279.7527                       279.7527
  0.00036098462       140.00724       1.7026759      0.68963445       0.8491705      0.11923219      0.13102826       0.13102826       279.75242                      279.75242
   0.0003609872       140.00723      0.90554972       1.3621605      0.24963896      0.20280675      0.13102826       0.13102826       279.75241                      279.75241
     0.00036103       140.00711      0.50557217       1.7366567      0.78385626      0.18892452      0.13102826       0.13102826       279.75217                      279.75217
  0.00036104505       140.00707      0.62642978       0.9765256      0.88251468      0.38791553      0.13102826       0.13102826       279.75209                      279.75209
  0.00036105386       140.00705       0.7434843      0.83433863      0.69908622      0.35792367      0.13102826       0.13102826       279.75204                      279.75204
  0.00036108422       140.00696       1.6749838       1.6264669     0.078185039      0.10901744      0.13102826       0.13102826       279.75187                      279.75187
  0.00036113995       140.00681      0.61005763       1.8971946      0.44521837      0.21337434      0.13102826       0.13102826       279.75156                      279.75156
  0.00036114601       140.00679       1.5916853      0.66825669     0.030699758      0.12944474      0.13102826       0.13102826       279.75153                      279.75153
  0.00036116112       140.00675      0.68815263       1.7382988      0.56530884       0.1233893      0.13102826       0.13102826       279.75145                      279.75145
  0.00036116767       140.00673      0.43439124       1.6224968      0.11726995      0.24783214      0.13102826       0.13102826       279.75141                      279.75141
  0.00036117163       140.00672       0.5217605       1.6558042      0.32067846      0.17286703      0.13102826       0.13102826       279.75139                      279.75139
  0.00036118518       140.00669       1.6217638      0.56332794     0.076429853      0.12919832      0.13102826       0.13102826       279.75131                      279.75131
  0.00036122991       140.00656      0.77884715          1.4765      0.76539515      0.22240894      0.13102826       0.13102826       279.75107                      279.75107
  0.00036125288        140.0065       1.7069361      0.51253659      0.34934988       0.1223444      0.13102826       0.13102826       279.75094                      279.75094
  0.00036126666       140.00646      0.23041601       1.1438886      0.79429737      0.45596249      0.13102826       0.13102826       279.75086                      279.75086
  0.00036132632       140.00629      0.28399637       1.0244864      0.77896637      0.29307101      0.13102826       0.13102826       279.75053                      279.75053
  0.00036139183       140.00611      0.48001913       1.6293935      0.69673315      0.26588668      0.13102826       0.13102826       279.75017                      279.75017
  0.00036143686       140.00599      0.63531434       1.9996478      0.60952384       0.1968126      0.13102826       0.13102826       279.74992                      279.74992
  0.00036148998       140.00584      0.84290842       1.4027207    0.0050996121      0.21243035      0.13102826       0.13102826       279.74963                      279.74963
  0.00036158187       140.00559      0.52388986       1.3450441      0.86548226      0.32512031      0.13102826       0.13102826       279.74912                      279.74912
    0.000361599       140.00554      0.27180085       1.0771775      0.44326544      0.31889977      0.13102826       0.13102826       279.74902                      279.74902
  0.00036162193       140.00548      0.88240973      0.91356464      0.74702953      0.25268048      0.13102826       0.13102826        279.7489                       279.7489
  0.00036162793       140.00546      0.47537681      0.91892962      0.67480929      0.16749578      0.13102826       0.13102826       279.74886                      279.74886
  0.00036164424       140.00541        1.075394       1.4489434      0.31918522      0.16761957      0.13102826       0.13102826       279.74877                      279.74877
  0.00036174233       140.00514       1.2501971      0.99489289      0.67088511      0.15881513      0.13102826       0.13102826       279.74823                      279.74823
  0.00036174729       140.00513      0.34092791       1.3401546      0.98995291      0.28140242      0.13102826       0.13102826        279.7482                       279.7482
  0.00036177788       140.00505      0.54367415       1.4414696      0.20145114      0.15754312      0.13102826       0.13102826       279.74803                      279.74803
  0.00036178199       140.00503       1.0872151       1.3181545      0.55721788      0.17040418      0.13102826       0.13102826       279.74801                      279.74801
  0.00036179836       140.00499      0.51039099       1.7234594      0.98525585      0.19416418      0.13102826       0.13102826       279.74792                      279.74792
  0.00036191727       140.00466      0.18899319      0.74447008      0.52423347      0.44115932      0.13102826       0.13102826       279.74726                      279.74726
  0.00036195236       140.00456      0.29303859      0.64426672       0.8220756      0.26801356      0.13102826       0.13102826       279.74707                      279.74707
  0.00036198989       140.00446       1.4093483       1.7485605     0.033430606      0.12505554      0.13102826       0.13102826       279.74686                      279.74686
  0.00036201732       140.00438      0.42136413       1.5436573      0.77563887      0.24739959      0.13102826       0.13102826       279.74671                      279.74671
   0.0003620329       140.00434      0.47426232       1.6355531      0.54632854      0.25328227      0.13102826       0.13102826       279.74662                      279.74662
  0.00036212613       140.00408      0.22585419       1.0643365      0.86564997      0.42298096      0.13102826       0.13102826       279.74611                      279.74611
  0.00036215296       140.00401       0.5604683       1.5192588      0.79575022      0.15667447      0.13102826       0.13102826       279.74596                      279.74596
  0.00036217285       140.00395      0.53152014       1.7761327      0.27145081      0.19548995      0.13102826       0.13102826       279.74585                      279.74585
  0.00036220448       140.00387      0.37628103       1.3772314      0.45099222      0.25340305      0.13102826       0.13102826       279.74568                      279.74568
  0.00036221852       140.00383      0.54261134       1.7418509      0.94797008      0.17995533      0.13102826       0.13102826        279.7456                       279.7456
  0.00036224859       140.00375      0.23878638      0.72925957      0.56531509      0.33780667      0.13102826       0.13102826       279.74543                      279.74543
  0.00036226205       140.00371       1.4056792      0.79978999      0.99721804      0.14431659      0.13102826       0.13102826       279.74536                      279.74536
   0.0003622722       140.00368      0.84981164       1.8976645      0.80203337        0.102096      0.13102826       0.13102826        279.7453                       279.7453
   0.0003623144       140.00356      0.90424116       1.5084271      0.49186388      0.19116871      0.13102826       0.13102826       279.74507                      279.74507
  0.00036231746       140.00355      0.72596144       1.0901308      0.12318336      0.28492279      0.13102826       0.13102826       279.74505                      279.74505
  0.00036234569       140.00348       1.0202679       1.9705844      0.27445527      0.15723445      0.13102826       0.13102826        279.7449                       279.7449
  0.00036237215        140.0034       1.5758199       1.4503136      0.57462609      0.11556932      0.13102826       0.13102826       279.74475                      279.74475
  0.00036238906       140.00336      0.18196849      0.50843071      0.20639552      0.45381943      0.13102826       0.13102826       279.74466                      279.74466
  0.00036246785       140.00314       1.0028654       1.8560899     0.082754456      0.16224015      0.13102826       0.13102826       279.74422                      279.74422
  0.00036246843       140.00314       1.2684859       1.8266147      0.53942077      0.13503877      0.13102826       0.13102826       279.74422                      279.74422
  0.00036248637       140.00309      0.21759504       1.0687514      0.57830365      0.47419309      0.13102826       0.13102826       279.74412                      279.74412
  0.00036250966       140.00302      0.48134766       1.3081379      0.45612626      0.35102244      0.13102826       0.13102826       279.74399                      279.74399
  0.00036253817       140.00295      0.36752118       1.3236979      0.43011436      0.25591412      0.13102826       0.13102826       279.74384                      279.74384
  0.00036261712       140.00273      0.22490932      0.70502212      0.60202379      0.36263749      0.13102826       0.13102826        279.7434                       279.7434
  0.00036263126       140.00269      0.35744729       1.2047409      0.24229662      0.24912838      0.13102826       0.13102826       279.74332                      279.74332
  0.00036265082       140.00264       0.2295034      0.77625401      0.34031229      0.35950616      0.13102826       0.13102826       279.74321                      279.74321
  0.00036266809       140.00259       0.6137164       1.6670541      0.28115946      0.14813826      0.13102826       0.13102826       279.74312                      279.74312
  0.00036268028       140.00255       1.3071767       1.9525933      0.47328731      0.12943668      0.13102826       0.13102826       279.74305                      279.74305
  0.00036268536       140.00254      0.80546707       0.5751938      0.62278946       0.1002901      0.13102826       0.13102826       279.74302                      279.74302
  0.00036269305       140.00252      0.46514422       1.5842517      0.11293618      0.26015732      0.13102826       0.13102826       279.74298                      279.74298
  0.00036271116       140.00247      0.81156301       1.9047215      0.52889623      0.10965698      0.13102826       0.13102826       279.74288                      279.74288
  0.00036272004       140.00244      0.62318164       1.8277488      0.52535702      0.20964677      0.13102826       0.13102826       279.74283                      279.74283
  0.00036273136       140.00241      0.20445309      0.65882613      0.94518916      0.40250073      0.13102826       0.13102826       279.74277                      279.74277
  0.00036273612        140.0024      0.78641506       0.6844395     0.086542433      0.40538082      0.13102826       0.13102826       279.74274                      279.74274
  0.00036274503       140.00238      0.29316756       1.0689747      0.97681801      0.29954765      0.13102826       0.13102826       279.74269                      279.74269
  0.00036275544       140.00235      0.61194549       1.8964293      0.89204806        0.166496      0.13102826       0.13102826       279.74264                      279.74264
  0.00036284389        140.0021      0.80269802       1.5988111      0.73576294      0.10721826      0.13102826       0.13102826       279.74215                      279.74215
    0.000362866       140.00204      0.49307008       1.1635704      0.50444377      0.17208559      0.13102826       0.13102826       279.74203                      279.74203
  0.00036287986         140.002      0.44692694        1.279115       0.9039436      0.37755852      0.13102826       0.13102826       279.74195                      279.74195
  0.00036289389       140.00197      0.64545967       1.5796803      0.90359748      0.23718466      0.13102826       0.13102826       279.74187                      279.74187
  0.00036305614       140.00152      0.49573229      0.57743683      0.69582904      0.16248088      0.13102826       0.13102826       279.74098                      279.74098
  0.00036309398       140.00141      0.70990133       1.8495497      0.94609807       0.1305766      0.13102826       0.13102826       279.74077                      279.74077
  0.00036310992       140.00137      0.41355518       1.4390311      0.28293862      0.31420822      0.13102826       0.13102826       279.74068                      279.74068
  0.00036311332       140.00136       1.0407715       1.6447405      0.15468782      0.16249003      0.13102826       0.13102826       279.74067                      279.74067
  0.00036313309       140.00131      0.49104003       1.4987348     0.076032031      0.28475879      0.13102826       0.13102826       279.74056                      279.74056
  0.00036314913       140.00126       1.1094842        1.302105      0.87537742      0.16477941      0.13102826       0.13102826       279.74047                      279.74047
  0.00036322941       140.00104       1.7399039        1.716624       0.3540508      0.10176692      0.13102826       0.13102826       279.74003                      279.74003
  0.00036327713       140.00091       1.2868395       1.7281689      0.12773618      0.13345181      0.13102826       0.13102826       279.73976                      279.73976
  0.00036328825       140.00088       1.6359159       1.3936158      0.79602032      0.11079941      0.13102826       0.13102826        279.7397                       279.7397
  0.00036329168       140.00087      0.40751225       1.4393875      0.19720659      0.25183822      0.13102826       0.13102826       279.73968                      279.73968
  0.00036330481       140.00083      0.38296592       1.4160035      0.69069714      0.31029759      0.13102826       0.13102826       279.73961                      279.73961
  0.00036333203       140.00076       0.7133634       1.4805579      0.45816277      0.12235495      0.13102826       0.13102826       279.73946                      279.73946
  0.00036337234       140.00065      0.74740095       1.9471594       0.1946263      0.18413679      0.13102826       0.13102826       279.73924                      279.73924
  0.00036339021        140.0006      0.88090438       1.5532885      0.56945559      0.18977374      0.13102826       0.13102826       279.73914                      279.73914
  0.00036339159       140.00059      0.44243926      0.72968704      0.96325049      0.18454245      0.13102826       0.13102826       279.73913                      279.73913
  0.00036343898       140.00046      0.60022466       1.8132412      0.57757307      0.20297969      0.13102826       0.13102826       279.73887                      279.73887
  0.00036345823       140.00041      0.58064712       1.7281194      0.48953751      0.22005354      0.13102826       0.13102826       279.73877                      279.73877
   0.0003634963       140.00031       1.1248024       1.5068692      0.87027144       0.1551274      0.13102826       0.13102826       279.73856                      279.73856
  0.00036355773       140.00014      0.98438147        1.639338      0.18856227      0.16913906      0.13102826       0.13102826       279.73822                      279.73822
   0.0003636763       139.99981      0.58703858       1.6511612      0.92189704      0.16372105      0.13102826       0.13102826       279.73757                      279.73757
  0.00036369821       139.99975      0.74879029       0.6860357      0.57103493      0.44987485      0.13102826       0.13102826       279.73745                      279.73745
  0.00036373392       139.99965      0.32943323       1.2137087      0.48376153      0.46407763      0.13102826       0.13102826       279.73725                      279.73725
  0.00036378174       139.99952      0.39939451       1.2180143      0.86507045      0.42874472      0.13102826       0.13102826       279.73699                      279.73699
  0.00036378295       139.99952       1.3058057      0.65039957      0.95713532       0.1624632      0.13102826       0.13102826       279.73698                      279.73698
  0.00036379526       139.99948      0.25925786       1.1230771      0.84444349      0.38706065      0.13102826       0.13102826       279.73691                      279.73691
  0.00036388072       139.99925       0.7640418      0.93662851      0.77701013      0.29585471      0.13102826       0.13102826       279.73644                      279.73644
   0.0003639063       139.99918       1.0422948      0.63464672        0.250562      0.23185861      0.13102826       0.13102826        279.7363                       279.7363
   0.0003639155       139.99915        1.186183      0.68320115      0.67081513      0.18317641      0.13102826       0.13102826       279.73625                      279.73625
  0.00036395289       139.99905       0.7884651       1.0463602      0.88840209      0.10772752      0.13102826       0.13102826       279.73605                      279.73605
  0.00036396353       139.99902      0.40602838      0.63552576      0.74988802      0.20201652      0.13102826       0.13102826       279.73599                      279.73599
  0.00036399393       139.99894       1.3987073       1.1709848      0.57017932      0.13220332      0.13102826       0.13102826       279.73582                      279.73582
  0.00036401641       139.99888      0.85476428      0.63962687      0.47241173      0.35525481      0.13102826       0.13102826        279.7357                       279.7357
  0.00036401894       139.99887       0.5604418      0.58093883      0.21797742      0.14742237      0.13102826       0.13102826       279.73568                      279.73568
  0.00036413504       139.99855      0.41454484       1.4306404       0.3930917      0.25799616      0.13102826       0.13102826       279.73505                      279.73505
  0.00036428262       139.99815      0.36070054       1.2452213      0.43431964      0.26799667      0.13102826       0.13102826       279.73424                      279.73424
  0.00036433284       139.99801      0.46434919       1.5042044      0.27030009      0.26637756      0.13102826       0.13102826       279.73396                      279.73396
  0.00036438643       139.99786       1.0448577       1.7014229      0.76963733        0.156882      0.13102826       0.13102826       279.73367                      279.73367
  0.00036441607       139.99778      0.61802727       1.0058512      0.24996105      0.36624679      0.13102826       0.13102826        279.7335                       279.7335
   0.0003644292       139.99774       1.1248854       1.0919827     0.099696661       0.1684808      0.13102826       0.13102826       279.73343                      279.73343
  0.00036443394       139.99773      0.79463253      0.83932954      0.74293247       0.1070472      0.13102826       0.13102826        279.7334                       279.7334
  0.00036444922       139.99769      0.72838805      0.91421688      0.29064991      0.11721479      0.13102826       0.13102826       279.73332                      279.73332
  0.00036451817        139.9975      0.53485186       1.0833733      0.28147431      0.16321352      0.13102826       0.13102826       279.73294                      279.73294
  0.00036454576       139.99742      0.31242842       1.2135477      0.11097334      0.32839078      0.13102826       0.13102826       279.73279                      279.73279
  0.00036457247       139.99735      0.85660763       1.8976828      0.36385909      0.17064092      0.13102826       0.13102826       279.73264                      279.73264
   0.0003646281        139.9972      0.93263876       1.0648648      0.80701558      0.20935314      0.13102826       0.13102826       279.73234                      279.73234
  0.00036462905        139.9972      0.40089898      0.78297147      0.25170198      0.21033206      0.13102826       0.13102826       279.73233                      279.73233
  0.00036467556       139.99707      0.47938582       1.4556352       0.5413519      0.20987118      0.13102826       0.13102826       279.73208                      279.73208
  0.00036468162       139.99705      0.83260133       1.1565873      0.23466839      0.22756236      0.13102826       0.13102826       279.73205                      279.73205
  0.00036469902         139.997      0.38632203       1.3676389      0.70393504      0.28515878      0.13102826       0.13102826       279.73195                      279.73195
  0.00036470841       139.99698      0.70209567       1.1461672      0.23486613      0.27544233      0.13102826       0.13102826        279.7319                       279.7319
  0.00036473744        139.9969      0.79233391       1.7133777       0.8344049      0.18943626      0.13102826       0.13102826       279.73174                      279.73174
  0.00036478212       139.99678      0.56489892       1.5719844      0.81903454      0.17661281      0.13102826       0.13102826       279.73149                      279.73149
  0.00036480636       139.99671       1.3435193      0.97209729        0.975418      0.14181199      0.13102826       0.13102826       279.73136                      279.73136
  0.00036488576       139.99649      0.66038064       1.0413759      0.93550391       0.1321102      0.13102826       0.13102826       279.73093                      279.73093
    0.000364888       139.99649      0.61828667       1.7006043      0.51332347      0.16595763      0.13102826       0.13102826       279.73091                      279.73091
  0.00036491219       139.99642      0.24675043      0.58504463      0.40474197      0.34027703      0.13102826       0.13102826       279.73078                      279.73078
   0.0003649567        139.9963      0.79373437       1.7073478      0.34634871      0.18866403      0.13102826       0.13102826       279.73054                      279.73054
  0.00036506084       139.99601      0.50460011      0.77683543      0.27275745       0.1692599      0.13102826       0.13102826       279.72997                      279.72997
  0.00036510213        139.9959      0.54887087       1.0805454      0.15035714      0.38282709      0.13102826       0.13102826       279.72974                      279.72974
  0.00036511331       139.99587      0.62577171       1.5677832      0.54377839      0.22969865      0.13102826       0.13102826       279.72968                      279.72968
  0.00036516169       139.99574      0.77576303       1.5308913     0.097129487      0.20449985      0.13102826       0.13102826       279.72941                      279.72941
  0.00036516186       139.99574       0.6927028       1.6355158     0.010174458      0.20934495      0.13102826       0.13102826       279.72941                      279.72941
  0.00036517605        139.9957      0.46367634       1.0188759       0.6559646      0.19063337      0.13102826       0.13102826       279.72934                      279.72934
  0.00036523692       139.99553       1.2533249      0.94403229      0.32096421      0.15363452      0.13102826       0.13102826         279.729                        279.729
  0.00036542798       139.99501      0.43943099        1.298611      0.75266425      0.35097864      0.13102826       0.13102826       279.72796                      279.72796
  0.00036550021       139.99481      0.59069823       1.6734185      0.60641989      0.20112014      0.13102826       0.13102826       279.72756                      279.72756
  0.00036555936       139.99465      0.32780294       1.1010034      0.19695736      0.29029539      0.13102826       0.13102826       279.72724                      279.72724
  0.00036559445       139.99455      0.66119933       1.7189425      0.21592084       0.1570993      0.13102826       0.13102826       279.72705                      279.72705
  0.00036567384       139.99433       1.5262341       1.0486151      0.05508283      0.12024731      0.13102826       0.13102826       279.72661                      279.72661
  0.00036569977       139.99426      0.48386059      0.73540176      0.22371795      0.17834617      0.13102826       0.13102826       279.72647                      279.72647
  0.00036574425       139.99414       1.2342249       1.3342167      0.49411404      0.14215407      0.13102826       0.13102826       279.72623                      279.72623
  0.00036575276       139.99412      0.75867557        1.558448     0.058257743       0.2026771      0.13102826       0.13102826       279.72618                      279.72618
  0.00036578856       139.99402      0.37167908      0.76857871   0.00071388914      0.23238908      0.13102826       0.13102826       279.72598                      279.72598
  0.00036580319       139.99398      0.72468794       1.8017515      0.91440942       0.1821125      0.13102826       0.13102826        279.7259                       279.7259
  0.00036581621       139.99394      0.74128345       1.7677131       0.2422742      0.13648111      0.13102826       0.13102826       279.72583                      279.72583
  0.00036583155        139.9939      0.62451921       1.0262173       0.1863161      0.14319447      0.13102826       0.13102826       279.72575                      279.72575
  0.00036584751       139.99386      0.54142423       1.4420168      0.32155661      0.18512897      0.13102826       0.13102826       279.72566                      279.72566
  0.00036586882        139.9938      0.29189461       1.1814135      0.38150263      0.43602941      0.13102826       0.13102826       279.72555                      279.72555
  0.00036590741        139.9937       1.4641477       1.4956669      0.49297638      0.11748639      0.13102826       0.13102826       279.72533                      279.72533
  0.00036597033       139.99352      0.77870154      0.58677847      0.24413172      0.11229643      0.13102826       0.13102826       279.72499                      279.72499
  0.00036601966       139.99339      0.76945418       1.8510475      0.17157715      0.13492434      0.13102826       0.13102826       279.72472                      279.72472
  0.00036602557       139.99337      0.80801562      0.74939128     0.047814058      0.32441706      0.13102826       0.13102826       279.72469                      279.72469
  0.00036608836        139.9932      0.80230808       1.3102762      0.38735078      0.21490471      0.13102826       0.13102826       279.72435                      279.72435
  0.00036610133       139.99317      0.38350689       1.2847137      0.21161232      0.36405679      0.13102826       0.13102826       279.72427                      279.72427
  0.00036612049       139.99311      0.55146149       1.3156764      0.80191293      0.17422996      0.13102826       0.13102826       279.72417                      279.72417
  0.00036614475       139.99305      0.56144442       1.4298173     0.064626316      0.17776905      0.13102826       0.13102826       279.72404                      279.72404
  0.00036615213       139.99303      0.96960747      0.98679143      0.65570461      0.20273257      0.13102826       0.13102826         279.724                        279.724
  0.00036615943       139.99301       0.4840603       1.4191234      0.72275564      0.21936472      0.13102826       0.13102826       279.72396                      279.72396
  0.00036619437       139.99291      0.50157877      0.89008678      0.93983762      0.17714001      0.13102826       0.13102826       279.72377                      279.72377
  0.00036623045       139.99281       1.3585174       1.5319168      0.15238159      0.12471313      0.13102826       0.13102826       279.72357                      279.72357
  0.00036625114       139.99276       1.1759202       1.8796753      0.07375872      0.13358937      0.13102826       0.13102826       279.72346                      279.72346
  0.00036629365       139.99264      0.49133931      0.73139179      0.87975841      0.17806793      0.13102826       0.13102826       279.72322                      279.72322
  0.00036629789       139.99263      0.68807589       1.7615987      0.32114184      0.18140279      0.13102826       0.13102826        279.7232                       279.7232
  0.00036634893       139.99249      0.43425843       1.3140953      0.21193635      0.33416563      0.13102826       0.13102826       279.72292                      279.72292
  0.00036636091       139.99246       1.7122455      0.79947988      0.23578562      0.10901106      0.13102826       0.13102826       279.72286                      279.72286
  0.00036641841        139.9923       0.3138547       1.2074099      0.30265191      0.37643873      0.13102826       0.13102826       279.72254                      279.72254
  0.00036653668       139.99198      0.68958977       1.2005322      0.70701348      0.26255378      0.13102826       0.13102826        279.7219                       279.7219
  0.00036654893       139.99194      0.67283304      0.96212628      0.77232205       0.1345237      0.13102826       0.13102826       279.72183                      279.72183
  0.00036654922       139.99194      0.30256831      0.79518528      0.58879088      0.29254887      0.13102826       0.13102826       279.72183                      279.72183
  0.00036657599       139.99187       0.8646868       1.5134249       0.8043467      0.18398601      0.13102826       0.13102826       279.72168                      279.72168
  0.00036657947       139.99186      0.50528066       1.3295934      0.68197667       0.3032947      0.13102826       0.13102826       279.72166                      279.72166
  0.00036659883       139.99181      0.27883776        1.096671      0.34354289      0.37703651      0.13102826       0.13102826       279.72156                      279.72156
  0.00036663604       139.99171        0.748385       1.2534435       0.3934619      0.23393087      0.13102826       0.13102826       279.72136                      279.72136
  0.00036670191       139.99153      0.73763174       1.2409684     0.099939794      0.23865486      0.13102826       0.13102826         279.721                        279.721
  0.00036672303       139.99147       0.6193098       1.1675332      0.59251231      0.29964516      0.13102826       0.13102826       279.72088                      279.72088
  0.00036672709       139.99146      0.82567718       1.4214278      0.87302502      0.11530198      0.13102826       0.13102826       279.72086                      279.72086
  0.00036674497       139.99141      0.29628445      0.62699888      0.42512823       0.2928539      0.13102826       0.13102826       279.72076                      279.72076
  0.00036674616       139.99141      0.69917072      0.51812101      0.13544067       0.1265978      0.13102826       0.13102826       279.72076                      279.72076
  0.00036676883       139.99134      0.28493534       1.1513487      0.88976851      0.42544905      0.13102826       0.13102826       279.72063                      279.72063
  0.00036678318        139.9913       0.9498352       1.9462315      0.84671703      0.14895276      0.13102826       0.13102826       279.72055                      279.72055
  0.00036679913       139.99126      0.84275431       1.3243134      0.23552694      0.20149389      0.13102826       0.13102826       279.72047                      279.72047
  0.00036684213       139.99114      0.78780797       1.5856693      0.27432357      0.12566685      0.13102826       0.13102826       279.72023                      279.72023
   0.0003668961         139.991      0.77276426       1.4520166      0.57891663      0.20453942      0.13102826       0.13102826       279.71994                      279.71994
  0.00036693828       139.99088      0.66526657       1.1876539      0.17916973      0.27291252      0.13102826       0.13102826       279.71971                      279.71971
  0.00036694674       139.99086      0.58608625      0.83211911     0.034891379      0.15380352      0.13102826       0.13102826       279.71966                      279.71966
  0.00036695215       139.99084       0.7129589       1.0681418      0.24048128      0.12972888      0.13102826       0.13102826       279.71963                      279.71963
  0.00036697419       139.99078      0.34362917       0.8851286      0.12763753      0.26423916      0.13102826       0.13102826       279.71951                      279.71951
  0.00036698203       139.99076      0.78760348       1.8956148      0.61620157      0.14732055      0.13102826       0.13102826       279.71947                      279.71947
  0.00036702572       139.99064       1.1715101       1.7326689      0.52645294      0.13527714      0.13102826       0.13102826       279.71923                      279.71923
  0.00036703673       139.99061      0.62673281       0.8593943      0.26037295      0.14473079      0.13102826       0.13102826       279.71917                      279.71917
  0.00036707252       139.99052      0.71262169        1.200285      0.13050962      0.25164387      0.13102826       0.13102826       279.71898                      279.71898
   0.0003670796        139.9905      0.57435191       1.5377075      0.24973634      0.19954733      0.13102826       0.13102826       279.71894                      279.71894
  0.00036715113        139.9903      0.53837103      0.84695883      0.11751905      0.16825423      0.13102826       0.13102826       279.71855                      279.71855
  0.00036718932        139.9902       1.4706264      0.51099959      0.96525944      0.13792181      0.13102826       0.13102826       279.71834                      279.71834
  0.00036720425       139.99016      0.72891144      0.69403707      0.11969589      0.45056414      0.13102826       0.13102826       279.71826                      279.71826
   0.0003672978        139.9899      0.32116355       1.1707177     0.028300489      0.34377548      0.13102826       0.13102826       279.71775                      279.71775
  0.00036730278       139.98989      0.50590375       1.3101531      0.77281282      0.20231851      0.13102826       0.13102826       279.71772                      279.71772
  0.00036736034       139.98973      0.81789603       1.4297376       0.2600863      0.19546158      0.13102826       0.13102826       279.71741                      279.71741
  0.00036743671       139.98952      0.48561556      0.99572493     0.056840285      0.19225873      0.13102826       0.13102826       279.71699                      279.71699
  0.00036754903       139.98922       0.5958905      0.68698409      0.20066632      0.15169707      0.13102826       0.13102826       279.71638                      279.71638
  0.00036759405        139.9891      0.62428657       1.5681103      0.45046912      0.20208218      0.13102826       0.13102826       279.71614                      279.71614
   0.0003676026       139.98907      0.56471392       1.4838516     0.021914422      0.20132684      0.13102826       0.13102826       279.71609                      279.71609
  0.00036762427       139.98901      0.34847796        1.165792      0.65090425      0.45024776      0.13102826       0.13102826       279.71597                      279.71597
   0.0003676334       139.98899      0.76806992        1.031118      0.30628149      0.25786654      0.13102826       0.13102826       279.71592                      279.71592
  0.00036764936       139.98895       1.5507066       0.8413872    0.0013787859      0.11884247      0.13102826       0.13102826       279.71584                      279.71584
  0.00036768554       139.98885      0.90593829       1.9407372      0.42752938      0.12098758      0.13102826       0.13102826       279.71564                      279.71564
  0.00036769426       139.98882      0.88167536       1.8417333     0.076179944      0.12130446      0.13102826       0.13102826       279.71559                      279.71559
   0.0003678065       139.98852      0.86981811       1.9438387      0.21325337      0.13583096      0.13102826       0.13102826       279.71498                      279.71498
  0.00036781995       139.98848      0.75013642      0.62469527      0.17071838      0.12200485      0.13102826       0.13102826       279.71491                      279.71491
  0.00036783617       139.98844       1.4202021        1.086986      0.91025792      0.12484278      0.13102826       0.13102826       279.71482                      279.71482
  0.00036790079       139.98826       1.0659917       1.7354188      0.73261967      0.14239287      0.13102826       0.13102826       279.71447                      279.71447
  0.00036790707       139.98825       0.4672424        1.348467      0.11359959      0.28373397      0.13102826       0.13102826       279.71443                      279.71443
  0.00036791112       139.98823      0.47275039       1.3694733      0.31784682      0.25707338      0.13102826       0.13102826       279.71441                      279.71441
  0.00036797408       139.98806       1.1891141        1.454932      0.39527853      0.13832243      0.13102826       0.13102826       279.71407                      279.71407
  0.00036808837       139.98775      0.69283624       1.2687882      0.63872773      0.14269023      0.13102826       0.13102826       279.71345                      279.71345
  0.00036809868       139.98772      0.66198504       1.5129546      0.45563157       0.1635334      0.13102826       0.13102826       279.71339                      279.71339
  0.00036816309       139.98755      0.64867419       1.5219996      0.73031488      0.17060168      0.13102826       0.13102826       279.71304                      279.71304
  0.00036828445       139.98722       1.1155546      0.57900748      0.97641354      0.20115962      0.13102826       0.13102826       279.71238                      279.71238
  0.00036830145       139.98717      0.87900327       0.9549008      0.22204397      0.10813176      0.13102826       0.13102826       279.71229                      279.71229
   0.0003683295        139.9871      0.72205585      0.96570999      0.28252704      0.29288757      0.13102826       0.13102826       279.71214                      279.71214
   0.0003685164       139.98659      0.91720926      0.69368632      0.37714764      0.10269597      0.13102826       0.13102826       279.71112                      279.71112
   0.0003685429       139.98652       1.0226659      0.61653878      0.80209753      0.22807484      0.13102826       0.13102826       279.71098                      279.71098
  0.00036855831       139.98648       0.9197871       1.8448973      0.10443948      0.12093638      0.13102826       0.13102826        279.7109                       279.7109
  0.00036859265       139.98638       1.1626399       1.7369278      0.87494485      0.13096178      0.13102826       0.13102826       279.71071                      279.71071
  0.00036864175       139.98625       1.0584486       1.7592084      0.11488753      0.13914486      0.13102826       0.13102826       279.71044                      279.71044
  0.00036870893       139.98607      0.47924563      0.71758275      0.28562582      0.19250511      0.13102826       0.13102826       279.71008                      279.71008
    0.000368724       139.98603      0.95869827       1.9279854      0.80965567      0.13483499      0.13102826       0.13102826          279.71                         279.71
  0.00036879605       139.98583      0.51631901       1.0601105   9.8566738e-05      0.19033475      0.13102826       0.13102826       279.70961                      279.70961
  0.00036880686        139.9858      0.54907179       1.1812377       0.5405068      0.18464973      0.13102826       0.13102826       279.70955                      279.70955
  0.00036883316       139.98573       1.0048342       1.3682477      0.72236478      0.16195076      0.13102826       0.13102826       279.70941                      279.70941
  0.00036891883        139.9855       1.2089076      0.98567178      0.65041609      0.14972527      0.13102826       0.13102826       279.70894                      279.70894
  0.00036898751       139.98531       1.1877172       1.6052409     0.014422336      0.13114262      0.13102826       0.13102826       279.70857                      279.70857
  0.00036903242       139.98519      0.94015328       1.4479142      0.77843436      0.10898692      0.13102826       0.13102826       279.70833                      279.70833
    0.000369037       139.98518       1.1384233       1.6737985       0.2874267      0.13338346      0.13102826       0.13102826        279.7083                       279.7083
  0.00036905035       139.98514      0.57466199       1.3751937      0.32002186      0.24419829      0.13102826       0.13102826       279.70823                      279.70823
  0.00036908396       139.98505       1.3124433      0.99031441      0.74302744      0.13588226      0.13102826       0.13102826       279.70805                      279.70805
  0.00036913646       139.98491       1.0475179       1.9969925      0.39858037      0.11001302      0.13102826       0.13102826       279.70776                      279.70776
  0.00036914648       139.98488       1.3646393       1.9658948      0.72804901      0.10946773      0.13102826       0.13102826       279.70771                      279.70771
  0.00036916338       139.98484      0.89221701       1.5581105     0.054860021      0.11894336      0.13102826       0.13102826       279.70762                      279.70762
  0.00036919678       139.98475      0.68270317        1.534775       0.3590278      0.17955769      0.13102826       0.13102826       279.70744                      279.70744
  0.00036921949       139.98468      0.24505162       0.9747339      0.53016608      0.44443832      0.13102826       0.13102826       279.70731                      279.70731
  0.00036924464       139.98462      0.84693746       1.3406832      0.73296189      0.18898585      0.13102826       0.13102826       279.70718                      279.70718
  0.00036925753       139.98458       1.1384464       1.5423038      0.73956345       0.1369049      0.13102826       0.13102826       279.70711                      279.70711
  0.00036926736       139.98455      0.67484461      0.73719603      0.35935197      0.14099662      0.13102826       0.13102826       279.70705                      279.70705
  0.00036927651       139.98453       1.0062354       1.7886807      0.26963601      0.10909114      0.13102826       0.13102826         279.707                        279.707
  0.00036931422       139.98443      0.85514938       1.6703122      0.73016233      0.15728389      0.13102826       0.13102826        279.7068                       279.7068
   0.0003693265       139.98439      0.71614987       1.2936151      0.31960297      0.22430779      0.13102826       0.13102826       279.70673                      279.70673
  0.00036936253        139.9843      0.21313631       0.5901457      0.82165619      0.43847878      0.13102826       0.13102826       279.70654                      279.70654
  0.00036938048       139.98425      0.37498415      0.71878134       0.1080918      0.24755026      0.13102826       0.13102826       279.70644                      279.70644
  0.00036942391       139.98413      0.56740193        1.394542      0.38331693      0.21397826      0.13102826       0.13102826       279.70621                      279.70621
  0.00036943189       139.98411       1.6420151       1.1480993      0.62825434      0.10330338      0.13102826       0.13102826       279.70616                      279.70616
  0.00036952279       139.98386      0.49465591       1.2385031      0.41698965      0.31512359      0.13102826       0.13102826       279.70567                      279.70567
  0.00036952765       139.98385      0.58415907       1.1506574      0.36208048      0.30619648      0.13102826       0.13102826       279.70564                      279.70564
  0.00036953528       139.98383      0.97098263       1.3559735      0.65738878      0.10582213      0.13102826       0.13102826        279.7056                       279.7056
  0.00036957526       139.98372      0.20459467      0.59925469      0.75926229      0.46211195      0.13102826       0.13102826       279.70539                      279.70539
  0.00036960363       139.98364       0.2705319      0.60816818       0.1637065      0.34016535      0.13102826       0.13102826       279.70523                      279.70523
  0.00036960747       139.98363      0.94689764      0.58617009      0.97363228      0.27437449      0.13102826       0.13102826       279.70521                      279.70521
  0.00036961712       139.98361       1.6644758      0.97063476      0.79717173       0.1040568      0.13102826       0.13102826       279.70516                      279.70516
  0.00036966567       139.98348      0.69111948       1.2222054      0.12777532      0.14978475      0.13102826       0.13102826        279.7049                       279.7049
  0.00036970372       139.98337       0.6337539       1.3653094      0.45780449       0.2283707      0.13102826       0.13102826       279.70469                      279.70469
  0.00036974851       139.98325      0.87602694       1.7047497      0.15887115      0.14487444      0.13102826       0.13102826       279.70445                      279.70445
  0.00036976524       139.98321      0.98967466       1.7251032      0.16039597      0.11290575      0.13102826       0.13102826       279.70436                      279.70436
   0.0003697774       139.98317      0.93023931      0.81118651      0.38739272       0.1055713      0.13102826       0.13102826       279.70429                      279.70429
   0.0003697812       139.98316       1.5953277      0.90501324      0.94000363      0.10980139      0.13102826       0.13102826       279.70427                      279.70427
  0.00036981681       139.98307      0.60887165       1.3287979      0.51019204      0.24229022      0.13102826       0.13102826       279.70408                      279.70408
  0.00036993641       139.98274      0.47442622       1.2889376      0.16118649      0.26963834      0.13102826       0.13102826       279.70343                      279.70343
  0.00036993901       139.98274      0.84228065       1.3560384      0.88856888      0.18492782      0.13102826       0.13102826       279.70342                      279.70342
  0.00037001988       139.98252      0.72794288       1.1535853      0.10390523      0.14136617      0.13102826       0.13102826       279.70298                      279.70298
   0.0003700433       139.98246       1.3144917       1.3097114      0.47685658      0.12413238      0.13102826       0.13102826       279.70285                      279.70285
  0.00037006302        139.9824      0.87428389       1.0300646      0.18445597      0.11534541      0.13102826       0.13102826       279.70275                      279.70275
  0.00037010858       139.98228      0.53410731       1.1315161     0.030453751      0.33844836      0.13102826       0.13102826        279.7025                       279.7025
  0.00037011859       139.98225      0.78648607       1.5093429      0.98613468       0.1458134      0.13102826       0.13102826       279.70245                      279.70245
  0.00037013495       139.98221      0.51706269       1.2969495      0.61405693      0.26909259      0.13102826       0.13102826       279.70236                      279.70236
  0.00037015443       139.98216      0.35333755       1.1601427     0.081326581      0.40510348      0.13102826       0.13102826       279.70225                      279.70225
   0.0003702628       139.98186      0.55503311       1.3271889       0.9853956      0.24561367      0.13102826       0.13102826       279.70167                      279.70167
  0.00037028005       139.98182       0.7901837       1.5074247      0.96907171      0.14656741      0.13102826       0.13102826       279.70158                      279.70158
  0.00037028331       139.98181       1.2117071       1.7728613      0.04910322      0.11911896      0.13102826       0.13102826       279.70156                      279.70156
  0.00037029301       139.98178      0.96836336       1.2737903    0.0063673107      0.10795048      0.13102826       0.13102826       279.70151                      279.70151
  0.00037031395       139.98172      0.65914179       1.0860976      0.90717605      0.15600912      0.13102826       0.13102826       279.70139                      279.70139
  0.00037032424        139.9817       0.8620548       1.6162832      0.72459637      0.13983866      0.13102826       0.13102826       279.70134                      279.70134
  0.00037035074       139.98163      0.37768399       1.1239294      0.45371787      0.44215085      0.13102826       0.13102826       279.70119                      279.70119
  0.00037037576       139.98156      0.91243264       1.0238221      0.50181504       0.1997324      0.13102826       0.13102826       279.70106                      279.70106
  0.00037039862        139.9815      0.20881601      0.75558431     0.036357781      0.48146809      0.13102826       0.13102826       279.70094                      279.70094
   0.0003704237       139.98143      0.68255266      0.93199853      0.81188327      0.31919616      0.13102826       0.13102826        279.7008                       279.7008
  0.00037048506       139.98126      0.82681462       1.5637657      0.83753985      0.15658869      0.13102826       0.13102826       279.70047                      279.70047
  0.00037052856       139.98115      0.39583783       1.1214625      0.29306897      0.43255465      0.13102826       0.13102826       279.70023                      279.70023
  0.00037054731       139.98109      0.69669609      0.56591855      0.50173671      0.13937332      0.13102826       0.13102826       279.70013                      279.70013
  0.00037057379       139.98102      0.49800792       1.2276457      0.15875519      0.30625776      0.13102826       0.13102826       279.69999                      279.69999
  0.00037059525       139.98097      0.83774229       1.5335112      0.31167408      0.16094349      0.13102826       0.13102826       279.69987                      279.69987
  0.00037063623       139.98085       1.2790883       1.2419969     0.093753354        0.127624      0.13102826       0.13102826       279.69965                      279.69965
  0.00037067662       139.98075      0.66907812       1.2631436       0.9172795      0.23388339      0.13102826       0.13102826       279.69943                      279.69943
  0.00037073995       139.98057      0.73747282      0.55797462       0.7314948       0.1327259      0.13102826       0.13102826       279.69909                      279.69909
  0.00037074209       139.98057        1.129138      0.53025241     0.015156111      0.19557345      0.13102826       0.13102826       279.69908                      279.69908
  0.00037081299       139.98038      0.47100218       1.0944748       0.6191162      0.39733912      0.13102826       0.13102826        279.6987                       279.6987
   0.0003708211       139.98036      0.74582686       1.0760252      0.15653374      0.13959444      0.13102826       0.13102826       279.69866                      279.69866
  0.00037085486       139.98027      0.83091976       1.4315906      0.40073615      0.13674949      0.13102826       0.13102826       279.69847                      279.69847
   0.0003708602       139.98025       1.5453895      0.87580228      0.28232797       0.1119865      0.13102826       0.13102826       279.69844                      279.69844
  0.00037090249       139.98014      0.47032952       1.1870532      0.91333023      0.33747947      0.13102826       0.13102826       279.69822                      279.69822
  0.00037096208       139.97998      0.69020456         1.40649      0.40049533      0.18133302      0.13102826       0.13102826        279.6979                       279.6979
  0.00037096835       139.97996       1.0453389       1.2060005     0.026564416      0.15667749      0.13102826       0.13102826       279.69786                      279.69786
   0.0003709768       139.97994      0.92296456      0.61021864      0.80730262      0.27478822      0.13102826       0.13102826       279.69782                      279.69782
  0.00037098427       139.97992      0.77003065       1.3472224        0.257312      0.14606948      0.13102826       0.13102826       279.69778                      279.69778
  0.00037100541       139.97986       1.5145412       1.2270925      0.81633224      0.10711783      0.13102826       0.13102826       279.69766                      279.69766
  0.00037106248       139.97971      0.37821402      0.51860981      0.71960011      0.24874334      0.13102826       0.13102826       279.69735                      279.69735
  0.00037106578        139.9797      0.83272552        1.387128       0.5873932      0.17604134      0.13102826       0.13102826       279.69734                      279.69734
  0.00037109698       139.97961      0.27900691       1.0401721    0.0072178288       0.4353736      0.13102826       0.13102826       279.69717                      279.69717
  0.00037113678       139.97951       1.2435723       1.8894434     0.057551934      0.10668155      0.13102826       0.13102826       279.69695                      279.69695
  0.00037116429       139.97943      0.59202586       1.0871793      0.47108417      0.31364704      0.13102826       0.13102826       279.69681                      279.69681
   0.0003711679       139.97942      0.75866032       1.4454456      0.90973352       0.1677257      0.13102826       0.13102826       279.69679                      279.69679
  0.00037116838       139.97942      0.46744539       1.1793931      0.80869224      0.34027198      0.13102826       0.13102826       279.69678                      279.69678
  0.00037118017       139.97939      0.54456618      0.69907485      0.66874776      0.18018003      0.13102826       0.13102826       279.69672                      279.69672
   0.0003712232       139.97927      0.51076434       1.2631033      0.51935963      0.26368496      0.13102826       0.13102826       279.69649                      279.69649
  0.00037122352       139.97927      0.47684792       1.1409547      0.97000069      0.23308502      0.13102826       0.13102826       279.69649                      279.69649
  0.00037126031       139.97917      0.72869999       1.3673994      0.71918944      0.19327812      0.13102826       0.13102826       279.69629                      279.69629
  0.00037130013       139.97907       1.3615547       1.8937957      0.92941505      0.10138998      0.13102826       0.13102826       279.69607                      279.69607
  0.00037140089       139.97879      0.86748809       1.3803687      0.93932367      0.16890979      0.13102826       0.13102826       279.69553                      279.69553
  0.00037144907       139.97866       1.4394948       1.7515109      0.84389859       0.1005639      0.13102826       0.13102826       279.69527                      279.69527
   0.0003714969       139.97854       1.1190521      0.70934017      0.54106616      0.17538734      0.13102826       0.13102826       279.69501                      279.69501
  0.00037149727       139.97853      0.28897664      0.82447498      0.85682105      0.34676941      0.13102826       0.13102826       279.69501                      279.69501
  0.00037151065        139.9785       1.5178618       1.2270212      0.84919654      0.10551073      0.13102826       0.13102826       279.69494                      279.69494
  0.00037153434       139.97843      0.35672413      0.91187819      0.94940143      0.28699343      0.13102826       0.13102826       279.69481                      279.69481
  0.00037154939       139.97839       1.2598085       1.7609784      0.41078389      0.10886942      0.13102826       0.13102826       279.69473                      279.69473
  0.00037159104       139.97828       1.2118569      0.76258298       0.1740293      0.15292349      0.13102826       0.13102826       279.69451                      279.69451
  0.00037159944       139.97826       0.6563763       1.2838047      0.06057504      0.17851759      0.13102826       0.13102826       279.69446                      279.69446
  0.00037161059       139.97823      0.94002259       1.4609837      0.67141735      0.14985896      0.13102826       0.13102826        279.6944                       279.6944
  0.00037162817       139.97818      0.95652265       1.5466618      0.30047064      0.12932736      0.13102826       0.13102826       279.69431                      279.69431
  0.00037166791       139.97808       1.0592861      0.58698103      0.23341288      0.20731536      0.13102826       0.13102826       279.69409                      279.69409
   0.0003716685       139.97807      0.29371882      0.90967217      0.71504047      0.35587007      0.13102826       0.13102826       279.69409                      279.69409
  0.00037170785       139.97797      0.76292867       1.2355445      0.79446923      0.20562929      0.13102826       0.13102826       279.69388                      279.69388
  0.00037173735       139.97789      0.65605513       1.3269747      0.99792599      0.19187738      0.13102826       0.13102826       279.69372                      279.69372
  0.00037174568       139.97787       1.0350413       1.3561641       0.8723877      0.14581988      0.13102826       0.13102826       279.69368                      279.69368
  0.00037175021       139.97785       1.5587704      0.99812963      0.10611749      0.10626613      0.13102826       0.13102826       279.69365                      279.69365
  0.00037175958       139.97783       0.3928883      0.87844962     0.035898031      0.25853836      0.13102826       0.13102826        279.6936                       279.6936
  0.00037182013       139.97767      0.58887704       1.2783895      0.18328043      0.21233323      0.13102826       0.13102826       279.69327                      279.69327
  0.00037192936       139.97737      0.94148801      0.70432757      0.86867291      0.11016656      0.13102826       0.13102826       279.69269                      279.69269
   0.0003719531       139.97731      0.61659264      0.98945975      0.55673974      0.17195205      0.13102826       0.13102826       279.69256                      279.69256
  0.00037197917       139.97724      0.35050063      0.68890773    0.0041382994      0.27793195      0.13102826       0.13102826       279.69242                      279.69242
   0.0003720022       139.97718      0.69542335       0.8319802      0.62720752      0.14888371      0.13102826       0.13102826        279.6923                       279.6923
  0.00037204817       139.97705       1.0538361       1.5295381      0.80299688      0.12943979      0.13102826       0.13102826       279.69205                      279.69205
   0.0003721285       139.97684       0.5649277      0.84345836      0.49215662      0.49029107      0.13102826       0.13102826       279.69162                      279.69162
  0.00037218514       139.97668       1.4102204       1.3411077      0.55067612      0.10862677      0.13102826       0.13102826       279.69131                      279.69131
  0.00037219182       139.97667       1.0727095       1.5184107      0.16991494      0.11298127      0.13102826       0.13102826       279.69128                      279.69128
  0.00037221931       139.97659       0.4995967       1.2195513      0.34972589       0.2636877      0.13102826       0.13102826       279.69113                      279.69113
  0.00037226708       139.97646      0.36524698      0.76231104      0.70472737      0.27254899      0.13102826       0.13102826       279.69087                      279.69087
  0.00037227744       139.97644       1.0632595       1.3359519       0.9879334      0.14057695      0.13102826       0.13102826       279.69082                      279.69082
  0.00037229576       139.97639      0.94233589      0.81804951      0.51709424      0.20908679      0.13102826       0.13102826       279.69072                      279.69072
  0.00037230855       139.97635      0.52756759        1.157286      0.19495759      0.30912026      0.13102826       0.13102826       279.69065                      279.69065
   0.0003723281        139.9763      0.41881582       1.0328063      0.94165443      0.26252016      0.13102826       0.13102826       279.69054                      279.69054
  0.00037235962       139.97622      0.48577048       1.1398842       0.6149366      0.23994593      0.13102826       0.13102826       279.69037                      279.69037
  0.00037244544       139.97599       0.7172636        1.312328      0.50194333      0.18824924      0.13102826       0.13102826       279.68991                      279.68991
  0.00037244685       139.97598      0.30572119       1.0065952      0.17978874      0.37559092      0.13102826       0.13102826       279.68991                      279.68991
  0.00037249636       139.97585        1.105437       1.5254208      0.92060948      0.11325025      0.13102826       0.13102826       279.68964                      279.68964
  0.00037251119       139.97581        1.346901      0.89160061      0.39350881      0.12593847      0.13102826       0.13102826       279.68956                      279.68956
  0.00037253207       139.97575       1.1735603       1.5492251      0.77693929      0.10528743      0.13102826       0.13102826       279.68945                      279.68945
  0.00037256665       139.97566       0.2124114      0.56990656      0.85118037      0.46781662      0.13102826       0.13102826       279.68926                      279.68926
  0.00037262846       139.97549      0.64027003       1.0763013      0.41010282      0.27980958      0.13102826       0.13102826       279.68893                      279.68893
  0.00037269651       139.97531      0.94640314       1.3486646      0.60440066      0.12740016      0.13102826       0.13102826       279.68857                      279.68857
  0.00037271787       139.97525      0.23072623      0.68789259      0.97754926      0.43762612      0.13102826       0.13102826       279.68845                      279.68845
  0.00037276737       139.97512       1.1053927       1.1991263      0.37260196      0.14065319      0.13102826       0.13102826       279.68819                      279.68819
   0.0003727719       139.97511       1.1476304      0.82875003      0.76194713      0.15595301      0.13102826       0.13102826       279.68816                      279.68816
  0.00037282552       139.97497        1.176673        1.500382      0.18107742      0.11493697      0.13102826       0.13102826       279.68787                      279.68787
  0.00037283373       139.97494      0.78917616      0.55500504      0.44890897      0.13140358      0.13102826       0.13102826       279.68783                      279.68783
  0.00037292954       139.97469       1.0917138       1.3758701      0.12650172      0.13010946      0.13102826       0.13102826       279.68732                      279.68732
  0.00037295501       139.97462       1.0268378      0.66263757      0.55895261      0.10440804      0.13102826       0.13102826       279.68718                      279.68718
  0.00037296926       139.97458       1.3143875       1.5761261      0.83991582      0.10027393      0.13102826       0.13102826        279.6871                       279.6871
  0.00037302218       139.97444      0.35474005       1.1034761      0.46269597      0.37336119      0.13102826       0.13102826       279.68682                      279.68682
   0.0003730412       139.97439      0.65750587       1.2129961       0.6060478      0.22582071      0.13102826       0.13102826       279.68672                      279.68672
  0.00037305059       139.97436       1.6266837      0.54450423     0.098587016      0.10746948      0.13102826       0.13102826       279.68667                      279.68667
  0.00037305441       139.97435       1.1641155       1.3386079      0.47528025      0.10233277      0.13102826       0.13102826       279.68665                      279.68665
    0.016044782       139.97081       1.3525698      0.72112664      0.56266009      0.12540903      0.13102826       0.13102826       279.67956                      279.67956
    0.016081225       139.96854       1.2586998      0.76389777      0.53870955      0.13202492      0.13102826       0.13102826       279.67502                      279.67502
    0.016091747       139.96789       1.4696897      0.58458904      0.52520462      0.11313998      0.13102826       0.13102826       279.67372                      279.67372
    0.016113302       139.96655       1.3592748       0.7509662      0.53158489      0.11557593      0.13102826       0.13102826       279.67104                      279.67104
    0.016143189       139.96469       1.3653648      0.72978846      0.55456667      0.11049377      0.13102826       0.13102826       279.66733                      279.66733
    0.016149941       139.96428       1.3614379      0.65425292      0.46675848      0.11482496      0.13102826       0.13102826        279.6665                       279.6665
