  0.100000000000000E+001  0.320105015582841E+003  0.153431891154820E+001  0.130341735169249E+001  0.547297271143190E+000  0.368066767513231E+000 -0.131028262406404E+000 -0.160052507791420E+003
  0.100000000000000E+001  0.318958333057674E+003  0.166778611335831E+001  0.119942011711897E+001  0.406518534222343E+000  0.309408802558493E+000 -0.131028262406404E+000 -0.159479166528837E+003
  0.100000000000000E+001  0.318672953369863E+003  0.154767277914941E+001  0.155324943263731E+001  0.426279347474889E+000  0.319710510830462E+000 -0.131028262406404E+000 -0.159336476684931E+003
  0.100000000000000E+001  0.318492797728295E+003  0.146319385843468E+001  0.110881097577263E+001  0.958182724806501E+000  0.357315198684648E+000 -0.131028262406404E+000 -0.159246398864147E+003
  0.100000000000000E+001  0.318023910585276E+003  0.161910093723719E+001  0.115969328741062E+001  0.215997463739734E+000  0.298216746745675E+000 -0.131028262406404E+000 -0.159011955292638E+003
  0.100000000000000E+001  0.317842640805589E+003  0.196904037290934E+001  0.171696122478780E+001  0.701523483850749E+000  0.228251028321021E+000 -0.131028262406404E+000 -0.158921320402794E+003
  0.100000000000000E+001  0.317303540275317E+003  0.194214864203235E+001  0.150383557865778E+001  0.207362821883819E+000  0.220997180873227E+000 -0.131028262406404E+000 -0.158651770137658E+003
  0.100000000000000E+001  0.317204813945457E+003  0.146768967359417E+001  0.763004534504337E+000  0.175210623408322E+000  0.357232462216134E+000 -0.131028262406404E+000 -0.158602406972728E+003
  0.100000000000000E+001  0.316721540822966E+003  0.154849113485915E+001  0.105050822773014E+001  0.185111064241404E-001  0.282679140386109E+000 -0.131028262406404E+000 -0.158360770411483E+003
  0.100000000000000E+001  0.316695877459426E+003  0.102865665079967E+001  0.160043791399601E+001  0.220184095959002E+000  0.436456540602150E+000 -0.131028262406404E+000 -0.158347938729713E+003
  0.100000000000000E+001  0.316601724244670E+003  0.188542041266981E+001  0.152592914208639E+001  0.153898724557097E+000  0.213496227351229E+000 -0.131028262406404E+000 -0.158300862122335E+003
  0.100000000000000E+001  0.316397501652208E+003  0.134925427527899E+001  0.132638413770902E+001  0.298936159828215E+000  0.307335868670564E+000 -0.131028262406404E+000 -0.158198750826104E+003
  0.100000000000000E+001  0.316189602014040E+003  0.185661559692617E+001  0.151235282768630E+001  0.753473880129568E+000  0.208168442668693E+000 -0.131028262406404E+000 -0.158094801007020E+003
  0.100000000000000E+001  0.315984270468165E+003  0.189341212613260E+001  0.679160400595471E+000  0.876455567685040E+000  0.219543295711419E+000 -0.131028262406404E+000 -0.157992135234083E+003
  0.100000000000000E+001  0.315941419959694E+003  0.138725193892379E+001  0.792402693688717E+000  0.595175263510570E+000  0.322251428274383E+000 -0.131028262406404E+000 -0.157970709979847E+003
  0.100000000000000E+001  0.315923522102519E+003  0.125866167414805E+001  0.602545062841942E+000  0.562540763448508E+000  0.438877602033799E+000 -0.131028262406404E+000 -0.157961761051260E+003
  0.100000000000000E+001  0.315903280038099E+003  0.908365099170748E+000  0.176876274579604E+001  0.458855900869476E+000  0.472373749612456E+000 -0.131028262406404E+000 -0.157951640019050E+003
  0.100000000000000E+001  0.315852454298357E+003  0.101571059555204E+001  0.942987282310983E+000  0.968017943527331E+000  0.468946673104350E+000 -0.131028262406404E+000 -0.157926227149179E+003
  0.100000000000000E+001  0.315748731579999E+003  0.136600074115143E+001  0.195781169342804E+001  0.107450912825006E+000  0.283006641660612E+000 -0.131028262406404E+000 -0.157874365790000E+003
  0.100000000000000E+001  0.315648478360959E+003  0.196316301730977E+001  0.121752389591166E+001  0.429811297906190E+000  0.187181632910787E+000 -0.131028262406404E+000 -0.157824239180480E+003
  0.100000000000000E+001  0.315635143760916E+003  0.150014860267432E+001  0.741190091662076E+000  0.936996500539484E+000  0.281023349827769E+000 -0.131028262406404E+000 -0.157817571880458E+003
  0.100000000000000E+001  0.315568780764045E+003  0.107074770873922E+001  0.168902538393216E+001  0.144854228134784E+000  0.360384995070602E+000 -0.131028262406404E+000 -0.157784390382023E+003
  0.100000000000000E+001  0.315540234477613E+003  0.872274364408299E+000  0.192878491137282E+001  0.724529890075042E-001  0.492445891361571E+000 -0.131028262406404E+000 -0.157770117238807E+003
  0.100000000000000E+001  0.315390161600768E+003  0.162008568195570E+001  0.143101482618146E+001  0.852549746267187E+000  0.220736408582276E+000 -0.131028262406404E+000 -0.157695080800384E+003
  0.100000000000000E+001  0.315362779502550E+003  0.196087770420941E+001  0.126225170031543E+001  0.919769409244914E+000  0.180662959915038E+000 -0.131028262406404E+000 -0.157681389751275E+003
  0.100000000000000E+001  0.315327069330219E+003  0.142104330426751E+001  0.917948573568017E+000  0.612894296652295E+000  0.272802589272775E+000 -0.131028262406404E+000 -0.157663534665109E+003
  0.100000000000000E+001  0.315308032039088E+003  0.900195068487780E+000  0.177657130596889E+001  0.655666036212970E+000  0.437150506511374E+000 -0.131028262406404E+000 -0.157654016019544E+003
  0.100000000000000E+001  0.315295805862362E+003  0.115631111382737E+001  0.158271493736691E+001  0.717308526255397E+000  0.316471628284473E+000 -0.131028262406404E+000 -0.157647902931181E+003
  0.100000000000000E+001  0.315285625662615E+003  0.149174851877885E+001  0.133300955544703E+001  0.810656697088763E+000  0.239892165424360E+000 -0.131028262406404E+000 -0.157642812831308E+003
  0.100000000000000E+001  0.315279184779926E+003  0.110939387819950E+001  0.119761506869696E+001  0.575462263883814E+000  0.345781688436788E+000 -0.131028262406404E+000 -0.157639592389963E+003
  0.100000000000000E+001  0.315243218438201E+003  0.111604295037605E+001  0.139117925120885E+001  0.337747670348637E+000  0.331164822025295E+000 -0.131028262406404E+000 -0.157621609219100E+003
  0.100000000000000E+001  0.315238411960045E+003  0.112659111565315E+001  0.160525251356831E+001  0.209934545518330E+000  0.323667310691741E+000 -0.131028262406404E+000 -0.157619205980023E+003
  0.100000000000000E+001  0.315214536962034E+003  0.111574474608701E+001  0.141217197601499E+001  0.473735159983600E+000  0.329269837462553E+000 -0.131028262406404E+000 -0.157607268481017E+003
  0.100000000000000E+001  0.315202941224642E+003  0.116242029204177E+001  0.194343193339501E+001  0.964684285030621E+000  0.318227360564015E+000 -0.131028262406404E+000 -0.157601470612321E+003
  0.100000000000000E+001  0.315196008372834E+003  0.195812916674609E+001  0.121551937295704E+001  0.666024408205610E+000  0.177737442924408E+000 -0.131028262406404E+000 -0.157598004186417E+003
  0.100000000000000E+001  0.314816625700740E+003  0.164743502725871E+001  0.184765583073016E+001  0.925771412469790E+000  0.201601310013911E+000 -0.131028262406404E+000 -0.157408312850370E+003
  0.100000000000000E+001  0.314776348359666E+003  0.155870027775187E+001  0.602849861995977E+000  0.338287393289974E+000  0.243518103170073E+000 -0.131028262406404E+000 -0.157388174179833E+003
  0.100000000000000E+001  0.314760883216963E+003  0.119874181183557E+001  0.152900674849892E+001  0.625243151408066E+000  0.282140409405031E+000 -0.131028262406404E+000 -0.157380441608481E+003
  0.100000000000000E+001  0.314746398551701E+003  0.115282151706561E+001  0.647051219766356E+000  0.855686334603098E+000  0.386040722959056E+000 -0.131028262406404E+000 -0.157373199275850E+003
  0.100000000000000E+001  0.314724914581940E+003  0.139081642600261E+001  0.139194636042672E+001  0.349426639385544E-001  0.239384590800595E+000 -0.131028262406404E+000 -0.157362457290970E+003
  0.100000000000000E+001  0.314670041001127E+003  0.814334348774123E+000  0.112738737213134E+001  0.615566142342865E+000  0.484819824218659E+000 -0.131028262406404E+000 -0.157335020500563E+003
  0.100000000000000E+001  0.314536967851276E+003  0.101776644683420E+001  0.111406862976581E+001  0.637707542575826E+000  0.350733087846880E+000 -0.131028262406404E+000 -0.157268483925638E+003
  0.100000000000000E+001  0.314510756596649E+003  0.104060569991698E+001  0.122501896833307E+001  0.551676162341454E+000  0.330713435805544E+000 -0.131028262406404E+000 -0.157255378298324E+003
  0.100000000000000E+001  0.314488463446417E+003  0.121883447557691E+001  0.119211743925431E+001  0.928736856704511E+000  0.273982033731917E+000 -0.131028262406404E+000 -0.157244231723209E+003
  0.100000000000000E+001  0.314452466560963E+003  0.816248737518523E+000  0.154902043250191E+001  0.627578313151187E+000  0.426272739029749E+000 -0.131028262406404E+000 -0.157226233280481E+003
  0.100000000000000E+001  0.314452204555229E+003  0.105638106546942E+001  0.194470692849735E+001  0.448212972817129E+000  0.318059101181953E+000 -0.131028262406404E+000 -0.157226102277614E+003
  0.100000000000000E+001  0.314451323711256E+003  0.778997886951948E+000  0.136108236190023E+001  0.299327882207696E-001  0.462586849429368E+000 -0.131028262406404E+000 -0.157225661855628E+003
  0.100000000000000E+001  0.314371901911993E+003  0.150311711448117E+001  0.537688637899830E+000  0.443455343928125E+000  0.243723937421312E+000 -0.131028262406404E+000 -0.157185950955997E+003
  0.100000000000000E+001  0.314349916673022E+003  0.168068857994711E+001  0.104514489215776E+001  0.590312716014789E-001  0.189270832783057E+000 -0.131028262406404E+000 -0.157174958336511E+003
  0.100000000000000E+001  0.314325655393245E+003  0.988179018984806E+000  0.147932109195319E+001  0.240668388155071E+000  0.330395224742523E+000 -0.131028262406404E+000 -0.157162827696623E+003
  0.100000000000000E+001  0.314257535748913E+003  0.956455996590371E+000  0.168539161141307E+001  0.696965105161600E+000  0.338356938140726E+000 -0.131028262406404E+000 -0.157128767874456E+003
  0.100000000000000E+001  0.314218426960023E+003  0.900673581895558E+000  0.148826596176259E+001  0.430189910205890E+000  0.362377593952318E+000 -0.131028262406404E+000 -0.157109213480011E+003
  0.100000000000000E+001  0.314211072960432E+003  0.173491129524238E+001  0.182924719920831E+001  0.595071000571892E+000  0.174683068390477E+000 -0.131028262406404E+000 -0.157105536480216E+003
  0.100000000000000E+001  0.314188840950257E+003  0.192220937021563E+001  0.723337525737614E+000  0.990461950919050E+000  0.164550310165189E+000 -0.131028262406404E+000 -0.157094420475129E+003
  0.100000000000000E+001  0.314155452683022E+003  0.194960066083662E+001  0.198703782304030E+001  0.476524965811503E+000  0.154047889395003E+000 -0.131028262406404E+000 -0.157077726341511E+003
  0.100000000000000E+001  0.314108104322759E+003  0.175917746242982E+001  0.124791382062056E+001  0.496470403887549E-001  0.170720794663703E+000 -0.131028262406404E+000 -0.157054052161379E+003
  0.100000000000000E+001  0.314059211134263E+003  0.853624246090943E+000  0.141557224369946E+001  0.657206527536076E+000  0.378667199749733E+000 -0.131028262406404E+000 -0.157029605567131E+003
  0.100000000000000E+001  0.313975109983427E+003  0.177149560711251E+001  0.992616932854075E+000  0.658993984234748E+000  0.168933196473443E+000 -0.131028262406404E+000 -0.156987554991713E+003
  0.100000000000000E+001  0.313957501738301E+003  0.108802136073323E+001  0.846357440594069E+000  0.478258091899500E+000  0.314960331802535E+000 -0.131028262406404E+000 -0.156978750869150E+003
  0.100000000000000E+001  0.313956386004984E+003  0.126587668507812E+001  0.556530459972771E+000  0.633235738909469E+000  0.288541667073658E+000 -0.131028262406404E+000 -0.156978193002492E+003
  0.100000000000000E+001  0.313939670142398E+003  0.118546388780685E+001  0.952734016490484E+000  0.769119403203442E+000  0.270214479866656E+000 -0.131028262406404E+000 -0.156969835071199E+003
  0.100000000000000E+001  0.313938153159327E+003  0.847442837020525E+000  0.119871518440648E+001  0.374814510970525E+000  0.389185298505133E+000 -0.131028262406404E+000 -0.156969076579664E+003
  0.100000000000000E+001  0.313921829732430E+003  0.146356014023447E+001  0.157629816290381E+001  0.413174130626383E+000  0.199113711811244E+000 -0.131028262406404E+000 -0.156960914866215E+003
  0.100000000000000E+001  0.313904644300054E+003  0.157973296185461E+001  0.183283291497630E+001  0.977063297333489E+000  0.183668143130642E+000 -0.131028262406404E+000 -0.156952322150027E+003
  0.100000000000000E+001  0.313903436083726E+003  0.706847456080448E+000  0.119094324662348E+001  0.585785350337315E+000  0.496049649428178E+000 -0.131028262406404E+000 -0.156951718041863E+003
  0.100000000000000E+001  0.313874524782943E+003  0.120079555237988E+001  0.140348525769241E+001  0.404769845376887E+000  0.246165560573347E+000 -0.131028262406404E+000 -0.156937262391471E+003
  0.100000000000000E+001  0.313850314714442E+003  0.167238122225428E+001  0.103516810588564E+001  0.690260736650213E-001  0.175499596975211E+000 -0.131028262406404E+000 -0.156925157357221E+003
  0.100000000000000E+001  0.313835000445168E+003  0.993965769908388E+000  0.146674425390648E+001  0.540766141432299E+000  0.301372476193588E+000 -0.131028262406404E+000 -0.156917500222584E+003
  0.100000000000000E+001  0.313827650042958E+003  0.179755166932147E+001  0.172508319893247E+001  0.644396452597910E+000  0.158015896789154E+000 -0.131028262406404E+000 -0.156913825021479E+003
  0.100000000000000E+001  0.313807641864319E+003  0.819553790424350E+000  0.801441053414351E+000  0.283140680829344E+000  0.490371134808197E+000 -0.131028262406404E+000 -0.156903820932159E+003
  0.100000000000000E+001  0.313796497833088E+003  0.152401426044156E+001  0.178853426072012E+001  0.572859835434405E+000  0.187101289140053E+000 -0.131028262406404E+000 -0.156898248916544E+003
  0.100000000000000E+001  0.313787557402273E+003  0.120136110752625E+001  0.759747576111862E+000  0.695820657723881E+000  0.273040191093314E+000 -0.131028262406404E+000 -0.156893778701137E+003
  0.100000000000000E+001  0.313768649915987E+003  0.168895604566625E+001  0.651793217634351E+000  0.704713461417368E+000  0.179742379035565E+000 -0.131028262406404E+000 -0.156884324957993E+003
  0.100000000000000E+001  0.313719037506458E+003  0.742648584423926E+000  0.143757395390365E+001  0.990958495726992E+000  0.421301762972526E+000 -0.131028262406404E+000 -0.156859518753229E+003
  0.100000000000000E+001  0.313632390010735E+003  0.152763719110394E+001  0.885498887988863E+000  0.437316229123339E+000  0.190011988923631E+000 -0.131028262406404E+000 -0.156816195005368E+003
  0.100000000000000E+001  0.313531295227005E+003  0.790632133386023E+000  0.194654470735008E+001  0.807807209314187E+000  0.382888761256549E+000 -0.131028262406404E+000 -0.156765647613502E+003
  0.100000000000000E+001  0.313496667634437E+003  0.104310514881717E+001  0.809997222669569E+000  0.452261380530355E+000  0.305663413534906E+000 -0.131028262406404E+000 -0.156748333817219E+003
  0.100000000000000E+001  0.313486315885295E+003  0.163742459658595E+001  0.729067051057980E+000  0.463440722077364E+000  0.174152343551086E+000 -0.131028262406404E+000 -0.156743157942648E+003
  0.100000000000000E+001  0.313486292330205E+003  0.192505479591681E+001  0.839542705058394E+000  0.645533835007199E+000  0.143194741620462E+000 -0.131028262406404E+000 -0.156743146165102E+003
  0.100000000000000E+001  0.313481826667983E+003  0.102896835164713E+001  0.541136357931435E+000  0.923550834352713E-001  0.376377710698838E+000 -0.131028262406404E+000 -0.156740913333991E+003
  0.100000000000000E+001  0.313411075922842E+003  0.100796039944388E+001  0.894903950447437E+000  0.904294564077268E+000  0.303788944239555E+000 -0.131028262406404E+000 -0.156705537961421E+003
  0.100000000000000E+001  0.313399614390444E+003  0.104264824550611E+001  0.119608092015832E+001  0.554245934038502E+000  0.269908471456827E+000 -0.131028262406404E+000 -0.156699807195222E+003
  0.100000000000000E+001  0.313395132988224E+003  0.671053091013861E+000  0.141406230870003E+001  0.805690638153088E+000  0.448951877799864E+000 -0.131028262406404E+000 -0.156697566494112E+003
  0.100000000000000E+001  0.313380760927666E+003  0.108097536610446E+001  0.154588478992197E+001  0.985785777477334E+000  0.250591272947114E+000 -0.131028262406404E+000 -0.156690380463833E+003
  0.100000000000000E+001  0.313377853070737E+003  0.811769703670077E+000  0.150382350066229E+001  0.732774651584223E+000  0.348316829341779E+000 -0.131028262406404E+000 -0.156688926535369E+003
  0.100000000000000E+001  0.313370722238722E+003  0.166084831934781E+001  0.771080570831720E+000  0.837767944050321E+000  0.166332480231975E+000 -0.131028262406404E+000 -0.156685361119361E+003
  0.100000000000000E+001  0.313369772299611E+003  0.796530949684895E+000  0.126424053199348E+001  0.459214830928871E+000  0.367476254500183E+000 -0.131028262406404E+000 -0.156684886149806E+003
  0.100000000000000E+001  0.313297634653302E+003  0.177773799798376E+001  0.606149574995706E+000  0.592679240969608E+000  0.154683121621142E+000 -0.131028262406404E+000 -0.156648817326651E+003
  0.100000000000000E+001  0.313227852300618E+003  0.102019313941619E+001  0.168562481157170E+001  0.925003394969357E+000  0.258689830729446E+000 -0.131028262406404E+000 -0.156613926150309E+003
  0.100000000000000E+001  0.313211696757141E+003  0.897096803204641E+000  0.162896954799243E+001  0.185443007971132E+000  0.297782027802497E+000 -0.131028262406404E+000 -0.156605848378571E+003
  0.100000000000000E+001  0.313207021070429E+003  0.652650706501824E+000  0.169746008668348E+001  0.615438468013662E+000  0.440299323811981E+000 -0.131028262406404E+000 -0.156603510535215E+003
  0.100000000000000E+001  0.313158700585410E+003  0.103469680029711E+001  0.843427495656494E+000  0.956933549602322E+000  0.280407427152657E+000 -0.131028262406404E+000 -0.156579350292705E+003
  0.100000000000000E+001  0.313157457311928E+003  0.628497535810009E+000  0.138056904482137E+001  0.378039082234836E-001  0.464626783323415E+000 -0.131028262406404E+000 -0.156578728655964E+003
  0.100000000000000E+001  0.313150447493920E+003  0.744931863778722E+000  0.107551589655655E+001  0.822980147428338E+000  0.402739284327655E+000 -0.131028262406404E+000 -0.156575223746960E+003
  0.100000000000000E+001  0.313135747772009E+003  0.765332802776287E+000  0.173899611246955E+001  0.436806048476924E+000  0.353874307015899E+000 -0.131028262406404E+000 -0.156567873886004E+003
  0.100000000000000E+001  0.313126220726763E+003  0.903871588336013E+000  0.155618702787788E+001  0.730680389252916E+000  0.290102494153250E+000 -0.131028262406404E+000 -0.156563110363382E+003
  0.100000000000000E+001  0.313120389287869E+003  0.142677195397582E+001  0.178715670745397E+001  0.260825110605036E+000  0.176739851935835E+000 -0.131028262406404E+000 -0.156560194643934E+003
  0.100000000000000E+001  0.313112702208774E+003  0.132386222524046E+001  0.882138374959682E+000  0.176461636389816E+000  0.201546009623834E+000 -0.131028262406404E+000 -0.156556351104387E+003
  0.100000000000000E+001  0.313094735963996E+003  0.165918753701764E+001  0.194660336800434E+001  0.909647791416466E+000  0.150771452465032E+000 -0.131028262406404E+000 -0.156547367981998E+003
  0.100000000000000E+001  0.313092969183666E+003  0.876929739999075E+000  0.125742034172454E+001  0.358974691299751E+000  0.306675226605004E+000 -0.131028262406404E+000 -0.156546484591833E+003
  0.100000000000000E+001  0.313068492686555E+003  0.928096393645571E+000  0.145117547013544E+001  0.924283565822787E+000  0.279364431255213E+000 -0.131028262406404E+000 -0.156534246343277E+003
  0.100000000000000E+001  0.313062374207378E+003  0.780945718560351E+000  0.189374807444854E+001  0.838772549347018E+000  0.344488191869268E+000 -0.131028262406404E+000 -0.156531187103689E+003
  0.100000000000000E+001  0.313041273866331E+003  0.109727287470493E+001  0.625019359582565E+000  0.823859319845222E+000  0.272492821312538E+000 -0.131028262406404E+000 -0.156520636933165E+003
  0.100000000000000E+001  0.313032761040987E+003  0.101528211126609E+001  0.861391591562696E+000  0.291603230487089E+000  0.276742702987794E+000 -0.131028262406404E+000 -0.156516380520494E+003
  0.100000000000000E+001  0.313006750390731E+003  0.117580575108513E+001  0.633897193035050E+000  0.117151835148804E+000  0.242671867419697E+000 -0.131028262406404E+000 -0.156503375195365E+003
  0.100000000000000E+001  0.312946608709634E+003  0.178474315236460E+001  0.143027963918749E+001  0.937849124300361E+000  0.135246607676856E+000 -0.131028262406404E+000 -0.156473304354817E+003
  0.100000000000000E+001  0.312911674499654E+003  0.967017769029467E+000  0.151023643708833E+001  0.885993705033182E+000  0.256647685933444E+000 -0.131028262406404E+000 -0.156455837249827E+003
  0.100000000000000E+001  0.312892757137110E+003  0.899146308097706E+000  0.528217772642603E+000  0.520835415910452E-001  0.409025732261445E+000 -0.131028262406404E+000 -0.156446378568555E+003
  0.100000000000000E+001  0.312886254496199E+003  0.674935094455192E+000  0.104393533297884E+001  0.739057497172829E+000  0.436290673869328E+000 -0.131028262406404E+000 -0.156443127248100E+003
  0.100000000000000E+001  0.312880800515055E+003  0.102670657713640E+001  0.916736555395751E+000  0.275955168241626E+000  0.257911520434095E+000 -0.131028262406404E+000 -0.156440400257528E+003
  0.100000000000000E+001  0.312837967593454E+003  0.816217696876307E+000  0.109900841970010E+001  0.343090867542152E+000  0.325371277085060E+000 -0.131028262406404E+000 -0.156418983796727E+003
  0.100000000000000E+001  0.312819516785501E+003  0.135618171725884E+001  0.130735866672509E+001  0.660892393981759E+000  0.176016811426278E+000 -0.131028262406404E+000 -0.156409758392750E+003
  0.100000000000000E+001  0.312814351541298E+003  0.664476586364497E+000  0.141329110471148E+001  0.851254491378250E+000  0.392320066325098E+000 -0.131028262406404E+000 -0.156407175770649E+003
  0.100000000000000E+001  0.312812316004836E+003  0.910590035178865E+000  0.169206740893191E+001  0.938676240318385E+000  0.267379877016829E+000 -0.131028262406404E+000 -0.156406158002418E+003
  0.100000000000000E+001  0.312808468312979E+003  0.845949730787336E+000  0.104957626410026E+001  0.121523087276348E+000  0.312568984780528E+000 -0.131028262406404E+000 -0.156404234156490E+003
  0.100000000000000E+001  0.312799288914680E+003  0.189667430150944E+001  0.138115954610636E+001  0.643964821346254E+000  0.123156952719399E+000 -0.131028262406404E+000 -0.156399644457340E+003
  0.100000000000000E+001  0.312792563876241E+003  0.171699332851247E+001  0.682152497426611E+000  0.488070997318852E+000  0.142211186961958E+000 -0.131028262406404E+000 -0.156396281938120E+003
  0.100000000000000E+001  0.312790231349200E+003  0.597265226903111E+000  0.110578202290646E+001  0.907089949730058E+000  0.490612211353592E+000 -0.131028262406404E+000 -0.156395115674600E+003
  0.100000000000000E+001  0.312771735491576E+003  0.562516919197396E+000  0.168723368475414E+001  0.943069421157165E+000  0.477869650213581E+000 -0.131028262406404E+000 -0.156385867745788E+003
  0.100000000000000E+001  0.312767885008487E+003  0.105285126513616E+001  0.770032902663415E+000  0.246272912433922E+000  0.252282226069310E+000 -0.131028262406404E+000 -0.156383942504244E+003
  0.100000000000000E+001  0.312767697820782E+003  0.671202349625801E+000  0.169252551648301E+001  0.699447716807491E+000  0.377760674848834E+000 -0.131028262406404E+000 -0.156383848910391E+003
  0.100000000000000E+001  0.312733933096150E+003  0.136570838713309E+001  0.525773354565893E+000  0.719961181313428E+000  0.189107458960858E+000 -0.131028262406404E+000 -0.156366966548075E+003
  0.100000000000000E+001  0.312726269523149E+003  0.658197103796199E+000  0.981542228180643E+000  0.317130931582358E-001  0.445380781752119E+000 -0.131028262406404E+000 -0.156363134761575E+003
  0.100000000000000E+001  0.312710228202140E+003  0.965425714654017E+000  0.164641186647747E+001  0.642312363379327E+000  0.244451089693242E+000 -0.131028262406404E+000 -0.156355114101070E+003
  0.100000000000000E+001  0.312698675683440E+003  0.145084231211785E+001  0.996182282742320E+000  0.927911113513623E+000  0.162605993251210E+000 -0.131028262406404E+000 -0.156349337841720E+003
  0.100000000000000E+001  0.312698450625808E+003  0.727846164800426E+000  0.153724789852268E+001  0.804502072614282E+000  0.336498945662108E+000 -0.131028262406404E+000 -0.156349225312904E+003
  0.100000000000000E+001  0.312691955030436E+003  0.747915800693164E+000  0.198638570872957E+001  0.117798540636365E-001  0.334448227627366E+000 -0.131028262406404E+000 -0.156345977515218E+003
  0.100000000000000E+001  0.312678631730519E+003  0.560618141789507E+000  0.185965223810325E+001  0.438872416204585E+000  0.479188463875822E+000 -0.131028262406404E+000 -0.156339315865260E+003
  0.100000000000000E+001  0.312672283305733E+003  0.558127418723762E+000  0.173682249174605E+001  0.748296195395424E+000  0.470544745160910E+000 -0.131028262406404E+000 -0.156336141652866E+003
  0.100000000000000E+001  0.312659314170357E+003  0.165005818815413E+001  0.130537568625169E+001  0.357217926685443E+000  0.138025769980938E+000 -0.131028262406404E+000 -0.156329657085179E+003
  0.100000000000000E+001  0.312657658535118E+003  0.114138288713686E+001  0.545434713337545E+000  0.834798053075584E+000  0.235557891041048E+000 -0.131028262406404E+000 -0.156328829267559E+003
  0.100000000000000E+001  0.312641301439536E+003  0.130253817576339E+001  0.120556532689819E+001  0.685096775145863E+000  0.177300334834922E+000 -0.131028262406404E+000 -0.156320650719768E+003
  0.100000000000000E+001  0.312637751824553E+003  0.624069858565730E+000  0.142990348051519E+001  0.686680578227765E+000  0.403399662043926E+000 -0.131028262406404E+000 -0.156318875912276E+003
  0.100000000000000E+001  0.312632715353465E+003  0.159372353360501E+001  0.799914196903883E+000  0.824403033589356E+000  0.146849598784373E+000 -0.131028262406404E+000 -0.156316357676733E+003
  0.100000000000000E+001  0.312595787210634E+003  0.907797453556430E+000  0.514369706852568E+000  0.987101942380234E+000  0.352256097900732E+000 -0.131028262406404E+000 -0.156297893605317E+003
  0.100000000000000E+001  0.312590901364777E+003  0.161484010083581E+001  0.108124576193235E+001  0.470321303992957E+000  0.140271183323177E+000 -0.131028262406404E+000 -0.156295450682389E+003
  0.100000000000000E+001  0.312587134173362E+003  0.886254947112142E+000  0.178304358295442E+001  0.495335833437250E+000  0.261142015486701E+000 -0.131028262406404E+000 -0.156293567086681E+003
  0.100000000000000E+001  0.312586319590602E+003  0.903910841630775E+000  0.170850643973300E+001  0.514380900598664E+000  0.254867240827383E+000 -0.131028262406404E+000 -0.156293159795301E+003
  0.100000000000000E+001  0.312584081861524E+003  0.549146806887320E+000  0.162899963568517E+001  0.644868115333926E+000  0.464156848529720E+000 -0.131028262406404E+000 -0.156292040930762E+003
  0.100000000000000E+001  0.312580084147172E+003  0.719157661939513E+000  0.792584210276088E+000  0.547763863128310E+000  0.418901330931316E+000 -0.131028262406404E+000 -0.156290042073586E+003
  0.100000000000000E+001  0.312544779713290E+003  0.956648432671927E+000  0.110511945252831E+001  0.182580819000812E+000  0.247002212253864E+000 -0.131028262406404E+000 -0.156272389856645E+003
  0.100000000000000E+001  0.312541299726673E+003  0.788372291467186E+000  0.110255401160863E+001  0.838903204351615E+000  0.312454099529587E+000 -0.131028262406404E+000 -0.156270649863337E+003
  0.100000000000000E+001  0.312533542917799E+003  0.124791180975118E+001  0.163239301427609E+001  0.650282097804410E+000  0.177917394238930E+000 -0.131028262406404E+000 -0.156266771458899E+003
  0.100000000000000E+001  0.312533114016870E+003  0.185919005208487E+001  0.194617324520095E+001  0.401243872766572E+000  0.118188466646244E+000 -0.131028262406404E+000 -0.156266557008435E+003
  0.100000000000000E+001  0.312531512150081E+003  0.112239933983786E+001  0.959874379383174E+000  0.718190809794262E+000  0.208951466446706E+000 -0.131028262406404E+000 -0.156265756075041E+003
  0.100000000000000E+001  0.312527373900755E+003  0.119513663820010E+001  0.119670730306497E+001  0.389504651511357E+000  0.189253305487713E+000 -0.131028262406404E+000 -0.156263686950378E+003
  0.100000000000000E+001  0.312523115723320E+003  0.172467163387129E+001  0.129780061770546E+001  0.198737892470988E+000  0.127614929495006E+000 -0.131028262406404E+000 -0.156261557861660E+003
  0.100000000000000E+001  0.312515597662213E+003  0.839660077372469E+000  0.646562129790743E+000  0.115439276857646E+000  0.349681854345784E+000 -0.131028262406404E+000 -0.156257798831107E+003
  0.100000000000000E+001  0.312510473819777E+003  0.573582763596252E+000  0.116497494132942E+001  0.293456700573768E+000  0.463438340757232E+000 -0.131028262406404E+000 -0.156255236909889E+003
  0.100000000000000E+001  0.312509920519587E+003  0.149808774146380E+001  0.161549052328263E+001  0.477859257821189E+000  0.146278720029686E+000 -0.131028262406404E+000 -0.156254960259794E+003
  0.100000000000000E+001  0.312507604500955E+003  0.641788706335241E+000  0.173840734130530E+001  0.904069518936267E+000  0.371597562210636E+000 -0.131028262406404E+000 -0.156253802250478E+003
  0.100000000000000E+001  0.312459517080634E+003  0.511943817281391E+000  0.164210083165561E+001  0.686588220065348E+000  0.491552096716585E+000 -0.131028262406404E+000 -0.156229758540317E+003
  0.100000000000000E+001  0.312458065593069E+003  0.876626291010294E+000  0.971661290554657E+000  0.832297388205508E+000  0.275691606288238E+000 -0.131028262406404E+000 -0.156229032796535E+003
  0.100000000000000E+001  0.312452963170521E+003  0.141160258476567E+001  0.101451850113198E+001  0.278731347848742E-001  0.157170836533078E+000 -0.131028262406404E+000 -0.156226481585260E+003
  0.100000000000000E+001  0.312451852164307E+003  0.960776627223273E+000  0.865447273173020E+000  0.161303895204463E+000  0.251781102420012E+000 -0.131028262406404E+000 -0.156225926082153E+003
  0.100000000000000E+001  0.312446168876286E+003  0.810878914716623E+000  0.102525646065733E+001  0.124466493156823E+000  0.299065419865986E+000 -0.131028262406404E+000 -0.156223084438143E+003
  0.100000000000000E+001  0.312436719240019E+003  0.852006057140448E+000  0.883138985726722E+000  0.926957435001831E+000  0.292210048511676E+000 -0.131028262406404E+000 -0.156218359620009E+003
  0.100000000000000E+001  0.312430162474812E+003  0.194272330904457E+001  0.104254503909247E+001  0.427947210503621E+000  0.111142253269107E+000 -0.131028262406404E+000 -0.156215081237406E+003
  0.100000000000000E+001  0.312429557164358E+003  0.553190155811554E+000  0.146111527331746E+001  0.740545639336572E-001  0.440734129571396E+000 -0.131028262406404E+000 -0.156214778582179E+003
  0.100000000000000E+001  0.312426599752013E+003  0.112941473545657E+001  0.778985833152748E+000  0.189286765941035E+000  0.207950042386231E+000 -0.131028262406404E+000 -0.156213299876006E+003
  0.100000000000000E+001  0.312423056105258E+003  0.118786872019612E+001  0.976383686095129E+000  0.228558405509270E+000  0.189523807392178E+000 -0.131028262406404E+000 -0.156211528052629E+003
  0.100000000000000E+001  0.312416411356975E+003  0.127787591631960E+001  0.801057778782243E+000  0.240641268648448E+000  0.178101205020127E+000 -0.131028262406404E+000 -0.156208205678488E+003
  0.100000000000000E+001  0.312400139032197E+003  0.782851470714691E+000  0.178734974419767E+001  0.467085149072012E+000  0.285387052732181E+000 -0.131028262406404E+000 -0.156200069516098E+003
  0.100000000000000E+001  0.312399200089293E+003  0.133356730013203E+001  0.184159400033614E+001  0.155360867520134E+000  0.160750180977805E+000 -0.131028262406404E+000 -0.156199600044646E+003
  0.100000000000000E+001  0.312390181179813E+003  0.108548261383265E+001  0.530582283998783E+000  0.105970387652918E+000  0.232697543963726E+000 -0.131028262406404E+000 -0.156195090589907E+003
  0.100000000000000E+001  0.312388126979775E+003  0.548626484975773E+000  0.130366236146098E+001  0.750088251663508E+000  0.452442844779868E+000 -0.131028262406404E+000 -0.156194063489887E+003
  0.100000000000000E+001  0.312386153335714E+003  0.151252608388111E+001  0.182663451807048E+001  0.730578511862463E+000  0.140542216042090E+000 -0.131028262406404E+000 -0.156193076667857E+003
  0.100000000000000E+001  0.312373698976626E+003  0.105177223370939E+001  0.167665416266085E+001  0.518047103869448E+000  0.204481301107287E+000 -0.131028262406404E+000 -0.156186849488313E+003
  0.100000000000000E+001  0.312372030745315E+003  0.855426581449733E+000  0.186120749275892E+001  0.963622186824734E-001  0.257277421698542E+000 -0.131028262406404E+000 -0.156186015372657E+003
  0.100000000000000E+001  0.312363601481347E+003  0.872317976816621E+000  0.852731521260935E+000  0.879731080367365E-001  0.279125166681152E+000 -0.131028262406404E+000 -0.156181800740674E+003
  0.100000000000000E+001  0.312348199614195E+003  0.710005519446086E+000  0.111900346094652E+001  0.116106638424427E+000  0.334939894314457E+000 -0.131028262406404E+000 -0.156174099807098E+003
  0.100000000000000E+001  0.312323613434697E+003  0.627729501042864E+000  0.856940656580885E+000  0.220328399384957E+000  0.451513405669941E+000 -0.131028262406404E+000 -0.156161806717348E+003
  0.100000000000000E+001  0.312312578760866E+003  0.815858032023503E+000  0.189445442005180E+001  0.342768950707581E+000  0.267373857261977E+000 -0.131028262406404E+000 -0.156156289380433E+003
  0.100000000000000E+001  0.312312309643701E+003  0.701446610856916E+000  0.102090399668073E+001  0.323469923567079E+000  0.347282614753051E+000 -0.131028262406404E+000 -0.156156154821851E+003
  0.100000000000000E+001  0.312292248209726E+003  0.925290373163488E+000  0.190658927169949E+001  0.132507841837948E+000  0.231175702672578E+000 -0.131028262406404E+000 -0.156146124104863E+003
  0.100000000000000E+001  0.312291046263517E+003  0.897831640087197E+000  0.197525493872836E+001  0.306298942348133E+000  0.240181386642832E+000 -0.131028262406404E+000 -0.156145523131758E+003
  0.100000000000000E+001  0.312260727871178E+003  0.585250083928054E+000  0.181847764171190E+001  0.351032863755751E-002  0.388623262407946E+000 -0.131028262406404E+000 -0.156130363935589E+003
  0.100000000000000E+001  0.312238244610277E+003  0.103337660171019E+001  0.718128104644780E+000  0.511331233623019E+000  0.222297793152602E+000 -0.131028262406404E+000 -0.156119122305139E+003
  0.100000000000000E+001  0.312235375154539E+003  0.676199487528175E+000  0.197523882162453E+001  0.938134715841531E+000  0.328763506968173E+000 -0.131028262406404E+000 -0.156117687577269E+003
  0.100000000000000E+001  0.312222661134301E+003  0.633775656527454E+000  0.882862272707040E+000  0.716368356079912E-001  0.418301821867518E+000 -0.131028262406404E+000 -0.156111330567151E+003
  0.100000000000000E+001  0.312211833696557E+003  0.141231734093084E+001  0.155772665697047E+001  0.570433906733059E-003  0.143836876824585E+000 -0.131028262406404E+000 -0.156105916848278E+003
  0.100000000000000E+001  0.312209534770457E+003  0.162099772434262E+001  0.173583493009541E+001  0.330480907154777E+000  0.124726829548699E+000 -0.131028262406404E+000 -0.156104767385228E+003
  0.100000000000000E+001  0.312208832583990E+003  0.162556084691354E+001  0.187757974308404E+001  0.646892944884125E+000  0.124530931564448E+000 -0.131028262406404E+000 -0.156104416291995E+003
  0.100000000000000E+001  0.312203964867193E+003  0.103525405765843E+001  0.178264101630107E+001  0.375757610339188E+000  0.198630789698679E+000 -0.131028262406404E+000 -0.156101982433596E+003
  0.100000000000000E+001  0.312201432279570E+003  0.187820076597554E+001  0.136861227143237E+001  0.247896287231781E+000  0.107340567020502E+000 -0.131028262406404E+000 -0.156100716139785E+003
  0.100000000000000E+001  0.312199015824443E+003  0.996857667812637E+000  0.793627025959677E+000  0.142106295127530E+000  0.225381472891362E+000 -0.131028262406404E+000 -0.156099507912222E+003
  0.100000000000000E+001  0.312182832892502E+003  0.164337312585202E+001  0.111045505107691E+001  0.358660781768221E+000  0.123470051139430E+000 -0.131028262406404E+000 -0.156091416446251E+003
  0.100000000000000E+001  0.312182034794098E+003  0.135620804224408E+001  0.896846545822010E+000  0.112780619892214E+000  0.153736638747083E+000 -0.131028262406404E+000 -0.156091017397049E+003
  0.100000000000000E+001  0.312180459822968E+003  0.951436335242080E+000  0.632901337480407E+000  0.810364784235497E+000  0.250839439267657E+000 -0.131028262406404E+000 -0.156090229911484E+003
  0.100000000000000E+001  0.312179784515749E+003  0.655453317194019E+000  0.191854250199788E+001  0.655363359237034E+000  0.332394998204634E+000 -0.131028262406404E+000 -0.156089892257875E+003
  0.100000000000000E+001  0.312169419747932E+003  0.729725598145930E+000  0.110199989157938E+001  0.520224486368366E+000  0.306190932903704E+000 -0.131028262406404E+000 -0.156084709873966E+003
  0.100000000000000E+001  0.312165393464132E+003  0.167987974308739E+001  0.172813044228186E+001  0.678120066404021E+000  0.118785797971678E+000 -0.131028262406404E+000 -0.156082696732066E+003
  0.100000000000000E+001  0.312162472730142E+003  0.664559596200814E+000  0.637885621263616E+000  0.547459572456548E+000  0.478822122890337E+000 -0.131028262406404E+000 -0.156081236365071E+003
  0.100000000000000E+001  0.312160982796828E+003  0.104757907288653E+001  0.553608128635463E+000  0.586863338844183E+000  0.223016491165996E+000 -0.131028262406404E+000 -0.156080491398414E+003
  0.100000000000000E+001  0.312154698264775E+003  0.120247493428065E+001  0.789467440686659E+000  0.809848311429449E+000  0.176958842015291E+000 -0.131028262406404E+000 -0.156077349132387E+003
  0.100000000000000E+001  0.312134959912990E+003  0.744598147135120E+000  0.190245762934116E+001  0.680833289525764E+000  0.281126864931073E+000 -0.131028262406404E+000 -0.156067479956495E+003
  0.100000000000000E+001  0.312128075450099E+003  0.622769065214955E+000  0.187431332474071E+001  0.876176055037338E+000  0.345693407646335E+000 -0.131028262406404E+000 -0.156064037725050E+003
  0.100000000000000E+001  0.312123452264344E+003  0.567680230929268E+000  0.113746988128813E+001  0.156837046717531E-001  0.414519245202540E+000 -0.131028262406404E+000 -0.156061726132172E+003
  0.100000000000000E+001  0.312112758150122E+003  0.851083396559717E+000  0.136325598664471E+001  0.803275046563245E-002  0.241095834434575E+000 -0.131028262406404E+000 -0.156056379075061E+003
  0.100000000000000E+001  0.312112467749697E+003  0.561459823967252E+000  0.148532720935824E+001  0.992505409868996E+000  0.387394712826111E+000 -0.131028262406404E+000 -0.156056233874849E+003
  0.100000000000000E+001  0.312102326976484E+003  0.523273195375642E+000  0.192935864928998E+001  0.228144825877733E+000  0.435071360172060E+000 -0.131028262406404E+000 -0.156051163488242E+003
  0.100000000000000E+001  0.312090191650192E+003  0.168795216808733E+001  0.668579074331995E+000  0.836106729870821E+000  0.119803986035378E+000 -0.131028262406404E+000 -0.156045095825096E+003
  0.100000000000000E+001  0.312083987502130E+003  0.159645647063706E+001  0.186607692196281E+001  0.235546192860933E+000  0.122412481139683E+000 -0.131028262406404E+000 -0.156041993751065E+003
  0.100000000000000E+001  0.312082741084710E+003  0.788016180482736E+000  0.852145536584860E+000  0.993699694003939E+000  0.290056210866976E+000 -0.131028262406404E+000 -0.156041370542355E+003
  0.100000000000000E+001  0.312054167124506E+003  0.188105881224088E+001  0.777555270557536E+000  0.565213088050472E+000  0.104748589021743E+000 -0.131028262406404E+000 -0.156027083562253E+003
  0.100000000000000E+001  0.312052795565448E+003  0.159328554338155E+001  0.183711909826479E+001  0.915968577934174E+000  0.121497092826775E+000 -0.131028262406404E+000 -0.156026397782724E+003
  0.100000000000000E+001  0.312039304590786E+003  0.191180881767943E+001  0.105931278008735E+001  0.778829995505905E+000  0.101369388979714E+000 -0.131028262406404E+000 -0.156019652295393E+003
  0.100000000000000E+001  0.312033982515773E+003  0.590335048261101E+000  0.120456226292329E+001  0.928788903769599E+000  0.372202635827681E+000 -0.131028262406404E+000 -0.156016991257887E+003
  0.100000000000000E+001  0.312033190453248E+003  0.828431308050236E+000  0.189446001610008E+001  0.507343355583424E-001  0.241082079983808E+000 -0.131028262406404E+000 -0.156016595226624E+003
  0.100000000000000E+001  0.312031578360455E+003  0.131358972939406E+001  0.102310387752948E+001  0.607288983955229E+000  0.150443712400123E+000 -0.131028262406404E+000 -0.156015789180227E+003
  0.100000000000000E+001  0.312027768357029E+003  0.129789050689638E+001  0.176246137379158E+001  0.267298104054829E+000  0.148785281641637E+000 -0.131028262406404E+000 -0.156013884178514E+003
  0.100000000000000E+001  0.312026248842425E+003  0.855582411279426E+000  0.110361923200477E+001  0.406749781738886E+000  0.240468054572483E+000 -0.131028262406404E+000 -0.156013124421213E+003
  0.100000000000000E+001  0.312022487466007E+003  0.974453959984518E+000  0.114783797530200E+001  0.846951398740000E+000  0.205814079161727E+000 -0.131028262406404E+000 -0.156011243733003E+003
  0.100000000000000E+001  0.312007204127186E+003  0.972555189412013E+000  0.120316535365989E+001  0.810539078471235E-001  0.204088975259178E+000 -0.131028262406404E+000 -0.156003602063593E+003
  0.100000000000000E+001  0.312004253474449E+003  0.158247394416312E+001  0.183366759530122E+001  0.351479028028192E-001  0.120581201739608E+000 -0.131028262406404E+000 -0.156002126737225E+003
  0.100000000000000E+001  0.312003957323332E+003  0.502944317246590E+000  0.181077770113809E+001  0.613060945008019E+000  0.431318513472225E+000 -0.131028262406404E+000 -0.156001978661666E+003
  0.100000000000000E+001  0.312000922684140E+003  0.954908755120079E+000  0.199803512839418E+001  0.418429842012297E+000  0.205594071380358E+000 -0.131028262406404E+000 -0.156000461342070E+003
  0.100000000000000E+001  0.311995909694187E+003  0.141203826602537E+001  0.153250600528945E+001  0.209481396462206E+000  0.135156931528257E+000 -0.131028262406404E+000 -0.155997954847093E+003
  0.100000000000000E+001  0.311993361657988E+003  0.461493987443919E+000  0.175016088018989E+001  0.959435880050602E+000  0.480813967520905E+000 -0.131028262406404E+000 -0.155996680828994E+003
  0.100000000000000E+001  0.311984277069446E+003  0.110657947306416E+001  0.188235520288650E+001  0.115007931326264E+000  0.173758804721180E+000 -0.131028262406404E+000 -0.155992138534723E+003
  0.100000000000000E+001  0.311981187484635E+003  0.885041285980985E+000  0.979555415371367E+000  0.340244554313730E+000  0.232503706033729E+000 -0.131028262406404E+000 -0.155990593742318E+003
  0.100000000000000E+001  0.311977321573597E+003  0.629173752791658E+000  0.994476950034501E+000  0.299285266409986E+000  0.359688264356430E+000 -0.131028262406404E+000 -0.155988660786799E+003
  0.100000000000000E+001  0.311967249469875E+003  0.161824588703748E+001  0.140814415904563E+001  0.607315735222260E+000  0.116708750996963E+000 -0.131028262406404E+000 -0.155983624734937E+003
  0.100000000000000E+001  0.311957857709161E+003  0.180560287806426E+001  0.162097517034774E+001  0.676213938455437E+000  0.103860674175024E+000 -0.131028262406404E+000 -0.155978928854581E+003
  0.100000000000000E+001  0.311944531069956E+003  0.480108776196756E+000  0.183165209641298E+001  0.293509055627279E-001  0.450475601765752E+000 -0.131028262406404E+000 -0.155972265534978E+003
  0.100000000000000E+001  0.311937980436756E+003  0.177732012318290E+001  0.986331632158606E+000  0.434799320041138E+000  0.106266681341235E+000 -0.131028262406404E+000 -0.155968990218378E+003
  0.100000000000000E+001  0.311932386905021E+003  0.125422500804468E+001  0.115563503104201E+001  0.904446688276835E-001  0.151845133645566E+000 -0.131028262406404E+000 -0.155966193452511E+003
  0.100000000000000E+001  0.311917585964196E+003  0.874829625981286E+000  0.542895442619881E+000  0.850627067996207E-001  0.265694337027251E+000 -0.131028262406404E+000 -0.155958792982098E+003
  0.100000000000000E+001  0.311911423832823E+003  0.567080564017279E+000  0.147650276969236E+001  0.437884981798167E+000  0.356129993507136E+000 -0.131028262406404E+000 -0.155955711916411E+003
  0.100000000000000E+001  0.311910796674020E+003  0.538555773362054E+000  0.123873335097180E+001  0.152798400147572E+000  0.396315504185025E+000 -0.131028262406404E+000 -0.155955398337010E+003
  0.100000000000000E+001  0.311910659003587E+003  0.456146024304999E+000  0.180436571484632E+001  0.414608176516479E+000  0.475557209245039E+000 -0.131028262406404E+000 -0.155955329501794E+003
  0.100000000000000E+001  0.311908614903063E+003  0.128805592057656E+001  0.139069686085387E+001  0.574021610604627E+000  0.145052803507465E+000 -0.131028262406404E+000 -0.155954307451532E+003
  0.100000000000000E+001  0.311906809080165E+003  0.128357407068593E+001  0.173153220534963E+001  0.319659153949977E+000  0.144928050579707E+000 -0.131028262406404E+000 -0.155953404540083E+003
  0.100000000000000E+001  0.311906299654752E+003  0.595071141004875E+000  0.165101069863295E+001  0.125895786330784E+000  0.332973114210495E+000 -0.131028262406404E+000 -0.155953149827376E+003
  0.100000000000000E+001  0.311905645657974E+003  0.635690607075887E+000  0.188227400301958E+001  0.413788459701480E+000  0.311744751808361E+000 -0.131028262406404E+000 -0.155952822828987E+003
  0.100000000000000E+001  0.311904292518578E+003  0.145088352089868E+001  0.758549767780773E+000  0.135503749040208E+000  0.132279338998914E+000 -0.131028262406404E+000 -0.155952146259289E+003
  0.100000000000000E+001  0.311893100174222E+003  0.678528126653076E+000  0.116465778528862E+001  0.192074899631239E+000  0.299183569026861E+000 -0.131028262406404E+000 -0.155946550087111E+003
  0.100000000000000E+001  0.311891724597408E+003  0.863967298528304E+000  0.957619010649432E+000  0.157460799288638E+000  0.232736245539131E+000 -0.131028262406404E+000 -0.155945862298704E+003
  0.100000000000000E+001  0.311884052641214E+003  0.609380098020480E+000  0.105962057724254E+001  0.761129883936549E+000  0.352521047800642E+000 -0.131028262406404E+000 -0.155942026320607E+003
  0.100000000000000E+001  0.311869944321014E+003  0.545033981063795E+000  0.121551817443942E+001  0.779671905722806E-001  0.386315046111609E+000 -0.131028262406404E+000 -0.155934972160507E+003
  0.100000000000000E+001  0.311866461606214E+003  0.557253152192529E+000  0.133181990948547E+001  0.620434067223526E+000  0.364939374305172E+000 -0.131028262406404E+000 -0.155933230803107E+003
  0.100000000000000E+001  0.311862362462551E+003  0.926929166391421E+000  0.127434956388626E+001  0.426813276060889E+000  0.203762794596305E+000 -0.131028262406404E+000 -0.155931181231276E+003
  0.100000000000000E+001  0.311859142282036E+003  0.795470934186462E+000  0.524877604832569E+000  0.332035811814679E+000  0.309064267721543E+000 -0.131028262406404E+000 -0.155929571141018E+003
  0.100000000000000E+001  0.311847804360551E+003  0.744472562550352E+000  0.542537788906834E+000  0.957591102262699E+000  0.345744263407947E+000 -0.131028262406404E+000 -0.155923902180276E+003
  0.100000000000000E+001  0.311846450693962E+003  0.565401529102563E+000  0.179170519857287E+001  0.232507727605991E+000  0.347929681319106E+000 -0.131028262406404E+000 -0.155923225346981E+003
  0.100000000000000E+001  0.311844193951150E+003  0.155089616139217E+001  0.155498651274164E+001  0.655442454938184E+000  0.117040423429406E+000 -0.131028262406404E+000 -0.155922096975575E+003
  0.100000000000000E+001  0.311840904698060E+003  0.126430531584562E+001  0.788095976615513E+000  0.224888877855473E+000  0.150395097477584E+000 -0.131028262406404E+000 -0.155920452349030E+003
  0.100000000000000E+001  0.311835741290391E+003  0.879088747820832E+000  0.133998125751221E+001  0.937743168825116E+000  0.212852057279380E+000 -0.131028262406404E+000 -0.155917870645195E+003
  0.100000000000000E+001  0.311823782852584E+003  0.720942071837582E+000  0.804242458407705E+000  0.844639781087851E+000  0.301246732349325E+000 -0.131028262406404E+000 -0.155911891426292E+003
  0.100000000000000E+001  0.311811920158502E+003  0.131770369442596E+001  0.852861073717200E+000  0.889727956417720E+000  0.141315363078066E+000 -0.131028262406404E+000 -0.155905960079251E+003
  0.100000000000000E+001  0.311807315856914E+003  0.468941795651706E+000  0.191844582187457E+001  0.292359708563833E+000  0.446353508528262E+000 -0.131028262406404E+000 -0.155903657928457E+003
  0.100000000000000E+001  0.311793972321533E+003  0.168886634645169E+001  0.155546488407032E+001  0.117948275820421E+000  0.105556750240965E+000 -0.131028262406404E+000 -0.155896986160766E+003
  0.100000000000000E+001  0.311778021535959E+003  0.599909176413534E+000  0.159673151814101E+001  0.338792059117362E+000  0.314667216611007E+000 -0.131028262406404E+000 -0.155889010767980E+003
  0.100000000000000E+001  0.311777142333003E+003  0.688153702265908E+000  0.518018122783361E+000  0.359339475776669E+000  0.410723401000516E+000 -0.131028262406404E+000 -0.155888571166501E+003
  0.100000000000000E+001  0.311776172720676E+003  0.913942250748975E+000  0.521024818247148E+000  0.148424437951738E+000  0.233753862679384E+000 -0.131028262406404E+000 -0.155888086360338E+003
  0.100000000000000E+001  0.311769910011795E+003  0.709416233837154E+000  0.638386022215685E+000  0.839578008578320E+000  0.332089384010246E+000 -0.131028262406404E+000 -0.155884955005898E+003
  0.100000000000000E+001  0.311764945754824E+003  0.524834374877043E+000  0.197760304401456E+001  0.646383325754414E-001  0.379672778896233E+000 -0.131028262406404E+000 -0.155882472877412E+003
  0.100000000000000E+001  0.311760955538540E+003  0.863677730378976E+000  0.168084543556293E+001  0.770303324967699E+000  0.208907156800994E+000 -0.131028262406404E+000 -0.155880477769270E+003
  0.100000000000000E+001  0.311759575393180E+003  0.520203729862676E+000  0.134467751921461E+001  0.935254596280277E+000  0.380202983626762E+000 -0.131028262406404E+000 -0.155879787696590E+003
  0.100000000000000E+001  0.311758310350913E+003  0.634410217297270E+000  0.720587202714830E+000  0.564566649460350E-001  0.377844413911002E+000 -0.131028262406404E+000 -0.155879155175456E+003
  0.100000000000000E+001  0.311756218640907E+003  0.508146276833652E+000  0.160926735888517E+001  0.204432630509175E+000  0.380364510300981E+000 -0.131028262406404E+000 -0.155878109320453E+003
  0.100000000000000E+001  0.311751466225489E+003  0.131112959026593E+001  0.155730113542793E+001  0.535111885965938E+000  0.134791181841314E+000 -0.131028262406404E+000 -0.155875733112745E+003
  0.100000000000000E+001  0.311745703537132E+003  0.103359195311283E+001  0.535185659799173E+000  0.140572539605350E+000  0.192769327789646E+000 -0.131028262406404E+000 -0.155872851768566E+003
  0.100000000000000E+001  0.311745005888044E+003  0.449327461723477E+000  0.172250268083818E+001  0.207404302380748E+000  0.445380682299575E+000 -0.131028262406404E+000 -0.155872502944022E+003
  0.100000000000000E+001  0.311736551690650E+003  0.142900006751634E+001  0.823349589319565E+000  0.250165497787997E+000  0.126235727605964E+000 -0.131028262406404E+000 -0.155868275845325E+003
  0.100000000000000E+001  0.311734949502148E+003  0.161328703203212E+001  0.770121918355911E+000  0.371436125045626E+000  0.111107470922194E+000 -0.131028262406404E+000 -0.155867474751074E+003
  0.100000000000000E+001  0.311731394813149E+003  0.469817638573917E+000  0.158505897259461E+001  0.751059699626923E+000  0.415920250388220E+000 -0.131028262406404E+000 -0.155865697406575E+003
  0.100000000000000E+001  0.311726405696266E+003  0.518554406992893E+000  0.188585907110920E+001  0.204093328137549E+000  0.372782980976587E+000 -0.131028262406404E+000 -0.155863202848133E+003
  0.100000000000000E+001  0.311705034233618E+003  0.172629081421834E+001  0.748469496024954E+000  0.883532141133814E+000  0.102395812457282E+000 -0.131028262406404E+000 -0.155852517116809E+003
  0.100000000000000E+001  0.311700060749602E+003  0.680058070097390E+000  0.579741482559280E+000  0.523429299219603E+000  0.365026455013424E+000 -0.131028262406404E+000 -0.155850030374801E+003
  0.100000000000000E+001  0.311697993823472E+003  0.887660771959516E+000  0.122862768374749E+001  0.293362553612252E+000  0.202266065006047E+000 -0.131028262406404E+000 -0.155848996911736E+003
  0.100000000000000E+001  0.311697755282329E+003  0.117967970730489E+001  0.177653591622649E+001  0.400104382697985E+000  0.147483862752293E+000 -0.131028262406404E+000 -0.155848877641164E+003
  0.100000000000000E+001  0.311693645044950E+003  0.763520788036853E+000  0.791618906975132E+000  0.580556172192968E+000  0.262846770246415E+000 -0.131028262406404E+000 -0.155846822522475E+003
  0.100000000000000E+001  0.311692563929754E+003  0.732487166273890E+000  0.523695119095522E+000  0.147898162223724E+000  0.328932642317328E+000 -0.131028262406404E+000 -0.155846281964877E+003
  0.100000000000000E+001  0.311691679640168E+003  0.145441294995760E+001  0.128816379094720E+001  0.788615264243491E+000  0.119299922830306E+000 -0.131028262406404E+000 -0.155845839820084E+003
  0.100000000000000E+001  0.311690783137198E+003  0.453115306069008E+000  0.107555302532464E+001  0.837060299365393E+000  0.487414594040621E+000 -0.131028262406404E+000 -0.155845391568599E+003
  0.100000000000000E+001  0.311690745334024E+003  0.501232177868854E+000  0.137650083906187E+001  0.965388049929391E+000  0.384808236852403E+000 -0.131028262406404E+000 -0.155845372667012E+003
  0.100000000000000E+001  0.311690303794471E+003  0.853164592973459E+000  0.172439762719377E+001  0.400609533505370E+000  0.206399619528502E+000 -0.131028262406404E+000 -0.155845151897235E+003
  0.100000000000000E+001  0.311686467252195E+003  0.791629523362077E+000  0.663430107802456E+000  0.636407927907102E+000  0.261448551058547E+000 -0.131028262406404E+000 -0.155843233626098E+003
  0.100000000000000E+001  0.311684670655663E+003  0.673875807348954E+000  0.664815220550580E+000  0.975499840285214E+000  0.339642586475461E+000 -0.131028262406404E+000 -0.155842335327832E+003
  0.100000000000000E+001  0.311681754429946E+003  0.670384289789306E+000  0.665296724558125E+000  0.933266257595577E+000  0.342124686403167E+000 -0.131028262406404E+000 -0.155840877214973E+003
  0.100000000000000E+001  0.311681652493905E+003  0.106311813566441E+001  0.692928136699766E+000  0.330011642222205E+000  0.175296539548479E+000 -0.131028262406404E+000 -0.155840826246953E+003
  0.100000000000000E+001  0.311676797656614E+003  0.462441569352770E+000  0.125208992494343E+001  0.256861665466637E+000  0.437355248317138E+000 -0.131028262406404E+000 -0.155838398828307E+003
  0.100000000000000E+001  0.311667672452902E+003  0.582165462389313E+000  0.983299227546146E+000  0.409299434608078E+000  0.351572838478062E+000 -0.131028262406404E+000 -0.155833836226451E+003
  0.100000000000000E+001  0.311655272623205E+003  0.706901723936762E+000  0.192903682042602E+001  0.100016990356702E+000  0.251965295136419E+000 -0.131028262406404E+000 -0.155827636311602E+003
  0.100000000000000E+001  0.311651010177319E+003  0.694152960263223E+000  0.135744051683115E+001  0.850642292839701E+000  0.257941154670658E+000 -0.131028262406404E+000 -0.155825505088659E+003
  0.100000000000000E+001  0.311648551252938E+003  0.118720160091317E+001  0.145955817508385E+001  0.933070937376743E+000  0.144254574752991E+000 -0.131028262406404E+000 -0.155824275626469E+003
  0.100000000000000E+001  0.311647372062180E+003  0.527057347105820E+000  0.781934633141309E+000  0.993898180770417E+000  0.468436861553664E+000 -0.131028262406404E+000 -0.155823686031090E+003
  0.100000000000000E+001  0.311645226620376E+003  0.587555327707229E+000  0.770953897892330E+000  0.204308589633319E+000  0.388745458023796E+000 -0.131028262406404E+000 -0.155822613310188E+003
  0.100000000000000E+001  0.311642942154064E+003  0.102814720951578E+001  0.142021985993607E+001  0.239773295314897E+000  0.167427953523205E+000 -0.131028262406404E+000 -0.155821471077032E+003
  0.100000000000000E+001  0.311641844587507E+003  0.149040605773321E+001  0.681846723449890E+000  0.592430384254043E+000  0.117621417880579E+000 -0.131028262406404E+000 -0.155820922293753E+003
  0.100000000000000E+001  0.311641138596917E+003  0.129396288556875E+001  0.131124564615552E+001  0.190328252944224E+000  0.132125749482236E+000 -0.131028262406404E+000 -0.155820569298458E+003
  0.100000000000000E+001  0.311638734716306E+003  0.505843326379043E+000  0.139159345317175E+001  0.362318030040671E+000  0.371037785382685E+000 -0.131028262406404E+000 -0.155819367358153E+003
  0.100000000000000E+001  0.311632738990956E+003  0.116200824143646E+001  0.155344719597854E+001  0.828403463408484E+000  0.146400392357529E+000 -0.131028262406404E+000 -0.155816369495478E+003
  0.100000000000000E+001  0.311629963394412E+003  0.109821497266158E+001  0.149828594403802E+001  0.701050949444929E+000  0.155208128870137E+000 -0.131028262406404E+000 -0.155814981697206E+003
  0.100000000000000E+001  0.311627991521013E+003  0.825356404658355E+000  0.529285541327905E+000  0.914270698640794E+000  0.252961515903647E+000 -0.131028262406404E+000 -0.155813995760507E+003
  0.100000000000000E+001  0.311624564186553E+003  0.594259067210045E+000  0.135631215026507E+001  0.238955674148559E+000  0.305196432675446E+000 -0.131028262406404E+000 -0.155812282093277E+003
  0.100000000000000E+001  0.311619010285899E+003  0.505200650356482E+000  0.162978688631271E+001  0.288462208546488E+000  0.361374822135054E+000 -0.131028262406404E+000 -0.155809505142949E+003
  0.100000000000000E+001  0.311617144242256E+003  0.101048729679011E+001  0.153573382145389E+001  0.912720687523535E-001  0.168341023649864E+000 -0.131028262406404E+000 -0.155808572121128E+003
  0.100000000000000E+001  0.311612613782045E+003  0.117933089899130E+001  0.129602664510935E+001  0.995973192304234E+000  0.144078769449802E+000 -0.131028262406404E+000 -0.155806306891023E+003
  0.100000000000000E+001  0.311610852505027E+003  0.104202209438878E+001  0.697957174442541E+000  0.209536089015570E+000  0.174212095375415E+000 -0.131028262406404E+000 -0.155805426252514E+003
  0.100000000000000E+001  0.311603496326172E+003  0.672206670759301E+000  0.540714813207122E+000  0.209046806312259E+000  0.365488698532529E+000 -0.131028262406404E+000 -0.155801748163086E+003
  0.100000000000000E+001  0.311600234806507E+003  0.536594000430100E+000  0.114134297893241E+001  0.548279998746825E+000  0.358712237907515E+000 -0.131028262406404E+000 -0.155800117403253E+003
  0.100000000000000E+001  0.311590311439168E+003  0.507469680681903E+000  0.133724318805421E+001  0.721403828429906E+000  0.365134944534842E+000 -0.131028262406404E+000 -0.155795155719584E+003
  0.100000000000000E+001  0.311583354738942E+003  0.793148738811724E+000  0.144881570051162E+001  0.608649511145909E-002  0.215465036633838E+000 -0.131028262406404E+000 -0.155791677369471E+003
  0.100000000000000E+001  0.311553918289188E+003  0.122494199737005E+001  0.769336872248546E+000  0.108240444414466E-001  0.140006802484356E+000 -0.131028262406404E+000 -0.155776959144594E+003
  0.100000000000000E+001  0.311551171455917E+003  0.870499071978716E+000  0.114474460237372E+001  0.694630506280587E+000  0.196790267474253E+000 -0.131028262406404E+000 -0.155775585727959E+003
  0.100000000000000E+001  0.311549564381936E+003  0.681627488305654E+000  0.601877195226352E+000  0.340577053166852E+000  0.321139586417069E+000 -0.131028262406404E+000 -0.155774782190968E+003
  0.100000000000000E+001  0.311542200076183E+003  0.115712500450823E+001  0.177953150653702E+001  0.227863896292715E-001  0.142102397475335E+000 -0.131028262406404E+000 -0.155771100038092E+003
  0.100000000000000E+001  0.311541658739235E+003  0.552117087693187E+000  0.722598551714696E+000  0.120987910997329E+000  0.427339635670393E+000 -0.131028262406404E+000 -0.155770829369618E+003
  0.100000000000000E+001  0.311541318832359E+003  0.717136113036056E+000  0.114684324932102E+001  0.157701687634597E+000  0.244111121678562E+000 -0.131028262406404E+000 -0.155770659416179E+003
  0.100000000000000E+001  0.311540536833590E+003  0.100547417824478E+001  0.115538329959480E+001  0.658800307001181E+000  0.167241426150636E+000 -0.131028262406404E+000 -0.155770268416795E+003
  0.100000000000000E+001  0.311537845498175E+003  0.816851710261653E+000  0.106077407413198E+001  0.543685481124539E+000  0.212421524713383E+000 -0.131028262406404E+000 -0.155768922749087E+003
  0.100000000000000E+001  0.311532210804240E+003  0.641639342198744E+000  0.175703678381003E+001  0.353795100362618E+000  0.264612799873539E+000 -0.131028262406404E+000 -0.155766105402120E+003
  0.100000000000000E+001  0.311528854759115E+003  0.488316603351262E+000  0.197936330860469E+001  0.939667350613027E+000  0.373942865731764E+000 -0.131028262406404E+000 -0.155764427379557E+003
  0.100000000000000E+001  0.311528216652723E+003  0.561667075291910E+000  0.671321004411528E+000  0.323308537906971E+000  0.434597478930990E+000 -0.131028262406404E+000 -0.155764108326362E+003
  0.100000000000000E+001  0.311524150229536E+003  0.939455714944825E+000  0.147549880739947E+001  0.255833751039839E+000  0.175626155248441E+000 -0.131028262406404E+000 -0.155762075114768E+003
  0.100000000000000E+001  0.311521804495809E+003  0.510708917593501E+000  0.131186640962219E+001  0.795756523091761E+000  0.352863445962485E+000 -0.131028262406404E+000 -0.155760902247905E+003
  0.100000000000000E+001  0.311518616285290E+003  0.452531830346394E+000  0.178592345396422E+001  0.484970989302980E+000  0.398518943480621E+000 -0.131028262406404E+000 -0.155759308142645E+003
  0.100000000000000E+001  0.311517287870167E+003  0.829733702598808E+000  0.663091839898747E+000  0.398447091801854E+000  0.224714577419004E+000 -0.131028262406404E+000 -0.155758643935084E+003
  0.100000000000000E+001  0.311516776532841E+003  0.127996806409206E+001  0.969608877924590E+000  0.968702825125828E+000  0.129501524791175E+000 -0.131028262406404E+000 -0.155758388266420E+003
  0.100000000000000E+001  0.311515777360097E+003  0.866941968783822E+000  0.176451457549157E+001  0.487466023504460E+000  0.189956824568640E+000 -0.131028262406404E+000 -0.155757888680048E+003
  0.100000000000000E+001  0.311511355234241E+003  0.417234459761700E+000  0.197175281694135E+001  0.455694200626665E+000  0.462209316542131E+000 -0.131028262406404E+000 -0.155755677617120E+003
  0.100000000000000E+001  0.311511208157327E+003  0.645024783732006E+000  0.131094820277330E+001  0.112547754315052E-001  0.266103798075585E+000 -0.131028262406404E+000 -0.155755604078664E+003
  0.100000000000000E+001  0.311505807223384E+003  0.653219209179255E+000  0.155865598249181E+001  0.938231610843887E-001  0.256817009403780E+000 -0.131028262406404E+000 -0.155752903611692E+003
  0.100000000000000E+001  0.311505041534814E+003  0.138817715692429E+001  0.155714554484440E+001  0.157678765219690E+000  0.116273990139036E+000 -0.131028262406404E+000 -0.155752520767407E+003
  0.100000000000000E+001  0.311504620039861E+003  0.107721429538899E+001  0.798443547442890E+000  0.238471553041883E+000  0.157995315093668E+000 -0.131028262406404E+000 -0.155752310019931E+003
  0.100000000000000E+001  0.311504432004969E+003  0.135908520854296E+001  0.165303471154611E+001  0.654725177994665E-001  0.118724274937541E+000 -0.131028262406404E+000 -0.155752216002485E+003
  0.100000000000000E+001  0.311503116853671E+003  0.695846192556843E+000  0.153664501554845E+001  0.609032513102089E-001  0.239529871342003E+000 -0.131028262406404E+000 -0.155751558426836E+003
  0.100000000000000E+001  0.311502136406458E+003  0.663976206170998E+000  0.526852402467115E+000  0.473407588587659E-001  0.352476455164402E+000 -0.131028262406404E+000 -0.155751068203229E+003
  0.100000000000000E+001  0.311497062260824E+003  0.660731608540458E+000  0.183795254528172E+001  0.978525163299418E+000  0.253183975295095E+000 -0.131028262406404E+000 -0.155748531130412E+003
  0.100000000000000E+001  0.311489505875562E+003  0.463505005696443E+000  0.128826160627466E+001  0.299259507414791E-001  0.394977161965501E+000 -0.131028262406404E+000 -0.155744752937781E+003
  0.100000000000000E+001  0.311478430689149E+003  0.746346347259761E+000  0.584816258197699E+000  0.119398486288993E+000  0.265295145171793E+000 -0.131028262406404E+000 -0.155739215344575E+003
  0.100000000000000E+001  0.311477941035239E+003  0.812510818510329E+000  0.707521525405060E+000  0.172708260430489E-001  0.223676356093203E+000 -0.131028262406404E+000 -0.155738970517620E+003
  0.100000000000000E+001  0.311471031121991E+003  0.114975429840681E+001  0.146375291808181E+001  0.149018983818174E+000  0.139397941709582E+000 -0.131028262406404E+000 -0.155735515560996E+003
  0.100000000000000E+001  0.311459297809061E+003  0.582581794921967E+000  0.106721988400147E+001  0.328759209719832E+000  0.308198955083547E+000 -0.131028262406404E+000 -0.155729648904530E+003
  0.100000000000000E+001  0.311455045353844E+003  0.926964864297626E+000  0.137505010401712E+001  0.951457203475783E+000  0.173914025099545E+000 -0.131028262406404E+000 -0.155727522676922E+003
  0.100000000000000E+001  0.311450244581007E+003  0.447803593801633E+000  0.100814834715455E+001  0.512524804411489E+000  0.454382594988532E+000 -0.131028262406404E+000 -0.155725122290504E+003
  0.100000000000000E+001  0.311446792530064E+003  0.154110798269077E+001  0.902535151187838E+000  0.775790524235691E+000  0.103815422159732E+000 -0.131028262406404E+000 -0.155723396265032E+003
  0.100000000000000E+001  0.311444025179720E+003  0.469115619831960E+000  0.114262641432084E+001  0.213883897444606E+000  0.397285415451740E+000 -0.131028262406404E+000 -0.155722012589860E+003
  0.100000000000000E+001  0.311442208330040E+003  0.693883718320526E+000  0.910481081434043E+000  0.538431903185474E+000  0.255166764145987E+000 -0.131028262406404E+000 -0.155721104165020E+003
  0.100000000000000E+001  0.311439603164885E+003  0.124239843914173E+001  0.142850309928824E+001  0.807139477205751E+000  0.127182676587618E+000 -0.131028262406404E+000 -0.155719801582443E+003
  0.100000000000000E+001  0.311417141279812E+003  0.143563236180404E+001  0.121530541760181E+001  0.939158520469131E+000  0.109183673080297E+000 -0.131028262406404E+000 -0.155708570639906E+003
  0.100000000000000E+001  0.311415466650013E+003  0.143439849544586E+001  0.585215575289033E+000  0.989174757716905E+000  0.112667644135972E+000 -0.131028262406404E+000 -0.155707733325007E+003
  0.100000000000000E+001  0.311415262886307E+003  0.706774288994399E+000  0.539891591086738E+000  0.445978662796760E+000  0.287139275327165E+000 -0.131028262406404E+000 -0.155707631443154E+003
  0.100000000000000E+001  0.311414994497760E+003  0.140890584298733E+001  0.885328661741790E+000  0.490331952770684E+000  0.112705391530597E+000 -0.131028262406404E+000 -0.155707497248880E+003
  0.100000000000000E+001  0.311414636600014E+003  0.458249506363651E+000  0.105813983233692E+001  0.826446095189933E-001  0.418918390036707E+000 -0.131028262406404E+000 -0.155707318300007E+003
  0.100000000000000E+001  0.311410791417440E+003  0.658315503014783E+000  0.159329067493294E+001  0.163529607250299E+000  0.244264614254381E+000 -0.131028262406404E+000 -0.155705395708720E+003
  0.100000000000000E+001  0.311402710622221E+003  0.102094500058890E+001  0.160406557381436E+001  0.891636903211050E+000  0.152962390053615E+000 -0.131028262406404E+000 -0.155701355311111E+003
  0.100000000000000E+001  0.311398428599769E+003  0.675750402633480E+000  0.193109533653377E+001  0.727884824982083E+000  0.237896559260237E+000 -0.131028262406404E+000 -0.155699214299884E+003
  0.100000000000000E+001  0.311393321861058E+003  0.732988425284694E+000  0.635894348356061E+000  0.619374974911607E+000  0.253199759012862E+000 -0.131028262406404E+000 -0.155696660930529E+003
  0.100000000000000E+001  0.311380323274802E+003  0.490978404802743E+000  0.877099708658842E+000  0.225387849152460E+000  0.412046847048723E+000 -0.131028262406404E+000 -0.155690161637401E+003
  0.100000000000000E+001  0.311378627108179E+003  0.150545324691769E+001  0.119729506785811E+001  0.686941732214925E+000  0.102387528709173E+000 -0.131028262406404E+000 -0.155689313554089E+003
  0.100000000000000E+001  0.311378208985176E+003  0.456376798616878E+000  0.187974133982736E+001  0.868788680671938E-001  0.371325238070763E+000 -0.131028262406404E+000 -0.155689104492588E+003
  0.100000000000000E+001  0.311372302519878E+003  0.539426528152806E+000  0.143309908174950E+001  0.817688892666172E+000  0.302914259475330E+000 -0.131028262406404E+000 -0.155686151259939E+003
  0.100000000000000E+001  0.311344631116509E+003  0.580481045657052E+000  0.117190306707126E+001  0.636129688957472E+000  0.285183105354709E+000 -0.131028262406404E+000 -0.155672315558254E+003
  0.100000000000000E+001  0.311342604096993E+003  0.995712952649924E+000  0.164482603511049E+001  0.575779354388550E+000  0.152992894525700E+000 -0.131028262406404E+000 -0.155671302048496E+003
  0.100000000000000E+001  0.311336642086585E+003  0.708410519131408E+000  0.811095861196913E+000  0.920466141323469E+000  0.241861560853512E+000 -0.131028262406404E+000 -0.155668321043293E+003
  0.100000000000000E+001  0.311334872298899E+003  0.116837230990044E+001  0.550782410654777E+000  0.266363550835473E+000  0.137256812688235E+000 -0.131028262406404E+000 -0.155667436149449E+003
  0.100000000000000E+001  0.311334763833062E+003  0.110454178299704E+001  0.141193234942674E+001  0.644181047893468E+000  0.137497059257571E+000 -0.131028262406404E+000 -0.155667381916531E+003
  0.100000000000000E+001  0.311327091189869E+003  0.384938110461921E+000  0.152738627045172E+001  0.134175391517136E+000  0.444032940966785E+000 -0.131028262406404E+000 -0.155663545594935E+003
  0.100000000000000E+001  0.311326091441035E+003  0.144273665257014E+001  0.109515254403385E+001  0.242355408849014E+000  0.104930279085334E+000 -0.131028262406404E+000 -0.155663045720517E+003
  0.100000000000000E+001  0.311319729283772E+003  0.735574400880881E+000  0.628701490921226E+000  0.775534526757170E+000  0.241780799956236E+000 -0.131028262406404E+000 -0.155659864641886E+003
  0.100000000000000E+001  0.311317045957119E+003  0.970442589147409E+000  0.120565606346681E+001  0.126160714581779E+000  0.157570927122832E+000 -0.131028262406404E+000 -0.155658522978559E+003
  0.100000000000000E+001  0.311313261986550E+003  0.678463157783291E+000  0.873938072106295E+000  0.449329850823676E+000  0.248223241455012E+000 -0.131028262406404E+000 -0.155656630993275E+003
  0.100000000000000E+001  0.311311699200732E+003  0.704354109737090E+000  0.173726440270591E+001  0.264807787986892E+000  0.217108469830437E+000 -0.131028262406404E+000 -0.155655849600366E+003
  0.100000000000000E+001  0.311311370947259E+003  0.548662559714030E+000  0.179885801365889E+001  0.661093782889869E+000  0.286158557890303E+000 -0.131028262406404E+000 -0.155655685473629E+003
  0.100000000000000E+001  0.311310983730901E+003  0.122911878996420E+001  0.195676895961026E+001  0.933378301383715E+000  0.121857049348260E+000 -0.131028262406404E+000 -0.155655491865451E+003
  0.100000000000000E+001  0.311297477184735E+003  0.134159185414824E+001  0.815473009879020E+000  0.719724969312657E+000  0.113223995494165E+000 -0.131028262406404E+000 -0.155648738592368E+003
  0.100000000000000E+001  0.311289377585795E+003  0.633675075492699E+000  0.188419329895070E+001  0.787353693325635E+000  0.242130894865672E+000 -0.131028262406404E+000 -0.155644688792897E+003
  0.100000000000000E+001  0.311275996958508E+003  0.551694140687207E+000  0.194298674694860E+001  0.924095918460382E+000  0.282422920369056E+000 -0.131028262406404E+000 -0.155637998479254E+003
  0.100000000000000E+001  0.311271166428368E+003  0.123041932108693E+001  0.993087595033977E+000  0.455183881001619E+000  0.121448755266533E+000 -0.131028262406404E+000 -0.155635583214184E+003
  0.100000000000000E+001  0.311266232479834E+003  0.111243301009786E+001  0.177082266412465E+001  0.703738963201372E+000  0.132019640014729E+000 -0.131028262406404E+000 -0.155633116239917E+003
  0.100000000000000E+001  0.311261250217780E+003  0.115326743783511E+001  0.146678425796498E+001  0.130950189775846E+000  0.127179598214480E+000 -0.131028262406404E+000 -0.155630625108890E+003
  0.100000000000000E+001  0.311249851615581E+003  0.569542435674047E+000  0.931574687673046E+000  0.834272002848804E+000  0.296589885855765E+000 -0.131028262406404E+000 -0.155624925807791E+003
  0.100000000000000E+001  0.311246778990343E+003  0.410085160544619E+000  0.148998131630857E+001  0.619885180206851E+000  0.392740679744933E+000 -0.131028262406404E+000 -0.155623389495172E+003
  0.100000000000000E+001  0.311244260631107E+003  0.124655022262466E+001  0.589553070818995E+000  0.448815516099565E+000  0.121574292056390E+000 -0.131028262406404E+000 -0.155622130315553E+003
  0.100000000000000E+001  0.311242767784592E+003  0.493786519083285E+000  0.110304142139574E+001  0.490995979843426E+000  0.336928877365287E+000 -0.131028262406404E+000 -0.155621383892296E+003
  0.100000000000000E+001  0.311237975274237E+003  0.116161013365162E+001  0.182825020857146E+001  0.787959003581250E+000  0.124756252833537E+000 -0.131028262406404E+000 -0.155618987637118E+003
  0.100000000000000E+001  0.311233867884746E+003  0.592862131091015E+000  0.146347831725563E+001  0.737566302556767E-001  0.253970933955049E+000 -0.131028262406404E+000 -0.155616933942373E+003
  0.100000000000000E+001  0.311233860055643E+003  0.104662283774461E+001  0.103626989479960E+001  0.318139878148792E+000  0.141411488778599E+000 -0.131028262406404E+000 -0.155616930027822E+003
  0.100000000000000E+001  0.311230566970047E+003  0.947709625069336E+000  0.123005636512365E+001  0.411657039311051E+000  0.155082671855952E+000 -0.131028262406404E+000 -0.155615283485023E+003
  0.100000000000000E+001  0.311228338419464E+003  0.401498065173589E+000  0.180047771828573E+001  0.573622514395985E+000  0.399031720138106E+000 -0.131028262406404E+000 -0.155614169209732E+003
  0.100000000000000E+001  0.311223879123700E+003  0.438783555489689E+000  0.148021753976471E+001  0.531699532444392E+000  0.357143946838450E+000 -0.131028262406404E+000 -0.155611939561850E+003
  0.100000000000000E+001  0.311212566837519E+003  0.119753162402089E+001  0.171843764011666E+001  0.473019677495241E+000  0.119461394835754E+000 -0.131028262406404E+000 -0.155606283418760E+003
  0.100000000000000E+001  0.311206357764713E+003  0.677577643831451E+000  0.569014791347647E+000  0.728261877313364E+000  0.261684659862096E+000 -0.131028262406404E+000 -0.155603178882357E+003
  0.100000000000000E+001  0.311200902704071E+003  0.426163190613272E+000  0.185331279386087E+001  0.847203494680524E+000  0.366060652547915E+000 -0.131028262406404E+000 -0.155600451352035E+003
  0.100000000000000E+001  0.311200901341970E+003  0.111905835315391E+001  0.551927533546267E+000  0.456968023654178E+000  0.134922405078669E+000 -0.131028262406404E+000 -0.155600450670985E+003
  0.100000000000000E+001  0.311200197650372E+003  0.866348877360675E+000  0.711547431240916E+000  0.197397172074854E+000  0.178346761958791E+000 -0.131028262406404E+000 -0.155600098825186E+003
  0.100000000000000E+001  0.311199133943452E+003  0.940851370546999E+000  0.568658658371266E+000  0.843984133350021E+000  0.165260166625943E+000 -0.131028262406404E+000 -0.155599566971726E+003
  0.100000000000000E+001  0.311194991200053E+003  0.108811530862288E+001  0.137415586897824E+001  0.868402166687449E+000  0.131255179616757E+000 -0.131028262406404E+000 -0.155597495600027E+003
  0.100000000000000E+001  0.311193644040811E+003  0.527748325115572E+000  0.120437152234443E+001  0.112186667934604E+000  0.293825227030268E+000 -0.131028262406404E+000 -0.155596822020405E+003
  0.100000000000000E+001  0.311193042397072E+003  0.641024876389580E+000  0.967627959150190E+000  0.645619171804545E+000  0.243886024097092E+000 -0.131028262406404E+000 -0.155596521198536E+003
  0.100000000000000E+001  0.311191850094867E+003  0.444920444124471E+000  0.163703629543793E+001  0.993149721431480E+000  0.342074191497464E+000 -0.131028262406404E+000 -0.155595925047433E+003
  0.100000000000000E+001  0.311189707372774E+003  0.116327549650102E+001  0.199066304399088E+001  0.968112501642848E+000  0.122133061935762E+000 -0.131028262406404E+000 -0.155594853686387E+003
  0.100000000000000E+001  0.311187389459785E+003  0.111056637465790E+001  0.688020667544807E+000  0.224977253112092E-001  0.133248451371857E+000 -0.131028262406404E+000 -0.155593694729893E+003
  0.100000000000000E+001  0.311187184080408E+003  0.740296789446542E+000  0.169646794140867E+001  0.720569685485856E+000  0.194171748580786E+000 -0.131028262406404E+000 -0.155593592040204E+003
  0.100000000000000E+001  0.311185919624891E+003  0.135474742231694E+001  0.119179499945667E+001  0.394913833229417E-001  0.104793740152100E+000 -0.131028262406404E+000 -0.155592959812446E+003
  0.100000000000000E+001  0.311179279826814E+003  0.944530143413674E+000  0.164216887534799E+001  0.789911199317956E+000  0.150059324368341E+000 -0.131028262406404E+000 -0.155589639913407E+003
  0.100000000000000E+001  0.311174201273655E+003  0.643772343215161E+000  0.178219944888415E+001  0.141765924516614E+000  0.224108004732262E+000 -0.131028262406404E+000 -0.155587100636828E+003
  0.100000000000000E+001  0.311167208262275E+003  0.138798255491067E+001  0.156502306242037E+001  0.676059060483454E+000  0.100702766991847E+000 -0.131028262406404E+000 -0.155583604131138E+003
  0.100000000000000E+001  0.311165779520372E+003  0.817484900160016E+000  0.162035321449409E+001  0.327240289013971E-001  0.173239835298163E+000 -0.131028262406404E+000 -0.155582889760186E+003
  0.100000000000000E+001  0.311165610565188E+003  0.473560734504544E+000  0.767188615473274E+000  0.926569474905159E-001  0.411814948550457E+000 -0.131028262406404E+000 -0.155582805282594E+003
  0.100000000000000E+001  0.311157911051125E+003  0.802207237580425E+000  0.150320528366619E+001  0.570046202549476E+000  0.176423144099640E+000 -0.131028262406404E+000 -0.155578955525562E+003
  0.100000000000000E+001  0.311156485979373E+003  0.121686824083828E+001  0.554614973679344E+000  0.564355587525190E+000  0.119845600745844E+000 -0.131028262406404E+000 -0.155578242989686E+003
  0.100000000000000E+001  0.311153400290592E+003  0.757423514736498E+000  0.128623615956081E+001  0.295160533580073E+000  0.189110657327794E+000 -0.131028262406404E+000 -0.155576700145296E+003
  0.100000000000000E+001  0.311149116814807E+003  0.390203903004836E+000  0.138653183497758E+001  0.225148519858570E+000  0.401351184874583E+000 -0.131028262406404E+000 -0.155574558407403E+003
  0.100000000000000E+001  0.311142886479009E+003  0.360804912212271E+000  0.194549348993828E+001  0.309677658444815E+000  0.450300700608957E+000 -0.131028262406404E+000 -0.155571443239504E+003
  0.100000000000000E+001  0.311133690849026E+003  0.123064201158415E+001  0.130864698298066E+001  0.940179982295212E+000  0.112470769013961E+000 -0.131028262406404E+000 -0.155566845424513E+003
  0.100000000000000E+001  0.311131855222421E+003  0.337999428241230E+000  0.158919770339892E+001  0.666578041685092E+000  0.468777750204558E+000 -0.131028262406404E+000 -0.155565927611210E+003
  0.100000000000000E+001  0.311130879784603E+003  0.122336956927005E+001  0.188990873791021E+001  0.935071963083501E-001  0.112587059384112E+000 -0.131028262406404E+000 -0.155565439892302E+003
  0.100000000000000E+001  0.311130827171860E+003  0.109758234897841E+001  0.879412862937488E+000  0.595493441869755E+000  0.129095042919948E+000 -0.131028262406404E+000 -0.155565413585930E+003
  0.100000000000000E+001  0.311128816676520E+003  0.877990056479866E+000  0.115943452708602E+001  0.987984708256407E+000  0.160768786444381E+000 -0.131028262406404E+000 -0.155564408338260E+003
  0.100000000000000E+001  0.311128456851827E+003  0.526380369288078E+000  0.128174913805209E+001  0.346221929656419E+000  0.280511633814699E+000 -0.131028262406404E+000 -0.155564228425913E+003
  0.100000000000000E+001  0.311127394766214E+003  0.422517148207654E+000  0.170153169144895E+001  0.434512236053005E+000  0.350982197299254E+000 -0.131028262406404E+000 -0.155563697383107E+003
  0.100000000000000E+001  0.311124990842871E+003  0.339872189806823E+000  0.131622362578649E+001  0.413738228887105E+000  0.482641266414893E+000 -0.131028262406404E+000 -0.155562495421436E+003
  0.100000000000000E+001  0.311122513812544E+003  0.341916322452276E+000  0.195545461965492E+001  0.141098513151854E+000  0.483991256036433E+000 -0.131028262406404E+000 -0.155561256906272E+003
  0.100000000000000E+001  0.311121251712736E+003  0.100354762347074E+001  0.193627008357614E+001  0.473572945853424E+000  0.137403346057677E+000 -0.131028262406404E+000 -0.155560625856368E+003
  0.100000000000000E+001  0.311117963196567E+003  0.336482096449946E+000  0.159572804488084E+001  0.299129886527524E+000  0.467296927160661E+000 -0.131028262406404E+000 -0.155558981598283E+003
  0.100000000000000E+001  0.311114227568674E+003  0.101216141649025E+001  0.151276774972158E+001  0.770178800996327E+000  0.135595066504482E+000 -0.131028262406404E+000 -0.155557113784337E+003
  0.100000000000000E+001  0.311111907507927E+003  0.450544247578514E+000  0.117335194474167E+001  0.387482545178493E+000  0.343798663587613E+000 -0.131028262406404E+000 -0.155555953753963E+003
  0.100000000000000E+001  0.311111582080554E+003  0.584386450883311E+000  0.158775267401539E+001  0.629228798079196E+000  0.241048222050643E+000 -0.131028262406404E+000 -0.155555791040277E+003
  0.100000000000000E+001  0.311110933652327E+003  0.122992631668357E+001  0.163372152512638E+001  0.233313920721445E+000  0.110783427663658E+000 -0.131028262406404E+000 -0.155555466826164E+003
  0.100000000000000E+001  0.311107514162986E+003  0.685164070552460E+000  0.598269139529242E+000  0.217543680268237E+000  0.236644438691658E+000 -0.131028262406404E+000 -0.155553757081493E+003
  0.100000000000000E+001  0.311103917085385E+003  0.575484955258310E+000  0.156021272872422E+001  0.419574288746226E+000  0.244341295882357E+000 -0.131028262406404E+000 -0.155551958542693E+003
  0.100000000000000E+001  0.311103759480381E+003  0.490595357471805E+000  0.184785494456070E+001  0.507147905057446E-001  0.292583937778903E+000 -0.131028262406404E+000 -0.155551879740190E+003
  0.100000000000000E+001  0.311100803392835E+003  0.575260802959311E+000  0.103660707118882E+001  0.433840936439558E+000  0.260202215758516E+000 -0.131028262406404E+000 -0.155550401696418E+003
  0.100000000000000E+001  0.311099863648870E+003  0.510115123078515E+000  0.664545195175993E+000  0.227069938571155E+000  0.373562229187870E+000 -0.131028262406404E+000 -0.155549931824435E+003
  0.100000000000000E+001  0.311098194392698E+003  0.659139438855871E+000  0.789715689041986E+000  0.311482828782442E+000  0.232842666897665E+000 -0.131028262406404E+000 -0.155549097196349E+003
  0.100000000000000E+001  0.311092914662733E+003  0.696405014691059E+000  0.715137507376173E+000  0.203107469074946E+000  0.220392438150655E+000 -0.131028262406404E+000 -0.155546457331367E+003
  0.100000000000000E+001  0.311088112376856E+003  0.615640111457469E+000  0.155512558805293E+001  0.835374917360319E+000  0.225232174834591E+000 -0.131028262406404E+000 -0.155544056188428E+003
  0.100000000000000E+001  0.311087416645079E+003  0.678974143557201E+000  0.186952556633253E+001  0.983915511160811E+000  0.202959140497789E+000 -0.131028262406404E+000 -0.155543708322540E+003
  0.100000000000000E+001  0.311081285176339E+003  0.105539552921098E+001  0.964931906993594E+000  0.398615638838797E+000  0.130485367630488E+000 -0.131028262406404E+000 -0.155540642588169E+003
  0.100000000000000E+001  0.311069576723421E+003  0.686230929437993E+000  0.137945083365003E+001  0.244472822268832E+000  0.200127961114959E+000 -0.131028262406404E+000 -0.155534788361710E+003
  0.100000000000000E+001  0.311069452982902E+003  0.602153562480010E+000  0.116251016125839E+001  0.494048902041721E+000  0.236399870875340E+000 -0.131028262406404E+000 -0.155534726491451E+003
  0.100000000000000E+001  0.311068859689872E+003  0.484541428610326E+000  0.628956017190063E+000  0.353472195019457E+000  0.422954716665126E+000 -0.131028262406404E+000 -0.155534429844936E+003
  0.100000000000000E+001  0.311067250608963E+003  0.100869931385026E+001  0.112345492037428E+001  0.633432459407446E+000  0.134659215751410E+000 -0.131028262406404E+000 -0.155533625304481E+003
  0.100000000000000E+001  0.311061709066398E+003  0.478208013329002E+000  0.855180664080442E+000  0.411589283089855E+000  0.349350545121731E+000 -0.131028262406404E+000 -0.155530854533199E+003
  0.100000000000000E+001  0.311058760667611E+003  0.382272464718681E+000  0.121699776386811E+001  0.582510578702695E+000  0.406659169470162E+000 -0.131028262406404E+000 -0.155529380333806E+003
  0.100000000000000E+001  0.311051163602910E+003  0.468523435295531E+000  0.631253340068138E+000  0.220371513245232E+000  0.447631455312903E+000 -0.131028262406404E+000 -0.155525581801455E+003
  0.100000000000000E+001  0.311050965902182E+003  0.106944876262419E+001  0.764710100998428E+000  0.446256930675706E+000  0.128395129386362E+000 -0.131028262406404E+000 -0.155525482951091E+003
  0.100000000000000E+001  0.311050959911465E+003  0.128349619166929E+001  0.100086079510472E+001  0.534523746496234E-001  0.104294501685244E+000 -0.131028262406404E+000 -0.155525479955732E+003
  0.100000000000000E+001  0.311050504926866E+003  0.610626807289975E+000  0.141743680821598E+001  0.355668341317243E+000  0.224210192725290E+000 -0.131028262406404E+000 -0.155525252463433E+003
  0.100000000000000E+001  0.311048073457164E+003  0.516084571160812E+000  0.119823410584687E+001  0.629130964107515E+000  0.278055693513517E+000 -0.131028262406404E+000 -0.155524036728582E+003
  0.100000000000000E+001  0.311045773106778E+003  0.117893840150565E+001  0.856789678000907E+000  0.154732116621809E+000  0.114516619202781E+000 -0.131028262406404E+000 -0.155522886553389E+003
  0.100000000000000E+001  0.311044128972395E+003  0.864675098661633E+000  0.140467726277249E+001  0.692950132927801E+000  0.154418862657768E+000 -0.131028262406404E+000 -0.155522064486198E+003
  0.100000000000000E+001  0.311042712832816E+003  0.122050449446368E+001  0.192017672215970E+001  0.723100818366896E+000  0.108012220461796E+000 -0.131028262406404E+000 -0.155521356416408E+003
  0.100000000000000E+001  0.311037792876371E+003  0.602480354849158E+000  0.171140831394191E+001  0.818613982612869E+000  0.223861653935737E+000 -0.131028262406404E+000 -0.155518896438186E+003
  0.100000000000000E+001  0.311035811755040E+003  0.461603107675105E+000  0.723793573257441E+000  0.252727487825860E+000  0.402741327647295E+000 -0.131028262406404E+000 -0.155517905877520E+003
  0.100000000000000E+001  0.311035412673407E+003  0.894898353751908E+000  0.112982682156955E+001  0.930409158655902E+000  0.150272881665466E+000 -0.131028262406404E+000 -0.155517706336703E+003
  0.100000000000000E+001  0.311033349281493E+003  0.515833937527225E+000  0.115705297482497E+001  0.546195225609371E+000  0.277988617502999E+000 -0.131028262406404E+000 -0.155516674640747E+003
  0.100000000000000E+001  0.311033070938148E+003  0.374270947883796E+000  0.996576908335656E+000  0.408907443049519E+000  0.456761851423746E+000 -0.131028262406404E+000 -0.155516535469074E+003
  0.100000000000000E+001  0.311022738970338E+003  0.410862668547713E+000  0.183701780560773E+001  0.982816082273558E+000  0.343368359084002E+000 -0.131028262406404E+000 -0.155511369485169E+003
  0.100000000000000E+001  0.311022469855601E+003  0.381428704356297E+000  0.122219709071655E+001  0.221915290037621E+000  0.397427910156006E+000 -0.131028262406404E+000 -0.155511234927800E+003
  0.100000000000000E+001  0.311015896727238E+003  0.840256870253052E+000  0.609880574180882E+000  0.525496031557854E-001  0.169235933894803E+000 -0.131028262406404E+000 -0.155507948363619E+003
  0.100000000000000E+001  0.311010168426904E+003  0.423357899937516E+000  0.188383062335715E+001  0.859678538921391E-001  0.330041527808415E+000 -0.131028262406404E+000 -0.155505084213452E+003
  0.100000000000000E+001  0.311008666215301E+003  0.803021658811030E+000  0.927726434165622E+000  0.804951733810168E+000  0.169668120820650E+000 -0.131028262406404E+000 -0.155504333107651E+003
  0.100000000000000E+001  0.311001132609073E+003  0.428111949498083E+000  0.142857144921449E+001  0.147121027539475E+000  0.325249865740750E+000 -0.131028262406404E+000 -0.155500566304536E+003
  0.100000000000000E+001  0.310994875603483E+003  0.960490965996337E+000  0.144275311606544E+001  0.153303221400511E+000  0.134728537729724E+000 -0.131028262406404E+000 -0.155497437801742E+003
  0.100000000000000E+001  0.310991550658149E+003  0.432265594943173E+000  0.695270317803911E+000  0.228334339664724E+000  0.456301916872951E+000 -0.131028262406404E+000 -0.155495775329075E+003
  0.100000000000000E+001  0.310988277990345E+003  0.458842086894242E+000  0.168002637173491E+001  0.224830046384498E+000  0.293673026159616E+000 -0.131028262406404E+000 -0.155494138995172E+003
  0.100000000000000E+001  0.310986911143320E+003  0.402627679605164E+000  0.955866743914370E+000  0.226698704954734E+000  0.404680215214567E+000 -0.131028262406404E+000 -0.155493455571660E+003
  0.100000000000000E+001  0.310983159619897E+003  0.567544561308525E+000  0.111422362167649E+001  0.725462250225361E+000  0.242512278194683E+000 -0.131028262406404E+000 -0.155491579809948E+003
  0.100000000000000E+001  0.310980792795854E+003  0.460436726099954E+000  0.117797499260233E+001  0.439260204226057E+000  0.307575447175143E+000 -0.131028262406404E+000 -0.155490396397927E+003
  0.100000000000000E+001  0.310978409702995E+003  0.100208031364232E+001  0.738963136540694E+000  0.782166649477379E+000  0.132675970733004E+000 -0.131028262406404E+000 -0.155489204851497E+003
  0.100000000000000E+001  0.310977273273305E+003  0.516335927302813E+000  0.906953289881048E+000  0.910485257990829E+000  0.286763346513670E+000 -0.131028262406404E+000 -0.155488636636653E+003
  0.100000000000000E+001  0.310974509783844E+003  0.378331825133345E+000  0.832096054501269E+000  0.857780055413923E+000  0.491083399099296E+000 -0.131028262406404E+000 -0.155487254891922E+003
  0.100000000000000E+001  0.310973362976462E+003  0.817663701131434E+000  0.115391301543238E+001  0.855554857499186E-001  0.159643521593792E+000 -0.131028262406404E+000 -0.155486681488231E+003
  0.100000000000000E+001  0.310970698208054E+003  0.124992433850152E+001  0.520858196745875E+000  0.830312077074722E+000  0.105305681305023E+000 -0.131028262406404E+000 -0.155485349104027E+003
  0.100000000000000E+001  0.310970262805031E+003  0.406197557468403E+000  0.138622229871129E+001  0.360022676148896E+000  0.341657545288642E+000 -0.131028262406404E+000 -0.155485131402516E+003
  0.100000000000000E+001  0.310969420617813E+003  0.488783905381447E+000  0.584432974388685E+000  0.705913613744851E+000  0.394204130976169E+000 -0.131028262406404E+000 -0.155484710308907E+003
  0.100000000000000E+001  0.310955453442468E+003  0.746095916034312E+000  0.179773590416542E+001  0.492484926974466E+000  0.170718189754739E+000 -0.131028262406404E+000 -0.155477726721234E+003
  0.100000000000000E+001  0.310954885383636E+003  0.320085544735679E+000  0.124612579801945E+001  0.704200911906230E+000  0.476386026231961E+000 -0.131028262406404E+000 -0.155477442691818E+003
  0.100000000000000E+001  0.310953664089153E+003  0.504779538490377E+000  0.173068205663167E+001  0.582622780950945E+000  0.258620607409839E+000 -0.131028262406404E+000 -0.155476832044577E+003
  0.100000000000000E+001  0.310952736693867E+003  0.391968672468031E+000  0.120534379114718E+001  0.387835051105694E-001  0.367483693482564E+000 -0.131028262406404E+000 -0.155476368346933E+003
  0.100000000000000E+001  0.310949188254638E+003  0.574874864742212E+000  0.984259433871551E+000  0.288441834270860E+000  0.239710813142764E+000 -0.131028262406404E+000 -0.155474594127319E+003
  0.100000000000000E+001  0.310945659539566E+003  0.370860695301489E+000  0.106133478424277E+001  0.578662263202132E+000  0.417256973239353E+000 -0.131028262406404E+000 -0.155472829769783E+003
  0.100000000000000E+001  0.310941413513302E+003  0.347466045291256E+000  0.156223152186780E+001  0.731567752707757E+000  0.398068575103109E+000 -0.131028262406404E+000 -0.155470706756651E+003
  0.100000000000000E+001  0.310940446291328E+003  0.561448696059733E+000  0.819492622175055E+000  0.134457274144376E+000  0.256848563788832E+000 -0.131028262406404E+000 -0.155470223145664E+003
  0.100000000000000E+001  0.310940339963638E+003  0.602669168367292E+000  0.153376240300594E+001  0.558342205330591E+000  0.212387805688127E+000 -0.131028262406404E+000 -0.155470169981819E+003
  0.100000000000000E+001  0.310935221158125E+003  0.105991243333857E+001  0.746996299410881E+000  0.931400782335046E+000  0.121515188147997E+000 -0.131028262406404E+000 -0.155467610579062E+003
  0.100000000000000E+001  0.310933788740229E+003  0.719182769355366E+000  0.793343340098993E+000  0.811426472753823E+000  0.187762385494395E+000 -0.131028262406404E+000 -0.155466894370114E+003
  0.100000000000000E+001  0.310931958772870E+003  0.730905555090488E+000  0.148920769419083E+001  0.424089579118861E+000  0.172563647961632E+000 -0.131028262406404E+000 -0.155465979386435E+003
  0.100000000000000E+001  0.310928014275871E+003  0.359655502518641E+000  0.180846701679739E+001  0.507323787241517E+000  0.379156425543321E+000 -0.131028262406404E+000 -0.155464007137936E+003
  0.100000000000000E+001  0.310922380398926E+003  0.306799989274857E+000  0.187473409636020E+001  0.236737150810319E+000  0.475262261073497E+000 -0.131028262406404E+000 -0.155461190199463E+003
  0.100000000000000E+001  0.310917480797738E+003  0.631237694013110E+000  0.116155553813708E+001  0.162876861772075E+000  0.204800977726346E+000 -0.131028262406404E+000 -0.155458740398869E+003
  0.100000000000000E+001  0.310917215074241E+003  0.115866203463506E+001  0.574666511348090E+000  0.163128826349376E+000  0.110430117365033E+000 -0.131028262406404E+000 -0.155458607537120E+003
  0.100000000000000E+001  0.310916832132522E+003  0.449081595782425E+000  0.122217043037475E+001  0.691302534951602E+000  0.301056784166842E+000 -0.131028262406404E+000 -0.155458416066261E+003
  0.100000000000000E+001  0.310916820717550E+003  0.408157302204162E+000  0.172325524990556E+001  0.540721542235889E+000  0.321371148490427E+000 -0.131028262406404E+000 -0.155458410358775E+003
  0.100000000000000E+001  0.310904224726451E+003  0.410368405878740E+000  0.154979622272156E+001  0.587729457047068E+000  0.317866904720667E+000 -0.131028262406404E+000 -0.155452112363226E+003
  0.100000000000000E+001  0.310902774850587E+003  0.935563234934699E+000  0.151873693884194E+001  0.957803903715551E+000  0.131275817450890E+000 -0.131028262406404E+000 -0.155451387425294E+003
  0.100000000000000E+001  0.310897212671282E+003  0.748930148217088E+000  0.699643073676500E+000  0.479407281820595E+000  0.177389367531042E+000 -0.131028262406404E+000 -0.155448606335641E+003
  0.100000000000000E+001  0.310896853725579E+003  0.117498308352995E+001  0.916154981929116E+000  0.481086355580623E-001  0.105353344580252E+000 -0.131028262406404E+000 -0.155448426862790E+003
  0.100000000000000E+001  0.310890283816890E+003  0.293881884175105E+000  0.139287377264185E+001  0.848441101929643E-001  0.489091433763855E+000 -0.131028262406404E+000 -0.155445141908445E+003
  0.100000000000000E+001  0.310887026279937E+003  0.511361548262493E+000  0.179873571737097E+001  0.764096238759515E+000  0.245094243714678E+000 -0.131028262406404E+000 -0.155443513139968E+003
  0.100000000000000E+001  0.310886745830164E+003  0.698788993113049E+000  0.533256181353563E+000  0.580662760360721E+000  0.199950394930796E+000 -0.131028262406404E+000 -0.155443372915082E+003
  0.100000000000000E+001  0.310884289288293E+003  0.340492484124812E+000  0.185669999651701E+001  0.605638014997805E+000  0.396318247919495E+000 -0.131028262406404E+000 -0.155442144644146E+003
  0.100000000000000E+001  0.310881904044987E+003  0.660696523776896E+000  0.147625013324556E+001  0.350374776166370E+000  0.186410690381502E+000 -0.131028262406404E+000 -0.155440952022493E+003
  0.100000000000000E+001  0.310880445862231E+003  0.406096401458506E+000  0.675237648298921E+000  0.152026418496706E+000  0.475886505836717E+000 -0.131028262406404E+000 -0.155440222931115E+003
  0.100000000000000E+001  0.310877826638874E+003  0.340885284972273E+000  0.126201131691636E+001  0.523474253994980E+000  0.410897578292640E+000 -0.131028262406404E+000 -0.155438913319437E+003
  0.100000000000000E+001  0.310877261281019E+003  0.306623215457174E+000  0.151553391920994E+001  0.301567263214675E-001  0.448485999158669E+000 -0.131028262406404E+000 -0.155438630640509E+003
  0.100000000000000E+001  0.310876494433395E+003  0.112311958060942E+001  0.155929113973129E+001  0.115306184949204E+000  0.107214406647120E+000 -0.131028262406404E+000 -0.155438247216698E+003
  0.100000000000000E+001  0.310876040624756E+003  0.406369720645372E+000  0.167884560149578E+001  0.314205837545376E+000  0.314281420692201E+000 -0.131028262406404E+000 -0.155438020312378E+003
  0.100000000000000E+001  0.310869068959089E+003  0.329919318320276E+000  0.183277039442165E+001  0.428422211937172E+000  0.407060624334517E+000 -0.131028262406404E+000 -0.155434534479544E+003
  0.100000000000000E+001  0.310861134567690E+003  0.548017780570374E+000  0.158337564561637E+001  0.433912332718059E+000  0.223804339996073E+000 -0.131028262406404E+000 -0.155430567283845E+003
  0.100000000000000E+001  0.310853047421160E+003  0.715436587961880E+000  0.183774526662010E+001  0.621241192283970E+000  0.168010854829102E+000 -0.131028262406404E+000 -0.155426523710580E+003
  0.100000000000000E+001  0.310852020404562E+003  0.545807286884187E+000  0.108270271128826E+001  0.255101331383434E+000  0.234439501085551E+000 -0.131028262406404E+000 -0.155426010202281E+003
  0.100000000000000E+001  0.310850997552369E+003  0.655027299921015E+000  0.993055970525563E+000  0.762682189740300E+000  0.192240451286976E+000 -0.131028262406404E+000 -0.155425498776184E+003
  0.100000000000000E+001  0.310847010046659E+003  0.100227585199527E+001  0.121214292039702E+001  0.988324532564064E+000  0.119250882793702E+000 -0.131028262406404E+000 -0.155423505023329E+003
  0.100000000000000E+001  0.310846317131208E+003  0.375036988036467E+000  0.126478179747326E+001  0.151244659421953E+000  0.354537081592994E+000 -0.131028262406404E+000 -0.155423158565604E+003
  0.100000000000000E+001  0.310841697582723E+003  0.506335020088575E+000  0.137371771156140E+001  0.273264588619096E+000  0.243957845495862E+000 -0.131028262406404E+000 -0.155420848791361E+003
  0.100000000000000E+001  0.310837392422406E+003  0.726281037441426E+000  0.672130743559741E+000  0.433651872047859E+000  0.177490343521910E+000 -0.131028262406404E+000 -0.155418696211203E+003
  0.100000000000000E+001  0.310832384374707E+003  0.368174556902996E+000  0.866138191993735E+000  0.813593430676830E+000  0.435804926319002E+000 -0.131028262406404E+000 -0.155416192187353E+003
  0.100000000000000E+001  0.310824309782647E+003  0.533735724172321E+000  0.121268958595282E+001  0.767912449628070E-001  0.231442122870229E+000 -0.131028262406404E+000 -0.155412154891324E+003
  0.100000000000000E+001  0.310823679481186E+003  0.347539002778388E+000  0.170256765828340E+001  0.191654611121674E+000  0.364762750310356E+000 -0.131028262406404E+000 -0.155411839740593E+003
  0.100000000000000E+001  0.310816183583504E+003  0.661036019526030E+000  0.743359499004330E+000  0.322219075690962E+000  0.193579482256948E+000 -0.131028262406404E+000 -0.155408091791752E+003
  0.100000000000000E+001  0.310811534686259E+003  0.551275153424295E+000  0.187559792917430E+001  0.860446853978483E+000  0.215787389447154E+000 -0.131028262406404E+000 -0.155405767343129E+003
  0.100000000000000E+001  0.310801067728061E+003  0.531431126538969E+000  0.159465587711769E+001  0.862995875916323E+000  0.222479912567600E+000 -0.131028262406404E+000 -0.155400533864030E+003
  0.100000000000000E+001  0.310800128824793E+003  0.661841175113102E+000  0.956266843099748E+000  0.669521583302432E+000  0.184419060718402E+000 -0.131028262406404E+000 -0.155400064412396E+003
  0.100000000000000E+001  0.310798559839790E+003  0.105289615736354E+001  0.118002152544002E+001  0.662262795686258E+000  0.110076229257998E+000 -0.131028262406404E+000 -0.155399279919895E+003
  0.100000000000000E+001  0.310793924504500E+003  0.357610935535521E+000  0.896273158725396E+000  0.410825529004671E+000  0.429772441107464E+000 -0.131028262406404E+000 -0.155396962252250E+003
  0.100000000000000E+001  0.310787642411172E+003  0.967663693965366E+000  0.502427880302053E+000  0.468612372955558E+000  0.124920782228937E+000 -0.131028262406404E+000 -0.155393821205586E+003
  0.100000000000000E+001  0.310787331593083E+003  0.106887785043987E+001  0.157364090819488E+001  0.469689018131936E+000  0.106790996147317E+000 -0.131028262406404E+000 -0.155393665796542E+003
  0.100000000000000E+001  0.310779602682282E+003  0.330067842853923E+000  0.112564413904195E+001  0.240909474729847E+000  0.417184257081277E+000 -0.131028262406404E+000 -0.155389801341141E+003
  0.100000000000000E+001  0.310777526061629E+003  0.573471331778440E+000  0.534538639514649E+000  0.340178776379451E+000  0.243647790505058E+000 -0.131028262406404E+000 -0.155388763030815E+003
  0.100000000000000E+001  0.310774546093610E+003  0.712091338998036E+000  0.179555237424630E+001  0.885229129592779E+000  0.160555390468717E+000 -0.131028262406404E+000 -0.155387273046805E+003
  0.100000000000000E+001  0.310770232312897E+003  0.414153902082907E+000  0.655194790198017E+000  0.544534117458797E+000  0.406495303485965E+000 -0.131028262406404E+000 -0.155385116156449E+003
  0.100000000000000E+001  0.310765764394374E+003  0.106988179860083E+001  0.108844023322933E+001  0.996885560233058E+000  0.106335035907490E+000 -0.131028262406404E+000 -0.155382882197187E+003
  0.100000000000000E+001  0.310762646042470E+003  0.406083908250007E+000  0.595614284313173E+000  0.428635842639901E+000  0.468093773982696E+000 -0.131028262406404E+000 -0.155381323021235E+003
  0.100000000000000E+001  0.310758431219729E+003  0.549025609988023E+000  0.123699188212220E+001  0.935786935209041E+000  0.213627545829411E+000 -0.131028262406404E+000 -0.155379215609864E+003
  0.100000000000000E+001  0.310757261071442E+003  0.426555213396557E+000  0.144392330610129E+001  0.188283809090904E+000  0.277210309279011E+000 -0.131028262406404E+000 -0.155378630535721E+003
  0.100000000000000E+001  0.310757214711631E+003  0.277507237142368E+000  0.137545634180470E+001  0.233255733620084E+000  0.476070334608804E+000 -0.131028262406404E+000 -0.155378607355815E+003
  0.100000000000000E+001  0.310756761766846E+003  0.347959823311286E+000  0.979756386249795E+000  0.266743150960802E-002  0.408608149771270E+000 -0.131028262406404E+000 -0.155378380883423E+003
  0.100000000000000E+001  0.310755758214454E+003  0.427927053981260E+000  0.108688783186544E+001  0.990386789455452E+000  0.293448288208917E+000 -0.131028262406404E+000 -0.155377879107227E+003
  0.100000000000000E+001  0.310753493783383E+003  0.483719501920957E+000  0.605632037679094E+000  0.905724338588900E+000  0.304928487126929E+000 -0.131028262406404E+000 -0.155376746891691E+003
  0.100000000000000E+001  0.310748515571732E+003  0.435238911738274E+000  0.831424196723398E+000  0.366682911630146E+000  0.313802445068030E+000 -0.131028262406404E+000 -0.155374257785866E+003
  0.100000000000000E+001  0.310747219463602E+003  0.338870818692008E+000  0.805499711479193E+000  0.874933678763459E+000  0.491050979228830E+000 -0.131028262406404E+000 -0.155373609731801E+003
  0.100000000000000E+001  0.310735096864494E+003  0.923350664181174E+000  0.199648587936439E+001  0.540244210555124E+000  0.120081984664326E+000 -0.131028262406404E+000 -0.155367548432247E+003
  0.100000000000000E+001  0.310728374861509E+003  0.100288776586355E+001  0.163447250669473E+001  0.898749505544162E+000  0.109628170320310E+000 -0.131028262406404E+000 -0.155364187430754E+003
  0.100000000000000E+001  0.310728188152881E+003  0.982131456470660E+000  0.830813163970582E+000  0.518734738438166E+000  0.114832002311352E+000 -0.131028262406404E+000 -0.155364094076441E+003
  0.100000000000000E+001  0.310725957010537E+003  0.653550111176244E+000  0.125190055452398E+001  0.801206190650383E-002  0.172476264701267E+000 -0.131028262406404E+000 -0.155362978505269E+003
  0.100000000000000E+001  0.310725604246628E+003  0.444692888673106E+000  0.709854615356732E+000  0.278562822011881E+000  0.318372988049028E+000 -0.131028262406404E+000 -0.155362802123314E+003
  0.100000000000000E+001  0.310725518980270E+003  0.106058668753145E+001  0.112225918663379E+001  0.404509515652492E+000  0.104345990708974E+000 -0.131028262406404E+000 -0.155362759490135E+003
  0.100000000000000E+001  0.310724983084259E+003  0.383891414372995E+000  0.174326477120619E+001  0.293905031300359E+000  0.301574016067514E+000 -0.131028262406404E+000 -0.155362491542129E+003
  0.100000000000000E+001  0.310723040271236E+003  0.343763377007413E+000  0.137691226185083E+001  0.514952532089014E+000  0.351031122530287E+000 -0.131028262406404E+000 -0.155361520135618E+003
  0.100000000000000E+001  0.310722071319566E+003  0.356067040392081E+000  0.171876256915437E+001  0.478536064378565E+000  0.328154477439198E+000 -0.131028262406404E+000 -0.155361035659783E+003
  0.100000000000000E+001  0.310721278451887E+003  0.554824182191385E+000  0.175670144799038E+001  0.154413323787218E+000  0.201061668229453E+000 -0.131028262406404E+000 -0.155360639225943E+003
  0.100000000000000E+001  0.310720699395545E+003  0.816500158566051E+000  0.606765374137181E+000  0.864820990135835E+000  0.142996672584693E+000 -0.131028262406404E+000 -0.155360349697773E+003
  0.100000000000000E+001  0.310718553690912E+003  0.434346094889845E+000  0.519601410167560E+000  0.535916327795741E+000  0.418270318669537E+000 -0.131028262406404E+000 -0.155359276845456E+003
  0.100000000000000E+001  0.310718004231702E+003  0.399799829648958E+000  0.189626750971415E+001  0.603581042440407E+000  0.288588573186282E+000 -0.131028262406404E+000 -0.155359002115851E+003
  0.100000000000000E+001  0.310715054076977E+003  0.683636327752109E+000  0.164479555309497E+001  0.597681082239822E+000  0.160935615423788E+000 -0.131028262406404E+000 -0.155357527038489E+003
  0.100000000000000E+001  0.310714410865640E+003  0.507343119464573E+000  0.164032927869140E+001  0.443878260215800E+000  0.220148552786835E+000 -0.131028262406404E+000 -0.155357205432820E+003
  0.100000000000000E+001  0.310713565517707E+003  0.326681340882736E+000  0.106773509577522E+001  0.576591099105707E+000  0.410139853539360E+000 -0.131028262406404E+000 -0.155356782758853E+003
  0.100000000000000E+001  0.310713187583533E+003  0.347147054659567E+000  0.170780703514248E+001  0.127434577358068E+000  0.335714927156046E+000 -0.131028262406404E+000 -0.155356593791767E+003
  0.100000000000000E+001  0.310710625485874E+003  0.684485354457835E+000  0.154863716043003E+001  0.334517914164762E+000  0.160470503277998E+000 -0.131028262406404E+000 -0.155355312742937E+003
  0.100000000000000E+001  0.310706342145605E+003  0.753680277575003E+000  0.141692387709149E+001  0.840560239253495E-001  0.145277550241087E+000 -0.131028262406404E+000 -0.155353171072802E+003
  0.100000000000000E+001  0.310705577878056E+003  0.105717196293115E+001  0.131078625723212E+001  0.249585750632189E-001  0.102762969067247E+000 -0.131028262406404E+000 -0.155352788939028E+003
  0.100000000000000E+001  0.310703993016218E+003  0.368572974836861E+000  0.122722973424108E+001  0.224847496943552E-001  0.327248329949918E+000 -0.131028262406404E+000 -0.155351996508109E+003
  0.100000000000000E+001  0.310698926078470E+003  0.101698627440104E+001  0.114950269978510E+001  0.866140204663553E+000  0.106914028105358E+000 -0.131028262406404E+000 -0.155349463039235E+003
  0.100000000000000E+001  0.310694428125868E+003  0.748398916012246E+000  0.156645479273395E+001  0.311808276034912E+000  0.144628805931366E+000 -0.131028262406404E+000 -0.155347214062934E+003
  0.100000000000000E+001  0.310693172967976E+003  0.427476877368440E+000  0.723496844241227E+000  0.266985648568558E+000  0.325577685935900E+000 -0.131028262406404E+000 -0.155346586483988E+003
  0.100000000000000E+001  0.310690620617286E+003  0.578232218125314E+000  0.129085816044856E+001  0.342306097505672E+000  0.191327040300908E+000 -0.131028262406404E+000 -0.155345310308643E+003
  0.100000000000000E+001  0.310690141880092E+003  0.392379339331802E+000  0.125373666832118E+001  0.971985860319041E-001  0.298039307035478E+000 -0.131028262406404E+000 -0.155345070940046E+003
  0.100000000000000E+001  0.310682897210587E+003  0.346852211031165E+000  0.163801031070390E+001  0.390851945097576E-001  0.328197721352562E+000 -0.131028262406404E+000 -0.155341448605294E+003
  0.100000000000000E+001  0.310682313520206E+003  0.630394891437206E+000  0.196437513913557E+001  0.118105519938562E+000  0.171805720615129E+000 -0.131028262406404E+000 -0.155341156760103E+003
  0.100000000000000E+001  0.310680234464860E+003  0.636568642797979E+000  0.882575645919138E+000  0.264199845032779E+000  0.178323319143867E+000 -0.131028262406404E+000 -0.155340117232430E+003
  0.100000000000000E+001  0.310672217953730E+003  0.343611818550600E+000  0.151279236233962E+001  0.451749659160282E+000  0.331290014556771E+000 -0.131028262406404E+000 -0.155336108976865E+003
  0.100000000000000E+001  0.310670304432602E+003  0.448272902487238E+000  0.108143621064646E+001  0.716798899218975E+000  0.258771633570414E+000 -0.131028262406404E+000 -0.155335152216301E+003
  0.100000000000000E+001  0.310669878671532E+003  0.404415763056270E+000  0.141871952598952E+001  0.464672807492422E+000  0.276458887644403E+000 -0.131028262406404E+000 -0.155334939335766E+003
  0.100000000000000E+001  0.310666114298590E+003  0.636490032253824E+000  0.191604655696160E+001  0.290741766656764E+000  0.167846263141067E+000 -0.131028262406404E+000 -0.155333057149295E+003
  0.100000000000000E+001  0.310665632547416E+003  0.103935073233115E+001  0.880484809594586E+000  0.295898505207480E-001  0.103159023801783E+000 -0.131028262406404E+000 -0.155332816273708E+003
  0.100000000000000E+001  0.310663799473972E+003  0.739398721357629E+000  0.158368156308241E+001  0.500444116222520E-001  0.143277316042069E+000 -0.131028262406404E+000 -0.155331899736986E+003
  0.100000000000000E+001  0.310656044035619E+003  0.337690818365069E+000  0.752837711941417E+000  0.421411733519967E+000  0.472235231689272E+000 -0.131028262406404E+000 -0.155328022017810E+003
  0.100000000000000E+001  0.310655407984896E+003  0.591662575383003E+000  0.509399099832062E+000  0.129909523261721E+000  0.208093698100905E+000 -0.131028262406404E+000 -0.155327703992448E+003
  0.100000000000000E+001  0.310653732095683E+003  0.100356535095818E+001  0.196640258005020E+001  0.233454328408688E+000  0.104210232196476E+000 -0.131028262406404E+000 -0.155326866047841E+003
  0.100000000000000E+001  0.310645083534136E+003  0.479047559364651E+000  0.570742372249279E+000  0.876610380264001E-001  0.279875366286866E+000 -0.131028262406404E+000 -0.155322541767068E+003
  0.100000000000000E+001  0.310644342865068E+003  0.484177913869758E+000  0.624263060587499E+000  0.464667415838314E+000  0.266058313037059E+000 -0.131028262406404E+000 -0.155322171432534E+003
  0.100000000000000E+001  0.310643245262388E+003  0.282703117826220E+000  0.119031416888103E+001  0.874760085989441E-001  0.444387754481109E+000 -0.131028262406404E+000 -0.155321622631194E+003
  0.100000000000000E+001  0.310641338938686E+003  0.301060259478974E+000  0.160764766135543E+001  0.721883440627674E+000  0.375976758734461E+000 -0.131028262406404E+000 -0.155320669469343E+003
  0.100000000000000E+001  0.310640469796582E+003  0.540409796147175E+000  0.997456951925657E+000  0.613664761487383E+000  0.205324928745790E+000 -0.131028262406404E+000 -0.155320234898291E+003
  0.100000000000000E+001  0.310632742323722E+003  0.896532284910149E+000  0.116802978759529E+001  0.182599597376771E+000  0.116114543095239E+000 -0.131028262406404E+000 -0.155316371161861E+003
  0.100000000000000E+001  0.310632010080405E+003  0.352272353447087E+000  0.186599569567657E+001  0.383955990632900E-003  0.311115737511805E+000 -0.131028262406404E+000 -0.155316005040203E+003
  0.100000000000000E+001  0.310628521409398E+003  0.690195508080698E+000  0.176097739034537E+001  0.100672554870728E+000  0.149775042744980E+000 -0.131028262406404E+000 -0.155314260704699E+003
  0.100000000000000E+001  0.310626997353652E+003  0.294258162820931E+000  0.112682264823114E+001  0.320834946266714E+000  0.425345919481312E+000 -0.131028262406404E+000 -0.155313498676826E+003
  0.100000000000000E+001  0.310626479270485E+003  0.619350036858990E+000  0.165920609171513E+001  0.179484658369808E+000  0.167312472147719E+000 -0.131028262406404E+000 -0.155313239635242E+003
  0.100000000000000E+001  0.310625251979481E+003  0.807017610307820E+000  0.128229113385196E+001  0.109769860131204E+000  0.128252100293647E+000 -0.131028262406404E+000 -0.155312625989741E+003
  0.100000000000000E+001  0.310622799976603E+003  0.349103135123093E+000  0.189416385094024E+001  0.168743756859745E+000  0.312724390687289E+000 -0.131028262406404E+000 -0.155311399988302E+003
  0.100000000000000E+001  0.310619375923396E+003  0.734762426418325E+000  0.929951664661335E+000  0.864756796109808E+000  0.143967700004883E+000 -0.131028262406404E+000 -0.155309687961698E+003
  0.100000000000000E+001  0.310618123799759E+003  0.441197442296415E+000  0.707165438619047E+000  0.413284124657540E+000  0.286839502840226E+000 -0.131028262406404E+000 -0.155309061899879E+003
  0.100000000000000E+001  0.310614205419600E+003  0.101703015621858E+001  0.650180055422638E+000  0.469309364711809E+000  0.102789060844746E+000 -0.131028262406404E+000 -0.155307102709800E+003
  0.100000000000000E+001  0.310609389944729E+003  0.282476559487098E+000  0.197465772981414E+001  0.855963556539847E-001  0.409365303578745E+000 -0.131028262406404E+000 -0.155304694972365E+003
  0.100000000000000E+001  0.310609360917767E+003  0.474073409292634E+000  0.166568507403840E+001  0.925552998183904E+000  0.218784595588803E+000 -0.131028262406404E+000 -0.155304680458884E+003
  0.100000000000000E+001  0.310599038466834E+003  0.360623129653008E+000  0.822447730165833E+000  0.325472108042650E+000  0.362816050673913E+000 -0.131028262406404E+000 -0.155299519233417E+003
  0.100000000000000E+001  0.310596084848506E+003  0.282105420081570E+000  0.113077620870049E+001  0.217802461235872E+000  0.436629812774922E+000 -0.131028262406404E+000 -0.155298042424253E+003
  0.100000000000000E+001  0.310592742097963E+003  0.657789953493204E+000  0.188275462227924E+001  0.706441838511243E+000  0.153402111508676E+000 -0.131028262406404E+000 -0.155296371048981E+003
  0.100000000000000E+001  0.310592257465845E+003  0.472875160304092E+000  0.668382659782298E+000  0.301390245602638E+000  0.255084859040255E+000 -0.131028262406404E+000 -0.155296128732923E+003
  0.100000000000000E+001  0.310591237402045E+003  0.645947246481033E+000  0.538655875716009E+000  0.395101260959466E+000  0.172332605936221E+000 -0.131028262406404E+000 -0.155295618701023E+003
  0.100000000000000E+001  0.310590132588420E+003  0.496662215948480E+000  0.948004632831963E+000  0.116814241690473E+000  0.219317979438449E+000 -0.131028262406404E+000 -0.155295066294210E+003
  0.100000000000000E+001  0.310580490823561E+003  0.565919641929333E+000  0.167146797375463E+001  0.948642855726750E+000  0.177398248172526E+000 -0.131028262406404E+000 -0.155290245411780E+003
  0.100000000000000E+001  0.310580480497221E+003  0.545623652445584E+000  0.191120899894091E+001  0.209531925680899E-001  0.184817093477699E+000 -0.131028262406404E+000 -0.155290240248610E+003
  0.100000000000000E+001  0.310577940793702E+003  0.589455827795873E+000  0.123512039666533E+001  0.491234917875748E-001  0.172577691121111E+000 -0.131028262406404E+000 -0.155288970396851E+003
  0.100000000000000E+001  0.310576482035831E+003  0.302742056607684E+000  0.165454615788069E+001  0.390449820254324E+000  0.351912921268990E+000 -0.131028262406404E+000 -0.155288241017915E+003
  0.100000000000000E+001  0.310575232070658E+003  0.287546710352933E+000  0.165517567498010E+001  0.434117427804702E+000  0.374198027150402E+000 -0.131028262406404E+000 -0.155287616035329E+003
  0.100000000000000E+001  0.310573592945525E+003  0.458587686268106E+000  0.150166404612299E+001  0.993602953212034E+000  0.221425115281619E+000 -0.131028262406404E+000 -0.155286796472763E+003
  0.100000000000000E+001  0.310573218093401E+003  0.389474242055362E+000  0.788135157062079E+000  0.909010261525235E+000  0.317328569140472E+000 -0.131028262406404E+000 -0.155286609046701E+003
  0.100000000000000E+001  0.310572408533699E+003  0.767248695897007E+000  0.940435946157729E+000  0.235223098255310E+000  0.132177260946437E+000 -0.131028262406404E+000 -0.155286204266850E+003
  0.100000000000000E+001  0.310571038072711E+003  0.581536472085058E+000  0.714872225598110E+000  0.387000967368311E+000  0.186178272639281E+000 -0.131028262406404E+000 -0.155285519036356E+003
  0.100000000000000E+001  0.310569577411145E+003  0.304332594476247E+000  0.932704852209404E+000  0.429200469188390E-001  0.426402230937026E+000 -0.131028262406404E+000 -0.155284788705573E+003
  0.100000000000000E+001  0.310567165605188E+003  0.400114194688450E+000  0.503872431345189E+000  0.389205299271459E+000  0.408435517522349E+000 -0.131028262406404E+000 -0.155283582802594E+003
  0.100000000000000E+001  0.310563185275091E+003  0.827531504530337E+000  0.100885975287610E+001  0.915619369995259E+000  0.120515246544244E+000 -0.131028262406404E+000 -0.155281592637545E+003
  0.100000000000000E+001  0.310561472243128E+003  0.388327031859342E+000  0.818686462625847E+000  0.229918293851229E-001  0.309163838630633E+000 -0.131028262406404E+000 -0.155280736121564E+003
  0.100000000000000E+001  0.310546981348006E+003  0.426712708326370E+000  0.153400778567531E+001  0.167478700178461E+000  0.233754007660077E+000 -0.131028262406404E+000 -0.155273490674003E+003
  0.100000000000000E+001  0.310543052076809E+003  0.380021276891973E+000  0.113521275226646E+001  0.501830755097478E+000  0.279331743262380E+000 -0.131028262406404E+000 -0.155271526038404E+003
  0.100000000000000E+001  0.310537485958604E+003  0.374915102399644E+000  0.712110230645859E+000  0.920469407162298E+000  0.340993390082560E+000 -0.131028262406404E+000 -0.155268742979302E+003
  0.100000000000000E+001  0.310534336280139E+003  0.954873399462277E+000  0.139464557029991E+001  0.121519589305876E+000  0.100275289783586E+000 -0.131028262406404E+000 -0.155267168140069E+003
  0.100000000000000E+001  0.310533533208379E+003  0.873090401790570E+000  0.891930932165477E+000  0.587808505226927E+000  0.111817713139720E+000 -0.131028262406404E+000 -0.155266766604189E+003
  0.100000000000000E+001  0.310531316715189E+003  0.930083386115299E+000  0.621704058737814E+000  0.524571191295242E+000  0.105978409634546E+000 -0.131028262406404E+000 -0.155265658357594E+003
  0.100000000000000E+001  0.310531172369212E+003  0.375423096091714E+000  0.606642857870563E+000  0.978548616561746E+000  0.376209982368785E+000 -0.131028262406404E+000 -0.155265586184606E+003
  0.100000000000000E+001  0.310522963271694E+003  0.525094101304819E+000  0.940051059281325E+000  0.495191407951514E+000  0.193391981559785E+000 -0.131028262406404E+000 -0.155261481635847E+003
  0.100000000000000E+001  0.310521502561049E+003  0.397972554286832E+000  0.594331331847346E+000  0.800720735673411E+000  0.329896397274016E+000 -0.131028262406404E+000 -0.155260751280524E+003
  0.100000000000000E+001  0.310520141204935E+003  0.886339768308450E+000  0.124679167927319E+001  0.436119554889347E+000  0.107320484572835E+000 -0.131028262406404E+000 -0.155260070602467E+003
  0.100000000000000E+001  0.310519809470762E+003  0.268627392067324E+000  0.105148174581975E+001  0.418161132764374E+000  0.449799922939940E+000 -0.131028262406404E+000 -0.155259904735381E+003
  0.100000000000000E+001  0.310519482532584E+003  0.497343754099247E+000  0.116477422043765E+001  0.585561048209775E+000  0.198989434933525E+000 -0.131028262406404E+000 -0.155259741266292E+003
  0.100000000000000E+001  0.310519250273125E+003  0.268128126579583E+000  0.110053352666713E+001  0.387320814533143E+000  0.438515239166939E+000 -0.131028262406404E+000 -0.155259625136563E+003
  0.100000000000000E+001  0.310517815719335E+003  0.346615570697281E+000  0.171433614542432E+001  0.902497735157898E+000  0.285132136470017E+000 -0.131028262406404E+000 -0.155258907859667E+003
  0.100000000000000E+001  0.310515944259776E+003  0.647897636265157E+000  0.138987925432213E+001  0.958861802188197E+000  0.147209063930686E+000 -0.131028262406404E+000 -0.155257972129888E+003
  0.100000000000000E+001  0.310514606155075E+003  0.263703638249233E+000  0.103515190598002E+001  0.236515966880352E+000  0.464245031927272E+000 -0.131028262406404E+000 -0.155257303077538E+003
  0.100000000000000E+001  0.310512956486341E+003  0.224384209040059E+000  0.139861173044254E+001  0.699480068929713E+000  0.498732233118442E+000 -0.131028262406404E+000 -0.155256478243170E+003
  0.100000000000000E+001  0.310511960264715E+003  0.469164722323111E+000  0.546746410984478E+000  0.195923535659673E+000  0.248732330860112E+000 -0.131028262406404E+000 -0.155255980132358E+003
  0.100000000000000E+001  0.310509787959767E+003  0.638707304247636E+000  0.502442184028779E+000  0.816352309404617E+000  0.162611597595264E+000 -0.131028262406404E+000 -0.155254893979883E+003
  0.100000000000000E+001  0.310509314352280E+003  0.522305901770368E+000  0.919169627318320E+000  0.180276336510692E+000  0.192766127829571E+000 -0.131028262406404E+000 -0.155254657176140E+003
  0.100000000000000E+001  0.310508837262715E+003  0.258548797669001E+000  0.147361399628770E+001  0.333808307041608E+000  0.405736591993070E+000 -0.131028262406404E+000 -0.155254418631357E+003
  0.100000000000000E+001  0.310505488908211E+003  0.232035420778202E+000  0.156607902705167E+001  0.367642352497056E+000  0.461375548257637E+000 -0.131028262406404E+000 -0.155252744454106E+003
  0.100000000000000E+001  0.310502156052629E+003  0.826240826914391E+000  0.558798561432581E+000  0.898296562659105E+000  0.118243500082997E+000 -0.131028262406404E+000 -0.155251078026314E+003
  0.100000000000000E+001  0.310499306519718E+003  0.561579593661261E+000  0.168407047318991E+001  0.471696120104607E+000  0.167278865538607E+000 -0.131028262406404E+000 -0.155249653259859E+003
  0.100000000000000E+001  0.310497354682125E+003  0.277588747377464E+000  0.146146113611793E+001  0.267706826855147E+000  0.367568316736387E+000 -0.131028262406404E+000 -0.155248677341062E+003
  0.100000000000000E+001  0.310495246911936E+003  0.236535610413571E+000  0.133206122199077E+001  0.825634481826070E+000  0.462834414358750E+000 -0.131028262406404E+000 -0.155247623455968E+003
  0.100000000000000E+001  0.310491445221116E+003  0.469134053006886E+000  0.662360821926387E+000  0.375042753717251E+000  0.230859001347742E+000 -0.131028262406404E+000 -0.155245722610558E+003
  0.100000000000000E+001  0.310489956265592E+003  0.756045720139323E+000  0.170414092716338E+001  0.761914226863563E+000  0.122224977277085E+000 -0.131028262406404E+000 -0.155244978132796E+003
  0.100000000000000E+001  0.310489385253190E+003  0.494020857375403E+000  0.763568482047077E+000  0.546414739995041E+000  0.208599904894604E+000 -0.131028262406404E+000 -0.155244692626595E+003
  0.100000000000000E+001  0.310489031022604E+003  0.563027044368964E+000  0.564495201447066E+000  0.668260599908830E-001  0.184695083144299E+000 -0.131028262406404E+000 -0.155244515511302E+003
  0.100000000000000E+001  0.310488645073683E+003  0.362306279206996E+000  0.196386394322972E+001  0.805280243595473E+000  0.267093688786675E+000 -0.131028262406404E+000 -0.155244322536842E+003
  0.100000000000000E+001  0.310485883123221E+003  0.501609536585882E+000  0.199526133668744E+001  0.856208017094637E+000  0.187131762949359E+000 -0.131028262406404E+000 -0.155242941561611E+003
  0.100000000000000E+001  0.310483434656237E+003  0.418906613234283E+000  0.526830439430262E+000  0.600573788632940E+000  0.297202470645069E+000 -0.131028262406404E+000 -0.155241717328118E+003
  0.100000000000000E+001  0.310480764726442E+003  0.689936087686049E+000  0.164876819194271E+001  0.789106702117411E+000  0.133192314923921E+000 -0.131028262406404E+000 -0.155240382363221E+003
  0.100000000000000E+001  0.310479468230729E+003  0.373892559376457E+000  0.968646098019841E+000  0.848256373289586E-001  0.279796764963396E+000 -0.131028262406404E+000 -0.155239734115365E+003
  0.100000000000000E+001  0.310477307472969E+003  0.351287975452079E+000  0.151589933395980E+001  0.413323093393264E+000  0.272384036953606E+000 -0.131028262406404E+000 -0.155238653736485E+003
  0.100000000000000E+001  0.310476391472771E+003  0.634866569368690E+000  0.128871563075494E+001  0.271146216994411E+000  0.145945992330291E+000 -0.131028262406404E+000 -0.155238195736386E+003
  0.100000000000000E+001  0.310475895208823E+003  0.662406638277629E+000  0.598674083004414E+000  0.894650607988400E+000  0.148015038533605E+000 -0.131028262406404E+000 -0.155237947604412E+003
  0.100000000000000E+001  0.310473652786306E+003  0.331910362598298E+000  0.866945399338659E+000  0.812678870071204E+000  0.344699183329989E+000 -0.131028262406404E+000 -0.155236826393153E+003
  0.100000000000000E+001  0.310471235665245E+003  0.277779284572093E+000  0.904058687614401E+000  0.966974912823781E+000  0.446798804945230E+000 -0.131028262406404E+000 -0.155235617832623E+003
  0.100000000000000E+001  0.310467165992091E+003  0.690813997607881E+000  0.137321294149353E+001  0.489746935348044E+000  0.132150444515476E+000 -0.131028262406404E+000 -0.155233582996046E+003
  0.100000000000000E+001  0.310458940920393E+003  0.391187316121964E+000  0.727830917470606E+000  0.942273583148950E+000  0.282633601609895E+000 -0.131028262406404E+000 -0.155229470460196E+003
  0.100000000000000E+001  0.310458596015357E+003  0.404063999856757E+000  0.153567008458257E+001  0.160343105727064E+000  0.229229808473265E+000 -0.131028262406404E+000 -0.155229298007679E+003
  0.100000000000000E+001  0.310458293247462E+003  0.534117495416852E+000  0.148098159970416E+001  0.423178630978625E+000  0.170728994243173E+000 -0.131028262406404E+000 -0.155229146623731E+003
  0.100000000000000E+001  0.310457075417997E+003  0.588905514931322E+000  0.139524912351943E+001  0.988186586278727E+000  0.154478166390704E+000 -0.131028262406404E+000 -0.155228537708998E+003
  0.100000000000000E+001  0.310456846623332E+003  0.391460697037738E+000  0.139153533090069E+001  0.169318149387871E+000  0.239262596006957E+000 -0.131028262406404E+000 -0.155228423311666E+003
  0.100000000000000E+001  0.310454955810421E+003  0.409678741781892E+000  0.129198544964136E+001  0.628817308626476E+000  0.229372248928426E+000 -0.131028262406404E+000 -0.155227477905211E+003
  0.100000000000000E+001  0.310453756525866E+003  0.570323372638759E+000  0.167978425260003E+001  0.303945759595937E+000  0.158188256181873E+000 -0.131028262406404E+000 -0.155226878262933E+003
  0.100000000000000E+001  0.310453545120438E+003  0.839570932001592E+000  0.115140199801440E+001  0.236545620009998E+000  0.107498512041442E+000 -0.131028262406404E+000 -0.155226772560219E+003
  0.100000000000000E+001  0.310446282423975E+003  0.391576471819668E+000  0.148631929488633E+001  0.751858470339819E+000  0.235075769251809E+000 -0.131028262406404E+000 -0.155223141211987E+003
  0.100000000000000E+001  0.310445744985976E+003  0.851288934063827E+000  0.502919558267052E+000  0.907089793015648E+000  0.108973333458032E+000 -0.131028262406404E+000 -0.155222872492988E+003
  0.100000000000000E+001  0.310445177339756E+003  0.786949794371023E+000  0.151877218416636E+001  0.157874665736382E-001  0.113026258741293E+000 -0.131028262406404E+000 -0.155222588669878E+003
  0.100000000000000E+001  0.310444716171422E+003  0.278151881082961E+000  0.184367371744738E+001  0.956320319735372E+000  0.344367584608080E+000 -0.131028262406404E+000 -0.155222358085711E+003
  0.100000000000000E+001  0.310439697159221E+003  0.299556197529825E+000  0.150475099939555E+001  0.734243481509757E+000  0.315019556767996E+000 -0.131028262406404E+000 -0.155219848579611E+003
  0.100000000000000E+001  0.310433723351525E+003  0.455235493339771E+000  0.835714918296317E+000  0.935807505158773E+000  0.214246496572789E+000 -0.131028262406404E+000 -0.155216861675762E+003
  0.100000000000000E+001  0.310429857633776E+003  0.545628689127717E+000  0.623638932683715E+000  0.125867910154372E+000  0.177907182500952E+000 -0.131028262406404E+000 -0.155214928816888E+003
  0.100000000000000E+001  0.310429333110351E+003  0.321976896116682E+000  0.843414130458380E+000  0.953407095324012E+000  0.345867401768574E+000 -0.131028262406404E+000 -0.155214666555176E+003
  0.100000000000000E+001  0.310426421114085E+003  0.439716915508508E+000  0.108370971630284E+001  0.146343032636869E+000  0.211527779298772E+000 -0.131028262406404E+000 -0.155213210557042E+003
  0.100000000000000E+001  0.310426375710835E+003  0.860162881077964E+000  0.100862100806094E+001  0.202123444678003E+000  0.102797056684719E+000 -0.131028262406404E+000 -0.155213187855417E+003
  0.100000000000000E+001  0.310426221787857E+003  0.640637597240800E+000  0.101220685949876E+001  0.671296465101007E+000  0.140342957276735E+000 -0.131028262406404E+000 -0.155213110893928E+003
  0.100000000000000E+001  0.310423730854379E+003  0.787001702056506E+000  0.119077664963678E+001  0.746745755953653E+000  0.111710517707964E+000 -0.131028262406404E+000 -0.155211865427189E+003
  0.100000000000000E+001  0.310422837152923E+003  0.475324106695484E+000  0.101409750629475E+001  0.506175469309701E+000  0.194687402181915E+000 -0.131028262406404E+000 -0.155211418576461E+003
  0.100000000000000E+001  0.310421438201788E+003  0.252057474750924E+000  0.117014317923117E+001  0.875690447832689E+000  0.412781156541996E+000 -0.131028262406404E+000 -0.155210719100894E+003
  0.100000000000000E+001  0.310414611003028E+003  0.645325584710127E+000  0.198512687756819E+001  0.376295950756339E+000  0.134759099112231E+000 -0.131028262406404E+000 -0.155207305501514E+003
  0.100000000000000E+001  0.310413463408820E+003  0.455040874837592E+000  0.126455567672656E+001  0.706730073323726E+000  0.196719467151954E+000 -0.131028262406404E+000 -0.155206731704410E+003
  0.100000000000000E+001  0.310411048782467E+003  0.213708000744211E+000  0.140277067724796E+001  0.537297476700782E-002  0.472633435794092E+000 -0.131028262406404E+000 -0.155205524391233E+003
  0.100000000000000E+001  0.310410576818146E+003  0.235536793791277E+000  0.144964672950701E+001  0.960235027386495E+000  0.411751893037405E+000 -0.131028262406404E+000 -0.155205288409073E+003
  0.100000000000000E+001  0.310409682290773E+003  0.312079325296353E+000  0.675511162072545E+000  0.799509257912808E+000  0.417223583582566E+000 -0.131028262406404E+000 -0.155204841145386E+003
  0.100000000000000E+001  0.310407767295782E+003  0.312971362441256E+000  0.922069469472412E+000  0.421759440539144E+000  0.335330248949860E+000 -0.131028262406404E+000 -0.155203883647891E+003
  0.100000000000000E+001  0.310406107691863E+003  0.305422296055405E+000  0.637576396138436E+000  0.343002339774057E+000  0.466883888387353E+000 -0.131028262406404E+000 -0.155203053845931E+003
  0.100000000000000E+001  0.310401670229291E+003  0.455051358716542E+000  0.952011267121750E+000  0.698910620852508E+000  0.202266149269372E+000 -0.131028262406404E+000 -0.155200835114645E+003
  0.100000000000000E+001  0.310401114645318E+003  0.530860789327936E+000  0.192917360272161E+001  0.933750155271893E+000  0.162630960539968E+000 -0.131028262406404E+000 -0.155200557322659E+003
  0.100000000000000E+001  0.310399821011146E+003  0.302908543689779E+000  0.139195801800143E+001  0.864056265559970E+000  0.302152520050284E+000 -0.131028262406404E+000 -0.155199910505573E+003
  0.100000000000000E+001  0.310395226735207E+003  0.251785771146598E+000  0.165131871660154E+001  0.222375867422662E+000  0.365685374201310E+000 -0.131028262406404E+000 -0.155197613367603E+003
  0.100000000000000E+001  0.310386915493721E+003  0.692592059654921E+000  0.129218470170296E+001  0.472668392679716E+000  0.122707503072895E+000 -0.131028262406404E+000 -0.155193457746861E+003
  0.100000000000000E+001  0.310386552171646E+003  0.300820814748003E+000  0.160426480128852E+001  0.515625606749081E+000  0.294630285005252E+000 -0.131028262406404E+000 -0.155193276085823E+003
  0.100000000000000E+001  0.310385829664043E+003  0.237353253088704E+000  0.197713061591595E+001  0.672987188346335E+000  0.402065729850974E+000 -0.131028262406404E+000 -0.155192914832022E+003
  0.100000000000000E+001  0.310384801103029E+003  0.346736686262802E+000  0.543738708671354E+000  0.131567631284245E+000  0.373212553821538E+000 -0.131028262406404E+000 -0.155192400551515E+003
  0.100000000000000E+001  0.310382541441797E+003  0.360554238335048E+000  0.684350273221138E+000  0.597499387003465E+000  0.296676760607481E+000 -0.131028262406404E+000 -0.155191270720899E+003
  0.100000000000000E+001  0.310378330159186E+003  0.245732879108137E+000  0.190917729629475E+001  0.293235619169190E+000  0.375289955701653E+000 -0.131028262406404E+000 -0.155189165079593E+003
  0.100000000000000E+001  0.310377860165976E+003  0.531010452196918E+000  0.854125236859346E+000  0.526888450655600E+000  0.167142467309725E+000 -0.131028262406404E+000 -0.155188930082988E+003
  0.100000000000000E+001  0.310377221102989E+003  0.281673535255296E+000  0.114488742185174E+001  0.639073374827495E+000  0.340178440513054E+000 -0.131028262406404E+000 -0.155188610551494E+003
  0.100000000000000E+001  0.310375558723510E+003  0.249475221464587E+000  0.191135902973312E+001  0.970526703469326E+000  0.366947706326650E+000 -0.131028262406404E+000 -0.155187779361755E+003
  0.100000000000000E+001  0.310373876001153E+003  0.695633635552224E+000  0.754989552298644E+000  0.951582878489737E+000  0.124214632712678E+000 -0.131028262406404E+000 -0.155186938000576E+003
  0.100000000000000E+001  0.310373475621877E+003  0.384402726105597E+000  0.511453823568416E+000  0.310199433530094E+000  0.295835738991815E+000 -0.131028262406404E+000 -0.155186737810938E+003
  0.100000000000000E+001  0.310372753082865E+003  0.662955438733462E+000  0.697117790119276E+000  0.442539110969678E+000  0.131536163205761E+000 -0.131028262406404E+000 -0.155186376541433E+003
  0.100000000000000E+001  0.310372411530429E+003  0.598267073655157E+000  0.554389165195861E+000  0.824530168436236E+000  0.150718388110544E+000 -0.131028262406404E+000 -0.155186205765215E+003
  0.100000000000000E+001  0.310370494875359E+003  0.722255017399381E+000  0.531621280778080E+000  0.855042298424574E+000  0.121056343463291E+000 -0.131028262406404E+000 -0.155185247437679E+003
  0.100000000000000E+001  0.310367977763945E+003  0.250137154359003E+000  0.110616028067794E+001  0.160500798444448E+000  0.400939217792897E+000 -0.131028262406404E+000 -0.155183988881973E+003
  0.100000000000000E+001  0.310367710196919E+003  0.339303385472827E+000  0.183687450254283E+001  0.350463647875958E+000  0.252582489647227E+000 -0.131028262406404E+000 -0.155183855098459E+003
  0.100000000000000E+001  0.310363251101236E+003  0.223541969472033E+000  0.199045469075384E+001  0.663988846142691E+000  0.426132218942848E+000 -0.131028262406404E+000 -0.155181625550618E+003
  0.100000000000000E+001  0.310362390168085E+003  0.704822159899256E+000  0.195370157577282E+001  0.857960376411077E+000  0.117007845502296E+000 -0.131028262406404E+000 -0.155181195084042E+003
  0.100000000000000E+001  0.310357913458055E+003  0.501155665388819E+000  0.103404579294762E+001  0.561813659978893E+000  0.170921963399958E+000 -0.131028262406404E+000 -0.155178956729027E+003
  0.100000000000000E+001  0.310352338045014E+003  0.313716047785330E+000  0.110686406601624E+001  0.206786822399045E-001  0.290696925023399E+000 -0.131028262406404E+000 -0.155176169022507E+003
  0.100000000000000E+001  0.310351659120557E+003  0.405068749559947E+000  0.177720247874020E+001  0.556078761518980E-001  0.204968602237225E+000 -0.131028262406404E+000 -0.155175829560278E+003
  0.100000000000000E+001  0.310351034289550E+003  0.368079621250560E+000  0.511358454020361E+000  0.845785100908206E-001  0.310723968872937E+000 -0.131028262406404E+000 -0.155175517144775E+003
  0.100000000000000E+001  0.310350974809755E+003  0.197938765150912E+000  0.186359554298906E+001  0.264277948502907E+000  0.486838351257895E+000 -0.131028262406404E+000 -0.155175487404878E+003
  0.100000000000000E+001  0.310350365329376E+003  0.223523490886355E+000  0.152226462940894E+001  0.546813338240015E+000  0.405242535303382E+000 -0.131028262406404E+000 -0.155175182664688E+003
  0.100000000000000E+001  0.310349813999001E+003  0.590301753778751E+000  0.127601582992047E+001  0.266555668527951E-001  0.139718019860482E+000 -0.131028262406404E+000 -0.155174906999501E+003
  0.100000000000000E+001  0.310346714554116E+003  0.661143942901180E+000  0.156792975350033E+001  0.157820284615929E+000  0.122908789269998E+000 -0.131028262406404E+000 -0.155173357277058E+003
  0.100000000000000E+001  0.310346161438112E+003  0.290610715379928E+000  0.103332948720556E+001  0.200017160309113E+000  0.326533790850074E+000 -0.131028262406404E+000 -0.155173080719056E+003
  0.100000000000000E+001  0.310344697583880E+003  0.452152770748141E+000  0.117703782903408E+001  0.416197854182283E+000  0.186027069845503E+000 -0.131028262406404E+000 -0.155172348791940E+003
  0.100000000000000E+001  0.310343997744487E+003  0.210105369399487E+000  0.130858909134966E+001  0.961651146850926E+000  0.455242257345683E+000 -0.131028262406404E+000 -0.155171998872243E+003
  0.100000000000000E+001  0.310340343198410E+003  0.421431524463456E+000  0.574105983930058E+000  0.345530096833573E+000  0.229366416519611E+000 -0.131028262406404E+000 -0.155170171599205E+003
  0.100000000000000E+001  0.310339821523884E+003  0.211092433933807E+000  0.182905529220372E+001  0.784918784162906E+000  0.432113049237071E+000 -0.131028262406404E+000 -0.155169910761942E+003
  0.100000000000000E+001  0.310337347397563E+003  0.555333611242105E+000  0.716761590532171E+000  0.968632980553589E-001  0.154477658237275E+000 -0.131028262406404E+000 -0.155168673698781E+003
  0.100000000000000E+001  0.310337164509809E+003  0.680918339003031E+000  0.199396344669692E+001  0.394041976523226E-001  0.118240947664004E+000 -0.131028262406404E+000 -0.155168582254904E+003
  0.100000000000000E+001  0.310336477494350E+003  0.388210536120118E+000  0.148795502095547E+001  0.436663159327926E+000  0.212337019631333E+000 -0.131028262406404E+000 -0.155168238747175E+003
  0.100000000000000E+001  0.310335984017117E+003  0.303439311453019E+000  0.184607762981137E+001  0.348461525522010E+000  0.276262498721127E+000 -0.131028262406404E+000 -0.155167992008559E+003
  0.100000000000000E+001  0.310332314222524E+003  0.394174384941758E+000  0.534805152431555E+000  0.289969173954292E+000  0.257259865598503E+000 -0.131028262406404E+000 -0.155166157111262E+003
  0.100000000000000E+001  0.310332035443995E+003  0.232945665375730E+000  0.972192274902318E+000  0.973869443643204E+000  0.459087987279081E+000 -0.131028262406404E+000 -0.155166017721998E+003
  0.100000000000000E+001  0.310326790276958E+003  0.427239540690552E+000  0.104964702730377E+001  0.656575440510949E+000  0.197220545104133E+000 -0.131028262406404E+000 -0.155163395138479E+003
  0.100000000000000E+001  0.310325952923179E+003  0.361522450733692E+000  0.565095863285020E+000  0.601952149246011E+000  0.291774885167194E+000 -0.131028262406404E+000 -0.155162976461589E+003
  0.100000000000000E+001  0.310325853877243E+003  0.418837256812626E+000  0.194854024127946E+001  0.114910092919966E+000  0.193298787188451E+000 -0.131028262406404E+000 -0.155162926938622E+003
  0.100000000000000E+001  0.310324998284889E+003  0.253568330913911E+000  0.880046273713308E+000  0.120399480462584E+000  0.426374494277879E+000 -0.131028262406404E+000 -0.155162499142444E+003
  0.100000000000000E+001  0.310321979622427E+003  0.326999695634051E+000  0.193792879444683E+001  0.298112096790873E+000  0.251444096471751E+000 -0.131028262406404E+000 -0.155160989811214E+003
  0.100000000000000E+001  0.310318377134569E+003  0.302115490855200E+000  0.926930657122969E+000  0.687804987780883E+000  0.311277459986927E+000 -0.131028262406404E+000 -0.155159188567284E+003
  0.100000000000000E+001  0.310317063355391E+003  0.532976221146092E+000  0.558826928483366E+000  0.634740890536310E+000  0.162332788897831E+000 -0.131028262406404E+000 -0.155158531677696E+003
  0.100000000000000E+001  0.310316862451427E+003  0.213221660787064E+000  0.142549097786402E+001  0.329481789880639E-001  0.418334389431256E+000 -0.131028262406404E+000 -0.155158431225713E+003
  0.100000000000000E+001  0.310316702957400E+003  0.246157310126779E+000  0.168113377822710E+001  0.416675379463093E+000  0.342349682749879E+000 -0.131028262406404E+000 -0.155158351478700E+003
  0.100000000000000E+001  0.310315776070052E+003  0.427744564917637E+000  0.944561861550073E+000  0.597516193009038E+000  0.197565670650589E+000 -0.131028262406404E+000 -0.155157888035026E+003
  0.100000000000000E+001  0.310314037307163E+003  0.750632509919127E+000  0.102903228354529E+001  0.899430577662638E+000  0.105830232314773E+000 -0.131028262406404E+000 -0.155157018653581E+003
  0.100000000000000E+001  0.310313462342154E+003  0.268195566095032E+000  0.194248617962490E+001  0.373197580936449E+000  0.312349973742684E+000 -0.131028262406404E+000 -0.155156731171077E+003
  0.100000000000000E+001  0.310312998112637E+003  0.294450140189852E+000  0.100317506521184E+001  0.449378946235778E+000  0.310259535490433E+000 -0.131028262406404E+000 -0.155156499056319E+003
  0.100000000000000E+001  0.310311924014429E+003  0.679847869146258E+000  0.897211672957538E+000  0.548544738913860E+000  0.117991533429030E+000 -0.131028262406404E+000 -0.155155962007214E+003
  0.100000000000000E+001  0.310309015183677E+003  0.223311821814607E+000  0.147790166241980E+001  0.674146887787686E-001  0.387084017910317E+000 -0.131028262406404E+000 -0.155154507591839E+003
  0.100000000000000E+001  0.310302586305822E+003  0.373699898649413E+000  0.136649782742063E+001  0.970108717404963E+000  0.214901657508072E+000 -0.131028262406404E+000 -0.155151293152911E+003
  0.100000000000000E+001  0.310299102335858E+003  0.399266036344983E+000  0.728991392353559E+000  0.278475708661060E+000  0.221176310199370E+000 -0.131028262406404E+000 -0.155149551167929E+003
  0.100000000000000E+001  0.310294795821807E+003  0.267546143420886E+000  0.185093068344328E+001  0.324898025111671E+000  0.303763877557512E+000 -0.131028262406404E+000 -0.155147397910904E+003
  0.100000000000000E+001  0.310293605553862E+003  0.389929844262754E+000  0.727099215092611E+000  0.341211470491883E+000  0.226747885230687E+000 -0.131028262406404E+000 -0.155146802776931E+003
  0.100000000000000E+001  0.310293118522558E+003  0.316566688269094E+000  0.187177508876916E+001  0.440253375328857E+000  0.251145715934664E+000 -0.131028262406404E+000 -0.155146559261279E+003
  0.100000000000000E+001  0.310289803749589E+003  0.279081973192560E+000  0.108147847500260E+001  0.365206762227025E+000  0.313861408253819E+000 -0.131028262406404E+000 -0.155144901874794E+003
  0.100000000000000E+001  0.310286645634627E+003  0.560788277697778E+000  0.947417659657314E+000  0.405015641128284E+000  0.140628852961551E+000 -0.131028262406404E+000 -0.155143322817314E+003
  0.100000000000000E+001  0.310284268332418E+003  0.218280625089448E+000  0.962944968075198E+000  0.594911244279412E+000  0.474860141560755E+000 -0.131028262406404E+000 -0.155142134166209E+003
  0.100000000000000E+001  0.310283287442360E+003  0.247871826772116E+000  0.171891389488294E+001  0.447747177956374E+000  0.325712116022580E+000 -0.131028262406404E+000 -0.155141643721180E+003
  0.100000000000000E+001  0.310281521664972E+003  0.623815929104742E+000  0.155552270849631E+001  0.623333055053962E+000  0.121786781076272E+000 -0.131028262406404E+000 -0.155140760832486E+003
  0.100000000000000E+001  0.310280289745295E+003  0.497906051273643E+000  0.849897229327933E+000  0.757580624595862E+000  0.160903140402993E+000 -0.131028262406404E+000 -0.155140144872648E+003
  0.100000000000000E+001  0.310279725285773E+003  0.268963307940525E+000  0.111388345156607E+001  0.421188813177510E+000  0.321354930131909E+000 -0.131028262406404E+000 -0.155139862642887E+003
  0.100000000000000E+001  0.310278296536009E+003  0.571972555479923E+000  0.140700401534442E+001  0.854809548787433E+000  0.133081835639656E+000 -0.131028262406404E+000 -0.155139148268005E+003
  0.100000000000000E+001  0.310274436153718E+003  0.275672607476420E+000  0.175005006687241E+001  0.208159542739531E+000  0.285331583616478E+000 -0.131028262406404E+000 -0.155137218076859E+003
  0.100000000000000E+001  0.310273859647896E+003  0.349553370455124E+000  0.668781210856142E+000  0.787648276307939E+000  0.264080272061682E+000 -0.131028262406404E+000 -0.155136929823948E+003
  0.100000000000000E+001  0.310272298234002E+003  0.327911793211549E+000  0.135873564084640E+001  0.132235639484060E+000  0.239681000016258E+000 -0.131028262406404E+000 -0.155136149117001E+003
  0.100000000000000E+001  0.310272107271501E+003  0.374150997201322E+000  0.112895790344300E+001  0.867856899949350E+000  0.212577720947096E+000 -0.131028262406404E+000 -0.155136053635750E+003
  0.100000000000000E+001  0.310271057007717E+003  0.521782025268932E+000  0.170458732550437E+001  0.887982359947801E+000  0.144329273467733E+000 -0.131028262406404E+000 -0.155135528503859E+003
  0.100000000000000E+001  0.310270021717378E+003  0.454468106365662E+000  0.652388455943674E+000  0.574333685725105E+000  0.182942534528190E+000 -0.131028262406404E+000 -0.155135010858689E+003
  0.100000000000000E+001  0.310268409857308E+003  0.214872164625180E+000  0.182688782646548E+001  0.254124291854773E+000  0.381659914376064E+000 -0.131028262406404E+000 -0.155134204928654E+003
  0.100000000000000E+001  0.310265218404594E+003  0.222641720042881E+000  0.976434821285018E+000  0.592451394906644E+000  0.441113360053648E+000 -0.131028262406404E+000 -0.155132609202297E+003
  0.100000000000000E+001  0.310264649540470E+003  0.199899791081355E+000  0.116920043642484E+001  0.763069488607087E-001  0.459938985884348E+000 -0.131028262406404E+000 -0.155132324770235E+003
  0.100000000000000E+001  0.310264591948566E+003  0.380825854362790E+000  0.145178023461851E+001  0.637894715167689E+000  0.200304397855410E+000 -0.131028262406404E+000 -0.155132295974283E+003
  0.100000000000000E+001  0.310258164278527E+003  0.650394204327655E+000  0.103513288258419E+001  0.922435075026440E+000  0.115478292131278E+000 -0.131028262406404E+000 -0.155129082139264E+003
  0.100000000000000E+001  0.310256120137955E+003  0.311865218795180E+000  0.834061785126147E+000  0.319139356578826E+000  0.281972497912717E+000 -0.131028262406404E+000 -0.155128060068977E+003
  0.100000000000000E+001  0.310253099805496E+003  0.328493713298786E+000  0.178232475945644E+001  0.122341961801188E+000  0.229453195831447E+000 -0.131028262406404E+000 -0.155126549902748E+003
  0.100000000000000E+001  0.310252529065315E+003  0.286056271075579E+000  0.760695515193309E+000  0.500109248748849E-001  0.334905847167596E+000 -0.131028262406404E+000 -0.155126264532658E+003
  0.100000000000000E+001  0.310252349874717E+003  0.312700824008899E+000  0.561369890604937E+000  0.613468241888011E+000  0.339432072864394E+000 -0.131028262406404E+000 -0.155126174937358E+003
  0.100000000000000E+001  0.310251922365425E+003  0.464370743816218E+000  0.683401352914790E+000  0.398192871318697E+000  0.172684243908004E+000 -0.131028262406404E+000 -0.155125961182712E+003
  0.100000000000000E+001  0.310251829590378E+003  0.280490539285363E+000  0.673644980487847E+000  0.801551486101374E+000  0.377303170908995E+000 -0.131028262406404E+000 -0.155125914795189E+003
  0.100000000000000E+001  0.310249776405673E+003  0.200510213659179E+000  0.111528493920831E+001  0.503330955483434E+000  0.460057051217090E+000 -0.131028262406404E+000 -0.155124888202837E+003
  0.100000000000000E+001  0.310248927769290E+003  0.242490198620684E+000  0.967965101121632E+000  0.935983373852315E+000  0.378223293425185E+000 -0.131028262406404E+000 -0.155124463884645E+003
  0.100000000000000E+001  0.310248314712913E+003  0.621198862155795E+000  0.783827011001305E+000  0.855280835017441E+000  0.121718669369106E+000 -0.131028262406404E+000 -0.155124157356457E+003
  0.100000000000000E+001  0.310246976634136E+003  0.262370566224313E+000  0.938922744457978E+000  0.679690144268385E+000  0.340462303072082E+000 -0.131028262406404E+000 -0.155123488317068E+003
  0.100000000000000E+001  0.310246181441525E+003  0.460001997055226E+000  0.128167216919929E+001  0.929300420094993E+000  0.161907426329277E+000 -0.131028262406404E+000 -0.155123090720763E+003
  0.100000000000000E+001  0.310244443344396E+003  0.323889177539819E+000  0.137163189472483E+001  0.146830422154716E+000  0.234464578277492E+000 -0.131028262406404E+000 -0.155122221672198E+003
  0.100000000000000E+001  0.310244274898269E+003  0.407193744374836E+000  0.134767633150433E+001  0.966452119768906E+000  0.183165978811065E+000 -0.131028262406404E+000 -0.155122137449135E+003
  0.100000000000000E+001  0.310241850507288E+003  0.644511244200105E+000  0.155647853653014E+001  0.955724457876939E+000  0.112625100308016E+000 -0.131028262406404E+000 -0.155120925253644E+003
  0.100000000000000E+001  0.310237292736531E+003  0.290086445344544E+000  0.501354388389161E+000  0.418471518944565E+000  0.483473213125065E+000 -0.131028262406404E+000 -0.155118646368266E+003
  0.100000000000000E+001  0.310235413209838E+003  0.237751375393082E+000  0.190458407077408E+001  0.983800146955282E+000  0.324187651300654E+000 -0.131028262406404E+000 -0.155117706604919E+003
  0.100000000000000E+001  0.310233788055483E+003  0.253092378912616E+000  0.912878240981610E+000  0.318242044940407E+000  0.356837423169440E+000 -0.131028262406404E+000 -0.155116894027741E+003
  0.100000000000000E+001  0.310233402832946E+003  0.404594762012811E+000  0.174552505823513E+001  0.590708592136923E+000  0.179702400217651E+000 -0.131028262406404E+000 -0.155116701416473E+003
  0.100000000000000E+001  0.310229673422912E+003  0.266722691212762E+000  0.902046501445417E+000  0.568326543131514E+000  0.329054610371640E+000 -0.131028262406404E+000 -0.155114836711456E+003
  0.100000000000000E+001  0.310228890244615E+003  0.602912361716754E+000  0.135942091864220E+001  0.938118904888782E+000  0.119213178566844E+000 -0.131028262406404E+000 -0.155114445122307E+003
  0.100000000000000E+001  0.310228469301080E+003  0.696793371624687E+000  0.104596354844917E+001  0.911983301524834E+000  0.103677008042731E+000 -0.131028262406404E+000 -0.155114234650540E+003
  0.100000000000000E+001  0.310228224107698E+003  0.223003201493983E+000  0.139140871583296E+001  0.409185541557660E-001  0.352476624116344E+000 -0.131028262406404E+000 -0.155114112053849E+003
  0.100000000000000E+001  0.310226977870252E+003  0.568480555929001E+000  0.106762613596611E+001  0.843201018221754E+000  0.127989785238515E+000 -0.131028262406404E+000 -0.155113488935126E+003
  0.100000000000000E+001  0.310225424896295E+003  0.297230061395952E+000  0.724714370592342E+000  0.782675694477453E+000  0.305344723791146E+000 -0.131028262406404E+000 -0.155112712448148E+003
  0.100000000000000E+001  0.310223967579894E+003  0.405129847501252E+000  0.108322649263493E+001  0.651557801882458E+000  0.183875374529681E+000 -0.131028262406404E+000 -0.155111983789947E+003
  0.100000000000000E+001  0.310223775809394E+003  0.244983490179525E+000  0.125445941392309E+001  0.874339715708494E+000  0.321301822711937E+000 -0.131028262406404E+000 -0.155111887904697E+003
  0.100000000000000E+001  0.310223595205845E+003  0.514251306219153E+000  0.128908224998764E+001  0.325197707291424E+000  0.140032228209954E+000 -0.131028262406404E+000 -0.155111797602922E+003
  0.100000000000000E+001  0.310223218663310E+003  0.245224935164854E+000  0.189443111085803E+001  0.222597713840289E+000  0.307055146533450E+000 -0.131028262406404E+000 -0.155111609331655E+003
  0.100000000000000E+001  0.310222600809859E+003  0.198027612559452E+000  0.161242849204091E+001  0.498399849323159E+000  0.394050833379149E+000 -0.131028262406404E+000 -0.155111300404929E+003
  0.100000000000000E+001  0.310216191890039E+003  0.458659915175647E+000  0.599881646839875E+000  0.528622717774276E+000  0.169320272611079E+000 -0.131028262406404E+000 -0.155108095945019E+003
  0.100000000000000E+001  0.310215000586453E+003  0.320043301207781E+000  0.515821917081767E+000  0.149964904924997E+000  0.307949741997411E+000 -0.131028262406404E+000 -0.155107500293226E+003
  0.100000000000000E+001  0.310213753540576E+003  0.312260307787278E+000  0.163781605385853E+001  0.332431023672043E+000  0.230913620049949E+000 -0.131028262406404E+000 -0.155106876770288E+003
  0.100000000000000E+001  0.310213406875853E+003  0.311278136803106E+000  0.156595737959231E+001  0.503353675459245E+000  0.232176317563873E+000 -0.131028262406404E+000 -0.155106703437927E+003
  0.100000000000000E+001  0.310213065107692E+003  0.292745716049898E+000  0.592693939506494E+000  0.875923796052596E+000  0.343802941113846E+000 -0.131028262406404E+000 -0.155106532553846E+003
  0.100000000000000E+001  0.310212433259117E+003  0.226929795832368E+000  0.826063048622546E+000  0.677624470378389E+000  0.442698117345320E+000 -0.131028262406404E+000 -0.155106216629559E+003
  0.100000000000000E+001  0.310211962354498E+003  0.277234323476392E+000  0.185928936565536E+001  0.872075540773843E+000  0.262556446934544E+000 -0.131028262406404E+000 -0.155105981177249E+003
  0.100000000000000E+001  0.310211671806528E+003  0.475030234707565E+000  0.773290033828648E+000  0.145888905737170E+000  0.156912298368011E+000 -0.131028262406404E+000 -0.155105835903264E+003
  0.100000000000000E+001  0.310211508544738E+003  0.662015964334146E+000  0.876838869021120E+000  0.231144226999765E+000  0.107954100838025E+000 -0.131028262406404E+000 -0.155105754272369E+003
  0.100000000000000E+001  0.310210247459140E+003  0.346941825469886E+000  0.192263333452497E+001  0.319485125107350E+000  0.205897541732147E+000 -0.131028262406404E+000 -0.155105123729570E+003
  0.100000000000000E+001  0.310209567936380E+003  0.434858798528564E+000  0.151796311789242E+001  0.818488411103183E+000  0.162485024367647E+000 -0.131028262406404E+000 -0.155104783968190E+003
  0.100000000000000E+001  0.310207800136639E+003  0.334526983819228E+000  0.117074042529815E+001  0.822672854257505E+000  0.220838930653596E+000 -0.131028262406404E+000 -0.155103900068319E+003
  0.100000000000000E+001  0.310205301866671E+003  0.410568153835041E+000  0.833102511956496E+000  0.541883839089209E+000  0.182891416145189E+000 -0.131028262406404E+000 -0.155102650933336E+003
  0.100000000000000E+001  0.310203313360890E+003  0.279201033573460E+000  0.121272189560604E+001  0.344964953082271E+000  0.268850098727052E+000 -0.131028262406404E+000 -0.155101656680445E+003
  0.100000000000000E+001  0.310203242250957E+003  0.387441891936169E+000  0.108362072772483E+001  0.231520966999195E+000  0.188045951400301E+000 -0.131028262406404E+000 -0.155101621125479E+003
  0.100000000000000E+001  0.310202500697280E+003  0.173729493559234E+000  0.197307867998675E+001  0.337373701450503E+000  0.477865497873884E+000 -0.131028262406404E+000 -0.155101250348640E+003
  0.100000000000000E+001  0.310200908798811E+003  0.325784545949032E+000  0.102603446565581E+001  0.629503515943167E+000  0.231288246842427E+000 -0.131028262406404E+000 -0.155100454399406E+003
  0.100000000000000E+001  0.310200190214535E+003  0.230155367303885E+000  0.116664174109587E+001  0.463782643745672E+000  0.344012270625379E+000 -0.131028262406404E+000 -0.155100095107268E+003
  0.100000000000000E+001  0.310200104354002E+003  0.591169831320776E+000  0.760877949216202E+000  0.954969414691187E+000  0.121034983950351E+000 -0.131028262406404E+000 -0.155100052177001E+003
  0.100000000000000E+001  0.310197302694617E+003  0.168143144099259E+000  0.161076714290389E+001  0.840182836374294E+000  0.469753589451303E+000 -0.131028262406404E+000 -0.155098651347308E+003
  0.100000000000000E+001  0.310195979581766E+003  0.623457745553501E+000  0.107125899594508E+001  0.695146672428678E+000  0.111701567714548E+000 -0.131028262406404E+000 -0.155097989790883E+003
  0.100000000000000E+001  0.310194150507506E+003  0.291825120673350E+000  0.197353152699374E+001  0.284147407582850E-001  0.243753322316385E+000 -0.131028262406404E+000 -0.155097075253753E+003
  0.100000000000000E+001  0.310192676924699E+003  0.405206408906821E+000  0.141330949574164E+001  0.639612424293621E+000  0.171940709918036E+000 -0.131028262406404E+000 -0.155096338462349E+003
  0.100000000000000E+001  0.310191038273319E+003  0.299732832390706E+000  0.821355448359106E+000  0.355703261514819E+000  0.269384004870317E+000 -0.131028262406404E+000 -0.155095519136659E+003
  0.100000000000000E+001  0.310190818871021E+003  0.399014385652380E+000  0.576590033593736E+000  0.741597779036213E+000  0.196217054852136E+000 -0.131028262406404E+000 -0.155095409435510E+003
  0.100000000000000E+001  0.310190612369089E+003  0.199289705975179E+000  0.143548777632933E+001  0.284993131632086E+000  0.380023224164565E+000 -0.131028262406404E+000 -0.155095306184544E+003
  0.100000000000000E+001  0.310190180008789E+003  0.179732714954842E+000  0.166956503852888E+001  0.895918021558950E+000  0.423714779240039E+000 -0.131028262406404E+000 -0.155095090004394E+003
  0.100000000000000E+001  0.310189879664624E+003  0.406819386292451E+000  0.181290041725210E+001  0.114527420552960E+000  0.169288408154912E+000 -0.131028262406404E+000 -0.155094939832312E+003
  0.100000000000000E+001  0.310188848713173E+003  0.182190128440455E+000  0.181612556000157E+001  0.542567358282275E+000  0.418717882186874E+000 -0.131028262406404E+000 -0.155094424356586E+003
  0.100000000000000E+001  0.310187572074545E+003  0.189646862322853E+000  0.118547094398908E+001  0.850731583630556E+000  0.433947229308445E+000 -0.131028262406404E+000 -0.155093786037273E+003
  0.100000000000000E+001  0.310187415458943E+003  0.664470807162741E+000  0.157344281677925E+001  0.718474205035534E+000  0.102208420104014E+000 -0.131028262406404E+000 -0.155093707729471E+003
  0.100000000000000E+001  0.310186041026019E+003  0.264421737959146E+000  0.110454071689209E+001  0.720129260130742E+000  0.287042337324557E+000 -0.131028262406404E+000 -0.155093020513010E+003
  0.100000000000000E+001  0.310183234822356E+003  0.335727257878384E+000  0.163202508689171E+001  0.261923584711224E+000  0.205416017994029E+000 -0.131028262406404E+000 -0.155091617411178E+003
  0.100000000000000E+001  0.310176056429236E+003  0.232960229996058E+000  0.102445930228277E+001  0.152636869533113E+000  0.343670992262073E+000 -0.131028262406404E+000 -0.155088028214618E+003
  0.100000000000000E+001  0.310171787377030E+003  0.176769576088711E+000  0.139331305680368E+001  0.442754161818250E+000  0.433503542846329E+000 -0.131028262406404E+000 -0.155085893688515E+003
  0.100000000000000E+001  0.310170681905053E+003  0.513711495109651E+000  0.147530683621355E+001  0.159787432897144E+000  0.130284585081615E+000 -0.131028262406404E+000 -0.155085340952526E+003
  0.100000000000000E+001  0.310169608380728E+003  0.499956742804118E+000  0.131269786291682E+001  0.292943304213151E-001  0.134487891421947E+000 -0.131028262406404E+000 -0.155084804190364E+003
  0.100000000000000E+001  0.310168679550696E+003  0.364763776714750E+000  0.131334975871494E+001  0.129474007631694E+000  0.187406441067498E+000 -0.131028262406404E+000 -0.155084339775348E+003
  0.100000000000000E+001  0.310168161279800E+003  0.299542751880766E+000  0.892888189004930E+000  0.405745819685014E+000  0.252765024702920E+000 -0.131028262406404E+000 -0.155084080639900E+003
  0.100000000000000E+001  0.310166465507042E+003  0.265465959344982E+000  0.109912718517485E+001  0.626526722037998E+000  0.277394294565657E+000 -0.131028262406404E+000 -0.155083232753521E+003
  0.100000000000000E+001  0.310165747921653E+003  0.199210712604911E+000  0.142392563313081E+001  0.307980715994306E+000  0.366496332779202E+000 -0.131028262406404E+000 -0.155082873960827E+003
  0.100000000000000E+001  0.310165073942234E+003  0.272641997625487E+000  0.106060923737719E+001  0.928411320139949E+000  0.270419948280980E+000 -0.131028262406404E+000 -0.155082536971117E+003
  0.100000000000000E+001  0.310163768459168E+003  0.293089948778505E+000  0.194789947687183E+001  0.460799491882629E+000  0.232205205292060E+000 -0.131028262406404E+000 -0.155081884229584E+003
  0.100000000000000E+001  0.310163227721840E+003  0.464288133716462E+000  0.131680773603863E+001  0.387969815493162E+000  0.144020222545865E+000 -0.131028262406404E+000 -0.155081613860920E+003
  0.100000000000000E+001  0.310160120568330E+003  0.474869241767433E+000  0.168938905348724E+001  0.185593988151947E+000  0.138819811561814E+000 -0.131028262406404E+000 -0.155080060284165E+003
  0.100000000000000E+001  0.310157947278848E+003  0.416059552124638E+000  0.124886994405785E+001  0.925959950849670E+000  0.161121561576749E+000 -0.131028262406404E+000 -0.155078973639424E+003
  0.100000000000000E+001  0.310157484140817E+003  0.453653593258212E+000  0.166289163149072E+001  0.758157585707022E+000  0.145006824018281E+000 -0.131028262406404E+000 -0.155078742070409E+003
  0.100000000000000E+001  0.310156845729410E+003  0.355324304863141E+000  0.116967095937633E+001  0.239873793289056E+000  0.192198416831442E+000 -0.131028262406404E+000 -0.155078422864705E+003
  0.100000000000000E+001  0.310155797527782E+003  0.311578686450580E+000  0.681574346642752E+000  0.922524133806134E-001  0.253265437484541E+000 -0.131028262406404E+000 -0.155077898763891E+003
  0.100000000000000E+001  0.310155736692485E+003  0.416623477286377E+000  0.134540174168411E+001  0.535257340093222E+000  0.159496502356479E+000 -0.131028262406404E+000 -0.155077868346243E+003
  0.100000000000000E+001  0.310155652868804E+003  0.499403680778686E+000  0.120552596589753E+001  0.871188820723310E+000  0.132766158937046E+000 -0.131028262406404E+000 -0.155077826434402E+003
  0.100000000000000E+001  0.310154639328700E+003  0.302834113592705E+000  0.135786520098634E+001  0.457295995647720E+000  0.224124983880954E+000 -0.131028262406404E+000 -0.155077319664350E+003
  0.100000000000000E+001  0.310152731691076E+003  0.260667742708962E+000  0.529950053883647E+000  0.924058008867374E+000  0.446462833748673E+000 -0.131028262406404E+000 -0.155076365845538E+003
  0.100000000000000E+001  0.310150800995557E+003  0.425917820742617E+000  0.191637061462218E+001  0.233371300562763E+000  0.153500027612919E+000 -0.131028262406404E+000 -0.155075400497779E+003
  0.100000000000000E+001  0.310149872015158E+003  0.531383717810012E+000  0.630719420590834E+000  0.886623578383286E+000  0.128468624480479E+000 -0.131028262406404E+000 -0.155074936007579E+003
  0.100000000000000E+001  0.310146357312928E+003  0.310742862799133E+000  0.102871105619599E+001  0.991027764136332E+000  0.225289400431409E+000 -0.131028262406404E+000 -0.155073178656464E+003
  0.100000000000000E+001  0.310142930462945E+003  0.269283843985791E+000  0.113631834415184E+001  0.113210618854930E+000  0.260278842259117E+000 -0.131028262406404E+000 -0.155071465231472E+003
  0.100000000000000E+001  0.310142623646571E+003  0.597558115373930E+000  0.118961101070433E+001  0.278220188631833E+000  0.108272713265415E+000 -0.131028262406404E+000 -0.155071311823285E+003
  0.100000000000000E+001  0.310141794564894E+003  0.622781234778503E+000  0.658802428566992E+000  0.504374762051248E-001  0.106260228195207E+000 -0.131028262406404E+000 -0.155070897282447E+003
  0.100000000000000E+001  0.310141533910771E+003  0.578073524390794E+000  0.189551382721788E+001  0.375562400479131E+000  0.110825448791356E+000 -0.131028262406404E+000 -0.155070766955385E+003
  0.100000000000000E+001  0.310138798860238E+003  0.337009153957445E+000  0.102999954923386E+001  0.762421012319818E+000  0.202328622201890E+000 -0.131028262406404E+000 -0.155069399430119E+003
  0.100000000000000E+001  0.310132646463290E+003  0.169335695265092E+000  0.107544642185626E+001  0.702330891044163E+000  0.489714975715764E+000 -0.131028262406404E+000 -0.155066323231645E+003
  0.100000000000000E+001  0.310130534896089E+003  0.305447843151623E+000  0.630269386291510E+000  0.194709754025068E+000  0.254268578310140E+000 -0.131028262406404E+000 -0.155065267448044E+003
  0.100000000000000E+001  0.310129099809469E+003  0.281253273049798E+000  0.729053906495844E+000  0.604370239907211E+000  0.274620448838136E+000 -0.131028262406404E+000 -0.155064549904734E+003
  0.100000000000000E+001  0.310127375623542E+003  0.323831448087733E+000  0.192149975284326E+001  0.202715695773974E+000  0.197796236686675E+000 -0.131028262406404E+000 -0.155063687811771E+003
  0.100000000000000E+001  0.310126808822539E+003  0.284438714729803E+000  0.124896423105266E+001  0.218008717390438E-001  0.233505819072706E+000 -0.131028262406404E+000 -0.155063404411269E+003
  0.100000000000000E+001  0.310122871853880E+003  0.482024775839030E+000  0.171958263337738E+001  0.983894956157097E+000  0.129884743743838E+000 -0.131028262406404E+000 -0.155061435926940E+003
  0.100000000000000E+001  0.310122207246015E+003  0.250293272376042E+000  0.519113947544057E+000  0.505045451625350E+000  0.473602615983065E+000 -0.131028262406404E+000 -0.155061103623007E+003
  0.100000000000000E+001  0.310121969744134E+003  0.282476318272216E+000  0.168230198474844E+001  0.810004206620671E+000  0.226330408534267E+000 -0.131028262406404E+000 -0.155060984872067E+003
  0.100000000000000E+001  0.310120121958650E+003  0.383386368872049E+000  0.530240048048591E+000  0.343700428790882E+000  0.185300951966683E+000 -0.131028262406404E+000 -0.155060060979325E+003
  0.100000000000000E+001  0.310119833340303E+003  0.201719571217802E+000  0.196153590015760E+001  0.159110085498430E+000  0.332999657438170E+000 -0.131028262406404E+000 -0.155059916670151E+003
  0.100000000000000E+001  0.310119184613578E+003  0.241822316240098E+000  0.977614447276806E+000  0.794305668184012E+000  0.300168736466386E+000 -0.131028262406404E+000 -0.155059592306789E+003
  0.100000000000000E+001  0.310118383738301E+003  0.238668533225175E+000  0.121123616300666E+001  0.237108652074727E+000  0.284576676286605E+000 -0.131028262406404E+000 -0.155059191869151E+003
  0.100000000000000E+001  0.310118061892996E+003  0.235570496407528E+000  0.153493804795318E+001  0.885292428006799E+000  0.275990847334650E+000 -0.131028262406404E+000 -0.155059030946498E+003
  0.100000000000000E+001  0.310117293409036E+003  0.256132533067760E+000  0.511216508035398E+000  0.373201350280243E+000  0.423478269825720E+000 -0.131028262406404E+000 -0.155058646704518E+003
  0.100000000000000E+001  0.310117043935117E+003  0.254420327702787E+000  0.174047733765466E+001  0.446177684732122E+000  0.251402621283841E+000 -0.131028262406404E+000 -0.155058521967558E+003
  0.100000000000000E+001  0.310114430959650E+003  0.279189489611818E+000  0.863610033360842E+000  0.804153386109776E+000  0.254955915857181E+000 -0.131028262406404E+000 -0.155057215479825E+003
  0.100000000000000E+001  0.310113755618331E+003  0.505779804135080E+000  0.633777041098207E+000  0.376479879598373E+000  0.128499334293463E+000 -0.131028262406404E+000 -0.155056877809165E+003
  0.100000000000000E+001  0.310111928463687E+003  0.160067696985630E+000  0.155529111533575E+001  0.265196057265453E-001  0.432908916616233E+000 -0.131028262406404E+000 -0.155055964231844E+003
  0.100000000000000E+001  0.310110629141008E+003  0.450065945544034E+000  0.742634485417733E+000  0.387914805696316E-001  0.144288772086816E+000 -0.131028262406404E+000 -0.155055314570504E+003
  0.100000000000000E+001  0.310110472164570E+003  0.294492943680397E+000  0.107441092724155E+001  0.945789384696583E+000  0.224674029210651E+000 -0.131028262406404E+000 -0.155055236082285E+003
  0.100000000000000E+001  0.310109389187948E+003  0.226600195965299E+000  0.160915713419818E+001  0.931230930542877E+000  0.283076602191124E+000 -0.131028262406404E+000 -0.155054694593974E+003
  0.100000000000000E+001  0.310108276060904E+003  0.326348288355725E+000  0.143503400038346E+001  0.839221652495387E+000  0.191966495949567E+000 -0.131028262406404E+000 -0.155054138030452E+003
  0.100000000000000E+001  0.310107611374983E+003  0.370650283625805E+000  0.183183605813308E+001  0.364980576682258E+000  0.166510100161200E+000 -0.131028262406404E+000 -0.155053805687492E+003
  0.100000000000000E+001  0.310105772932532E+003  0.295117231490687E+000  0.759805362440004E+000  0.884920372554511E+000  0.240866819223018E+000 -0.131028262406404E+000 -0.155052886466266E+003
  0.100000000000000E+001  0.310105407188574E+003  0.523685996679761E+000  0.139818062996553E+001  0.350505547476826E-001  0.116929857932094E+000 -0.131028262406404E+000 -0.155052703594287E+003
  0.100000000000000E+001  0.310102942555257E+003  0.149587007380324E+000  0.197319373124426E+001  0.174401174390129E+000  0.492686097142122E+000 -0.131028262406404E+000 -0.155051471277629E+003
  0.100000000000000E+001  0.310101651991531E+003  0.409418282841084E+000  0.101367040596476E+001  0.937455239218302E+000  0.153744240047841E+000 -0.131028262406404E+000 -0.155050825995765E+003
  0.100000000000000E+001  0.310099570446435E+003  0.288953637854763E+000  0.733574769776722E+000  0.903029672216017E+000  0.247566054443603E+000 -0.131028262406404E+000 -0.155049785223217E+003
  0.100000000000000E+001  0.310099282178440E+003  0.295750604432800E+000  0.127557515129582E+001  0.946529208176762E-001  0.213382284732994E+000 -0.131028262406404E+000 -0.155049641089220E+003
  0.100000000000000E+001  0.310098369566936E+003  0.242651935423536E+000  0.189096291671263E+001  0.829118592279780E+000  0.258103406930055E+000 -0.131028262406404E+000 -0.155049184783468E+003
  0.100000000000000E+001  0.310097268835475E+003  0.166897361995070E+000  0.983556544803695E+000  0.547409638637022E+000  0.498510198941261E+000 -0.131028262406404E+000 -0.155048634417738E+003
  0.100000000000000E+001  0.310091813213126E+003  0.204423733959499E+000  0.131475673067291E+001  0.164611750788776E+000  0.320686491513473E+000 -0.131028262406404E+000 -0.155045906606563E+003
  0.100000000000000E+001  0.310083639160368E+003  0.237852767575236E+000  0.511442361341498E+000  0.467131419988798E+000  0.496910768681767E+000 -0.131028262406404E+000 -0.155041819580184E+003
  0.100000000000000E+001  0.310083554183323E+003  0.160294070412703E+000  0.102751148480226E+001  0.322316014056884E+000  0.496622432723172E+000 -0.131028262406404E+000 -0.155041777091661E+003
  0.100000000000000E+001  0.310081111270425E+003  0.210932496244116E+000  0.769169213231199E+000  0.311940830096498E+000  0.392258684731138E+000 -0.131028262406404E+000 -0.155040555635213E+003
  0.100000000000000E+001  0.310079433257827E+003  0.297316189038553E+000  0.574756854792261E+000  0.368693673242629E-001  0.243373492918390E+000 -0.131028262406404E+000 -0.155039716628913E+003
  0.100000000000000E+001  0.310077283890551E+003  0.192300475147109E+000  0.770179180423513E+000  0.917277234558413E+000  0.467770833118335E+000 -0.131028262406404E+000 -0.155038641945275E+003
  0.100000000000000E+001  0.310076555288281E+003  0.357761819114450E+000  0.183805866536785E+001  0.156871291454804E+000  0.164787544033735E+000 -0.131028262406404E+000 -0.155038277644140E+003
  0.100000000000000E+001  0.310075615070339E+003  0.155082316712889E+000  0.142454719236457E+001  0.890557374454258E+000  0.429455938515619E+000 -0.131028262406404E+000 -0.155037807535169E+003
  0.100000000000000E+001  0.310074590251903E+003  0.308518057024804E+000  0.109961040919162E+001  0.554234050028266E+000  0.199691007757351E+000 -0.131028262406404E+000 -0.155037295125952E+003
  0.100000000000000E+001  0.310073941575694E+003  0.469453729182157E+000  0.148869471023042E+001  0.777744520796405E+000  0.124495563654574E+000 -0.131028262406404E+000 -0.155036970787847E+003
  0.100000000000000E+001  0.310072060752127E+003  0.398672184455277E+000  0.979134377389383E+000  0.254352555822269E+000  0.151407389051765E+000 -0.131028262406404E+000 -0.155036030376064E+003
  0.100000000000000E+001  0.310070243716084E+003  0.326496262586277E+000  0.551435260316666E+000  0.237215980022948E+000  0.208571086057177E+000 -0.131028262406404E+000 -0.155035121858042E+003
  0.100000000000000E+001  0.310067600541247E+003  0.195203299895716E+000  0.939509499440496E+000  0.968370238359162E+000  0.375743604578422E+000 -0.131028262406404E+000 -0.155033800270623E+003
  0.100000000000000E+001  0.310065457642677E+003  0.170213499435159E+000  0.157047030110874E+001  0.961267722857553E+000  0.366975459739340E+000 -0.131028262406404E+000 -0.155032728821339E+003
  0.100000000000000E+001  0.310062670803722E+003  0.561202315906819E+000  0.575720602836397E+000  0.983913519274241E+000  0.105811089442001E+000 -0.131028262406404E+000 -0.155031335401861E+003
  0.100000000000000E+001  0.310059875209848E+003  0.201744842675303E+000  0.659233222252447E+000  0.918363624784861E+000  0.481944312331581E+000 -0.131028262406404E+000 -0.155029937604924E+003
  0.100000000000000E+001  0.310058926277191E+003  0.355570580880272E+000  0.121187883093063E+001  0.439138267041526E+000  0.164455984630620E+000 -0.131028262406404E+000 -0.155029463138595E+003
  0.100000000000000E+001  0.310058624913181E+003  0.223478226205829E+000  0.605109909487936E+000  0.936582737176719E+000  0.401792180512344E+000 -0.131028262406404E+000 -0.155029312456591E+003
  0.100000000000000E+001  0.310058618764270E+003  0.212267170205598E+000  0.920259265230861E+000  0.322313491611435E+000  0.327425953748502E+000 -0.131028262406404E+000 -0.155029309382135E+003
  0.100000000000000E+001  0.310053927826950E+003  0.381845651444301E+000  0.128727410634970E+001  0.637659430663473E-001  0.150469140135028E+000 -0.131028262406404E+000 -0.155026963913475E+003
  0.100000000000000E+001  0.310053830013244E+003  0.432362996614185E+000  0.163845652155149E+001  0.257183447810913E+000  0.130894013834282E+000 -0.131028262406404E+000 -0.155026915006622E+003
  0.100000000000000E+001  0.310053558475939E+003  0.153545365433020E+000  0.195853434176323E+001  0.539269562012413E+000  0.418142562982102E+000 -0.131028262406404E+000 -0.155026779237969E+003
  0.100000000000000E+001  0.310052580182081E+003  0.193907853645925E+000  0.196995270946043E+001  0.159946783653019E+000  0.309798062398867E+000 -0.131028262406404E+000 -0.155026290091041E+003
  0.100000000000000E+001  0.310039827102429E+003  0.184103153934544E+000  0.774250104564400E+000  0.954219345588630E+000  0.453035706870306E+000 -0.131028262406404E+000 -0.155019913551214E+003
  0.100000000000000E+001  0.310037370950825E+003  0.221520735111738E+000  0.196001225001120E+001  0.986443738213728E+000  0.258347312162544E+000 -0.131028262406404E+000 -0.155018685475412E+003
  0.100000000000000E+001  0.310036704707725E+003  0.463518841542786E+000  0.101892798525972E+001  0.190912733677507E+000  0.120915322522216E+000 -0.131028262406404E+000 -0.155018352353862E+003
  0.100000000000000E+001  0.310036537618420E+003  0.317743123702464E+000  0.139779193167861E+001  0.705841247870771E+000  0.176331962416810E+000 -0.131028262406404E+000 -0.155018268809210E+003
  0.100000000000000E+001  0.310035251128422E+003  0.202434699832051E+000  0.669225668070800E+000  0.978604112150441E+000  0.422944573395867E+000 -0.131028262406404E+000 -0.155017625564211E+003
  0.100000000000000E+001  0.310033129973567E+003  0.195226399892076E+000  0.164924853527251E+001  0.636098337662442E+000  0.293189396069883E+000 -0.131028262406404E+000 -0.155016564986783E+003
  0.100000000000000E+001  0.310031415887403E+003  0.435754999632878E+000  0.713368934289019E+000  0.202161172854100E+000  0.131087181227404E+000 -0.131028262406404E+000 -0.155015707943701E+003
  0.100000000000000E+001  0.310030391732939E+003  0.415193461214309E+000  0.157964013343276E+001  0.754862223141581E-001  0.131379355601850E+000 -0.131028262406404E+000 -0.155015195866470E+003
  0.100000000000000E+001  0.310030246472628E+003  0.357723523117337E+000  0.606812542605485E+000  0.209728960054274E+000  0.167392804847097E+000 -0.131028262406404E+000 -0.155015123236314E+003
  0.100000000000000E+001  0.310029528290634E+003  0.183608165287311E+000  0.182471236086283E+001  0.996770699659692E+000  0.312479749603404E+000 -0.131028262406404E+000 -0.155014764145317E+003
  0.100000000000000E+001  0.310027195051935E+003  0.209469771738989E+000  0.961570992700185E+000  0.428494592951852E+000  0.304661055967066E+000 -0.131028262406404E+000 -0.155013597525967E+003
  0.100000000000000E+001  0.310026979390574E+003  0.240354191191755E+000  0.729032160090460E+000  0.239939300777404E+000  0.277435098206793E+000 -0.131028262406404E+000 -0.155013489695287E+003
  0.100000000000000E+001  0.310025602889186E+003  0.356660243545576E+000  0.922169413007851E+000  0.182897995100377E+000  0.158864137638325E+000 -0.131028262406404E+000 -0.155012801444593E+003
  0.100000000000000E+001  0.310024305856435E+003  0.137721152390231E+000  0.182739719881287E+001  0.605285415460879E+000  0.444836199291495E+000 -0.131028262406404E+000 -0.155012152928217E+003
  0.100000000000000E+001  0.310019489133390E+003  0.329162300696347E+000  0.125081630803727E+001  0.141329991141046E+000  0.166385951547724E+000 -0.131028262406404E+000 -0.155009744566695E+003
  0.100000000000000E+001  0.310018189506128E+003  0.409254648663858E+000  0.111204252942220E+001  0.432721390926913E+000  0.132852259542193E+000 -0.131028262406404E+000 -0.155009094753064E+003
  0.100000000000000E+001  0.310017774842103E+003  0.196622008166054E+000  0.168630182014440E+001  0.952578454786993E+000  0.282338711549741E+000 -0.131028262406404E+000 -0.155008887421051E+003
  0.100000000000000E+001  0.310017674275686E+003  0.219972120274297E+000  0.578778854141054E+000  0.883986867348686E+000  0.368761460553107E+000 -0.131028262406404E+000 -0.155008837137843E+003
  0.100000000000000E+001  0.310014611171611E+003  0.175710657005294E+000  0.983199463109584E+000  0.116131819502124E+000  0.377738946893706E+000 -0.131028262406404E+000 -0.155007305585806E+003
  0.100000000000000E+001  0.310013749008743E+003  0.212457031247023E+000  0.144937909750544E+001  0.420047086316664E+000  0.260796963861120E+000 -0.131028262406404E+000 -0.155006874504371E+003
  0.100000000000000E+001  0.310013119534979E+003  0.136841877921884E+000  0.170198462311221E+001  0.931434641827366E+000  0.432463440318018E+000 -0.131028262406404E+000 -0.155006559767490E+003
  0.100000000000000E+001  0.310012674537702E+003  0.340254530177660E+000  0.147813832579254E+001  0.865841411964432E+000  0.156852652114254E+000 -0.131028262406404E+000 -0.155006337268851E+003
  0.100000000000000E+001  0.310011848247066E+003  0.250593367907493E+000  0.529984664952831E+000  0.565938607844468E+000  0.281630398409883E+000 -0.131028262406404E+000 -0.155005924123533E+003
  0.100000000000000E+001  0.310010472944627E+003  0.296486563236858E+000  0.156278695910583E+001  0.574297519800531E+000  0.179862522288592E+000 -0.131028262406404E+000 -0.155005236472314E+003
  0.100000000000000E+001  0.310010438575404E+003  0.462041151263559E+000  0.139828688159434E+001  0.441915289503363E+000  0.114208357874456E+000 -0.131028262406404E+000 -0.155005219287702E+003
  0.100000000000000E+001  0.310007558455124E+003  0.353193044998243E+000  0.693493557331304E+000  0.728344666653083E+000  0.159926442414939E+000 -0.131028262406404E+000 -0.155003779227562E+003
  0.100000000000000E+001  0.310006277437912E+003  0.298205440176934E+000  0.190087839881406E+001  0.859565470925459E+000  0.177122662690513E+000 -0.131028262406404E+000 -0.155003138718956E+003
  0.100000000000000E+001  0.310004156774141E+003  0.337569719868102E+000  0.152649746343809E+001  0.970708455150448E+000  0.155517383799700E+000 -0.131028262406404E+000 -0.155002078387071E+003
  0.100000000000000E+001  0.310003965392137E+003  0.286830092826550E+000  0.163509795649204E+001  0.936431567734952E+000  0.183671264176419E+000 -0.131028262406404E+000 -0.155001982696069E+003
  0.100000000000000E+001  0.310000851468631E+003  0.496831576489536E+000  0.996611723261537E+000  0.440028666827802E+000  0.105596995236359E+000 -0.131028262406404E+000 -0.155000425734315E+003
  0.100000000000000E+001  0.310000577618350E+003  0.515240052762052E+000  0.854592594559778E+000  0.526342926260521E+000  0.102257217059526E+000 -0.131028262406404E+000 -0.155000288809175E+003
  0.100000000000000E+001  0.309999198896830E+003  0.446801487333163E+000  0.133866804471923E+001  0.900296565643345E+000  0.116052283627443E+000 -0.131028262406404E+000 -0.154999599448415E+003
  0.100000000000000E+001  0.309998617875288E+003  0.192415511611082E+000  0.189554164996960E+001  0.631796180424696E+000  0.279828183258324E+000 -0.131028262406404E+000 -0.154999308937644E+003
  0.100000000000000E+001  0.309997252202599E+003  0.452090378873273E+000  0.143261362025674E+001  0.900459946235131E+000  0.113984017459132E+000 -0.131028262406404E+000 -0.154998626101299E+003
  0.100000000000000E+001  0.309997159475379E+003  0.411286934227868E+000  0.190514902421238E+001  0.104753234675848E+000  0.125091201742340E+000 -0.131028262406404E+000 -0.154998579737689E+003
  0.100000000000000E+001  0.309994633535116E+003  0.300256960434430E+000  0.169697053205334E+001  0.249153637043672E-001  0.171989245664147E+000 -0.131028262406404E+000 -0.154997316767558E+003
  0.100000000000000E+001  0.309993812271869E+003  0.291552386904743E+000  0.543309160632208E+000  0.119416789515461E-001  0.205943426767650E+000 -0.131028262406404E+000 -0.154996906135934E+003
  0.100000000000000E+001  0.309993619108924E+003  0.158745034256686E+000  0.183911156187095E+001  0.799885509791078E+000  0.345236283885942E+000 -0.131028262406404E+000 -0.154996809554462E+003
  0.100000000000000E+001  0.309991670310313E+003  0.460193951401508E+000  0.182728443748279E+001  0.126382468143723E+000  0.110419510706413E+000 -0.131028262406404E+000 -0.154995835155156E+003
  0.100000000000000E+001  0.309991135544593E+003  0.401889673613390E+000  0.517774495674970E+000  0.458948851188795E+000  0.135944321097688E+000 -0.131028262406404E+000 -0.154995567772296E+003
  0.100000000000000E+001  0.309990972163707E+003  0.357250878009734E+000  0.513467960417694E+000  0.279897139293008E-001  0.156941204626190E+000 -0.131028262406404E+000 -0.154995486081854E+003
  0.100000000000000E+001  0.309989292003154E+003  0.512644628596397E+000  0.579641045850370E+000  0.119926720485825E+000  0.102244140183622E+000 -0.131028262406404E+000 -0.154994646001577E+003
  0.100000000000000E+001  0.309986944606024E+003  0.373994505293109E+000  0.142353724150938E+001  0.284905364465944E+000  0.135958300170809E+000 -0.131028262406404E+000 -0.154993472303012E+003
  0.100000000000000E+001  0.309983614744748E+003  0.370485630388754E+000  0.875597123932814E+000  0.100928301226522E+000  0.141103732896177E+000 -0.131028262406404E+000 -0.154991807372374E+003
  0.100000000000000E+001  0.309978340533603E+003  0.426041841482663E+000  0.101381221226470E+001  0.628878690897580E+000  0.118885333752585E+000 -0.131028262406404E+000 -0.154989170266802E+003
  0.100000000000000E+001  0.309977141574639E+003  0.279355739401263E+000  0.119322389852398E+001  0.771625749090635E+000  0.184247323641270E+000 -0.131028262406404E+000 -0.154988570787320E+003
  0.100000000000000E+001  0.309973528147573E+003  0.136040877996869E+000  0.199389194783670E+001  0.438010528239426E-001  0.411741207919225E+000 -0.131028262406404E+000 -0.154986764073786E+003
  0.100000000000000E+001  0.309973352386818E+003  0.178867015160922E+000  0.107184728295659E+001  0.980436954312270E+000  0.318529341681633E+000 -0.131028262406404E+000 -0.154986676193409E+003
  0.100000000000000E+001  0.309972524721774E+003  0.346095211655227E+000  0.729847299955576E+000  0.115016139075058E+000  0.151403865484610E+000 -0.131028262406404E+000 -0.154986262360887E+003
  0.100000000000000E+001  0.309970214576555E+003  0.204035050985379E+000  0.100942397967952E+001  0.617804605768693E+000  0.271488494627650E+000 -0.131028262406404E+000 -0.154985107288278E+003
  0.100000000000000E+001  0.309969801623679E+003  0.279939702797613E+000  0.966402967163543E+000  0.572768873777171E+000  0.186177393737612E+000 -0.131028262406404E+000 -0.154984900811839E+003
  0.100000000000000E+001  0.309969687187366E+003  0.422261390885779E+000  0.839887099576199E+000  0.723434461545520E+000  0.119267694065745E+000 -0.131028262406404E+000 -0.154984843593683E+003
  0.100000000000000E+001  0.309968098158355E+003  0.444749783591805E+000  0.965636168175927E+000  0.160088396215258E+000  0.111631270292097E+000 -0.131028262406404E+000 -0.154984049079178E+003
  0.100000000000000E+001  0.309968010468817E+003  0.155047398260135E+000  0.117616062254066E+001  0.979480275367291E+000  0.365701740531430E+000 -0.131028262406404E+000 -0.154984005234409E+003
  0.100000000000000E+001  0.309966180475629E+003  0.121447618278087E+000  0.133043221842219E+001  0.586405431493102E+000  0.477275071925852E+000 -0.131028262406404E+000 -0.154983090237814E+003
  0.100000000000000E+001  0.309964855489016E+003  0.197083575079980E+000  0.135486333894832E+001  0.985277149987667E-001  0.259956233990440E+000 -0.131028262406404E+000 -0.154982427744508E+003
  0.100000000000000E+001  0.309961076135375E+003  0.137280749187098E+000  0.115139870550239E+001  0.977793560563185E+000  0.428862479374971E+000 -0.131028262406404E+000 -0.154980538067687E+003
  0.100000000000000E+001  0.309959279516389E+003  0.155431103183267E+000  0.181499472331988E+001  0.685544538074520E+000  0.327614462861933E+000 -0.131028262406404E+000 -0.154979639758194E+003
  0.100000000000000E+001  0.309958749735445E+003  0.166423542247706E+000  0.127171137958235E+001  0.726984700555082E+000  0.317560545377863E+000 -0.131028262406404E+000 -0.154979374867722E+003
  0.100000000000000E+001  0.309956845895029E+003  0.147977565912707E+000  0.885682041247807E+000  0.471072454692653E+000  0.457887615664014E+000 -0.131028262406404E+000 -0.154978422947514E+003
  0.100000000000000E+001  0.309954568437012E+003  0.118598850418061E+000  0.178671647651513E+001  0.919356522996903E+000  0.457518936713931E+000 -0.131028262406404E+000 -0.154977284218506E+003
  0.100000000000000E+001  0.309953393263237E+003  0.171376097308953E+000  0.881750493196167E+000  0.661892235826101E+000  0.353532066322071E+000 -0.131028262406404E+000 -0.154976696631618E+003
  0.100000000000000E+001  0.309952265296533E+003  0.170900718786091E+000  0.148328957997276E+001  0.544968541969170E+000  0.292783663183113E+000 -0.131028262406404E+000 -0.154976132648266E+003
  0.100000000000000E+001  0.309943395084832E+003  0.140657549036742E+000  0.180610016250748E+001  0.397268035261209E+000  0.355493951532983E+000 -0.131028262406404E+000 -0.154971697542416E+003
  0.100000000000000E+001  0.309943247051397E+003  0.185708731824385E+000  0.923510638285815E+000  0.242398293442579E+000  0.296850664732849E+000 -0.131028262406404E+000 -0.154971623525698E+003
  0.100000000000000E+001  0.309941119877199E+003  0.143331520836356E+000  0.183664437185962E+001  0.344954318816907E-001  0.346157883950887E+000 -0.131028262406404E+000 -0.154970559938599E+003
  0.100000000000000E+001  0.309940638707415E+003  0.251967628887201E+000  0.825617231703580E+000  0.630370437051307E-001  0.202626146827246E+000 -0.131028262406404E+000 -0.154970319353707E+003
  0.100000000000000E+001  0.309940151896065E+003  0.151352867434983E+000  0.106358082944908E+001  0.707969414818830E-001  0.368737602400994E+000 -0.131028262406404E+000 -0.154970075948033E+003
  0.100000000000000E+001  0.309938485281171E+003  0.262538508563919E+000  0.548769135111507E+000  0.353633480953095E+000  0.205974467860989E+000 -0.131028262406404E+000 -0.154969242640585E+003
  0.100000000000000E+001  0.309936630737523E+003  0.234208148071356E+000  0.148656314755212E+001  0.342270724719891E-001  0.200158089981024E+000 -0.131028262406404E+000 -0.154968315368762E+003
  0.100000000000000E+001  0.309936329384070E+003  0.126736523429624E+000  0.997263597813094E+000  0.743925886103759E+000  0.497705931835614E+000 -0.131028262406404E+000 -0.154968164692035E+003
  0.100000000000000E+001  0.309935790403521E+003  0.115789792347830E+000  0.148943529495452E+001  0.859251661514669E+000  0.452166916551679E+000 -0.131028262406404E+000 -0.154967895201761E+003
  0.100000000000000E+001  0.309935064826904E+003  0.148946296884065E+000  0.823506293620788E+000  0.102165837773423E+000  0.449630541412560E+000 -0.131028262406404E+000 -0.154967532413452E+003
  0.100000000000000E+001  0.309934462944060E+003  0.257749263477463E+000  0.118270898857324E+001  0.530902486808522E+000  0.184044275943785E+000 -0.131028262406404E+000 -0.154967231472030E+003
  0.100000000000000E+001  0.309932863677313E+003  0.288727120390202E+000  0.749600360893019E+000  0.181109953032138E+000  0.170742129056905E+000 -0.131028262406404E+000 -0.154966431838657E+003
  0.100000000000000E+001  0.309930810063052E+003  0.188149707319208E+000  0.139851343820138E+001  0.461177645215514E+000  0.252596365072435E+000 -0.131028262406404E+000 -0.154965405031526E+003
  0.100000000000000E+001  0.309929517757610E+003  0.116774552162197E+000  0.149197662924189E+001  0.947113155028414E+000  0.439392887201683E+000 -0.131028262406404E+000 -0.154964758878805E+003
  0.100000000000000E+001  0.309927039463323E+003  0.324847896813949E+000  0.109669885163092E+001  0.778161497200678E+000  0.141912804047509E+000 -0.131028262406404E+000 -0.154963519731661E+003
  0.100000000000000E+001  0.309924892233215E+003  0.127858366138095E+000  0.113017303046880E+001  0.366136957591251E+000  0.433350436660595E+000 -0.131028262406404E+000 -0.154962446116608E+003
  0.100000000000000E+001  0.309918928275466E+003  0.211761407343893E+000  0.189001082973618E+001  0.989083990694474E+000  0.212847529885623E+000 -0.131028262406404E+000 -0.154959464137733E+003
  0.100000000000000E+001  0.309918737866793E+003  0.122425381178237E+000  0.197609736128254E+001  0.825782277657064E+000  0.407453898095854E+000 -0.131028262406404E+000 -0.154959368933397E+003
  0.100000000000000E+001  0.309918618846588E+003  0.237293106808361E+000  0.111729109484923E+001  0.535996794240455E+000  0.196028432894861E+000 -0.131028262406404E+000 -0.154959309423294E+003
  0.100000000000000E+001  0.309918471145397E+003  0.217570978981182E+000  0.105820671686732E+001  0.300761513657977E+000  0.218553038738313E+000 -0.131028262406404E+000 -0.154959235572699E+003
  0.100000000000000E+001  0.309917270690768E+003  0.261342264858909E+000  0.869694826672988E+000  0.167096244515558E+000  0.181333576367939E+000 -0.131028262406404E+000 -0.154958635345384E+003
  0.100000000000000E+001  0.309915984590186E+003  0.378678654875335E+000  0.193886751484966E+001  0.974845378719051E+000  0.115924442128497E+000 -0.131028262406404E+000 -0.154957992295093E+003
  0.100000000000000E+001  0.309915032532237E+003  0.321670131859855E+000  0.181340620151149E+001  0.431431902271851E+000  0.136511456403852E+000 -0.131028262406404E+000 -0.154957516266119E+003
  0.100000000000000E+001  0.309912708756885E+003  0.222109930010424E+000  0.662554836431338E+000  0.851001798067500E+000  0.233383500684693E+000 -0.131028262406404E+000 -0.154956354378443E+003
  0.100000000000000E+001  0.309910464614969E+003  0.339487302975167E+000  0.173243404671623E+001  0.610418921529903E+000  0.127914275825598E+000 -0.131028262406404E+000 -0.154955232307485E+003
  0.100000000000000E+001  0.309906071793107E+003  0.307821908164205E+000  0.175555712792344E+001  0.823573712439993E+000  0.139985882512458E+000 -0.131028262406404E+000 -0.154953035896553E+003
  0.100000000000000E+001  0.309904734464831E+003  0.143517064152327E+000  0.988812611401644E+000  0.827674837989150E+000  0.372951580668181E+000 -0.131028262406404E+000 -0.154952367232415E+003
  0.100000000000000E+001  0.309903229149384E+003  0.119615264534180E+000  0.124071791639582E+001  0.754712014064419E+000  0.423607849763109E+000 -0.131028262406404E+000 -0.154951614574692E+003
  0.100000000000000E+001  0.309902511688602E+003  0.194800498808597E+000  0.520684528237219E+000  0.841901081617228E+000  0.314621843336457E+000 -0.131028262406404E+000 -0.154951255844301E+003
  0.100000000000000E+001  0.309898298615589E+003  0.160701166582237E+000  0.159344908439219E+001  0.442294230796044E+000  0.273909830279348E+000 -0.131028262406404E+000 -0.154949149307795E+003
  0.100000000000000E+001  0.309898051170914E+003  0.110823412010274E+000  0.114885479469416E+001  0.626058424627142E+000  0.484273020049960E+000 -0.131028262406404E+000 -0.154949025585457E+003
  0.100000000000000E+001  0.309897331094786E+003  0.121168278832910E+000  0.122164240322862E+001  0.847077654955006E+000  0.412185661960513E+000 -0.131028262406404E+000 -0.154948665547393E+003
  0.100000000000000E+001  0.309897305143955E+003  0.153811886416739E+000  0.718495073898346E+000  0.177253513402034E+000  0.411360002786916E+000 -0.131028262406404E+000 -0.154948652571977E+003
  0.100000000000000E+001  0.309897231773813E+003  0.147905299804166E+000  0.178072726392686E+001  0.181163604669145E-002  0.298477276266955E+000 -0.131028262406404E+000 -0.154948615886907E+003
  0.100000000000000E+001  0.309895776022841E+003  0.227111779593519E+000  0.723335459081450E+000  0.234567234804790E-001  0.210442191900000E+000 -0.131028262406404E+000 -0.154947888011420E+003
  0.100000000000000E+001  0.309895664658225E+003  0.116331805182347E+000  0.199408055316139E+001  0.342694465957087E+000  0.409362484242571E+000 -0.131028262406404E+000 -0.154947832329112E+003
  0.100000000000000E+001  0.309893334346827E+003  0.203980550686826E+000  0.104209847880972E+001  0.686167200987782E+000  0.221746298007326E+000 -0.131028262406404E+000 -0.154946667173413E+003
  0.100000000000000E+001  0.309892956803619E+003  0.381577072826481E+000  0.805990823830463E+000  0.466951253226057E+000  0.112489015035428E+000 -0.131028262406404E+000 -0.154946478401810E+003
  0.100000000000000E+001  0.309889627673616E+003  0.157679872999463E+000  0.116933273358432E+001  0.178533610963858E+000  0.291557768588514E+000 -0.131028262406404E+000 -0.154944813836808E+003
  0.100000000000000E+001  0.309889616422098E+003  0.271553211947182E+000  0.131862166577192E+001  0.768954240926873E+000  0.155231100481843E+000 -0.131028262406404E+000 -0.154944808211049E+003
  0.100000000000000E+001  0.309885941239987E+003  0.134103395784805E+000  0.888532999911266E+000  0.917063501998393E+000  0.419898606379518E+000 -0.131028262406404E+000 -0.154942970619993E+003
  0.100000000000000E+001  0.309884860337377E+003  0.200172056041688E+000  0.118215990476939E+001  0.535399795615241E+000  0.216478962745895E+000 -0.131028262406404E+000 -0.154942430168688E+003
  0.100000000000000E+001  0.309883974552040E+003  0.218799266826632E+000  0.657545287991271E+000  0.387306262636443E+000  0.217961718548295E+000 -0.131028262406404E+000 -0.154941987276020E+003
  0.100000000000000E+001  0.309882266784469E+003  0.270501053555976E+000  0.112544619640497E+001  0.999048907497073E+000  0.155114295221589E+000 -0.131028262406404E+000 -0.154941133392235E+003
  0.100000000000000E+001  0.309881964617902E+003  0.369037190359841E+000  0.196791820829793E+001  0.665006122151206E+000  0.110174494394292E+000 -0.131028262406404E+000 -0.154940982308951E+003
  0.100000000000000E+001  0.309881100973034E+003  0.145915040729315E+000  0.856048658584629E+000  0.615086898018214E+000  0.366097872708471E+000 -0.131028262406404E+000 -0.154940550486517E+003
  0.100000000000000E+001  0.309880335639846E+003  0.184853107354334E+000  0.769498506322543E+000  0.300650540170085E-001  0.263250641378352E+000 -0.131028262406404E+000 -0.154940167819923E+003
  0.100000000000000E+001  0.309878823123311E+003  0.154595586821607E+000  0.178832025014052E+001  0.697502530466699E+000  0.270871135291712E+000 -0.131028262406404E+000 -0.154939411561656E+003
  0.100000000000000E+001  0.309877762853328E+003  0.166292614775516E+000  0.704504495853505E+000  0.270220993121345E+000  0.323824751544062E+000 -0.131028262406404E+000 -0.154938881426664E+003
  0.100000000000000E+001  0.309876735985720E+003  0.355845837187792E+000  0.815630443638199E+000  0.194614677008429E-001  0.116402515496661E+000 -0.131028262406404E+000 -0.154938367992860E+003
  0.100000000000000E+001  0.309875542155599E+003  0.119550579662944E+000  0.117050703344743E+001  0.688872883089542E+000  0.400842125891226E+000 -0.131028262406404E+000 -0.154937771077799E+003
  0.100000000000000E+001  0.309875483601900E+003  0.236170239247280E+000  0.172368968263019E+001  0.365881050537289E+000  0.171146146032556E+000 -0.131028262406404E+000 -0.154937741800950E+003
  0.100000000000000E+001  0.309874100250187E+003  0.205031734039855E+000  0.994388101524199E+000  0.555308425157182E+000  0.210924591665073E+000 -0.131028262406404E+000 -0.154937050125093E+003
  0.100000000000000E+001  0.309872935560648E+003  0.184141809457743E+000  0.610766329589277E+000  0.188205764539202E+000  0.282164347751289E+000 -0.131028262406404E+000 -0.154936467780324E+003
  0.100000000000000E+001  0.309872775953550E+003  0.166772186336369E+000  0.195571549394254E+001  0.420296484392777E+000  0.246728155371682E+000 -0.131028262406404E+000 -0.154936387976775E+003
  0.100000000000000E+001  0.309871256405805E+003  0.108743956967468E+000  0.102147882164689E+001  0.574612375838152E+000  0.496726028608421E+000 -0.131028262406404E+000 -0.154935628202902E+003
  0.100000000000000E+001  0.309870231092429E+003  0.127837708519829E+000  0.845413401256937E+000  0.923616635476179E+000  0.448948139950100E+000 -0.131028262406404E+000 -0.154935115546215E+003
  0.100000000000000E+001  0.309869914110562E+003  0.301726905708236E+000  0.175412477593093E+001  0.154208679683361E+000  0.131212834158856E+000 -0.131028262406404E+000 -0.154934957055281E+003
  0.100000000000000E+001  0.309869845542661E+003  0.124757713308695E+000  0.939550042921712E+000  0.829849526140874E+000  0.425558739629249E+000 -0.131028262406404E+000 -0.154934922771331E+003
  0.100000000000000E+001  0.309869329944284E+003  0.138543748672347E+000  0.146528922397047E+001  0.430342621337278E+000  0.303581350042596E+000 -0.131028262406404E+000 -0.154934664972142E+003
  0.100000000000000E+001  0.309868977207329E+003  0.208903541339808E+000  0.651871592554345E+000  0.746538225413771E+000  0.221877884091987E+000 -0.131028262406404E+000 -0.154934488603664E+003
  0.100000000000000E+001  0.309867694558571E+003  0.145065739199561E+000  0.785389324374153E+000  0.828169510321176E+000  0.372411602693175E+000 -0.131028262406404E+000 -0.154933847279285E+003
  0.100000000000000E+001  0.309867355164531E+003  0.202371568418933E+000  0.109228306398027E+001  0.204907400814136E-001  0.206645792825471E+000 -0.131028262406404E+000 -0.154933677582265E+003
  0.100000000000000E+001  0.309867322451714E+003  0.222371995788235E+000  0.198663370686445E+001  0.307741869778957E+000  0.179051533361051E+000 -0.131028262406404E+000 -0.154933661225857E+003
  0.100000000000000E+001  0.309866788996250E+003  0.119940405960778E+000  0.903132210496526E+000  0.805476266364644E+000  0.465274427176285E+000 -0.131028262406404E+000 -0.154933394498125E+003
  0.100000000000000E+001  0.309866717935595E+003  0.121357004283198E+000  0.859715539816168E+000  0.892425585427112E+000  0.478792576680866E+000 -0.131028262406404E+000 -0.154933358967798E+003
  0.100000000000000E+001  0.309864798599848E+003  0.144421870056593E+000  0.104364467463842E+001  0.740512431592091E+000  0.315484347898930E+000 -0.131028262406404E+000 -0.154932399299924E+003
  0.100000000000000E+001  0.309864059044961E+003  0.192386186956321E+000  0.951633095200410E+000  0.681511692844490E+000  0.223260722877466E+000 -0.131028262406404E+000 -0.154932029522480E+003
  0.100000000000000E+001  0.309861847169082E+003  0.139401875528306E+000  0.125987237344341E+001  0.489181249723984E+000  0.305889118535272E+000 -0.131028262406404E+000 -0.154930923584541E+003
  0.100000000000000E+001  0.309861577873321E+003  0.218617968083392E+000  0.173046630726443E+001  0.899969133511823E+000  0.179023435429662E+000 -0.131028262406404E+000 -0.154930788936660E+003
  0.100000000000000E+001  0.309859838143814E+003  0.215385497025025E+000  0.179454130372067E+001  0.116669063788675E+000  0.180969743574277E+000 -0.131028262406404E+000 -0.154929919071907E+003
  0.100000000000000E+001  0.309858300769806E+003  0.175720896120377E+000  0.169266827595723E+001  0.839596818768891E+000  0.223452597157541E+000 -0.131028262406404E+000 -0.154929150384903E+003
  0.100000000000000E+001  0.309855731317487E+003  0.152524837646970E+000  0.585056532224620E+000  0.414067324505223E+000  0.421344454099764E+000 -0.131028262406404E+000 -0.154927865658744E+003
  0.100000000000000E+001  0.309854436886931E+003  0.241798702036722E+000  0.182764983815426E+001  0.921288768734468E+000  0.158310664592123E+000 -0.131028262406404E+000 -0.154927218443465E+003
  0.100000000000000E+001  0.309854116553971E+003  0.131282562594174E+000  0.797355355505530E+000  0.612291723209624E+000  0.418997685030893E+000 -0.131028262406404E+000 -0.154927058276986E+003
  0.100000000000000E+001  0.309853718327998E+003  0.117794661238754E+000  0.105727209781854E+001  0.943813201101406E-001  0.402511606551974E+000 -0.131028262406404E+000 -0.154926859163999E+003
  0.100000000000000E+001  0.309851718995561E+003  0.375922195145577E+000  0.183759590923048E+001  0.604046137163146E+000  0.100239105785721E+000 -0.131028262406404E+000 -0.154925859497780E+003
  0.100000000000000E+001  0.309848845983158E+003  0.136274700359385E+000  0.933950588070265E+000  0.319682880546454E+000  0.341680920695361E+000 -0.131028262406404E+000 -0.154924422991579E+003
  0.100000000000000E+001  0.309846793216433E+003  0.170451742397661E+000  0.870847481297150E+000  0.854452855846183E+000  0.252620500043099E+000 -0.131028262406404E+000 -0.154923396608217E+003
  0.100000000000000E+001  0.309844563712459E+003  0.238091020870240E+000  0.539045060410316E+000  0.900510958922394E+000  0.176097347813051E+000 -0.131028262406404E+000 -0.154922281856229E+003
  0.100000000000000E+001  0.309844562569458E+003  0.130707444163027E+000  0.190677442547571E+001  0.398861759794716E+000  0.298551885356906E+000 -0.131028262406404E+000 -0.154922281284729E+003
  0.100000000000000E+001  0.309843401927181E+003  0.100923154341055E+000  0.113564136800661E+001  0.638678091566911E+000  0.462840216796080E+000 -0.131028262406404E+000 -0.154921700963591E+003
  0.100000000000000E+001  0.309842608870537E+003  0.183818324813475E+000  0.554359374134071E+000  0.766266020071872E+000  0.256738904259591E+000 -0.131028262406404E+000 -0.154921304435268E+003
  0.100000000000000E+001  0.309842293954245E+003  0.122315410206040E+000  0.951495290407621E+000  0.423471552446214E+000  0.389639302755958E+000 -0.131028262406404E+000 -0.154921146977122E+003
  0.100000000000000E+001  0.309841126973422E+003  0.340441245667367E+000  0.197934368266627E+001  0.550616528608083E+000  0.107881255798609E+000 -0.131028262406404E+000 -0.154920563486711E+003
  0.100000000000000E+001  0.309837899783832E+003  0.122933976115439E+000  0.116578261621833E+001  0.864631957368553E+000  0.341002186917928E+000 -0.131028262406404E+000 -0.154918949891916E+003
  0.100000000000000E+001  0.309834913540322E+003  0.338373503580016E+000  0.820381092409789E+000  0.329268599212826E+000  0.109678535486554E+000 -0.131028262406404E+000 -0.154917456770161E+003
  0.100000000000000E+001  0.309834169740392E+003  0.299672807045056E+000  0.118888966361456E+001  0.456538321250866E+000  0.122006620917242E+000 -0.131028262406404E+000 -0.154917084870196E+003
  0.100000000000000E+001  0.309834032293513E+003  0.302755377212210E+000  0.153942378837520E+001  0.757846652564235E+000  0.119365839590361E+000 -0.131028262406404E+000 -0.154917016146757E+003
  0.100000000000000E+001  0.309832756864738E+003  0.188303459725169E+000  0.163483004352394E+001  0.585140165038841E+000  0.193832518924449E+000 -0.131028262406404E+000 -0.154916378432369E+003
  0.100000000000000E+001  0.309832475656236E+003  0.175812482313481E+000  0.696064596390518E+000  0.379370157900287E+000  0.245275451008942E+000 -0.131028262406404E+000 -0.154916237828118E+003
  0.100000000000000E+001  0.309831010607814E+003  0.135667736124533E+000  0.717811428611057E+000  0.427346306873568E-001  0.382015165429176E+000 -0.131028262406404E+000 -0.154915505303907E+003
  0.100000000000000E+001  0.309828900092496E+003  0.198096623952945E+000  0.130311763796903E+001  0.256051006781266E+000  0.185000298848489E+000 -0.131028262406404E+000 -0.154914450046248E+003
  0.100000000000000E+001  0.309828244399828E+003  0.117990613931073E+000  0.174589694211725E+001  0.474010020409328E+000  0.317463435172020E+000 -0.131028262406404E+000 -0.154914122199914E+003
  0.100000000000000E+001  0.309827075046857E+003  0.185300323174997E+000  0.958456991882870E+000  0.757454415489655E+000  0.207672713498331E+000 -0.131028262406404E+000 -0.154913537523429E+003
  0.100000000000000E+001  0.309826008447234E+003  0.127444678222387E+000  0.105051667696010E+001  0.263075105787111E+000  0.325521227922002E+000 -0.131028262406404E+000 -0.154913004223617E+003
  0.100000000000000E+001  0.309821088449477E+003  0.224799034069347E+000  0.962225786080209E+000  0.836419949650232E+000  0.162716964800991E+000 -0.131028262406404E+000 -0.154910544224739E+003
  0.100000000000000E+001  0.309818729070945E+003  0.123646765518570E+000  0.932452797986004E+000  0.367439136708842E+000  0.351129748230614E+000 -0.131028262406404E+000 -0.154909364535472E+003
  0.100000000000000E+001  0.309815549622331E+003  0.136322977039909E+000  0.560516124003634E+000  0.179212514313064E+000  0.486480191715239E+000 -0.131028262406404E+000 -0.154907774811165E+003
  0.100000000000000E+001  0.309814384044775E+003  0.166011163871997E+000  0.905304570222333E+000  0.600533659650014E+000  0.230560191907291E+000 -0.131028262406404E+000 -0.154907192022388E+003
  0.100000000000000E+001  0.309814274173126E+003  0.113449427327641E+000  0.802273202265650E+000  0.195624071695872E+000  0.452876755504937E+000 -0.131028262406404E+000 -0.154907137086563E+003
  0.100000000000000E+001  0.309813228520048E+003  0.220236406738073E+000  0.511070831289785E+000  0.289781400356332E+000  0.175591038787022E+000 -0.131028262406404E+000 -0.154906614260024E+003
  0.100000000000000E+001  0.309812526396980E+003  0.198043191701177E+000  0.526491032172272E+000  0.216855667092804E+000  0.202268747067405E+000 -0.131028262406404E+000 -0.154906263198490E+003
  0.100000000000000E+001  0.309811125934124E+003  0.111440872126111E+000  0.157793030864615E+001  0.328574761888570E+000  0.322784059662437E+000 -0.131028262406404E+000 -0.154905562967062E+003
  0.100000000000000E+001  0.309809992798490E+003  0.103588716642580E+000  0.869377327138287E+000  0.820972414713827E+000  0.482703054240416E+000 -0.131028262406404E+000 -0.154904996399245E+003
  0.100000000000000E+001  0.309809181101486E+003  0.223549762339956E+000  0.110193323204641E+001  0.461014199474090E+000  0.155482662426675E+000 -0.131028262406404E+000 -0.154904590550743E+003
  0.100000000000000E+001  0.309806436277081E+003  0.210434179324487E+000  0.151325085960482E+001  0.488460944257454E+000  0.160316251839458E+000 -0.131028262406404E+000 -0.154903218138540E+003
  0.100000000000000E+001  0.309806375337784E+003  0.203578032113309E+000  0.971669289619900E+000  0.119714558474748E+000  0.173336240885445E+000 -0.131028262406404E+000 -0.154903187668892E+003
  0.100000000000000E+001  0.309805304230208E+003  0.331609996283418E+000  0.161835062277026E+001  0.172662889057814E+000  0.100094056843130E+000 -0.131028262406404E+000 -0.154902652115104E+003
  0.100000000000000E+001  0.309804470560842E+003  0.157588186954998E+000  0.511151509098238E+000  0.233581361224317E+000  0.294172907104119E+000 -0.131028262406404E+000 -0.154902235280421E+003
  0.100000000000000E+001  0.309801376402685E+003  0.205264832023499E+000  0.151171077521266E+001  0.167309676608181E+000  0.161968537344677E+000 -0.131028262406404E+000 -0.154900688201343E+003
  0.100000000000000E+001  0.309800396512962E+003  0.173519313681960E+000  0.896286564596356E+000  0.164062390448929E+000  0.207632206150977E+000 -0.131028262406404E+000 -0.154900198256481E+003
  0.100000000000000E+001  0.309797400656203E+003  0.258398019610238E+000  0.111365598220314E+001  0.325506994012552E+000  0.128142633364101E+000 -0.131028262406404E+000 -0.154898700328102E+003
  0.100000000000000E+001  0.309792765175027E+003  0.118317860955485E+000  0.113259553348788E+001  0.227661802951283E+000  0.306671827541617E+000 -0.131028262406404E+000 -0.154896382587514E+003
  0.100000000000000E+001  0.309791972920721E+003  0.158757159905521E+000  0.663528733773593E+000  0.562446707415668E+000  0.243644692995099E+000 -0.131028262406404E+000 -0.154895986460361E+003
  0.100000000000000E+001  0.309791735105132E+003  0.106120901564108E+000  0.161832014230676E+001  0.182699288756379E+000  0.318348539148368E+000 -0.131028262406404E+000 -0.154895867552566E+003
  0.100000000000000E+001  0.309790022940493E+003  0.136225782973582E+000  0.505659960498899E+000  0.886093764607161E-001  0.426513108897204E+000 -0.131028262406404E+000 -0.154895011470247E+003
  0.100000000000000E+001  0.309789836446467E+003  0.286558156896277E+000  0.830767139135403E+000  0.851287322848103E+000  0.113914422179911E+000 -0.131028262406404E+000 -0.154894918223233E+003
  0.100000000000000E+001  0.309787803730375E+003  0.109835715000138E+000  0.724697629348131E+000  0.938593413439031E+000  0.465896364407028E+000 -0.131028262406404E+000 -0.154893901865188E+003
  0.100000000000000E+001  0.309787097260479E+003  0.194158758459774E+000  0.174119277520635E+001  0.141771108198382E+000  0.163120376112216E+000 -0.131028262406404E+000 -0.154893548630239E+003
  0.100000000000000E+001  0.309786638921385E+003  0.162916170064698E+000  0.134471582237452E+001  0.784801023928826E+000  0.199117158055979E+000 -0.131028262406404E+000 -0.154893319460693E+003
  0.100000000000000E+001  0.309781307427850E+003  0.179707085936648E+000  0.142837382336587E+001  0.520245972081520E+000  0.175040566906219E+000 -0.131028262406404E+000 -0.154890653713925E+003
  0.100000000000000E+001  0.309778793596181E+003  0.197016644954783E+000  0.113634302630622E+001  0.461050040481963E+000  0.160633531881875E+000 -0.131028262406404E+000 -0.154889396798091E+003
  0.100000000000000E+001  0.309777303548077E+003  0.119092421624727E+000  0.894191451174394E+000  0.978332312556806E+000  0.314097937545082E+000 -0.131028262406404E+000 -0.154888651774039E+003
  0.100000000000000E+001  0.309774867491894E+003  0.108832967927268E+000  0.149463413379179E+001  0.665141168016639E-001  0.293892793669660E+000 -0.131028262406404E+000 -0.154887433745947E+003
  0.100000000000000E+001  0.309774810798177E+003  0.135483082530896E+000  0.624129531156192E+000  0.239730338780783E+000  0.299413474428264E+000 -0.131028262406404E+000 -0.154887405399089E+003
  0.100000000000000E+001  0.309772131865886E+003  0.159788458562199E+000  0.555090653132123E+000  0.442002546001477E+000  0.229702187368912E+000 -0.131028262406404E+000 -0.154886065932943E+003
  0.100000000000000E+001  0.309771227852048E+003  0.243154751308217E+000  0.886731599745615E+000  0.772494864598996E+000  0.126991640792181E+000 -0.131028262406404E+000 -0.154885613926024E+003
  0.100000000000000E+001  0.309767390608632E+003  0.148728183497386E+000  0.154807635825651E+001  0.847837441590801E+000  0.202352301503224E+000 -0.131028262406404E+000 -0.154883695304316E+003
  0.100000000000000E+001  0.309764221461930E+003  0.230201462621768E+000  0.109248261615930E+001  0.622878107461331E+000  0.129432069332193E+000 -0.131028262406404E+000 -0.154882110730965E+003
  0.100000000000000E+001  0.309762178305209E+003  0.196810874358803E+000  0.190465915433562E+001  0.471705797665968E+000  0.147808926448810E+000 -0.131028262406404E+000 -0.154881089152604E+003
  0.100000000000000E+001  0.309762082331273E+003  0.245835080100931E+000  0.142198083703545E+001  0.424311672744758E-001  0.118285318786611E+000 -0.131028262406404E+000 -0.154881041165636E+003
  0.100000000000000E+001  0.309761272398449E+003  0.244886814880173E+000  0.126200317465694E+001  0.647154923157781E+000  0.119029658893668E+000 -0.131028262406404E+000 -0.154880636199224E+003
  0.100000000000000E+001  0.309760653340560E+003  0.166715056646718E+000  0.508279387346357E+000  0.788741850036193E+000  0.206411693995369E+000 -0.131028262406404E+000 -0.154880326670280E+003
  0.100000000000000E+001  0.309758902767970E+003  0.156495737246491E+000  0.575379069856792E+000  0.924278923963776E+000  0.219242230893734E+000 -0.131028262406404E+000 -0.154879451383985E+003
  0.100000000000000E+001  0.309756033155912E+003  0.226929725341614E+000  0.121044329703243E+001  0.739465262975536E+000  0.126679450957342E+000 -0.131028262406404E+000 -0.154878016577956E+003
  0.100000000000000E+001  0.309754901915099E+003  0.119382530676274E+000  0.138020258387868E+001  0.488533160532993E+000  0.248385121159934E+000 -0.131028262406404E+000 -0.154877450957549E+003
  0.100000000000000E+001  0.309749835801632E+003  0.185562490165455E+000  0.598508429209970E+000  0.385859147408986E+000  0.165065206735049E+000 -0.131028262406404E+000 -0.154874917900816E+003
  0.100000000000000E+001  0.309748527998187E+003  0.205981775501497E+000  0.101532606619067E+001  0.883221262680493E+000  0.138080056791976E+000 -0.131028262406404E+000 -0.154874263999094E+003
  0.100000000000000E+001  0.309746992545466E+003  0.196830887566517E+000  0.154341425065662E+001  0.766335315872067E+000  0.140145892980056E+000 -0.131028262406404E+000 -0.154873496272733E+003
  0.100000000000000E+001  0.309745069459020E+003  0.180898167188109E+000  0.151830087595586E+001  0.692108287778767E+000  0.151884580959281E+000 -0.131028262406404E+000 -0.154872534729510E+003
  0.100000000000000E+001  0.309744759519432E+003  0.100660132850539E+000  0.796424435254903E+000  0.453539110901984E+000  0.371493970425953E+000 -0.131028262406404E+000 -0.154872379759716E+003
  0.100000000000000E+001  0.309736619256317E+003  0.175613861360440E+000  0.176443753121470E+001  0.774690738235789E+000  0.150829991314949E+000 -0.131028262406404E+000 -0.154868309628158E+003
  0.100000000000000E+001  0.309735980422613E+003  0.162986113148012E+000  0.661961069631754E+000  0.675076663225198E+000  0.179809048747824E+000 -0.131028262406404E+000 -0.154867990211306E+003
  0.100000000000000E+001  0.309735400017659E+003  0.234315345229544E+000  0.152628418516013E+001  0.454616530422011E+000  0.112136854932224E+000 -0.131028262406404E+000 -0.154867700008830E+003
  0.100000000000000E+001  0.309734174722329E+003  0.187468319254947E+000  0.149965909848570E+001  0.364049228901233E+000  0.140318763583459E+000 -0.131028262406404E+000 -0.154867087361164E+003
  0.100000000000000E+001  0.309732138224039E+003  0.100006002995629E+000  0.629298504400859E+000  0.109440313358539E+000  0.442152101276393E+000 -0.131028262406404E+000 -0.154866069112020E+003
  0.100000000000000E+001  0.309730534690981E+003  0.130844419036772E+000  0.684820868904574E+000  0.145942658870117E-001  0.234298335725501E+000 -0.131028262406404E+000 -0.154865267345491E+003
  0.100000000000000E+001  0.309727181588788E+003  0.190214273541311E+000  0.969559704119624E+000  0.803391419851994E+000  0.138245752833278E+000 -0.131028262406404E+000 -0.154863590794394E+003
  0.100000000000000E+001  0.309726389131045E+003  0.111052147389901E+000  0.153810207580637E+001  0.838249163301911E+000  0.235234966278461E+000 -0.131028262406404E+000 -0.154863194565522E+003
  0.100000000000000E+001  0.309724906352503E+003  0.138428346409963E+000  0.687629422246052E+000  0.855740190434734E+000  0.209209652423862E+000 -0.131028262406404E+000 -0.154862453176251E+003
  0.100000000000000E+001  0.309724394682987E+003  0.109625798138241E+000  0.528590889739322E+000  0.681668307429042E+000  0.373860147955441E+000 -0.131028262406404E+000 -0.154862197341493E+003
  0.100000000000000E+001  0.309721491064432E+003  0.131648601978058E+000  0.102154139991128E+001  0.364290428230287E+000  0.202570013023358E+000 -0.131028262406404E+000 -0.154860745532216E+003
  0.100000000000000E+001  0.309719162314900E+003  0.206858302056664E+000  0.729496750183145E+000  0.931529524605537E+000  0.124146210847209E+000 -0.131028262406404E+000 -0.154859581157450E+003
  0.100000000000000E+001  0.309717920959977E+003  0.177134093091419E+000  0.107772562985041E+001  0.171018665809400E+000  0.142068071382245E+000 -0.131028262406404E+000 -0.154858960479989E+003
  0.100000000000000E+001  0.309717043776917E+003  0.134485879177841E+000  0.884027290757703E+000  0.883717179977152E+000  0.198217541770950E+000 -0.131028262406404E+000 -0.154858521888459E+003
  0.100000000000000E+001  0.309716456231868E+003  0.165765633537033E+000  0.948255824323284E+000  0.744789567004856E+000  0.153534337634449E+000 -0.131028262406404E+000 -0.154858228115934E+003
  0.100000000000000E+001  0.309714361951877E+003  0.118693988802609E+000  0.821231092813480E+000  0.746299203879732E+000  0.233011848564409E+000 -0.131028262406404E+000 -0.154857180975939E+003
  0.100000000000000E+001  0.309712091460229E+003  0.141670489694412E+000  0.154913246662383E+001  0.530142152005087E+000  0.170453070904834E+000 -0.131028262406404E+000 -0.154856045730115E+003
  0.100000000000000E+001  0.309708623178370E+003  0.191347667917398E+000  0.194296099247572E+001  0.274376711350921E+000  0.122870386534000E+000 -0.131028262406404E+000 -0.154854311589185E+003
  0.100000000000000E+001  0.309706479267719E+003  0.105119735127149E+000  0.113491237044737E+001  0.795588574888482E+000  0.239771628941928E+000 -0.131028262406404E+000 -0.154853239633860E+003
  0.100000000000000E+001  0.309705976708014E+003  0.140243697623015E+000  0.712137947189312E+000  0.778880608444658E+000  0.183883139296191E+000 -0.131028262406404E+000 -0.154852988354007E+003
  0.100000000000000E+001  0.309705359981533E+003  0.152527194695462E+000  0.679985571350283E+000  0.905841653219663E+000  0.166103783723959E+000 -0.131028262406404E+000 -0.154852679990766E+003
  0.100000000000000E+001  0.309705261016676E+003  0.187632507177275E+000  0.117015044873884E+001  0.709796841528100E+000  0.125355134488540E+000 -0.131028262406404E+000 -0.154852630508338E+003
  0.100000000000000E+001  0.309704795997228E+003  0.116788684263378E+000  0.705193433360628E+000  0.944871784269860E+000  0.234439350538841E+000 -0.131028262406404E+000 -0.154852397998614E+003
  0.100000000000000E+001  0.309700572667434E+003  0.150001499819454E+000  0.505714224828763E+000  0.649086484923643E+000  0.171209690691960E+000 -0.131028262406404E+000 -0.154850286333717E+003
  0.100000000000000E+001  0.309699362339948E+003  0.117713777274861E+000  0.915162325780734E+000  0.880093992187332E+000  0.210803669967862E+000 -0.131028262406404E+000 -0.154849681169974E+003
  0.100000000000000E+001  0.309695815190039E+003  0.153302895660923E+000  0.185433699745230E+001  0.458511853641250E+000  0.145081710322649E+000 -0.131028262406404E+000 -0.154847907595020E+003
  0.100000000000000E+001  0.309692576499539E+003  0.107502311839200E+000  0.849247079338261E+000  0.943927624216836E+000  0.231328060303572E+000 -0.131028262406404E+000 -0.154846288249770E+003
  0.100000000000000E+001  0.309688501179593E+003  0.134052780805584E+000  0.928949429752279E+000  0.349239073287770E-001  0.169542708398682E+000 -0.131028262406404E+000 -0.154844250589796E+003
  0.100000000000000E+001  0.309687350605566E+003  0.121470933220814E+000  0.100983279791731E+001  0.659905411186895E+000  0.186484997997292E+000 -0.131028262406404E+000 -0.154843675302783E+003
  0.100000000000000E+001  0.309686229108259E+003  0.180297219680734E+000  0.120266297132839E+001  0.173222324035142E+000  0.118849971758178E+000 -0.131028262406404E+000 -0.154843114554129E+003
  0.100000000000000E+001  0.309683584291035E+003  0.133930012036477E+000  0.653889079500032E+000  0.737695631019415E+000  0.172729855449479E+000 -0.131028262406404E+000 -0.154841792145517E+003
  0.100000000000000E+001  0.309681288700349E+003  0.129898210008392E+000  0.144928219741562E+001  0.939038401794599E+000  0.161191236149305E+000 -0.131028262406404E+000 -0.154840644350175E+003
  0.100000000000000E+001  0.309680742715469E+003  0.125114184278468E+000  0.110644657896973E+001  0.361211414437506E-001  0.171666172269142E+000 -0.131028262406404E+000 -0.154840371357735E+003
  0.100000000000000E+001  0.309675657429530E+003  0.125074910218850E+000  0.145405431749599E+001  0.179876423539711E+000  0.162639584599411E+000 -0.131028262406404E+000 -0.154837828714765E+003
  0.100000000000000E+001  0.309671815952063E+003  0.167187552926609E+000  0.142354627691307E+001  0.458502727441979E+000  0.118084220509860E+000 -0.131028262406404E+000 -0.154835907976031E+003
  0.100000000000000E+001  0.309671388005257E+003  0.102187704942145E+000  0.177798021630391E+001  0.910699475668155E+000  0.194312438184381E+000 -0.131028262406404E+000 -0.154835694002628E+003
  0.100000000000000E+001  0.309669871091463E+003  0.111961881113784E+000  0.511138749596164E+000  0.999894346614699E+000  0.208920770838461E+000 -0.131028262406404E+000 -0.154834935545731E+003
  0.100000000000000E+001  0.309668330699312E+003  0.175701388802919E+000  0.196657427680598E+001  0.967386293437740E+000  0.109633941732256E+000 -0.131028262406404E+000 -0.154834165349656E+003
  0.100000000000000E+001  0.309667695630284E+003  0.132408987950660E+000  0.150111525010276E+001  0.273250703572986E+000  0.146355342618580E+000 -0.131028262406404E+000 -0.154833847815142E+003
  0.100000000000000E+001  0.309664643428566E+003  0.184480181215968E+000  0.902844927565754E+000  0.917940340549520E+000  0.104500741035603E+000 -0.131028262406404E+000 -0.154832321714283E+003
  0.100000000000000E+001  0.309664286950213E+003  0.106806482415385E+000  0.193451995501255E+001  0.512159381933532E+000  0.178385936541934E+000 -0.131028262406404E+000 -0.154832143475107E+003
  0.100000000000000E+001  0.309664174902680E+003  0.151321567388456E+000  0.147727205554548E+001  0.255703226748617E+000  0.125108839907465E+000 -0.131028262406404E+000 -0.154832087451340E+003
  0.100000000000000E+001  0.309663622053657E+003  0.127507994313133E+000  0.173736946786464E+001  0.803410848705203E+000  0.147906810593775E+000 -0.131028262406404E+000 -0.154831811026828E+003
  0.100000000000000E+001  0.309662542142124E+003  0.155794479847753E+000  0.681845736344386E+000  0.864664256506039E+000  0.125983556853269E+000 -0.131028262406404E+000 -0.154831271071062E+003
  0.100000000000000E+001  0.309660586919202E+003  0.106815450869145E+000  0.558350302412974E+000  0.550410708654806E+000  0.203839871574537E+000 -0.131028262406404E+000 -0.154830293459601E+003
  0.100000000000000E+001  0.309660232759204E+003  0.155856555382291E+000  0.766668876899343E+000  0.660995134238924E+000  0.123129280129278E+000 -0.131028262406404E+000 -0.154830116379602E+003
  0.100000000000000E+001  0.309657905677360E+003  0.107949919311356E+000  0.594306085188834E+000  0.132246764948500E+000  0.194138122589389E+000 -0.131028262406404E+000 -0.154828952838680E+003
  0.100000000000000E+001  0.309657047905900E+003  0.138692718530775E+000  0.186232576884147E+001  0.440537149530839E-001  0.130551541731076E+000 -0.131028262406404E+000 -0.154828523952950E+003
  0.100000000000000E+001  0.309655864314469E+003  0.102835130332571E+000  0.723937659408020E+000  0.512825945878356E+000  0.196741644440717E+000 -0.131028262406404E+000 -0.154827932157235E+003
  0.100000000000000E+001  0.309654902038970E+003  0.138544133614175E+000  0.541063702690025E+000  0.175768232119567E+000  0.139441381207984E+000 -0.131028262406404E+000 -0.154827451019485E+003
  0.100000000000000E+001  0.309646462967843E+003  0.115140645522646E+000  0.666220092391476E+000  0.387229823632839E+000  0.160680483322564E+000 -0.131028262406404E+000 -0.154823231483921E+003
  0.100000000000000E+001  0.309637999413021E+003  0.124964264598457E+000  0.135032805286622E+001  0.727623146573467E+000  0.129720862480878E+000 -0.131028262406404E+000 -0.154818999706510E+003
  0.100000000000000E+001  0.309636010134096E+003  0.134422709332018E+000  0.970904431315457E+000  0.293317606782987E+000  0.120849301030128E+000 -0.131028262406404E+000 -0.154818005067048E+003
  0.100000000000000E+001  0.309632831753875E+003  0.117139949698069E+000  0.121000409964835E+001  0.787881117211513E+000  0.134667397832695E+000 -0.131028262406404E+000 -0.154816415876937E+003
  0.100000000000000E+001  0.309632451745246E+003  0.142692404494717E+000  0.176698387363524E+001  0.624204077789552E+000  0.108109269917604E+000 -0.131028262406404E+000 -0.154816225872623E+003
  0.100000000000000E+001  0.309631284938907E+003  0.144699820583368E+000  0.197952543554663E+001  0.626823050120209E+000  0.105769568919238E+000 -0.131028262406404E+000 -0.154815642469453E+003
  0.100000000000000E+001  0.309629114559409E+003  0.121328655880500E+000  0.193090820731791E+001  0.504364484557597E+000  0.124470021095151E+000 -0.131028262406404E+000 -0.154814557279705E+003
  0.100000000000000E+001  0.309628364841242E+003  0.135674027942465E+000  0.936393737185080E+000  0.864015180556373E+000  0.113276488521071E+000 -0.131028262406404E+000 -0.154814182420621E+003
  0.100000000000000E+001  0.309625426353182E+003  0.141249250778391E+000  0.780370746978561E+000  0.321668479218253E-001  0.107058222571457E+000 -0.131028262406404E+000 -0.154812713176591E+003
  0.100000000000000E+001  0.309621238719292E+003  0.125739157477336E+000  0.166996963712678E+001  0.658415334662524E+000  0.113200139890740E+000 -0.131028262406404E+000 -0.154810619359646E+003
  0.100000000000000E+001  0.309618972337525E+003  0.109361554734180E+000  0.190971801766276E+001  0.194881282149288E+000  0.128079948627517E+000 -0.131028262406404E+000 -0.154809486168762E+003
  0.100000000000000E+001  0.309616021765698E+003  0.120321826327241E+000  0.104392450673116E+001  0.225285928092400E+000  0.115835842788509E+000 -0.131028262406404E+000 -0.154808010882849E+003
  0.100000000000000E+001  0.309614354843922E+003  0.132260706036497E+000  0.894921290979041E+000  0.569585461478034E+000  0.104164661451808E+000 -0.131028262406404E+000 -0.154807177421961E+003
