  0.100000000000000E+001  0.291615114790583E+003  0.188470806271063E+001  0.145379024613714E+001  0.672803309660690E+000  0.387991063149250E+000 -0.131028262406404E+000 -0.145807557395291E+003
  0.100000000000000E+001  0.291580960720016E+003  0.173726561150234E+001  0.191602938955727E+001  0.529936678766781E-001  0.464387121853705E+000 -0.131028262406404E+000 -0.145790480360008E+003
  0.100000000000000E+001  0.291069529096029E+003  0.171180321528044E+001  0.195231971484521E+001  0.481365085574059E+000  0.462041898950307E+000 -0.131028262406404E+000 -0.145534764548015E+003
  0.100000000000000E+001  0.291035867641081E+003  0.166224526636850E+001  0.141574310404224E+001  0.259629124464667E+000  0.434349662768125E+000 -0.131028262406404E+000 -0.145517933820540E+003
  0.100000000000000E+001  0.290928810851355E+003  0.193976314567717E+001  0.113770989926199E+001  0.892133352246063E+000  0.365350459252629E+000 -0.131028262406404E+000 -0.145464405425677E+003
  0.100000000000000E+001  0.290437683231737E+003  0.191143551094078E+001  0.165914985362299E+001  0.259313947561360E+000  0.356521351754869E+000 -0.131028262406404E+000 -0.145218841615869E+003
  0.100000000000000E+001  0.289832988494425E+003  0.162122181662703E+001  0.144940680967894E+001  0.707693503919798E+000  0.408164649414177E+000 -0.131028262406404E+000 -0.144916494247212E+003
  0.100000000000000E+001  0.289050306346032E+003  0.182500078082239E+001  0.535352674241064E+000  0.446733057764088E+000  0.414612994422088E+000 -0.131028262406404E+000 -0.144525153173016E+003
  0.100000000000000E+001  0.289009271781928E+003  0.184513863454141E+001  0.999281207167730E+000  0.377853371746922E+000  0.339730090736603E+000 -0.131028262406404E+000 -0.144504635890964E+003
  0.100000000000000E+001  0.288870194412690E+003  0.198038045726147E+001  0.119743062798012E+001  0.368314519762837E+000  0.300999532759919E+000 -0.131028262406404E+000 -0.144435097206345E+003
  0.100000000000000E+001  0.288759497141660E+003  0.190294535419261E+001  0.520944400485683E+000  0.320189268846261E+000  0.378734246252117E+000 -0.131028262406404E+000 -0.144379748570830E+003
  0.100000000000000E+001  0.288510704393536E+003  0.172913750176026E+001  0.560077898253218E+000  0.454535934861938E+000  0.412703506051376E+000 -0.131028262406404E+000 -0.144255352196768E+003
  0.100000000000000E+001  0.288009565286695E+003  0.124747467865689E+001  0.116211093965921E+001  0.854741238305932E+000  0.475657582654167E+000 -0.131028262406404E+000 -0.144004782643348E+003
  0.100000000000000E+001  0.287989667504127E+003  0.129310044962915E+001  0.126259295182213E+001  0.101381620196330E+000  0.449609451216629E+000 -0.131028262406404E+000 -0.143994833752063E+003
  0.100000000000000E+001  0.287954189990554E+003  0.187092972589591E+001  0.154092151665543E+001  0.120737928047343E+000  0.291742190904025E+000 -0.131028262406404E+000 -0.143977094995277E+003
  0.100000000000000E+001  0.287883641105103E+003  0.121409887392942E+001  0.162671462151398E+001  0.836429779856108E+000  0.489236788491257E+000 -0.131028262406404E+000 -0.143941820552552E+003
  0.100000000000000E+001  0.287871786165533E+003  0.153404450228739E+001  0.915010073889573E+000  0.956072435423091E+000  0.383338266700573E+000 -0.131028262406404E+000 -0.143935893082767E+003
  0.100000000000000E+001  0.287864460317187E+003  0.181782336750254E+001  0.192392657659749E+001  0.460773981646506E+000  0.312900074770670E+000 -0.131028262406404E+000 -0.143932230158593E+003
  0.100000000000000E+001  0.287830530730410E+003  0.145498049693253E+001  0.174992877163945E+001  0.484800608749538E+000  0.395205177478998E+000 -0.131028262406404E+000 -0.143915265365205E+003
  0.100000000000000E+001  0.287820158361056E+003  0.170466455120322E+001  0.178365078224891E+001  0.562866592681413E+000  0.327549454022006E+000 -0.131028262406404E+000 -0.143910079180528E+003
  0.100000000000000E+001  0.287762723367914E+003  0.134434292594567E+001  0.191843484556761E+001  0.732091064964710E+000  0.455853988851866E+000 -0.131028262406404E+000 -0.143881361683957E+003
  0.100000000000000E+001  0.287748687574813E+003  0.163743706363449E+001  0.103338009464461E+001  0.938686344890087E+000  0.340575699500943E+000 -0.131028262406404E+000 -0.143874343787407E+003
  0.100000000000000E+001  0.287654433837462E+003  0.169537095325971E+001  0.532545856136568E+000  0.176587642335497E+000  0.382226196466741E+000 -0.131028262406404E+000 -0.143827216918731E+003
  0.100000000000000E+001  0.287557084248626E+003  0.138124774414234E+001  0.970565086658826E+000  0.215389922896448E+000  0.412621956589841E+000 -0.131028262406404E+000 -0.143778542124313E+003
  0.100000000000000E+001  0.287489623560716E+003  0.126991971511231E+001  0.762329590063259E+000  0.756196188782412E+000  0.489189990189888E+000 -0.131028262406404E+000 -0.143744811780358E+003
  0.100000000000000E+001  0.287387881244989E+003  0.137453540033212E+001  0.119507766832431E+001  0.438669437046308E+000  0.390734030799472E+000 -0.131028262406404E+000 -0.143693940622494E+003
  0.100000000000000E+001  0.287385801009365E+003  0.172422681027962E+001  0.624980342491410E+000  0.714785444664966E+000  0.341978045405921E+000 -0.131028262406404E+000 -0.143692900504683E+003
  0.100000000000000E+001  0.287360631867077E+003  0.115226244434661E+001  0.134718752138934E+001  0.315176534751449E-002  0.476153702598966E+000 -0.131028262406404E+000 -0.143680315933538E+003
  0.100000000000000E+001  0.287342800109614E+003  0.143680746922604E+001  0.578872640787542E+000  0.633358429314289E+000  0.449160890497015E+000 -0.131028262406404E+000 -0.143671400054807E+003
  0.100000000000000E+001  0.287285902469654E+003  0.169813505213190E+001  0.193178755681329E+001  0.539748836099302E-001  0.317234236646191E+000 -0.131028262406404E+000 -0.143642951234827E+003
  0.100000000000000E+001  0.287281527628544E+003  0.130781003036313E+001  0.133951647898819E+001  0.132771001112726E+000  0.404807134870414E+000 -0.131028262406404E+000 -0.143640763814272E+003
  0.100000000000000E+001  0.287261684270690E+003  0.114684163688602E+001  0.133564303767791E+001  0.904272111203416E+000  0.472434531548935E+000 -0.131028262406404E+000 -0.143630842135345E+003
  0.100000000000000E+001  0.287258792564824E+003  0.141202868201118E+001  0.848672135124421E+000  0.297819731960183E+000  0.399199006356059E+000 -0.131028262406404E+000 -0.143629396282412E+003
  0.100000000000000E+001  0.287201068161970E+003  0.171573831278714E+001  0.624219104761781E+000  0.970390811530180E+000  0.334802782483772E+000 -0.131028262406404E+000 -0.143600534080985E+003
  0.100000000000000E+001  0.287187747366523E+003  0.144745770226791E+001  0.111539093661951E+001  0.910046420396638E+000  0.361857420012550E+000 -0.131028262406404E+000 -0.143593873683262E+003
  0.100000000000000E+001  0.287128122140544E+003  0.179002146914564E+001  0.159297642155425E+001  0.982181836140581E+000  0.279614372803957E+000 -0.131028262406404E+000 -0.143564061070272E+003
  0.100000000000000E+001  0.287070434230483E+003  0.167343833894440E+001  0.144319403308425E+001  0.217841412512257E+000  0.297396528635021E+000 -0.131028262406404E+000 -0.143535217115242E+003
  0.100000000000000E+001  0.287065933161120E+003  0.135714757712889E+001  0.187349247178355E+001  0.813449255645185E+000  0.401980941367105E+000 -0.131028262406404E+000 -0.143532966580560E+003
  0.100000000000000E+001  0.287050355098464E+003  0.173947241352545E+001  0.683888112532091E+000  0.736112977922542E-001  0.314421566394302E+000 -0.131028262406404E+000 -0.143525177549232E+003
  0.100000000000000E+001  0.287041672407242E+003  0.157135944880826E+001  0.165352401143238E+001  0.743749575210407E+000  0.321785552820235E+000 -0.131028262406404E+000 -0.143520836203621E+003
  0.100000000000000E+001  0.286974811804188E+003  0.140275517540736E+001  0.517026797573308E+000  0.970921320671403E+000  0.455430162101903E+000 -0.131028262406404E+000 -0.143487405902094E+003
  0.100000000000000E+001  0.286957352954919E+003  0.193893077811119E+001  0.721680623457148E+000  0.975606769078272E+000  0.268222282343853E+000 -0.131028262406404E+000 -0.143478676477459E+003
  0.100000000000000E+001  0.286949343689613E+003  0.174271972475737E+001  0.148507545553015E+001  0.639166987849404E+000  0.280217922042048E+000 -0.131028262406404E+000 -0.143474671844807E+003
  0.100000000000000E+001  0.286946715276616E+003  0.161151502295017E+001  0.142392624426084E+001  0.823058917186392E+000  0.305067190832527E+000 -0.131028262406404E+000 -0.143473357638308E+003
  0.100000000000000E+001  0.286904352101631E+003  0.117478876794343E+001  0.188322777638578E+001  0.570190227734731E+000  0.477059429058034E+000 -0.131028262406404E+000 -0.143452176050816E+003
  0.100000000000000E+001  0.286889288531446E+003  0.182785358128999E+001  0.762718622184448E+000  0.165582003639571E+000  0.282379477052889E+000 -0.131028262406404E+000 -0.143444644265723E+003
  0.100000000000000E+001  0.286868042725394E+003  0.192887480457432E+001  0.986809864401064E+000  0.459412756258215E+000  0.254456516288787E+000 -0.131028262406404E+000 -0.143434021362697E+003
  0.100000000000000E+001  0.286842495966995E+003  0.138108262567283E+001  0.159826172358917E+001  0.325590317739734E+000  0.361517313890491E+000 -0.131028262406404E+000 -0.143421247983498E+003
  0.100000000000000E+001  0.286808521548953E+003  0.157473608115443E+001  0.139780441679806E+001  0.303864292175910E+000  0.307156977082371E+000 -0.131028262406404E+000 -0.143404260774476E+003
  0.100000000000000E+001  0.286793248115617E+003  0.195854844629549E+001  0.124223997097673E+001  0.234146216204452E+000  0.242653538842525E+000 -0.131028262406404E+000 -0.143396624057808E+003
  0.100000000000000E+001  0.286776946063452E+003  0.155824375850293E+001  0.125262727769684E+001  0.349670266057456E+000  0.310677606452264E+000 -0.131028262406404E+000 -0.143388473031726E+003
  0.100000000000000E+001  0.286728222323168E+003  0.159619069206342E+001  0.193347492240270E+001  0.130083778781074E+000  0.316370809860246E+000 -0.131028262406404E+000 -0.143364111161584E+003
  0.100000000000000E+001  0.286673748547053E+003  0.129886814936996E+001  0.893242665915315E+000  0.809144865328741E+000  0.398751013939497E+000 -0.131028262406404E+000 -0.143336874273527E+003
  0.100000000000000E+001  0.286668945970918E+003  0.151845347657937E+001  0.829817555978041E+000  0.358669350081869E+000  0.335640031003771E+000 -0.131028262406404E+000 -0.143334472985459E+003
  0.100000000000000E+001  0.286668759016829E+003  0.153760156017238E+001  0.858664563420118E+000  0.157241074988813E+000  0.328215005331632E+000 -0.131028262406404E+000 -0.143334379508414E+003
  0.100000000000000E+001  0.286661794489401E+003  0.199079985484921E+001  0.713366516860914E+000  0.434309016294536E+000  0.249010222935549E+000 -0.131028262406404E+000 -0.143330897244701E+003
  0.100000000000000E+001  0.286561817996020E+003  0.134583494808109E+001  0.144407355549944E+001  0.911032478122301E+000  0.353747273789233E+000 -0.131028262406404E+000 -0.143280908998010E+003
  0.100000000000000E+001  0.286545402762934E+003  0.138542415122223E+001  0.109588370802559E+001  0.213975175299473E+000  0.347689287049801E+000 -0.131028262406404E+000 -0.143272701381467E+003
  0.100000000000000E+001  0.286517095342081E+003  0.150115824437922E+001  0.197767010532071E+001  0.823078994790371E+000  0.333881305941703E+000 -0.131028262406404E+000 -0.143258547671041E+003
  0.100000000000000E+001  0.286509892659878E+003  0.105630645256321E+001  0.154273998708646E+001  0.774417137123552E+000  0.471066431686616E+000 -0.131028262406404E+000 -0.143254946329939E+003
  0.100000000000000E+001  0.286509762968901E+003  0.160271410996140E+001  0.184636740085149E+001  0.868084791675597E+000  0.299195258800256E+000 -0.131028262406404E+000 -0.143254881484450E+003
  0.100000000000000E+001  0.286495232629876E+003  0.110652499399516E+001  0.160445739562748E+001  0.877286235922177E-001  0.447542677039410E+000 -0.131028262406404E+000 -0.143247616314938E+003
  0.100000000000000E+001  0.286482160695417E+003  0.122126812391878E+001  0.834928088251589E+000  0.883719841190437E-001  0.423506137034526E+000 -0.131028262406404E+000 -0.143241080347709E+003
  0.100000000000000E+001  0.286478106852161E+003  0.134656977520546E+001  0.148247390153951E+001  0.849472180973201E+000  0.349458317859991E+000 -0.131028262406404E+000 -0.143239053426080E+003
  0.100000000000000E+001  0.286471265772557E+003  0.122562117261278E+001  0.144051993858584E+001  0.185274016771894E+000  0.388340131349005E+000 -0.131028262406404E+000 -0.143235632886278E+003
  0.100000000000000E+001  0.286407631023618E+003  0.187772881028600E+001  0.674592965202333E+000  0.141377290038212E+000  0.258413906222996E+000 -0.131028262406404E+000 -0.143203815511809E+003
  0.100000000000000E+001  0.286390658635471E+003  0.187950315225410E+001  0.193410925415069E+001  0.478542393826285E+000  0.247611063867745E+000 -0.131028262406404E+000 -0.143195329317735E+003
  0.100000000000000E+001  0.286340799580488E+003  0.177118287428418E+001  0.986179202217464E+000  0.590420182220123E+000  0.258858784235023E+000 -0.131028262406404E+000 -0.143170399790244E+003
  0.100000000000000E+001  0.286290371078401E+003  0.171711887579783E+001  0.858886071819554E+000  0.215183489077058E+000  0.270971946608901E+000 -0.131028262406404E+000 -0.143145185539200E+003
  0.100000000000000E+001  0.286264212914424E+003  0.118516871991360E+001  0.110630942479747E+001  0.932963144473855E+000  0.396381884496633E+000 -0.131028262406404E+000 -0.143132106457212E+003
  0.100000000000000E+001  0.286261875898427E+003  0.150730019115396E+001  0.103428495789456E+001  0.472058130581763E+000  0.304245855598968E+000 -0.131028262406404E+000 -0.143130937949213E+003
  0.100000000000000E+001  0.286254894766723E+003  0.192112332581077E+001  0.139036008164107E+001  0.297745188562243E+000  0.228541277114593E+000 -0.131028262406404E+000 -0.143127447383362E+003
  0.100000000000000E+001  0.286242633178954E+003  0.157362426389422E+001  0.111657878081648E+001  0.974323424166646E+000  0.286327414709024E+000 -0.131028262406404E+000 -0.143121316589477E+003
  0.100000000000000E+001  0.286228382819280E+003  0.147570921249436E+001  0.575664920119191E+000  0.118036269432225E+000  0.351118478149983E+000 -0.131028262406404E+000 -0.143114191409640E+003
  0.100000000000000E+001  0.286206167373171E+003  0.155709718453590E+001  0.154199299392041E+001  0.577233907571529E+000  0.285223493980622E+000 -0.131028262406404E+000 -0.143103083686586E+003
  0.100000000000000E+001  0.286197715111011E+003  0.168483263927768E+001  0.968719486963394E+000  0.641282925976427E+000  0.267940799196986E+000 -0.131028262406404E+000 -0.143098857555505E+003
  0.100000000000000E+001  0.286197669688322E+003  0.133924664257040E+001  0.159802848882792E+001  0.384877358622957E-001  0.338598668206075E+000 -0.131028262406404E+000 -0.143098834844161E+003
  0.100000000000000E+001  0.286195809454536E+003  0.168039263451663E+001  0.985237752070373E+000  0.730842701324956E-001  0.268061565297332E+000 -0.131028262406404E+000 -0.143097904727268E+003
  0.100000000000000E+001  0.286168797951606E+003  0.153275112688598E+001  0.134382614710683E+001  0.326568559581012E+000  0.287493544033215E+000 -0.131028262406404E+000 -0.143084398975803E+003
  0.100000000000000E+001  0.286167520967122E+003  0.118636892755976E+001  0.141643941074168E+001  0.741418476517884E+000  0.382725274396561E+000 -0.131028262406404E+000 -0.143083760483561E+003
  0.100000000000000E+001  0.286156505823449E+003  0.141240202676758E+001  0.197696996823024E+001  0.756501935830086E+000  0.338299384928037E+000 -0.131028262406404E+000 -0.143078252911725E+003
  0.100000000000000E+001  0.286125580205456E+003  0.132492582923684E+001  0.106584185856672E+001  0.792171523415249E-001  0.342325299054207E+000 -0.131028262406404E+000 -0.143062790102728E+003
  0.100000000000000E+001  0.286106560577520E+003  0.103763605732067E+001  0.184535899516280E+001  0.492428621779013E+000  0.481032473998210E+000 -0.131028262406404E+000 -0.143053280288760E+003
  0.100000000000000E+001  0.286098237639282E+003  0.999736104424552E+000  0.953378951076667E+000  0.636140214356551E+000  0.483216194905368E+000 -0.131028262406404E+000 -0.143049118819641E+003
  0.100000000000000E+001  0.286077598838719E+003  0.103993561302015E+001  0.133794563216887E+001  0.244742023823996E+000  0.438193334771016E+000 -0.131028262406404E+000 -0.143038799419360E+003
  0.100000000000000E+001  0.286051770228527E+003  0.192859028832763E+001  0.157062180035382E+001  0.661175182094755E+000  0.221003694350282E+000 -0.131028262406404E+000 -0.143025885114264E+003
  0.100000000000000E+001  0.286049351712620E+003  0.101281328859914E+001  0.139887647783448E+001  0.457618148254637E+000  0.450119216269363E+000 -0.131028262406404E+000 -0.143024675856310E+003
  0.100000000000000E+001  0.286043538219203E+003  0.125493443260150E+001  0.187028133930387E+001  0.796354455531932E+000  0.373186160356506E+000 -0.131028262406404E+000 -0.143021769109601E+003
  0.100000000000000E+001  0.286039093209971E+003  0.119735714145876E+001  0.125443565837205E+001  0.390553239971582E+000  0.370928116030623E+000 -0.131028262406404E+000 -0.143019546604985E+003
  0.100000000000000E+001  0.286038432070802E+003  0.961003912353334E+000  0.152145769303047E+001  0.418117797676443E+000  0.483653938414369E+000 -0.131028262406404E+000 -0.143019216035401E+003
  0.100000000000000E+001  0.286025081915040E+003  0.195304129049698E+001  0.611926038443834E+000  0.483189767595184E+000  0.233137021607405E+000 -0.131028262406404E+000 -0.143012540957520E+003
  0.100000000000000E+001  0.286021481330635E+003  0.184531575491227E+001  0.115352342254379E+001  0.996359628413101E+000  0.231415976014554E+000 -0.131028262406404E+000 -0.143010740665317E+003
  0.100000000000000E+001  0.286010466592189E+003  0.123228338506428E+001  0.177667787716941E+001  0.347695140280765E+000  0.370842268118228E+000 -0.131028262406404E+000 -0.143005233296095E+003
  0.100000000000000E+001  0.285975447886738E+003  0.163515433361065E+001  0.173036395109562E+001  0.719960438489281E+000  0.263580914604044E+000 -0.131028262406404E+000 -0.142987723943369E+003
  0.100000000000000E+001  0.285972483535247E+003  0.101970624584780E+001  0.172834540935587E+001  0.103471300503530E+000  0.461338896038769E+000 -0.131028262406404E+000 -0.142986241767624E+003
  0.100000000000000E+001  0.285904566339675E+003  0.127084603523274E+001  0.861952461947542E+000  0.752290204949020E+000  0.358245185136152E+000 -0.131028262406404E+000 -0.142952283169838E+003
  0.100000000000000E+001  0.285875942116134E+003  0.119716058762872E+001  0.174123768932342E+001  0.565101087460984E-002  0.371350745312401E+000 -0.131028262406404E+000 -0.142937971058067E+003
  0.100000000000000E+001  0.285867869462674E+003  0.106188563233782E+001  0.767784293625332E+000  0.500650647384384E+000  0.455531294071719E+000 -0.131028262406404E+000 -0.142933934731337E+003
  0.100000000000000E+001  0.285846051036626E+003  0.111163459660631E+001  0.750766299843184E+000  0.434037249635256E+000  0.431275734975037E+000 -0.131028262406404E+000 -0.142923025518313E+003
  0.100000000000000E+001  0.285842192247801E+003  0.143687654489493E+001  0.155240934571692E+001  0.183040059247384E-001  0.292616458021990E+000 -0.131028262406404E+000 -0.142921096123901E+003
  0.100000000000000E+001  0.285827252481579E+003  0.176992970390289E+001  0.142061999656705E+001  0.769565838636710E+000  0.232187282578883E+000 -0.131028262406404E+000 -0.142913626240789E+003
  0.100000000000000E+001  0.285825268179924E+003  0.116184364212188E+001  0.109454677261586E+001  0.813592880672859E+000  0.373776695592602E+000 -0.131028262406404E+000 -0.142912634089962E+003
  0.100000000000000E+001  0.285813838692631E+003  0.985960592243495E+000  0.131521206982082E+001  0.847085601922994E+000  0.442384757325194E+000 -0.131028262406404E+000 -0.142906919346315E+003
  0.100000000000000E+001  0.285806539109103E+003  0.123027848291151E+001  0.159310523907822E+001  0.941732948801664E+000  0.347109913464256E+000 -0.131028262406404E+000 -0.142903269554551E+003
  0.100000000000000E+001  0.285804079736971E+003  0.108711561428396E+001  0.184141907921624E+001  0.724227818471225E+000  0.423074064813385E+000 -0.131028262406404E+000 -0.142902039868486E+003
  0.100000000000000E+001  0.285794189151978E+003  0.162743799832722E+001  0.831077800189629E+000  0.532634710766954E+000  0.264208806920934E+000 -0.131028262406404E+000 -0.142897094575989E+003
  0.100000000000000E+001  0.285785943120497E+003  0.181737429076299E+001  0.138383010278748E+001  0.609710401404504E+000  0.224095758906448E+000 -0.131028262406404E+000 -0.142892971560248E+003
  0.100000000000000E+001  0.285783628286258E+003  0.893342381539065E+000  0.144023919857810E+001  0.230208038195708E-001  0.496412142445374E+000 -0.131028262406404E+000 -0.142891814143129E+003
  0.100000000000000E+001  0.285765985702599E+003  0.133118868965302E+001  0.636868858766566E+000  0.997119389280502E+000  0.352960771105853E+000 -0.131028262406404E+000 -0.142882992851300E+003
  0.100000000000000E+001  0.285763639320085E+003  0.108094886044754E+001  0.847882925625760E+000  0.131789848509857E+000  0.422894761451595E+000 -0.131028262406404E+000 -0.142881819660042E+003
  0.100000000000000E+001  0.285763592942140E+003  0.190754808722883E+001  0.926069688435267E+000  0.868396518524906E+000  0.217122921664036E+000 -0.131028262406404E+000 -0.142881796471070E+003
  0.100000000000000E+001  0.285757716230410E+003  0.102404238082410E+001  0.788610664218325E+000  0.420291428775255E+000  0.460243920809494E+000 -0.131028262406404E+000 -0.142878858115205E+003
  0.100000000000000E+001  0.285751072120205E+003  0.162367223976296E+001  0.794092946730121E+000  0.543003736135195E-001  0.264359489153354E+000 -0.131028262406404E+000 -0.142875536060102E+003
  0.100000000000000E+001  0.285743112823660E+003  0.189223107788621E+001  0.107495934230535E+001  0.583727334824872E+000  0.215422918103190E+000 -0.131028262406404E+000 -0.142871556411830E+003
  0.100000000000000E+001  0.285742835249575E+003  0.170651090832577E+001  0.149177405163783E+001  0.503505737960953E-001  0.237902193557042E+000 -0.131028262406404E+000 -0.142871417624787E+003
  0.100000000000000E+001  0.285727052476776E+003  0.115534522625634E+001  0.891498285228985E+000  0.952675001391705E+000  0.382936304585702E+000 -0.131028262406404E+000 -0.142863526238388E+003
  0.100000000000000E+001  0.285718344341191E+003  0.110069260370361E+001  0.155135304633995E+001  0.725099086218251E+000  0.386083101588577E+000 -0.131028262406404E+000 -0.142859172170596E+003
  0.100000000000000E+001  0.285717853338301E+003  0.996521701020444E+000  0.673173497232161E+000  0.953274403405218E+000  0.498119771075492E+000 -0.131028262406404E+000 -0.142858926669150E+003
  0.100000000000000E+001  0.285714987631615E+003  0.182188721306966E+001  0.198031168345963E+001  0.377642408599366E-002  0.229331313889724E+000 -0.131028262406404E+000 -0.142857493815807E+003
  0.100000000000000E+001  0.285711276912790E+003  0.950226293307619E+000  0.178899232500471E+001  0.407884733746881E+000  0.486004349647496E+000 -0.131028262406404E+000 -0.142855638456395E+003
  0.100000000000000E+001  0.285693694650146E+003  0.145472030064545E+001  0.123169946466879E+001  0.748351979861524E+000  0.280372552153387E+000 -0.131028262406404E+000 -0.142846847325073E+003
  0.100000000000000E+001  0.285693206617437E+003  0.130937996335776E+001  0.912063447051672E+000  0.783278482157709E+000  0.327104613934843E+000 -0.131028262406404E+000 -0.142846603308719E+003
  0.100000000000000E+001  0.285687836616624E+003  0.109718577550345E+001  0.134779085617391E+001  0.502426927686250E+000  0.381086637493852E+000 -0.131028262406404E+000 -0.142843918308312E+003
  0.100000000000000E+001  0.285665397787998E+003  0.146490415848366E+001  0.600496504093920E+000  0.597798265545135E+000  0.308855756513767E+000 -0.131028262406404E+000 -0.142832698893999E+003
  0.100000000000000E+001  0.285662909972015E+003  0.944098273316182E+000  0.947465369064037E+000  0.842283897185773E+000  0.470873390965169E+000 -0.131028262406404E+000 -0.142831454986008E+003
  0.100000000000000E+001  0.285649553750095E+003  0.910920554211037E+000  0.168417692970224E+001  0.611150369789447E+000  0.490391059060387E+000 -0.131028262406404E+000 -0.142824776875047E+003
  0.100000000000000E+001  0.285638399915552E+003  0.981188065989404E+000  0.958340220728687E+000  0.746547896673968E+000  0.446523953394943E+000 -0.131028262406404E+000 -0.142819199957776E+003
  0.100000000000000E+001  0.285612048340195E+003  0.103408572282747E+001  0.142418504936407E+001  0.473284168789761E+000  0.401741021442128E+000 -0.131028262406404E+000 -0.142806024170098E+003
  0.100000000000000E+001  0.285608497809458E+003  0.105233360517412E+001  0.730937026166017E+000  0.948030419813375E+000  0.439230533133877E+000 -0.131028262406404E+000 -0.142804248904729E+003
  0.100000000000000E+001  0.285590046746863E+003  0.109301446195675E+001  0.121453872468900E+001  0.309073019503950E+000  0.376469663440792E+000 -0.131028262406404E+000 -0.142795023373431E+003
  0.100000000000000E+001  0.285582260852621E+003  0.103153708931783E+001  0.116477563764969E+001  0.883031592629713E+000  0.402729115181867E+000 -0.131028262406404E+000 -0.142791130426310E+003
  0.100000000000000E+001  0.285575659751014E+003  0.108680354092416E+001  0.195471048882227E+001  0.428334559093444E+000  0.417355833864099E+000 -0.131028262406404E+000 -0.142787829875507E+003
  0.100000000000000E+001  0.285575565454998E+003  0.124336284549942E+001  0.890102242051192E+000  0.642804757372905E+000  0.339779638557244E+000 -0.131028262406404E+000 -0.142787782727499E+003
  0.100000000000000E+001  0.285569269862910E+003  0.101499410984497E+001  0.608224552583461E+000  0.426673500025155E+000  0.485403580814001E+000 -0.131028262406404E+000 -0.142784634931455E+003
  0.100000000000000E+001  0.285567547588272E+003  0.189966486605478E+001  0.177948588530299E+001  0.897374047430747E+000  0.208157036041342E+000 -0.131028262406404E+000 -0.142783773794136E+003
  0.100000000000000E+001  0.285486910814589E+003  0.115610165868592E+001  0.566237865169567E+000  0.110821241701941E+000  0.407899519021323E+000 -0.131028262406404E+000 -0.142743455407295E+003
  0.100000000000000E+001  0.285482792508984E+003  0.152747325414423E+001  0.654961330290608E+000  0.462465315731117E+000  0.275786301696363E+000 -0.131028262406404E+000 -0.142741396254492E+003
  0.100000000000000E+001  0.285481654672376E+003  0.973668083124397E+000  0.768042747696581E+000  0.556497008672317E+000  0.460039145837669E+000 -0.131028262406404E+000 -0.142740827336188E+003
  0.100000000000000E+001  0.285480247633147E+003  0.127572926574578E+001  0.119459183137910E+001  0.772212456016559E+000  0.310045495195637E+000 -0.131028262406404E+000 -0.142740123816573E+003
  0.100000000000000E+001  0.285466376554958E+003  0.163672065441693E+001  0.172429044894227E+001  0.327477362940437E+000  0.238449943483770E+000 -0.131028262406404E+000 -0.142733188277479E+003
  0.100000000000000E+001  0.285457886670664E+003  0.898053331574343E+000  0.112942019145140E+001  0.185070497504732E+000  0.459202352759259E+000 -0.131028262406404E+000 -0.142728943335332E+003
  0.100000000000000E+001  0.285456207465416E+003  0.177666230944905E+001  0.190839228733106E+001  0.926953337014669E+000  0.221509653771451E+000 -0.131028262406404E+000 -0.142728103732708E+003
  0.100000000000000E+001  0.285440231661508E+003  0.127931187078236E+001  0.175155130922683E+001  0.510112605937044E+000  0.313242202087442E+000 -0.131028262406404E+000 -0.142720115830754E+003
  0.100000000000000E+001  0.285439684867124E+003  0.124757953361773E+001  0.642810244173158E+000  0.588499442057537E+000  0.351772272368323E+000 -0.131028262406404E+000 -0.142719842433562E+003
  0.100000000000000E+001  0.285431482948600E+003  0.127906660603640E+001  0.140672718884322E+001  0.320352009913310E+000  0.304181205974203E+000 -0.131028262406404E+000 -0.142715741474300E+003
  0.100000000000000E+001  0.285428410603794E+003  0.141963925083230E+001  0.647085035846042E+000  0.549869787684555E+000  0.298074838443451E+000 -0.131028262406404E+000 -0.142714205301897E+003
  0.100000000000000E+001  0.285416928322163E+003  0.150266761442596E+001  0.173195507498808E+001  0.679951336481908E+000  0.259251327819577E+000 -0.131028262406404E+000 -0.142708464161082E+003
  0.100000000000000E+001  0.285413192725529E+003  0.101098912427209E+001  0.100224135880898E+001  0.516665523099080E+000  0.404858345987671E+000 -0.131028262406404E+000 -0.142706596362765E+003
  0.100000000000000E+001  0.285403453023133E+003  0.132933271113456E+001  0.800815369570311E+000  0.808832508355928E+000  0.307748083306634E+000 -0.131028262406404E+000 -0.142701726511567E+003
  0.100000000000000E+001  0.285402481455841E+003  0.927952879518794E+000  0.135316432815088E+001  0.482742616137791E+000  0.432126813885270E+000 -0.131028262406404E+000 -0.142701240727920E+003
  0.100000000000000E+001  0.285391851724081E+003  0.100674813664263E+001  0.151026404176318E+001  0.916741459590683E+000  0.396048292223292E+000 -0.131028262406404E+000 -0.142695925862041E+003
  0.100000000000000E+001  0.285389609757607E+003  0.174008376470060E+001  0.563601280350619E+000  0.638354624706532E+000  0.235275787623920E+000 -0.131028262406404E+000 -0.142694804878803E+003
  0.100000000000000E+001  0.285382583231842E+003  0.137134311771691E+001  0.158880903184526E+001  0.857846598164269E+000  0.280997351085768E+000 -0.131028262406404E+000 -0.142691291615921E+003
  0.100000000000000E+001  0.285372969195497E+003  0.127827381024343E+001  0.116832041667539E+001  0.823932688597666E+000  0.302490850680553E+000 -0.131028262406404E+000 -0.142686484597748E+003
  0.100000000000000E+001  0.285354561491199E+003  0.114036375532038E+001  0.671805622287789E+000  0.587010621492733E+000  0.380173292299042E+000 -0.131028262406404E+000 -0.142677280745600E+003
  0.100000000000000E+001  0.285352021885397E+003  0.949749720468153E+000  0.189808881179246E+001  0.856738128164782E+000  0.461525192804422E+000 -0.131028262406404E+000 -0.142676010942699E+003
  0.100000000000000E+001  0.285347754473928E+003  0.975530951887922E+000  0.822754439086925E+000  0.639640865100989E+000  0.433830807781941E+000 -0.131028262406404E+000 -0.142673877236964E+003
  0.100000000000000E+001  0.285347426502211E+003  0.138718705899402E+001  0.991742050171138E+000  0.528694843177281E+000  0.279811591575923E+000 -0.131028262406404E+000 -0.142673713251106E+003
  0.100000000000000E+001  0.285323504050291E+003  0.103662237163422E+001  0.163812288124340E+001  0.562966956446296E+000  0.382382360716607E+000 -0.131028262406404E+000 -0.142661752025146E+003
  0.100000000000000E+001  0.285313252047087E+003  0.849933003673188E+000  0.167614563300447E+001  0.463086140623959E+000  0.490045730331431E+000 -0.131028262406404E+000 -0.142656626023544E+003
  0.100000000000000E+001  0.285304006347603E+003  0.149338778655586E+001  0.167073068268132E+001  0.100772287296438E+000  0.253024420856327E+000 -0.131028262406404E+000 -0.142652003173801E+003
  0.100000000000000E+001  0.285288697911833E+003  0.119894026414730E+001  0.186518657229180E+001  0.412321787478859E+000  0.333015611332394E+000 -0.131028262406404E+000 -0.142644348955917E+003
  0.100000000000000E+001  0.285288461575622E+003  0.894304907270432E+000  0.122132484054007E+001  0.467974387353436E+000  0.438587102343116E+000 -0.131028262406404E+000 -0.142644230787811E+003
  0.100000000000000E+001  0.285282734202892E+003  0.104106731691855E+001  0.132672675655076E+001  0.890099108890006E-001  0.368356362917078E+000 -0.131028262406404E+000 -0.142641367101446E+003
  0.100000000000000E+001  0.285275745898388E+003  0.109724235878276E+001  0.132055709561561E+001  0.666425368046974E+000  0.346950724741945E+000 -0.131028262406404E+000 -0.142637872949194E+003
  0.100000000000000E+001  0.285273930780000E+003  0.146886549651129E+001  0.140942822243219E+001  0.236591890095753E+000  0.252874162248146E+000 -0.131028262406404E+000 -0.142636965390000E+003
  0.100000000000000E+001  0.285261552365297E+003  0.119941785423732E+001  0.127186262243509E+001  0.560585317005358E+000  0.313984855109636E+000 -0.131028262406404E+000 -0.142630776182648E+003
  0.100000000000000E+001  0.285252577131174E+003  0.169169460559144E+001  0.793690789720343E+000  0.182433043931309E+000  0.225314847149940E+000 -0.131028262406404E+000 -0.142626288565587E+003
  0.100000000000000E+001  0.285250258725718E+003  0.162639009292588E+001  0.181846627826065E+001  0.800274406111350E+000  0.230752206225833E+000 -0.131028262406404E+000 -0.142625129362859E+003
  0.100000000000000E+001  0.285245409416121E+003  0.159111865633114E+001  0.117543084804086E+001  0.627276861330599E-001  0.231956122659808E+000 -0.131028262406404E+000 -0.142622704708060E+003
  0.100000000000000E+001  0.285226996181565E+003  0.112938556132523E+001  0.522795385150908E+000  0.963431303019169E+000  0.397294631629280E+000 -0.131028262406404E+000 -0.142613498090783E+003
  0.100000000000000E+001  0.285226396662897E+003  0.160518638078305E+001  0.199988814823562E+001  0.400373723525448E+000  0.238497993344812E+000 -0.131028262406404E+000 -0.142613198331449E+003
  0.100000000000000E+001  0.285223421845077E+003  0.994620795424190E+000  0.179904167735546E+001  0.742412483947730E+000  0.405133845800490E+000 -0.131028262406404E+000 -0.142611710922539E+003
  0.100000000000000E+001  0.285219151381852E+003  0.900432810692783E+000  0.175556121102723E+001  0.164493249543021E+000  0.453308221644484E+000 -0.131028262406404E+000 -0.142609575690926E+003
  0.100000000000000E+001  0.285218587134614E+003  0.101662793876650E+001  0.184380892156635E+001  0.590673096299633E+000  0.398651114090857E+000 -0.131028262406404E+000 -0.142609293567307E+003
  0.100000000000000E+001  0.285207516639496E+003  0.935367569568534E+000  0.896924368081160E+000  0.445652378617210E+000  0.428504902473122E+000 -0.131028262406404E+000 -0.142603758319748E+003
  0.100000000000000E+001  0.285205806499976E+003  0.110353754757267E+001  0.107175848552258E+001  0.689051749037582E+000  0.344349630481387E+000 -0.131028262406404E+000 -0.142602903249988E+003
  0.100000000000000E+001  0.285203481599631E+003  0.143557665206138E+001  0.111695121379774E+001  0.402846735599445E+000  0.257164793450630E+000 -0.131028262406404E+000 -0.142601740799816E+003
  0.100000000000000E+001  0.285196061891618E+003  0.899802027087035E+000  0.109363039958197E+001  0.846566539343129E+000  0.429752622438217E+000 -0.131028262406404E+000 -0.142598030945809E+003
  0.100000000000000E+001  0.285191793483273E+003  0.812772593566959E+000  0.123947306068570E+001  0.114204149939853E+000  0.475445471036839E+000 -0.131028262406404E+000 -0.142595896741637E+003
  0.100000000000000E+001  0.285188629195581E+003  0.116987227447946E+001  0.139207982272549E+001  0.205609614034511E+000  0.316461333396999E+000 -0.131028262406404E+000 -0.142594314597791E+003
  0.100000000000000E+001  0.285181429860867E+003  0.158568883029921E+001  0.197739470111953E+001  0.640989011568242E-001  0.238267012167031E+000 -0.131028262406404E+000 -0.142590714930434E+003
  0.100000000000000E+001  0.285178884434884E+003  0.181606845993697E+001  0.595543713881044E+000  0.246663466361926E+000  0.210352128362940E+000 -0.131028262406404E+000 -0.142589442217442E+003
  0.100000000000000E+001  0.285174636102781E+003  0.120551013987957E+001  0.117885860638973E+001  0.849158329003020E+000  0.306967903429464E+000 -0.131028262406404E+000 -0.142587318051391E+003
  0.100000000000000E+001  0.285172386098554E+003  0.989494559518224E+000  0.190136251852686E+001  0.140417407714741E+000  0.415133554646017E+000 -0.131028262406404E+000 -0.142586193049277E+003
  0.100000000000000E+001  0.285164964772364E+003  0.138224465968659E+001  0.174573000230568E+001  0.152593801822569E+000  0.268324616005460E+000 -0.131028262406404E+000 -0.142582482386182E+003
  0.100000000000000E+001  0.285158308752236E+003  0.180912141210830E+001  0.194311589045904E+001  0.353278080377662E+000  0.203415634410263E+000 -0.131028262406404E+000 -0.142579154376118E+003
  0.100000000000000E+001  0.285152843131740E+003  0.113290026229205E+001  0.100039336742291E+001  0.867346824166514E-001  0.332967716019370E+000 -0.131028262406404E+000 -0.142576421565870E+003
  0.100000000000000E+001  0.285140611970962E+003  0.167472228956552E+001  0.130971420268050E+001  0.792921566918695E+000  0.213463189161710E+000 -0.131028262406404E+000 -0.142570305985481E+003
  0.100000000000000E+001  0.285127862114377E+003  0.142967681039816E+001  0.118761743439884E+001  0.589243400761442E+000  0.252374282456011E+000 -0.131028262406404E+000 -0.142563931057188E+003
  0.100000000000000E+001  0.285111500854124E+003  0.110269961805886E+001  0.102954797181629E+001  0.816783955485887E+000  0.337815571504564E+000 -0.131028262406404E+000 -0.142555750427062E+003
  0.100000000000000E+001  0.285102810094410E+003  0.119300593436678E+001  0.159678837718053E+001  0.114864854160353E+000  0.306174387879109E+000 -0.131028262406404E+000 -0.142551405047205E+003
  0.100000000000000E+001  0.285100663360058E+003  0.155725088150844E+001  0.135924470504296E+001  0.498696380652711E+000  0.227994513516137E+000 -0.131028262406404E+000 -0.142550331680029E+003
  0.100000000000000E+001  0.285094330171558E+003  0.148601251941763E+001  0.614609932794792E+000  0.510944555863396E+000  0.259128248705534E+000 -0.131028262406404E+000 -0.142547165085779E+003
  0.100000000000000E+001  0.285086031225850E+003  0.946237698700966E+000  0.120627770307976E+001  0.918436993428408E+000  0.390082990404573E+000 -0.131028262406404E+000 -0.142543015612925E+003
  0.100000000000000E+001  0.285085342447239E+003  0.114713563791700E+001  0.171290271358639E+001  0.901280965898981E+000  0.322909153817513E+000 -0.131028262406404E+000 -0.142542671223619E+003
  0.100000000000000E+001  0.285082226314247E+003  0.147424456220563E+001  0.720487204470548E+000  0.751747690626813E+000  0.254696893516504E+000 -0.131028262406404E+000 -0.142541113157124E+003
  0.100000000000000E+001  0.285077766915140E+003  0.904373447706772E+000  0.172826188663088E+001  0.103523165117331E+000  0.429037667430504E+000 -0.131028262406404E+000 -0.142538883457570E+003
  0.100000000000000E+001  0.285077390129628E+003  0.112291599180423E+001  0.851544977867659E+000  0.228620610481418E+000  0.338390248786797E+000 -0.131028262406404E+000 -0.142538695064814E+003
  0.100000000000000E+001  0.285075957166577E+003  0.119709169235703E+001  0.181871683380457E+001  0.555274578650830E+000  0.312058182622407E+000 -0.131028262406404E+000 -0.142537978583288E+003
  0.100000000000000E+001  0.285050392333038E+003  0.127380552318504E+001  0.132234093979097E+001  0.238384287872122E+000  0.278524780844112E+000 -0.131028262406404E+000 -0.142525196166519E+003
  0.100000000000000E+001  0.285050030262135E+003  0.154581321156572E+001  0.569862510635546E+000  0.951904737922020E+000  0.246471749575184E+000 -0.131028262406404E+000 -0.142525015131068E+003
  0.100000000000000E+001  0.285029487599312E+003  0.120286729835896E+001  0.127470616894242E+001  0.768550577043277E-001  0.294782040370002E+000 -0.131028262406404E+000 -0.142514743799656E+003
  0.100000000000000E+001  0.285024105761054E+003  0.957914195708010E+000  0.793866320418756E+000  0.915380531059305E+000  0.406017596271497E+000 -0.131028262406404E+000 -0.142512052880527E+003
  0.100000000000000E+001  0.285019351384180E+003  0.992671151196459E+000  0.191140157959110E+001  0.286129615696654E+000  0.395660686637095E+000 -0.131028262406404E+000 -0.142509675692090E+003
  0.100000000000000E+001  0.285018551724267E+003  0.108661752901861E+001  0.102240910365583E+001  0.838205716641939E+000  0.334706462741887E+000 -0.131028262406404E+000 -0.142509275862134E+003
  0.100000000000000E+001  0.285015658875449E+003  0.129675276095658E+001  0.101139273546293E+001  0.617541772926102E+000  0.275869265841219E+000 -0.131028262406404E+000 -0.142507829437725E+003
  0.100000000000000E+001  0.285014703721856E+003  0.866582944484066E+000  0.146949755152785E+001  0.742965390542294E+000  0.423360329318906E+000 -0.131028262406404E+000 -0.142507351860928E+003
  0.100000000000000E+001  0.284998185067551E+003  0.888734654070914E+000  0.166728692143633E+001  0.827482877890086E+000  0.421566795671243E+000 -0.131028262406404E+000 -0.142499092533775E+003
  0.100000000000000E+001  0.284990779117042E+003  0.781482510541060E+000  0.130489996866915E+001  0.634900159150730E+000  0.468007582976288E+000 -0.131028262406404E+000 -0.142495389558521E+003
  0.100000000000000E+001  0.284990654775414E+003  0.123479360929751E+001  0.176648125237357E+001  0.495328450029196E+000  0.291397775671006E+000 -0.131028262406404E+000 -0.142495327387707E+003
  0.100000000000000E+001  0.284984048896232E+003  0.191898194363338E+001  0.159393411997554E+001  0.962385258784564E+000  0.178657120014497E+000 -0.131028262406404E+000 -0.142492024448116E+003
  0.100000000000000E+001  0.284966120444341E+003  0.752935669954182E+000  0.125006333299929E+001  0.159741499084416E+000  0.483954937250516E+000 -0.131028262406404E+000 -0.142483060222171E+003
  0.100000000000000E+001  0.284961386074196E+003  0.193301510960202E+001  0.158984640438113E+001  0.416559790921621E+000  0.176237224141349E+000 -0.131028262406404E+000 -0.142480693037098E+003
  0.100000000000000E+001  0.284961355569898E+003  0.103903449691830E+001  0.114802861902638E+001  0.220734070542104E+000  0.340995021669097E+000 -0.131028262406404E+000 -0.142480677784949E+003
  0.100000000000000E+001  0.284960851716809E+003  0.161003224105470E+001  0.148322933073222E+001  0.886080939738061E+000  0.212568112983692E+000 -0.131028262406404E+000 -0.142480425858404E+003
  0.100000000000000E+001  0.284936349254929E+003  0.926677870922118E+000  0.134473167368091E+001  0.994257471838810E-001  0.380880898061901E+000 -0.131028262406404E+000 -0.142468174627465E+003
  0.100000000000000E+001  0.284935400914216E+003  0.186104968332492E+001  0.921728573090007E+000  0.455332415733455E+000  0.184434276355540E+000 -0.131028262406404E+000 -0.142467700457108E+003
  0.100000000000000E+001  0.284934345192356E+003  0.924010547879647E+000  0.110972290055555E+001  0.560702103856557E+000  0.385786390315398E+000 -0.131028262406404E+000 -0.142467172596178E+003
  0.100000000000000E+001  0.284932764863443E+003  0.105560130156816E+001  0.154909283056674E+001  0.728982963545238E+000  0.332982162567468E+000 -0.131028262406404E+000 -0.142466382431721E+003
  0.100000000000000E+001  0.284931444434794E+003  0.986389117739903E+000  0.131202366798302E+001  0.344329779178351E+000  0.355080344016262E+000 -0.131028262406404E+000 -0.142465722217397E+003
  0.100000000000000E+001  0.284925431837094E+003  0.834544794563428E+000  0.182752816093643E+001  0.762598135380743E-002  0.466803705952817E+000 -0.131028262406404E+000 -0.142462715918547E+003
  0.100000000000000E+001  0.284916234375083E+003  0.138510183502736E+001  0.813993549035024E+000  0.431594572720587E+000  0.255934423436596E+000 -0.131028262406404E+000 -0.142458117187541E+003
  0.100000000000000E+001  0.284915618285397E+003  0.927842506700199E+000  0.148681344373540E+001  0.939244188958092E+000  0.380635736842226E+000 -0.131028262406404E+000 -0.142457809142698E+003
  0.100000000000000E+001  0.284913889896988E+003  0.945407483352125E+000  0.138523797248282E+001  0.156500711262198E+000  0.370359934664636E+000 -0.131028262406404E+000 -0.142456944948494E+003
  0.100000000000000E+001  0.284911470652067E+003  0.114562731354065E+001  0.183105183781653E+001  0.152076986094793E+000  0.313743226104321E+000 -0.131028262406404E+000 -0.142455735326033E+003
  0.100000000000000E+001  0.284881350486875E+003  0.119696637960946E+001  0.102203512821238E+001  0.947653178341099E+000  0.288971737745598E+000 -0.131028262406404E+000 -0.142440675243437E+003
  0.100000000000000E+001  0.284878009416788E+003  0.817452555561129E+000  0.828551426148240E+000  0.649208068249716E+000  0.458189433973251E+000 -0.131028262406404E+000 -0.142439004708394E+003
  0.100000000000000E+001  0.284876094690287E+003  0.981544134172315E+000  0.187894338744683E+001  0.686435449205284E+000  0.378770757799575E+000 -0.131028262406404E+000 -0.142438047345144E+003
  0.100000000000000E+001  0.284873436762310E+003  0.117090270105034E+001  0.197388965253562E+001  0.638699878378831E+000  0.312036910286949E+000 -0.131028262406404E+000 -0.142436718381155E+003
  0.100000000000000E+001  0.284871581469167E+003  0.188316413757580E+001  0.893205866123274E+000  0.901585031453545E-003  0.179224505997169E+000 -0.131028262406404E+000 -0.142435790734583E+003
  0.100000000000000E+001  0.284862552183301E+003  0.142080614711278E+001  0.937032909431781E+000  0.612591249995057E+000  0.240812753039033E+000 -0.131028262406404E+000 -0.142431276091651E+003
  0.100000000000000E+001  0.284857619694498E+003  0.132977623890007E+001  0.112321328560426E+001  0.638620872709200E+000  0.253987332375269E+000 -0.131028262406404E+000 -0.142428809847249E+003
  0.100000000000000E+001  0.284855816877986E+003  0.142868654168620E+001  0.170419413347734E+001  0.361477545764679E+000  0.236860151072300E+000 -0.131028262406404E+000 -0.142427908438993E+003
  0.100000000000000E+001  0.284850533500308E+003  0.110475144446337E+001  0.176158918624741E+001  0.862063309404735E-001  0.317000583335007E+000 -0.131028262406404E+000 -0.142425266750154E+003
  0.100000000000000E+001  0.284847816126744E+003  0.719331841273045E+000  0.133525052406086E+001  0.800799144475323E-001  0.490568042107865E+000 -0.131028262406404E+000 -0.142423908063372E+003
  0.100000000000000E+001  0.284840890663387E+003  0.841732822743054E+000  0.148743724183606E+001  0.612074211414143E+000  0.414933418972146E+000 -0.131028262406404E+000 -0.142420445331694E+003
  0.100000000000000E+001  0.284829627398473E+003  0.118580051888132E+001  0.155369296013862E+001  0.539124833824933E-001  0.284180877835767E+000 -0.131028262406404E+000 -0.142414813699236E+003
  0.100000000000000E+001  0.284826211295871E+003  0.154367908390546E+001  0.861459219994498E+000  0.553982580781484E+000  0.219457222261826E+000 -0.131028262406404E+000 -0.142413105647935E+003
  0.100000000000000E+001  0.284825455911102E+003  0.117688517716347E+001  0.540953087199759E+000  0.200383303913648E+000  0.322335123325615E+000 -0.131028262406404E+000 -0.142412727955551E+003
  0.100000000000000E+001  0.284824350757937E+003  0.185363997452534E+001  0.571691457797120E+000  0.910446298412812E+000  0.185808562046079E+000 -0.131028262406404E+000 -0.142412175378968E+003
  0.100000000000000E+001  0.284822517885970E+003  0.131396248949276E+001  0.537496544993393E+000  0.555949358558860E+000  0.280785352847555E+000 -0.131028262406404E+000 -0.142411258942985E+003
  0.100000000000000E+001  0.284818930196276E+003  0.781156414439588E+000  0.149794314697154E+001  0.635237219801556E+000  0.449258117264703E+000 -0.131028262406404E+000 -0.142409465098138E+003
  0.100000000000000E+001  0.284815467139177E+003  0.143993166300574E+001  0.173495253859724E+001  0.971259122929538E+000  0.232655434324644E+000 -0.131028262406404E+000 -0.142407733569589E+003
  0.100000000000000E+001  0.284814526685490E+003  0.779715880758280E+000  0.910358644079359E+000  0.955474501755865E+000  0.461417802133354E+000 -0.131028262406404E+000 -0.142407263342745E+003
  0.100000000000000E+001  0.284809701169368E+003  0.129171139958865E+001  0.112894202473247E+001  0.724466065680018E-002  0.258056160541876E+000 -0.131028262406404E+000 -0.142404850584684E+003
  0.100000000000000E+001  0.284804484295428E+003  0.110354670666602E+001  0.192142495655207E+001  0.519202556627200E+000  0.323391828837068E+000 -0.131028262406404E+000 -0.142402242147714E+003
  0.100000000000000E+001  0.284795676702151E+003  0.155646580989037E+001  0.124066740291559E+001  0.441132451117130E+000  0.210215434856764E+000 -0.131028262406404E+000 -0.142397838351076E+003
  0.100000000000000E+001  0.284794616624168E+003  0.743815904764883E+000  0.166945250305478E+001  0.421411949695929E+000  0.489495988350476E+000 -0.131028262406404E+000 -0.142397308312084E+003
  0.100000000000000E+001  0.284794389966815E+003  0.704005122739893E+000  0.103862004305295E+001  0.861135404105091E+000  0.499136723317072E+000 -0.131028262406404E+000 -0.142397194983407E+003
  0.100000000000000E+001  0.284790823432500E+003  0.781423965117257E+000  0.128512660623346E+001  0.738263141497981E+000  0.438071726243891E+000 -0.131028262406404E+000 -0.142395411716250E+003
  0.100000000000000E+001  0.284783511519880E+003  0.196092210888449E+001  0.159336390515555E+001  0.892487721289183E+000  0.165252311150988E+000 -0.131028262406404E+000 -0.142391755759940E+003
  0.100000000000000E+001  0.284779098312707E+003  0.143112532777466E+001  0.148018327049406E+001  0.530558435973340E+000  0.228283712361836E+000 -0.131028262406404E+000 -0.142389549156353E+003
  0.100000000000000E+001  0.284776317109996E+003  0.769747577698684E+000  0.171098242883951E+001  0.193595384372581E+000  0.471508813966696E+000 -0.131028262406404E+000 -0.142388158554998E+003
  0.100000000000000E+001  0.284772324265452E+003  0.997059721609858E+000  0.922125590644388E+000  0.718164057031456E-001  0.345610544690988E+000 -0.131028262406404E+000 -0.142386162132726E+003
  0.100000000000000E+001  0.284766774406799E+003  0.908321138868277E+000  0.922574401228603E+000  0.306008813090929E+000  0.382295179750150E+000 -0.131028262406404E+000 -0.142383387203400E+003
  0.100000000000000E+001  0.284763505601903E+003  0.937358411171330E+000  0.677290569934127E+000  0.169823603411131E+000  0.394721931938749E+000 -0.131028262406404E+000 -0.142381752800952E+003
  0.100000000000000E+001  0.284761754331553E+003  0.716786799158016E+000  0.113143440674073E+001  0.679860098340841E+000  0.478756845434593E+000 -0.131028262406404E+000 -0.142380877165777E+003
  0.100000000000000E+001  0.284758331717650E+003  0.894071722370100E+000  0.647749970215800E+000  0.347341360527363E+000  0.421872370728311E+000 -0.131028262406404E+000 -0.142379165858825E+003
  0.100000000000000E+001  0.284752433312185E+003  0.150102927599206E+001  0.944738232989892E+000  0.989024330076838E-002  0.219101154581460E+000 -0.131028262406404E+000 -0.142376216656092E+003
  0.100000000000000E+001  0.284752116789480E+003  0.847036514675676E+000  0.199589181813931E+001  0.191758309054715E+000  0.462202485939607E+000 -0.131028262406404E+000 -0.142376058394740E+003
  0.100000000000000E+001  0.284737740011126E+003  0.781592777653544E+000  0.171022482067662E+001  0.508279913328581E+000  0.455763877873323E+000 -0.131028262406404E+000 -0.142368870005563E+003
  0.100000000000000E+001  0.284733180282310E+003  0.130822861151252E+001  0.193917260722008E+001  0.675836721270693E+000  0.258895983562473E+000 -0.131028262406404E+000 -0.142366590141155E+003
  0.100000000000000E+001  0.284731832355540E+003  0.976699076111007E+000  0.137772394442887E+001  0.246921561747824E+000  0.336976594363670E+000 -0.131028262406404E+000 -0.142365916177770E+003
  0.100000000000000E+001  0.284731453300109E+003  0.149616179145906E+001  0.619318536502093E+000  0.934114091669757E+000  0.228088569537893E+000 -0.131028262406404E+000 -0.142365726650054E+003
  0.100000000000000E+001  0.284729346979827E+003  0.990574389384734E+000  0.643730740119677E+000  0.688202748103912E+000  0.369027164785243E+000 -0.131028262406404E+000 -0.142364673489913E+003
  0.100000000000000E+001  0.284722814053751E+003  0.106806991418214E+001  0.586362273842648E+000  0.265440882535520E+000  0.343084694645414E+000 -0.131028262406404E+000 -0.142361407026875E+003
  0.100000000000000E+001  0.284717722304773E+003  0.812283826900551E+000  0.907799458606081E+000  0.600882397465351E+000  0.425757564439930E+000 -0.131028262406404E+000 -0.142358861152386E+003
  0.100000000000000E+001  0.284715323689621E+003  0.916316956645267E+000  0.182929627373465E+001  0.941809415951740E+000  0.383936192876742E+000 -0.131028262406404E+000 -0.142357661844811E+003
  0.100000000000000E+001  0.284714512234939E+003  0.107733364799779E+001  0.649274219288128E+000  0.153094028288301E-001  0.331074617554561E+000 -0.131028262406404E+000 -0.142357256117469E+003
  0.100000000000000E+001  0.284714048967337E+003  0.124912229157209E+001  0.163506987048757E+001  0.145937587191119E+000  0.260522065148545E+000 -0.131028262406404E+000 -0.142357024483668E+003
  0.100000000000000E+001  0.284707982605364E+003  0.165199408513407E+001  0.177647203877982E+001  0.970734786514261E+000  0.194828230523848E+000 -0.131028262406404E+000 -0.142353991302682E+003
  0.100000000000000E+001  0.284701239728362E+003  0.983122720210478E+000  0.778964110837958E+000  0.795169844509961E+000  0.352900559246421E+000 -0.131028262406404E+000 -0.142350619864181E+003
  0.100000000000000E+001  0.284698442831513E+003  0.874638298046210E+000  0.117239905220759E+001  0.343462314419243E+000  0.376482611814379E+000 -0.131028262406404E+000 -0.142349221415756E+003
  0.100000000000000E+001  0.284694933881814E+003  0.974964967374218E+000  0.116678827778714E+001  0.739662740652610E+000  0.334738058283376E+000 -0.131028262406404E+000 -0.142347466940907E+003
  0.100000000000000E+001  0.284693123741577E+003  0.787396699410732E+000  0.101382581154442E+001  0.651174307807168E+000  0.427691983676774E+000 -0.131028262406404E+000 -0.142346561870788E+003
  0.100000000000000E+001  0.284687173062389E+003  0.147950786963374E+001  0.617220189291225E+000  0.262901156576061E+000  0.227426651674025E+000 -0.131028262406404E+000 -0.142343586531194E+003
  0.100000000000000E+001  0.284684773515325E+003  0.821778106161935E+000  0.131905730865875E+001  0.305315808937570E+000  0.399384172839978E+000 -0.131028262406404E+000 -0.142342386757662E+003
  0.100000000000000E+001  0.284669498133658E+003  0.117934352572614E+001  0.518525479772128E+000  0.921881976273241E+000  0.303978169424520E+000 -0.131028262406404E+000 -0.142334749066829E+003
  0.100000000000000E+001  0.284669209894281E+003  0.129798324134962E+001  0.146810952766049E+001  0.872348762079083E+000  0.244175653232886E+000 -0.131028262406404E+000 -0.142334604947140E+003
  0.100000000000000E+001  0.284666520555534E+003  0.758149495997038E+000  0.169323871790061E+001  0.277807394477909E+000  0.457954529109601E+000 -0.131028262406404E+000 -0.142333260277767E+003
  0.100000000000000E+001  0.284665809935718E+003  0.152820049780597E+001  0.147160743532115E+001  0.597670815971241E-002  0.205629901472203E+000 -0.131028262406404E+000 -0.142332904967859E+003
  0.100000000000000E+001  0.284663307884630E+003  0.132378317921817E+001  0.912381059225262E+000  0.965545256235566E+000  0.244171609359458E+000 -0.131028262406404E+000 -0.142331653942315E+003
  0.100000000000000E+001  0.284661650211162E+003  0.808188760012455E+000  0.136751851530168E+001  0.655632090587539E+000  0.403884835584512E+000 -0.131028262406404E+000 -0.142330825105581E+003
  0.100000000000000E+001  0.284659732296780E+003  0.145577240710718E+001  0.127226967011186E+001  0.641042388468327E+000  0.215745482196676E+000 -0.131028262406404E+000 -0.142329866148390E+003
  0.100000000000000E+001  0.284657805817747E+003  0.139351314534851E+001  0.613731908181166E+000  0.497513425294887E+000  0.241178811263800E+000 -0.131028262406404E+000 -0.142328902908874E+003
  0.100000000000000E+001  0.284657513738768E+003  0.112501914499955E+001  0.136701885278108E+001  0.862520564517812E+000  0.282316325525318E+000 -0.131028262406404E+000 -0.142328756869384E+003
  0.100000000000000E+001  0.284647952985079E+003  0.780118464001561E+000  0.188805299547902E+001  0.407372171779870E-001  0.470140052857003E+000 -0.131028262406404E+000 -0.142323976492539E+003
  0.100000000000000E+001  0.284645846929032E+003  0.170958554130005E+001  0.154727765360412E+001  0.181993770635970E+000  0.182199400924973E+000 -0.131028262406404E+000 -0.142322923464516E+003
  0.100000000000000E+001  0.284643204134050E+003  0.123592140356963E+001  0.626459303266475E+000  0.138971976557001E+000  0.275105295078108E+000 -0.131028262406404E+000 -0.142321602067025E+003
  0.100000000000000E+001  0.284638858455131E+003  0.809666277726927E+000  0.937874452796445E+000  0.429421667362482E+000  0.411699482129961E+000 -0.131028262406404E+000 -0.142319429227565E+003
  0.100000000000000E+001  0.284635198361169E+003  0.175000089376614E+001  0.162778877185783E+001  0.724573156972091E+000  0.177684111545473E+000 -0.131028262406404E+000 -0.142317599180585E+003
  0.100000000000000E+001  0.284634127854520E+003  0.130628476799021E+001  0.792231680708182E+000  0.876421408072732E+000  0.249105245351879E+000 -0.131028262406404E+000 -0.142317063927260E+003
  0.100000000000000E+001  0.284633214605939E+003  0.939566263414186E+000  0.785842560076553E+000  0.962880419279669E+000  0.360880899328638E+000 -0.131028262406404E+000 -0.142316607302970E+003
  0.100000000000000E+001  0.284630125792301E+003  0.199050830724311E+001  0.111470526306383E+001  0.670149764010459E+000  0.155284958038547E+000 -0.131028262406404E+000 -0.142315062896151E+003
  0.100000000000000E+001  0.284629292870456E+003  0.157981867544633E+001  0.190323770841844E+001  0.598309037466858E+000  0.201315766219551E+000 -0.131028262406404E+000 -0.142314646435228E+003
  0.100000000000000E+001  0.284628529307855E+003  0.198726448599029E+001  0.192134012685999E+001  0.732178615930134E+000  0.157613064378913E+000 -0.131028262406404E+000 -0.142314264653927E+003
  0.100000000000000E+001  0.284627824163853E+003  0.134415188904076E+001  0.119719196155483E+001  0.125252047372816E+000  0.232392345376973E+000 -0.131028262406404E+000 -0.142313912081926E+003
  0.100000000000000E+001  0.284627524384345E+003  0.139220523877948E+001  0.136987305503694E+001  0.961568765915709E+000  0.223402161114404E+000 -0.131028262406404E+000 -0.142313762192172E+003
  0.100000000000000E+001  0.284625474572343E+003  0.195176541430910E+001  0.115519340426928E+001  0.471043445309272E+000  0.158033810580796E+000 -0.131028262406404E+000 -0.142312737286171E+003
  0.100000000000000E+001  0.284622161842289E+003  0.857559950880034E+000  0.691653466238191E+000  0.305850204064785E+000  0.410530064809374E+000 -0.131028262406404E+000 -0.142311080921144E+003
  0.100000000000000E+001  0.284618712196041E+003  0.115660737464054E+001  0.192548927292585E+001  0.328316813090297E+000  0.286099055162530E+000 -0.131028262406404E+000 -0.142309356098020E+003
  0.100000000000000E+001  0.284618401832027E+003  0.134826568763722E+001  0.147622689059064E+001  0.498447481771647E+000  0.230668981586531E+000 -0.131028262406404E+000 -0.142309200916014E+003
  0.100000000000000E+001  0.284612050784741E+003  0.135636449499418E+001  0.860917828357658E+000  0.555541928633470E+000  0.234872489769178E+000 -0.131028262406404E+000 -0.142306025392371E+003
  0.100000000000000E+001  0.284606623300915E+003  0.134231876998496E+001  0.168226550170902E+001  0.449626928962935E+000  0.233345827729585E+000 -0.131028262406404E+000 -0.142303311650458E+003
  0.100000000000000E+001  0.284590790445340E+003  0.805954593812625E+000  0.163516243179357E+001  0.981769579320310E+000  0.407071610414053E+000 -0.131028262406404E+000 -0.142295395222670E+003
  0.100000000000000E+001  0.284590495966102E+003  0.105949544429034E+001  0.624603484429596E+000  0.801697415566619E+000  0.323012267311794E+000 -0.131028262406404E+000 -0.142295247983051E+003
  0.100000000000000E+001  0.284589243448348E+003  0.128200196279955E+001  0.154891120353410E+001  0.958474769738317E+000  0.241449366857486E+000 -0.131028262406404E+000 -0.142294621724174E+003
  0.100000000000000E+001  0.284588184457578E+003  0.996036939112802E+000  0.186340252774007E+001  0.975882428676827E+000  0.333039553048015E+000 -0.131028262406404E+000 -0.142294092228789E+003
  0.100000000000000E+001  0.284584893086322E+003  0.982162596892880E+000  0.968037318434375E+000  0.398343841871615E-001  0.325311698578261E+000 -0.131028262406404E+000 -0.142292446543161E+003
  0.100000000000000E+001  0.284582631543179E+003  0.101408909096257E+001  0.145718165256002E+001  0.680405562236894E+000  0.307830153211534E+000 -0.131028262406404E+000 -0.142291315771590E+003
  0.100000000000000E+001  0.284580776529023E+003  0.174671865069874E+001  0.124153278426043E+001  0.450846280367195E+000  0.174119904506139E+000 -0.131028262406404E+000 -0.142290388264511E+003
  0.100000000000000E+001  0.284567730162261E+003  0.680425736658610E+000  0.853463489008592E+000  0.784977413501899E-001  0.491257988549511E+000 -0.131028262406404E+000 -0.142283865081130E+003
  0.100000000000000E+001  0.284566609689849E+003  0.839538360309640E+000  0.186697741999891E+001  0.622069319248421E+000  0.408454262728311E+000 -0.131028262406404E+000 -0.142283304844924E+003
  0.100000000000000E+001  0.284566548287936E+003  0.189613269240687E+001  0.102813007423435E+001  0.824321037489832E+000  0.160219891230579E+000 -0.131028262406404E+000 -0.142283274143968E+003
  0.100000000000000E+001  0.284566270557382E+003  0.172857186283740E+001  0.182994513483750E+001  0.522574328932081E+000  0.177689770662676E+000 -0.131028262406404E+000 -0.142283135278691E+003
  0.100000000000000E+001  0.284565642539181E+003  0.917113989973630E+000  0.553879533179900E+000  0.965822146190878E+000  0.390806628707389E+000 -0.131028262406404E+000 -0.142282821269591E+003
  0.100000000000000E+001  0.284558516706694E+003  0.108583169481287E+001  0.173831069513105E+001  0.721077802551804E+000  0.290846625894203E+000 -0.131028262406404E+000 -0.142279258353347E+003
  0.100000000000000E+001  0.284550784454463E+003  0.943397293369082E+000  0.636611751871702E+000  0.705385709260590E+000  0.362544577958643E+000 -0.131028262406404E+000 -0.142275392227231E+003
  0.100000000000000E+001  0.284543752080471E+003  0.734505550159267E+000  0.141621092813592E+001  0.468501053261266E+000  0.429668048113558E+000 -0.131028262406404E+000 -0.142271876040235E+003
  0.100000000000000E+001  0.284543006301030E+003  0.133210676980340E+001  0.564158432989088E+000  0.307765362042111E+000  0.245122762535849E+000 -0.131028262406404E+000 -0.142271503150515E+003
  0.100000000000000E+001  0.284533452013731E+003  0.139297516245295E+001  0.109712124103311E+001  0.471000130729703E+000  0.217395208534934E+000 -0.131028262406404E+000 -0.142266726006866E+003
  0.100000000000000E+001  0.284532243036581E+003  0.155529501210776E+001  0.544273604967545E+000  0.201986924143007E+000  0.204681231046222E+000 -0.131028262406404E+000 -0.142266121518291E+003
  0.100000000000000E+001  0.284531876269542E+003  0.922638403670812E+000  0.115448362174301E+001  0.704006974630939E+000  0.334225574139980E+000 -0.131028262406404E+000 -0.142265938134771E+003
  0.100000000000000E+001  0.284524000456215E+003  0.151080427150385E+001  0.122778621108734E+001  0.553782459439493E+000  0.198178435541416E+000 -0.131028262406404E+000 -0.142262000228108E+003
  0.100000000000000E+001  0.284521266427982E+003  0.934156430458014E+000  0.189684363953024E+001  0.819632101304617E+000  0.353416734804699E+000 -0.131028262406404E+000 -0.142260633213991E+003
  0.100000000000000E+001  0.284520989649428E+003  0.100499047161262E+001  0.586711845849825E+000  0.388898105411386E-001  0.337383830291238E+000 -0.131028262406404E+000 -0.142260494824714E+003
  0.100000000000000E+001  0.284520970659981E+003  0.157750001558084E+001  0.511684763868561E+000  0.402572099519252E+000  0.201530483718077E+000 -0.131028262406404E+000 -0.142260485329990E+003
  0.100000000000000E+001  0.284517602833689E+003  0.788718293599328E+000  0.140103551450139E+001  0.258332990657398E-001  0.392649517573174E+000 -0.131028262406404E+000 -0.142258801416845E+003
  0.100000000000000E+001  0.284513429064803E+003  0.104098008865001E+001  0.944480427092109E+000  0.461881272693510E-002  0.297801236896623E+000 -0.131028262406404E+000 -0.142256714532401E+003
  0.100000000000000E+001  0.284513237801711E+003  0.859144513553653E+000  0.117772073301656E+001  0.320496008727417E+000  0.357283347298492E+000 -0.131028262406404E+000 -0.142256618900855E+003
  0.100000000000000E+001  0.284507287331193E+003  0.186534230207239E+001  0.534027311604746E+000  0.966852171182719E+000  0.165405855111999E+000 -0.131028262406404E+000 -0.142253643665596E+003
  0.100000000000000E+001  0.284506073981297E+003  0.186661163219034E+001  0.170210482244886E+001  0.549356325204540E+000  0.159352485895978E+000 -0.131028262406404E+000 -0.142253036990649E+003
  0.100000000000000E+001  0.284501792601362E+003  0.120369242129180E+001  0.138784043583779E+001  0.335720372991793E+000  0.248524206013035E+000 -0.131028262406404E+000 -0.142250896300681E+003
  0.100000000000000E+001  0.284500077499899E+003  0.153913005200790E+001  0.117649848030472E+001  0.475627467135851E+000  0.192948856256247E+000 -0.131028262406404E+000 -0.142250038749949E+003
  0.100000000000000E+001  0.284499583871225E+003  0.145728247753619E+001  0.152666546383066E+001  0.949331744911495E+000  0.204136429137871E+000 -0.131028262406404E+000 -0.142249791935613E+003
  0.100000000000000E+001  0.284494835431537E+003  0.945537610220027E+000  0.726588853303830E+000  0.157316725282588E+000  0.342623798771344E+000 -0.131028262406404E+000 -0.142247417715768E+003
  0.100000000000000E+001  0.284492064587917E+003  0.128671092192794E+001  0.725594241261299E+000  0.357136642181822E+000  0.241889850990291E+000 -0.131028262406404E+000 -0.142246032293958E+003
  0.100000000000000E+001  0.284491706642496E+003  0.105203832531647E+001  0.943483988077568E+000  0.563311289529137E+000  0.291822834630702E+000 -0.131028262406404E+000 -0.142245853321248E+003
  0.100000000000000E+001  0.284486817626187E+003  0.133851018505607E+001  0.794479721454111E+000  0.873007483939575E-001  0.228782075962886E+000 -0.131028262406404E+000 -0.142243408813094E+003
  0.100000000000000E+001  0.284486462011305E+003  0.124102300007411E+001  0.548761544527276E+000  0.165505483410881E+000  0.260757047506628E+000 -0.131028262406404E+000 -0.142243231005653E+003
  0.100000000000000E+001  0.284481223593481E+003  0.133550573987473E+001  0.148290616097088E+001  0.151415026570791E+000  0.221687010528790E+000 -0.131028262406404E+000 -0.142240611796741E+003
  0.100000000000000E+001  0.284479376738942E+003  0.820362324900454E+000  0.192225963109684E+001  0.559425876845317E+000  0.412998050706426E+000 -0.131028262406404E+000 -0.142239688369471E+003
  0.100000000000000E+001  0.284477133795992E+003  0.891771523757287E+000  0.103810011527926E+001  0.550356464723083E+000  0.342104562644854E+000 -0.131028262406404E+000 -0.142238566897996E+003
  0.100000000000000E+001  0.284472198820021E+003  0.630883181142212E+000  0.111527937838386E+001  0.738955199804610E+000  0.487138797819910E+000 -0.131028262406404E+000 -0.142236099410010E+003
  0.100000000000000E+001  0.284466904406021E+003  0.891226383189782E+000  0.545907289970490E+000  0.248342993906900E+000  0.385885543623122E+000 -0.131028262406404E+000 -0.142233452203010E+003
  0.100000000000000E+001  0.284462999899706E+003  0.979702002618429E+000  0.970933150029809E+000  0.843225986485292E+000  0.310077979259191E+000 -0.131028262406404E+000 -0.142231499949853E+003
  0.100000000000000E+001  0.284459350664660E+003  0.103022506499182E+001  0.768783462581448E+000  0.996137716583519E+000  0.303079120911372E+000 -0.131028262406404E+000 -0.142229675332330E+003
  0.100000000000000E+001  0.284459153035225E+003  0.136116038545983E+001  0.169022297291952E+001  0.145732079485696E+000  0.217740335210578E+000 -0.131028262406404E+000 -0.142229576517612E+003
  0.100000000000000E+001  0.284458569566676E+003  0.180852612331244E+001  0.834485396732656E+000  0.446228232836650E+000  0.163316950570783E+000 -0.131028262406404E+000 -0.142229284783338E+003
  0.100000000000000E+001  0.284454815311011E+003  0.656677148983354E+000  0.974016997742366E+000  0.333559542208955E+000  0.471204602780900E+000 -0.131028262406404E+000 -0.142227407655505E+003
  0.100000000000000E+001  0.284446583984403E+003  0.930675392070404E+000  0.153237614352629E+001  0.222365845643107E+000  0.321644749218684E+000 -0.131028262406404E+000 -0.142223291992202E+003
  0.100000000000000E+001  0.284443720323815E+003  0.144019666900233E+001  0.127780322175859E+001  0.924248491256201E+000  0.201760903732705E+000 -0.131028262406404E+000 -0.142221860161907E+003
  0.100000000000000E+001  0.284442687189717E+003  0.180903471740106E+001  0.188955238268542E+001  0.356138768912265E+000  0.162349700708591E+000 -0.131028262406404E+000 -0.142221343594859E+003
  0.100000000000000E+001  0.284439822335859E+003  0.140993059384394E+001  0.711744122216621E+000  0.819456421397091E+000  0.214188446885154E+000 -0.131028262406404E+000 -0.142219911167930E+003
  0.100000000000000E+001  0.284437896738373E+003  0.109098855143221E+001  0.189465803528818E+001  0.819597636518145E+000  0.282753734962638E+000 -0.131028262406404E+000 -0.142218948369186E+003
  0.100000000000000E+001  0.284434086516127E+003  0.736134338927622E+000  0.603362113435534E+000  0.192296056564671E+000  0.463620774295386E+000 -0.131028262406404E+000 -0.142217043258064E+003
  0.100000000000000E+001  0.284434018336332E+003  0.102415194903782E+001  0.119574430063806E+001  0.557779036891715E+000  0.287011581646277E+000 -0.131028262406404E+000 -0.142217009168166E+003
  0.100000000000000E+001  0.284433496874804E+003  0.188827474647842E+001  0.104210719953312E+001  0.714751041094397E+000  0.153042294139827E+000 -0.131028262406404E+000 -0.142216748437402E+003
  0.100000000000000E+001  0.284433400929371E+003  0.139921443440277E+001  0.533976369071377E+000  0.536424791458248E+000  0.221721026388848E+000 -0.131028262406404E+000 -0.142216700464686E+003
  0.100000000000000E+001  0.284431762420605E+003  0.851194355441752E+000  0.970039259301283E+000  0.955352445171846E+000  0.355307674464775E+000 -0.131028262406404E+000 -0.142215881210302E+003
  0.100000000000000E+001  0.284430698057042E+003  0.114327239218785E+001  0.122381261262968E+001  0.699472670283322E-001  0.255229993712149E+000 -0.131028262406404E+000 -0.142215349028521E+003
  0.100000000000000E+001  0.284429748690909E+003  0.124001124547984E+001  0.121556365311138E+001  0.740824253170143E+000  0.234508091489152E+000 -0.131028262406404E+000 -0.142214874345454E+003
  0.100000000000000E+001  0.284428474371418E+003  0.914683608826615E+000  0.692357252316587E+000  0.759266273334219E+000  0.347816987651115E+000 -0.131028262406404E+000 -0.142214237185709E+003
  0.100000000000000E+001  0.284426995784173E+003  0.853205130842749E+000  0.196161272296428E+001  0.877131949640574E+000  0.388330253483522E+000 -0.131028262406404E+000 -0.142213497892087E+003
  0.100000000000000E+001  0.284425896499261E+003  0.674643834417082E+000  0.175577740011618E+001  0.421615565141284E+000  0.485002448616360E+000 -0.131028262406404E+000 -0.142212948249631E+003
  0.100000000000000E+001  0.284421552156773E+003  0.769388101211118E+000  0.146277512269893E+001  0.744118375762785E+000  0.388931441844709E+000 -0.131028262406404E+000 -0.142210776078387E+003
  0.100000000000000E+001  0.284416826411818E+003  0.814425872693677E+000  0.125660726068511E+001  0.559915294461383E-001  0.361896165731679E+000 -0.131028262406404E+000 -0.142208413205909E+003
  0.100000000000000E+001  0.284414921347512E+003  0.174810102920525E+001  0.137408583162068E+001  0.342506403963189E+000  0.163478737895485E+000 -0.131028262406404E+000 -0.142207460673756E+003
  0.100000000000000E+001  0.284412193852242E+003  0.197279321749643E+001  0.198271466711126E+001  0.705452225330599E-001  0.147253877554957E+000 -0.131028262406404E+000 -0.142206096926121E+003
  0.100000000000000E+001  0.284410028378032E+003  0.140256844052783E+001  0.147065030300476E+001  0.720074067831316E+000  0.204782897439357E+000 -0.131028262406404E+000 -0.142205014189016E+003
  0.100000000000000E+001  0.284407484379206E+003  0.108877051204717E+001  0.188193427684725E+001  0.367202107831172E+000  0.278925307443762E+000 -0.131028262406404E+000 -0.142203742189603E+003
  0.100000000000000E+001  0.284407084645101E+003  0.897616987342723E+000  0.698026119347292E+000  0.680820642892980E-001  0.350899633254005E+000 -0.131028262406404E+000 -0.142203542322551E+003
  0.100000000000000E+001  0.284398322747468E+003  0.143563317438202E+001  0.148555750249122E+001  0.729928625172147E+000  0.199028326476306E+000 -0.131028262406404E+000 -0.142199161373734E+003
  0.100000000000000E+001  0.284394546311187E+003  0.662767345858239E+000  0.112779736320939E+001  0.400040561147196E+000  0.445949271261730E+000 -0.131028262406404E+000 -0.142197273155593E+003
  0.100000000000000E+001  0.284392745295892E+003  0.933162656710215E+000  0.153120830282506E+001  0.432912459894624E+000  0.313273664218283E+000 -0.131028262406404E+000 -0.142196372647946E+003
  0.100000000000000E+001  0.284387024186702E+003  0.105525453435283E+001  0.945635184711139E+000  0.105767758236371E+000  0.277780726144113E+000 -0.131028262406404E+000 -0.142193512093351E+003
  0.100000000000000E+001  0.284386748826007E+003  0.167814828092485E+001  0.128830142634764E+001  0.691879971488924E+000  0.168552460224725E+000 -0.131028262406404E+000 -0.142193374413004E+003
  0.100000000000000E+001  0.284385420500351E+003  0.606109258502539E+000  0.100249108355600E+001  0.675611367141213E+000  0.492131850992326E+000 -0.131028262406404E+000 -0.142192710250176E+003
  0.100000000000000E+001  0.284384318782300E+003  0.103855939402367E+001  0.513721648191427E+000  0.909118394268536E+000  0.309852002763873E+000 -0.131028262406404E+000 -0.142192159391150E+003
  0.100000000000000E+001  0.284382664452228E+003  0.707314386687819E+000  0.135856074067938E+001  0.969074183374580E+000  0.414728848580859E+000 -0.131028262406404E+000 -0.142191332226114E+003
  0.100000000000000E+001  0.284378792907640E+003  0.131726964792803E+001  0.580746034802793E+000  0.277766467438469E+000  0.229468821090033E+000 -0.131028262406404E+000 -0.142189396453820E+003
  0.100000000000000E+001  0.284374599523031E+003  0.102591343381216E+001  0.125610754449852E+001  0.349368595583400E+000  0.278767455696346E+000 -0.131028262406404E+000 -0.142187299761516E+003
  0.100000000000000E+001  0.284369071080102E+003  0.696077419739804E+000  0.697054781402011E+000  0.225138306296376E+000  0.456479755409521E+000 -0.131028262406404E+000 -0.142184535540051E+003
  0.100000000000000E+001  0.284368728549475E+003  0.114285385418809E+001  0.121339667276145E+001  0.916495979109299E+000  0.248749016282118E+000 -0.131028262406404E+000 -0.142184364274737E+003
  0.100000000000000E+001  0.284365794347446E+003  0.101152088424072E+001  0.175265733477882E+001  0.984373428419425E+000  0.290985952078787E+000 -0.131028262406404E+000 -0.142182897173723E+003
  0.100000000000000E+001  0.284364354466033E+003  0.121074015669261E+001  0.167941797151023E+001  0.922356904529715E+000  0.236923730587408E+000 -0.131028262406404E+000 -0.142182177233017E+003
  0.100000000000000E+001  0.284362822792646E+003  0.160353306267143E+001  0.142413404164025E+001  0.241141881308565E-001  0.174856754087482E+000 -0.131028262406404E+000 -0.142181411396323E+003
  0.100000000000000E+001  0.284362397149735E+003  0.123238918773237E+001  0.880691316569367E+000  0.938477362706563E+000  0.234471024819271E+000 -0.131028262406404E+000 -0.142181198574867E+003
  0.100000000000000E+001  0.284361642177046E+003  0.197998064475888E+001  0.704126992941632E+000  0.534174608531953E-001  0.143828311954156E+000 -0.131028262406404E+000 -0.142180821088523E+003
  0.100000000000000E+001  0.284359945328686E+003  0.184530042182245E+001  0.178321039084563E+001  0.997686766596040E-001  0.152817383967269E+000 -0.131028262406404E+000 -0.142179972664343E+003
  0.100000000000000E+001  0.284358509999694E+003  0.136215066413629E+001  0.155710713598284E+001  0.846542108251340E+000  0.207175311838545E+000 -0.131028262406404E+000 -0.142179254999847E+003
  0.100000000000000E+001  0.284355424252255E+003  0.762886984825326E+000  0.158845115911240E+001  0.836991031398263E+000  0.387069966153557E+000 -0.131028262406404E+000 -0.142177712126128E+003
  0.100000000000000E+001  0.284354588803472E+003  0.165823283925552E+001  0.180159312873615E+001  0.232570604126278E+000  0.170633528107568E+000 -0.131028262406404E+000 -0.142177294401736E+003
  0.100000000000000E+001  0.284352858701389E+003  0.156879541196082E+001  0.140183353492371E+001  0.439023699771125E-001  0.178031695421815E+000 -0.131028262406404E+000 -0.142176429350695E+003
  0.100000000000000E+001  0.284347877045867E+003  0.199932474707375E+001  0.537172238778394E+000  0.860885071768327E+000  0.143231551110309E+000 -0.131028262406404E+000 -0.142173938522934E+003
  0.100000000000000E+001  0.284347138454134E+003  0.142369936596430E+001  0.182945965112196E+001  0.240333734975374E+000  0.200344903932290E+000 -0.131028262406404E+000 -0.142173569227067E+003
  0.100000000000000E+001  0.284342452567541E+003  0.143778906562066E+001  0.104916732630983E+001  0.754897902026515E+000  0.195128614248261E+000 -0.131028262406404E+000 -0.142171226283770E+003
  0.100000000000000E+001  0.284340840824584E+003  0.629882014357788E+000  0.767956381169441E+000  0.467952793369858E+000  0.487484937407455E+000 -0.131028262406404E+000 -0.142170420412292E+003
  0.100000000000000E+001  0.284340069211623E+003  0.158344346646989E+001  0.129213512297357E+001  0.650206322659460E+000  0.175377657848367E+000 -0.131028262406404E+000 -0.142170034605811E+003
  0.100000000000000E+001  0.284335583070001E+003  0.891257866250657E+000  0.170523454934856E+001  0.294690863825742E+000  0.328197278980310E+000 -0.131028262406404E+000 -0.142167791535000E+003
  0.100000000000000E+001  0.284334980814510E+003  0.653504496227526E+000  0.180240627618707E+001  0.320141270146985E+000  0.490313694435383E+000 -0.131028262406404E+000 -0.142167490407255E+003
  0.100000000000000E+001  0.284331513646450E+003  0.738417051019594E+000  0.187829012182138E+001  0.478771875610666E-001  0.431253998436565E+000 -0.131028262406404E+000 -0.142165756823225E+003
  0.100000000000000E+001  0.284330561591143E+003  0.704295181789046E+000  0.154495607379567E+001  0.936512856028801E+000  0.415043248515779E+000 -0.131028262406404E+000 -0.142165280795571E+003
  0.100000000000000E+001  0.284327634028310E+003  0.867461801494779E+000  0.730996175631031E+000  0.693084725808038E+000  0.346444828915018E+000 -0.131028262406404E+000 -0.142163817014155E+003
  0.100000000000000E+001  0.284327287000675E+003  0.821150577322082E+000  0.177822403410690E+001  0.626778558564485E-001  0.364934742187228E+000 -0.131028262406404E+000 -0.142163643500338E+003
  0.100000000000000E+001  0.284320115748343E+003  0.975533838270235E+000  0.183517009567999E+001  0.683462470664884E-001  0.301065310891543E+000 -0.131028262406404E+000 -0.142160057874171E+003
  0.100000000000000E+001  0.284319544240704E+003  0.721297326938565E+000  0.679466947059656E+000  0.328382092558124E+000  0.429207279827883E+000 -0.131028262406404E+000 -0.142159772120352E+003
  0.100000000000000E+001  0.284319229611180E+003  0.899127477457559E+000  0.165216107794083E+001  0.493950997435098E+000  0.319701335937476E+000 -0.131028262406404E+000 -0.142159614805590E+003
  0.100000000000000E+001  0.284319074494602E+003  0.770854441005701E+000  0.110438462268168E+001  0.170284798657143E+000  0.368161210085569E+000 -0.131028262406404E+000 -0.142159537247301E+003
  0.100000000000000E+001  0.284317799628757E+003  0.169751697919283E+001  0.712512740690650E+000  0.848762427538443E+000  0.165870476628728E+000 -0.131028262406404E+000 -0.142158899814379E+003
  0.100000000000000E+001  0.284314971842751E+003  0.141686998477586E+001  0.171540581215715E+001  0.591453775640420E+000  0.196734045620457E+000 -0.131028262406404E+000 -0.142157485921376E+003
  0.100000000000000E+001  0.284314515940605E+003  0.737843765161193E+000  0.612867520100991E+000  0.328470180298018E+000  0.428328348629396E+000 -0.131028262406404E+000 -0.142157257970302E+003
  0.100000000000000E+001  0.284311761655711E+003  0.121996481096225E+001  0.103833215340605E+001  0.483687071265245E+000  0.228387170579632E+000 -0.131028262406404E+000 -0.142155880827855E+003
  0.100000000000000E+001  0.284311346315488E+003  0.989301774742900E+000  0.136125989233926E+001  0.640605012588445E+000  0.281312373560066E+000 -0.131028262406404E+000 -0.142155673157744E+003
  0.100000000000000E+001  0.284311234341059E+003  0.110979746493324E+001  0.127808388123846E+001  0.151534762276574E-001  0.249565474367018E+000 -0.131028262406404E+000 -0.142155617170530E+003
  0.100000000000000E+001  0.284306682964332E+003  0.621690588527941E+000  0.111251081965988E+001  0.488413716993573E+000  0.455610267615759E+000 -0.131028262406404E+000 -0.142153341482166E+003
  0.100000000000000E+001  0.284304762140102E+003  0.827922433440523E+000  0.894517378502362E+000  0.371773772775754E+000  0.347800130444202E+000 -0.131028262406404E+000 -0.142152381070051E+003
  0.100000000000000E+001  0.284299602587437E+003  0.158522571853728E+001  0.199710229826903E+001  0.698920879978817E+000  0.177417849377957E+000 -0.131028262406404E+000 -0.142149801293718E+003
  0.100000000000000E+001  0.284299485438387E+003  0.894841669681190E+000  0.128590472271558E+001  0.432294195177992E-001  0.310381014208818E+000 -0.131028262406404E+000 -0.142149742719194E+003
  0.100000000000000E+001  0.284296823590412E+003  0.172785695181961E+001  0.165451140783977E+001  0.657697248569988E+000  0.158281412423278E+000 -0.131028262406404E+000 -0.142148411795206E+003
  0.100000000000000E+001  0.284288801978213E+003  0.128507498593927E+001  0.125993600991421E+001  0.478821785269012E+000  0.212358335307103E+000 -0.131028262406404E+000 -0.142144400989107E+003
  0.100000000000000E+001  0.284287573815157E+003  0.633183274712591E+000  0.143372484794341E+001  0.646681659470900E+000  0.448345819499242E+000 -0.131028262406404E+000 -0.142143786907578E+003
  0.100000000000000E+001  0.284282931511114E+003  0.729673605444361E+000  0.122745165895448E+001  0.260206697769175E+000  0.380663952752487E+000 -0.131028262406404E+000 -0.142141465755557E+003
  0.100000000000000E+001  0.284282885292800E+003  0.984155233853346E+000  0.896710612868353E+000  0.901268643279337E+000  0.286142445523757E+000 -0.131028262406404E+000 -0.142141442646400E+003
  0.100000000000000E+001  0.284278714678719E+003  0.912701932092730E+000  0.198532094979343E+001  0.812963881139055E+000  0.331939579106703E+000 -0.131028262406404E+000 -0.142139357339359E+003
  0.100000000000000E+001  0.284278604629113E+003  0.819511666524594E+000  0.199197507967606E+001  0.185833607704886E+000  0.382662749856951E+000 -0.131028262406404E+000 -0.142139302314557E+003
  0.100000000000000E+001  0.284276054087479E+003  0.749497977894677E+000  0.149101053817316E+001  0.856298216255097E+000  0.373955019656368E+000 -0.131028262406404E+000 -0.142138027043739E+003
  0.100000000000000E+001  0.284274889695849E+003  0.147015584752044E+001  0.147866001605358E+001  0.976997226762370E+000  0.184023105222796E+000 -0.131028262406404E+000 -0.142137444847925E+003
  0.100000000000000E+001  0.284273382419634E+003  0.852737481959657E+000  0.817176716457937E+000  0.700589637067751E-001  0.336035722408193E+000 -0.131028262406404E+000 -0.142136691209817E+003
  0.100000000000000E+001  0.284270356614953E+003  0.787477083253655E+000  0.742061581395651E+000  0.868041485456160E+000  0.371657652813017E+000 -0.131028262406404E+000 -0.142135178307477E+003
  0.100000000000000E+001  0.284270075247804E+003  0.783726019252953E+000  0.106468516325490E+001  0.968017137408743E-001  0.353976936492843E+000 -0.131028262406404E+000 -0.142135037623902E+003
  0.100000000000000E+001  0.284268462492311E+003  0.598376630255984E+000  0.767034195047303E+000  0.385141933030923E+000  0.492341634350200E+000 -0.131028262406404E+000 -0.142134231246156E+003
  0.100000000000000E+001  0.284266697685960E+003  0.665293038462409E+000  0.576249404252091E+000  0.211661996625020E+000  0.475357126405784E+000 -0.131028262406404E+000 -0.142133348842980E+003
  0.100000000000000E+001  0.284266506038593E+003  0.192874501682465E+001  0.103656136900682E+001  0.672896325773418E+000  0.139452483853598E+000 -0.131028262406404E+000 -0.142133253019297E+003
  0.100000000000000E+001  0.284262401943946E+003  0.789122441659212E+000  0.727619058048684E+000  0.364360040588970E+000  0.370487143653346E+000 -0.131028262406404E+000 -0.142131200971973E+003
  0.100000000000000E+001  0.284259178392620E+003  0.161814511171216E+001  0.869717927391833E+000  0.398663171050588E-001  0.167727170305260E+000 -0.131028262406404E+000 -0.142129589196310E+003
  0.100000000000000E+001  0.284254240321042E+003  0.585124673537437E+000  0.122896427732969E+001  0.401154684903921E+000  0.469859167585843E+000 -0.131028262406404E+000 -0.142127120160521E+003
  0.100000000000000E+001  0.284252029928418E+003  0.706376126949424E+000  0.891636682969257E+000  0.273202321310525E+000  0.398837935161579E+000 -0.131028262406404E+000 -0.142126014964209E+003
  0.100000000000000E+001  0.284248789575293E+003  0.671618306854692E+000  0.157467008521236E+001  0.691322170385353E+000  0.421264781468393E+000 -0.131028262406404E+000 -0.142124394787647E+003
  0.100000000000000E+001  0.284248646043592E+003  0.108996966997628E+001  0.763103457083481E+000  0.234228085371390E+000  0.256705400607139E+000 -0.131028262406404E+000 -0.142124323021796E+003
  0.100000000000000E+001  0.284247402133476E+003  0.884752742259428E+000  0.197186045880655E+001  0.666181740708691E+000  0.337611298356761E+000 -0.131028262406404E+000 -0.142123701066738E+003
  0.100000000000000E+001  0.284246623153201E+003  0.110289280845940E+001  0.155358642591705E+001  0.803213341679379E+000  0.245286059525713E+000 -0.131028262406404E+000 -0.142123311576601E+003
  0.100000000000000E+001  0.284246497774095E+003  0.975692229979021E+000  0.168867330896351E+001  0.403765036571201E+000  0.283140281006626E+000 -0.131028262406404E+000 -0.142123248887047E+003
  0.100000000000000E+001  0.284245557081036E+003  0.625771873080435E+000  0.181803393241590E+001  0.782030656802921E+000  0.495176497778798E+000 -0.131028262406404E+000 -0.142122778540518E+003
  0.100000000000000E+001  0.284242792789466E+003  0.633507049804754E+000  0.937900326219918E+000  0.689448376005293E+000  0.439530723186190E+000 -0.131028262406404E+000 -0.142121396394733E+003
  0.100000000000000E+001  0.284240832477193E+003  0.194173118387873E+001  0.116487105916059E+001  0.272452982132142E+000  0.136460079671972E+000 -0.131028262406404E+000 -0.142120416238597E+003
  0.100000000000000E+001  0.284234096213204E+003  0.620970577162972E+000  0.144250732681318E+001  0.457959095732551E+000  0.444934467683522E+000 -0.131028262406404E+000 -0.142117048106602E+003
  0.100000000000000E+001  0.284230942105512E+003  0.810960800430221E+000  0.137049266354356E+001  0.640695843795474E+000  0.332729999046078E+000 -0.131028262406404E+000 -0.142115471052756E+003
  0.100000000000000E+001  0.284225782490902E+003  0.125396374722741E+001  0.648129343316027E+000  0.375550099919761E+000  0.221317200995381E+000 -0.131028262406404E+000 -0.142112891245451E+003
  0.100000000000000E+001  0.284222070540412E+003  0.663501714086875E+000  0.138634210510742E+001  0.887021468021785E+000  0.409176891382525E+000 -0.131028262406404E+000 -0.142111035270206E+003
  0.100000000000000E+001  0.284219238427062E+003  0.127683046373783E+001  0.721293537366958E+000  0.753553950393895E+000  0.214038696614999E+000 -0.131028262406404E+000 -0.142109619213531E+003
  0.100000000000000E+001  0.284218196122936E+003  0.109839770005478E+001  0.855549227976505E+000  0.669467398293049E+000  0.247261946725829E+000 -0.131028262406404E+000 -0.142109098061468E+003
  0.100000000000000E+001  0.284214964905630E+003  0.141655117315906E+001  0.165597039717881E+001  0.487359504473395E-002  0.186989537937868E+000 -0.131028262406404E+000 -0.142107482452815E+003
  0.100000000000000E+001  0.284213127841656E+003  0.876145488326539E+000  0.187692577031703E+001  0.275200594151277E+000  0.325648057659186E+000 -0.131028262406404E+000 -0.142106563920828E+003
  0.100000000000000E+001  0.284212997893758E+003  0.136400515273657E+001  0.126592648507522E+001  0.613471618987837E+000  0.192571748193064E+000 -0.131028262406404E+000 -0.142106498946879E+003
  0.100000000000000E+001  0.284211219665220E+003  0.107636063555381E+001  0.117535811276481E+001  0.637726484276373E+000  0.245731012558711E+000 -0.131028262406404E+000 -0.142105609832610E+003
  0.100000000000000E+001  0.284208645710212E+003  0.879838021227687E+000  0.587860940987625E+000  0.480527064895242E+000  0.330579354925930E+000 -0.131028262406404E+000 -0.142104322855106E+003
  0.100000000000000E+001  0.284205690304872E+003  0.108800458572602E+001  0.879464579445255E+000  0.180161270176481E+000  0.247372263386573E+000 -0.131028262406404E+000 -0.142102845152436E+003
  0.100000000000000E+001  0.284205684294677E+003  0.699677610773104E+000  0.543526765664460E+000  0.387800717491061E-001  0.436065885819577E+000 -0.131028262406404E+000 -0.142102842147338E+003
  0.100000000000000E+001  0.284204747857154E+003  0.657299960311144E+000  0.199268419901611E+001  0.475003341534102E+000  0.496667111140240E+000 -0.131028262406404E+000 -0.142102373928577E+003
  0.100000000000000E+001  0.284202379993978E+003  0.808803390540894E+000  0.120635659777065E+001  0.613131170441654E-001  0.327948932185916E+000 -0.131028262406404E+000 -0.142101189996989E+003
  0.100000000000000E+001  0.284199108604834E+003  0.731078988204783E+000  0.139454474317367E+001  0.876835493396651E+000  0.364980735628875E+000 -0.131028262406404E+000 -0.142099554302417E+003
  0.100000000000000E+001  0.284195429552857E+003  0.110485282754338E+001  0.193075123655271E+001  0.790971429338719E+000  0.248933479075873E+000 -0.131028262406404E+000 -0.142097714776429E+003
  0.100000000000000E+001  0.284194821365089E+003  0.713648338801551E+000  0.678500980217101E+000  0.483379821780816E+000  0.401198007629991E+000 -0.131028262406404E+000 -0.142097410682545E+003
  0.100000000000000E+001  0.284192063361429E+003  0.126514015856539E+001  0.172436592357254E+001  0.217209431219261E+000  0.208972652035927E+000 -0.131028262406404E+000 -0.142096031680714E+003
  0.100000000000000E+001  0.284191788503110E+003  0.123087996739842E+001  0.193663086538183E+001  0.990193723307542E+000  0.220231726470922E+000 -0.131028262406404E+000 -0.142095894251555E+003
  0.100000000000000E+001  0.284190258288891E+003  0.544996273421047E+000  0.871165468783865E+000  0.559492276870807E+000  0.499544198495188E+000 -0.131028262406404E+000 -0.142095129144445E+003
  0.100000000000000E+001  0.284189841852942E+003  0.168892586044595E+001  0.181586744998261E+001  0.163995273415338E+000  0.155093743523132E+000 -0.131028262406404E+000 -0.142094920926471E+003
  0.100000000000000E+001  0.284189326255485E+003  0.152925579706979E+001  0.165487078123265E+001  0.591930319579673E+000  0.170497132328611E+000 -0.131028262406404E+000 -0.142094663127742E+003
  0.100000000000000E+001  0.284187588524629E+003  0.721143169613012E+000  0.178570326411363E+001  0.480279679492501E+000  0.394779443690695E+000 -0.131028262406404E+000 -0.142093794262315E+003
  0.100000000000000E+001  0.284185814213531E+003  0.752725013390051E+000  0.191805180843165E+001  0.757184305943543E+000  0.391733219898533E+000 -0.131028262406404E+000 -0.142092907106766E+003
  0.100000000000000E+001  0.284184544067990E+003  0.898223597918467E+000  0.151526417797389E+001  0.153573236092328E+000  0.294023728435206E+000 -0.131028262406404E+000 -0.142092272033995E+003
  0.100000000000000E+001  0.284184180640861E+003  0.157009112423247E+001  0.161168329146649E+001  0.149079085877807E+000  0.165212975394441E+000 -0.131028262406404E+000 -0.142092090320430E+003
  0.100000000000000E+001  0.284184085764921E+003  0.716416398392462E+000  0.172947378014525E+001  0.861118192859242E+000  0.390607351041110E+000 -0.131028262406404E+000 -0.142092042882461E+003
  0.100000000000000E+001  0.284178531803670E+003  0.550318710593259E+000  0.102998891624248E+001  0.235279367796066E+000  0.479622631871886E+000 -0.131028262406404E+000 -0.142089265901835E+003
  0.100000000000000E+001  0.284178402850101E+003  0.136871187060623E+001  0.837775959188312E+000  0.289580667194199E+000  0.192075957318868E+000 -0.131028262406404E+000 -0.142089201425050E+003
  0.100000000000000E+001  0.284178135031921E+003  0.717061229565277E+000  0.170954162361424E+001  0.916397172968566E+000  0.386753940596088E+000 -0.131028262406404E+000 -0.142089067515960E+003
  0.100000000000000E+001  0.284175500886140E+003  0.193070271415214E+001  0.145963493393757E+001  0.261909721084279E+000  0.132812806534781E+000 -0.131028262406404E+000 -0.142087750443070E+003
  0.100000000000000E+001  0.284174271959175E+003  0.117001939105671E+001  0.134617598037413E+001  0.990370218382660E+000  0.220783949505109E+000 -0.131028262406404E+000 -0.142087135979587E+003
  0.100000000000000E+001  0.284172371289780E+003  0.554000582517558E+000  0.990948161340367E+000  0.683150755379950E+000  0.476534872854878E+000 -0.131028262406404E+000 -0.142086185644890E+003
  0.100000000000000E+001  0.284171778025667E+003  0.151610326717389E+001  0.825056296741761E+000  0.826531612488549E+000  0.172100315396529E+000 -0.131028262406404E+000 -0.142085889012833E+003
  0.100000000000000E+001  0.284171654901684E+003  0.126660161027851E+001  0.112845254910652E+001  0.833462401181122E+000  0.203901967827697E+000 -0.131028262406404E+000 -0.142085827450842E+003
  0.100000000000000E+001  0.284171562961842E+003  0.580627539073187E+000  0.149382873752863E+001  0.538353517031905E+000  0.464744895237568E+000 -0.131028262406404E+000 -0.142085781480921E+003
  0.100000000000000E+001  0.284170826247029E+003  0.155206563894159E+001  0.114131262560577E+001  0.511063143430763E+000  0.165534955552856E+000 -0.131028262406404E+000 -0.142085413123514E+003
  0.100000000000000E+001  0.284167755814844E+003  0.155827066869798E+001  0.890719674724744E+000  0.300982637616532E+000  0.166213487235673E+000 -0.131028262406404E+000 -0.142083877907422E+003
  0.100000000000000E+001  0.284167056747964E+003  0.793354264425364E+000  0.710628345749061E+000  0.334631611325266E+000  0.348425215705211E+000 -0.131028262406404E+000 -0.142083528373982E+003
  0.100000000000000E+001  0.284166710641766E+003  0.963820823334165E+000  0.115353552687186E+001  0.567525701478591E+000  0.268917850860714E+000 -0.131028262406404E+000 -0.142083355320883E+003
  0.100000000000000E+001  0.284162791707054E+003  0.170454418164708E+001  0.708508696911378E+000  0.399052754716849E+000  0.152693144414299E+000 -0.131028262406404E+000 -0.142081395853527E+003
  0.100000000000000E+001  0.284161747292329E+003  0.760669428461431E+000  0.146277437220184E+001  0.696472660024819E+000  0.344486627739741E+000 -0.131028262406404E+000 -0.142080873646164E+003
  0.100000000000000E+001  0.284161070777312E+003  0.196556393805378E+001  0.135728760276844E+001  0.756607765776664E+000  0.129383433220734E+000 -0.131028262406404E+000 -0.142080535388656E+003
  0.100000000000000E+001  0.284158720455291E+003  0.924454341373507E+000  0.120905260570257E+001  0.268520818224553E+000  0.278942729284389E+000 -0.131028262406404E+000 -0.142079360227646E+003
  0.100000000000000E+001  0.284158059374054E+003  0.695149601926877E+000  0.188859694456505E+001  0.363907507891730E+000  0.421034758099615E+000 -0.131028262406404E+000 -0.142079029687027E+003
  0.100000000000000E+001  0.284157584191846E+003  0.636031522401445E+000  0.909071858052797E+000  0.480625654802923E+000  0.417174864719181E+000 -0.131028262406404E+000 -0.142078792095923E+003
  0.100000000000000E+001  0.284157443477515E+003  0.987024632073562E+000  0.943677544318502E+000  0.682519776025579E+000  0.264751569757835E+000 -0.131028262406404E+000 -0.142078721738758E+003
  0.100000000000000E+001  0.284156896915631E+003  0.126022943635009E+001  0.145730284830563E+001  0.854905549850533E+000  0.203084584278474E+000 -0.131028262406404E+000 -0.142078448457815E+003
  0.100000000000000E+001  0.284156515077501E+003  0.718581489715301E+000  0.633828837073266E+000  0.766336578585826E+000  0.393375393718537E+000 -0.131028262406404E+000 -0.142078257538751E+003
  0.100000000000000E+001  0.284154533508611E+003  0.125599278844629E+001  0.791019296986072E+000  0.944670488163879E+000  0.208359177039375E+000 -0.131028262406404E+000 -0.142077266754305E+003
  0.100000000000000E+001  0.284154119345396E+003  0.709257144693525E+000  0.196426066579679E+001  0.710497778987991E+000  0.423481286965150E+000 -0.131028262406404E+000 -0.142077059672698E+003
  0.100000000000000E+001  0.284147659840048E+003  0.769844867675762E+000  0.113589647600896E+001  0.815305415676165E+000  0.334924987078647E+000 -0.131028262406404E+000 -0.142073829920024E+003
  0.100000000000000E+001  0.284144575006385E+003  0.805288021350453E+000  0.152404746103515E+001  0.670719629901822E+000  0.322934863833424E+000 -0.131028262406404E+000 -0.142072287503193E+003
  0.100000000000000E+001  0.284143686353074E+003  0.120455635187979E+001  0.599523287778272E+000  0.429646213273158E-001  0.222009830512855E+000 -0.131028262406404E+000 -0.142071843176537E+003
  0.100000000000000E+001  0.284140756006744E+003  0.123160545874687E+001  0.134512378654940E+001  0.364652634548694E+000  0.205703366462996E+000 -0.131028262406404E+000 -0.142070378003372E+003
  0.100000000000000E+001  0.284139385290178E+003  0.161173942276180E+001  0.101608379142552E+001  0.970689860107833E+000  0.157179235782555E+000 -0.131028262406404E+000 -0.142069692645089E+003
  0.100000000000000E+001  0.284138529457931E+003  0.193107496927833E+001  0.796132789970942E+000  0.531562860797180E+000  0.131666993124416E+000 -0.131028262406404E+000 -0.142069264728966E+003
  0.100000000000000E+001  0.284138483374658E+003  0.120717415029570E+001  0.127279931225627E+001  0.727786769234661E+000  0.209684181057507E+000 -0.131028262406404E+000 -0.142069241687329E+003
  0.100000000000000E+001  0.284137798167372E+003  0.926372988506462E+000  0.898945419828688E+000  0.119798394769621E+000  0.280866834743564E+000 -0.131028262406404E+000 -0.142068899083686E+003
  0.100000000000000E+001  0.284137003560791E+003  0.703362696504952E+000  0.537493018555808E+000  0.175168230064412E+000  0.411881409048723E+000 -0.131028262406404E+000 -0.142068501780395E+003
  0.100000000000000E+001  0.284136960689218E+003  0.142583766791848E+001  0.179849337013782E+001  0.410820127314659E+000  0.179801496234116E+000 -0.131028262406404E+000 -0.142068480344609E+003
  0.100000000000000E+001  0.284134526835210E+003  0.179279245633638E+001  0.115385299761491E+001  0.720356525782087E+000  0.140189846815269E+000 -0.131028262406404E+000 -0.142067263417605E+003
  0.100000000000000E+001  0.284133897754739E+003  0.635918342979643E+000  0.619917230850995E+000  0.999029517616955E+000  0.443190876431547E+000 -0.131028262406404E+000 -0.142066948877369E+003
  0.100000000000000E+001  0.284132891297988E+003  0.639943844454360E+000  0.643685571186567E+000  0.181209131747042E+000  0.435879866547749E+000 -0.131028262406404E+000 -0.142066445648994E+003
  0.100000000000000E+001  0.284131360199577E+003  0.769831104763330E+000  0.163351229159605E+001  0.903020039576808E+000  0.341352081084692E+000 -0.131028262406404E+000 -0.142065680099788E+003
  0.100000000000000E+001  0.284130285662353E+003  0.591869099059572E+000  0.148938407282103E+001  0.658266875156644E+000  0.442882731273658E+000 -0.131028262406404E+000 -0.142065142831177E+003
  0.100000000000000E+001  0.284129785190038E+003  0.176411655185348E+001  0.125827560398863E+001  0.735293589614125E+000  0.141962047102112E+000 -0.131028262406404E+000 -0.142064892595019E+003
  0.100000000000000E+001  0.284128375068236E+003  0.198641756040576E+001  0.191899756011467E+001  0.882420356165642E+000  0.127480961284963E+000 -0.131028262406404E+000 -0.142064187534118E+003
  0.100000000000000E+001  0.284127979707647E+003  0.165142712264149E+001  0.175621866337162E+001  0.867928922838051E+000  0.153126009284546E+000 -0.131028262406404E+000 -0.142063989853824E+003
  0.100000000000000E+001  0.284127036166585E+003  0.635610078202825E+000  0.642164787090861E+000  0.687043014043756E-001  0.437257885846561E+000 -0.131028262406404E+000 -0.142063518083292E+003
  0.100000000000000E+001  0.284126431030134E+003  0.811772738249064E+000  0.173396311160700E+001  0.411605595984678E+000  0.326742750821194E+000 -0.131028262406404E+000 -0.142063215515067E+003
  0.100000000000000E+001  0.284126093225683E+003  0.179277242308440E+001  0.544596749944412E+000  0.312104398755517E+000  0.143471511954024E+000 -0.131028262406404E+000 -0.142063046612841E+003
  0.100000000000000E+001  0.284124304187706E+003  0.732096702744868E+000  0.114965509521426E+001  0.271400507751792E+000  0.347204119622371E+000 -0.131028262406404E+000 -0.142062152093853E+003
  0.100000000000000E+001  0.284117959152839E+003  0.788281038564718E+000  0.124922081901008E+001  0.626626708066138E+000  0.320337665978520E+000 -0.131028262406404E+000 -0.142058979576420E+003
  0.100000000000000E+001  0.284115966188179E+003  0.143533620791198E+001  0.140816248316826E+001  0.523055359980607E+000  0.173680015822909E+000 -0.131028262406404E+000 -0.142057983094089E+003
  0.100000000000000E+001  0.284115930262175E+003  0.619377831902046E+000  0.131980803436905E+001  0.268175841406999E+000  0.409747117122110E+000 -0.131028262406404E+000 -0.142057965131088E+003
  0.100000000000000E+001  0.284115850483370E+003  0.566254024696873E+000  0.779864557641218E+000  0.908021637902315E+000  0.466605863927617E+000 -0.131028262406404E+000 -0.142057925241685E+003
  0.100000000000000E+001  0.284111834259541E+003  0.184696001075573E+001  0.153665576832518E+001  0.690444471121594E+000  0.134414996043639E+000 -0.131028262406404E+000 -0.142055917129771E+003
  0.100000000000000E+001  0.284111591728226E+003  0.694069455097464E+000  0.123284542445148E+001  0.224259731019043E+000  0.363033303595668E+000 -0.131028262406404E+000 -0.142055795864113E+003
  0.100000000000000E+001  0.284108542505605E+003  0.760962067703872E+000  0.192205011671093E+001  0.905469929120441E+000  0.367245913800795E+000 -0.131028262406404E+000 -0.142054271252803E+003
  0.100000000000000E+001  0.284105570134000E+003  0.153717647633339E+001  0.128020076058347E+001  0.815256984965544E+000  0.160980082774914E+000 -0.131028262406404E+000 -0.142052785067000E+003
  0.100000000000000E+001  0.284099057276810E+003  0.921576963374334E+000  0.643914643518795E+000  0.356492114569908E+000  0.287077029497180E+000 -0.131028262406404E+000 -0.142049528638405E+003
  0.100000000000000E+001  0.284097379429318E+003  0.622204918809048E+000  0.839357457205589E+000  0.989708400558628E+000  0.414044708120166E+000 -0.131028262406404E+000 -0.142048689714659E+003
  0.100000000000000E+001  0.284097128030609E+003  0.155286647089076E+001  0.189385148569290E+001  0.450318437969555E+000  0.161736473862573E+000 -0.131028262406404E+000 -0.142048564015304E+003
  0.100000000000000E+001  0.284096085012143E+003  0.897648382101868E+000  0.116969675482006E+001  0.269421609593200E+000  0.277193779701998E+000 -0.131028262406404E+000 -0.142048042506071E+003
  0.100000000000000E+001  0.284094748925143E+003  0.669391482214983E+000  0.162108214108307E+001  0.512971745670242E+000  0.388193841187335E+000 -0.131028262406404E+000 -0.142047374462571E+003
  0.100000000000000E+001  0.284093612805615E+003  0.170895985331009E+001  0.124739534469227E+001  0.138759044158175E+000  0.143652347187552E+000 -0.131028262406404E+000 -0.142046806402807E+003
  0.100000000000000E+001  0.284092656061821E+003  0.882673545635381E+000  0.999933021926718E+000  0.855697498604640E+000  0.284033281681115E+000 -0.131028262406404E+000 -0.142046328030911E+003
  0.100000000000000E+001  0.284089689878445E+003  0.114422996962301E+001  0.102194609313727E+001  0.479955143011306E+000  0.216867226830236E+000 -0.131028262406404E+000 -0.142044844939223E+003
  0.100000000000000E+001  0.284089535569777E+003  0.668068043668977E+000  0.199204281280622E+001  0.454964620961805E+000  0.444865815552207E+000 -0.131028262406404E+000 -0.142044767784889E+003
  0.100000000000000E+001  0.284089353852344E+003  0.103526550231483E+001  0.162950639718086E+001  0.698200487458070E+000  0.241751825883766E+000 -0.131028262406404E+000 -0.142044676926172E+003
  0.100000000000000E+001  0.284088340005161E+003  0.893978095358385E+000  0.157818643174217E+001  0.529241521697733E+000  0.280792130201625E+000 -0.131028262406404E+000 -0.142044170002581E+003
  0.100000000000000E+001  0.284086514006479E+003  0.961298024373559E+000  0.190372391781592E+001  0.787722460036010E+000  0.271853460159766E+000 -0.131028262406404E+000 -0.142043257003240E+003
  0.100000000000000E+001  0.284085547430256E+003  0.733555733265561E+000  0.131809005699987E+001  0.684647503846672E+000  0.338126128036742E+000 -0.131028262406404E+000 -0.142042773715128E+003
  0.100000000000000E+001  0.284085024447758E+003  0.127041877863584E+001  0.558168134485968E+000  0.757540962931299E+000  0.202723623837067E+000 -0.131028262406404E+000 -0.142042512223879E+003
  0.100000000000000E+001  0.284081610293265E+003  0.770809288183191E+000  0.185352137746808E+001  0.220445463237642E+000  0.346780117339415E+000 -0.131028262406404E+000 -0.142040805146632E+003
  0.100000000000000E+001  0.284077356745853E+003  0.695296950215447E+000  0.764428049907598E+000  0.708750265936412E-001  0.370721272140157E+000 -0.131028262406404E+000 -0.142038678372926E+003
  0.100000000000000E+001  0.284075687648785E+003  0.140864921498869E+001  0.143121410510477E+001  0.488561104238332E-001  0.172984317086519E+000 -0.131028262406404E+000 -0.142037843824392E+003
  0.100000000000000E+001  0.284075376948977E+003  0.123564638840467E+001  0.191583525542883E+001  0.903558404029271E+000  0.204271301905762E+000 -0.131028262406404E+000 -0.142037688474488E+003
  0.100000000000000E+001  0.284071819773420E+003  0.119331337971866E+001  0.996622930780615E+000  0.403353911209893E+000  0.205696079926255E+000 -0.131028262406404E+000 -0.142035909886710E+003
  0.100000000000000E+001  0.284066242945802E+003  0.164486817572388E+001  0.991818718434437E+000  0.364789232883369E-001  0.147651473083000E+000 -0.131028262406404E+000 -0.142033121472901E+003
  0.100000000000000E+001  0.284065175096796E+003  0.105474726564757E+001  0.933422909514112E+000  0.359431941320763E-001  0.233562485139827E+000 -0.131028262406404E+000 -0.142032587548398E+003
  0.100000000000000E+001  0.284058896198343E+003  0.640584322226078E+000  0.144713157820032E+001  0.304446281324235E+000  0.385604872907004E+000 -0.131028262406404E+000 -0.142029448099172E+003
  0.100000000000000E+001  0.284057798876319E+003  0.127896827383113E+001  0.167056061864179E+001  0.841774189122384E+000  0.190606045045068E+000 -0.131028262406404E+000 -0.142028899438160E+003
  0.100000000000000E+001  0.284057215514620E+003  0.954207657349940E+000  0.198233788834691E+001  0.979412764577446E+000  0.273512142323034E+000 -0.131028262406404E+000 -0.142028607757310E+003
  0.100000000000000E+001  0.284056120019245E+003  0.195794574916184E+001  0.857098060495712E+000  0.442937155948991E+000  0.123393912185399E+000 -0.131028262406404E+000 -0.142028060009623E+003
  0.100000000000000E+001  0.284055054069280E+003  0.183246775546175E+001  0.822471459100554E+000  0.509217014638730E-001  0.132131574322058E+000 -0.131028262406404E+000 -0.142027527034640E+003
  0.100000000000000E+001  0.284054633229664E+003  0.130165609586890E+001  0.111640259088775E+001  0.977470549309643E+000  0.185287613422288E+000 -0.131028262406404E+000 -0.142027316614832E+003
  0.100000000000000E+001  0.284051025010869E+003  0.520854026083245E+000  0.154782454452269E+001  0.643705362389298E+000  0.486869923752296E+000 -0.131028262406404E+000 -0.142025512505435E+003
  0.100000000000000E+001  0.284050803839048E+003  0.167816798914965E+001  0.988972525386006E+000  0.511885475182973E+000  0.143302556006726E+000 -0.131028262406404E+000 -0.142025401919524E+003
  0.100000000000000E+001  0.284049295917284E+003  0.517269804170115E+000  0.127021542409369E+001  0.269257991008334E+000  0.465829708236390E+000 -0.131028262406404E+000 -0.142024647958642E+003
  0.100000000000000E+001  0.284048456505957E+003  0.739944783782911E+000  0.166254870520197E+001  0.287064924875857E+000  0.339268952401046E+000 -0.131028262406404E+000 -0.142024228252978E+003
  0.100000000000000E+001  0.284046303634786E+003  0.984162870922913E+000  0.122598707738297E+001  0.223780369016560E+000  0.244243913980550E+000 -0.131028262406404E+000 -0.142023151817393E+003
  0.100000000000000E+001  0.284045299539933E+003  0.978021874838272E+000  0.163675825825775E+001  0.772634081633516E+000  0.249762798993439E+000 -0.131028262406404E+000 -0.142022649769966E+003
  0.100000000000000E+001  0.284044685190262E+003  0.655203086040759E+000  0.187423372092531E+001  0.186572758352998E+000  0.415269367218835E+000 -0.131028262406404E+000 -0.142022342595131E+003
  0.100000000000000E+001  0.284043756607872E+003  0.885253009185949E+000  0.148504486203217E+001  0.980887847187996E+000  0.273504752064279E+000 -0.131028262406404E+000 -0.142021878303936E+003
  0.100000000000000E+001  0.284043444689094E+003  0.147857672630444E+001  0.539689760894875E+000  0.464102018166143E-001  0.167387440403628E+000 -0.131028262406404E+000 -0.142021722344547E+003
  0.100000000000000E+001  0.284041789938677E+003  0.176161482187715E+001  0.194941848413146E+001  0.885077468791246E+000  0.137455210959782E+000 -0.131028262406404E+000 -0.142020894969339E+003
  0.100000000000000E+001  0.284041752384547E+003  0.101597732157539E+001  0.156079479852951E+001  0.857838433847325E-001  0.237962941344229E+000 -0.131028262406404E+000 -0.142020876192274E+003
  0.100000000000000E+001  0.284041089266549E+003  0.840499200015559E+000  0.169194051282438E+001  0.722930120589069E+000  0.294976830018153E+000 -0.131028262406404E+000 -0.142020544633275E+003
  0.100000000000000E+001  0.284039946067369E+003  0.128014218653930E+001  0.199613030034428E+001  0.522655695899490E+000  0.193922860400891E+000 -0.131028262406404E+000 -0.142019973033684E+003
  0.100000000000000E+001  0.284038663160665E+003  0.197381555533099E+001  0.195965058388127E+001  0.265769924159759E+000  0.121931142789081E+000 -0.131028262406404E+000 -0.142019331580333E+003
  0.100000000000000E+001  0.284037638412014E+003  0.610467800894025E+000  0.176217810940535E+001  0.366134472791934E+000  0.431041700214122E+000 -0.131028262406404E+000 -0.142018819206007E+003
  0.100000000000000E+001  0.284037065605642E+003  0.187950922517990E+001  0.152695974728225E+001  0.665493851705850E+000  0.126333197195778E+000 -0.131028262406404E+000 -0.142018532802821E+003
  0.100000000000000E+001  0.284036050339938E+003  0.762724589543220E+000  0.132306733595311E+001  0.770801711184335E+000  0.314388785526442E+000 -0.131028262406404E+000 -0.142018025169969E+003
  0.100000000000000E+001  0.284034697024591E+003  0.105394699929075E+001  0.789609325786631E+000  0.686930906012324E+000  0.232126216012308E+000 -0.131028262406404E+000 -0.142017348512295E+003
  0.100000000000000E+001  0.284033893869457E+003  0.572274282149327E+000  0.544345053766795E+000  0.574698666281954E-001  0.469074101926885E+000 -0.131028262406404E+000 -0.142016946934728E+003
  0.100000000000000E+001  0.284031006586030E+003  0.109446697135044E+001  0.146174555250953E+001  0.572814887117626E+000  0.217729455117478E+000 -0.131028262406404E+000 -0.142015503293015E+003
  0.100000000000000E+001  0.284030720070752E+003  0.139770284912850E+001  0.192896167006086E+001  0.365443579293284E+000  0.173988934985659E+000 -0.131028262406404E+000 -0.142015360035376E+003
  0.100000000000000E+001  0.284030486895321E+003  0.729833071452970E+000  0.551254055721514E+000  0.407622636213158E+000  0.359305765503541E+000 -0.131028262406404E+000 -0.142015243447661E+003
  0.100000000000000E+001  0.284029937739934E+003  0.187949041178599E+001  0.188592121314284E+001  0.128875502109669E-001  0.127130525539997E+000 -0.131028262406404E+000 -0.142014968869967E+003
  0.100000000000000E+001  0.284029656035245E+003  0.955924096599343E+000  0.107849485980476E+001  0.421705744330830E+000  0.249830455400881E+000 -0.131028262406404E+000 -0.142014828017622E+003
  0.100000000000000E+001  0.284028440231299E+003  0.156954580204629E+001  0.176522312634871E+001  0.389894891572608E+000  0.152125488256285E+000 -0.131028262406404E+000 -0.142014220115650E+003
  0.100000000000000E+001  0.284027852816491E+003  0.703114038871584E+000  0.937598513322808E+000  0.792126024713635E+000  0.343595550645169E+000 -0.131028262406404E+000 -0.142013926408246E+003
  0.100000000000000E+001  0.284027479955494E+003  0.188456748393075E+001  0.180853220428532E+001  0.262931673168385E+000  0.126176118691033E+000 -0.131028262406404E+000 -0.142013739977747E+003
  0.100000000000000E+001  0.284024972584450E+003  0.621397086546085E+000  0.659848502600033E+000  0.254653366167183E+000  0.408651611274257E+000 -0.131028262406404E+000 -0.142012486292225E+003
  0.100000000000000E+001  0.284021680951203E+003  0.174707782247814E+001  0.186285645216758E+001  0.333916963942248E+000  0.136229479482439E+000 -0.131028262406404E+000 -0.142010840475602E+003
  0.100000000000000E+001  0.284021448173802E+003  0.931772682423358E+000  0.192745997730529E+001  0.331394733209960E+000  0.270678318353696E+000 -0.131028262406404E+000 -0.142010724086901E+003
  0.100000000000000E+001  0.284019267286803E+003  0.107225127064570E+001  0.100881362103042E+001  0.367953631655315E+000  0.221486816907473E+000 -0.131028262406404E+000 -0.142009633643401E+003
  0.100000000000000E+001  0.284018252362496E+003  0.623466722828836E+000  0.171835297019379E+001  0.667433475316015E-002  0.407964480949264E+000 -0.131028262406404E+000 -0.142009126181248E+003
  0.100000000000000E+001  0.284016996121034E+003  0.115827047157083E+001  0.141890325021887E+001  0.819061965562248E+000  0.203333219147871E+000 -0.131028262406404E+000 -0.142008498060517E+003
  0.100000000000000E+001  0.284016881469194E+003  0.773187999967976E+000  0.159302508684527E+001  0.934475580875516E-002  0.312766466172163E+000 -0.131028262406404E+000 -0.142008440734597E+003
  0.100000000000000E+001  0.284012997513673E+003  0.532102794542768E+000  0.106697475224522E+001  0.850208482893635E+000  0.439029689200097E+000 -0.131028262406404E+000 -0.142006498756836E+003
  0.100000000000000E+001  0.284011762366842E+003  0.473436840970539E+000  0.110259324639216E+001  0.856599499335770E+000  0.487604151773332E+000 -0.131028262406404E+000 -0.142005881183421E+003
  0.100000000000000E+001  0.284010873958109E+003  0.673908217382343E+000  0.156570250122651E+001  0.994025128100819E-001  0.359151859914475E+000 -0.131028262406404E+000 -0.142005436979055E+003
  0.100000000000000E+001  0.284009503757324E+003  0.110286890167791E+001  0.571700851162427E+000  0.556911108097876E+000  0.223576393047064E+000 -0.131028262406404E+000 -0.142004751878662E+003
  0.100000000000000E+001  0.284007724949444E+003  0.691635282148180E+000  0.184531837816225E+001  0.717338199828928E+000  0.372755691906753E+000 -0.131028262406404E+000 -0.142003862474722E+003
  0.100000000000000E+001  0.284007092218865E+003  0.901206932409540E+000  0.122493346272678E+001  0.509016856061656E+000  0.259959973183791E+000 -0.131028262406404E+000 -0.142003546109432E+003
  0.100000000000000E+001  0.284006815906704E+003  0.622055353732470E+000  0.521428802532546E+000  0.493637975559355E+000  0.421713304406684E+000 -0.131028262406404E+000 -0.142003407953352E+003
  0.100000000000000E+001  0.284005311817375E+003  0.100630849050253E+001  0.804501465724818E+000  0.730601049352493E+000  0.238032279311510E+000 -0.131028262406404E+000 -0.142002655908688E+003
  0.100000000000000E+001  0.284005286161933E+003  0.836286086067091E+000  0.807335671523495E+000  0.445180679694006E+000  0.288225079363585E+000 -0.131028262406404E+000 -0.142002643080967E+003
  0.100000000000000E+001  0.284003093528099E+003  0.719898581468375E+000  0.103195741621687E+001  0.987635018674799E+000  0.326693870594220E+000 -0.131028262406404E+000 -0.142001546764049E+003
  0.100000000000000E+001  0.284001518352008E+003  0.190379606405718E+001  0.104429450927705E+001  0.609845763046799E+000  0.121973242150683E+000 -0.131028262406404E+000 -0.142000759176004E+003
  0.100000000000000E+001  0.283999167945791E+003  0.156495966833485E+001  0.135688147095446E+001  0.197013913081546E-001  0.148019973588354E+000 -0.131028262406404E+000 -0.141999583972895E+003
  0.100000000000000E+001  0.283996462953323E+003  0.913553729295267E+000  0.171571966161564E+001  0.885025709006237E+000  0.261962244566587E+000 -0.131028262406404E+000 -0.141998231476661E+003
  0.100000000000000E+001  0.283991976832543E+003  0.136336583013609E+001  0.102476648884543E+001  0.862536981958666E+000  0.170031885793487E+000 -0.131028262406404E+000 -0.141995988416272E+003
  0.100000000000000E+001  0.283991891889551E+003  0.189221097075254E+001  0.156258507724346E+001  0.525834721576094E+000  0.121922784649670E+000 -0.131028262406404E+000 -0.141995945944776E+003
  0.100000000000000E+001  0.283989443930411E+003  0.165185109513631E+001  0.188339998168952E+001  0.263953930526216E+000  0.141442500431341E+000 -0.131028262406404E+000 -0.141994721965206E+003
  0.100000000000000E+001  0.283987938117269E+003  0.155017090964652E+001  0.148236212455658E+001  0.484719107219682E-001  0.148538404662000E+000 -0.131028262406404E+000 -0.141993969058634E+003
  0.100000000000000E+001  0.283987189521514E+003  0.991860334569291E+000  0.882293163075656E+000  0.562377991152535E+000  0.236479416226477E+000 -0.131028262406404E+000 -0.141993594760757E+003
  0.100000000000000E+001  0.283986338363503E+003  0.151567207864973E+001  0.197647098305223E+001  0.153602329205632E+000  0.155441383679950E+000 -0.131028262406404E+000 -0.141993169181751E+003
  0.100000000000000E+001  0.283985441769663E+003  0.128200162372803E+001  0.190376832020531E+001  0.347510434716341E+000  0.184514712434744E+000 -0.131028262406404E+000 -0.141992720884832E+003
  0.100000000000000E+001  0.283984652662003E+003  0.549857064884864E+000  0.118087181629917E+001  0.294863722079019E+000  0.415888447500561E+000 -0.131028262406404E+000 -0.141992326331001E+003
  0.100000000000000E+001  0.283984441317624E+003  0.110289831640711E+001  0.115153813743799E+001  0.339304691825264E-001  0.208844797765201E+000 -0.131028262406404E+000 -0.141992220658812E+003
  0.100000000000000E+001  0.283981973916660E+003  0.189551999762865E+001  0.921524096117152E+000  0.548446193025687E+000  0.121217302487999E+000 -0.131028262406404E+000 -0.141990986958330E+003
  0.100000000000000E+001  0.283980960678121E+003  0.111461450861511E+001  0.148663271092672E+001  0.600103670414050E+000  0.206685483794859E+000 -0.131028262406404E+000 -0.141990480339060E+003
  0.100000000000000E+001  0.283980762278708E+003  0.637376024419046E+000  0.189772518801688E+001  0.190219260672343E+000  0.411755502199530E+000 -0.131028262406404E+000 -0.141990381139354E+003
  0.100000000000000E+001  0.283979806279055E+003  0.123270920305065E+001  0.508769855424103E+000  0.300451081499872E+000  0.195152658426244E+000 -0.131028262406404E+000 -0.141989903139528E+003
  0.100000000000000E+001  0.283979581298735E+003  0.508679256769918E+000  0.981135461570089E+000  0.162701205621509E+000  0.447037644115576E+000 -0.131028262406404E+000 -0.141989790649368E+003
  0.100000000000000E+001  0.283979287300674E+003  0.166624904281588E+001  0.148073089887329E+001  0.720169134375668E+000  0.137255871494399E+000 -0.131028262406404E+000 -0.141989643650337E+003
  0.100000000000000E+001  0.283978114135354E+003  0.783974135805852E+000  0.108814937384077E+001  0.651211397305633E+000  0.293582416416109E+000 -0.131028262406404E+000 -0.141989057067677E+003
  0.100000000000000E+001  0.283977620965251E+003  0.926097587196503E+000  0.143108485253323E+001  0.202189876250733E+000  0.248532023246065E+000 -0.131028262406404E+000 -0.141988810482626E+003
  0.100000000000000E+001  0.283976718827620E+003  0.957519194728310E+000  0.156595963294953E+001  0.781791200134224E+000  0.241952955294112E+000 -0.131028262406404E+000 -0.141988359413810E+003
  0.100000000000000E+001  0.283975481000541E+003  0.778586325462814E+000  0.165787368004379E+001  0.423496311813094E+000  0.303802207702510E+000 -0.131028262406404E+000 -0.141987740500270E+003
  0.100000000000000E+001  0.283974334576139E+003  0.144468327106856E+001  0.669554398171899E+000  0.255290837860718E+000  0.161304028920945E+000 -0.131028262406404E+000 -0.141987167288069E+003
  0.100000000000000E+001  0.283974176963521E+003  0.954286513522910E+000  0.163241742968313E+001  0.489534994119854E+000  0.243719704059290E+000 -0.131028262406404E+000 -0.141987088481760E+003
  0.100000000000000E+001  0.283974080151686E+003  0.121137233674886E+001  0.159904732215474E+001  0.901326848837076E+000  0.189832857603163E+000 -0.131028262406404E+000 -0.141987040075843E+003
  0.100000000000000E+001  0.283973805468268E+003  0.116048026312017E+001  0.845191677978178E+000  0.524902339346677E+000  0.199755146748549E+000 -0.131028262406404E+000 -0.141986902734134E+003
  0.100000000000000E+001  0.283972433385051E+003  0.103154771094080E+001  0.674083061342473E+000  0.677921899619403E+000  0.229684349187302E+000 -0.131028262406404E+000 -0.141986216692526E+003
  0.100000000000000E+001  0.283970798578338E+003  0.561005726537920E+000  0.853929498544018E+000  0.638880125129364E+000  0.411667398086505E+000 -0.131028262406404E+000 -0.141985399289169E+003
  0.100000000000000E+001  0.283970276488859E+003  0.645964851020995E+000  0.141852347732307E+001  0.258806440069145E+000  0.356568793082208E+000 -0.131028262406404E+000 -0.141985138244430E+003
  0.100000000000000E+001  0.283970145484552E+003  0.177995288615250E+001  0.571882968173651E+000  0.824636117643623E+000  0.130113716291159E+000 -0.131028262406404E+000 -0.141985072742276E+003
  0.100000000000000E+001  0.283969669943175E+003  0.111229699046079E+001  0.176816596224079E+001  0.538856732223469E+000  0.209379362204558E+000 -0.131028262406404E+000 -0.141984834971587E+003
  0.100000000000000E+001  0.283969454551895E+003  0.145870115629108E+001  0.178037596761037E+001  0.829672126310023E+000  0.157753354586189E+000 -0.131028262406404E+000 -0.141984727275948E+003
  0.100000000000000E+001  0.283969015229794E+003  0.516431940324914E+000  0.740561054939235E+000  0.982105401827533E+000  0.453447015980295E+000 -0.131028262406404E+000 -0.141984507614897E+003
  0.100000000000000E+001  0.283965550101783E+003  0.556118315423403E+000  0.171865342726119E+001  0.968188364106924E+000  0.445694988912708E+000 -0.131028262406404E+000 -0.141982775050891E+003
  0.100000000000000E+001  0.283965370267641E+003  0.727834967912314E+000  0.636011683569322E+000  0.703061230179713E-002  0.331640232401399E+000 -0.131028262406404E+000 -0.141982685133821E+003
  0.100000000000000E+001  0.283965150562693E+003  0.103504931395886E+001  0.821348232554002E+000  0.743187388649846E+000  0.223723417244644E+000 -0.131028262406404E+000 -0.141982575281346E+003
  0.100000000000000E+001  0.283964518438684E+003  0.581334462117749E+000  0.110568288578106E+001  0.841509157087139E-002  0.388058475457660E+000 -0.131028262406404E+000 -0.141982259219342E+003
  0.100000000000000E+001  0.283963749233548E+003  0.117710851244703E+001  0.193298815615836E+001  0.190493258149351E+000  0.199736720551273E+000 -0.131028262406404E+000 -0.141981874616774E+003
  0.100000000000000E+001  0.283961328575076E+003  0.904397879552161E+000  0.863764159552077E+000  0.565633704892597E+000  0.255113215820465E+000 -0.131028262406404E+000 -0.141980664287538E+003
  0.100000000000000E+001  0.283960776160457E+003  0.903634361878350E+000  0.198833020365240E+001  0.666456348031244E+000  0.271343502957178E+000 -0.131028262406404E+000 -0.141980388080229E+003
  0.100000000000000E+001  0.283960324739087E+003  0.658289657329371E+000  0.180898900200989E+001  0.188447297320018E+000  0.375407401323451E+000 -0.131028262406404E+000 -0.141980162369544E+003
  0.100000000000000E+001  0.283959188638353E+003  0.109884311749787E+001  0.610416728652711E+000  0.363913695263781E+000  0.214230240567657E+000 -0.131028262406404E+000 -0.141979594319176E+003
  0.100000000000000E+001  0.283958913365295E+003  0.755502865775203E+000  0.115512950241510E+001  0.699062526670798E+000  0.299354108879566E+000 -0.131028262406404E+000 -0.141979456682648E+003
  0.100000000000000E+001  0.283958408378216E+003  0.777229976879608E+000  0.137960752501403E+001  0.684742448113218E+000  0.291968875335476E+000 -0.131028262406404E+000 -0.141979204189108E+003
  0.100000000000000E+001  0.283958290140956E+003  0.688184522535065E+000  0.137774477650356E+001  0.656801676984799E+000  0.330074173054270E+000 -0.131028262406404E+000 -0.141979145070478E+003
  0.100000000000000E+001  0.283956996059114E+003  0.104376528159580E+001  0.174479779676843E+001  0.777027306287253E-001  0.221328228426715E+000 -0.131028262406404E+000 -0.141978498029557E+003
  0.100000000000000E+001  0.283955874965587E+003  0.171743564489976E+001  0.553814668640333E+000  0.293910061674121E+000  0.133763063509435E+000 -0.131028262406404E+000 -0.141977937482793E+003
  0.100000000000000E+001  0.283955720963760E+003  0.110106348202851E+001  0.129679239147818E+001  0.314933872817447E+000  0.204565066373889E+000 -0.131028262406404E+000 -0.141977860481880E+003
  0.100000000000000E+001  0.283955424521035E+003  0.153874183419685E+001  0.171548689540252E+001  0.575008173524425E+000  0.147310120399990E+000 -0.131028262406404E+000 -0.141977712260517E+003
  0.100000000000000E+001  0.283954965156529E+003  0.105419017220414E+001  0.830225216019942E+000  0.656168430689365E+000  0.217574649843841E+000 -0.131028262406404E+000 -0.141977482578264E+003
  0.100000000000000E+001  0.283954935924627E+003  0.791055016682145E+000  0.979426979782726E+000  0.837208765420421E+000  0.287465145684703E+000 -0.131028262406404E+000 -0.141977467962313E+003
  0.100000000000000E+001  0.283953124516712E+003  0.891730263726587E+000  0.617341357835390E+000  0.354576490561458E-001  0.266073636374567E+000 -0.131028262406404E+000 -0.141976562258356E+003
  0.100000000000000E+001  0.283952371109166E+003  0.507767646798605E+000  0.530941283801064E+000  0.593613931558923E-001  0.488149725931715E+000 -0.131028262406404E+000 -0.141976185554583E+003
  0.100000000000000E+001  0.283952289901567E+003  0.823683299514559E+000  0.542142799490404E+000  0.990676605682641E+000  0.294054057074801E+000 -0.131028262406404E+000 -0.141976144950783E+003
  0.100000000000000E+001  0.283951846755166E+003  0.558043269283967E+000  0.952055474348998E+000  0.811781106252715E-001  0.401958004437076E+000 -0.131028262406404E+000 -0.141975923377583E+003
  0.100000000000000E+001  0.283950358401304E+003  0.597591535408512E+000  0.142335733010235E+001  0.478604702748801E+000  0.379724301705244E+000 -0.131028262406404E+000 -0.141975179200652E+003
  0.100000000000000E+001  0.283948686250037E+003  0.154219595698608E+001  0.187730230221618E+001  0.608479292974356E+000  0.147470601603828E+000 -0.131028262406404E+000 -0.141974343125019E+003
  0.100000000000000E+001  0.283947862266107E+003  0.132479633976432E+001  0.618746858173164E+000  0.756998592603361E+000  0.173789299931107E+000 -0.131028262406404E+000 -0.141973931133054E+003
  0.100000000000000E+001  0.283947264893588E+003  0.112874795474246E+001  0.131622815819491E+001  0.756160441514542E+000  0.198260455002653E+000 -0.131028262406404E+000 -0.141973632446794E+003
  0.100000000000000E+001  0.283946636316993E+003  0.850194002034478E+000  0.122812987983914E+001  0.239204995280635E+000  0.263382061768212E+000 -0.131028262406404E+000 -0.141973318158496E+003
  0.100000000000000E+001  0.283945937266994E+003  0.747254929482253E+000  0.515902996495196E+000  0.403114952217616E+000  0.326607336582774E+000 -0.131028262406404E+000 -0.141972968633497E+003
  0.100000000000000E+001  0.283945838033530E+003  0.112277719569456E+001  0.105992124186651E+001  0.220584060048742E+000  0.199792270797706E+000 -0.131028262406404E+000 -0.141972919016765E+003
  0.100000000000000E+001  0.283945621215437E+003  0.115297998525129E+001  0.114338943413873E+001  0.983701857660719E+000  0.194030175780680E+000 -0.131028262406404E+000 -0.141972810607719E+003
  0.100000000000000E+001  0.283943994343711E+003  0.119493946709232E+001  0.193822710674605E+001  0.529372074981132E+000  0.193625345430663E+000 -0.131028262406404E+000 -0.141971997171855E+003
  0.100000000000000E+001  0.283943911149574E+003  0.188791127234322E+001  0.168173697732641E+001  0.153568203271911E-001  0.118440758654822E+000 -0.131028262406404E+000 -0.141971955574787E+003
  0.100000000000000E+001  0.283943272141997E+003  0.487787179381704E+000  0.163352036005412E+001  0.110996928119922E-002  0.490652843169936E+000 -0.131028262406404E+000 -0.141971636070999E+003
  0.100000000000000E+001  0.283942499534513E+003  0.191244638132471E+001  0.118948936294810E+001  0.865858375434495E+000  0.116255590414654E+000 -0.131028262406404E+000 -0.141971249767257E+003
  0.100000000000000E+001  0.283941783659897E+003  0.168679568027397E+001  0.172332116729946E+001  0.316442252939550E+000  0.132785788242341E+000 -0.131028262406404E+000 -0.141970891829948E+003
  0.100000000000000E+001  0.283940816892245E+003  0.182517959956805E+001  0.154766259098373E+001  0.832746698131420E+000  0.121920286737958E+000 -0.131028262406404E+000 -0.141970408446122E+003
  0.100000000000000E+001  0.283940536120009E+003  0.650657177536876E+000  0.133484882023232E+001  0.118735494062317E+000  0.343025609968291E+000 -0.131028262406404E+000 -0.141970268060005E+003
  0.100000000000000E+001  0.283939200917271E+003  0.178166073423299E+001  0.196013431921211E+001  0.562714884349059E+000  0.126583508923768E+000 -0.131028262406404E+000 -0.141969600458636E+003
  0.100000000000000E+001  0.283938380466154E+003  0.617399053794225E+000  0.127790672643951E+001  0.326355636074063E+000  0.359334724530853E+000 -0.131028262406404E+000 -0.141969190233077E+003
  0.100000000000000E+001  0.283937251074070E+003  0.711488891057751E+000  0.654995616685900E+000  0.820257930641111E+000  0.329008523679018E+000 -0.131028262406404E+000 -0.141968625537035E+003
  0.100000000000000E+001  0.283937125421002E+003  0.134687980373675E+001  0.112661570614066E+001  0.509179179248518E+000  0.164875152517603E+000 -0.131028262406404E+000 -0.141968562710501E+003
  0.100000000000000E+001  0.283936086674435E+003  0.976500889845643E+000  0.836834729088045E+000  0.377098904936420E+000  0.231583448133438E+000 -0.131028262406404E+000 -0.141968043337218E+003
  0.100000000000000E+001  0.283934987976478E+003  0.518501412635028E+000  0.115965419218774E+001  0.756965679225364E+000  0.420611783682133E+000 -0.131028262406404E+000 -0.141967493988239E+003
  0.100000000000000E+001  0.283934896815939E+003  0.733396603080762E+000  0.130050614823859E+001  0.816712674664730E+000  0.302628543165339E+000 -0.131028262406404E+000 -0.141967448407969E+003
  0.100000000000000E+001  0.283934016281241E+003  0.857011216181778E+000  0.747948385140783E+000  0.586219557587381E+000  0.266951825836600E+000 -0.131028262406404E+000 -0.141967008140620E+003
  0.100000000000000E+001  0.283933344627429E+003  0.720701411500353E+000  0.614185046105789E+000  0.285421751019083E+000  0.326435021230557E+000 -0.131028262406404E+000 -0.141966672313714E+003
  0.100000000000000E+001  0.283933002170947E+003  0.183623914896221E+001  0.171320763527718E+001  0.346986779613310E+000  0.120939797274989E+000 -0.131028262406404E+000 -0.141966501085474E+003
  0.100000000000000E+001  0.283931947121625E+003  0.119789509681866E+001  0.175480622338401E+001  0.947381287858274E+000  0.187923838714178E+000 -0.131028262406404E+000 -0.141965973560813E+003
  0.100000000000000E+001  0.283930639429230E+003  0.113279619025952E+001  0.637790774351158E+000  0.212299669746888E-001  0.201704244809237E+000 -0.131028262406404E+000 -0.141965319714615E+003
  0.100000000000000E+001  0.283929602249753E+003  0.154696775782546E+001  0.586129029093314E+000  0.889224933079062E+000  0.145826717151876E+000 -0.131028262406404E+000 -0.141964801124877E+003
  0.100000000000000E+001  0.283929434932051E+003  0.521055125731496E+000  0.176468662533276E+001  0.987996055362453E-001  0.474257481155030E+000 -0.131028262406404E+000 -0.141964717466025E+003
  0.100000000000000E+001  0.283929061879962E+003  0.910982099603854E+000  0.138998250391735E+001  0.951890290657634E+000  0.243008341491373E+000 -0.131028262406404E+000 -0.141964530939981E+003
  0.100000000000000E+001  0.283927960994005E+003  0.145509416804983E+001  0.105225075436155E+001  0.272587292339483E+000  0.151674278159019E+000 -0.131028262406404E+000 -0.141963980497002E+003
  0.100000000000000E+001  0.283927636780851E+003  0.587550702154830E+000  0.137923875071118E+001  0.375642574713712E+000  0.376709382750861E+000 -0.131028262406404E+000 -0.141963818390425E+003
  0.100000000000000E+001  0.283926581690699E+003  0.757430311872843E+000  0.187094851528037E+001  0.341902446646968E+000  0.314540347003765E+000 -0.131028262406404E+000 -0.141963290845350E+003
  0.100000000000000E+001  0.283925520477991E+003  0.635224075003296E+000  0.194710196251705E+001  0.870448083717050E-001  0.401627287794041E+000 -0.131028262406404E+000 -0.141962760238996E+003
  0.100000000000000E+001  0.283922773563793E+003  0.173741481494709E+001  0.800955272628765E+000  0.303104152995266E+000  0.127198101439672E+000 -0.131028262406404E+000 -0.141961386781896E+003
  0.100000000000000E+001  0.283920706576495E+003  0.535199737261319E+000  0.131766669324922E+001  0.376039095604487E+000  0.407267258068980E+000 -0.131028262406404E+000 -0.141960353288248E+003
  0.100000000000000E+001  0.283920637186510E+003  0.151083895389657E+001  0.101777931088375E+001  0.389628403436100E+000  0.145307198727118E+000 -0.131028262406404E+000 -0.141960318593255E+003
  0.100000000000000E+001  0.283920565555668E+003  0.843252728029436E+000  0.136169720281976E+001  0.575207871322223E+000  0.260597674582120E+000 -0.131028262406404E+000 -0.141960282777834E+003
  0.100000000000000E+001  0.283918588903301E+003  0.657034789865708E+000  0.180892006629594E+001  0.109968127975369E-001  0.362194446483704E+000 -0.131028262406404E+000 -0.141959294451651E+003
  0.100000000000000E+001  0.283915953306942E+003  0.143321043259781E+001  0.191196890557949E+001  0.441904354793635E-001  0.155569906389971E+000 -0.131028262406404E+000 -0.141957976653471E+003
  0.100000000000000E+001  0.283915731606012E+003  0.102386231945363E+001  0.906139793244396E+000  0.463342791842332E+000  0.215678081707394E+000 -0.131028262406404E+000 -0.141957865803006E+003
  0.100000000000000E+001  0.283914698644689E+003  0.111754173549413E+001  0.123289594532922E+001  0.439686033206068E+000  0.195143697822015E+000 -0.131028262406404E+000 -0.141957349322345E+003
  0.100000000000000E+001  0.283912938378315E+003  0.101798367172756E+001  0.178814216734217E+001  0.285321800590922E+000  0.220430290559465E+000 -0.131028262406404E+000 -0.141956469189158E+003
  0.100000000000000E+001  0.283912853022029E+003  0.124609531647472E+001  0.875796211411463E+000  0.916597533271375E+000  0.176500258306540E+000 -0.131028262406404E+000 -0.141956426511014E+003
  0.100000000000000E+001  0.283911793699055E+003  0.155525847938107E+001  0.191581059809055E+001  0.101385774861419E+000  0.142363823672643E+000 -0.131028262406404E+000 -0.141955896849527E+003
  0.100000000000000E+001  0.283911615177321E+003  0.434669723681789E+000  0.110450110089579E+001  0.249522419117338E+000  0.479745755444077E+000 -0.131028262406404E+000 -0.141955807588661E+003
  0.100000000000000E+001  0.283910991830251E+003  0.484144645414497E+000  0.144546926654653E+001  0.512546650971850E+000  0.453632246814704E+000 -0.131028262406404E+000 -0.141955495915125E+003
  0.100000000000000E+001  0.283910951389932E+003  0.663814778797643E+000  0.142620159827800E+001  0.660967041855784E+000  0.330166536583975E+000 -0.131028262406404E+000 -0.141955475694966E+003
  0.100000000000000E+001  0.283908599552306E+003  0.188365585170882E+001  0.817190773682863E+000  0.619837448227275E+000  0.115760760248312E+000 -0.131028262406404E+000 -0.141954299776153E+003
  0.100000000000000E+001  0.283907773318966E+003  0.564692554125163E+000  0.167940159917448E+001  0.664932347814488E+000  0.409375427238947E+000 -0.131028262406404E+000 -0.141953886659483E+003
  0.100000000000000E+001  0.283907163709331E+003  0.996215715274902E+000  0.761324788624712E+000  0.655799929484590E+000  0.222826795735729E+000 -0.131028262406404E+000 -0.141953581854665E+003
  0.100000000000000E+001  0.283905033185419E+003  0.603235632370639E+000  0.116991653899762E+001  0.838634002823445E+000  0.355471331379548E+000 -0.131028262406404E+000 -0.141952516592710E+003
  0.100000000000000E+001  0.283904955105982E+003  0.100336001456121E+001  0.112027741577427E+001  0.225609121196918E-001  0.215966759885693E+000 -0.131028262406404E+000 -0.141952477552991E+003
  0.100000000000000E+001  0.283904800655956E+003  0.177414551973862E+001  0.930984894332795E+000  0.742148196571915E+000  0.122238520985363E+000 -0.131028262406404E+000 -0.141952400327978E+003
  0.100000000000000E+001  0.283904263335668E+003  0.107477209066417E+001  0.191083273427995E+001  0.601865297581297E+000  0.209534878754746E+000 -0.131028262406404E+000 -0.141952131667834E+003
  0.100000000000000E+001  0.283902505583997E+003  0.989407863563528E+000  0.197695597648699E+001  0.687680132129164E+000  0.231725773571885E+000 -0.131028262406404E+000 -0.141951252791998E+003
  0.100000000000000E+001  0.283900424126978E+003  0.106357419544671E+001  0.681702398790558E+000  0.874350082514503E+000  0.208690787062898E+000 -0.131028262406404E+000 -0.141950212063489E+003
  0.100000000000000E+001  0.283900015892573E+003  0.613306184060470E+000  0.115646501505185E+001  0.520303653356990E+000  0.348268966428352E+000 -0.131028262406404E+000 -0.141950007946286E+003
  0.100000000000000E+001  0.283898768650522E+003  0.128329837341701E+001  0.601004548043852E+000  0.254904151147859E+000  0.172551092730134E+000 -0.131028262406404E+000 -0.141949384325261E+003
  0.100000000000000E+001  0.283896480543984E+003  0.119357697027564E+001  0.152986173170655E+001  0.243729646875886E+000  0.180882166029060E+000 -0.131028262406404E+000 -0.141948240271992E+003
  0.100000000000000E+001  0.283893872425247E+003  0.149994680257582E+001  0.186015075650601E+001  0.497672275776613E+000  0.145169608962509E+000 -0.131028262406404E+000 -0.141946936212624E+003
  0.100000000000000E+001  0.283892642821739E+003  0.191164281188128E+001  0.146199047345559E+001  0.606193402721413E+000  0.111931584554062E+000 -0.131028262406404E+000 -0.141946321410870E+003
  0.100000000000000E+001  0.283892338765939E+003  0.474638450920140E+000  0.694524097437197E+000  0.762917658248837E+000  0.454963189314424E+000 -0.131028262406404E+000 -0.141946169382970E+003
  0.100000000000000E+001  0.283891583663986E+003  0.673319517768333E+000  0.135161556144698E+001  0.111792180125810E+000  0.317916912713307E+000 -0.131028262406404E+000 -0.141945791831993E+003
  0.100000000000000E+001  0.283889967803211E+003  0.790200923925975E+000  0.125513948747049E+001  0.838056021513514E+000  0.270018725685322E+000 -0.131028262406404E+000 -0.141944983901606E+003
  0.100000000000000E+001  0.283889650219443E+003  0.907892915148422E+000  0.144034763339240E+001  0.815378277557439E+000  0.236375340034975E+000 -0.131028262406404E+000 -0.141944825109722E+003
  0.100000000000000E+001  0.283888836924707E+003  0.136883693710125E+001  0.121103566071925E+001  0.676370764628908E+000  0.155838569893906E+000 -0.131028262406404E+000 -0.141944418462353E+003
  0.100000000000000E+001  0.283888263139006E+003  0.406627347460524E+000  0.879958229095695E+000  0.253685606444582E+000  0.498384866155308E+000 -0.131028262406404E+000 -0.141944131569503E+003
  0.100000000000000E+001  0.283887785985681E+003  0.197375941011764E+001  0.156915940348643E+001  0.902342200860389E+000  0.108110552490336E+000 -0.131028262406404E+000 -0.141943892992841E+003
  0.100000000000000E+001  0.283885561207199E+003  0.516864429791343E+000  0.101107806513003E+001  0.118727559915041E-001  0.402514243037784E+000 -0.131028262406404E+000 -0.141942780603600E+003
  0.100000000000000E+001  0.283885197889895E+003  0.688247356051865E+000  0.942598757925225E+000  0.137580031458037E+000  0.310249379861705E+000 -0.131028262406404E+000 -0.141942598944947E+003
  0.100000000000000E+001  0.283883298261021E+003  0.145205282757728E+001  0.975366426063620E+000  0.122984264232312E+000  0.146780659427417E+000 -0.131028262406404E+000 -0.141941649130511E+003
  0.100000000000000E+001  0.283882391618812E+003  0.426996914564044E+000  0.100749178151961E+001  0.718976685891520E+000  0.471928826480947E+000 -0.131028262406404E+000 -0.141941195809406E+003
  0.100000000000000E+001  0.283881423423317E+003  0.592909087737872E+000  0.133206572090416E+001  0.565098816357940E+000  0.356100850566645E+000 -0.131028262406404E+000 -0.141940711711659E+003
  0.100000000000000E+001  0.283880602412879E+003  0.468439900659586E+000  0.642448288095010E+000  0.574910026831327E+000  0.459870381281945E+000 -0.131028262406404E+000 -0.141940301206439E+003
  0.100000000000000E+001  0.283879354268458E+003  0.952980642517984E+000  0.180025042146123E+001  0.453915937842354E+000  0.230026046869518E+000 -0.131028262406404E+000 -0.141939677134229E+003
  0.100000000000000E+001  0.283879145598350E+003  0.585706249094927E+000  0.599109998816130E+000  0.606711391150528E+000  0.378784657288264E+000 -0.131028262406404E+000 -0.141939572799175E+003
  0.100000000000000E+001  0.283878518397389E+003  0.876670272573717E+000  0.113065041345437E+001  0.820449816881625E+000  0.241247731243136E+000 -0.131028262406404E+000 -0.141939259198694E+003
  0.100000000000000E+001  0.283877635914727E+003  0.186358797039278E+001  0.810786998970314E+000  0.268533076343869E+000  0.114026080214185E+000 -0.131028262406404E+000 -0.141938817957363E+003
  0.100000000000000E+001  0.283877554744375E+003  0.972139847799339E+000  0.137704828215896E+001  0.755736826697950E+000  0.217758000246679E+000 -0.131028262406404E+000 -0.141938777372187E+003
  0.100000000000000E+001  0.283877286577989E+003  0.953511473339925E+000  0.149302827139407E+001  0.314756385402092E+000  0.223075004941732E+000 -0.131028262406404E+000 -0.141938643288994E+003
  0.100000000000000E+001  0.283877032666457E+003  0.156996947891829E+001  0.160017077426771E+001  0.271606634519331E+000  0.135067365464231E+000 -0.131028262406404E+000 -0.141938516333228E+003
  0.100000000000000E+001  0.283876243861077E+003  0.521829196207274E+000  0.113672899957463E+001  0.483590256429206E-001  0.394923695040315E+000 -0.131028262406404E+000 -0.141938121930539E+003
  0.100000000000000E+001  0.283875985235518E+003  0.192212649485740E+001  0.138359345630457E+001  0.925576898713622E+000  0.109702004593526E+000 -0.131028262406404E+000 -0.141937992617759E+003
  0.100000000000000E+001  0.283875430571607E+003  0.495794499741531E+000  0.102215616579132E+001  0.993251496799936E-001  0.412867472209519E+000 -0.131028262406404E+000 -0.141937715285803E+003
  0.100000000000000E+001  0.283875262491051E+003  0.553265486443372E+000  0.593183905940739E+000  0.140742362139652E+000  0.398323964796659E+000 -0.131028262406404E+000 -0.141937631245526E+003
  0.100000000000000E+001  0.283875091505150E+003  0.101672118933116E+001  0.125508133736297E+001  0.630743667417811E+000  0.207343221170725E+000 -0.131028262406404E+000 -0.141937545752575E+003
  0.100000000000000E+001  0.283874781792660E+003  0.168218821519499E+001  0.198420735714532E+001  0.123532421104129E+000  0.127656933799312E+000 -0.131028262406404E+000 -0.141937390896330E+003
  0.100000000000000E+001  0.283874599276898E+003  0.856681005528024E+000  0.125058219733846E+001  0.592033654700283E+000  0.245767491645841E+000 -0.131028262406404E+000 -0.141937299638449E+003
  0.100000000000000E+001  0.283874308303753E+003  0.797850009284166E+000  0.142100480194625E+001  0.928974167963962E+000  0.265279640842718E+000 -0.131028262406404E+000 -0.141937154151876E+003
  0.100000000000000E+001  0.283873799478939E+003  0.164539677985772E+001  0.187047895670789E+001  0.824026567525199E+000  0.129729756131740E+000 -0.131028262406404E+000 -0.141936899739470E+003
  0.100000000000000E+001  0.283873648354751E+003  0.110574438528232E+001  0.191966163506543E+001  0.130235722736724E+000  0.197891466521136E+000 -0.131028262406404E+000 -0.141936824177376E+003
  0.100000000000000E+001  0.283873285931687E+003  0.129365447228914E+001  0.141983186184540E+001  0.679274458514646E+000  0.162943863863938E+000 -0.131028262406404E+000 -0.141936642965843E+003
  0.100000000000000E+001  0.283872349106828E+003  0.553552754522481E+000  0.502034240005894E+000  0.459844837383479E+000  0.408116870745011E+000 -0.131028262406404E+000 -0.141936174553414E+003
  0.100000000000000E+001  0.283872178038833E+003  0.684829259928772E+000  0.175287883179731E+001  0.146711788429411E+000  0.325118334150983E+000 -0.131028262406404E+000 -0.141936089019416E+003
  0.100000000000000E+001  0.283871622522044E+003  0.514871922988703E+000  0.568864639755762E+000  0.913102052897311E+000  0.426783728616150E+000 -0.131028262406404E+000 -0.141935811261022E+003
  0.100000000000000E+001  0.283869513155298E+003  0.482701628852681E+000  0.147481335099035E+001  0.439237881203545E+000  0.439077135298417E+000 -0.131028262406404E+000 -0.141934756577649E+003
  0.100000000000000E+001  0.283869315204644E+003  0.193817197985330E+001  0.794381934621681E+000  0.222489704688523E+000  0.108827598195088E+000 -0.131028262406404E+000 -0.141934657602322E+003
  0.100000000000000E+001  0.283868779336850E+003  0.182244577685477E+001  0.132586315545837E+001  0.706278984311807E+000  0.114966431297371E+000 -0.131028262406404E+000 -0.141934389668425E+003
  0.100000000000000E+001  0.283868343848963E+003  0.114907497558259E+001  0.162248879068754E+001  0.206977090504072E-001  0.184296521634634E+000 -0.131028262406404E+000 -0.141934171924481E+003
  0.100000000000000E+001  0.283866025297846E+003  0.540730157980704E+000  0.102675804897172E+001  0.141952417462454E-002  0.378673257059554E+000 -0.131028262406404E+000 -0.141933012648923E+003
  0.100000000000000E+001  0.283865042145921E+003  0.136915888042924E+001  0.915151460763750E+000  0.119826535509479E+000  0.153531024141780E+000 -0.131028262406404E+000 -0.141932521072960E+003
  0.100000000000000E+001  0.283864694453235E+003  0.687961437154960E+000  0.152837876192923E+001  0.306536713682735E+000  0.308457247610695E+000 -0.131028262406404E+000 -0.141932347226617E+003
  0.100000000000000E+001  0.283864659791677E+003  0.918975662203112E+000  0.777506092399687E+000  0.355833720284116E+000  0.231919019913897E+000 -0.131028262406404E+000 -0.141932329895838E+003
  0.100000000000000E+001  0.283864185248545E+003  0.436786362126003E+000  0.106119228932588E+001  0.353315354471047E+000  0.453839059563047E+000 -0.131028262406404E+000 -0.141932092624273E+003
  0.100000000000000E+001  0.283862701173962E+003  0.739172455166679E+000  0.115770853362424E+001  0.468313373762393E+000  0.280857440182654E+000 -0.131028262406404E+000 -0.141931350586981E+003
  0.100000000000000E+001  0.283862159643829E+003  0.974220555913778E+000  0.901454897668529E+000  0.118363826831173E+000  0.215968678327128E+000 -0.131028262406404E+000 -0.141931079821914E+003
  0.100000000000000E+001  0.283861869180006E+003  0.690591074833821E+000  0.935631713952014E+000  0.808612219394223E+000  0.302183589652553E+000 -0.131028262406404E+000 -0.141930934590003E+003
  0.100000000000000E+001  0.283861385873775E+003  0.964710390110250E+000  0.112055463355343E+001  0.337242900780449E+000  0.215954616225348E+000 -0.131028262406404E+000 -0.141930692936888E+003
  0.100000000000000E+001  0.283860953655828E+003  0.141536240959091E+001  0.190419039224868E+001  0.412507863225241E+000  0.150244175732584E+000 -0.131028262406404E+000 -0.141930476827914E+003
  0.100000000000000E+001  0.283860157776865E+003  0.697933690585003E+000  0.550100437835599E+000  0.613659051414345E+000  0.315711540358528E+000 -0.131028262406404E+000 -0.141930078888433E+003
  0.100000000000000E+001  0.283859940499703E+003  0.882498064268399E+000  0.184843239930786E+001  0.959846928878801E+000  0.247267302931353E+000 -0.131028262406404E+000 -0.141929970249852E+003
  0.100000000000000E+001  0.283858145202780E+003  0.176984426093225E+001  0.903739143936438E+000  0.580728293859123E+000  0.117770103537368E+000 -0.131028262406404E+000 -0.141929072601390E+003
  0.100000000000000E+001  0.283858065125271E+003  0.184796346737954E+001  0.844637607992972E+000  0.402971486431882E+000  0.112901129583588E+000 -0.131028262406404E+000 -0.141929032562635E+003
  0.100000000000000E+001  0.283857770305135E+003  0.475499416062241E+000  0.977369675333700E+000  0.223803591519419E+000  0.420250030436612E+000 -0.131028262406404E+000 -0.141928885152568E+003
  0.100000000000000E+001  0.283857481304240E+003  0.155984895940073E+001  0.968954634439963E+000  0.280310330421850E+000  0.133463368820604E+000 -0.131028262406404E+000 -0.141928740652120E+003
  0.100000000000000E+001  0.283855422936046E+003  0.586126200808112E+000  0.165288986122850E+001  0.801531047567831E-001  0.369765180337122E+000 -0.131028262406404E+000 -0.141927711468023E+003
  0.100000000000000E+001  0.283853811413886E+003  0.528588340356753E+000  0.193895120476359E+001  0.765994623514259E+000  0.471817839725471E+000 -0.131028262406404E+000 -0.141926905706943E+003
  0.100000000000000E+001  0.283853343548256E+003  0.513458236547384E+000  0.100387880153926E+001  0.401748598802222E+000  0.391179575351535E+000 -0.131028262406404E+000 -0.141926671774128E+003
  0.100000000000000E+001  0.283852838948227E+003  0.124007209115256E+001  0.996931081378596E+000  0.389934874582696E-001  0.167239654642359E+000 -0.131028262406404E+000 -0.141926419474114E+003
  0.100000000000000E+001  0.283852827991244E+003  0.659805527305681E+000  0.766057214273831E+000  0.818800409650481E+000  0.318007736680524E+000 -0.131028262406404E+000 -0.141926413995622E+003
  0.100000000000000E+001  0.283852819599450E+003  0.879015290255765E+000  0.995588208475412E+000  0.903702333909321E+000  0.235817509507400E+000 -0.131028262406404E+000 -0.141926409799725E+003
  0.100000000000000E+001  0.283851851473833E+003  0.812030645355972E+000  0.171992079839508E+001  0.143917853035972E-001  0.262974003246715E+000 -0.131028262406404E+000 -0.141925925736916E+003
  0.100000000000000E+001  0.283851461528775E+003  0.497503109876324E+000  0.164854513542637E+001  0.559872187594866E+000  0.438878132349385E+000 -0.131028262406404E+000 -0.141925730764387E+003
  0.100000000000000E+001  0.283847780732514E+003  0.133789957198710E+001  0.123980771575748E+001  0.439701863967252E+000  0.153691881195252E+000 -0.131028262406404E+000 -0.141923890366257E+003
  0.100000000000000E+001  0.283846996498142E+003  0.124830554254555E+001  0.137909395908914E+001  0.660865490313969E+000  0.164775226802249E+000 -0.131028262406404E+000 -0.141923498249071E+003
  0.100000000000000E+001  0.283846884055371E+003  0.548701090956668E+000  0.193200539907356E+001  0.131773500870733E+000  0.442740292704570E+000 -0.131028262406404E+000 -0.141923442027686E+003
  0.100000000000000E+001  0.283846246869364E+003  0.135520542614157E+001  0.174062859162684E+001  0.848005994458991E+000  0.153472712646057E+000 -0.131028262406404E+000 -0.141923123434682E+003
  0.100000000000000E+001  0.283844291535535E+003  0.882057739332908E+000  0.884746683901738E+000  0.958074572678852E+000  0.234504926998565E+000 -0.131028262406404E+000 -0.141922145767767E+003
  0.100000000000000E+001  0.283842681398772E+003  0.517454888065745E+000  0.181257646240599E+001  0.949514548980116E+000  0.444751248391525E+000 -0.131028262406404E+000 -0.141921340699386E+003
  0.100000000000000E+001  0.283841536724216E+003  0.769744477141539E+000  0.121528423575218E+001  0.277001449032099E+000  0.264348590503381E+000 -0.131028262406404E+000 -0.141920768362108E+003
  0.100000000000000E+001  0.283840345760358E+003  0.197950672293302E+001  0.195274646574919E+001  0.130594962908266E+000  0.104415169737358E+000 -0.131028262406404E+000 -0.141920172880179E+003
  0.100000000000000E+001  0.283839652948093E+003  0.123171907302094E+001  0.166922543593241E+001  0.834924043452768E+000  0.167555103410803E+000 -0.131028262406404E+000 -0.141919826474046E+003
  0.100000000000000E+001  0.283838286523574E+003  0.579749056947712E+000  0.161741881184042E+001  0.877038555397339E+000  0.364025604399572E+000 -0.131028262406404E+000 -0.141919143261787E+003
  0.100000000000000E+001  0.283837575334896E+003  0.388131882873232E+000  0.881643881386683E+000  0.463466267348591E+000  0.484853691838567E+000 -0.131028262406404E+000 -0.141918787667448E+003
  0.100000000000000E+001  0.283836934474073E+003  0.145239360771457E+001  0.164361575057611E+001  0.901882985961496E+000  0.141125499054084E+000 -0.131028262406404E+000 -0.141918467237036E+003
  0.100000000000000E+001  0.283836930818288E+003  0.171528575452568E+001  0.620359255471595E+000  0.840299805264823E+000  0.120287913999609E+000 -0.131028262406404E+000 -0.141918465409144E+003
  0.100000000000000E+001  0.283836404127033E+003  0.158893907708132E+001  0.636972616900621E+000  0.401336104873124E+000  0.129939366042721E+000 -0.131028262406404E+000 -0.141918202063517E+003
  0.100000000000000E+001  0.283836212739704E+003  0.531077692107646E+000  0.143034426110706E+001  0.589845540519453E+000  0.382466167115016E+000 -0.131028262406404E+000 -0.141918106369852E+003
  0.100000000000000E+001  0.283836176439226E+003  0.176763749078208E+001  0.121003490345604E+001  0.540074041723592E+000  0.115062550348930E+000 -0.131028262406404E+000 -0.141918088219613E+003
  0.100000000000000E+001  0.283835655202786E+003  0.152838780870082E+001  0.720123570131657E+000  0.341569257261964E+000  0.134575283205634E+000 -0.131028262406404E+000 -0.141917827601393E+003
  0.100000000000000E+001  0.283834204475325E+003  0.158483220441698E+001  0.187533895958154E+001  0.947848124485528E+000  0.130046686559978E+000 -0.131028262406404E+000 -0.141917102237662E+003
  0.100000000000000E+001  0.283834063483935E+003  0.102594590288974E+001  0.170076447584979E+001  0.943454922476541E+000  0.201596047798398E+000 -0.131028262406404E+000 -0.141917031741967E+003
  0.100000000000000E+001  0.283833076504057E+003  0.484164362291453E+000  0.517078507984386E+000  0.571379217433884E+000  0.433731225570928E+000 -0.131028262406404E+000 -0.141916538252028E+003
  0.100000000000000E+001  0.283832640589249E+003  0.107930538166199E+001  0.111292670099582E+001  0.162887835030021E+000  0.187831580075470E+000 -0.131028262406404E+000 -0.141916320294625E+003
  0.100000000000000E+001  0.283831216730931E+003  0.962661831348611E+000  0.966096330423507E+000  0.140468865762207E+000  0.211079528956364E+000 -0.131028262406404E+000 -0.141915608365466E+003
  0.100000000000000E+001  0.283830684861017E+003  0.838481509004464E+000  0.197747336366523E+001  0.849894281075401E+000  0.260843382140192E+000 -0.131028262406404E+000 -0.141915342430508E+003
  0.100000000000000E+001  0.283830635021554E+003  0.583634445205124E+000  0.152536632016601E+001  0.752517019435927E-001  0.351807534905466E+000 -0.131028262406404E+000 -0.141915317510777E+003
  0.100000000000000E+001  0.283830127874762E+003  0.978211537502839E+000  0.115396558024867E+001  0.325074224989447E+000  0.206439556720603E+000 -0.131028262406404E+000 -0.141915063937381E+003
  0.100000000000000E+001  0.283829365646930E+003  0.436408718431203E+000  0.119702711581387E+001  0.851837545685190E+000  0.439536674241434E+000 -0.131028262406404E+000 -0.141914682823465E+003
  0.100000000000000E+001  0.283829044253591E+003  0.550999349771852E+000  0.100125818958264E+001  0.275530170868669E+000  0.357632860420772E+000 -0.131028262406404E+000 -0.141914522126796E+003
  0.100000000000000E+001  0.283828828456232E+003  0.863162799126900E+000  0.152160411812006E+001  0.217142071919306E-001  0.235978763070302E+000 -0.131028262406404E+000 -0.141914414228116E+003
  0.100000000000000E+001  0.283828252308099E+003  0.750343861488019E+000  0.724925371118070E+000  0.164938402120771E+000  0.274487502291679E+000 -0.131028262406404E+000 -0.141914126154050E+003
  0.100000000000000E+001  0.283826685280989E+003  0.112025970475398E+001  0.915325087196108E+000  0.557218441775387E+000  0.180988600371982E+000 -0.131028262406404E+000 -0.141913342640495E+003
  0.100000000000000E+001  0.283825302495786E+003  0.762601489971901E+000  0.162983372277118E+001  0.175129609324048E+000  0.269901254723422E+000 -0.131028262406404E+000 -0.141912651247893E+003
  0.100000000000000E+001  0.283824854336766E+003  0.164281310374230E+001  0.197789686327929E+001  0.176279244613815E-001  0.124821142562911E+000 -0.131028262406404E+000 -0.141912427168383E+003
  0.100000000000000E+001  0.283824412090995E+003  0.106701222032466E+001  0.114602376698499E+001  0.553788552725121E+000  0.188309652616747E+000 -0.131028262406404E+000 -0.141912206045497E+003
  0.100000000000000E+001  0.283823559554957E+003  0.509259489469392E+000  0.982729423139113E+000  0.666327456480225E+000  0.380768201147747E+000 -0.131028262406404E+000 -0.141911779777478E+003
  0.100000000000000E+001  0.283823507397009E+003  0.642596025389251E+000  0.873642450303875E+000  0.942899587776723E+000  0.311445612243393E+000 -0.131028262406404E+000 -0.141911753698505E+003
  0.100000000000000E+001  0.283822829089731E+003  0.124336010316348E+001  0.128196105411122E+001  0.746401106294732E+000  0.161411756126163E+000 -0.131028262406404E+000 -0.141911414544866E+003
  0.100000000000000E+001  0.283821630274452E+003  0.134098531666277E+001  0.165329616990071E+001  0.756481545279038E+000  0.150821102543266E+000 -0.131028262406404E+000 -0.141910815137226E+003
  0.100000000000000E+001  0.283820290554187E+003  0.101585806547028E+001  0.116070149783086E+001  0.739923061555519E+000  0.196839557245297E+000 -0.131028262406404E+000 -0.141910145277094E+003
  0.100000000000000E+001  0.283819773746759E+003  0.676470527812797E+000  0.197842163044254E+001  0.769248386371369E-001  0.333783189881070E+000 -0.131028262406404E+000 -0.141909886873379E+003
  0.100000000000000E+001  0.283819406289338E+003  0.112535826827012E+001  0.136779767260243E+001  0.454735354839100E+000  0.177869230747573E+000 -0.131028262406404E+000 -0.141909703144669E+003
  0.100000000000000E+001  0.283818974774730E+003  0.735368844078903E+000  0.107982701644931E+001  0.637829622803572E+000  0.269945090515646E+000 -0.131028262406404E+000 -0.141909487387365E+003
  0.100000000000000E+001  0.283818638293126E+003  0.107075061715260E+001  0.132835381819150E+001  0.297508913472935E+000  0.186633905165370E+000 -0.131028262406404E+000 -0.141909319146563E+003
  0.100000000000000E+001  0.283817823931913E+003  0.855311747721590E+000  0.122802575443688E+001  0.870231493882321E+000  0.232613042306893E+000 -0.131028262406404E+000 -0.141908911965956E+003
  0.100000000000000E+001  0.283816962399034E+003  0.131735255418251E+001  0.136337707993939E+001  0.385756055364734E-001  0.151575445799786E+000 -0.131028262406404E+000 -0.141908481199517E+003
  0.100000000000000E+001  0.283816070741430E+003  0.870625749462605E+000  0.148674055357794E+001  0.212358029962719E+000  0.230276050632535E+000 -0.131028262406404E+000 -0.141908035370715E+003
  0.100000000000000E+001  0.283813839705102E+003  0.122711843015268E+001  0.774159894825909E+000  0.641312324825973E+000  0.164023575088643E+000 -0.131028262406404E+000 -0.141906919852551E+003
  0.100000000000000E+001  0.283813263708196E+003  0.102386605095377E+001  0.173619169252392E+001  0.127051451811314E+000  0.198353691417706E+000 -0.131028262406404E+000 -0.141906631854098E+003
  0.100000000000000E+001  0.283812503781815E+003  0.674866436194826E+000  0.197101830802013E+001  0.226172011988047E+000  0.330786505581549E+000 -0.131028262406404E+000 -0.141906251890907E+003
  0.100000000000000E+001  0.283811719000381E+003  0.152386164874232E+001  0.140686874936012E+001  0.267291323798486E+000  0.130403795970816E+000 -0.131028262406404E+000 -0.141905859500191E+003
  0.100000000000000E+001  0.283810684594596E+003  0.474151566523449E+000  0.105742300089585E+001  0.939833072447964E+000  0.397774256507398E+000 -0.131028262406404E+000 -0.141905342297298E+003
  0.100000000000000E+001  0.283810439698008E+003  0.155449533006225E+001  0.994856290182547E+000  0.738449265497113E+000  0.127824934851886E+000 -0.131028262406404E+000 -0.141905219849004E+003
  0.100000000000000E+001  0.283808887467614E+003  0.125228714626464E+001  0.152363608280355E+001  0.218760981762171E+000  0.158740897079974E+000 -0.131028262406404E+000 -0.141904443733807E+003
  0.100000000000000E+001  0.283807510100421E+003  0.369523127595602E+000  0.959206848106998E+000  0.289013126104907E+000  0.480660642599976E+000 -0.131028262406404E+000 -0.141903755050211E+003
  0.100000000000000E+001  0.283807179174315E+003  0.477473932310845E+000  0.517415837071419E+000  0.752787054717759E+000  0.420437730039681E+000 -0.131028262406404E+000 -0.141903589587157E+003
  0.100000000000000E+001  0.283806603741105E+003  0.690408008262198E+000  0.525691974948739E+000  0.257721873021747E+000  0.299096946573474E+000 -0.131028262406404E+000 -0.141903301870552E+003
  0.100000000000000E+001  0.283805799137730E+003  0.872646022687635E+000  0.116323170941665E+001  0.391681664701887E+000  0.225084025378496E+000 -0.131028262406404E+000 -0.141902899568865E+003
  0.100000000000000E+001  0.283805037691823E+003  0.894735726253022E+000  0.688790236928282E+000  0.998750925852377E+000  0.225046106221797E+000 -0.131028262406404E+000 -0.141902518845912E+003
  0.100000000000000E+001  0.283804041955971E+003  0.830481263383104E+000  0.150806882740692E+001  0.643974135805315E+000  0.238708747319987E+000 -0.131028262406404E+000 -0.141902020977985E+003
  0.100000000000000E+001  0.283803460675682E+003  0.744527796678523E+000  0.118720732861850E+001  0.526575536792711E-001  0.261949191051308E+000 -0.131028262406404E+000 -0.141901730337841E+003
  0.100000000000000E+001  0.283802477392739E+003  0.423702625314252E+000  0.141429290052563E+001  0.239065646919723E-002  0.452217729266370E+000 -0.131028262406404E+000 -0.141901238696370E+003
  0.100000000000000E+001  0.283800836057806E+003  0.103788251147079E+001  0.142015247090716E+001  0.558627877194579E+000  0.189359851961457E+000 -0.131028262406404E+000 -0.141900418028903E+003
  0.100000000000000E+001  0.283800783512974E+003  0.130382018747728E+001  0.646884444584173E+000  0.732963332803213E+000  0.153118845901833E+000 -0.131028262406404E+000 -0.141900391756487E+003
  0.100000000000000E+001  0.283800748220983E+003  0.186722098834176E+001  0.128798726435294E+001  0.519386262965967E-001  0.105139268962668E+000 -0.131028262406404E+000 -0.141900374110492E+003
  0.100000000000000E+001  0.283800639805939E+003  0.400824433737855E+000  0.154895996767732E+001  0.626538294978799E+000  0.495252978121496E+000 -0.131028262406404E+000 -0.141900319902969E+003
  0.100000000000000E+001  0.283800240824731E+003  0.413118633739259E+000  0.113321985707235E+001  0.999118670135296E+000  0.440478261304973E+000 -0.131028262406404E+000 -0.141900120412365E+003
  0.100000000000000E+001  0.283800224854428E+003  0.105450817872584E+001  0.967712980826034E+000  0.730292256100872E-001  0.186423203749947E+000 -0.131028262406404E+000 -0.141900112427214E+003
  0.100000000000000E+001  0.283799459422593E+003  0.504311263066933E+000  0.748607940024554E+000  0.249838697543982E+000  0.378786811318256E+000 -0.131028262406404E+000 -0.141899729711297E+003
  0.100000000000000E+001  0.283794377097014E+003  0.480331002791373E+000  0.585581229496148E+000  0.990863925241183E+000  0.402243283090645E+000 -0.131028262406404E+000 -0.141897188548507E+003
  0.100000000000000E+001  0.283792993322808E+003  0.403783920888544E+000  0.120793803799259E+001  0.864262578576372E+000  0.447691980069586E+000 -0.131028262406404E+000 -0.141896496661404E+003
  0.100000000000000E+001  0.283792191130134E+003  0.422888067073834E+000  0.611408150973690E+000  0.911697009667922E+000  0.441299576096296E+000 -0.131028262406404E+000 -0.141896095565067E+003
  0.100000000000000E+001  0.283791484181483E+003  0.780515901864355E+000  0.176609904337007E+001  0.948260061816542E+000  0.258757816217052E+000 -0.131028262406404E+000 -0.141895742090742E+003
  0.100000000000000E+001  0.283790937224820E+003  0.610862438845535E+000  0.862698904656712E+000  0.199279451487115E+000  0.313457654852293E+000 -0.131028262406404E+000 -0.141895468612410E+003
  0.100000000000000E+001  0.283790479274486E+003  0.152742863787713E+001  0.110389479006977E+001  0.194330800292901E-001  0.127140567928939E+000 -0.131028262406404E+000 -0.141895239637243E+003
  0.100000000000000E+001  0.283789716140261E+003  0.111509632870775E+001  0.105106898806741E+001  0.602671146267330E+000  0.173876276184355E+000 -0.131028262406404E+000 -0.141894858070130E+003
  0.100000000000000E+001  0.283789276012433E+003  0.151619549219060E+001  0.111863544555771E+001  0.208080148241521E+000  0.127893285774458E+000 -0.131028262406404E+000 -0.141894638006217E+003
  0.100000000000000E+001  0.283787541851060E+003  0.534243547263177E+000  0.136801253088900E+001  0.463916190242638E+000  0.355707868928818E+000 -0.131028262406404E+000 -0.141893770925530E+003
  0.100000000000000E+001  0.283785335684634E+003  0.180857628021368E+001  0.606707355721768E+000  0.180131231496284E-001  0.107909245573749E+000 -0.131028262406404E+000 -0.141892667842317E+003
  0.100000000000000E+001  0.283785017759698E+003  0.130922502902784E+001  0.107861464547104E+001  0.362998969530331E+000  0.147389545953935E+000 -0.131028262406404E+000 -0.141892508879849E+003
  0.100000000000000E+001  0.283783705422852E+003  0.557746599669725E+000  0.915279005912257E+000  0.970909360742658E+000  0.335368280978730E+000 -0.131028262406404E+000 -0.141891852711426E+003
  0.100000000000000E+001  0.283782547547810E+003  0.483752996812741E+000  0.525638249750849E+000  0.620537641007676E-001  0.397276672673008E+000 -0.131028262406404E+000 -0.141891273773905E+003
  0.100000000000000E+001  0.283782519718949E+003  0.953576307928850E+000  0.133899733707150E+001  0.552584004234012E+000  0.201309726409843E+000 -0.131028262406404E+000 -0.141891259859474E+003
  0.100000000000000E+001  0.283781780359827E+003  0.506711946794953E+000  0.965902120164343E+000  0.391237801223321E-002  0.362343929245172E+000 -0.131028262406404E+000 -0.141890890179913E+003
  0.100000000000000E+001  0.283780098060417E+003  0.162273006431594E+001  0.190033833845354E+001  0.852837143823338E+000  0.120063969100859E+000 -0.131028262406404E+000 -0.141890049030209E+003
  0.100000000000000E+001  0.283779670470670E+003  0.610946124940053E+000  0.145413033851405E+001  0.527808916145284E+000  0.313147452429024E+000 -0.131028262406404E+000 -0.141889835235335E+003
  0.100000000000000E+001  0.283779564244739E+003  0.154972585757172E+001  0.889634285367585E+000  0.960076946596896E+000  0.124225156822370E+000 -0.131028262406404E+000 -0.141889782122370E+003
  0.100000000000000E+001  0.283779164893429E+003  0.879292529507979E+000  0.126313716937903E+001  0.127154991211314E+000  0.216815323805899E+000 -0.131028262406404E+000 -0.141889582446715E+003
  0.100000000000000E+001  0.283778732996053E+003  0.451110667751282E+000  0.180553139222210E+001  0.260572998000124E+000  0.479299304858510E+000 -0.131028262406404E+000 -0.141889366498027E+003
  0.100000000000000E+001  0.283777852272503E+003  0.706388242602440E+000  0.581956962332248E+000  0.478678380326173E+000  0.277877674613549E+000 -0.131028262406404E+000 -0.141888926136251E+003
  0.100000000000000E+001  0.283777695695199E+003  0.154378600338536E+001  0.944481269213523E+000  0.451128169847302E+000  0.124283745496809E+000 -0.131028262406404E+000 -0.141888847847600E+003
  0.100000000000000E+001  0.283777578681453E+003  0.127775441311905E+001  0.536391866741595E+000  0.711350751802257E+000  0.153190593342221E+000 -0.131028262406404E+000 -0.141888789340726E+003
  0.100000000000000E+001  0.283776241875732E+003  0.137970660920812E+001  0.130115184915765E+001  0.330742351842327E+000  0.138418617421043E+000 -0.131028262406404E+000 -0.141888120937866E+003
  0.100000000000000E+001  0.283775435014374E+003  0.558721144394431E+000  0.151885520903931E+001  0.190875724264083E+000  0.343367622848080E+000 -0.131028262406404E+000 -0.141887717507187E+003
  0.100000000000000E+001  0.283774436542015E+003  0.170057918153474E+001  0.170035430951136E+001  0.155197984850408E+000  0.112885391263983E+000 -0.131028262406404E+000 -0.141887218271008E+003
  0.100000000000000E+001  0.283773636492641E+003  0.812824332576783E+000  0.753846877913141E+000  0.436573391955328E+000  0.236253790959527E+000 -0.131028262406404E+000 -0.141886818246321E+003
  0.100000000000000E+001  0.283773070786640E+003  0.126445137504329E+001  0.634197639343401E+000  0.698218745554104E+000  0.152952548860197E+000 -0.131028262406404E+000 -0.141886535393320E+003
  0.100000000000000E+001  0.283772775735085E+003  0.764498085943410E+000  0.152726575335254E+001  0.625619317889663E+000  0.250511645490942E+000 -0.131028262406404E+000 -0.141886387867542E+003
  0.100000000000000E+001  0.283772614520390E+003  0.177864822068744E+001  0.592633149780830E+000  0.226267618365747E+000  0.108184378515566E+000 -0.131028262406404E+000 -0.141886307260195E+003
  0.100000000000000E+001  0.283772525285550E+003  0.399181406494709E+000  0.741721217193456E+000  0.512620622016999E-001  0.435649340263907E+000 -0.131028262406404E+000 -0.141886262642775E+003
  0.100000000000000E+001  0.283770297776488E+003  0.782700585861825E+000  0.981017804658298E+000  0.742666227393760E+000  0.240540277038632E+000 -0.131028262406404E+000 -0.141885148888244E+003
  0.100000000000000E+001  0.283768803798891E+003  0.508954953851222E+000  0.777076327161425E+000  0.524173846937870E+000  0.358024225327546E+000 -0.131028262406404E+000 -0.141884401899445E+003
  0.100000000000000E+001  0.283766916086891E+003  0.439177000197535E+000  0.173770220910511E+001  0.410591134222117E+000  0.467517905768697E+000 -0.131028262406404E+000 -0.141883458043445E+003
  0.100000000000000E+001  0.283766807522879E+003  0.158456369042992E+001  0.811959028692858E+000  0.161517068815472E+000  0.119900811987078E+000 -0.131028262406404E+000 -0.141883403761440E+003
  0.100000000000000E+001  0.283766291358555E+003  0.695481452731776E+000  0.100753995754219E+001  0.990337892261739E+000  0.267332208940037E+000 -0.131028262406404E+000 -0.141883145679278E+003
  0.100000000000000E+001  0.283766040728672E+003  0.101423094975391E+001  0.102996501326921E+001  0.778549153968421E+000  0.185695468028148E+000 -0.131028262406404E+000 -0.141883020364336E+003
  0.100000000000000E+001  0.283764273117215E+003  0.386855954486909E+000  0.790241178785721E+000  0.901457206129895E+000  0.437092876787208E+000 -0.131028262406404E+000 -0.141882136558608E+003
  0.100000000000000E+001  0.283763031536593E+003  0.972294672756516E+000  0.915619261431131E+000  0.841985355617259E+000  0.193517720541711E+000 -0.131028262406404E+000 -0.141881515768296E+003
  0.100000000000000E+001  0.283762955659187E+003  0.398157083815527E+000  0.104014775348264E+001  0.447774043283273E+000  0.426576581095703E+000 -0.131028262406404E+000 -0.141881477829594E+003
  0.100000000000000E+001  0.283762943361308E+003  0.994172396949940E+000  0.123906397049284E+001  0.248442955474214E+000  0.188379174935349E+000 -0.131028262406404E+000 -0.141881471680654E+003
  0.100000000000000E+001  0.283762826367916E+003  0.104162867442253E+001  0.138633853350061E+001  0.387256823240911E+000  0.180381906656501E+000 -0.131028262406404E+000 -0.141881413183958E+003
  0.100000000000000E+001  0.283762223981267E+003  0.130473049874476E+001  0.129056784327090E+001  0.835612375119338E-001  0.143910037250364E+000 -0.131028262406404E+000 -0.141881111990633E+003
  0.100000000000000E+001  0.283762044587571E+003  0.314360524130380E+000  0.802343738379103E+000  0.371225885703959E+000  0.498597867468381E+000 -0.131028262406404E+000 -0.141881022293785E+003
  0.100000000000000E+001  0.283761741622452E+003  0.136496525929908E+001  0.781925854652865E+000  0.770291986879276E+000  0.138559142790749E+000 -0.131028262406404E+000 -0.141880870811226E+003
  0.100000000000000E+001  0.283761717811177E+003  0.814173460407647E+000  0.162091015409524E+001  0.794927497594374E+000  0.233992175229455E+000 -0.131028262406404E+000 -0.141880858905588E+003
  0.100000000000000E+001  0.283761582193164E+003  0.100250037489847E+001  0.134468046680840E+001  0.681816798974305E+000  0.186855960875234E+000 -0.131028262406404E+000 -0.141880791096582E+003
  0.100000000000000E+001  0.283761075926159E+003  0.320488136631544E+000  0.720051612914903E+000  0.248898543865765E+000  0.495302520599565E+000 -0.131028262406404E+000 -0.141880537963080E+003
  0.100000000000000E+001  0.283760860298160E+003  0.507940710570446E+000  0.192285204530577E+001  0.106873106188012E-001  0.431463104622118E+000 -0.131028262406404E+000 -0.141880430149080E+003
  0.100000000000000E+001  0.283759766559125E+003  0.421717599099096E+000  0.145565434160386E+001  0.940198889142464E+000  0.432389975654130E+000 -0.131028262406404E+000 -0.141879883279562E+003
  0.100000000000000E+001  0.283759483636431E+003  0.812202740664117E+000  0.910850244232298E+000  0.253288332521017E+000  0.229516930132415E+000 -0.131028262406404E+000 -0.141879741818215E+003
  0.100000000000000E+001  0.283759373940866E+003  0.616268257987451E+000  0.122281349809461E+001  0.197748731399672E+000  0.296691740699725E+000 -0.131028262406404E+000 -0.141879686970433E+003
  0.100000000000000E+001  0.283757814474499E+003  0.174826181393133E+001  0.183779322307583E+001  0.400527405951843E+000  0.108100508722257E+000 -0.131028262406404E+000 -0.141878907237250E+003
  0.100000000000000E+001  0.283757508493823E+003  0.709549044273169E+000  0.104945249655363E+001  0.478090306149426E+000  0.259036766485667E+000 -0.131028262406404E+000 -0.141878754246912E+003
  0.100000000000000E+001  0.283757007709959E+003  0.124176338631088E+001  0.682572455156834E+000  0.421024371930990E+000  0.152173019383898E+000 -0.131028262406404E+000 -0.141878503854979E+003
  0.100000000000000E+001  0.283756919961378E+003  0.619464185416204E+000  0.167699193653744E+001  0.498715095055592E+000  0.311120472033448E+000 -0.131028262406404E+000 -0.141878459980689E+003
  0.100000000000000E+001  0.283755301664581E+003  0.134601303466556E+001  0.101546317618585E+001  0.545896619378830E+000  0.138503635054627E+000 -0.131028262406404E+000 -0.141877650832291E+003
  0.100000000000000E+001  0.283754640525126E+003  0.134381748439795E+001  0.184556834040033E+001  0.802057658087805E+000  0.141029409991538E+000 -0.131028262406404E+000 -0.141877320262563E+003
  0.100000000000000E+001  0.283753353338469E+003  0.606177275327882E+000  0.188563325200006E+001  0.675552138342045E+000  0.336457832915598E+000 -0.131028262406404E+000 -0.141876676669234E+003
  0.100000000000000E+001  0.283752729940094E+003  0.177025149430338E+001  0.116326161839117E+001  0.587594259509636E+000  0.104986446633538E+000 -0.131028262406404E+000 -0.141876364970047E+003
  0.100000000000000E+001  0.283751913434905E+003  0.581806158918978E+000  0.164059897234354E+001  0.916230333976593E+000  0.327148135464692E+000 -0.131028262406404E+000 -0.141875956717453E+003
  0.100000000000000E+001  0.283751177122586E+003  0.430659216927948E+000  0.121075822664158E+001  0.742344866066826E+000  0.400230939553331E+000 -0.131028262406404E+000 -0.141875588561293E+003
  0.100000000000000E+001  0.283751028785113E+003  0.118180464609255E+001  0.176768246719568E+001  0.740485707964015E+000  0.159450688343938E+000 -0.131028262406404E+000 -0.141875514392557E+003
  0.100000000000000E+001  0.283749368249101E+003  0.113536706971756E+001  0.170483335852451E+001  0.734090256580996E+000  0.165097000721404E+000 -0.131028262406404E+000 -0.141874684124550E+003
  0.100000000000000E+001  0.283748823929523E+003  0.820901090812345E+000  0.630261947381143E+000  0.255403674086477E+000  0.228538234351058E+000 -0.131028262406404E+000 -0.141874411964762E+003
  0.100000000000000E+001  0.283748446454409E+003  0.139028161581612E+001  0.199394222661364E+001  0.450968693281718E+000  0.136387609219877E+000 -0.131028262406404E+000 -0.141874223227205E+003
  0.100000000000000E+001  0.283746776172770E+003  0.495820190877024E+000  0.520473170725472E+000  0.197410661883908E+000  0.364313007828176E+000 -0.131028262406404E+000 -0.141873388086385E+003
  0.100000000000000E+001  0.283746123117702E+003  0.994470146630088E+000  0.117306324113651E+001  0.813430040848944E+000  0.184228331910491E+000 -0.131028262406404E+000 -0.141873061558851E+003
  0.100000000000000E+001  0.283745880363293E+003  0.122357910850938E+001  0.953565795152343E+000  0.955467366902819E+000  0.150593953415844E+000 -0.131028262406404E+000 -0.141872940181647E+003
  0.100000000000000E+001  0.283745331983729E+003  0.810827940785867E+000  0.196720870553365E+001  0.745961873533373E+000  0.242921760257887E+000 -0.131028262406404E+000 -0.141872665991865E+003
  0.100000000000000E+001  0.283744776056500E+003  0.455474915344713E+000  0.577747703744512E+000  0.640763732864514E-001  0.383682848862408E+000 -0.131028262406404E+000 -0.141872388028250E+003
  0.100000000000000E+001  0.283743995693646E+003  0.856582904507515E+000  0.722130056389694E+000  0.637558332367274E+000  0.215829503612933E+000 -0.131028262406404E+000 -0.141871997846823E+003
  0.100000000000000E+001  0.283742749527383E+003  0.101538467811339E+000  0.168829534903293E+001  0.147567505843513E+000  0.107935929236073E+000 -0.131028262406404E+000 -0.141871374763691E+003
  0.100000000000000E+001  0.283742700692830E+003  0.120916420822780E+001  0.126446041838307E+001  0.574378930768063E+000  0.151368058190151E+000 -0.131028262406404E+000 -0.141871350346415E+003
  0.100000000000000E+001  0.283741387490690E+003  0.485985468010458E+000  0.166239486243472E+001  0.385399712051949E+000  0.390347778066334E+000 -0.131028262406404E+000 -0.141870693745345E+003
  0.100000000000000E+001  0.283740380894113E+003  0.928797914170574E+000  0.191322684551854E+001  0.367539490532534E+000  0.205523036576522E+000 -0.131028262406404E+000 -0.141870190447056E+003
  0.100000000000000E+001  0.283740322991804E+003  0.523774202229927E+000  0.107823412848194E+001  0.396011718854797E+000  0.331683255719937E+000 -0.131028262406404E+000 -0.141870161495902E+003
  0.100000000000000E+001  0.283739171749537E+003  0.482063136013558E+000  0.619646270295346E+000  0.512936813717161E+000  0.361304751370506E+000 -0.131028262406404E+000 -0.141869585874768E+003
  0.100000000000000E+001  0.283738990119986E+003  0.132785118380656E+001  0.107106297956407E+001  0.358287066864294E+000  0.137338615863530E+000 -0.131028262406404E+000 -0.141869495059993E+003
  0.100000000000000E+001  0.283738104038494E+003  0.125244844197172E+001  0.648400306819277E+000  0.259847803942979E+000  0.147274787594811E+000 -0.131028262406404E+000 -0.141869052019247E+003
  0.100000000000000E+001  0.283737701391650E+003  0.708421220577045E+000  0.174546061686042E+001  0.141729060237114E+000  0.266360138390072E+000 -0.131028262406404E+000 -0.141868850695825E+003
  0.100000000000000E+001  0.283737600754108E+003  0.506799682139309E+000  0.132962669115112E+001  0.850952693505337E+000  0.346387045447725E+000 -0.131028262406404E+000 -0.141868800377054E+003
  0.100000000000000E+001  0.283737580736984E+003  0.125491979292819E+001  0.170508136811141E+001  0.639028034710036E+000  0.146800105898538E+000 -0.131028262406404E+000 -0.141868790368492E+003
  0.100000000000000E+001  0.283737523039886E+003  0.289427924642314E+000  0.843951761870454E+000  0.599816956976148E+000  0.495444526918509E+000 -0.131028262406404E+000 -0.141868761519943E+003
  0.100000000000000E+001  0.283736552405105E+003  0.159949297899652E+001  0.855111625213265E+000  0.238079090110733E-001  0.114149582872956E+000 -0.131028262406404E+000 -0.141868276202553E+003
  0.100000000000000E+001  0.283736218559302E+003  0.128761643311042E+000  0.581533939637186E+000  0.498921521003338E+000  0.100420131194777E+000 -0.131028262406404E+000 -0.141868109279651E+003
  0.100000000000000E+001  0.283736115807460E+003  0.331926780865700E+000  0.117625677042304E+001  0.568551076229746E+000  0.470604044294791E+000 -0.131028262406404E+000 -0.141868057903730E+003
  0.100000000000000E+001  0.283736089420585E+003  0.456953689453604E+000  0.775338734561610E+000  0.281196516954621E+000  0.368709587482461E+000 -0.131028262406404E+000 -0.141868044710292E+003
  0.100000000000000E+001  0.283735629092444E+003  0.101945494457434E+001  0.854635143545921E+000  0.519691024729615E+000  0.178378445311382E+000 -0.131028262406404E+000 -0.141867814546222E+003
  0.100000000000000E+001  0.283735135317549E+003  0.286051272871381E+000  0.773345884230789E+000  0.187232403506308E+000  0.495961231822082E+000 -0.131028262406404E+000 -0.141867567658775E+003
  0.100000000000000E+001  0.283735083962010E+003  0.934937685467782E+000  0.927994051559464E+000  0.172521260246935E+000  0.193440149226194E+000 -0.131028262406404E+000 -0.141867541981005E+003
  0.100000000000000E+001  0.283734943372467E+003  0.116560608881500E+000  0.127333400564366E+001  0.494456756454018E+000  0.110910361542688E+000 -0.131028262406404E+000 -0.141867471686233E+003
  0.100000000000000E+001  0.283734363116834E+003  0.579894273217866E+000  0.916346659982170E+000  0.601562478739366E+000  0.301323598944396E+000 -0.131028262406404E+000 -0.141867181558417E+003
  0.100000000000000E+001  0.283734216392663E+003  0.566176655291959E+000  0.190877988905458E+001  0.696096505706287E+000  0.357562944422352E+000 -0.131028262406404E+000 -0.141867108196331E+003
  0.100000000000000E+001  0.283734196209576E+003  0.802741684878798E+000  0.891986196605220E+000  0.140568476851230E+000  0.224054311998048E+000 -0.131028262406404E+000 -0.141867098104788E+003
  0.100000000000000E+001  0.283734019329590E+003  0.679823136568275E+000  0.175637642906822E+001  0.567858983595116E+000  0.277384996149581E+000 -0.131028262406404E+000 -0.141867009664795E+003
  0.100000000000000E+001  0.283733546528932E+003  0.655095136629524E+000  0.153594723288925E+001  0.920053434070897E+000  0.277460146352308E+000 -0.131028262406404E+000 -0.141866773264466E+003
  0.100000000000000E+001  0.283732712421712E+003  0.105302104658633E+001  0.613500303736281E+000  0.404005184106525E+000  0.174381010361574E+000 -0.131028262406404E+000 -0.141866356210856E+003
  0.100000000000000E+001  0.283732458009720E+003  0.118308300304393E+000  0.126489498537950E+001  0.378437896045204E+000  0.114625433502644E+000 -0.131028262406404E+000 -0.141866229004860E+003
  0.100000000000000E+001  0.283731861657740E+003  0.146826029861474E+001  0.129728866672768E+001  0.240276754240834E+000  0.123112046963484E+000 -0.131028262406404E+000 -0.141865930828870E+003
  0.100000000000000E+001  0.283730390878384E+003  0.329278994892711E+000  0.683260277990286E+000  0.463719344828841E+000  0.455246103994335E+000 -0.131028262406404E+000 -0.141865195439192E+003
  0.100000000000000E+001  0.283730297059712E+003  0.811222015056909E+000  0.185822448420601E+001  0.429447937774971E+000  0.232496591305270E+000 -0.131028262406404E+000 -0.141865148529856E+003
  0.100000000000000E+001  0.283729220987792E+003  0.116812561888346E+000  0.172478967704672E+001  0.748841289439337E-001  0.122140332085390E+000 -0.131028262406404E+000 -0.141864610493896E+003
  0.100000000000000E+001  0.283729173292363E+003  0.308403374532786E+000  0.685772905724024E+000  0.532818423389009E+000  0.470850091507631E+000 -0.131028262406404E+000 -0.141864586646182E+003
  0.100000000000000E+001  0.283728473846880E+003  0.568117089742327E+000  0.107924846479503E+001  0.566788950437612E-001  0.303553068778192E+000 -0.131028262406404E+000 -0.141864236923440E+003
  0.100000000000000E+001  0.283727325821005E+003  0.993668313867882E+000  0.177504681714084E+001  0.155398363521401E+000  0.184795924199768E+000 -0.131028262406404E+000 -0.141863662910503E+003
  0.100000000000000E+001  0.283726983823212E+003  0.389992184098667E+000  0.173485661394525E+001  0.993306627263939E+000  0.496853932243565E+000 -0.131028262406404E+000 -0.141863491911606E+003
  0.100000000000000E+001  0.283726477800231E+003  0.129361776943300E+000  0.698703232592502E+000  0.919695687197167E-001  0.120426789794022E+000 -0.131028262406404E+000 -0.141863238900116E+003
  0.100000000000000E+001  0.283725856625049E+003  0.421019924444666E+000  0.644512123654040E+000  0.939913197248921E+000  0.386937287208747E+000 -0.131028262406404E+000 -0.141862928312525E+003
  0.100000000000000E+001  0.283725751997139E+003  0.866610128705029E+000  0.118520509984769E+001  0.838933554699406E-001  0.204688271962814E+000 -0.131028262406404E+000 -0.141862875998569E+003
  0.100000000000000E+001  0.283725298068708E+003  0.747590380970131E+000  0.100394297613513E+001  0.626198768954801E+000  0.235550037817196E+000 -0.131028262406404E+000 -0.141862649034354E+003
  0.100000000000000E+001  0.283725206330109E+003  0.136177491483704E+000  0.131745016655186E+001  0.506991353297446E+000  0.112472794572587E+000 -0.131028262406404E+000 -0.141862603165054E+003
  0.100000000000000E+001  0.283725155298471E+003  0.105064926103290E+000  0.124774242039024E+001  0.690869616419311E+000  0.149379646566281E+000 -0.131028262406404E+000 -0.141862577649236E+003
  0.100000000000000E+001  0.283725044948302E+003  0.927894990805210E+000  0.589766625094885E+000  0.919872780453824E+000  0.195864744645924E+000 -0.131028262406404E+000 -0.141862522474151E+003
  0.100000000000000E+001  0.283724939393582E+003  0.359223632798684E+000  0.922924503848406E+000  0.588369765855576E+000  0.425574141644346E+000 -0.131028262406404E+000 -0.141862469696791E+003
  0.100000000000000E+001  0.283724848234293E+003  0.529878908234819E+000  0.161348074904671E+001  0.566195497846358E+000  0.343101542341568E+000 -0.131028262406404E+000 -0.141862424117146E+003
  0.100000000000000E+001  0.283723693477229E+003  0.159985807884699E+001  0.153707090672370E+001  0.474932194754783E+000  0.112152386534137E+000 -0.131028262406404E+000 -0.141861846738615E+003
  0.100000000000000E+001  0.283723433439660E+003  0.147077062732850E+001  0.155103594124312E+001  0.146822672120676E+000  0.122000701764384E+000 -0.131028262406404E+000 -0.141861716719830E+003
  0.100000000000000E+001  0.283722437054706E+003  0.173504781896249E+001  0.948957242413611E+000  0.638349030502387E+000  0.103060868039196E+000 -0.131028262406404E+000 -0.141861218527353E+003
  0.100000000000000E+001  0.283722225153203E+003  0.133950464910991E+000  0.193053380165619E+001  0.946214586449018E+000  0.119380943748476E+000 -0.131028262406404E+000 -0.141861112576601E+003
  0.100000000000000E+001  0.283721603600293E+003  0.508746457329238E+000  0.990310192865951E+000  0.545022489625830E-001  0.328925129369529E+000 -0.131028262406404E+000 -0.141860801800146E+003
  0.100000000000000E+001  0.283721336374666E+003  0.121494159192653E+000  0.956516205877074E+000  0.777850587833330E+000  0.138985152003445E+000 -0.131028262406404E+000 -0.141860668187333E+003
  0.100000000000000E+001  0.283721250127802E+003  0.126929955403906E+000  0.169996731597849E+001  0.579498628064070E+000  0.128323084054402E+000 -0.131028262406404E+000 -0.141860625063901E+003
  0.100000000000000E+001  0.283720824207763E+003  0.692662021101585E+000  0.110338234713044E+001  0.300049889295042E+000  0.250965867723034E+000 -0.131028262406404E+000 -0.141860412103882E+003
  0.100000000000000E+001  0.283720700785019E+003  0.148859856812998E+000  0.597022091820085E+000  0.728261590656988E+000  0.115014963090205E+000 -0.131028262406404E+000 -0.141860350392510E+003
  0.100000000000000E+001  0.283719775466349E+003  0.499843283922842E+000  0.103767834653286E+001  0.642209650959757E+000  0.332943389403004E+000 -0.131028262406404E+000 -0.141859887733175E+003
  0.100000000000000E+001  0.283719695404680E+003  0.300670054962254E+000  0.994719552088036E+000  0.595158032010434E-001  0.470640775706662E+000 -0.131028262406404E+000 -0.141859847702340E+003
  0.100000000000000E+001  0.283719654846363E+003  0.536307728083234E+000  0.884489688618696E+000  0.882559536727307E+000  0.314208625505000E+000 -0.131028262406404E+000 -0.141859827423182E+003
  0.100000000000000E+001  0.283719057230865E+003  0.106569681013901E+000  0.138487326400969E+001  0.477922947408363E+000  0.162129116195805E+000 -0.131028262406404E+000 -0.141859528615433E+003
  0.100000000000000E+001  0.283719047449446E+003  0.595592902666792E+000  0.535385734045166E+000  0.515851439145942E-001  0.295652084311518E+000 -0.131028262406404E+000 -0.141859523724723E+003
  0.100000000000000E+001  0.283718565977544E+003  0.660197561567818E+000  0.106952481662439E+001  0.422260773055282E-001  0.261261520256463E+000 -0.131028262406404E+000 -0.141859282988772E+003
  0.100000000000000E+001  0.283718328411677E+003  0.110620306850699E+001  0.105412042543643E+001  0.573533200915716E+000  0.159729046686176E+000 -0.131028262406404E+000 -0.141859164205839E+003
  0.100000000000000E+001  0.283718250648308E+003  0.353903038384554E+000  0.154134125887427E+001  0.300815782626297E+000  0.484689408848558E+000 -0.131028262406404E+000 -0.141859125324154E+003
  0.100000000000000E+001  0.283717853606989E+003  0.469592799317277E+000  0.175288700611333E+001  0.831678139146150E+000  0.403018013143324E+000 -0.131028262406404E+000 -0.141858926803494E+003
  0.100000000000000E+001  0.283717833685192E+003  0.561763246186284E+000  0.184105472700779E+001  0.847693978175776E-001  0.341489217523841E+000 -0.131028262406404E+000 -0.141858916842596E+003
  0.100000000000000E+001  0.283717824175324E+003  0.420152866426771E+000  0.176154461479389E+001  0.155961517939186E+000  0.457499027383149E+000 -0.131028262406404E+000 -0.141858912087662E+003
  0.100000000000000E+001  0.283717816141778E+003  0.610715419916541E+000  0.625409235608860E+000  0.760519476354665E+000  0.285567906769901E+000 -0.131028262406404E+000 -0.141858908070889E+003
  0.100000000000000E+001  0.283717417193570E+003  0.150554328910305E+000  0.180277950764868E+001  0.450711490020775E+000  0.114011898410428E+000 -0.131028262406404E+000 -0.141858708596785E+003
  0.100000000000000E+001  0.283717025258939E+003  0.164988435237964E+000  0.901449757973207E+000  0.671906834078825E+000  0.106797542936370E+000 -0.131028262406404E+000 -0.141858512629469E+003
  0.100000000000000E+001  0.283716558940405E+003  0.408902983598268E+000  0.616904295987948E+000  0.100735626008142E-002  0.387320269741323E+000 -0.131028262406404E+000 -0.141858279470203E+003
  0.100000000000000E+001  0.283716221476406E+003  0.529089339660247E+000  0.142873441849711E+001  0.922258991401679E+000  0.326477252553741E+000 -0.131028262406404E+000 -0.141858110738203E+003
  0.100000000000000E+001  0.283716203009333E+003  0.123598732479989E+001  0.103046603334473E+001  0.316242239899234E+000  0.142818157254164E+000 -0.131028262406404E+000 -0.141858101504666E+003
  0.100000000000000E+001  0.283716092681816E+003  0.631917349206212E+000  0.140552626859486E+001  0.754285715160891E+000  0.275542497672248E+000 -0.131028262406404E+000 -0.141858046340908E+003
  0.100000000000000E+001  0.283715919108501E+003  0.951766636437265E+000  0.802588433004395E+000  0.966438302955641E+000  0.185597499985161E+000 -0.131028262406404E+000 -0.141857959554250E+003
  0.100000000000000E+001  0.283715871452930E+003  0.278924282739610E+000  0.616820511179746E+000  0.346589494717471E+000  0.478323997061489E+000 -0.131028262406404E+000 -0.141857935726465E+003
  0.100000000000000E+001  0.283714702545502E+003  0.269871808424952E+000  0.855751127205080E+000  0.832509947101282E+000  0.484690821831116E+000 -0.131028262406404E+000 -0.141857351272751E+003
  0.100000000000000E+001  0.283713656421984E+003  0.510790538451077E+000  0.822275208209428E+000  0.314003817384324E+000  0.323826151722817E+000 -0.131028262406404E+000 -0.141856828210992E+003
  0.100000000000000E+001  0.283712982726979E+003  0.382279132721289E+000  0.151152283537651E+001  0.787051212202950E+000  0.443629960454456E+000 -0.131028262406404E+000 -0.141856491363490E+003
  0.100000000000000E+001  0.283712670458460E+003  0.861282160417969E+000  0.749059820398168E+000  0.400206625385578E+000  0.203945030011870E+000 -0.131028262406404E+000 -0.141856335229230E+003
  0.100000000000000E+001  0.283712658696881E+003  0.462455007197286E+000  0.515458713349729E+000  0.229338141299422E+000  0.356691909297177E+000 -0.131028262406404E+000 -0.141856329348441E+003
  0.100000000000000E+001  0.283712146696156E+003  0.100435605335377E+000  0.590589229572561E+000  0.107868720821390E+000  0.242280939272897E+000 -0.131028262406404E+000 -0.141856073348078E+003
  0.100000000000000E+001  0.283711767305891E+003  0.723361795906285E+000  0.568431180616747E+000  0.662744971558815E+000  0.243909923722904E+000 -0.131028262406404E+000 -0.141855883652946E+003
  0.100000000000000E+001  0.283711680250703E+003  0.110154124255609E+000  0.153022471967824E+001  0.544735766064830E-001  0.174620117293982E+000 -0.131028262406404E+000 -0.141855840125352E+003
  0.100000000000000E+001  0.283710408441772E+003  0.132766059413767E+001  0.132499142687453E+001  0.584313145576424E+000  0.131983919646143E+000 -0.131028262406404E+000 -0.141855204220886E+003
  0.100000000000000E+001  0.283710315942315E+003  0.878334310462481E+000  0.143258864744232E+001  0.245710901664150E+000  0.198923314268194E+000 -0.131028262406404E+000 -0.141855157971158E+003
  0.100000000000000E+001  0.283710172187657E+003  0.316503473762950E+000  0.632414846635958E+000  0.465376862720095E+000  0.441535266568454E+000 -0.131028262406404E+000 -0.141855086093828E+003
  0.100000000000000E+001  0.283709116437970E+003  0.113146553738799E+000  0.192803786843038E+001  0.868315681881218E+000  0.174945099571265E+000 -0.131028262406404E+000 -0.141854558218985E+003
  0.100000000000000E+001  0.283708569335589E+003  0.105531382938854E+000  0.620841562190143E+000  0.630570387140222E+000  0.429503059553924E+000 -0.131028262406404E+000 -0.141854284667794E+003
  0.100000000000000E+001  0.283707899217145E+003  0.108673647133088E+001  0.172776170836535E+001  0.661789907952221E+000  0.163118654579769E+000 -0.131028262406404E+000 -0.141853949608573E+003
  0.100000000000000E+001  0.283707259104162E+003  0.268675010753778E+000  0.103103031698335E+001  0.247475810943557E+000  0.486911920536397E+000 -0.131028262406404E+000 -0.141853629552081E+003
  0.100000000000000E+001  0.283706942945376E+003  0.102275761745746E+001  0.152138409575097E+001  0.866519754872198E+000  0.171004853780114E+000 -0.131028262406404E+000 -0.141853471472688E+003
  0.100000000000000E+001  0.283706912682966E+003  0.339853959206101E+000  0.107410138926348E+001  0.951421302336003E-001  0.430247189139040E+000 -0.131028262406404E+000 -0.141853456341483E+003
  0.100000000000000E+001  0.283706254740928E+003  0.917138005211827E+000  0.123618394557519E+001  0.613299250757842E+000  0.188236567248811E+000 -0.131028262406404E+000 -0.141853127370464E+003
  0.100000000000000E+001  0.283705976337122E+003  0.149024043547686E+000  0.893439542720575E+000  0.675379835964529E+000  0.142345196926983E+000 -0.131028262406404E+000 -0.141852988168561E+003
  0.100000000000000E+001  0.283705747410501E+003  0.902468279510450E+000  0.110509021173213E+001  0.588669374288574E+000  0.190814421663650E+000 -0.131028262406404E+000 -0.141852873705250E+003
  0.100000000000000E+001  0.283705457528220E+003  0.139555724370054E+001  0.160497977911665E+001  0.907114845488952E+000  0.125460575783581E+000 -0.131028262406404E+000 -0.141852728764110E+003
  0.100000000000000E+001  0.283704989354741E+003  0.140571777113347E+000  0.119075100928397E+001  0.517259327467124E+000  0.150330229874022E+000 -0.131028262406404E+000 -0.141852494677370E+003
  0.100000000000000E+001  0.283704988034507E+003  0.667506552553325E+000  0.591361600804332E+000  0.609704038015685E+000  0.258442505403562E+000 -0.131028262406404E+000 -0.141852494017253E+003
  0.100000000000000E+001  0.283704807210686E+003  0.337698657334544E+000  0.844964465395692E+000  0.990547811068412E+000  0.420811016493260E+000 -0.131028262406404E+000 -0.141852403605343E+003
  0.100000000000000E+001  0.283704754178158E+003  0.892397517109459E+000  0.150800645522583E+001  0.418159232822269E+000  0.194983168049424E+000 -0.131028262406404E+000 -0.141852377089079E+003
  0.100000000000000E+001  0.283704667859965E+003  0.101393440572635E+000  0.650143888575194E+000  0.199748978941272E+000  0.318024472748508E+000 -0.131028262406404E+000 -0.141852333929982E+003
  0.100000000000000E+001  0.283704398598451E+003  0.519243335502999E+000  0.141843308645094E+001  0.144873296488882E+000  0.324945633640452E+000 -0.131028262406404E+000 -0.141852199299225E+003
  0.100000000000000E+001  0.283703936743763E+003  0.151430290969628E+001  0.195361419299320E+001  0.151316383962108E+000  0.116922023799443E+000 -0.131028262406404E+000 -0.141851968371881E+003
  0.100000000000000E+001  0.283702766459131E+003  0.154059816542652E+000  0.757662134308030E+000  0.223544955640437E+000  0.146124797779492E+000 -0.131028262406404E+000 -0.141851383229565E+003
  0.100000000000000E+001  0.283702675298586E+003  0.110865265469314E+000  0.557857572629503E+000  0.924409354623847E+000  0.352513683376391E+000 -0.131028262406404E+000 -0.141851337649293E+003
  0.100000000000000E+001  0.283702663745155E+003  0.154495502869873E+001  0.596319941250401E+000  0.123717540966318E+000  0.113232762591393E+000 -0.131028262406404E+000 -0.141851331872577E+003
  0.100000000000000E+001  0.283702514838715E+003  0.243821761641237E+000  0.955720875394553E+000  0.509400947901564E+000  0.494908826862475E+000 -0.131028262406404E+000 -0.141851257419358E+003
  0.100000000000000E+001  0.283702409539688E+003  0.123303191761195E+000  0.603153065911909E+000  0.271952523221697E+000  0.443790422653087E+000 -0.131028262406404E+000 -0.141851204769844E+003
  0.100000000000000E+001  0.283702220240698E+003  0.102410021053209E+000  0.693631498921502E+000  0.893508326722823E+000  0.334546980369274E+000 -0.131028262406404E+000 -0.141851110120349E+003
  0.100000000000000E+001  0.283702163921162E+003  0.449374648789342E+000  0.109205596600598E+001  0.776377770289274E+000  0.351576943173970E+000 -0.131028262406404E+000 -0.141851081960581E+003
  0.100000000000000E+001  0.283702150900699E+003  0.134947749423457E+001  0.161425978721771E+001  0.304343343998921E-001  0.129143145273290E+000 -0.131028262406404E+000 -0.141851075450349E+003
  0.100000000000000E+001  0.283701961104609E+003  0.160492398306304E+000  0.186071205598697E+001  0.791180403151962E+000  0.132889782771320E+000 -0.131028262406404E+000 -0.141850980552305E+003
  0.100000000000000E+001  0.283701705758150E+003  0.138575269917904E+000  0.151671697167359E+001  0.842389038145890E+000  0.156940473525270E+000 -0.131028262406404E+000 -0.141850852879075E+003
  0.100000000000000E+001  0.283701482484671E+003  0.135190130015700E+000  0.618957446295870E+000  0.456599720047189E+000  0.182461462876196E+000 -0.131028262406404E+000 -0.141850741242336E+003
  0.100000000000000E+001  0.283701305379434E+003  0.147889702074673E+001  0.125804883400195E+001  0.776341906641508E+000  0.116910025043844E+000 -0.131028262406404E+000 -0.141850652689717E+003
  0.100000000000000E+001  0.283701260960873E+003  0.162628696828816E+000  0.960574614959226E+000  0.649032627012779E+000  0.137155194362530E+000 -0.131028262406404E+000 -0.141850630480437E+003
  0.100000000000000E+001  0.283700957010623E+003  0.182657542988923E+000  0.132870253298421E+001  0.508272729171468E+000  0.118639860197017E+000 -0.131028262406404E+000 -0.141850478505312E+003
  0.100000000000000E+001  0.283700763765124E+003  0.723978314115488E+000  0.123323809694296E+001  0.539315560054690E+000  0.233763127572517E+000 -0.131028262406404E+000 -0.141850381882562E+003
  0.100000000000000E+001  0.283700337273918E+003  0.106556582842261E+000  0.173300540105059E+001  0.255889382049857E+000  0.212719846418628E+000 -0.131028262406404E+000 -0.141850168636959E+003
  0.100000000000000E+001  0.283699617027144E+003  0.430443757135667E+000  0.142506124466608E+001  0.636419817304217E+000  0.380719784589963E+000 -0.131028262406404E+000 -0.141849808513572E+003
  0.100000000000000E+001  0.283699575050334E+003  0.242500442316997E+000  0.831473720687991E+000  0.139299094128033E+000  0.482176180955606E+000 -0.131028262406404E+000 -0.141849787525167E+003
  0.100000000000000E+001  0.283699515990795E+003  0.122827850710582E+000  0.694358361198052E+000  0.908491182207899E+000  0.215645858825218E+000 -0.131028262406404E+000 -0.141849757995397E+003
  0.100000000000000E+001  0.283699363379713E+003  0.151231703201466E+001  0.871251175893582E+000  0.176492259566239E+000  0.114252145932470E+000 -0.131028262406404E+000 -0.141849681689856E+003
  0.100000000000000E+001  0.283699197685361E+003  0.422864005939482E+000  0.101831692817700E+001  0.921172994179235E-001  0.363653037399060E+000 -0.131028262406404E+000 -0.141849598842680E+003
  0.100000000000000E+001  0.283698939055113E+003  0.129413125292885E+000  0.698812699699974E+000  0.581981627074117E+000  0.199986653819539E+000 -0.131028262406404E+000 -0.141849469527556E+003
  0.100000000000000E+001  0.283698908369910E+003  0.817216561575823E+000  0.637006960965645E+000  0.867584203156699E+000  0.210897168667655E+000 -0.131028262406404E+000 -0.141849454184955E+003
  0.100000000000000E+001  0.283698116585879E+003  0.110053358326455E+001  0.112417121951202E+001  0.867590210265842E+000  0.155495845426490E+000 -0.131028262406404E+000 -0.141849058292940E+003
  0.100000000000000E+001  0.283697914942080E+003  0.541119575582320E+000  0.719394558740230E+000  0.393300000688330E+000  0.301138915573190E+000 -0.131028262406404E+000 -0.141848957471040E+003
  0.100000000000000E+001  0.283697677707496E+003  0.111912368506410E+000  0.180521504430103E+001  0.551691889046647E+000  0.208413846835463E+000 -0.131028262406404E+000 -0.141848838853748E+003
  0.100000000000000E+001  0.283697605533329E+003  0.136012876766920E+000  0.199982609773038E+001  0.527239043782565E+000  0.168219416439455E+000 -0.131028262406404E+000 -0.141848802766665E+003
  0.100000000000000E+001  0.283697178392037E+003  0.164713557123822E+000  0.639760178816251E+000  0.931151200162912E+000  0.149258465375589E+000 -0.131028262406404E+000 -0.141848589196019E+003
  0.100000000000000E+001  0.283696945803748E+003  0.122705512220300E+000  0.136812867227149E+001  0.704779650414336E+000  0.194467317367408E+000 -0.131028262406404E+000 -0.141848472901874E+003
  0.100000000000000E+001  0.283696586970416E+003  0.116551876556396E+000  0.793362603412084E+000  0.850392316495453E+000  0.448444391781140E+000 -0.131028262406404E+000 -0.141848293485208E+003
  0.100000000000000E+001  0.283696561569740E+003  0.109884009456581E+001  0.163779710066488E+001  0.204628168979970E+000  0.157535957732496E+000 -0.131028262406404E+000 -0.141848280784870E+003
  0.100000000000000E+001  0.283696531755184E+003  0.123323229091657E+001  0.195846924266677E+001  0.463027225135665E+000  0.143052601508716E+000 -0.131028262406404E+000 -0.141848265877592E+003
  0.100000000000000E+001  0.283695790087977E+003  0.557080965978816E+000  0.191898408391896E+001  0.775183017536058E+000  0.341632272656775E+000 -0.131028262406404E+000 -0.141847895043988E+003
  0.100000000000000E+001  0.283695306290371E+003  0.492623283188262E+000  0.117387012782514E+001  0.527121666724140E+000  0.324692871237359E+000 -0.131028262406404E+000 -0.141847653145185E+003
  0.100000000000000E+001  0.283694915926091E+003  0.576506132387445E+000  0.123507968816097E+001  0.972057960018973E+000  0.284976381723742E+000 -0.131028262406404E+000 -0.141847457963045E+003
  0.100000000000000E+001  0.283694680296494E+003  0.114767109538780E+000  0.732284559563666E+000  0.429069575603737E+000  0.390587939199172E+000 -0.131028262406404E+000 -0.141847340148247E+003
  0.100000000000000E+001  0.283694641275006E+003  0.169594195919890E+000  0.128201094317930E+001  0.506981534916105E+000  0.139958834497919E+000 -0.131028262406404E+000 -0.141847320637503E+003
  0.100000000000000E+001  0.283694618835691E+003  0.855522936657455E+000  0.165384265676114E+001  0.216731679257083E+000  0.202401475888220E+000 -0.131028262406404E+000 -0.141847309417846E+003
  0.100000000000000E+001  0.283694217378572E+003  0.682929183019739E+000  0.143647380050943E+001  0.574098773375532E+000  0.247431215104533E+000 -0.131028262406404E+000 -0.141847108689286E+003
  0.100000000000000E+001  0.283693710267390E+003  0.161696143693004E+000  0.956287129533540E+000  0.717265012614884E-001  0.153835600266350E+000 -0.131028262406404E+000 -0.141846855133695E+003
  0.100000000000000E+001  0.283693573226049E+003  0.560331876707753E+000  0.102783630918230E+001  0.224771160837322E+000  0.288586335125596E+000 -0.131028262406404E+000 -0.141846786613024E+003
  0.100000000000000E+001  0.283693194840776E+003  0.587762569637445E+000  0.727799335278767E+000  0.427406958371592E+000  0.278589560865258E+000 -0.131028262406404E+000 -0.141846597420388E+003
  0.100000000000000E+001  0.283692743672927E+003  0.744540368609585E+000  0.589553913891369E+000  0.295518425980803E+000  0.228320947759295E+000 -0.131028262406404E+000 -0.141846371836464E+003
  0.100000000000000E+001  0.283691999725441E+003  0.573290450203838E+000  0.169317744226110E+001  0.567329993650317E+000  0.305018768158697E+000 -0.131028262406404E+000 -0.141845999862721E+003
  0.100000000000000E+001  0.283691634744255E+003  0.469036288800053E+000  0.198905473702390E+001  0.395646689052970E+000  0.440993367812867E+000 -0.131028262406404E+000 -0.141845817372128E+003
  0.100000000000000E+001  0.283690512734684E+003  0.171181524458894E+000  0.826664128280525E+000  0.470402999275678E+000  0.493759799112347E+000 -0.131028262406404E+000 -0.141845256367342E+003
  0.100000000000000E+001  0.283690154545069E+003  0.158217297212436E+000  0.730089456261782E+000  0.598000676694673E+000  0.172883353437412E+000 -0.131028262406404E+000 -0.141845077272534E+003
  0.100000000000000E+001  0.283690133327133E+003  0.147350315348789E+000  0.509743624241897E+000  0.517848823377770E+000  0.393063063298818E+000 -0.131028262406404E+000 -0.141845066663566E+003
  0.100000000000000E+001  0.283689927831727E+003  0.144149984317740E+001  0.559091472193763E+000  0.346009176100247E-001  0.118998128174437E+000 -0.131028262406404E+000 -0.141844963915864E+003
  0.100000000000000E+001  0.283689711935170E+003  0.225295988575994E+000  0.131921053347169E+001  0.134634784267369E+000  0.109555000226440E+000 -0.131028262406404E+000 -0.141844855967585E+003
  0.100000000000000E+001  0.283689407497632E+003  0.186028829920301E+000  0.773720443572336E+000  0.454560718044164E+000  0.482094804968620E+000 -0.131028262406404E+000 -0.141844703748816E+003
  0.100000000000000E+001  0.283689127988498E+003  0.467587807445614E+000  0.182247990255632E+001  0.930069397353912E+000  0.395740722270793E+000 -0.131028262406404E+000 -0.141844563994249E+003
  0.100000000000000E+001  0.283689021766270E+003  0.126660089113738E+001  0.153828639146443E+001  0.498850091554153E+000  0.134375790412143E+000 -0.131028262406404E+000 -0.141844510883135E+003
  0.100000000000000E+001  0.283688946467427E+003  0.712785388346095E+000  0.199921932735029E+001  0.852302458966495E+000  0.258851532211830E+000 -0.131028262406404E+000 -0.141844473233713E+003
  0.100000000000000E+001  0.283688871435131E+003  0.156774092022599E+000  0.166642868593647E+001  0.114018737966929E+000  0.161332369895904E+000 -0.131028262406404E+000 -0.141844435717565E+003
  0.100000000000000E+001  0.283688408071433E+003  0.108212443707445E+001  0.603526627205873E+000  0.816164561500697E+000  0.157695176734023E+000 -0.131028262406404E+000 -0.141844204035717E+003
  0.100000000000000E+001  0.283688167823403E+003  0.121533865918403E+000  0.147648665000507E+001  0.635955166107813E+000  0.220148494126390E+000 -0.131028262406404E+000 -0.141844083911702E+003
  0.100000000000000E+001  0.283688152134373E+003  0.140285315546712E+000  0.892089275216445E+000  0.438849893858098E+000  0.483270684860254E+000 -0.131028262406404E+000 -0.141844076067187E+003
  0.100000000000000E+001  0.283687970093159E+003  0.124752640087388E+000  0.860378267133214E+000  0.779544196041861E+000  0.440001534301883E+000 -0.131028262406404E+000 -0.141843985046579E+003
  0.100000000000000E+001  0.283687966516161E+003  0.102050109258612E+000  0.141250170874072E+001  0.626257121104912E-001  0.281223054397176E+000 -0.131028262406404E+000 -0.141843983258081E+003
  0.100000000000000E+001  0.283687538797188E+003  0.134592500456233E+001  0.170508899851853E+001  0.305007906787730E+000  0.126926590247845E+000 -0.131028262406404E+000 -0.141843769398594E+003
  0.100000000000000E+001  0.283687488845048E+003  0.256752647007134E+000  0.626289392376828E+000  0.743494559958829E+000  0.441636427291245E+000 -0.131028262406404E+000 -0.141843744422524E+003
  0.100000000000000E+001  0.283686719285715E+003  0.165982005804342E+001  0.130123183262451E+001  0.975155856716787E+000  0.101889754376333E+000 -0.131028262406404E+000 -0.141843359642858E+003
  0.100000000000000E+001  0.283686462545762E+003  0.817059350189020E+000  0.505771086888143E+000  0.345537117464823E+000  0.208121324662676E+000 -0.131028262406404E+000 -0.141843231272881E+003
  0.100000000000000E+001  0.283686268249537E+003  0.616428810770572E+000  0.585742676254513E+000  0.630783357029668E+000  0.266347768176648E+000 -0.131028262406404E+000 -0.141843134124769E+003
  0.100000000000000E+001  0.283685959464300E+003  0.340278942936178E+000  0.145029310813778E+001  0.737086003555031E+000  0.450735284247122E+000 -0.131028262406404E+000 -0.141842979732150E+003
  0.100000000000000E+001  0.283685729990681E+003  0.166071940832955E+001  0.704310399734509E+000  0.253576442323578E+000  0.102088604049588E+000 -0.131028262406404E+000 -0.141842864995340E+003
  0.100000000000000E+001  0.283685486586102E+003  0.148044884630431E+000  0.175953532493588E+001  0.152854527231074E+000  0.178671910823769E+000 -0.131028262406404E+000 -0.141842743293051E+003
  0.100000000000000E+001  0.283685431953420E+003  0.604884473921360E+000  0.159927325028560E+001  0.927504023132572E+000  0.279887061857296E+000 -0.131028262406404E+000 -0.141842715976710E+003
  0.100000000000000E+001  0.283685270259138E+003  0.263313773234594E+000  0.122689258432693E+001  0.593815021106366E+000  0.487228739888559E+000 -0.131028262406404E+000 -0.141842635129569E+003
  0.100000000000000E+001  0.283684894478265E+003  0.184469061943387E+000  0.799193734095566E+000  0.908852318966303E+000  0.472703024698492E+000 -0.131028262406404E+000 -0.141842447239133E+003
  0.100000000000000E+001  0.283684321046477E+003  0.110474899468461E+001  0.170339203669646E+001  0.813818022536818E+000  0.154115997988470E+000 -0.131028262406404E+000 -0.141842160523238E+003
  0.100000000000000E+001  0.283684090284862E+003  0.446385890558923E+000  0.140566768837905E+001  0.638339309567065E-001  0.356308906548794E+000 -0.131028262406404E+000 -0.141842045142431E+003
  0.100000000000000E+001  0.283683738810032E+003  0.199136176239908E+000  0.868115746459805E+000  0.207230103777557E+000  0.477310831360197E+000 -0.131028262406404E+000 -0.141841869405016E+003
  0.100000000000000E+001  0.283683372367145E+003  0.267971114212727E+000  0.777748903510064E+000  0.671593148601765E-001  0.436331051580475E+000 -0.131028262406404E+000 -0.141841686183572E+003
  0.100000000000000E+001  0.283683088015220E+003  0.115517538845745E+001  0.512291709919995E+000  0.155766626000496E+000  0.147069869784546E+000 -0.131028262406404E+000 -0.141841544007610E+003
  0.100000000000000E+001  0.283682856329841E+003  0.136185538420625E+000  0.754141406435666E+000  0.380753074294780E+000  0.253332067845974E+000 -0.131028262406404E+000 -0.141841428164920E+003
  0.100000000000000E+001  0.283682563394992E+003  0.512109798096831E+000  0.554663063486398E+000  0.531792064506981E+000  0.306397042190450E+000 -0.131028262406404E+000 -0.141841281697496E+003
  0.100000000000000E+001  0.283682518142352E+003  0.251954269603413E+000  0.138416045254500E+001  0.433248797437904E+000  0.105740121245901E+000 -0.131028262406404E+000 -0.141841259071176E+003
  0.100000000000000E+001  0.283682367891907E+003  0.105677639332834E+000  0.112652772984325E+001  0.808647181340237E+000  0.411635915031190E+000 -0.131028262406404E+000 -0.141841183945953E+003
  0.100000000000000E+001  0.283682278169942E+003  0.667053827867881E+000  0.710635719460277E+000  0.950962804100443E+000  0.244497686552353E+000 -0.131028262406404E+000 -0.141841139084971E+003
  0.100000000000000E+001  0.283682242311852E+003  0.175887555259715E+000  0.151881272914351E+001  0.297029347410039E+000  0.154998477861415E+000 -0.131028262406404E+000 -0.141841121155926E+003
  0.100000000000000E+001  0.283682231687415E+003  0.113340741617737E+001  0.148091908750988E+001  0.940482434189378E+000  0.148044430021077E+000 -0.131028262406404E+000 -0.141841115843708E+003
  0.100000000000000E+001  0.283682010492675E+003  0.140176295334141E+000  0.125929324086226E+001  0.744084419269613E-001  0.206945484440962E+000 -0.131028262406404E+000 -0.141841005246337E+003
  0.100000000000000E+001  0.283682009469236E+003  0.816680846303715E+000  0.178637979115505E+001  0.159734519218292E+000  0.210891945551496E+000 -0.131028262406404E+000 -0.141841004734618E+003
  0.100000000000000E+001  0.283681849687522E+003  0.525923358363977E+000  0.164976738856711E+001  0.842145433397884E+000  0.322884856407819E+000 -0.131028262406404E+000 -0.141840924843761E+003
  0.100000000000000E+001  0.283681031002147E+003  0.171233335621584E+000  0.796977061624407E+000  0.167915065545704E+000  0.176139179292106E+000 -0.131028262406404E+000 -0.141840515501073E+003
  0.100000000000000E+001  0.283680845396703E+003  0.368932996275409E+000  0.971676263539259E+000  0.313409524217012E+000  0.380233997832348E+000 -0.131028262406404E+000 -0.141840422698351E+003
  0.100000000000000E+001  0.283680713912001E+003  0.214019534435384E+000  0.997080230162277E+000  0.922391599337141E+000  0.482412999696995E+000 -0.131028262406404E+000 -0.141840356956000E+003
  0.100000000000000E+001  0.283680482159301E+003  0.116622800088137E+001  0.136145527654105E+001  0.889037664207499E+000  0.142993981288067E+000 -0.131028262406404E+000 -0.141840241079650E+003
  0.100000000000000E+001  0.283680232822869E+003  0.392962825700513E+000  0.636868047070815E+000  0.704794450004308E-001  0.360212305681387E+000 -0.131028262406404E+000 -0.141840116411435E+003
  0.100000000000000E+001  0.283680123647125E+003  0.152218550448998E+000  0.504524325765131E+000  0.817826366908867E+000  0.266847409855509E+000 -0.131028262406404E+000 -0.141840061823562E+003
  0.100000000000000E+001  0.283680039444092E+003  0.194589566312222E+000  0.149932693252354E+001  0.328826023193512E+000  0.142615437020183E+000 -0.131028262406404E+000 -0.141840019722046E+003
  0.100000000000000E+001  0.283679850870942E+003  0.142235757879313E+000  0.145416990592173E+001  0.461403323261755E+000  0.204040800845545E+000 -0.131028262406404E+000 -0.141839925435471E+003
  0.100000000000000E+001  0.283679695266547E+003  0.119025667360231E+000  0.999653816932622E+000  0.654663001625814E+000  0.318937752847324E+000 -0.131028262406404E+000 -0.141839847633273E+003
  0.100000000000000E+001  0.283679575583537E+003  0.161119628040093E+001  0.186171036016039E+001  0.670142377735115E+000  0.105012313168889E+000 -0.131028262406404E+000 -0.141839787791769E+003
  0.100000000000000E+001  0.283679550107900E+003  0.246749338142261E+000  0.196159348725682E+001  0.235181317012685E+000  0.111018457902463E+000 -0.131028262406404E+000 -0.141839775053950E+003
  0.100000000000000E+001  0.283679546723234E+003  0.116483551117642E+000  0.107517147629636E+001  0.862877104687620E+000  0.435832195513571E+000 -0.131028262406404E+000 -0.141839773361617E+003
  0.100000000000000E+001  0.283679377802900E+003  0.378646904929346E+000  0.176833404300325E+001  0.246629007233430E+000  0.474295247924171E+000 -0.131028262406404E+000 -0.141839688901450E+003
  0.100000000000000E+001  0.283678904945705E+003  0.566599782364989E+000  0.108678989491300E+001  0.275080129796619E+000  0.278126452231175E+000 -0.131028262406404E+000 -0.141839452472852E+003
  0.100000000000000E+001  0.283678636085919E+003  0.127431593195188E+000  0.982265978337389E+000  0.514158338829960E+000  0.431860069426838E+000 -0.131028262406404E+000 -0.141839318042959E+003
  0.100000000000000E+001  0.283678489407822E+003  0.195029730874500E+000  0.898414270315091E+000  0.405805886023771E+000  0.151973427698384E+000 -0.131028262406404E+000 -0.141839244703911E+003
  0.100000000000000E+001  0.283678074436589E+003  0.478773931605344E+000  0.513779010031970E+000  0.743672437318286E+000  0.318270360009410E+000 -0.131028262406404E+000 -0.141839037218294E+003
  0.100000000000000E+001  0.283677843221623E+003  0.149877286009075E+000  0.702341656575398E+000  0.112152978551124E-001  0.384576749060119E+000 -0.131028262406404E+000 -0.141838921610811E+003
  0.100000000000000E+001  0.283677814829888E+003  0.213762804767557E+000  0.521157708680992E+000  0.827939106301333E+000  0.144656278677998E+000 -0.131028262406404E+000 -0.141838907414944E+003
  0.100000000000000E+001  0.283677705161205E+003  0.235454062736492E+000  0.144477630649298E+001  0.833727599297082E-001  0.119661096686446E+000 -0.131028262406404E+000 -0.141838852580603E+003
  0.100000000000000E+001  0.283677687798504E+003  0.132851185867879E+000  0.863593820649883E+000  0.460719431934213E+000  0.387055202488081E+000 -0.131028262406404E+000 -0.141838843899252E+003
  0.100000000000000E+001  0.283677593933738E+003  0.317253967335709E+000  0.532961481210466E+000  0.716514382462560E+000  0.393523925008558E+000 -0.131028262406404E+000 -0.141838796966869E+003
  0.100000000000000E+001  0.283677580385235E+003  0.428258200702457E+000  0.900701973427742E+000  0.312127844772137E+000  0.341029579598827E+000 -0.131028262406404E+000 -0.141838790192617E+003
  0.100000000000000E+001  0.283677407617626E+003  0.200056280117077E+000  0.681317092187394E+000  0.335611563151577E+000  0.154304032709751E+000 -0.131028262406404E+000 -0.141838703808813E+003
  0.100000000000000E+001  0.283677404035879E+003  0.280410286089637E+000  0.140171786593428E+001  0.394320539703578E+000  0.100043505121496E+000 -0.131028262406404E+000 -0.141838702017940E+003
  0.100000000000000E+001  0.283677332773300E+003  0.157044277123941E+000  0.132740134085596E+001  0.879945082332619E+000  0.189808574491965E+000 -0.131028262406404E+000 -0.141838666386650E+003
  0.100000000000000E+001  0.283676303167416E+003  0.387679910874730E+000  0.918570267511850E+000  0.350784228492756E+000  0.362871944450834E+000 -0.131028262406404E+000 -0.141838151583708E+003
  0.100000000000000E+001  0.283676214014530E+003  0.172489402133915E+000  0.688034197785037E+000  0.641570985040551E+000  0.414725498527206E+000 -0.131028262406404E+000 -0.141838107007265E+003
  0.100000000000000E+001  0.283675818275471E+003  0.476304349380463E+000  0.114799534124320E+001  0.294491515485667E+000  0.319725729297092E+000 -0.131028262406404E+000 -0.141837909137735E+003
  0.100000000000000E+001  0.283675657068388E+003  0.455000200416896E+000  0.179845625543252E+001  0.623293149492830E+000  0.391483486875835E+000 -0.131028262406404E+000 -0.141837828534194E+003
  0.100000000000000E+001  0.283675530989061E+003  0.158871119592816E+000  0.108721883172999E+001  0.793716459865340E+000  0.499463269294823E+000 -0.131028262406404E+000 -0.141837765494530E+003
  0.100000000000000E+001  0.283675354361183E+003  0.896698805205247E+000  0.198251926484444E+001  0.566140946501575E+000  0.194091906959111E+000 -0.131028262406404E+000 -0.141837677180592E+003
  0.100000000000000E+001  0.283674873147968E+003  0.623452137084698E+000  0.103735221764838E+001  0.560230652637752E+000  0.253688265814028E+000 -0.131028262406404E+000 -0.141837436573984E+003
  0.100000000000000E+001  0.283674789016447E+003  0.112516658985943E+001  0.528238338588346E+000  0.474049801120008E+000  0.148404897208273E+000 -0.131028262406404E+000 -0.141837394508223E+003
  0.100000000000000E+001  0.283674762707682E+003  0.105896902376502E+000  0.128866583116115E+001  0.832511460366323E-001  0.388892167898090E+000 -0.131028262406404E+000 -0.141837381353841E+003
  0.100000000000000E+001  0.283674644848143E+003  0.313995406450463E+000  0.667233071341085E+000  0.427199518647776E+000  0.394029310235524E+000 -0.131028262406404E+000 -0.141837322424072E+003
  0.100000000000000E+001  0.283674313556772E+003  0.261813988880678E+000  0.865378532862617E+000  0.441280715084318E+000  0.430937029162305E+000 -0.131028262406404E+000 -0.141837156778386E+003
  0.100000000000000E+001  0.283674275082250E+003  0.101493247615594E+001  0.112119732465925E+001  0.994515249851791E+000  0.161342822154478E+000 -0.131028262406404E+000 -0.141837137541125E+003
  0.100000000000000E+001  0.283673536011435E+003  0.322637974428089E+000  0.100724634826323E+001  0.605028205430567E+000  0.403863032787674E+000 -0.131028262406404E+000 -0.141836768005717E+003
  0.100000000000000E+001  0.283673527176092E+003  0.285709793474418E+000  0.147215172239812E+001  0.178511206979448E+000  0.102139892768231E+000 -0.131028262406404E+000 -0.141836763588046E+003
  0.100000000000000E+001  0.283673200658452E+003  0.134762373886354E+000  0.116504567423283E+001  0.863360143199676E+000  0.494102955205783E+000 -0.131028262406404E+000 -0.141836600329226E+003
  0.100000000000000E+001  0.283673075127193E+003  0.120277275338390E+000  0.115338791772777E+001  0.767761951991244E+000  0.439992761616624E+000 -0.131028262406404E+000 -0.141836537563596E+003
  0.100000000000000E+001  0.283672751567656E+003  0.208952696854651E+000  0.101105769759691E+001  0.534230523259147E+000  0.470145425003620E+000 -0.131028262406404E+000 -0.141836375783828E+003
  0.100000000000000E+001  0.283672572911686E+003  0.609179481281586E+000  0.899618368485328E+000  0.263484315897041E+000  0.257298291865504E+000 -0.131028262406404E+000 -0.141836286455843E+003
  0.100000000000000E+001  0.283672481911450E+003  0.183142542759956E+000  0.174986799758279E+001  0.782139328680711E+000  0.164630419294660E+000 -0.131028262406404E+000 -0.141836240955725E+003
  0.100000000000000E+001  0.283672400601669E+003  0.165151379219406E+000  0.537639628507182E+000  0.670228904066693E+000  0.258662483508993E+000 -0.131028262406404E+000 -0.141836200300834E+003
  0.100000000000000E+001  0.283672138642691E+003  0.718489748212561E+000  0.992569659430497E+000  0.555838083128654E+000  0.222282588702820E+000 -0.131028262406404E+000 -0.141836069321345E+003
  0.100000000000000E+001  0.283671898685070E+003  0.432883221526381E+000  0.721761437547009E+000  0.538274277677884E+000  0.332015663443969E+000 -0.131028262406404E+000 -0.141835949342535E+003
  0.100000000000000E+001  0.283671835190737E+003  0.117921162358183E+001  0.143678724624376E+001  0.167807650608373E+000  0.139530866140464E+000 -0.131028262406404E+000 -0.141835917595368E+003
  0.100000000000000E+001  0.283671818260244E+003  0.166547571877268E+000  0.601242703938973E+000  0.508414850771650E+000  0.237389521386615E+000 -0.131028262406404E+000 -0.141835909130122E+003
  0.100000000000000E+001  0.283671526169692E+003  0.222099806454778E+000  0.674861412525911E+000  0.869618155673020E+000  0.418233842096101E+000 -0.131028262406404E+000 -0.141835763084846E+003
  0.100000000000000E+001  0.283671482230871E+003  0.584793960774306E+000  0.138910042509878E+001  0.179910224633562E+000  0.272735433663328E+000 -0.131028262406404E+000 -0.141835741115435E+003
  0.100000000000000E+001  0.283671408488049E+003  0.425320093190397E+000  0.163577060532965E+001  0.213317657686249E+000  0.386939721332350E+000 -0.131028262406404E+000 -0.141835704244024E+003
  0.100000000000000E+001  0.283671378878725E+003  0.270248996427059E+000  0.567523647706749E+000  0.536091361199621E+000  0.400658606716107E+000 -0.131028262406404E+000 -0.141835689439363E+003
  0.100000000000000E+001  0.283671346591996E+003  0.167596748869166E+000  0.132535290840609E+001  0.288862393143561E-001  0.189287465672316E+000 -0.131028262406404E+000 -0.141835673295998E+003
  0.100000000000000E+001  0.283671314016950E+003  0.271295463967039E+000  0.107830162395673E+001  0.113714653616676E+000  0.112037084448899E+000 -0.131028262406404E+000 -0.141835657008475E+003
  0.100000000000000E+001  0.283671248915184E+003  0.876297502131120E+000  0.114422285778860E+001  0.622435837641516E+000  0.184666267547309E+000 -0.131028262406404E+000 -0.141835624457592E+003
  0.100000000000000E+001  0.283670912975742E+003  0.164702379140435E+000  0.719051388835967E+000  0.761991902536926E+000  0.383760308539613E+000 -0.131028262406404E+000 -0.141835456487871E+003
  0.100000000000000E+001  0.283670788607997E+003  0.241231021643487E+000  0.179380384282364E+001  0.227402454331393E-004  0.124886216288411E+000 -0.131028262406404E+000 -0.141835394303998E+003
  0.100000000000000E+001  0.283670592213743E+003  0.420482174214826E+000  0.618983983996331E+000  0.235400873188439E+000  0.336557936761388E+000 -0.131028262406404E+000 -0.141835296106871E+003
  0.100000000000000E+001  0.283670554161520E+003  0.155496463185109E+000  0.900736207179504E+000  0.669649087585308E+000  0.422849205688006E+000 -0.131028262406404E+000 -0.141835277080760E+003
  0.100000000000000E+001  0.283670414239055E+003  0.683666790030697E+000  0.743160116768807E+000  0.786518844174146E+000  0.232733005522385E+000 -0.131028262406404E+000 -0.141835207119527E+003
  0.100000000000000E+001  0.283670075722534E+003  0.484675260866646E+000  0.106766353646471E+001  0.997918061279874E+000  0.309306099500852E+000 -0.131028262406404E+000 -0.141835037861267E+003
  0.100000000000000E+001  0.283669907496052E+003  0.142080890893808E+000  0.953610895549314E+000  0.962719385138963E+000  0.276972313957291E+000 -0.131028262406404E+000 -0.141834953748026E+003
  0.100000000000000E+001  0.283669701551558E+003  0.252458057580849E+000  0.125890000089875E+001  0.997396794682327E+000  0.122145719696075E+000 -0.131028262406404E+000 -0.141834850775779E+003
  0.100000000000000E+001  0.283669384209758E+003  0.298019615920329E+000  0.111826805519007E+001  0.546390495377032E+000  0.103227112161843E+000 -0.131028262406404E+000 -0.141834692104879E+003
  0.100000000000000E+001  0.283669243078131E+003  0.174910325911231E+000  0.914275897994915E+000  0.774446451918942E+000  0.441818230311089E+000 -0.131028262406404E+000 -0.141834621539065E+003
  0.100000000000000E+001  0.283669196057565E+003  0.586715148629975E+000  0.835509178998691E+000  0.640529484208816E-001  0.263635472653288E+000 -0.131028262406404E+000 -0.141834598028782E+003
  0.100000000000000E+001  0.283669076649722E+003  0.158069630518090E+000  0.686746318763564E+000  0.959098260754671E+000  0.320964743889449E+000 -0.131028262406404E+000 -0.141834538324861E+003
  0.100000000000000E+001  0.283668996397998E+003  0.415444077756334E+000  0.630326368189025E+000  0.527920084292568E+000  0.337258348590688E+000 -0.131028262406404E+000 -0.141834498198999E+003
  0.100000000000000E+001  0.283668988679989E+003  0.938551452336158E+000  0.103763090737342E+001  0.835271018308234E+000  0.172141726939938E+000 -0.131028262406404E+000 -0.141834494339994E+003
  0.100000000000000E+001  0.283668920414774E+003  0.513278069788755E+000  0.944105531680048E+000  0.803953205674233E+000  0.293337272806155E+000 -0.131028262406404E+000 -0.141834460207387E+003
  0.100000000000000E+001  0.283668386003155E+003  0.783578432281849E+000  0.569740410168017E+000  0.612318334992668E-001  0.206933120853683E+000 -0.131028262406404E+000 -0.141834193001577E+003
  0.100000000000000E+001  0.283667998165181E+003  0.385774440632824E+000  0.153098898316233E+001  0.921576348253632E+000  0.402848707234962E+000 -0.131028262406404E+000 -0.141833999082590E+003
  0.100000000000000E+001  0.283667913770248E+003  0.773232528604366E+000  0.720452819272772E+000  0.673142612623314E+000  0.207418989794955E+000 -0.131028262406404E+000 -0.141833956885124E+003
  0.100000000000000E+001  0.283667714085730E+003  0.321210531225977E+000  0.153349685467193E+001  0.982941345137007E+000  0.466713420489796E+000 -0.131028262406404E+000 -0.141833857042865E+003
  0.100000000000000E+001  0.283667263039851E+003  0.392465600088360E+000  0.946946812211469E+000  0.371106421861647E+000  0.352380505004737E+000 -0.131028262406404E+000 -0.141833631519925E+003
  0.100000000000000E+001  0.283667130483706E+003  0.344914495374211E+000  0.699025027293858E+000  0.422310151908065E+000  0.369677948021570E+000 -0.131028262406404E+000 -0.141833565241853E+003
  0.100000000000000E+001  0.283667065701957E+003  0.165825754810622E+000  0.714439382840520E+000  0.592521975275522E+000  0.358051880181045E+000 -0.131028262406404E+000 -0.141833532850978E+003
  0.100000000000000E+001  0.283666633551259E+003  0.181673897997083E+000  0.113436869721883E+001  0.181480457186732E+000  0.486843293832733E+000 -0.131028262406404E+000 -0.141833316775630E+003
  0.100000000000000E+001  0.283666537527662E+003  0.263117046208401E+000  0.798002791113587E+000  0.730695482733861E+000  0.410985419904258E+000 -0.131028262406404E+000 -0.141833268763831E+003
  0.100000000000000E+001  0.283666389704968E+003  0.551249000094789E+000  0.173465484700302E+001  0.188202346818842E-001  0.304913123960954E+000 -0.131028262406404E+000 -0.141833194852484E+003
  0.100000000000000E+001  0.283666318597371E+003  0.173891722489558E+000  0.140892131314953E+001  0.886029206116786E+000  0.190741532764311E+000 -0.131028262406404E+000 -0.141833159298686E+003
  0.100000000000000E+001  0.283665921701667E+003  0.128688585696169E+001  0.838892220628144E+000  0.112349948339473E+000  0.126356490024850E+000 -0.131028262406404E+000 -0.141832960850833E+003
  0.100000000000000E+001  0.283665839639400E+003  0.388965084528476E+000  0.750161691303009E+000  0.365516977688510E+000  0.347797311576908E+000 -0.131028262406404E+000 -0.141832919819700E+003
  0.100000000000000E+001  0.283665802555426E+003  0.311270697530389E+000  0.970685544111149E+000  0.979155970040766E+000  0.398857933619836E+000 -0.131028262406404E+000 -0.141832901277713E+003
  0.100000000000000E+001  0.283665649612699E+003  0.835307576266229E+000  0.107864622709625E+001  0.783347499543109E+000  0.190922777864567E+000 -0.131028262406404E+000 -0.141832824806350E+003
  0.100000000000000E+001  0.283665543823505E+003  0.624916507171531E+000  0.105767603257893E+001  0.251909356803527E+000  0.248258642140065E+000 -0.131028262406404E+000 -0.141832771911753E+003
  0.100000000000000E+001  0.283665450405213E+003  0.116431543060186E+001  0.611531353217345E+000  0.378742231757243E+000  0.140201479766625E+000 -0.131028262406404E+000 -0.141832725202606E+003
  0.100000000000000E+001  0.283665261155326E+003  0.430971441225970E+000  0.197000226584347E+001  0.709849206033425E+000  0.457370110934343E+000 -0.131028262406404E+000 -0.141832630577663E+003
  0.100000000000000E+001  0.283665210888324E+003  0.129037489125242E+001  0.198201206604365E+001  0.774489748561928E+000  0.129308380150844E+000 -0.131028262406404E+000 -0.141832605444162E+003
  0.100000000000000E+001  0.283664800320641E+003  0.197434614190004E+000  0.533157436733229E+000  0.964992043532129E+000  0.200907306066904E+000 -0.131028262406404E+000 -0.141832400160320E+003
  0.100000000000000E+001  0.283664629227816E+003  0.222810803114384E+000  0.529036787321101E+000  0.523955658718653E+000  0.375872864944385E+000 -0.131028262406404E+000 -0.141832314613908E+003
  0.100000000000000E+001  0.283664545565762E+003  0.126254380149626E+000  0.132617309617890E+001  0.955241171607470E+000  0.313160318053200E+000 -0.131028262406404E+000 -0.141832272782881E+003
  0.100000000000000E+001  0.283664303084778E+003  0.133436221421854E+000  0.189692731934975E+001  0.165894816922550E+000  0.258261120053619E+000 -0.131028262406404E+000 -0.141832151542389E+003
  0.100000000000000E+001  0.283664023592753E+003  0.344979542008640E+000  0.158814024435988E+001  0.122001827943129E-001  0.448889786979020E+000 -0.131028262406404E+000 -0.141832011796376E+003
  0.100000000000000E+001  0.283663961073994E+003  0.298591881802656E+000  0.139066905074067E+001  0.592050044603203E+000  0.455153973676942E+000 -0.131028262406404E+000 -0.141831980536997E+003
  0.100000000000000E+001  0.283663683706547E+003  0.177416605668763E+000  0.718708818986455E+000  0.679395375760110E+000  0.367142785433925E+000 -0.131028262406404E+000 -0.141831841853273E+003
  0.100000000000000E+001  0.283663675176569E+003  0.170055539682975E+000  0.682789431674451E+000  0.732254442955849E+000  0.269860912639672E+000 -0.131028262406404E+000 -0.141831837588284E+003
  0.100000000000000E+001  0.283663532205005E+003  0.461941311786100E+000  0.793922932072485E+000  0.243037956541982E-001  0.311232328877486E+000 -0.131028262406404E+000 -0.141831766102502E+003
  0.100000000000000E+001  0.283662895904254E+003  0.140087405330222E+001  0.624140278163898E+000  0.557000830902532E+000  0.116107610729115E+000 -0.131028262406404E+000 -0.141831447952127E+003
  0.100000000000000E+001  0.283662178914395E+003  0.183201627218951E+000  0.550197350051722E+000  0.214274535820279E+000  0.271865263114557E+000 -0.131028262406404E+000 -0.141831089457197E+003
  0.100000000000000E+001  0.283662045554866E+003  0.135354521271036E+000  0.112312238340656E+001  0.263577524041029E+000  0.359918017004036E+000 -0.131028262406404E+000 -0.141831022777433E+003
  0.100000000000000E+001  0.283661917482565E+003  0.289920523778980E+000  0.121718567653566E+001  0.154088883555130E+000  0.114516820859406E+000 -0.131028262406404E+000 -0.141830958741283E+003
  0.100000000000000E+001  0.283661875220964E+003  0.303353372191169E+000  0.193386731591848E+001  0.615273797791624E+000  0.107703284579970E+000 -0.131028262406404E+000 -0.141830937610482E+003
  0.100000000000000E+001  0.283661808067736E+003  0.846288443437256E+000  0.123504890562966E+001  0.995837259965986E-001  0.187645485661183E+000 -0.131028262406404E+000 -0.141830904033868E+003
  0.100000000000000E+001  0.283661740744089E+003  0.175645096517461E+000  0.109868679748044E+001  0.791332600753448E+000  0.209666555214769E+000 -0.131028262406404E+000 -0.141830870372045E+003
  0.100000000000000E+001  0.283661606993057E+003  0.845251564436510E+000  0.173362987164528E+001  0.720862196862930E+000  0.194375336666839E+000 -0.131028262406404E+000 -0.141830803496529E+003
  0.100000000000000E+001  0.283661297744536E+003  0.390318321413823E+000  0.176217119283931E+001  0.239228605777797E+000  0.437326775955164E+000 -0.131028262406404E+000 -0.141830648872268E+003
  0.100000000000000E+001  0.283661018343177E+003  0.727657902113746E+000  0.146088040569127E+001  0.706810291733433E+000  0.219012244892109E+000 -0.131028262406404E+000 -0.141830509171588E+003
  0.100000000000000E+001  0.283660981584002E+003  0.170881787718746E+000  0.153708775121847E+001  0.251214439555489E+000  0.204662974246572E+000 -0.131028262406404E+000 -0.141830490792001E+003
  0.100000000000000E+001  0.283660937219046E+003  0.267740111872496E+000  0.102219768791229E+001  0.740949790486092E+000  0.421258677209307E+000 -0.131028262406404E+000 -0.141830468609523E+003
  0.100000000000000E+001  0.283660822665844E+003  0.107392897473753E+000  0.151964787052176E+001  0.751695568419847E+000  0.444554581474129E+000 -0.131028262406404E+000 -0.141830411332922E+003
  0.100000000000000E+001  0.283660743609173E+003  0.292573738542917E+000  0.157451322555110E+001  0.894478634372112E+000  0.113445651878987E+000 -0.131028262406404E+000 -0.141830371804586E+003
  0.100000000000000E+001  0.283660693267671E+003  0.321302546732049E+000  0.139956371430872E+001  0.867152449675258E+000  0.432003529966716E+000 -0.131028262406404E+000 -0.141830346633836E+003
  0.100000000000000E+001  0.283660607591693E+003  0.187596311356575E+000  0.563317006702528E+000  0.724173981187804E+000  0.251227796184643E+000 -0.131028262406404E+000 -0.141830303795846E+003
  0.100000000000000E+001  0.283660338860679E+003  0.148243299185674E+001  0.828649972878960E+000  0.177209028541628E+000  0.108739088172948E+000 -0.131028262406404E+000 -0.141830169430340E+003
  0.100000000000000E+001  0.283660337327097E+003  0.260985874414536E+000  0.585892972563175E+000  0.110225208281394E+000  0.378807939285464E+000 -0.131028262406404E+000 -0.141830168663548E+003
  0.100000000000000E+001  0.283660335026753E+003  0.526410043478279E+000  0.174578756126903E+001  0.811551255064489E+000  0.316595688029936E+000 -0.131028262406404E+000 -0.141830167513377E+003
  0.100000000000000E+001  0.283659734531487E+003  0.173127422072295E+000  0.768582961397125E+000  0.202418314352524E-001  0.345262887270525E+000 -0.131028262406404E+000 -0.141829867265744E+003
  0.100000000000000E+001  0.283659628906212E+003  0.304159801461750E+000  0.702143218790180E+000  0.715339479144697E+000  0.376434075513327E+000 -0.131028262406404E+000 -0.141829814453106E+003
  0.100000000000000E+001  0.283659187890848E+003  0.193409536404550E+000  0.193807371775390E+001  0.507014330565137E+000  0.178555074764717E+000 -0.131028262406404E+000 -0.141829593945424E+003
  0.100000000000000E+001  0.283659135793165E+003  0.236751173547840E+000  0.991425710239072E+000  0.254239367925689E+000  0.150717015647485E+000 -0.131028262406404E+000 -0.141829567896583E+003
  0.100000000000000E+001  0.283659061836730E+003  0.363643486076314E+000  0.677134333043283E+000  0.798886328981435E+000  0.349989092800820E+000 -0.131028262406404E+000 -0.141829530918365E+003
  0.100000000000000E+001  0.283658450064206E+003  0.202689925212140E+000  0.624128140933449E+000  0.932759113041395E+000  0.353402151113340E+000 -0.131028262406404E+000 -0.141829225032103E+003
  0.100000000000000E+001  0.283658419002557E+003  0.162945253540933E+000  0.196018472278022E+001  0.831888556411772E-001  0.218152544147573E+000 -0.131028262406404E+000 -0.141829209501278E+003
  0.100000000000000E+001  0.283658309861083E+003  0.249523893713940E+000  0.696099076197871E+000  0.117828651842670E+000  0.386618048552576E+000 -0.131028262406404E+000 -0.141829154930542E+003
  0.100000000000000E+001  0.283657882533157E+003  0.862109477647543E+000  0.187231352339130E+001  0.132597768073995E+000  0.192295483440722E+000 -0.131028262406404E+000 -0.141828941266578E+003
  0.100000000000000E+001  0.283657873344082E+003  0.329981666108827E+000  0.116306909513906E+001  0.973232471786536E+000  0.392916164495279E+000 -0.131028262406404E+000 -0.141828936672041E+003
  0.100000000000000E+001  0.283657814487186E+003  0.182115542535400E+000  0.894608465575587E+000  0.731470457794815E+000  0.397096639667177E+000 -0.131028262406404E+000 -0.141828907243593E+003
  0.100000000000000E+001  0.283657783657010E+003  0.272849508946808E+000  0.922237527098120E+000  0.223731406660568E+000  0.402982250973419E+000 -0.131028262406404E+000 -0.141828891828505E+003
  0.100000000000000E+001  0.283657097377289E+003  0.188484293079730E+000  0.179717635138300E+001  0.486967652012854E+000  0.188101405349627E+000 -0.131028262406404E+000 -0.141828548688644E+003
  0.100000000000000E+001  0.283657022965945E+003  0.134320162233728E+000  0.137560447272783E+001  0.728169986561614E+000  0.314258584072153E+000 -0.131028262406404E+000 -0.141828511482972E+003
  0.100000000000000E+001  0.283657021683377E+003  0.603103124740199E+000  0.586473241845594E+000  0.591540306936094E+000  0.252019907531318E+000 -0.131028262406404E+000 -0.141828510841689E+003
  0.100000000000000E+001  0.283657016888683E+003  0.329388476502728E+000  0.194670776056360E+001  0.874123300795117E+000  0.103725964364239E+000 -0.131028262406404E+000 -0.141828508444342E+003
  0.100000000000000E+001  0.283656746268725E+003  0.595133660815579E+000  0.177628090552607E+001  0.884095189874940E+000  0.278525647494810E+000 -0.131028262406404E+000 -0.141828373134363E+003
  0.100000000000000E+001  0.283656711341162E+003  0.332205971405126E+000  0.196873943291509E+001  0.566345644427592E+000  0.103128348457272E+000 -0.131028262406404E+000 -0.141828355670581E+003
  0.100000000000000E+001  0.283656683120404E+003  0.116171710964540E+000  0.185754225836631E+001  0.298378805263798E+000  0.339575781882519E+000 -0.131028262406404E+000 -0.141828341560202E+003
  0.100000000000000E+001  0.283656494615425E+003  0.739700182594447E+000  0.100195303467082E+001  0.457115318294047E+000  0.209283218416114E+000 -0.131028262406404E+000 -0.141828247307713E+003
  0.100000000000000E+001  0.283656247303192E+003  0.242927802538135E+000  0.609169139308242E+000  0.189918769971126E+000  0.161011435714340E+000 -0.131028262406404E+000 -0.141828123651596E+003
  0.100000000000000E+001  0.283656205124651E+003  0.144876605621050E+001  0.159729870207047E+001  0.865057113104887E+000  0.110894503033634E+000 -0.131028262406404E+000 -0.141828102562326E+003
  0.100000000000000E+001  0.283655432354467E+003  0.204015004774012E+000  0.547951906721888E+000  0.975472010094897E+000  0.231436893566615E+000 -0.131028262406404E+000 -0.141827716177234E+003
  0.100000000000000E+001  0.283655313140082E+003  0.154914529136697E+000  0.137676628640289E+001  0.563887413585009E+000  0.255751287526759E+000 -0.131028262406404E+000 -0.141827656570041E+003
  0.100000000000000E+001  0.283655124844117E+003  0.327906159378486E+000  0.127817158784410E+001  0.841788550740212E+000  0.107307341388111E+000 -0.131028262406404E+000 -0.141827562422059E+003
  0.100000000000000E+001  0.283655025260209E+003  0.151535576432111E+000  0.128062372813007E+001  0.282376514307877E+000  0.477177929332884E+000 -0.131028262406404E+000 -0.141827512630105E+003
  0.100000000000000E+001  0.283654734329084E+003  0.127574270625538E+000  0.138240167847016E+001  0.648430211713542E+000  0.379941308786673E+000 -0.131028262406404E+000 -0.141827367164542E+003
  0.100000000000000E+001  0.283654709338054E+003  0.249673605533887E+000  0.634245267436050E+000  0.904850051407485E+000  0.369641370555910E+000 -0.131028262406404E+000 -0.141827354669027E+003
  0.100000000000000E+001  0.283654617905542E+003  0.958789819855407E+000  0.189415037713648E+001  0.206895542123483E+000  0.171243941605507E+000 -0.131028262406404E+000 -0.141827308952771E+003
  0.100000000000000E+001  0.283654470087560E+003  0.598478597789713E+000  0.140746409373947E+001  0.589552498064001E+000  0.257874636965900E+000 -0.131028262406404E+000 -0.141827235043780E+003
  0.100000000000000E+001  0.283654413579812E+003  0.577856366814551E+000  0.187822273168109E+001  0.456822328349975E+000  0.294709441484235E+000 -0.131028262406404E+000 -0.141827206789906E+003
  0.100000000000000E+001  0.283654258117862E+003  0.158463512353483E+000  0.168155660408257E+001  0.950824953829171E+000  0.238952786175703E+000 -0.131028262406404E+000 -0.141827129058931E+003
  0.100000000000000E+001  0.283654201993883E+003  0.690707109867019E+000  0.165458396687111E+001  0.759072200171678E+000  0.232238153179092E+000 -0.131028262406404E+000 -0.141827100996941E+003
  0.100000000000000E+001  0.283653846183885E+003  0.108015076240925E+000  0.161785255552226E+001  0.581950838663892E+000  0.472472571754895E+000 -0.131028262406404E+000 -0.141826923091942E+003
  0.100000000000000E+001  0.283653622324820E+003  0.350004487782154E+000  0.180026197003345E+001  0.315423337028462E+000  0.100664284351036E+000 -0.131028262406404E+000 -0.141826811162410E+003
  0.100000000000000E+001  0.283653604336138E+003  0.186378785295668E+000  0.114192415413082E+001  0.732687508099676E+000  0.449718120952233E+000 -0.131028262406404E+000 -0.141826802168069E+003
  0.100000000000000E+001  0.283653575274021E+003  0.108532792170860E+001  0.821012922058152E+000  0.717011160724533E+000  0.145407420031549E+000 -0.131028262406404E+000 -0.141826787637010E+003
  0.100000000000000E+001  0.283653533738417E+003  0.240935436885231E+000  0.103509982013826E+001  0.294533345311637E-001  0.156565309795709E+000 -0.131028262406404E+000 -0.141826766869208E+003
  0.100000000000000E+001  0.283653508674252E+003  0.111740643155205E+001  0.787564644535457E+000  0.445482367541054E+000  0.141454184299355E+000 -0.131028262406404E+000 -0.141826754337126E+003
  0.100000000000000E+001  0.283653457544105E+003  0.311349454382872E+000  0.813557589755263E+000  0.938237805054721E-001  0.370727769811716E+000 -0.131028262406404E+000 -0.141826728772053E+003
  0.100000000000000E+001  0.283653372725126E+003  0.328615844942360E+000  0.121124118687553E+001  0.133622968981750E+000  0.393048209741569E+000 -0.131028262406404E+000 -0.141826686362563E+003
  0.100000000000000E+001  0.283653015315538E+003  0.109957276477323E+000  0.166776135211870E+001  0.478265279100537E+000  0.424493368237670E+000 -0.131028262406404E+000 -0.141826507657769E+003
  0.100000000000000E+001  0.283652659442415E+003  0.101096514734494E+001  0.117938181205281E+001  0.919273041378790E+000  0.155147051052925E+000 -0.131028262406404E+000 -0.141826329721207E+003
  0.100000000000000E+001  0.283652023500473E+003  0.381360894013429E+000  0.106933823810134E+001  0.110392160397962E+000  0.348436794363180E+000 -0.131028262406404E+000 -0.141826011750237E+003
  0.100000000000000E+001  0.283651943094975E+003  0.107500358078147E+000  0.176022673383050E+001  0.214480224448632E-001  0.423624395498271E+000 -0.131028262406404E+000 -0.141825971547488E+003
  0.100000000000000E+001  0.283651783847523E+003  0.194516825206892E+000  0.193234233671913E+001  0.304070827575215E-001  0.191529085726403E+000 -0.131028262406404E+000 -0.141825891923762E+003
  0.100000000000000E+001  0.283651715211640E+003  0.140610925412657E+001  0.114358369525811E+001  0.179931949942148E+000  0.112325195656063E+000 -0.131028262406404E+000 -0.141825857605820E+003
  0.100000000000000E+001  0.283651490419424E+003  0.213021142943404E+000  0.115736419706294E+001  0.375305549199355E-001  0.447292464813702E+000 -0.131028262406404E+000 -0.141825745209712E+003
  0.100000000000000E+001  0.283651361187162E+003  0.276827219433318E+000  0.118262456805303E+001  0.158448957165953E+000  0.134634532966232E+000 -0.131028262406404E+000 -0.141825680593581E+003
  0.100000000000000E+001  0.283651334054054E+003  0.173216042217919E+000  0.115781166784656E+001  0.311906227555775E+000  0.438205955513338E+000 -0.131028262406404E+000 -0.141825667027027E+003
  0.100000000000000E+001  0.283651284376171E+003  0.275432906027502E+000  0.131071932323701E+001  0.835234757227295E+000  0.442063665520712E+000 -0.131028262406404E+000 -0.141825642188086E+003
  0.100000000000000E+001  0.283650650391975E+003  0.224987732303593E+000  0.833214850105827E+000  0.708344013724207E+000  0.183931740632174E+000 -0.131028262406404E+000 -0.141825325195987E+003
  0.100000000000000E+001  0.283649987679691E+003  0.125071998688363E+000  0.147723083532842E+001  0.343944618263834E-001  0.444344612165766E+000 -0.131028262406404E+000 -0.141824993839846E+003
  0.100000000000000E+001  0.283649052367594E+003  0.372557776004176E+000  0.530847081222709E+000  0.382135350247511E+000  0.328419158241509E+000 -0.131028262406404E+000 -0.141824526183797E+003
  0.100000000000000E+001  0.283648640411054E+003  0.205929329601580E+000  0.916085984578141E+000  0.398055752450488E+000  0.211417923790596E+000 -0.131028262406404E+000 -0.141824320205527E+003
  0.100000000000000E+001  0.283648389300521E+003  0.364973315092604E+000  0.818126562508592E+000  0.974682775251201E+000  0.340664743209041E+000 -0.131028262406404E+000 -0.141824194650261E+003
  0.100000000000000E+001  0.283648259915731E+003  0.122797397090037E+000  0.162778715986175E+001  0.506785065478169E+000  0.383043081176518E+000 -0.131028262406404E+000 -0.141824129957866E+003
  0.100000000000000E+001  0.283648246049089E+003  0.227394189207174E+000  0.513867551496984E+000  0.713880403475523E+000  0.303733860505167E+000 -0.131028262406404E+000 -0.141824123024545E+003
  0.100000000000000E+001  0.283648102802359E+003  0.477801818801090E+000  0.149297726898884E+001  0.839333986381241E+000  0.315217525742732E+000 -0.131028262406404E+000 -0.141824051401179E+003
  0.100000000000000E+001  0.283647900136402E+003  0.365898303245117E+000  0.119157658095179E+001  0.904448559288099E+000  0.102858113122818E+000 -0.131028262406404E+000 -0.141823950068201E+003
  0.100000000000000E+001  0.283647811262872E+003  0.214158296404922E+000  0.807046843165458E+000  0.938212185996131E+000  0.209263484022200E+000 -0.131028262406404E+000 -0.141823905631436E+003
  0.100000000000000E+001  0.283647805032236E+003  0.210653358613956E+000  0.611998215919296E+000  0.489969631014974E+000  0.288092740639120E+000 -0.131028262406404E+000 -0.141823902516118E+003
  0.100000000000000E+001  0.283647672915396E+003  0.355145984873566E+000  0.100948549070609E+001  0.217493470214564E+000  0.107364150648351E+000 -0.131028262406404E+000 -0.141823836457698E+003
  0.100000000000000E+001  0.283647658555965E+003  0.832849603068698E+000  0.763637605619436E+000  0.560118153104523E+000  0.184464165209757E+000 -0.131028262406404E+000 -0.141823829277982E+003
  0.100000000000000E+001  0.283647592365334E+003  0.726219798511867E+000  0.605239264504517E+000  0.529262467888961E+000  0.209889059282355E+000 -0.131028262406404E+000 -0.141823796182667E+003
  0.100000000000000E+001  0.283647548729720E+003  0.992761551094937E+000  0.184573663587396E+001  0.436390930305876E+000  0.161805709980002E+000 -0.131028262406404E+000 -0.141823774364860E+003
  0.100000000000000E+001  0.283647033980082E+003  0.106777898676504E+000  0.197499279643864E+001  0.514442367649666E+000  0.424251021145861E+000 -0.131028262406404E+000 -0.141823516990041E+003
  0.100000000000000E+001  0.283646788864056E+003  0.159515183034277E+000  0.118997052059976E+001  0.623681728329803E+000  0.394271778354305E+000 -0.131028262406404E+000 -0.141823394432028E+003
  0.100000000000000E+001  0.283646786326217E+003  0.505761627406345E+000  0.113359491936836E+001  0.743158639064623E+000  0.283805537721774E+000 -0.131028262406404E+000 -0.141823393163109E+003
  0.100000000000000E+001  0.283646518336713E+003  0.101408552155181E+000  0.198737659413600E+001  0.562517259369431E-001  0.458018351166620E+000 -0.131028262406404E+000 -0.141823259168356E+003
  0.100000000000000E+001  0.283646404610659E+003  0.528572374126450E+000  0.590427191519772E+000  0.845703029163273E+000  0.269407883778732E+000 -0.131028262406404E+000 -0.141823202305329E+003
  0.100000000000000E+001  0.283646324128784E+003  0.195840311927874E+000  0.101281725470461E+001  0.342165651891752E+000  0.229909187583502E+000 -0.131028262406404E+000 -0.141823162064392E+003
  0.100000000000000E+001  0.283646171820225E+003  0.338837861795413E+000  0.158711475015280E+001  0.660930422053025E+000  0.432832404750156E+000 -0.131028262406404E+000 -0.141823085910113E+003
  0.100000000000000E+001  0.283646150432976E+003  0.594212442555311E+000  0.185112542539918E+001  0.433668499894418E-001  0.277650127393386E+000 -0.131028262406404E+000 -0.141823075216488E+003
  0.100000000000000E+001  0.283645799751650E+003  0.155415410021762E+001  0.138335741572418E+001  0.605469914680295E+000  0.100739925742899E+000 -0.131028262406404E+000 -0.141822899875825E+003
  0.100000000000000E+001  0.283645789971193E+003  0.513486074544474E+000  0.171579592731001E+001  0.404738732774027E+000  0.310525042330794E+000 -0.131028262406404E+000 -0.141822894985596E+003
  0.100000000000000E+001  0.283645130045765E+003  0.136128596254756E+000  0.156136945698225E+001  0.547915230698512E-001  0.346709873922414E+000 -0.131028262406404E+000 -0.141822565022883E+003
  0.100000000000000E+001  0.283645056029176E+003  0.183878708589804E+000  0.125209229987101E+001  0.468593165454707E+000  0.238340883830910E+000 -0.131028262406404E+000 -0.141822528014588E+003
  0.100000000000000E+001  0.283644953457326E+003  0.152694643748813E+000  0.126616465159315E+001  0.814163621591299E+000  0.358147541432980E+000 -0.131028262406404E+000 -0.141822476728663E+003
  0.100000000000000E+001  0.283644932039892E+003  0.304714625337412E+000  0.166981387564300E+001  0.108051727099189E+000  0.494186140297921E+000 -0.131028262406404E+000 -0.141822466019946E+003
  0.100000000000000E+001  0.283644796636533E+003  0.229237319298738E+000  0.125937493668589E+001  0.970645537101911E-003  0.178412727418185E+000 -0.131028262406404E+000 -0.141822398318266E+003
  0.100000000000000E+001  0.283644750343516E+003  0.354080856360513E+000  0.144237120777486E+001  0.965753302104691E+000  0.108819317665539E+000 -0.131028262406404E+000 -0.141822375171758E+003
  0.100000000000000E+001  0.283644378977946E+003  0.617600781070538E+000  0.797025322543535E+000  0.828018297850552E+000  0.237317132296957E+000 -0.131028262406404E+000 -0.141822189488973E+003
  0.100000000000000E+001  0.283643764069860E+003  0.189927437560982E+000  0.908375713457467E+000  0.749788445578977E+000  0.288582672324346E+000 -0.131028262406404E+000 -0.141821882034930E+003
  0.100000000000000E+001  0.283643327207150E+003  0.122971401315139E+001  0.580110268229840E+000  0.909386896238530E+000  0.126604238740354E+000 -0.131028262406404E+000 -0.141821663603575E+003
  0.100000000000000E+001  0.283643249271839E+003  0.327109360411033E+000  0.567956270472902E+000  0.501241440348846E+000  0.332327979674305E+000 -0.131028262406404E+000 -0.141821624635920E+003
  0.100000000000000E+001  0.283643173020288E+003  0.342620704322403E+000  0.156608987949489E+001  0.297415148235931E+000  0.420669356022551E+000 -0.131028262406404E+000 -0.141821586510144E+003
  0.100000000000000E+001  0.283643092947123E+003  0.163435134539443E+000  0.147536349497826E+001  0.502245740433676E+000  0.273625023991901E+000 -0.131028262406404E+000 -0.141821546473562E+003
  0.100000000000000E+001  0.283643024070021E+003  0.243449364017590E+000  0.685916801414709E+000  0.539075054169424E+000  0.190856569037580E+000 -0.131028262406404E+000 -0.141821512035011E+003
  0.100000000000000E+001  0.283642900311268E+003  0.226479688819382E+000  0.839858113922327E+000  0.325800648233450E+000  0.203807822565641E+000 -0.131028262406404E+000 -0.141821450155634E+003
  0.100000000000000E+001  0.283642854931485E+003  0.335203619161528E+000  0.514043306558161E+000  0.695533666480199E+000  0.126288104918255E+000 -0.131028262406404E+000 -0.141821427465743E+003
  0.100000000000000E+001  0.283642853795140E+003  0.280879784306694E+000  0.936726178653327E+000  0.203141465881649E+000  0.374435666402277E+000 -0.131028262406404E+000 -0.141821426897570E+003
  0.100000000000000E+001  0.283642473040986E+003  0.993900769185068E+000  0.770615627301861E+000  0.663589769303786E+000  0.154310387645978E+000 -0.131028262406404E+000 -0.141821236520493E+003
  0.100000000000000E+001  0.283642452936159E+003  0.131487989047518E+001  0.888708502252935E+000  0.533542235671908E+000  0.117593356678784E+000 -0.131028262406404E+000 -0.141821226468079E+003
  0.100000000000000E+001  0.283642343654604E+003  0.304890437645192E+000  0.160122564226788E+001  0.405819652829197E+000  0.467312036824005E+000 -0.131028262406404E+000 -0.141821171827302E+003
  0.100000000000000E+001  0.283641912953354E+003  0.294686765153483E+000  0.797987351047102E+000  0.206579596356483E+000  0.354830886336714E+000 -0.131028262406404E+000 -0.141820956476677E+003
  0.100000000000000E+001  0.283641695048958E+003  0.506248659885331E+000  0.100768853946792E+001  0.187001615346112E+000  0.276766852107036E+000 -0.131028262406404E+000 -0.141820847524479E+003
  0.100000000000000E+001  0.283641580797313E+003  0.166499158767882E+000  0.124970042402254E+001  0.843127473071988E+000  0.408936316448239E+000 -0.131028262406404E+000 -0.141820790398656E+003
  0.100000000000000E+001  0.283641123472624E+003  0.340315977488072E+000  0.156003830530500E+001  0.174984652196889E+000  0.117034008830773E+000 -0.131028262406404E+000 -0.141820561736312E+003
  0.100000000000000E+001  0.283641049984611E+003  0.141598412819970E+000  0.198109177126310E+001  0.913442481513478E+000  0.312481443535868E+000 -0.131028262406404E+000 -0.141820524992306E+003
  0.100000000000000E+001  0.283640818222789E+003  0.332322423298661E+000  0.856041627155135E+000  0.419088435910334E+000  0.345653606099105E+000 -0.131028262406404E+000 -0.141820409111395E+003
  0.100000000000000E+001  0.283640684880541E+003  0.142061691980281E+001  0.117209586200795E+001  0.323542889691498E+000  0.108556608118447E+000 -0.131028262406404E+000 -0.141820342440271E+003
  0.100000000000000E+001  0.283640520610540E+003  0.147353702247926E+000  0.197311856600225E+001  0.668300482004118E+000  0.299060693770200E+000 -0.131028262406404E+000 -0.141820260305270E+003
  0.100000000000000E+001  0.283640285774484E+003  0.168786426285546E+000  0.120805976790545E+001  0.401767503742133E+000  0.376978678237852E+000 -0.131028262406404E+000 -0.141820142887242E+003
  0.100000000000000E+001  0.283640196449152E+003  0.256857350826552E+000  0.117181343933525E+001  0.607997183599739E+000  0.409773538322573E+000 -0.131028262406404E+000 -0.141820098224576E+003
  0.100000000000000E+001  0.283640172773682E+003  0.140188444821382E+001  0.907455822349444E+000  0.911710888576155E+000  0.109858001805974E+000 -0.131028262406404E+000 -0.141820086386841E+003
  0.100000000000000E+001  0.283640147878793E+003  0.193931807930630E+000  0.138538668566912E+001  0.265603613220036E+000  0.228420027299096E+000 -0.131028262406404E+000 -0.141820073939396E+003
  0.100000000000000E+001  0.283640108723922E+003  0.360654283226908E+000  0.714049712480352E+000  0.718275331115056E+000  0.116461307001991E+000 -0.131028262406404E+000 -0.141820054361961E+003
  0.100000000000000E+001  0.283640071398399E+003  0.343246251285072E+000  0.146941016648938E+001  0.874300391545277E-001  0.117445834900600E+000 -0.131028262406404E+000 -0.141820035699200E+003
  0.100000000000000E+001  0.283639897419890E+003  0.570436837933485E+000  0.143690597208972E+001  0.276008230528262E+000  0.260876696499440E+000 -0.131028262406404E+000 -0.141819948709945E+003
  0.100000000000000E+001  0.283639871152302E+003  0.369423242763837E+000  0.122384135814566E+001  0.660411853477686E+000  0.352137859469904E+000 -0.131028262406404E+000 -0.141819935576151E+003
  0.100000000000000E+001  0.283639622766638E+003  0.690903603099588E+000  0.833558496794374E+000  0.865674621175073E+000  0.213104034165370E+000 -0.131028262406404E+000 -0.141819811383319E+003
  0.100000000000000E+001  0.283639568120346E+003  0.238582806043257E+000  0.110370186968004E+001  0.663342785751649E+000  0.184691541438682E+000 -0.131028262406404E+000 -0.141819784060173E+003
  0.100000000000000E+001  0.283639451753264E+003  0.114867844846688E+001  0.162109378108262E+001  0.509496447113005E+000  0.134926689188157E+000 -0.131028262406404E+000 -0.141819725876632E+003
  0.100000000000000E+001  0.283639262849656E+003  0.389796520144960E+000  0.130868794788362E+001  0.480151362556269E-002  0.346109000390894E+000 -0.131028262406404E+000 -0.141819631424828E+003
  0.100000000000000E+001  0.283639088881164E+003  0.218907186458573E+000  0.111687946762768E+001  0.371501816769225E+000  0.208378879196440E+000 -0.131028262406404E+000 -0.141819544440582E+003
  0.100000000000000E+001  0.283638808683991E+003  0.411527697908608E+000  0.886054263165629E+000  0.698057160417164E+000  0.311355748340000E+000 -0.131028262406404E+000 -0.141819404341996E+003
  0.100000000000000E+001  0.283638444293974E+003  0.136575205335914E+000  0.160579279332634E+001  0.997762300773714E-001  0.383160472248456E+000 -0.131028262406404E+000 -0.141819222146987E+003
  0.100000000000000E+001  0.283638079012290E+003  0.386123107260009E+000  0.750906645796661E+000  0.816857980155309E-001  0.315869217254362E+000 -0.131028262406404E+000 -0.141819039506145E+003
  0.100000000000000E+001  0.283636997157932E+003  0.228658791958810E+000  0.845214671531388E+000  0.643284812615654E+000  0.221653685957418E+000 -0.131028262406404E+000 -0.141818498578966E+003
  0.100000000000000E+001  0.283636827449592E+003  0.104544450359502E+001  0.194828309841173E+001  0.389914685744492E+000  0.151088228926344E+000 -0.131028262406404E+000 -0.141818413724796E+003
  0.100000000000000E+001  0.283636677154686E+003  0.106836462995988E+001  0.133169161339599E+001  0.108214741460467E+000  0.142316538025643E+000 -0.131028262406404E+000 -0.141818338577343E+003
  0.100000000000000E+001  0.283636252448293E+003  0.214455877702913E+000  0.115181676293043E+001  0.764521816685833E+000  0.401953992258712E+000 -0.131028262406404E+000 -0.141818126224146E+003
  0.100000000000000E+001  0.283636054340795E+003  0.180886452688823E+000  0.127655598843712E+001  0.383035377737287E+000  0.281197476615564E+000 -0.131028262406404E+000 -0.141818027170397E+003
  0.100000000000000E+001  0.283635818778880E+003  0.609744221976437E+000  0.689309284779814E+000  0.237798788595514E-001  0.233877323552364E+000 -0.131028262406404E+000 -0.141817909389440E+003
  0.100000000000000E+001  0.283635816430442E+003  0.287139843823257E+000  0.943720895783366E+000  0.276694936666042E-001  0.156376241407019E+000 -0.131028262406404E+000 -0.141817908215221E+003
  0.100000000000000E+001  0.283635575634165E+003  0.524968581249855E+000  0.192138065564846E+001  0.940765039580636E+000  0.318216239725182E+000 -0.131028262406404E+000 -0.141817787817082E+003
  0.100000000000000E+001  0.283635289846274E+003  0.141420827536592E+000  0.198458090276983E+001  0.684633461978774E+000  0.333993697883702E+000 -0.131028262406404E+000 -0.141817644923137E+003
  0.100000000000000E+001  0.283635112493825E+003  0.156627693293200E+000  0.176952711916861E+001  0.380870154326467E+000  0.301126264414501E+000 -0.131028262406404E+000 -0.141817556246913E+003
  0.100000000000000E+001  0.283634984113953E+003  0.876546548373497E+000  0.147942957701656E+001  0.279847720171041E+000  0.172764931914499E+000 -0.131028262406404E+000 -0.141817492056976E+003
  0.100000000000000E+001  0.283634914507707E+003  0.125124977705375E+001  0.693453607987397E+000  0.487382544209621E+000  0.121537533287313E+000 -0.131028262406404E+000 -0.141817457253854E+003
  0.100000000000000E+001  0.283634472489001E+003  0.292400334615057E+000  0.518953555394281E+000  0.828065676038211E+000  0.170855228138014E+000 -0.131028262406404E+000 -0.141817236244501E+003
  0.100000000000000E+001  0.283634188354699E+003  0.171810082865926E+000  0.129939011804667E+001  0.858030161245962E+000  0.330368147165804E+000 -0.131028262406404E+000 -0.141817094177350E+003
  0.100000000000000E+001  0.283634056144472E+003  0.129284039357706E+001  0.121630271000621E+001  0.291345382996510E+000  0.117231007341507E+000 -0.131028262406404E+000 -0.141817028072236E+003
  0.100000000000000E+001  0.283633210034346E+003  0.229723079914457E+000  0.948531995535928E+000  0.461163258226838E+000  0.223867520285093E+000 -0.131028262406404E+000 -0.141816605017173E+003
  0.100000000000000E+001  0.283632956203171E+003  0.346100639286534E+000  0.623928433159094E+000  0.663504606865078E+000  0.133843940063589E+000 -0.131028262406404E+000 -0.141816478101585E+003
  0.100000000000000E+001  0.283632487408505E+003  0.251865935910304E+000  0.771768769426834E+000  0.783290868829573E+000  0.320781792963967E+000 -0.131028262406404E+000 -0.141816243704252E+003
  0.100000000000000E+001  0.283632284232232E+003  0.131503787280960E+000  0.170142791128675E+001  0.221844019284266E+000  0.440384630235989E+000 -0.131028262406404E+000 -0.141816142116116E+003
  0.100000000000000E+001  0.283632168965215E+003  0.207858195478528E+000  0.108099507914206E+001  0.341747988007934E+000  0.357624272511681E+000 -0.131028262406404E+000 -0.141816084482607E+003
  0.100000000000000E+001  0.283631820434307E+003  0.332107577476638E+000  0.168789030048779E+001  0.733819134013679E+000  0.445394352974334E+000 -0.131028262406404E+000 -0.141815910217154E+003
  0.100000000000000E+001  0.283631761646029E+003  0.203873837112891E+000  0.123098473810192E+001  0.564180501402277E+000  0.402401289428318E+000 -0.131028262406404E+000 -0.141815880823014E+003
  0.100000000000000E+001  0.283631682550406E+003  0.234710562893655E+000  0.976019032983616E+000  0.406431967535522E+000  0.218544470171518E+000 -0.131028262406404E+000 -0.141815841275203E+003
  0.100000000000000E+001  0.283631622941900E+003  0.297297573498293E+000  0.139483559959733E+001  0.948831989351263E+000  0.409298325261888E+000 -0.131028262406404E+000 -0.141815811470950E+003
  0.100000000000000E+001  0.283631355821489E+003  0.866901042474025E+000  0.162225794380565E+001  0.908416720700898E+000  0.174918096023605E+000 -0.131028262406404E+000 -0.141815677910745E+003
  0.100000000000000E+001  0.283631129683180E+003  0.188119272966912E+000  0.129719612797748E+001  0.809207219210018E+000  0.283374739914580E+000 -0.131028262406404E+000 -0.141815564841590E+003
  0.100000000000000E+001  0.283631036337188E+003  0.531601387041680E+000  0.191340959534867E+001  0.314450191886103E+000  0.308397463359531E+000 -0.131028262406404E+000 -0.141815518168594E+003
  0.100000000000000E+001  0.283630912498337E+003  0.628157825017152E+000  0.755386809943717E+000  0.152607600551802E+000  0.224791887106384E+000 -0.131028262406404E+000 -0.141815456249169E+003
  0.100000000000000E+001  0.283630884021002E+003  0.413995971431942E+000  0.147236488112002E+001  0.570474524122405E+000  0.336568415987053E+000 -0.131028262406404E+000 -0.141815442010501E+003
  0.100000000000000E+001  0.283630719675760E+003  0.958979694758396E+000  0.781073008728729E+000  0.141569211900504E+000  0.154745678523412E+000 -0.131028262406404E+000 -0.141815359837880E+003
  0.100000000000000E+001  0.283630690216949E+003  0.209394409869131E+000  0.109323008005674E+001  0.645926674293938E+000  0.355326391461066E+000 -0.131028262406404E+000 -0.141815345108475E+003
  0.100000000000000E+001  0.283630476365191E+003  0.654629287161439E+000  0.580870583082595E+000  0.963312191199087E+000  0.217626378944394E+000 -0.131028262406404E+000 -0.141815238182596E+003
  0.100000000000000E+001  0.283630341004762E+003  0.285761374378053E+000  0.611643656452839E+000  0.447681320884595E+000  0.302062752786183E+000 -0.131028262406404E+000 -0.141815170502381E+003
  0.100000000000000E+001  0.283630190959704E+003  0.637211801500882E+000  0.117808869580142E+001  0.536188091228889E+000  0.224605156199021E+000 -0.131028262406404E+000 -0.141815095479852E+003
  0.100000000000000E+001  0.283630098854939E+003  0.235953769457728E+000  0.866722621500960E+000  0.828589944846552E+000  0.315610333087726E+000 -0.131028262406404E+000 -0.141815049427470E+003
  0.100000000000000E+001  0.283630078744381E+003  0.209387292872680E+000  0.117099935719792E+001  0.653468315386939E+000  0.252190035775202E+000 -0.131028262406404E+000 -0.141815039372191E+003
  0.100000000000000E+001  0.283629798094657E+003  0.483830034007884E+000  0.107896346073551E+001  0.662106859875883E+000  0.277391703742710E+000 -0.131028262406404E+000 -0.141814899047328E+003
  0.100000000000000E+001  0.283629429444545E+003  0.160453604035050E+000  0.151660191564581E+001  0.833667727575947E+000  0.468597259220814E+000 -0.131028262406404E+000 -0.141814714722272E+003
  0.100000000000000E+001  0.283629404285246E+003  0.227984115055037E+000  0.885181286994643E+000  0.525766593217622E+000  0.269491869748561E+000 -0.131028262406404E+000 -0.141814702142623E+003
  0.100000000000000E+001  0.283629392280460E+003  0.417972130641665E+000  0.180901208337177E+001  0.186220436844901E+000  0.381035382494491E+000 -0.131028262406404E+000 -0.141814696140230E+003
  0.100000000000000E+001  0.283629336635153E+003  0.277712939429884E+000  0.100148383647079E+001  0.477514529274732E-001  0.174528252728766E+000 -0.131028262406404E+000 -0.141814668317577E+003
  0.100000000000000E+001  0.283629142767053E+003  0.426201518477202E+000  0.673166795138177E+000  0.402839279851992E+000  0.287448950374712E+000 -0.131028262406404E+000 -0.141814571383526E+003
  0.100000000000000E+001  0.283628807445859E+003  0.525709252371820E+000  0.770198715133397E+000  0.403212382358238E+000  0.255098318903572E+000 -0.131028262406404E+000 -0.141814403722930E+003
  0.100000000000000E+001  0.283628805995421E+003  0.734351072389012E+000  0.808008285984049E+000  0.912949883794992E+000  0.195926338608097E+000 -0.131028262406404E+000 -0.141814402997711E+003
  0.100000000000000E+001  0.283628629908113E+003  0.217824007566346E+000  0.115226535079120E+001  0.678020235857613E-002  0.243023653190801E+000 -0.131028262406404E+000 -0.141814314954057E+003
  0.100000000000000E+001  0.283628580134327E+003  0.691182097850904E+000  0.129480493253969E+001  0.962156995867450E+000  0.209707511175838E+000 -0.131028262406404E+000 -0.141814290067164E+003
  0.100000000000000E+001  0.283628493929088E+003  0.384953596214204E+000  0.196205155927144E+001  0.126830595078267E+000  0.472763130352738E+000 -0.131028262406404E+000 -0.141814246964544E+003
  0.100000000000000E+001  0.283628456697920E+003  0.311245076570045E+000  0.155059083585677E+001  0.925420804712923E+000  0.425074746515946E+000 -0.131028262406404E+000 -0.141814228348960E+003
  0.100000000000000E+001  0.283628344535033E+003  0.330181368092528E+000  0.627475311446976E+000  0.180405329915345E+000  0.305576204670591E+000 -0.131028262406404E+000 -0.141814172267516E+003
  0.100000000000000E+001  0.283628260362054E+003  0.536897601121240E+000  0.116264124064088E+001  0.999952795029366E+000  0.257204528150113E+000 -0.131028262406404E+000 -0.141814130181027E+003
  0.100000000000000E+001  0.283628218633294E+003  0.210094523446449E+000  0.199039900312187E+001  0.363143328274933E+000  0.222255292084688E+000 -0.131028262406404E+000 -0.141814109316647E+003
  0.100000000000000E+001  0.283628095967404E+003  0.973263910864963E+000  0.631110038018146E+000  0.612904943249188E+000  0.152007084208698E+000 -0.131028262406404E+000 -0.141814047983702E+003
  0.100000000000000E+001  0.283627844976892E+003  0.170242035628340E+000  0.153392545405415E+001  0.465750247269714E+000  0.493936596049859E+000 -0.131028262406404E+000 -0.141813922488446E+003
  0.100000000000000E+001  0.283627809672636E+003  0.250274235783302E+000  0.742689659000654E+000  0.914195086176543E+000  0.277219595023592E+000 -0.131028262406404E+000 -0.141813904836318E+003
  0.100000000000000E+001  0.283627793335960E+003  0.102577505437136E+001  0.115190492819618E+001  0.542001665110787E+000  0.144108133662284E+000 -0.131028262406404E+000 -0.141813896667980E+003
  0.100000000000000E+001  0.283627330743270E+003  0.513164673962051E+000  0.134374910904882E+001  0.597431570268369E+000  0.272067519476935E+000 -0.131028262406404E+000 -0.141813665371635E+003
  0.100000000000000E+001  0.283626978170483E+003  0.655996978436210E+000  0.709054611993421E+000  0.226850171320421E-001  0.214294567488010E+000 -0.131028262406404E+000 -0.141813489085241E+003
  0.100000000000000E+001  0.283626968834049E+003  0.256784985516855E+000  0.177356080929369E+001  0.892534743867060E+000  0.180358592033560E+000 -0.131028262406404E+000 -0.141813484417025E+003
  0.100000000000000E+001  0.283626883445124E+003  0.915769383211017E+000  0.965532692632688E+000  0.609589347031211E-001  0.159633173574663E+000 -0.131028262406404E+000 -0.141813441722562E+003
  0.100000000000000E+001  0.283626359052794E+003  0.148304338041966E+001  0.140492512370741E+001  0.150806009802934E+000  0.100817422469866E+000 -0.131028262406404E+000 -0.141813179526397E+003
  0.100000000000000E+001  0.283625901458408E+003  0.240426816378738E+000  0.114370549678255E+001  0.669377654403560E+000  0.370805872478750E+000 -0.131028262406404E+000 -0.141812950729204E+003
  0.100000000000000E+001  0.283625669802382E+003  0.249168202834333E+000  0.123319774427468E+001  0.905840237278433E+000  0.389700923810854E+000 -0.131028262406404E+000 -0.141812834901191E+003
  0.100000000000000E+001  0.283625626509560E+003  0.293629441017970E+000  0.194864042780834E+001  0.246238637786013E+000  0.157054663541150E+000 -0.131028262406404E+000 -0.141812813254780E+003
  0.100000000000000E+001  0.283625580137267E+003  0.343473099014636E+000  0.104907897072124E+001  0.317371768884989E-001  0.331907042529406E+000 -0.131028262406404E+000 -0.141812790068634E+003
  0.100000000000000E+001  0.283625544686291E+003  0.300893263382107E+000  0.135215462529071E+001  0.617762707760350E+000  0.157290384080497E+000 -0.131028262406404E+000 -0.141812772343145E+003
  0.100000000000000E+001  0.283625472687231E+003  0.197043202312857E+000  0.123486985221240E+001  0.718111532275857E+000  0.340388644354326E+000 -0.131028262406404E+000 -0.141812736343616E+003
  0.100000000000000E+001  0.283625260439609E+003  0.268687912955788E+000  0.847945601651836E+000  0.243435441592926E+000  0.203036995463940E+000 -0.131028262406404E+000 -0.141812630219804E+003
  0.100000000000000E+001  0.283624738243789E+003  0.351241045936305E+000  0.173986444485374E+001  0.671859348188196E-001  0.131124064668022E+000 -0.131028262406404E+000 -0.141812369121894E+003
  0.100000000000000E+001  0.283624668277584E+003  0.566219953691869E+000  0.136121643166234E+001  0.552595340475276E+000  0.248919882470811E+000 -0.131028262406404E+000 -0.141812334138792E+003
  0.100000000000000E+001  0.283624568291133E+003  0.266020435982400E+000  0.162461668481933E+001  0.911981336213953E+000  0.485615657149027E+000 -0.131028262406404E+000 -0.141812284145567E+003
  0.100000000000000E+001  0.283624561242361E+003  0.305770779054335E+000  0.975985443581374E+000  0.654245918745289E-001  0.163615261127916E+000 -0.131028262406404E+000 -0.141812280621181E+003
  0.100000000000000E+001  0.283624481131794E+003  0.422223179640150E+000  0.109952593532387E+001  0.908882096201805E+000  0.110741312164867E+000 -0.131028262406404E+000 -0.141812240565897E+003
  0.100000000000000E+001  0.283624404526716E+003  0.289049544740390E+000  0.160258334752548E+001  0.376910508369686E+000  0.453288902811986E+000 -0.131028262406404E+000 -0.141812202263358E+003
  0.100000000000000E+001  0.283624153043057E+003  0.382227812663351E+000  0.105108803239028E+001  0.562538883207716E+000  0.124529242661614E+000 -0.131028262406404E+000 -0.141812076521529E+003
  0.100000000000000E+001  0.283623866734602E+003  0.810004811136955E+000  0.647609299021417E+000  0.690391065767644E+000  0.177419780456939E+000 -0.131028262406404E+000 -0.141811933367301E+003
  0.100000000000000E+001  0.283623626527196E+003  0.282254112983425E+000  0.124958239498891E+001  0.590334472486011E+000  0.377756608399840E+000 -0.131028262406404E+000 -0.141811813263598E+003
  0.100000000000000E+001  0.283623518947744E+003  0.162702132009149E+000  0.159495413810211E+001  0.452433356906506E+000  0.366245879925286E+000 -0.131028262406404E+000 -0.141811759473872E+003
  0.100000000000000E+001  0.283623304859886E+003  0.540381047485540E+000  0.758992159222753E+000  0.501488794800880E+000  0.245042490671493E+000 -0.131028262406404E+000 -0.141811652429943E+003
  0.100000000000000E+001  0.283623188158019E+003  0.162434408301648E+000  0.156985129886314E+001  0.137324091557276E+000  0.459669812915245E+000 -0.131028262406404E+000 -0.141811594079010E+003
  0.100000000000000E+001  0.283622759500175E+003  0.283589516522074E+000  0.604961251319289E+000  0.928167384968867E+000  0.230349502375281E+000 -0.131028262406404E+000 -0.141811379750087E+003
  0.100000000000000E+001  0.283622418775522E+003  0.159040708292459E+000  0.191858136573172E+001  0.937189712102581E+000  0.334706041792251E+000 -0.131028262406404E+000 -0.141811209387761E+003
  0.100000000000000E+001  0.283622192753351E+003  0.226333150377042E+000  0.107109614595597E+001  0.643393303821779E+000  0.280662399333215E+000 -0.131028262406404E+000 -0.141811096376675E+003
  0.100000000000000E+001  0.283622115198652E+003  0.442522026283673E+000  0.186878881384273E+001  0.827857945750446E-001  0.361398638183087E+000 -0.131028262406404E+000 -0.141811057599326E+003
  0.100000000000000E+001  0.283622099318417E+003  0.297940483508249E+000  0.707718369330868E+000  0.988184259075864E+000  0.189204898130571E+000 -0.131028262406404E+000 -0.141811049659208E+003
  0.100000000000000E+001  0.283622091086480E+003  0.223437450728220E+000  0.187427764063288E+001  0.341051122522824E-001  0.220841544255692E+000 -0.131028262406404E+000 -0.141811045543240E+003
  0.100000000000000E+001  0.283621738863943E+003  0.476175113428949E+000  0.102996601209237E+001  0.218944518658250E+000  0.271086459556240E+000 -0.131028262406404E+000 -0.141810869431971E+003
  0.100000000000000E+001  0.283621442703522E+003  0.224598356388565E+000  0.115943078612651E+001  0.429393853624486E+000  0.263733529534330E+000 -0.131028262406404E+000 -0.141810721351761E+003
  0.100000000000000E+001  0.283621289788419E+003  0.321197388568688E+000  0.824143745835360E+000  0.502547114068804E+000  0.164287575964782E+000 -0.131028262406404E+000 -0.141810644894209E+003
  0.100000000000000E+001  0.283620946570741E+003  0.656215618682154E+000  0.157777663142769E+001  0.470501453731408E+000  0.221688714079570E+000 -0.131028262406404E+000 -0.141810473285370E+003
  0.100000000000000E+001  0.283620875490110E+003  0.415695772312878E+000  0.110843676715758E+001  0.752676088947891E+000  0.298217449579729E+000 -0.131028262406404E+000 -0.141810437745055E+003
  0.100000000000000E+001  0.283620846161840E+003  0.848871384408840E+000  0.182167660302758E+001  0.681793527094798E+000  0.177330255676126E+000 -0.131028262406404E+000 -0.141810423080920E+003
  0.100000000000000E+001  0.283620820792773E+003  0.310353104267635E+000  0.798930419078893E+000  0.901998588217003E+000  0.174916493283181E+000 -0.131028262406404E+000 -0.141810410396386E+003
  0.100000000000000E+001  0.283620817805890E+003  0.891162276736898E+000  0.670193870898197E+000  0.547557852710289E+000  0.161137846224856E+000 -0.131028262406404E+000 -0.141810408902945E+003
  0.100000000000000E+001  0.283620746384217E+003  0.229704085116251E+000  0.106854199075124E+001  0.227832266401101E+000  0.295413851692894E+000 -0.131028262406404E+000 -0.141810373192109E+003
  0.100000000000000E+001  0.283620643416253E+003  0.153206726116768E+000  0.178040431867548E+001  0.290476852924823E+000  0.378865525196147E+000 -0.131028262406404E+000 -0.141810321708126E+003
  0.100000000000000E+001  0.283620633714452E+003  0.358146937610646E+000  0.148252249467604E+001  0.873446920721417E+000  0.362754572883868E+000 -0.131028262406404E+000 -0.141810316857226E+003
  0.100000000000000E+001  0.283620198520449E+003  0.100783502823143E+001  0.873726146393553E+000  0.871504479922604E+000  0.143172181715701E+000 -0.131028262406404E+000 -0.141810099260224E+003
  0.100000000000000E+001  0.283620192915800E+003  0.454521852875253E+000  0.618507180779175E+000  0.498196213571318E+000  0.110278611042542E+000 -0.131028262406404E+000 -0.141810096457900E+003
  0.100000000000000E+001  0.283619947555414E+003  0.469356785404062E+000  0.120235038899228E+001  0.817063140314033E+000  0.278322011383660E+000 -0.131028262406404E+000 -0.141809973777707E+003
  0.100000000000000E+001  0.283619826551259E+003  0.190968893615448E+000  0.163939455292177E+001  0.617212420770464E+000  0.286102415235259E+000 -0.131028262406404E+000 -0.141809913275629E+003
  0.100000000000000E+001  0.283619747790699E+003  0.814839608435187E+000  0.624393385078144E+000  0.800339986434352E+000  0.174185489042162E+000 -0.131028262406404E+000 -0.141809873895349E+003
  0.100000000000000E+001  0.283619714869674E+003  0.457700421354218E+000  0.194784626511677E+001  0.415912367798607E+000  0.361423332433779E+000 -0.131028262406404E+000 -0.141809857434837E+003
  0.100000000000000E+001  0.283619668892532E+003  0.354248576602800E+000  0.632526530441598E+000  0.536984903677415E+000  0.152474551547878E+000 -0.131028262406404E+000 -0.141809834446266E+003
  0.100000000000000E+001  0.283619581376296E+003  0.362680372599276E+000  0.118774528683434E+001  0.959559167423843E+000  0.325983115995439E+000 -0.131028262406404E+000 -0.141809790688148E+003
  0.100000000000000E+001  0.283619183093775E+003  0.683347446189951E+000  0.136068471180035E+001  0.909454165233551E+000  0.207180008640300E+000 -0.131028262406404E+000 -0.141809591546888E+003
  0.100000000000000E+001  0.283619110463004E+003  0.387117562435307E+000  0.142334671866672E+001  0.920080442091231E-001  0.334437545266100E+000 -0.131028262406404E+000 -0.141809555231502E+003
  0.100000000000000E+001  0.283619022960003E+003  0.640448268149869E+000  0.185081121802979E+001  0.571896098065188E+000  0.237620909765396E+000 -0.131028262406404E+000 -0.141809511480001E+003
  0.100000000000000E+001  0.283618009334339E+003  0.231246965934162E+000  0.151197629527519E+001  0.378793570637601E+000  0.231105681067542E+000 -0.131028262406404E+000 -0.141809004667170E+003
  0.100000000000000E+001  0.283617773523860E+003  0.119747954282660E+001  0.134885878769877E+001  0.924213019468672E+000  0.121302786665803E+000 -0.131028262406404E+000 -0.141808886761930E+003
  0.100000000000000E+001  0.283617148176781E+003  0.240705192553778E+000  0.150600336739575E+001  0.668671543259526E+000  0.442552117647042E+000 -0.131028262406404E+000 -0.141808574088391E+003
  0.100000000000000E+001  0.283617028953746E+003  0.228557423246698E+000  0.116633986829682E+001  0.496902603289563E+000  0.310636011534320E+000 -0.131028262406404E+000 -0.141808514476873E+003
  0.100000000000000E+001  0.283616686825278E+003  0.867502299888834E+000  0.188386845811190E+001  0.393862380132655E+000  0.172669110814442E+000 -0.131028262406404E+000 -0.141808343412639E+003
  0.100000000000000E+001  0.283616232147439E+003  0.214740257144143E+000  0.134300017706841E+001  0.597464184274069E+000  0.287058816750274E+000 -0.131028262406404E+000 -0.141808116073720E+003
  0.100000000000000E+001  0.283615982160865E+003  0.215908147112094E+000  0.170027743498392E+001  0.587762887511702E+000  0.250223184962023E+000 -0.131028262406404E+000 -0.141807991080432E+003
  0.100000000000000E+001  0.283615716623956E+003  0.160995061152615E+000  0.178558576948431E+001  0.810978657963758E+000  0.375803953421336E+000 -0.131028262406404E+000 -0.141807858311978E+003
  0.100000000000000E+001  0.283615489707395E+003  0.347028817436108E+000  0.188354866288170E+001  0.339088198269564E+000  0.471395631407161E+000 -0.131028262406404E+000 -0.141807744853698E+003
  0.100000000000000E+001  0.283615455920476E+003  0.335945712107383E+000  0.121079368233113E+001  0.866245617536037E+000  0.333529958562075E+000 -0.131028262406404E+000 -0.141807727960238E+003
  0.100000000000000E+001  0.283615448477334E+003  0.394980242290258E+000  0.100847634714616E+001  0.418759246823075E+000  0.131515943696005E+000 -0.131028262406404E+000 -0.141807724238667E+003
  0.100000000000000E+001  0.283615415409887E+003  0.284571777264069E+000  0.116570179100755E+001  0.125909404513506E-001  0.194299353612806E+000 -0.131028262406404E+000 -0.141807707704943E+003
  0.100000000000000E+001  0.283615400845822E+003  0.251096820545469E+000  0.136722914097917E+001  0.208376121764295E+000  0.220542474141630E+000 -0.131028262406404E+000 -0.141807700422911E+003
  0.100000000000000E+001  0.283615373307211E+003  0.304809503642424E+000  0.667240121633290E+000  0.767547114265134E+000  0.217443635949442E+000 -0.131028262406404E+000 -0.141807686653605E+003
  0.100000000000000E+001  0.283615066822166E+003  0.507389415508049E+000  0.100220633711246E+001  0.963131356636872E+000  0.251994810997663E+000 -0.131028262406404E+000 -0.141807533411083E+003
  0.100000000000000E+001  0.283614915749025E+003  0.816785326536659E+000  0.979885942223335E+000  0.379064597416987E+000  0.170905948885245E+000 -0.131028262406404E+000 -0.141807457874513E+003
  0.100000000000000E+001  0.283614811204397E+003  0.393138273693715E+000  0.853330047181288E+000  0.941244368313408E-001  0.283982264474228E+000 -0.131028262406404E+000 -0.141807405602198E+003
  0.100000000000000E+001  0.283614772082848E+003  0.324119232823602E+000  0.111576166542995E+001  0.960655221280419E+000  0.325779268144701E+000 -0.131028262406404E+000 -0.141807386041424E+003
  0.100000000000000E+001  0.283614700185607E+003  0.461208770693825E+000  0.167091191413176E+001  0.328662502198861E+000  0.309143406680093E+000 -0.131028262406404E+000 -0.141807350092804E+003
  0.100000000000000E+001  0.283614639607850E+003  0.100295794291143E+001  0.678231605905877E+000  0.101910399907417E+000  0.141605132979956E+000 -0.131028262406404E+000 -0.141807319803925E+003
  0.100000000000000E+001  0.283614613565335E+003  0.827539374929221E+000  0.891576184585821E+000  0.837629466849064E+000  0.168551160420008E+000 -0.131028262406404E+000 -0.141807306782667E+003
  0.100000000000000E+001  0.283614473821790E+003  0.801621500970123E+000  0.129315552294769E+001  0.752914838108821E+000  0.175570361653052E+000 -0.131028262406404E+000 -0.141807236910895E+003
  0.100000000000000E+001  0.283614404100222E+003  0.491093495874451E+000  0.103893048291960E+001  0.958438963272852E+000  0.103663866364987E+000 -0.131028262406404E+000 -0.141807202050111E+003
  0.100000000000000E+001  0.283614286247828E+003  0.342069266451373E+000  0.922076150646814E+000  0.337095961768870E+000  0.161382157977027E+000 -0.131028262406404E+000 -0.141807143123914E+003
  0.100000000000000E+001  0.283614194928910E+003  0.444472830367342E+000  0.164521703444779E+001  0.678557685220109E+000  0.316320333914888E+000 -0.131028262406404E+000 -0.141807097464455E+003
  0.100000000000000E+001  0.283614010429825E+003  0.246540261301401E+000  0.110114024228457E+001  0.375648780867407E+000  0.279753309465894E+000 -0.131028262406404E+000 -0.141807005214912E+003
  0.100000000000000E+001  0.283613706031682E+003  0.476422455599975E+000  0.883816679566684E+000  0.434446081553732E+000  0.257720663591057E+000 -0.131028262406404E+000 -0.141806853015841E+003
  0.100000000000000E+001  0.283613642415905E+003  0.728566622592028E+000  0.134394220498013E+001  0.397828933243718E+000  0.191779474663110E+000 -0.131028262406404E+000 -0.141806821207952E+003
  0.100000000000000E+001  0.283613536217536E+003  0.607625246982703E+000  0.797308178729903E+000  0.238401868060047E+000  0.216831037326308E+000 -0.131028262406404E+000 -0.141806768108768E+003
  0.100000000000000E+001  0.283613452796951E+003  0.454858200479512E+000  0.146546642156658E+001  0.454743150509335E+000  0.293142866693669E+000 -0.131028262406404E+000 -0.141806726398475E+003
  0.100000000000000E+001  0.283613366398788E+003  0.579149321309902E+000  0.793076646212466E+000  0.319218468342864E+000  0.224462153406434E+000 -0.131028262406404E+000 -0.141806683199394E+003
  0.100000000000000E+001  0.283613283801632E+003  0.565007249427539E+000  0.102440948864422E+001  0.945577842408812E-001  0.231786156143791E+000 -0.131028262406404E+000 -0.141806641900816E+003
  0.100000000000000E+001  0.283613032280841E+003  0.237104953848167E+000  0.154281705666811E+001  0.509330794524416E+000  0.236176777205050E+000 -0.131028262406404E+000 -0.141806516140421E+003
  0.100000000000000E+001  0.283612823360945E+003  0.183068616012567E+000  0.173884407391924E+001  0.214483367221631E+000  0.325761964563478E+000 -0.131028262406404E+000 -0.141806411680473E+003
  0.100000000000000E+001  0.283612800208662E+003  0.851607073270034E+000  0.163968312965931E+001  0.564122739858784E+000  0.169188907559993E+000 -0.131028262406404E+000 -0.141806400104331E+003
  0.100000000000000E+001  0.283612552232110E+003  0.256940027169620E+000  0.121815442823896E+001  0.323326566692438E+000  0.342772085736508E+000 -0.131028262406404E+000 -0.141806276116055E+003
  0.100000000000000E+001  0.283612109929274E+003  0.331280790240189E+000  0.848273042517192E+000  0.791298217726548E+000  0.177255942050981E+000 -0.131028262406404E+000 -0.141806054964637E+003
  0.100000000000000E+001  0.283611981612992E+003  0.308519218506965E+000  0.103875364220655E+001  0.177643413813021E+000  0.187283627834912E+000 -0.131028262406404E+000 -0.141805990806496E+003
  0.100000000000000E+001  0.283610886587270E+003  0.951597489713365E+000  0.787102278302263E+000  0.266952972472170E+000  0.146610674538066E+000 -0.131028262406404E+000 -0.141805443293635E+003
  0.100000000000000E+001  0.283610845619806E+003  0.272524492601832E+000  0.140850674090209E+001  0.629689446146851E+000  0.382355941506966E+000 -0.131028262406404E+000 -0.141805422809903E+003
  0.100000000000000E+001  0.283610697884177E+003  0.237249265984270E+000  0.130694585856605E+001  0.141258580631387E-002  0.347605361572813E+000 -0.131028262406404E+000 -0.141805348942089E+003
  0.100000000000000E+001  0.283610434545595E+003  0.303680884966950E+000  0.109056781189587E+001  0.575724632649815E+000  0.193214417069932E+000 -0.131028262406404E+000 -0.141805217272798E+003
  0.100000000000000E+001  0.283610168503544E+003  0.621715608060722E+000  0.194931589554687E+001  0.652805367966553E+000  0.244734036528586E+000 -0.131028262406404E+000 -0.141805084251772E+003
  0.100000000000000E+001  0.283610135821244E+003  0.304037888549213E+000  0.796116487092675E+000  0.265815507281888E+000  0.235298011875526E+000 -0.131028262406404E+000 -0.141805067910622E+003
  0.100000000000000E+001  0.283610046175576E+003  0.240081790438576E+000  0.151318441344608E+001  0.783226071058188E+000  0.421723327203857E+000 -0.131028262406404E+000 -0.141805023087788E+003
  0.100000000000000E+001  0.283609873459292E+003  0.396669982444569E+000  0.536843150039072E+000  0.971703691426795E+000  0.252130794437194E+000 -0.131028262406404E+000 -0.141804936729646E+003
  0.100000000000000E+001  0.283609605570511E+003  0.340040108858942E+000  0.148068205470273E+001  0.124486956521034E+000  0.158870454533218E+000 -0.131028262406404E+000 -0.141804802785256E+003
  0.100000000000000E+001  0.283609605256084E+003  0.186240616367512E+000  0.164147655351891E+001  0.746845768863171E+000  0.473441488071902E+000 -0.131028262406404E+000 -0.141804802628042E+003
  0.100000000000000E+001  0.283609522831400E+003  0.270078684349662E+000  0.108295557119518E+001  0.709564429123730E+000  0.295930471594126E+000 -0.131028262406404E+000 -0.141804761415700E+003
  0.100000000000000E+001  0.283609175185205E+003  0.322392044653343E+000  0.759323961975958E+000  0.715183727978167E+000  0.206054669888909E+000 -0.131028262406404E+000 -0.141804587592602E+003
  0.100000000000000E+001  0.283609123188958E+003  0.409612988183681E+000  0.109434599573128E+001  0.977069412018232E+000  0.283886151938054E+000 -0.131028262406404E+000 -0.141804561594479E+003
  0.100000000000000E+001  0.283608949636734E+003  0.102612960655389E+001  0.151341964386746E+001  0.155152221943732E+000  0.138087292998264E+000 -0.131028262406404E+000 -0.141804474818367E+003
  0.100000000000000E+001  0.283608788910795E+003  0.132154634651688E+001  0.187726683836999E+001  0.507917405472763E+000  0.109404299072944E+000 -0.131028262406404E+000 -0.141804394455397E+003
  0.100000000000000E+001  0.283608665469778E+003  0.497125522076705E+000  0.677295511752871E+000  0.192351495218587E+000  0.111315579308395E+000 -0.131028262406404E+000 -0.141804332734889E+003
  0.100000000000000E+001  0.283608638032322E+003  0.270854947845643E+000  0.124162840329405E+001  0.503292857065210E+000  0.336383028309411E+000 -0.131028262406404E+000 -0.141804319016161E+003
  0.100000000000000E+001  0.283608562274177E+003  0.255180551321441E+000  0.117327414168283E+001  0.190111770949495E+000  0.292436834424570E+000 -0.131028262406404E+000 -0.141804281137089E+003
  0.100000000000000E+001  0.283608534280124E+003  0.267501657571464E+000  0.151565296327281E+001  0.648411436038953E+000  0.406898240135051E+000 -0.131028262406404E+000 -0.141804267140062E+003
  0.100000000000000E+001  0.283608496644097E+003  0.167664944498983E+000  0.198340491793319E+001  0.680123309920395E+000  0.362184936740055E+000 -0.131028262406404E+000 -0.141804248322049E+003
  0.100000000000000E+001  0.283608340620648E+003  0.206457610384309E+000  0.160749101059703E+001  0.445931708374232E+000  0.305602611131288E+000 -0.131028262406404E+000 -0.141804170310324E+003
  0.100000000000000E+001  0.283608320951517E+003  0.764784634292921E+000  0.137665497780592E+001  0.913937478355701E+000  0.180642372077228E+000 -0.131028262406404E+000 -0.141804160475759E+003
  0.100000000000000E+001  0.283608076606896E+003  0.248811712901910E+000  0.144431821897805E+001  0.587606278163627E+000  0.388604836067293E+000 -0.131028262406404E+000 -0.141804038303448E+003
  0.100000000000000E+001  0.283607784995928E+003  0.240594441427760E+000  0.131388600216030E+001  0.748500099625195E+000  0.331923990617363E+000 -0.131028262406404E+000 -0.141803892497964E+003
  0.100000000000000E+001  0.283607536110639E+003  0.371901349171182E+000  0.566435568355397E+000  0.814204633090367E+000  0.174710387798653E+000 -0.131028262406404E+000 -0.141803768055319E+003
  0.100000000000000E+001  0.283607504964552E+003  0.443543477564084E+000  0.942398097507771E+000  0.648589511349257E-001  0.262102014226392E+000 -0.131028262406404E+000 -0.141803752482276E+003
  0.100000000000000E+001  0.283607476428753E+003  0.404564304841359E+000  0.753452056771998E+000  0.656564817600157E+000  0.144784682147201E+000 -0.131028262406404E+000 -0.141803738214377E+003
  0.100000000000000E+001  0.283607474306780E+003  0.109960925383911E+001  0.195972488741065E+001  0.107103859747990E+000  0.132264332304030E+000 -0.131028262406404E+000 -0.141803737153390E+003
  0.100000000000000E+001  0.283607436882493E+003  0.283383872626248E+000  0.140942617507973E+001  0.863305943324234E+000  0.205136885131759E+000 -0.131028262406404E+000 -0.141803718441246E+003
  0.100000000000000E+001  0.283607405900554E+003  0.366579299658606E+000  0.127022994945421E+001  0.648980428965484E+000  0.152042010313249E+000 -0.131028262406404E+000 -0.141803702950277E+003
  0.100000000000000E+001  0.283607381453601E+003  0.675818237742463E+000  0.748419241580921E+000  0.195518702773631E+000  0.194403809048356E+000 -0.131028262406404E+000 -0.141803690726800E+003
  0.100000000000000E+001  0.283607171586924E+003  0.466294528053955E+000  0.187205768588835E+001  0.232007146316709E+000  0.113703731188868E+000 -0.131028262406404E+000 -0.141803585793462E+003
  0.100000000000000E+001  0.283607017902658E+003  0.271836061742957E+000  0.157446826766212E+001  0.458711203674964E+000  0.418671415190215E+000 -0.131028262406404E+000 -0.141803508951329E+003
  0.100000000000000E+001  0.283606828222438E+003  0.621795819188251E+000  0.198794333246677E+001  0.123707176656898E+000  0.244717085792688E+000 -0.131028262406404E+000 -0.141803414111219E+003
  0.100000000000000E+001  0.283606406836026E+003  0.334955317516557E+000  0.728711933016957E+000  0.742236536282321E+000  0.208158937262813E+000 -0.131028262406404E+000 -0.141803203418013E+003
  0.100000000000000E+001  0.283606326152931E+003  0.318809833137383E+000  0.141615075027687E+001  0.598525547553347E+000  0.178740657356451E+000 -0.131028262406404E+000 -0.141803163076466E+003
  0.100000000000000E+001  0.283606314016544E+003  0.292322301034803E+000  0.154978060428299E+001  0.369137032784093E+000  0.195216047009575E+000 -0.131028262406404E+000 -0.141803157008272E+003
  0.100000000000000E+001  0.283606047718023E+003  0.287066563442621E+000  0.120045398476028E+001  0.360750662274370E+000  0.217943908229094E+000 -0.131028262406404E+000 -0.141803023859012E+003
  0.100000000000000E+001  0.283606031236872E+003  0.254147554048822E+000  0.162458638405717E+001  0.869241885994097E+000  0.230916714583763E+000 -0.131028262406404E+000 -0.141803015618436E+003
  0.100000000000000E+001  0.283605896915281E+003  0.181920138081738E+000  0.170436328877154E+001  0.808796659928650E+000  0.386384906072547E+000 -0.131028262406404E+000 -0.141802948457641E+003
  0.100000000000000E+001  0.283605865546701E+003  0.380986983830358E+000  0.621553952031629E+000  0.139655738132005E-002  0.168339045139713E+000 -0.131028262406404E+000 -0.141802932773350E+003
  0.100000000000000E+001  0.283605590997052E+003  0.111292623290522E+001  0.155518455941690E+001  0.457587945543827E+000  0.126440107422293E+000 -0.131028262406404E+000 -0.141802795498526E+003
  0.100000000000000E+001  0.283605516030355E+003  0.248782624042558E+000  0.176496551274908E+001  0.859557664530162E+000  0.233369471572475E+000 -0.131028262406404E+000 -0.141802758015178E+003
  0.100000000000000E+001  0.283605342506498E+003  0.556191303892207E+000  0.687736208833745E+000  0.733885731668833E+000  0.220837505858825E+000 -0.131028262406404E+000 -0.141802671253249E+003
  0.100000000000000E+001  0.283605292485927E+003  0.455413022297521E+000  0.154372927868413E+001  0.872100377483118E+000  0.289415074815265E+000 -0.131028262406404E+000 -0.141802646242963E+003
  0.100000000000000E+001  0.283605278035696E+003  0.130840410351708E+001  0.147572582955220E+001  0.914231727614429E+000  0.107460880169810E+000 -0.131028262406404E+000 -0.141802639017848E+003
  0.100000000000000E+001  0.283604728007340E+003  0.525002413990100E+000  0.180533005573614E+001  0.509526297750180E+000  0.274633021872944E+000 -0.131028262406404E+000 -0.141802364003670E+003
  0.100000000000000E+001  0.283604496354887E+003  0.572106592951747E+000  0.150653830841442E+001  0.118979199750391E+000  0.235194357988348E+000 -0.131028262406404E+000 -0.141802248177444E+003
  0.100000000000000E+001  0.283604005476887E+003  0.731444331920776E+000  0.900987272443630E+000  0.362826779189403E+000  0.180406360775267E+000 -0.131028262406404E+000 -0.141802002738443E+003
  0.100000000000000E+001  0.283603546877229E+003  0.379791225759316E+000  0.931292896388639E+000  0.790276556979040E+000  0.270489876451777E+000 -0.131028262406404E+000 -0.141801773438615E+003
  0.100000000000000E+001  0.283603300481384E+003  0.813283380206652E+000  0.178172059944871E+001  0.988299538258971E-001  0.174310275667127E+000 -0.131028262406404E+000 -0.141801650240692E+003
  0.100000000000000E+001  0.283602858948455E+003  0.567513989834606E+000  0.733974292499483E+000  0.174722631195105E+000  0.100854498827851E+000 -0.131028262406404E+000 -0.141801429474228E+003
  0.100000000000000E+001  0.283602818404258E+003  0.309867695125260E+000  0.145620783505752E+001  0.251584599851500E+000  0.355545159223894E+000 -0.131028262406404E+000 -0.141801409202129E+003
  0.100000000000000E+001  0.283602763302751E+003  0.669141509193047E+000  0.147224590936549E+001  0.131702972604856E+000  0.201934945976983E+000 -0.131028262406404E+000 -0.141801381651376E+003
  0.100000000000000E+001  0.283602631688541E+003  0.506064730408508E+000  0.171066472697552E+001  0.988804126614945E+000  0.273917444426204E+000 -0.131028262406404E+000 -0.141801315844270E+003
  0.100000000000000E+001  0.283602437027204E+003  0.676023041872098E+000  0.138502432040624E+001  0.830899587288370E+000  0.197883966681757E+000 -0.131028262406404E+000 -0.141801218513602E+003
  0.100000000000000E+001  0.283602404726303E+003  0.316211111466584E+000  0.948683935135681E+000  0.132948247655269E+000  0.252608660102169E+000 -0.131028262406404E+000 -0.141801202363151E+003
  0.100000000000000E+001  0.283602342853885E+003  0.122590090486484E+001  0.159616403815700E+001  0.430142960832754E+000  0.113935371461576E+000 -0.131028262406404E+000 -0.141801171426942E+003
  0.100000000000000E+001  0.283602175768370E+003  0.134671684263753E+001  0.181989995886855E+001  0.672979885481424E+000  0.104743518826053E+000 -0.131028262406404E+000 -0.141801087884185E+003
  0.100000000000000E+001  0.283602121539588E+003  0.391205787031768E+000  0.101361853968050E+001  0.696157519329309E+000  0.271833065302248E+000 -0.131028262406404E+000 -0.141801060769794E+003
  0.100000000000000E+001  0.283602096360603E+003  0.291736004055243E+000  0.165241311771978E+001  0.659668967926569E+000  0.202393556524085E+000 -0.131028262406404E+000 -0.141801048180301E+003
  0.100000000000000E+001  0.283601718051468E+003  0.481711806240638E+000  0.656367382837500E+000  0.969391141192212E+000  0.125512961647379E+000 -0.131028262406404E+000 -0.141800859025734E+003
  0.100000000000000E+001  0.283601702906191E+003  0.268947842830751E+000  0.171622887762764E+001  0.711100656633825E+000  0.222702847052798E+000 -0.131028262406404E+000 -0.141800851453095E+003
  0.100000000000000E+001  0.283601521750829E+003  0.261890557835659E+000  0.198680036721976E+001  0.208486372281552E+000  0.224458972202273E+000 -0.131028262406404E+000 -0.141800760875415E+003
  0.100000000000000E+001  0.283601509560624E+003  0.811767295583291E+000  0.127938029719853E+001  0.373451783461867E+000  0.165787351410382E+000 -0.131028262406404E+000 -0.141800754780312E+003
  0.100000000000000E+001  0.283601445359745E+003  0.430591385986442E+000  0.779343761198207E+000  0.638106524617451E+000  0.143128628161043E+000 -0.131028262406404E+000 -0.141800722679872E+003
  0.100000000000000E+001  0.283601308374140E+003  0.384822569163020E+000  0.890173934343858E+000  0.361699861248915E+000  0.164027160335974E+000 -0.131028262406404E+000 -0.141800654187070E+003
  0.100000000000000E+001  0.283601212902902E+003  0.196507892122600E+000  0.168823166786579E+001  0.301513849093604E+000  0.372204346716534E+000 -0.131028262406404E+000 -0.141800606451451E+003
  0.100000000000000E+001  0.283601179915952E+003  0.817685271870764E+000  0.177070283375510E+001  0.954057096252874E+000  0.171807232523892E+000 -0.131028262406404E+000 -0.141800589957976E+003
  0.100000000000000E+001  0.283601006042073E+003  0.899031114991440E+000  0.723563964531099E+000  0.966927984913282E-001  0.148701441282964E+000 -0.131028262406404E+000 -0.141800503021037E+003
  0.100000000000000E+001  0.283600989877613E+003  0.567854070665949E+000  0.544077459670792E+000  0.235154519021827E+000  0.104568570860039E+000 -0.131028262406404E+000 -0.141800494938806E+003
  0.100000000000000E+001  0.283600825488239E+003  0.230290854976768E+000  0.150213472022205E+001  0.868887981911609E+000  0.323047393710476E+000 -0.131028262406404E+000 -0.141800412744119E+003
  0.100000000000000E+001  0.283600767363418E+003  0.909592994468110E+000  0.190006974097525E+001  0.661975251995306E+000  0.156352943220184E+000 -0.131028262406404E+000 -0.141800383681709E+003
  0.100000000000000E+001  0.283600632763689E+003  0.100598394753001E+001  0.147749239243794E+001  0.476547690004457E+000  0.136573100678547E+000 -0.131028262406404E+000 -0.141800316381844E+003
  0.100000000000000E+001  0.283600340865830E+003  0.179293166277656E+000  0.199847074157305E+001  0.946645678523410E+000  0.362821132102861E+000 -0.131028262406404E+000 -0.141800170432915E+003
  0.100000000000000E+001  0.283600335295334E+003  0.632037827185784E+000  0.112053562997490E+001  0.668519853382804E+000  0.202709360076736E+000 -0.131028262406404E+000 -0.141800167647667E+003
  0.100000000000000E+001  0.283600154782639E+003  0.954472499156860E+000  0.687900688519154E+000  0.987249380894842E+000  0.140452718845002E+000 -0.131028262406404E+000 -0.141800077391320E+003
  0.100000000000000E+001  0.283600095979618E+003  0.429110150307740E+000  0.131446788237242E+001  0.980640020517364E+000  0.277237477015673E+000 -0.131028262406404E+000 -0.141800047989809E+003
  0.100000000000000E+001  0.283600051560960E+003  0.480936413014155E+000  0.127310560416338E+001  0.835025033978980E-001  0.254233754659515E+000 -0.131028262406404E+000 -0.141800025780480E+003
  0.100000000000000E+001  0.283599974578500E+003  0.487824570019273E+000  0.659860480493749E+000  0.777685094440076E+000  0.228053678055317E+000 -0.131028262406404E+000 -0.141799987289250E+003
  0.100000000000000E+001  0.283599933340292E+003  0.237459090757941E+000  0.163254923125127E+001  0.473761698873880E+000  0.433937916845558E+000 -0.131028262406404E+000 -0.141799966670146E+003
  0.100000000000000E+001  0.283599840136797E+003  0.473058538688748E+000  0.543224023209625E+000  0.392658430796723E+000  0.224957588114430E+000 -0.131028262406404E+000 -0.141799920068399E+003
  0.100000000000000E+001  0.283599834780511E+003  0.331120577704445E+000  0.928969571906376E+000  0.282800245803665E+000  0.241859132251539E+000 -0.131028262406404E+000 -0.141799917390256E+003
  0.100000000000000E+001  0.283599689224241E+003  0.683170226116630E+000  0.189030742286537E+001  0.350699258799778E+000  0.209510071293152E+000 -0.131028262406404E+000 -0.141799844612120E+003
  0.100000000000000E+001  0.283599648107803E+003  0.415270574956534E+000  0.631089288784917E+000  0.623739368842009E+000  0.232060708007271E+000 -0.131028262406404E+000 -0.141799824053901E+003
  0.100000000000000E+001  0.283599551716927E+003  0.857753730157676E+000  0.158952972714219E+001  0.873723240806558E+000  0.159853645227089E+000 -0.131028262406404E+000 -0.141799775858463E+003
  0.100000000000000E+001  0.283599467833063E+003  0.460894488536313E+000  0.868421434729187E+000  0.530526242639126E+000  0.241411739359457E+000 -0.131028262406404E+000 -0.141799733916531E+003
  0.100000000000000E+001  0.283599021532540E+003  0.301289040780099E+000  0.166605232258106E+001  0.271010078590349E+000  0.404686249866845E+000 -0.131028262406404E+000 -0.141799510766270E+003
  0.100000000000000E+001  0.283599006337242E+003  0.536469295493483E+000  0.120919661730031E+001  0.360220047774353E+000  0.231133171289650E+000 -0.131028262406404E+000 -0.141799503168621E+003
  0.100000000000000E+001  0.283598578039646E+003  0.438242283112318E+000  0.112590923183740E+001  0.216862186310344E+000  0.259358947811807E+000 -0.131028262406404E+000 -0.141799289019823E+003
  0.100000000000000E+001  0.283598543844100E+003  0.445162343922829E+000  0.831396550256395E+000  0.801260447530820E+000  0.241248245637846E+000 -0.131028262406404E+000 -0.141799271922050E+003
  0.100000000000000E+001  0.283598288579517E+003  0.500479468326116E+000  0.146072262458257E+001  0.629381982292890E+000  0.254262117471374E+000 -0.131028262406404E+000 -0.141799144289758E+003
  0.100000000000000E+001  0.283598188727609E+003  0.423214059233189E+000  0.193369445784328E+001  0.445665211155519E+000  0.136558180252950E+000 -0.131028262406404E+000 -0.141799094363804E+003
  0.100000000000000E+001  0.283598161995833E+003  0.259492781322131E+000  0.146936121643750E+001  0.407311828106213E+000  0.265985053608556E+000 -0.131028262406404E+000 -0.141799080997916E+003
  0.100000000000000E+001  0.283598109261479E+003  0.294681523766926E+000  0.122978108436331E+001  0.143884550720146E+000  0.289008987986219E+000 -0.131028262406404E+000 -0.141799054630740E+003
  0.100000000000000E+001  0.283597597298066E+003  0.567470458224956E+000  0.168814773364355E+001  0.367580225960727E-001  0.101324642627464E+000 -0.131028262406404E+000 -0.141798798649033E+003
  0.100000000000000E+001  0.283597594988064E+003  0.364748396937312E+000  0.166245254007821E+001  0.115283556302948E+000  0.163428212944424E+000 -0.131028262406404E+000 -0.141798797494032E+003
  0.100000000000000E+001  0.283597458854958E+003  0.374673673549757E+000  0.749961321363707E+000  0.433909192118195E+000  0.220538844034494E+000 -0.131028262406404E+000 -0.141798729427479E+003
  0.100000000000000E+001  0.283597422882264E+003  0.353314526171497E+000  0.119030234731887E+001  0.745142682301229E+000  0.286462447056144E+000 -0.131028262406404E+000 -0.141798711441132E+003
  0.100000000000000E+001  0.283597249471848E+003  0.502057812322843E+000  0.711242826709271E+000  0.495885532813568E+000  0.222490047769474E+000 -0.131028262406404E+000 -0.141798624735924E+003
  0.100000000000000E+001  0.283596908890919E+003  0.406416689383776E+000  0.158376576605325E+001  0.672832571143175E+000  0.308722117993848E+000 -0.131028262406404E+000 -0.141798454445459E+003
  0.100000000000000E+001  0.283596908229008E+003  0.493840261242495E+000  0.530995996970813E+000  0.432295374913105E+000  0.215938516711251E+000 -0.131028262406404E+000 -0.141798454114504E+003
  0.100000000000000E+001  0.283596813762641E+003  0.300349856274714E+000  0.148389654914005E+001  0.527775718927062E+000  0.348671083186462E+000 -0.131028262406404E+000 -0.141798406881320E+003
  0.100000000000000E+001  0.283596677526597E+003  0.350400246557597E+000  0.938633372317697E+000  0.208681054518129E+000  0.210413219318377E+000 -0.131028262406404E+000 -0.141798338763298E+003
  0.100000000000000E+001  0.283596643309537E+003  0.457626811942426E+000  0.167843564633386E+001  0.361748658871788E+000  0.128423780226977E+000 -0.131028262406404E+000 -0.141798321654769E+003
  0.100000000000000E+001  0.283595729543803E+003  0.446598337808568E+000  0.893897324687383E+000  0.925558182820504E+000  0.238816468323555E+000 -0.131028262406404E+000 -0.141797864771901E+003
  0.100000000000000E+001  0.283595440344177E+003  0.252258430287470E+000  0.151774881618302E+001  0.803598417111353E+000  0.348716198246257E+000 -0.131028262406404E+000 -0.141797720172088E+003
  0.100000000000000E+001  0.283595302859459E+003  0.160119885253658E+000  0.199952583341890E+001  0.727975099586866E+000  0.449365136258962E+000 -0.131028262406404E+000 -0.141797651429730E+003
  0.100000000000000E+001  0.283595151525344E+003  0.361214116534858E+000  0.157783485828850E+001  0.414562700681681E+000  0.331702780524235E+000 -0.131028262406404E+000 -0.141797575762672E+003
  0.100000000000000E+001  0.283595036623429E+003  0.108000358884963E+001  0.181135834997785E+001  0.166058228590182E+000  0.127411569107360E+000 -0.131028262406404E+000 -0.141797518311715E+003
  0.100000000000000E+001  0.283594629624613E+003  0.267494686419237E+000  0.145628611876179E+001  0.780989588865180E+000  0.276803853247154E+000 -0.131028262406404E+000 -0.141797314812306E+003
  0.100000000000000E+001  0.283594577020099E+003  0.789012831510810E+000  0.168015801173073E+001  0.484400109081007E+000  0.171583497381061E+000 -0.131028262406404E+000 -0.141797288510050E+003
  0.100000000000000E+001  0.283594545978596E+003  0.545515491958889E+000  0.184540102920572E+001  0.307901520631216E+000  0.108262322588040E+000 -0.131028262406404E+000 -0.141797272989298E+003
  0.100000000000000E+001  0.283594234722265E+003  0.217478427636649E+000  0.167670230178812E+001  0.777074886081055E+000  0.402307242704003E+000 -0.131028262406404E+000 -0.141797117361133E+003
  0.100000000000000E+001  0.283594229564061E+003  0.345199106471477E+000  0.109519775555626E+001  0.511473784488361E+000  0.207932935577116E+000 -0.131028262406404E+000 -0.141797114782031E+003
  0.100000000000000E+001  0.283594222618500E+003  0.505684861240330E+000  0.511160190635195E+000  0.755391472044329E-001  0.207956337808125E+000 -0.131028262406404E+000 -0.141797111309250E+003
  0.100000000000000E+001  0.283594009867990E+003  0.481622187634184E+000  0.199001562829396E+001  0.193147384678719E+000  0.313363255734329E+000 -0.131028262406404E+000 -0.141797004933995E+003
  0.100000000000000E+001  0.283593934002069E+003  0.525921153531321E+000  0.840434606711903E+000  0.660389307312114E+000  0.216289936126878E+000 -0.131028262406404E+000 -0.141796967001035E+003
  0.100000000000000E+001  0.283593782113777E+003  0.492657045481581E+000  0.605536460479458E+000  0.465498347721751E+000  0.212725750132253E+000 -0.131028262406404E+000 -0.141796891056888E+003
  0.100000000000000E+001  0.283593741224828E+003  0.388484750728102E+000  0.130889227149501E+001  0.818916289601973E+000  0.164780576547453E+000 -0.131028262406404E+000 -0.141796870612414E+003
  0.100000000000000E+001  0.283593677628197E+003  0.279099919360002E+000  0.143056322572158E+001  0.924972343344187E+000  0.263447782164271E+000 -0.131028262406404E+000 -0.141796838814098E+003
  0.100000000000000E+001  0.283593299099875E+003  0.607205350479031E+000  0.783487240090243E+000  0.456962598589575E+000  0.102839388308892E+000 -0.131028262406404E+000 -0.141796649549938E+003
  0.100000000000000E+001  0.283593005957570E+003  0.473573322163198E+000  0.977411979448199E+000  0.242627647559956E+000  0.232154812796320E+000 -0.131028262406404E+000 -0.141796502978785E+003
  0.100000000000000E+001  0.283592590157222E+003  0.128462254533439E+001  0.880580045186107E+000  0.191987864280060E+000  0.103306778523297E+000 -0.131028262406404E+000 -0.141796295078611E+003
  0.100000000000000E+001  0.283592360261542E+003  0.341022580690000E+000  0.113941686900822E+001  0.787626085750147E+000  0.256086498011811E+000 -0.131028262406404E+000 -0.141796180130771E+003
  0.100000000000000E+001  0.283591973077900E+003  0.363165025168968E+000  0.121020100116432E+001  0.808346151572603E+000  0.271210122411844E+000 -0.131028262406404E+000 -0.141795986538950E+003
  0.100000000000000E+001  0.283591971998041E+003  0.376039372511840E+000  0.103926067223765E+001  0.566269155996682E+000  0.247179298918835E+000 -0.131028262406404E+000 -0.141795985999021E+003
  0.100000000000000E+001  0.283591723739518E+003  0.500515241951053E+000  0.135787589350704E+001  0.981280588701208E-001  0.124529199866459E+000 -0.131028262406404E+000 -0.141795861869759E+003
  0.100000000000000E+001  0.283591553176778E+003  0.234331207886903E+000  0.167911753578029E+001  0.498471713675983E+000  0.325015918196248E+000 -0.131028262406404E+000 -0.141795776588389E+003
  0.100000000000000E+001  0.283591472728894E+003  0.437566431781592E+000  0.107152698109429E+001  0.283942052896531E+000  0.242866944624621E+000 -0.131028262406404E+000 -0.141795736364447E+003
  0.100000000000000E+001  0.283591367928394E+003  0.298207701763438E+000  0.155293369845261E+001  0.115848514734358E+000  0.230242750719464E+000 -0.131028262406404E+000 -0.141795683964197E+003
  0.100000000000000E+001  0.283591218541025E+003  0.190958891778403E+000  0.180539715455095E+001  0.581660277835072E+000  0.458286472761532E+000 -0.131028262406404E+000 -0.141795609270513E+003
  0.100000000000000E+001  0.283591168564991E+003  0.517271147056554E+000  0.148259376705337E+001  0.715837749502146E-002  0.240020683945339E+000 -0.131028262406404E+000 -0.141795584282495E+003
  0.100000000000000E+001  0.283591159726213E+003  0.422245800838479E+000  0.710407745354016E+000  0.425683847661046E+000  0.189723056100677E+000 -0.131028262406404E+000 -0.141795579863107E+003
  0.100000000000000E+001  0.283591066772636E+003  0.113650754935266E+001  0.537977660356287E+000  0.951606860430841E+000  0.115134226036976E+000 -0.131028262406404E+000 -0.141795533386318E+003
  0.100000000000000E+001  0.283591058294406E+003  0.445266347282329E+000  0.125479467865416E+001  0.637404455644308E+000  0.252237799768518E+000 -0.131028262406404E+000 -0.141795529147203E+003
  0.100000000000000E+001  0.283590958948658E+003  0.369631015791791E+000  0.100532336395314E+001  0.231822419291780E+000  0.228888498949354E+000 -0.131028262406404E+000 -0.141795479474329E+003
  0.100000000000000E+001  0.283590386868803E+003  0.490106068505667E+000  0.121204114218515E+001  0.341159332040663E+000  0.131063981600053E+000 -0.131028262406404E+000 -0.141795193434401E+003
  0.100000000000000E+001  0.283590316446896E+003  0.323089054789260E+000  0.144122113483757E+001  0.914906031276100E+000  0.310341897869282E+000 -0.131028262406404E+000 -0.141795158223448E+003
  0.100000000000000E+001  0.283590304863371E+003  0.381007108322996E+000  0.116834350424193E+001  0.830057479890194E+000  0.258525487478537E+000 -0.131028262406404E+000 -0.141795152431685E+003
  0.100000000000000E+001  0.283590271700165E+003  0.535647209561576E+000  0.853510475726665E+000  0.764374293754785E+000  0.122908076913673E+000 -0.131028262406404E+000 -0.141795135850082E+003
  0.100000000000000E+001  0.283590266376547E+003  0.413088049273925E+000  0.117423232816813E+001  0.585541733693910E+000  0.163221159726809E+000 -0.131028262406404E+000 -0.141795133188274E+003
  0.100000000000000E+001  0.283590135773172E+003  0.515233916923642E+000  0.813646105060532E+000  0.745232207172695E+000  0.211106581633375E+000 -0.131028262406404E+000 -0.141795067886586E+003
  0.100000000000000E+001  0.283590105205841E+003  0.406338524665863E+000  0.119537655745196E+001  0.939370464568825E+000  0.166552912515371E+000 -0.131028262406404E+000 -0.141795052602921E+003
  0.100000000000000E+001  0.283590079618315E+003  0.269330261354354E+000  0.171277054726432E+001  0.123806404991869E+000  0.417720513816135E+000 -0.131028262406404E+000 -0.141795039809157E+003
  0.100000000000000E+001  0.283590070874015E+003  0.519297027224336E+000  0.866856662090994E+000  0.182393881083172E+000  0.212239963581300E+000 -0.131028262406404E+000 -0.141795035437007E+003
  0.100000000000000E+001  0.283590064246860E+003  0.285115574159189E+000  0.151262108112803E+001  0.840712060355999E+000  0.328796157919881E+000 -0.131028262406404E+000 -0.141795032123430E+003
  0.100000000000000E+001  0.283590008325729E+003  0.961556205643505E+000  0.721452456746930E+000  0.428806366572418E+000  0.133249391237621E+000 -0.131028262406404E+000 -0.141795004162865E+003
  0.100000000000000E+001  0.283590000509040E+003  0.404603890973645E+000  0.140480547361961E+001  0.965964639237115E+000  0.277100618593176E+000 -0.131028262406404E+000 -0.141795000254520E+003
  0.100000000000000E+001  0.283589836613087E+003  0.189101246252724E+000  0.186829497041007E+001  0.199411448151783E+000  0.420105142440102E+000 -0.131028262406404E+000 -0.141794918306544E+003
  0.100000000000000E+001  0.283589633607126E+003  0.375152420655302E+000  0.111695651210077E+001  0.591955514899299E+000  0.248549417389748E+000 -0.131028262406404E+000 -0.141794816803563E+003
  0.100000000000000E+001  0.283589562665596E+003  0.768443123634530E+000  0.126007610412421E+001  0.484072188217466E+000  0.165228421927577E+000 -0.131028262406404E+000 -0.141794781332798E+003
  0.100000000000000E+001  0.283589507921887E+003  0.393615578794012E+000  0.151179455061579E+001  0.741935084144663E+000  0.292860806042877E+000 -0.131028262406404E+000 -0.141794753960943E+003
  0.100000000000000E+001  0.283589455002343E+003  0.707144286932849E+000  0.149475600666202E+001  0.889475642246391E+000  0.181916667564274E+000 -0.131028262406404E+000 -0.141794727501171E+003
  0.100000000000000E+001  0.283589351169239E+003  0.355944529556940E+000  0.189802559451693E+001  0.598469950887183E+000  0.406589651459467E+000 -0.131028262406404E+000 -0.141794675584620E+003
  0.100000000000000E+001  0.283589347842091E+003  0.616404616525228E+000  0.698659780259107E+000  0.790245157853517E+000  0.187645918647400E+000 -0.131028262406404E+000 -0.141794673921046E+003
  0.100000000000000E+001  0.283589343970933E+003  0.488542188641299E+000  0.100325446185347E+001  0.581632913105921E+000  0.223192584638975E+000 -0.131028262406404E+000 -0.141794671985467E+003
  0.100000000000000E+001  0.283589271152687E+003  0.121243853013338E+001  0.184553907969606E+001  0.867600639676841E+000  0.111039804439277E+000 -0.131028262406404E+000 -0.141794635576344E+003
  0.100000000000000E+001  0.283589168098179E+003  0.448965374748167E+000  0.141130339247131E+001  0.225016639715981E-001  0.144262739367090E+000 -0.131028262406404E+000 -0.141794584049090E+003
  0.100000000000000E+001  0.283589084567380E+003  0.456162438048798E+000  0.803565451500456E+000  0.489403252039449E-002  0.158333708241064E+000 -0.131028262406404E+000 -0.141794542283690E+003
  0.100000000000000E+001  0.283588955921958E+003  0.375875097097738E+000  0.154592374605417E+001  0.677710086167839E+000  0.175752203357961E+000 -0.131028262406404E+000 -0.141794477960979E+003
  0.100000000000000E+001  0.283588855453280E+003  0.508279681547007E+000  0.161466367201800E+001  0.554668923682129E+000  0.124187237015257E+000 -0.131028262406404E+000 -0.141794427726640E+003
  0.100000000000000E+001  0.283588817105171E+003  0.318988152537918E+000  0.133914488638536E+001  0.560513103174995E+000  0.244385663710389E+000 -0.131028262406404E+000 -0.141794408552585E+003
  0.100000000000000E+001  0.283588744343517E+003  0.448214107843098E+000  0.195975519020401E+001  0.927630664840098E-001  0.140439872695807E+000 -0.131028262406404E+000 -0.141794372171759E+003
  0.100000000000000E+001  0.283588646843261E+003  0.468095882099178E+000  0.186366227063276E+001  0.551109271654682E+000  0.294118873478015E+000 -0.131028262406404E+000 -0.141794323421630E+003
  0.100000000000000E+001  0.283588553089550E+003  0.887241222920213E+000  0.167439300478322E+001  0.846861527380816E+000  0.149023559872936E+000 -0.131028262406404E+000 -0.141794276544775E+003
  0.100000000000000E+001  0.283588223839684E+003  0.253959728242105E+000  0.164986012816660E+001  0.657905969628289E-001  0.369380261075282E+000 -0.131028262406404E+000 -0.141794111919842E+003
  0.100000000000000E+001  0.283588029792375E+003  0.892116264492601E+000  0.166999624883497E+001  0.778720961838173E+000  0.147816548310813E+000 -0.131028262406404E+000 -0.141794014896188E+003
  0.100000000000000E+001  0.283587811603050E+003  0.404190310712744E+000  0.104252947411274E+001  0.254267452681331E+000  0.233007023248522E+000 -0.131028262406404E+000 -0.141793905801525E+003
  0.100000000000000E+001  0.283587761414456E+003  0.324286336797574E+000  0.178983445596819E+001  0.635750675786250E+000  0.395559896229596E+000 -0.131028262406404E+000 -0.141793880707228E+003
  0.100000000000000E+001  0.283587754739694E+003  0.395169405881912E+000  0.186609524257652E+001  0.385149174773302E+000  0.163227988625141E+000 -0.131028262406404E+000 -0.141793877369847E+003
  0.100000000000000E+001  0.283587564695067E+003  0.282842197691741E+000  0.161038908277546E+001  0.512692314648402E+000  0.261497240185943E+000 -0.131028262406404E+000 -0.141793782347534E+003
  0.100000000000000E+001  0.283587562853572E+003  0.368903157899987E+000  0.127228245260096E+001  0.497160131762563E-001  0.263921253959218E+000 -0.131028262406404E+000 -0.141793781426786E+003
  0.100000000000000E+001  0.283587535539825E+003  0.434502216297447E+000  0.120392736090676E+001  0.143473115883834E+000  0.244474038657936E+000 -0.131028262406404E+000 -0.141793767769913E+003
  0.100000000000000E+001  0.283587502854229E+003  0.294055070476153E+000  0.156977787178434E+001  0.766995393052495E+000  0.250475003856234E+000 -0.131028262406404E+000 -0.141793751427114E+003
  0.100000000000000E+001  0.283587469462266E+003  0.125182739274084E+001  0.607380622454244E+000  0.825384488637636E+000  0.103389202450480E+000 -0.131028262406404E+000 -0.141793734731133E+003
  0.100000000000000E+001  0.283587438638785E+003  0.717591522377610E+000  0.659049887295986E+000  0.271770437386098E+000  0.166644722685548E+000 -0.131028262406404E+000 -0.141793719319393E+003
  0.100000000000000E+001  0.283587434153583E+003  0.494340779385243E+000  0.665174532110924E+000  0.348052322262973E+000  0.198925289271524E+000 -0.131028262406404E+000 -0.141793717076792E+003
  0.100000000000000E+001  0.283587326498144E+003  0.790980914682147E+000  0.944151021707567E+000  0.277152124432371E+000  0.156344114772838E+000 -0.131028262406404E+000 -0.141793663249072E+003
  0.100000000000000E+001  0.283587246525011E+003  0.446358188752086E+000  0.810873333215067E+000  0.920072925830012E+000  0.171963265987737E+000 -0.131028262406404E+000 -0.141793623262506E+003
  0.100000000000000E+001  0.283587006212789E+003  0.260476850627465E+000  0.165398883402778E+001  0.399546576988832E+000  0.366221438428504E+000 -0.131028262406404E+000 -0.141793503106395E+003
  0.100000000000000E+001  0.283586936856470E+003  0.432551688730626E+000  0.195960500728003E+001  0.986355842257712E+000  0.336856756119734E+000 -0.131028262406404E+000 -0.141793468428235E+003
  0.100000000000000E+001  0.283586733350077E+003  0.710718487767610E+000  0.122533877077215E+001  0.873008860695842E+000  0.173671275766081E+000 -0.131028262406404E+000 -0.141793366675038E+003
  0.100000000000000E+001  0.283586341301707E+003  0.842301056663810E+000  0.173321354549038E+001  0.605528652549863E-001  0.156170296208588E+000 -0.131028262406404E+000 -0.141793170650853E+003
  0.100000000000000E+001  0.283586186359699E+003  0.102658821335347E+001  0.181067700612734E+001  0.225690649449908E+000  0.129168028827903E+000 -0.131028262406404E+000 -0.141793093179849E+003
  0.100000000000000E+001  0.283586169035568E+003  0.357689213304933E+000  0.148380839950655E+001  0.495491895503525E-001  0.196715704705225E+000 -0.131028262406404E+000 -0.141793084517784E+003
  0.100000000000000E+001  0.283585892463547E+003  0.315534820323759E+000  0.190380876260426E+001  0.673876491637304E+000  0.457372221131568E+000 -0.131028262406404E+000 -0.141792946231773E+003
  0.100000000000000E+001  0.283585626800327E+003  0.503375189895946E+000  0.149019667990378E+001  0.358036666661371E-001  0.237836984112566E+000 -0.131028262406404E+000 -0.141792813400164E+003
  0.100000000000000E+001  0.283585511920237E+003  0.784537012336212E+000  0.156934620020296E+001  0.632886351153186E+000  0.163497781444728E+000 -0.131028262406404E+000 -0.141792755960119E+003
  0.100000000000000E+001  0.283585435604766E+003  0.597801219519181E+000  0.670729807542259E+000  0.800612039497240E+000  0.184152945444740E+000 -0.131028262406404E+000 -0.141792717802383E+003
  0.100000000000000E+001  0.283585371257498E+003  0.399159609812254E+000  0.194838823603098E+001  0.912752442830615E+000  0.164775348833897E+000 -0.131028262406404E+000 -0.141792685628749E+003
  0.100000000000000E+001  0.283585364633310E+003  0.543954575047069E+000  0.137893073125592E+001  0.145627383288021E+000  0.121347233277209E+000 -0.131028262406404E+000 -0.141792682316655E+003
  0.100000000000000E+001  0.283585247338000E+003  0.511622652872581E+000  0.979227296536231E+000  0.165280327559147E+000  0.209225480703837E+000 -0.131028262406404E+000 -0.141792623669000E+003
  0.100000000000000E+001  0.283585167464775E+003  0.302804727708687E+000  0.185969320529747E+001  0.447980563979901E+000  0.228725185395743E+000 -0.131028262406404E+000 -0.141792583732388E+003
  0.100000000000000E+001  0.283585014189971E+003  0.565438863972082E+000  0.139150907824271E+001  0.223066606471138E+000  0.116580439258978E+000 -0.131028262406404E+000 -0.141792507094986E+003
  0.100000000000000E+001  0.283584863771163E+003  0.485756639586030E+000  0.183049812557127E+001  0.691131590930133E+000  0.134515261822653E+000 -0.131028262406404E+000 -0.141792431885581E+003
  0.100000000000000E+001  0.283584835079555E+003  0.398933921120822E+000  0.109854290275903E+001  0.491807681525771E+000  0.199610161297507E+000 -0.131028262406404E+000 -0.141792417539778E+003
  0.100000000000000E+001  0.283584808941028E+003  0.313378158261822E+000  0.147937312181387E+001  0.583288040714477E+000  0.287926037225627E+000 -0.131028262406404E+000 -0.141792404470514E+003
  0.100000000000000E+001  0.283584618476914E+003  0.625767522901137E+000  0.129392569034586E+001  0.418346874207916E+000  0.105353821624534E+000 -0.131028262406404E+000 -0.141792309238457E+003
  0.100000000000000E+001  0.283584558214268E+003  0.105686472129415E+001  0.764729748566936E+000  0.296655942767117E+000  0.119071054302035E+000 -0.131028262406404E+000 -0.141792279107134E+003
  0.100000000000000E+001  0.283584521965356E+003  0.390023816450358E+000  0.136254314507863E+001  0.455236536196749E+000  0.184698292021475E+000 -0.131028262406404E+000 -0.141792260982678E+003
  0.100000000000000E+001  0.283584381835957E+003  0.264404451201217E+000  0.198606966563311E+001  0.501062962670021E+000  0.267033707570542E+000 -0.131028262406404E+000 -0.141792190917978E+003
  0.100000000000000E+001  0.283584288248068E+003  0.580350201891888E+000  0.145613826457897E+001  0.645807596514472E+000  0.208916629648662E+000 -0.131028262406404E+000 -0.141792144124034E+003
  0.100000000000000E+001  0.283584134237368E+003  0.397286558895660E+000  0.173115152279793E+001  0.693241418333165E+000  0.311682767828870E+000 -0.131028262406404E+000 -0.141792067118684E+003
  0.100000000000000E+001  0.283584116341116E+003  0.402994575172453E+000  0.171331968661703E+001  0.652868490440360E+000  0.304968011144290E+000 -0.131028262406404E+000 -0.141792058170558E+003
  0.100000000000000E+001  0.283583998575865E+003  0.581737420260243E+000  0.941877543964536E+000  0.612610879709725E+000  0.191803788053020E+000 -0.131028262406404E+000 -0.141791999287933E+003
  0.100000000000000E+001  0.283583969887239E+003  0.507263165979584E+000  0.630730607050344E+000  0.406652694392455E+000  0.181755619176168E+000 -0.131028262406404E+000 -0.141791984943619E+003
  0.100000000000000E+001  0.283583968646592E+003  0.721033537670520E+000  0.743145941282824E+000  0.280691581053256E+000  0.162870036392878E+000 -0.131028262406404E+000 -0.141791984323296E+003
  0.100000000000000E+001  0.283583593933638E+003  0.461359256887300E+000  0.145177962524824E+001  0.306305538721704E-001  0.247058259624208E+000 -0.131028262406404E+000 -0.141791796966819E+003
  0.100000000000000E+001  0.283583586314697E+003  0.415003510605470E+000  0.123299460714234E+001  0.356240148827732E+000  0.178042923849734E+000 -0.131028262406404E+000 -0.141791793157349E+003
  0.100000000000000E+001  0.283583543999470E+003  0.640956991402334E+000  0.123319395721713E+001  0.144156119330739E+000  0.185566125860993E+000 -0.131028262406404E+000 -0.141791771999735E+003
  0.100000000000000E+001  0.283583466268370E+003  0.547866147471931E+000  0.142003665445704E+001  0.374503366700617E+000  0.122595229165132E+000 -0.131028262406404E+000 -0.141791733134185E+003
  0.100000000000000E+001  0.283583292114888E+003  0.730613692179840E+000  0.112928030870015E+001  0.898146101554734E-001  0.164992772006315E+000 -0.131028262406404E+000 -0.141791646057444E+003
  0.100000000000000E+001  0.283583171230058E+003  0.830998420414908E+000  0.127401555695065E+001  0.377795740959249E+000  0.149271223245125E+000 -0.131028262406404E+000 -0.141791585615029E+003
  0.100000000000000E+001  0.283583038335901E+003  0.247772702366342E+000  0.181107019516887E+001  0.341552910866440E+000  0.316277670308069E+000 -0.131028262406404E+000 -0.141791519167951E+003
  0.100000000000000E+001  0.283583024250005E+003  0.101896662394343E+001  0.168334255067555E+001  0.122042315240720E+000  0.126889744188152E+000 -0.131028262406404E+000 -0.141791512125002E+003
  0.100000000000000E+001  0.283582761019491E+003  0.621032382693202E+000  0.793748427847025E+000  0.774712242345209E-001  0.178832853469129E+000 -0.131028262406404E+000 -0.141791380509745E+003
  0.100000000000000E+001  0.283582694435200E+003  0.518250282009215E+000  0.100508476879466E+001  0.834805556268036E+000  0.203761869586370E+000 -0.131028262406404E+000 -0.141791347217600E+003
  0.100000000000000E+001  0.283582670134794E+003  0.541670724070592E+000  0.164846757283670E+001  0.546820017569945E+000  0.228951690105415E+000 -0.131028262406404E+000 -0.141791335067397E+003
  0.100000000000000E+001  0.283582558537880E+003  0.470165251018225E+000  0.191902112214652E+001  0.162573757820162E+000  0.142173762038902E+000 -0.131028262406404E+000 -0.141791279268940E+003
  0.100000000000000E+001  0.283582334876771E+003  0.855691936359991E+000  0.157815199886654E+001  0.740957224350156E+000  0.148327315804158E+000 -0.131028262406404E+000 -0.141791167438385E+003
  0.100000000000000E+001  0.283582145130345E+003  0.293965088483664E+000  0.161592972316443E+001  0.480061533986913E+000  0.316019222815658E+000 -0.131028262406404E+000 -0.141791072565172E+003
  0.100000000000000E+001  0.283582012631065E+003  0.497130881144958E+000  0.740406272816770E+000  0.775260263164706E+000  0.177308235740155E+000 -0.131028262406404E+000 -0.141791006315533E+003
  0.100000000000000E+001  0.283581979651573E+003  0.692620742585936E+000  0.594183633706057E+000  0.829370664011382E+000  0.102612688604119E+000 -0.131028262406404E+000 -0.141790989825787E+003
  0.100000000000000E+001  0.283581883367256E+003  0.363907156381337E+000  0.171142547465290E+001  0.244376459623945E+000  0.195046697935496E+000 -0.131028262406404E+000 -0.141790941683628E+003
  0.100000000000000E+001  0.283581873272227E+003  0.560703697852292E+000  0.132789833540578E+001  0.323339230031405E+000  0.122563233554622E+000 -0.131028262406404E+000 -0.141790936636113E+003
  0.100000000000000E+001  0.283581800620497E+003  0.439975178812841E+000  0.125967973142252E+001  0.164151878855525E+000  0.167433151771875E+000 -0.131028262406404E+000 -0.141790900310248E+003
  0.100000000000000E+001  0.283581770306153E+003  0.573826278442895E+000  0.507817562155630E+000  0.866574032574466E+000  0.138135903094231E+000 -0.131028262406404E+000 -0.141790885153076E+003
  0.100000000000000E+001  0.283581761568795E+003  0.528714549011718E+000  0.143964124453559E+001  0.609027763705657E+000  0.220343998966456E+000 -0.131028262406404E+000 -0.141790880784397E+003
  0.100000000000000E+001  0.283581662201638E+003  0.810755200081821E+000  0.547745253050587E+000  0.376888699857266E+000  0.145348650208656E+000 -0.131028262406404E+000 -0.141790831100819E+003
  0.100000000000000E+001  0.283581607841556E+003  0.389936303081495E+000  0.125905367471474E+001  0.257154423799536E+000  0.231177688846607E+000 -0.131028262406404E+000 -0.141790803920778E+003
  0.100000000000000E+001  0.283581546602630E+003  0.224039228185883E+000  0.182193031356744E+001  0.366587922306397E+000  0.450526538797772E+000 -0.131028262406404E+000 -0.141790773301315E+003
  0.100000000000000E+001  0.283581520390610E+003  0.899857717267578E+000  0.891164270344276E+000  0.189535535965416E+000  0.135173890855824E+000 -0.131028262406404E+000 -0.141790760195305E+003
  0.100000000000000E+001  0.283581417857339E+003  0.381505567740838E+000  0.166565866252860E+001  0.337349944928012E+000  0.186599683077656E+000 -0.131028262406404E+000 -0.141790708928669E+003
  0.100000000000000E+001  0.283581296919517E+003  0.367252392546739E+000  0.182755022342147E+001  0.534893918665563E-001  0.348977150369380E+000 -0.131028262406404E+000 -0.141790648459758E+003
  0.100000000000000E+001  0.283581179653795E+003  0.643753503972199E+000  0.185086469359111E+001  0.798548543548331E+000  0.103591123257683E+000 -0.131028262406404E+000 -0.141790589826897E+003
  0.100000000000000E+001  0.283580918125761E+003  0.361700090500854E+000  0.152480695843575E+001  0.860019289070688E+000  0.282670885203646E+000 -0.131028262406404E+000 -0.141790459062881E+003
  0.100000000000000E+001  0.283580687395493E+003  0.627301119964799E+000  0.585889252935058E+000  0.561117241109303E+000  0.168646444894359E+000 -0.131028262406404E+000 -0.141790343697746E+003
  0.100000000000000E+001  0.283580577393258E+003  0.541549880822412E+000  0.124256610491840E+001  0.837167718418237E+000  0.205426525185082E+000 -0.131028262406404E+000 -0.141790288696629E+003
  0.100000000000000E+001  0.283580499002949E+003  0.576450614690938E+000  0.665151712314264E+000  0.640733848310858E+000  0.175287997202483E+000 -0.131028262406404E+000 -0.141790249501474E+003
  0.100000000000000E+001  0.283580305092597E+003  0.505577863794106E+000  0.155739092973963E+001  0.970101919556752E+000  0.137685722535357E+000 -0.131028262406404E+000 -0.141790152546299E+003
  0.100000000000000E+001  0.283580035716357E+003  0.501766019209205E+000  0.169115613592843E+001  0.325178954008493E+000  0.137837307108826E+000 -0.131028262406404E+000 -0.141790017858178E+003
  0.100000000000000E+001  0.283579993995279E+003  0.596467055509093E+000  0.744746765716950E+000  0.218516969964085E+000  0.125996086919802E+000 -0.131028262406404E+000 -0.141789996997640E+003
  0.100000000000000E+001  0.283579890066867E+003  0.104403990287987E+001  0.175163164033203E+001  0.762896546319513E+000  0.122538317656840E+000 -0.131028262406404E+000 -0.141789945033433E+003
  0.100000000000000E+001  0.283579691749048E+003  0.662525164564837E+000  0.742507276939708E+000  0.944835943034799E-001  0.110059276621445E+000 -0.131028262406404E+000 -0.141789845874524E+003
  0.100000000000000E+001  0.283579687353667E+003  0.488508136298283E+000  0.980322439301269E+000  0.972958260539974E+000  0.162981736281479E+000 -0.131028262406404E+000 -0.141789843676834E+003
  0.100000000000000E+001  0.283579501592123E+003  0.307435551121748E+000  0.184207168544826E+001  0.357519618313681E+000  0.407474593372031E+000 -0.131028262406404E+000 -0.141789750796062E+003
  0.100000000000000E+001  0.283579424834093E+003  0.621123642217380E+000  0.194635759743258E+001  0.753617762115388E+000  0.213551555301609E+000 -0.131028262406404E+000 -0.141789712417046E+003
  0.100000000000000E+001  0.283579271006159E+003  0.628174249336904E+000  0.649949456994815E+000  0.867123742405582E+000  0.167323759502519E+000 -0.131028262406404E+000 -0.141789635503079E+003
  0.100000000000000E+001  0.283579117942598E+003  0.341527692505209E+000  0.151213805914760E+001  0.165926737945139E+000  0.255013799632298E+000 -0.131028262406404E+000 -0.141789558971299E+003
  0.100000000000000E+001  0.283579089177469E+003  0.444018394031139E+000  0.121429137687513E+001  0.660605366914480E+000  0.217885177884135E+000 -0.131028262406404E+000 -0.141789544588735E+003
  0.100000000000000E+001  0.283579067737972E+003  0.598515929198914E+000  0.119986887120764E+001  0.645139958140779E+000  0.188058487814439E+000 -0.131028262406404E+000 -0.141789533868986E+003
  0.100000000000000E+001  0.283578858682227E+003  0.522749381197528E+000  0.185878566640611E+001  0.431300656675395E+000  0.132286699605497E+000 -0.131028262406404E+000 -0.141789429341113E+003
  0.100000000000000E+001  0.283578614050409E+003  0.450463875247433E+000  0.117646309183551E+001  0.577188678555341E+000  0.210654606888645E+000 -0.131028262406404E+000 -0.141789307025205E+003
  0.100000000000000E+001  0.283578287638080E+003  0.472100337088315E+000  0.166384923611591E+001  0.281883135014668E+000  0.250777754767582E+000 -0.131028262406404E+000 -0.141789143819040E+003
  0.100000000000000E+001  0.283578252046230E+003  0.424283996471480E+000  0.143969094760911E+001  0.371066577466454E+000  0.244393139281248E+000 -0.131028262406404E+000 -0.141789126023115E+003
  0.100000000000000E+001  0.283578217950646E+003  0.575406744754195E+000  0.118060449574398E+001  0.458819335046019E+000  0.126587035662344E+000 -0.131028262406404E+000 -0.141789108975323E+003
  0.100000000000000E+001  0.283577793418457E+003  0.102342058454602E+001  0.877036840661883E+000  0.881839210342708E+000  0.117933092481735E+000 -0.131028262406404E+000 -0.141788896709229E+003
  0.100000000000000E+001  0.283577764710547E+003  0.366355418482282E+000  0.147400774303234E+001  0.424576987621207E+000  0.247924953479312E+000 -0.131028262406404E+000 -0.141788882355274E+003
  0.100000000000000E+001  0.283577724101421E+003  0.541796293111055E+000  0.153148100248355E+001  0.763409261161946E+000  0.131683717510615E+000 -0.131028262406404E+000 -0.141788862050711E+003
  0.100000000000000E+001  0.283577650423830E+003  0.108868797866102E+001  0.151685526185363E+001  0.164837202838807E+000  0.114383022247330E+000 -0.131028262406404E+000 -0.141788825211915E+003
  0.100000000000000E+001  0.283577220949358E+003  0.982967084598700E+000  0.199706679493348E+001  0.288377877854980E+000  0.131372546432427E+000 -0.131028262406404E+000 -0.141788610474679E+003
  0.100000000000000E+001  0.283577129400290E+003  0.635980872985416E+000  0.800374431685726E+000  0.345380585865799E+000  0.166242523326404E+000 -0.131028262406404E+000 -0.141788564700145E+003
  0.100000000000000E+001  0.283577017452274E+003  0.312210148931442E+000  0.182670732965378E+001  0.903709918797355E+000  0.248196212739444E+000 -0.131028262406404E+000 -0.141788508726137E+003
  0.100000000000000E+001  0.283576887664897E+003  0.116944518873991E+001  0.583840481423044E+000  0.376735831454848E+000  0.103524874138476E+000 -0.131028262406404E+000 -0.141788443832448E+003
  0.100000000000000E+001  0.283576804731380E+003  0.300862211334266E+000  0.170205405114474E+001  0.960920599482915E+000  0.313184073285131E+000 -0.131028262406404E+000 -0.141788402365690E+003
  0.100000000000000E+001  0.283576740093650E+003  0.458182359720885E+000  0.118787687739299E+001  0.590737087131539E+000  0.200801490162602E+000 -0.131028262406404E+000 -0.141788370046825E+003
  0.100000000000000E+001  0.283576681842030E+003  0.661268641443911E+000  0.114340763240096E+001  0.495277388783755E+000  0.110040202413342E+000 -0.131028262406404E+000 -0.141788340921015E+003
  0.100000000000000E+001  0.283576640574612E+003  0.714861192820221E+000  0.120472448443538E+001  0.715556835038204E+000  0.100263134775156E+000 -0.131028262406404E+000 -0.141788320287306E+003
  0.100000000000000E+001  0.283576562252581E+003  0.443515665699849E+000  0.177517907196109E+001  0.908759287889016E+000  0.163895713519578E+000 -0.131028262406404E+000 -0.141788281126290E+003
  0.100000000000000E+001  0.283576250562050E+003  0.306852940372290E+000  0.177265033328296E+001  0.575052375536678E+000  0.355257487312120E+000 -0.131028262406404E+000 -0.141788125281025E+003
  0.100000000000000E+001  0.283575719284582E+003  0.586804317430757E+000  0.101364388261992E+001  0.805595379535928E+000  0.131962680747727E+000 -0.131028262406404E+000 -0.141787859642291E+003
  0.100000000000000E+001  0.283575708215780E+003  0.443892873102164E+000  0.126939774813634E+001  0.928600267485301E+000  0.200057811915152E+000 -0.131028262406404E+000 -0.141787854107890E+003
  0.100000000000000E+001  0.283575707623997E+003  0.553583251822532E+000  0.136002710594595E+001  0.397785427795897E+000  0.198672651201525E+000 -0.131028262406404E+000 -0.141787853811999E+003
  0.100000000000000E+001  0.283575620598817E+003  0.639897047618847E+000  0.192855585345703E+001  0.110873547285043E+000  0.110305953374722E+000 -0.131028262406404E+000 -0.141787810299408E+003
  0.100000000000000E+001  0.283575464578701E+003  0.533267083891388E+000  0.176479719990113E+001  0.840255631796602E+000  0.228837964752219E+000 -0.131028262406404E+000 -0.141787732289351E+003
  0.100000000000000E+001  0.283575372130958E+003  0.398580234747620E+000  0.193316526268408E+001  0.523381983910519E+000  0.334686053825597E+000 -0.131028262406404E+000 -0.141787686065479E+003
  0.100000000000000E+001  0.283575316935695E+003  0.640385101928581E+000  0.527552837471786E+000  0.223624155236328E+000  0.136013417210287E+000 -0.131028262406404E+000 -0.141787658467848E+003
  0.100000000000000E+001  0.283575185428110E+003  0.644169286294876E+000  0.100269112808715E+001  0.387157474428894E+000  0.166925475027445E+000 -0.131028262406404E+000 -0.141787592714055E+003
  0.100000000000000E+001  0.283574960739010E+003  0.432663201376369E+000  0.140429386353060E+001  0.299813148331646E+000  0.224129855668840E+000 -0.131028262406404E+000 -0.141787480369505E+003
  0.100000000000000E+001  0.283574731346803E+003  0.921210539551418E+000  0.980806589883847E+000  0.138683376658427E+000  0.126899315665436E+000 -0.131028262406404E+000 -0.141787365673401E+003
  0.100000000000000E+001  0.283574707397895E+003  0.571896103844381E+000  0.188136353152013E+001  0.436834897340298E+000  0.221157190245222E+000 -0.131028262406404E+000 -0.141787353698947E+003
  0.100000000000000E+001  0.283574498561112E+003  0.708522049704856E+000  0.182510341521066E+001  0.962069384630647E+000  0.175672196732796E+000 -0.131028262406404E+000 -0.141787249280556E+003
  0.100000000000000E+001  0.283574201862095E+003  0.842768806360707E+000  0.139044490097988E+001  0.448339372693265E+000  0.140578073494970E+000 -0.131028262406404E+000 -0.141787100931048E+003
  0.100000000000000E+001  0.283574107406714E+003  0.254500892163272E+000  0.185638779957096E+001  0.286610796740373E+000  0.363861990164853E+000 -0.131028262406404E+000 -0.141787053703357E+003
  0.100000000000000E+001  0.283574066298833E+003  0.435483740873280E+000  0.197880245492888E+001  0.671580900122705E+000  0.310534237111311E+000 -0.131028262406404E+000 -0.141787033149416E+003
  0.100000000000000E+001  0.283573870259421E+003  0.751088515734303E+000  0.136990653157342E+001  0.587731373112455E+000  0.154650827601396E+000 -0.131028262406404E+000 -0.141786935129710E+003
  0.100000000000000E+001  0.283573723995681E+003  0.276920775433118E+000  0.191230402356459E+001  0.121671795672047E+000  0.298737162079658E+000 -0.131028262406404E+000 -0.141786861997840E+003
  0.100000000000000E+001  0.283573611545341E+003  0.446180100434079E+000  0.158337763595076E+001  0.262869384525639E+000  0.175182610954129E+000 -0.131028262406404E+000 -0.141786805772671E+003
  0.100000000000000E+001  0.283573590289769E+003  0.716395164205720E+000  0.183173677249608E+001  0.858290751426484E+000  0.100541109687737E+000 -0.131028262406404E+000 -0.141786795144884E+003
  0.100000000000000E+001  0.283573498585472E+003  0.730358485306067E+000  0.614484989974227E+000  0.453800651015752E+000  0.143178308886130E+000 -0.131028262406404E+000 -0.141786749292736E+003
  0.100000000000000E+001  0.283573301459168E+003  0.507923913241607E+000  0.177451273549998E+001  0.607543828706692E+000  0.235893781772513E+000 -0.131028262406404E+000 -0.141786650729584E+003
  0.100000000000000E+001  0.283573281433799E+003  0.452935389539685E+000  0.138868328488368E+001  0.829879548656491E+000  0.211296894960276E+000 -0.131028262406404E+000 -0.141786640716900E+003
  0.100000000000000E+001  0.283573127595749E+003  0.105388640291423E+001  0.696831986892892E+000  0.358735244723071E+000  0.110433918788908E+000 -0.131028262406404E+000 -0.141786563797874E+003
  0.100000000000000E+001  0.283573045336364E+003  0.546583576735797E+000  0.144439869772254E+001  0.125220149584316E+000  0.140485036598466E+000 -0.131028262406404E+000 -0.141786522668182E+003
  0.100000000000000E+001  0.283572967527142E+003  0.759685728111321E+000  0.612324643920279E+000  0.391329644045201E+000  0.104834605212586E+000 -0.131028262406404E+000 -0.141786483763571E+003
  0.100000000000000E+001  0.283572910762445E+003  0.506015786956983E+000  0.128490597786405E+001  0.574156977238996E+000  0.162555297203238E+000 -0.131028262406404E+000 -0.141786455381223E+003
  0.100000000000000E+001  0.283572897230981E+003  0.104963619013328E+001  0.592471182170795E+000  0.518379769295046E+000  0.110245282924877E+000 -0.131028262406404E+000 -0.141786448615491E+003
  0.100000000000000E+001  0.283572821752313E+003  0.495314427858859E+000  0.158649414828154E+001  0.428436099558026E+000  0.222862512905629E+000 -0.131028262406404E+000 -0.141786410876156E+003
  0.100000000000000E+001  0.283572734597074E+003  0.666728496096932E+000  0.170372530457146E+001  0.549206411946183E+000  0.110164837461058E+000 -0.131028262406404E+000 -0.141786367298537E+003
  0.100000000000000E+001  0.283572713105784E+003  0.953914147228040E+000  0.112388609059874E+001  0.365303686755226E+000  0.122182730518956E+000 -0.131028262406404E+000 -0.141786356552892E+003
  0.100000000000000E+001  0.283572624264960E+003  0.210449809516153E+000  0.194746332509634E+001  0.108646788962465E+000  0.450312439773241E+000 -0.131028262406404E+000 -0.141786312132480E+003
  0.100000000000000E+001  0.283572615878022E+003  0.533340944839820E+000  0.114172074437601E+001  0.957408415103613E+000  0.177052281099851E+000 -0.131028262406404E+000 -0.141786307939011E+003
  0.100000000000000E+001  0.283572589255028E+003  0.811424292898760E+000  0.131377930202556E+001  0.648749292962659E+000  0.142423604399975E+000 -0.131028262406404E+000 -0.141786294627514E+003
  0.100000000000000E+001  0.283572182147716E+003  0.512731255531966E+000  0.177644869168960E+001  0.671959856663875E+000  0.147171236956414E+000 -0.131028262406404E+000 -0.141786091073858E+003
  0.100000000000000E+001  0.283572170797336E+003  0.545221551020356E+000  0.111194159835445E+001  0.452560061678473E+000  0.159556808190747E+000 -0.131028262406404E+000 -0.141786085398668E+003
  0.100000000000000E+001  0.283572164433488E+003  0.104105409439660E+001  0.147822460890008E+001  0.564403893191247E-001  0.114920161691338E+000 -0.131028262406404E+000 -0.141786082216744E+003
  0.100000000000000E+001  0.283572043236628E+003  0.546666803779729E+000  0.159115614093220E+001  0.666151424663038E-001  0.139845615917614E+000 -0.131028262406404E+000 -0.141786021618314E+003
  0.100000000000000E+001  0.283571684648633E+003  0.101762346202032E+001  0.147477522306079E+001  0.752806135392263E-002  0.116956769845577E+000 -0.131028262406404E+000 -0.141785842324316E+003
  0.100000000000000E+001  0.283571654646575E+003  0.115119864863744E+001  0.651809624279947E+000  0.737652575878986E+000  0.100929477188663E+000 -0.131028262406404E+000 -0.141785827323287E+003
  0.100000000000000E+001  0.283571468727298E+003  0.385096425146443E+000  0.167485763918354E+001  0.376105108303879E+000  0.264507868494878E+000 -0.131028262406404E+000 -0.141785734363649E+003
  0.100000000000000E+001  0.283571364809403E+003  0.490770292880284E+000  0.156878462190506E+001  0.522536080658850E+000  0.161769172886163E+000 -0.131028262406404E+000 -0.141785682404702E+003
  0.100000000000000E+001  0.283571352835237E+003  0.598877566263919E+000  0.166240754299412E+001  0.950102754307532E+000  0.193381785617294E+000 -0.131028262406404E+000 -0.141785676417619E+003
  0.100000000000000E+001  0.283571213131275E+003  0.576948200206610E+000  0.128876635489243E+001  0.503826595823212E+000  0.139328882963689E+000 -0.131028262406404E+000 -0.141785606565637E+003
  0.100000000000000E+001  0.283571105784665E+003  0.103446096306504E+001  0.149593132130340E+001  0.654179914896278E+000  0.114844391702465E+000 -0.131028262406404E+000 -0.141785552892332E+003
  0.100000000000000E+001  0.283570911218673E+003  0.711106221112119E+000  0.128754343566722E+001  0.761145798695756E-001  0.108309343838637E+000 -0.131028262406404E+000 -0.141785455609336E+003
  0.100000000000000E+001  0.283570831185444E+003  0.414827259846985E+000  0.160455074844463E+001  0.385163214620291E+000  0.238234222010237E+000 -0.131028262406404E+000 -0.141785415592722E+003
  0.100000000000000E+001  0.283570822577177E+003  0.660838473581665E+000  0.166808855084878E+001  0.840378374671505E+000  0.176701478408254E+000 -0.131028262406404E+000 -0.141785411288588E+003
  0.100000000000000E+001  0.283570786595153E+003  0.106299480214010E+001  0.104966743520479E+001  0.640182212436866E+000  0.108924966590400E+000 -0.131028262406404E+000 -0.141785393297577E+003
  0.100000000000000E+001  0.283570707130799E+003  0.457474603119907E+000  0.177196198739405E+001  0.910678057412107E-001  0.171581023668747E+000 -0.131028262406404E+000 -0.141785353565400E+003
  0.100000000000000E+001  0.283570164365517E+003  0.533549509509604E+000  0.180778334155690E+001  0.423356950748710E+000  0.221968581041569E+000 -0.131028262406404E+000 -0.141785082182758E+003
  0.100000000000000E+001  0.283569859775655E+003  0.703188117134186E+000  0.716705930887696E+000  0.984027795045628E+000  0.129538671605980E+000 -0.131028262406404E+000 -0.141784929887827E+003
  0.100000000000000E+001  0.283569292151174E+003  0.587063474486170E+000  0.171866039544740E+001  0.342357765563952E+000  0.132379887795651E+000 -0.131028262406404E+000 -0.141784646075587E+003
  0.100000000000000E+001  0.283569100846841E+003  0.393221951649468E+000  0.168851995399210E+001  0.883007154414765E+000  0.229259182666550E+000 -0.131028262406404E+000 -0.141784550423421E+003
  0.100000000000000E+001  0.283569015293648E+003  0.707560369534187E+000  0.864566142132190E+000  0.774568438923186E+000  0.138853161100429E+000 -0.131028262406404E+000 -0.141784507646824E+003
  0.100000000000000E+001  0.283568993147467E+003  0.631463060294045E+000  0.114453499699444E+001  0.843755378959213E+000  0.157399152495022E+000 -0.131028262406404E+000 -0.141784496573733E+003
  0.100000000000000E+001  0.283568726042121E+003  0.691077759292394E+000  0.125746251503770E+001  0.956360557992957E+000  0.116629073972212E+000 -0.131028262406404E+000 -0.141784363021061E+003
  0.100000000000000E+001  0.283568483086025E+003  0.822021762420605E+000  0.718605444597020E+000  0.315660605883379E-001  0.125627099617619E+000 -0.131028262406404E+000 -0.141784241543013E+003
  0.100000000000000E+001  0.283568413726655E+003  0.116029039533753E+001  0.169421769357099E+001  0.506300067813257E+000  0.102158573133436E+000 -0.131028262406404E+000 -0.141784206863327E+003
  0.100000000000000E+001  0.283568254821637E+003  0.653866121549714E+000  0.131139866788548E+001  0.889231938724549E+000  0.160186744273771E+000 -0.131028262406404E+000 -0.141784127410818E+003
  0.100000000000000E+001  0.283568178144750E+003  0.717254893631689E+000  0.893552992709205E+000  0.157449717660906E+000  0.121718645573839E+000 -0.131028262406404E+000 -0.141784089072375E+003
  0.100000000000000E+001  0.283568099467117E+003  0.901383266443152E+000  0.929483952793529E+000  0.688022405175286E+000  0.120557116744323E+000 -0.131028262406404E+000 -0.141784049733559E+003
  0.100000000000000E+001  0.283568072944524E+003  0.543116184767645E+000  0.137427710298211E+001  0.187555145330685E-001  0.163883576246434E+000 -0.131028262406404E+000 -0.141784036472262E+003
  0.100000000000000E+001  0.283567958202787E+003  0.101672840362983E+001  0.129414543850911E+001  0.163216896427252E+000  0.112024030682528E+000 -0.131028262406404E+000 -0.141783979101393E+003
  0.100000000000000E+001  0.283567874285793E+003  0.513977209409583E+000  0.145351819248770E+001  0.655551235394720E+000  0.175596496526077E+000 -0.131028262406404E+000 -0.141783937142897E+003
  0.100000000000000E+001  0.283567835096600E+003  0.663909576951231E+000  0.152401454784210E+001  0.349249954286630E+000  0.120173706331488E+000 -0.131028262406404E+000 -0.141783917548300E+003
  0.100000000000000E+001  0.283567725664946E+003  0.745126468835167E+000  0.924162178996872E+000  0.594088876581295E+000  0.134501048317680E+000 -0.131028262406404E+000 -0.141783862832473E+003
  0.100000000000000E+001  0.283567682498738E+003  0.600214399032604E+000  0.163110352786906E+001  0.567852392527663E+000  0.133683335562909E+000 -0.131028262406404E+000 -0.141783841249369E+003
  0.100000000000000E+001  0.283567614562953E+003  0.361945220779110E+000  0.191327713818796E+001  0.874075833305488E+000  0.233331888707087E+000 -0.131028262406404E+000 -0.141783807281477E+003
  0.100000000000000E+001  0.283567605446676E+003  0.223514058446523E+000  0.196950747045125E+001  0.234554573041797E+000  0.442081728643771E+000 -0.131028262406404E+000 -0.141783802723338E+003
  0.100000000000000E+001  0.283567551124709E+003  0.310597301517525E+000  0.196608915437987E+001  0.121380702748488E+000  0.429284932687299E+000 -0.131028262406404E+000 -0.141783775562355E+003
  0.100000000000000E+001  0.283567495701517E+003  0.664438198759943E+000  0.198562276513340E+001  0.447920714124951E+000  0.116506421893147E+000 -0.131028262406404E+000 -0.141783747850759E+003
  0.100000000000000E+001  0.283567408869272E+003  0.683573597132271E+000  0.192398306063278E+001  0.829803081201796E-001  0.176109979284781E+000 -0.131028262406404E+000 -0.141783704434636E+003
  0.100000000000000E+001  0.283567396470846E+003  0.959766257953624E+000  0.547640631648937E+000  0.222449098669077E+000  0.110171093814648E+000 -0.131028262406404E+000 -0.141783698235423E+003
  0.100000000000000E+001  0.283567372092864E+003  0.699112676675623E+000  0.986653016772220E+000  0.601704898363093E+000  0.136675764427975E+000 -0.131028262406404E+000 -0.141783686046432E+003
  0.100000000000000E+001  0.283567021703392E+003  0.321939057452352E+000  0.186239449179165E+001  0.952373379382525E+000  0.297577368711426E+000 -0.131028262406404E+000 -0.141783510851696E+003
  0.100000000000000E+001  0.283567011277406E+003  0.700239773898944E+000  0.103559623742762E+001  0.327630213967573E+000  0.126439994246601E+000 -0.131028262406404E+000 -0.141783505638703E+003
  0.100000000000000E+001  0.283566874516436E+003  0.820047354311855E+000  0.686812761245383E+000  0.722971097066142E+000  0.118983643943501E+000 -0.131028262406404E+000 -0.141783437258218E+003
  0.100000000000000E+001  0.283566842126048E+003  0.709169030489435E+000  0.119629899056128E+001  0.788590667986593E+000  0.118719903882942E+000 -0.131028262406404E+000 -0.141783421063024E+003
  0.100000000000000E+001  0.283566543641789E+003  0.670641460926646E+000  0.173436233159978E+001  0.905331475171823E+000  0.169657546149334E+000 -0.131028262406404E+000 -0.141783271820895E+003
  0.100000000000000E+001  0.283566203405105E+003  0.517789627078902E+000  0.154250318699694E+001  0.752864701339587E+000  0.175165271675660E+000 -0.131028262406404E+000 -0.141783101702552E+003
  0.100000000000000E+001  0.283566124380230E+003  0.743129307726433E+000  0.101282499332902E+001  0.432699928953909E+000  0.119219572493520E+000 -0.131028262406404E+000 -0.141783062190115E+003
  0.100000000000000E+001  0.283566103032774E+003  0.596210847238310E+000  0.140598612998816E+001  0.666848661479282E+000  0.147529511191958E+000 -0.131028262406404E+000 -0.141783051516387E+003
  0.100000000000000E+001  0.283566017629239E+003  0.110284959415236E+001  0.179306666793081E+001  0.194014602713722E+000  0.105969533125538E+000 -0.131028262406404E+000 -0.141783008814619E+003
  0.100000000000000E+001  0.283565851859999E+003  0.344792610868553E+000  0.195805343488870E+001  0.296962709176458E+000  0.252114789444584E+000 -0.131028262406404E+000 -0.141782925929999E+003
  0.100000000000000E+001  0.283565675215174E+003  0.694225635675068E+000  0.192702822292425E+001  0.995394467580613E+000  0.170629073184449E+000 -0.131028262406404E+000 -0.141782837607587E+003
  0.100000000000000E+001  0.283565614027263E+003  0.486196996216918E+000  0.179225345194925E+001  0.516982059797189E-001  0.173821809510246E+000 -0.131028262406404E+000 -0.141782807013632E+003
  0.100000000000000E+001  0.283565350310383E+003  0.393182427045208E+000  0.182075013081580E+001  0.892579811974520E+000  0.263625318892005E+000 -0.131028262406404E+000 -0.141782675155191E+003
  0.100000000000000E+001  0.283564884040400E+003  0.700569447597905E+000  0.150444948091781E+001  0.117032596349873E+000  0.151445119643321E+000 -0.131028262406404E+000 -0.141782442020200E+003
  0.100000000000000E+001  0.283564881009385E+003  0.903932809830819E+000  0.794282541222416E+000  0.212389470200632E+000  0.111340249567495E+000 -0.131028262406404E+000 -0.141782440504692E+003
  0.100000000000000E+001  0.283564587392882E+003  0.974977849230341E+000  0.138466161668867E+001  0.929887160112858E+000  0.112869173244319E+000 -0.131028262406404E+000 -0.141782293696441E+003
  0.100000000000000E+001  0.283564584288436E+003  0.564172223476146E+000  0.194972892997907E+001  0.107465385026411E+000  0.145126530846083E+000 -0.131028262406404E+000 -0.141782292144218E+003
  0.100000000000000E+001  0.283564510757792E+003  0.630712573518611E+000  0.157954462270678E+001  0.308954307931302E-001  0.135350618321823E+000 -0.131028262406404E+000 -0.141782255378896E+003
  0.100000000000000E+001  0.283564430316823E+003  0.377991671520509E+000  0.191778486823764E+001  0.503919666638985E+000  0.304004189721388E+000 -0.131028262406404E+000 -0.141782215158412E+003
  0.100000000000000E+001  0.283564198594725E+003  0.537047126406599E+000  0.168204135968775E+001  0.759032961663528E+000  0.164052046873234E+000 -0.131028262406404E+000 -0.141782099297363E+003
  0.100000000000000E+001  0.283564191192365E+003  0.320794108556390E+000  0.193594547334027E+001  0.658071437940446E+000  0.295523102514120E+000 -0.131028262406404E+000 -0.141782095596182E+003
  0.100000000000000E+001  0.283564071577693E+003  0.891858465674081E+000  0.194634626390220E+001  0.695839212758887E+000  0.130741361783094E+000 -0.131028262406404E+000 -0.141782035788847E+003
  0.100000000000000E+001  0.283563897341016E+003  0.820560437167404E+000  0.192012655827859E+001  0.315656761466412E+000  0.141292685476472E+000 -0.131028262406404E+000 -0.141781948670508E+003
  0.100000000000000E+001  0.283563888226473E+003  0.659297617500472E+000  0.139793216045165E+001  0.148558709288764E+000  0.145356518035021E+000 -0.131028262406404E+000 -0.141781944113236E+003
  0.100000000000000E+001  0.283563783681337E+003  0.688962768036642E+000  0.144691309830393E+001  0.994130942099191E+000  0.147050508223768E+000 -0.131028262406404E+000 -0.141781891840668E+003
  0.100000000000000E+001  0.283563623009077E+003  0.854733834587145E+000  0.960813435058318E+000  0.373006626089917E+000  0.109014943911249E+000 -0.131028262406404E+000 -0.141781811504538E+003
  0.100000000000000E+001  0.283563528881924E+003  0.736879841605998E+000  0.167097468063587E+001  0.958267465172372E+000  0.113383149400070E+000 -0.131028262406404E+000 -0.141781764440962E+003
  0.100000000000000E+001  0.283563381263372E+003  0.737583507939360E+000  0.129113531874702E+001  0.904916675980201E+000  0.123513696402948E+000 -0.131028262406404E+000 -0.141781690631686E+003
  0.100000000000000E+001  0.283562833664879E+003  0.637300691021377E+000  0.181667767587343E+001  0.949898443041137E+000  0.132957100951971E+000 -0.131028262406404E+000 -0.141781416832440E+003
  0.100000000000000E+001  0.283562656126416E+003  0.553311578343219E+000  0.194283055688612E+001  0.193324990006173E+000  0.153410872760323E+000 -0.131028262406404E+000 -0.141781328063208E+003
  0.100000000000000E+001  0.283562239769769E+003  0.576716416314554E+000  0.177559185108624E+001  0.946293434947894E+000  0.183058874854936E+000 -0.131028262406404E+000 -0.141781119884885E+003
  0.100000000000000E+001  0.283562228736524E+003  0.740447088518669E+000  0.163461640216655E+001  0.283144728781253E+000  0.142823370232380E+000 -0.131028262406404E+000 -0.141781114368262E+003
  0.100000000000000E+001  0.283562191659736E+003  0.847563374135479E+000  0.138276192842448E+001  0.522838915820447E+000  0.121353292239776E+000 -0.131028262406404E+000 -0.141781095829868E+003
  0.100000000000000E+001  0.283562009711018E+003  0.952420479605450E+000  0.159914400659081E+001  0.335696821168568E+000  0.113933171303148E+000 -0.131028262406404E+000 -0.141781004855509E+003
  0.100000000000000E+001  0.283561963308087E+003  0.317493994523679E+000  0.199967732602309E+001  0.254898211080977E+000  0.297605967147436E+000 -0.131028262406404E+000 -0.141780981654043E+003
  0.100000000000000E+001  0.283561713505215E+003  0.102650108012718E+001  0.160491355289285E+001  0.934848166024475E+000  0.106065656281499E+000 -0.131028262406404E+000 -0.141780856752608E+003
  0.100000000000000E+001  0.283561642932033E+003  0.869749340987710E+000  0.157869429611879E+001  0.258306086886983E+000  0.122158827529924E+000 -0.131028262406404E+000 -0.141780821466017E+003
  0.100000000000000E+001  0.283563747973674E+003  0.853300198861073E+000  0.120552570971721E+001  0.729728564325368E+000  0.100791761293825E+000 -0.131028262406404E+000 -0.141781873986837E+003
  0.100000000000000E+001  0.283562792154661E+003  0.836445999292339E+000  0.112750253303792E+001  0.747459689627451E+000  0.114785198821266E+000 -0.131028262406404E+000 -0.141781396077330E+003
  0.100000000000000E+001  0.283561288747149E+003  0.908778216012188E+000  0.199632190820760E+001  0.949003344215771E-001  0.125218123178829E+000 -0.131028262406404E+000 -0.141780644373574E+003
  0.100000000000000E+001  0.283561063442656E+003  0.452047704226215E+000  0.193298213842282E+001  0.926492442720474E+000  0.202704642029734E+000 -0.131028262406404E+000 -0.141780531721328E+003
  0.100000000000000E+001  0.283560189958517E+003  0.624136515310857E+000  0.195419119096618E+001  0.740051232701234E+000  0.178142414269066E+000 -0.131028262406404E+000 -0.141780094979258E+003
  0.100000000000000E+001  0.283560137802133E+003  0.644318082805539E+000  0.183637258379146E+001  0.247251753650321E+000  0.139634446447598E+000 -0.131028262406404E+000 -0.141780068901067E+003
  0.100000000000000E+001  0.283560087804832E+003  0.715433230182417E+000  0.165389329619899E+001  0.925125584336617E+000  0.132275223674530E+000 -0.131028262406404E+000 -0.141780043902416E+003
  0.100000000000000E+001  0.283559676578912E+003  0.752695939189295E+000  0.184899646529971E+001  0.619578373816421E+000  0.117854216909615E+000 -0.131028262406404E+000 -0.141779838289456E+003
  0.100000000000000E+001  0.283559660262400E+003  0.669073502528930E+000  0.174559252297261E+001  0.906693877156164E+000  0.146511294257833E+000 -0.131028262406404E+000 -0.141779830131200E+003
  0.100000000000000E+001  0.283559642682666E+003  0.814494704477418E+000  0.167030582784730E+001  0.489834072865632E+000  0.125261451298626E+000 -0.131028262406404E+000 -0.141779821341333E+003
  0.100000000000000E+001  0.283559517050525E+003  0.564279510434762E+000  0.196057607764510E+001  0.749376112204804E+000  0.194678699733395E+000 -0.131028262406404E+000 -0.141779758525262E+003
  0.100000000000000E+001  0.283559252857806E+003  0.854054172991031E+000  0.176443784058235E+001  0.251973072551041E+000  0.104876919379218E+000 -0.131028262406404E+000 -0.141779626428903E+003
  0.100000000000000E+001  0.283558687879980E+003  0.724798392386804E+000  0.180372897202987E+001  0.226399110976159E+000  0.129689245050005E+000 -0.131028262406404E+000 -0.141779343939990E+003
  0.100000000000000E+001  0.283558470453958E+003  0.721720454668865E+000  0.182570144398875E+001  0.336626454815926E+000  0.130668149838881E+000 -0.131028262406404E+000 -0.141779235226979E+003
  0.100000000000000E+001  0.283557766816654E+003  0.927591427938696E+000  0.192013404419400E+001  0.285044798895938E+000  0.113453950196182E+000 -0.131028262406404E+000 -0.141778883408327E+003
